ticker,sector,metric,feature_group,noise_intensity,noise_regime,seed_count,mean_paired_difference,std_paired_difference,paired_difference_ci95_lower,paired_difference_ci95_upper,proportion_seeds_favouring_logistic_regression,proportion_seeds_favouring_random_forest,proportion_ties,robustness_classification
XLB,Materials,accuracy,all_predictors,0.05,moderate,30,-0.00017570281124499001,0.0036500042300860887,-0.0014818400504258424,0.0011304344279358623,0.4666666666666667,0.4666666666666667,0.06666666666666667,No clear difference
XLB,Materials,accuracy,all_predictors,0.1,moderate,30,0.002033132530120456,0.004795810061876223,0.0003169739398858852,0.0037492911203550272,0.3,0.6333333333333333,0.06666666666666667,Random Forest more robust
XLB,Materials,accuracy,all_predictors,0.2,moderate,30,0.010316265060240914,0.006650863333919842,0.007936284181991266,0.012696245938490563,0.03333333333333333,0.9666666666666667,0.0,Random Forest more robust
XLB,Materials,accuracy,all_predictors,0.5,stress,30,0.06473393574297187,0.009136172857383397,0.06146459827364507,0.06800327321229868,0.0,1.0,0.0,Random Forest more robust
XLB,Materials,accuracy,all_predictors,1.0,stress,30,0.0967871485943775,0.011545544980860986,0.0926556283835682,0.1009186688051868,0.0,1.0,0.0,Random Forest more robust
XLB,Materials,accuracy,momentum,0.05,moderate,30,-0.0008785140562248701,0.001047954076195572,-0.0012535196062425811,-0.0005035085062071591,0.7333333333333333,0.1,0.16666666666666666,Logistic Regression more robust
XLB,Materials,accuracy,momentum,0.1,moderate,30,-0.0008032128514056001,0.0017790233064890204,-0.0014398281656626895,-0.00016659753714851077,0.5666666666666667,0.26666666666666666,0.16666666666666666,Logistic Regression more robust
XLB,Materials,accuracy,momentum,0.2,moderate,30,0.0005020080321285135,0.002464621625578106,-0.00037994548976701755,0.0013839615540240445,0.4,0.5,0.1,No clear difference
XLB,Materials,accuracy,momentum,0.5,stress,30,0.004543172690762993,0.004520163505324656,0.002925652953984074,0.006160692427541911,0.2,0.8,0.0,Random Forest more robust
XLB,Materials,accuracy,momentum,1.0,stress,30,0.011320281124497912,0.006616475976631759,0.008952605604017649,0.013687956644978174,0.03333333333333333,0.9666666666666667,0.0,Random Forest more robust
XLB,Materials,accuracy,returns,0.05,moderate,30,-0.0015813253012047766,0.0011922576876838506,-0.0020079692354083275,-0.0011546813670012257,0.8666666666666667,0.03333333333333333,0.1,Logistic Regression more robust
XLB,Materials,accuracy,returns,0.1,moderate,30,-0.0021335341365461497,0.0012979936635828832,-0.002598015203787653,-0.0016690530693046466,0.9,0.03333333333333333,0.06666666666666667,Logistic Regression more robust
XLB,Materials,accuracy,returns,0.2,moderate,30,-0.0018825301204819065,0.0018204878185826578,-0.0025339833198306213,-0.0012310769211331916,0.7666666666666667,0.1,0.13333333333333333,Logistic Regression more robust
XLB,Materials,accuracy,returns,0.5,stress,30,0.00010040160642570668,0.002716703417038285,-0.0008717582260356056,0.001072561438887019,0.4,0.43333333333333335,0.16666666666666666,No clear difference
XLB,Materials,accuracy,returns,1.0,stress,30,0.003463855421686723,0.004276172094797336,0.0019336468898382376,0.004994063953535208,0.16666666666666666,0.8,0.03333333333333333,Random Forest more robust
XLB,Materials,accuracy,volatility,0.05,moderate,30,-0.0006024096385542,0.002949071589576643,-0.0016577213536492462,0.0004529020765408463,0.4666666666666667,0.36666666666666664,0.16666666666666666,No clear difference
XLB,Materials,accuracy,volatility,0.1,moderate,30,0.0024849397590361033,0.003850556089905767,0.0011070359585076545,0.003862843559564552,0.3,0.6,0.1,Random Forest more robust
XLB,Materials,accuracy,volatility,0.2,moderate,30,0.010843373493975841,0.005374308289687486,0.008920201971559929,0.012766545016391753,0.03333333333333333,0.9666666666666667,0.0,Random Forest more robust
XLB,Materials,accuracy,volatility,0.5,stress,30,0.0664156626506024,0.008263990042158898,0.06345843179335792,0.0693728935078469,0.0,1.0,0.0,Random Forest more robust
XLB,Materials,accuracy,volatility,1.0,stress,30,0.13315763052208834,0.012211136113351772,0.1287879315834165,0.13752732946076018,0.0,1.0,0.0,Random Forest more robust
XLB,Materials,accuracy,volume_and_range,0.05,moderate,30,-0.0013052208835340863,0.001452267288151776,-0.001824908058322507,-0.0007855337087456656,0.7333333333333333,0.13333333333333333,0.13333333333333333,Logistic Regression more robust
XLB,Materials,accuracy,volume_and_range,0.1,moderate,30,-0.0014056224899598334,0.0021456932942568894,-0.0021734489742111845,-0.000637796005708482,0.7,0.2,0.1,Logistic Regression more robust
XLB,Materials,accuracy,volume_and_range,0.2,moderate,30,-0.0004267068273092233,0.002716343533158389,-0.001398737876978056,0.0005453242223596095,0.43333333333333335,0.36666666666666664,0.2,No clear difference
XLB,Materials,accuracy,volume_and_range,0.5,stress,30,0.007354417670682669,0.0047323318982528725,0.0056609744495701,0.009047860891795238,0.1,0.9,0.0,Random Forest more robust
XLB,Materials,accuracy,volume_and_range,1.0,stress,30,0.02753514056224894,0.006734225139274834,0.025125329045064135,0.029944952079433748,0.0,1.0,0.0,Random Forest more robust
XLB,Materials,average_precision,all_predictors,0.05,moderate,30,-0.0035102973404607806,0.005748793207393828,-0.00556747656963387,-0.001453118111287692,0.7333333333333333,0.26666666666666666,0.0,Logistic Regression more robust
XLB,Materials,average_precision,all_predictors,0.1,moderate,30,-0.003878210255302341,0.007924276991665381,-0.006713876358668488,-0.0010425441519361944,0.7,0.3,0.0,Logistic Regression more robust
XLB,Materials,average_precision,all_predictors,0.2,moderate,30,-0.0025690595552824665,0.012669887597663857,-0.007102920604302149,0.001964801493737216,0.5333333333333333,0.4666666666666667,0.0,No clear difference
XLB,Materials,average_precision,all_predictors,0.5,stress,30,0.023986026404215224,0.014365849686669218,0.018845273115885287,0.029126779692545162,0.03333333333333333,0.9666666666666667,0.0,Random Forest more robust
XLB,Materials,average_precision,all_predictors,1.0,stress,30,0.0340560583785054,0.015812512163522793,0.028397623571351716,0.03971449318565909,0.0,1.0,0.0,Random Forest more robust
XLB,Materials,average_precision,momentum,0.05,moderate,30,-0.00017968343998911308,0.0019374994171106352,-0.0008730087021134555,0.0005136418221352293,0.4666666666666667,0.5333333333333333,0.0,No clear difference
XLB,Materials,average_precision,momentum,0.1,moderate,30,0.0005042514757671398,0.0037897450482801244,-0.0008518913729887258,0.0018603943245230053,0.5,0.5,0.0,No clear difference
XLB,Materials,average_precision,momentum,0.2,moderate,30,0.0005926043545207845,0.005399995715161319,-0.0013397592950476118,0.002524968004089181,0.36666666666666664,0.6333333333333333,0.0,No clear difference
XLB,Materials,average_precision,momentum,0.5,stress,30,0.0023102703619083836,0.007362933950515897,-0.0003245217139821628,0.00494506243779893,0.4,0.6,0.0,No clear difference
XLB,Materials,average_precision,momentum,1.0,stress,30,0.00604459464379202,0.010415314010942561,0.002317522391294025,0.009771666896290014,0.26666666666666666,0.7333333333333333,0.0,Random Forest more robust
XLB,Materials,average_precision,returns,0.05,moderate,30,-0.0014473581872570382,0.001466517213214353,-0.0019721446322398194,-0.0009225717422742568,0.8333333333333334,0.16666666666666666,0.0,Logistic Regression more robust
XLB,Materials,average_precision,returns,0.1,moderate,30,0.0009302472053588505,0.0028080636481614568,-7.460546593989251e-05,0.0019350998766575935,0.36666666666666664,0.6333333333333333,0.0,No clear difference
XLB,Materials,average_precision,returns,0.2,moderate,30,0.003167911159999657,0.0045591258660136625,0.001536448921509964,0.00479937339848935,0.26666666666666666,0.7333333333333333,0.0,Random Forest more robust
XLB,Materials,average_precision,returns,0.5,stress,30,0.002519000529760778,0.006805559982102984,8.366216690796919e-05,0.004954338892613587,0.4,0.6,0.0,Random Forest more robust
XLB,Materials,average_precision,returns,1.0,stress,30,0.0016977728159908783,0.0087435349463994,-0.0014310609813612024,0.004826606613342959,0.36666666666666664,0.6333333333333333,0.0,No clear difference
XLB,Materials,average_precision,volatility,0.05,moderate,30,-0.00178338970976075,0.005164892442811994,-0.003631622733797929,6.484331427642864e-05,0.6666666666666666,0.3333333333333333,0.0,No clear difference
XLB,Materials,average_precision,volatility,0.1,moderate,30,-0.0024067645018404664,0.00793933353263826,-0.005247818519197459,0.00043428951551652663,0.7,0.3,0.0,No clear difference
XLB,Materials,average_precision,volatility,0.2,moderate,30,-0.0015136448450232107,0.010833578441473585,-0.005390391101742417,0.0023631014116959953,0.5333333333333333,0.4666666666666667,0.0,No clear difference
XLB,Materials,average_precision,volatility,0.5,stress,30,0.031358676575277966,0.020784254573708617,0.02392112659559055,0.03879622655496538,0.1,0.9,0.0,Random Forest more robust
XLB,Materials,average_precision,volatility,1.0,stress,30,0.06988832475185255,0.023485510610754285,0.06148414271364168,0.07829250679006343,0.0,1.0,0.0,Random Forest more robust
XLB,Materials,average_precision,volume_and_range,0.05,moderate,30,-0.0004294413020869116,0.0017292390364960974,-0.001048241544123754,0.00018935893994993075,0.6,0.4,0.0,No clear difference
XLB,Materials,average_precision,volume_and_range,0.1,moderate,30,0.00014328984327804275,0.0022171104234417565,-0.0006500929324358925,0.0009366726189919781,0.43333333333333335,0.5666666666666667,0.0,No clear difference
XLB,Materials,average_precision,volume_and_range,0.2,moderate,30,0.00036889121047991674,0.003946848481179332,-0.0010434703797287403,0.001781252800688574,0.43333333333333335,0.5666666666666667,0.0,No clear difference
XLB,Materials,average_precision,volume_and_range,0.5,stress,30,0.0011011670582007666,0.008103761606819304,-0.0017987267898294061,0.004001060906230939,0.4,0.6,0.0,No clear difference
XLB,Materials,average_precision,volume_and_range,1.0,stress,30,0.010039327221516577,0.010253183426643232,0.006370272653496309,0.013708381789536844,0.2,0.8,0.0,Random Forest more robust
XLB,Materials,balanced_accuracy,all_predictors,0.05,moderate,30,-0.002375117636948187,0.00756561080453376,-0.0050824366935941796,0.0003322014196978063,0.6333333333333333,0.36666666666666664,0.0,No clear difference
XLB,Materials,balanced_accuracy,all_predictors,0.1,moderate,30,0.00099631900587625,0.009760194161360734,-0.002496321619224644,0.004488959630977144,0.5666666666666667,0.43333333333333335,0.0,No clear difference
XLB,Materials,balanced_accuracy,all_predictors,0.2,moderate,30,0.013407548845923958,0.011397313782508984,0.009329072488209422,0.017486025203638494,0.1,0.9,0.0,Random Forest more robust
XLB,Materials,balanced_accuracy,all_predictors,0.5,stress,30,0.054861022475676854,0.014050612398816586,0.049833075402049024,0.059888969549304685,0.0,1.0,0.0,Random Forest more robust
XLB,Materials,balanced_accuracy,all_predictors,1.0,stress,30,0.08602889997328164,0.01768333889639972,0.07970099841764477,0.09235680152891851,0.0,1.0,0.0,Random Forest more robust
XLB,Materials,balanced_accuracy,momentum,0.05,moderate,30,-0.0044625459273365435,0.0021082062092024605,-0.005216957830482937,-0.00370813402419015,0.9666666666666667,0.03333333333333333,0.0,Logistic Regression more robust
XLB,Materials,balanced_accuracy,momentum,0.1,moderate,30,-0.004924839988223573,0.0036408852774348077,-0.006227714052106712,-0.003621965924340433,0.9,0.1,0.0,Logistic Regression more robust
XLB,Materials,balanced_accuracy,momentum,0.2,moderate,30,-0.00223956924029936,0.005230336869934615,-0.0041112212518152735,-0.000367917228783447,0.7666666666666667,0.23333333333333334,0.0,Logistic Regression more robust
XLB,Materials,balanced_accuracy,momentum,0.5,stress,30,0.005298470251679165,0.010520936107370591,0.001533601617388553,0.009063338885969777,0.2,0.8,0.0,Random Forest more robust
XLB,Materials,balanced_accuracy,momentum,1.0,stress,30,0.019374060818940213,0.011788799965276424,0.015155492929900176,0.023592628707980248,0.0,1.0,0.0,Random Forest more robust
XLB,Materials,balanced_accuracy,returns,0.05,moderate,30,-0.00216954015653156,0.0018904433597094613,-0.0028460266247733934,-0.0014930536882897265,0.8666666666666667,0.03333333333333333,0.1,Logistic Regression more robust
XLB,Materials,balanced_accuracy,returns,0.1,moderate,30,-0.0031598177712201868,0.0025980312326702648,-0.004089511307894672,-0.0022301242345457014,0.9,0.1,0.0,Logistic Regression more robust
XLB,Materials,balanced_accuracy,returns,0.2,moderate,30,-0.0028475374098258636,0.0027557348701205482,-0.0038336644683933446,-0.0018614103512583826,0.8333333333333334,0.13333333333333333,0.03333333333333333,Logistic Regression more robust
XLB,Materials,balanced_accuracy,returns,0.5,stress,30,-0.0017115005964810632,0.0062919593954034285,-0.003963049349770159,0.0005400481568080327,0.6,0.4,0.0,No clear difference
XLB,Materials,balanced_accuracy,returns,1.0,stress,30,0.0041746864007432775,0.008575410958375633,0.0011060149998474494,0.0072433578016391055,0.3,0.7,0.0,Random Forest more robust
XLB,Materials,balanced_accuracy,volatility,0.05,moderate,30,-0.004809798285606396,0.005723023759516132,-0.006857756036286734,-0.0027618405349260585,0.8666666666666667,0.13333333333333333,0.0,Logistic Regression more robust
XLB,Materials,balanced_accuracy,volatility,0.1,moderate,30,0.000497010787712247,0.0072551280030002,-0.0020992034253104236,0.0030932250007349176,0.43333333333333335,0.5666666666666667,0.0,No clear difference
XLB,Materials,balanced_accuracy,volatility,0.2,moderate,30,0.013372576849048473,0.00977839481880118,0.009873423202328428,0.016871730495768518,0.03333333333333333,0.9666666666666667,0.0,Random Forest more robust
XLB,Materials,balanced_accuracy,volatility,0.5,stress,30,0.04992775857579717,0.013073454370144583,0.04524948301194262,0.05460603413965172,0.0,1.0,0.0,Random Forest more robust
XLB,Materials,balanced_accuracy,volatility,1.0,stress,30,0.09734680818838236,0.01860109226745227,0.09069049280669159,0.10400312357007313,0.0,1.0,0.0,Random Forest more robust
XLB,Materials,balanced_accuracy,volume_and_range,0.05,moderate,30,-0.004033096612906806,0.0032336690272272766,-0.0051902502131226744,-0.002875943012690937,0.9,0.06666666666666667,0.03333333333333333,Logistic Regression more robust
XLB,Materials,balanced_accuracy,volume_and_range,0.1,moderate,30,-0.005522682445759419,0.003747063419551657,-0.006863551869829465,-0.004181813021689373,0.8666666666666667,0.13333333333333333,0.0,Logistic Regression more robust
XLB,Materials,balanced_accuracy,volume_and_range,0.2,moderate,30,-0.0058884844276760545,0.005017664144642364,-0.00768403248183964,-0.004092936373512469,0.9,0.1,0.0,Logistic Regression more robust
XLB,Materials,balanced_accuracy,volume_and_range,0.5,stress,30,0.001265033278705457,0.009013274706877529,-0.0019603256522736324,0.004490392209684547,0.43333333333333335,0.5666666666666667,0.0,No clear difference
XLB,Materials,balanced_accuracy,volume_and_range,1.0,stress,30,0.009794116195523136,0.01180701568682914,0.005569029894240604,0.014019202496805667,0.23333333333333334,0.7666666666666667,0.0,Random Forest more robust
XLB,Materials,f1_score,all_predictors,0.05,moderate,30,-0.00196104711564389,0.012924178061735446,-0.006585904838572811,0.0026638106072850313,0.6333333333333333,0.36666666666666664,0.0,No clear difference
XLB,Materials,f1_score,all_predictors,0.1,moderate,30,0.005172823570668973,0.01628567926950819,-0.0006549319107975694,0.011000579052135515,0.43333333333333335,0.5666666666666667,0.0,No clear difference
XLB,Materials,f1_score,all_predictors,0.2,moderate,30,0.02819067490111143,0.019284751658404715,0.02128971514830506,0.0350916346539178,0.1,0.9,0.0,Random Forest more robust
XLB,Materials,f1_score,all_predictors,0.5,stress,30,0.10138208263064802,0.018451039527190734,0.09477946293245296,0.10798470232884308,0.0,1.0,0.0,Random Forest more robust
XLB,Materials,f1_score,all_predictors,1.0,stress,30,0.11318385060752542,0.020712828063840012,0.10577186027613515,0.12059584093891569,0.0,1.0,0.0,Random Forest more robust
XLB,Materials,f1_score,momentum,0.05,moderate,30,-0.007014460812763421,0.003890569634278919,-0.008406683276253024,-0.005622238349273818,0.9666666666666667,0.03333333333333333,0.0,Logistic Regression more robust
XLB,Materials,f1_score,momentum,0.1,moderate,30,-0.007393687605736219,0.006197960445090784,-0.009611599266652861,-0.005175775944819577,0.9,0.1,0.0,Logistic Regression more robust
XLB,Materials,f1_score,momentum,0.2,moderate,30,-0.001448466228571943,0.009244866739312149,-0.0047566993040156005,0.0018597668468717141,0.7,0.3,0.0,No clear difference
XLB,Materials,f1_score,momentum,0.5,stress,30,0.013825097861809231,0.01789094274272352,0.007422906223863527,0.020227289499754934,0.23333333333333334,0.7666666666666667,0.0,Random Forest more robust
XLB,Materials,f1_score,momentum,1.0,stress,30,0.038663591710769676,0.02045020700343272,0.03134557911890193,0.045981604302637424,0.0,1.0,0.0,Random Forest more robust
XLB,Materials,f1_score,returns,0.05,moderate,30,-0.004265409925027406,0.0033441670832960227,-0.005462104746784565,-0.003068715103270246,0.9,0.03333333333333333,0.06666666666666667,Logistic Regression more robust
XLB,Materials,f1_score,returns,0.1,moderate,30,-0.006074131482938861,0.004377077312612633,-0.0076404484832460545,-0.004507814482631667,0.9,0.1,0.0,Logistic Regression more robust
XLB,Materials,f1_score,returns,0.2,moderate,30,-0.005246242883009339,0.0048510271015361085,-0.006982160637121757,-0.0035103251288969217,0.9,0.1,0.0,Logistic Regression more robust
XLB,Materials,f1_score,returns,0.5,stress,30,-0.0009652679113420089,0.010084934479049274,-0.004574115366698116,0.0026435795440140977,0.6,0.4,0.0,No clear difference
XLB,Materials,f1_score,returns,1.0,stress,30,0.011094396058432971,0.014600185767006004,0.005869786680707669,0.016319005436158274,0.23333333333333334,0.7666666666666667,0.0,Random Forest more robust
XLB,Materials,f1_score,volatility,0.05,moderate,30,-0.0055584272377273624,0.009774093030099082,-0.009056041509130364,-0.0020608129663243608,0.7333333333333333,0.26666666666666666,0.0,Logistic Regression more robust
XLB,Materials,f1_score,volatility,0.1,moderate,30,0.005313701711515926,0.012464864019724426,0.000853207407622035,0.009774196015409816,0.3333333333333333,0.6666666666666666,0.0,Random Forest more robust
XLB,Materials,f1_score,volatility,0.2,moderate,30,0.02901246923222226,0.01620591453886104,0.02321325719303798,0.03481168127140654,0.03333333333333333,0.9666666666666667,0.0,Random Forest more robust
XLB,Materials,f1_score,volatility,0.5,stress,30,0.1018555750217952,0.017688416658922984,0.09552585641217556,0.10818529363141483,0.0,1.0,0.0,Random Forest more robust
XLB,Materials,f1_score,volatility,1.0,stress,30,0.1497788248273139,0.02401701438731511,0.14118444660532628,0.1583732030493015,0.0,1.0,0.0,Random Forest more robust
XLB,Materials,f1_score,volume_and_range,0.05,moderate,30,-0.0063430374828117595,0.005279920421691701,-0.008232432740449679,-0.00445364222517384,0.9333333333333333,0.06666666666666667,0.0,Logistic Regression more robust
XLB,Materials,f1_score,volume_and_range,0.1,moderate,30,-0.008121072352523009,0.006347371636709867,-0.01039245012170207,-0.005849694583343949,0.8666666666666667,0.13333333333333333,0.0,Logistic Regression more robust
XLB,Materials,f1_score,volume_and_range,0.2,moderate,30,-0.0072560925088511604,0.008405444296665836,-0.010263942120980682,-0.004248242896721638,0.8333333333333334,0.16666666666666666,0.0,Logistic Regression more robust
XLB,Materials,f1_score,volume_and_range,0.5,stress,30,0.009805820611205265,0.015030647096811275,0.004427172624907525,0.015184468597503005,0.3,0.7,0.0,Random Forest more robust
XLB,Materials,f1_score,volume_and_range,1.0,stress,30,0.035655574312130275,0.018249281435224345,0.02912515281991296,0.04218599580434759,0.0,1.0,0.0,Random Forest more robust
XLB,Materials,precision,all_predictors,0.05,moderate,30,-0.0014054331049179805,0.013416285077198171,-0.006206389061722881,0.0033955228518869193,0.5333333333333333,0.4666666666666667,0.0,No clear difference
XLB,Materials,precision,all_predictors,0.1,moderate,30,0.0057892869527403695,0.01792414842315455,-0.0006247871853421322,0.012203361090822871,0.43333333333333335,0.5666666666666667,0.0,No clear difference
XLB,Materials,precision,all_predictors,0.2,moderate,30,0.02590861977746125,0.022601008241675297,0.01782095284706177,0.03399628670786073,0.1,0.9,0.0,Random Forest more robust
XLB,Materials,precision,all_predictors,0.5,stress,30,0.08861757793230389,0.017321048614668294,0.08241932028898423,0.09481583557562355,0.0,1.0,0.0,Random Forest more robust
XLB,Materials,precision,all_predictors,1.0,stress,30,0.05672527632717122,0.016970404949571798,0.050652494907931056,0.06279805774641138,0.0,1.0,0.0,Random Forest more robust
XLB,Materials,precision,momentum,0.05,moderate,30,-0.004564861133269921,0.004627881219443722,-0.006220927159001232,-0.002908795107538611,0.8,0.2,0.0,Logistic Regression more robust
XLB,Materials,precision,momentum,0.1,moderate,30,-0.0044531317544882565,0.006531584280163092,-0.006790429171529349,-0.002115834337447164,0.7666666666666667,0.23333333333333334,0.0,Logistic Regression more robust
XLB,Materials,precision,momentum,0.2,moderate,30,0.002032743777470606,0.009635149779472071,-0.00141515029024581,0.005480637845187023,0.36666666666666664,0.6333333333333333,0.0,No clear difference
XLB,Materials,precision,momentum,0.5,stress,30,0.01822141587966578,0.017308431645628317,0.012027673160732475,0.024415158598599083,0.2,0.8,0.0,Random Forest more robust
XLB,Materials,precision,momentum,1.0,stress,30,0.03763868003322919,0.023620946557525623,0.029186032863897746,0.046091327202560636,0.03333333333333333,0.9666666666666667,0.0,Random Forest more robust
XLB,Materials,precision,returns,0.05,moderate,30,-0.006440624782352568,0.004622018834553382,-0.008094592980593004,-0.004786656584112132,0.9,0.03333333333333333,0.06666666666666667,Logistic Regression more robust
XLB,Materials,precision,returns,0.1,moderate,30,-0.008633371354367836,0.005105886167460527,-0.010460489253949367,-0.006806253454786306,0.9333333333333333,0.06666666666666667,0.0,Logistic Regression more robust
XLB,Materials,precision,returns,0.2,moderate,30,-0.007682860048700577,0.006281448886224321,-0.009930647664583741,-0.005435072432817413,0.9,0.1,0.0,Logistic Regression more robust
XLB,Materials,precision,returns,0.5,stress,30,0.00028741713905059964,0.010169712715546992,-0.003351767818615509,0.003926602096716708,0.4666666666666667,0.5333333333333333,0.0,No clear difference
XLB,Materials,precision,returns,1.0,stress,30,0.013455759541109112,0.01593164296276407,0.007754694324943892,0.019156824757274333,0.2,0.8,0.0,Random Forest more robust
XLB,Materials,precision,volatility,0.05,moderate,30,-0.003166260236548071,0.010900573254912142,-0.0070669802793639595,0.0007344598062678179,0.5666666666666667,0.43333333333333335,0.0,No clear difference
XLB,Materials,precision,volatility,0.1,moderate,30,0.007887442724874084,0.013667335391974851,0.0029966495666941704,0.012778235883053997,0.3333333333333333,0.6666666666666666,0.0,Random Forest more robust
XLB,Materials,precision,volatility,0.2,moderate,30,0.02862122917026665,0.0168331326806671,0.022597570001583182,0.03464488833895012,0.03333333333333333,0.9666666666666667,0.0,Random Forest more robust
XLB,Materials,precision,volatility,0.5,stress,30,0.10677131753586105,0.017545700432504537,0.10049266927197528,0.11304996579974683,0.0,1.0,0.0,Random Forest more robust
XLB,Materials,precision,volatility,1.0,stress,30,0.12201452030911661,0.023728744298930998,0.11352329821343615,0.13050574240479706,0.0,1.0,0.0,Random Forest more robust
XLB,Materials,precision,volume_and_range,0.05,moderate,30,-0.005405599113304331,0.005639386533952171,-0.007423627667193496,-0.0033875705594151656,0.8333333333333334,0.16666666666666666,0.0,Logistic Regression more robust
XLB,Materials,precision,volume_and_range,0.1,moderate,30,-0.00556265186457332,0.007729121825986829,-0.008328482588788343,-0.0027968211403582967,0.8,0.2,0.0,Logistic Regression more robust
XLB,Materials,precision,volume_and_range,0.2,moderate,30,-0.002128917231482773,0.00988095478156015,-0.005664771489534803,0.0014069370265692568,0.5333333333333333,0.4666666666666667,0.0,No clear difference
XLB,Materials,precision,volume_and_range,0.5,stress,30,0.021309739609700184,0.01639170084809204,0.01544404479358749,0.027175434425812876,0.1,0.9,0.0,Random Forest more robust
XLB,Materials,precision,volume_and_range,1.0,stress,30,0.06307055302428476,0.019116329418080256,0.05622986239614974,0.06991124365241977,0.0,1.0,0.0,Random Forest more robust
XLB,Materials,recall,all_predictors,0.05,moderate,30,-0.005325443786982267,0.014101363116741721,-0.010371551771781319,-0.00027933580218321343,0.5666666666666667,0.26666666666666666,0.16666666666666666,Logistic Regression more robust
XLB,Materials,recall,all_predictors,0.1,moderate,30,-0.0003944773175542574,0.018642750437873706,-0.007065699884079247,0.006276745248970733,0.6,0.36666666666666664,0.03333333333333333,No clear difference
XLB,Materials,recall,all_predictors,0.2,moderate,30,0.017554240631163672,0.020643395979093843,0.010167096252206392,0.024941385010120953,0.1,0.8666666666666667,0.03333333333333333,Random Forest more robust
XLB,Materials,recall,all_predictors,0.5,stress,30,0.04161735700197234,0.027861758634290187,0.03164715472073916,0.05158755928320552,0.1,0.9,0.0,Random Forest more robust
XLB,Materials,recall,all_predictors,1.0,stress,30,0.07159763313609459,0.032866466489625996,0.05983651914928214,0.08335874712290704,0.0,1.0,0.0,Random Forest more robust
XLB,Materials,recall,momentum,0.05,moderate,30,-0.009270216962524641,0.004017222212570188,-0.010707761469090506,-0.007832672455958777,0.9666666666666667,0.0,0.03333333333333333,Logistic Regression more robust
XLB,Materials,recall,momentum,0.1,moderate,30,-0.010453648915187371,0.007235896019122822,-0.013042981051165168,-0.007864316779209575,0.9,0.06666666666666667,0.03333333333333333,Logistic Regression more robust
XLB,Materials,recall,momentum,0.2,moderate,30,-0.005917159763313624,0.009827867438312404,-0.009434016959561312,-0.0024003025670659367,0.8,0.2,0.0,Logistic Regression more robust
XLB,Materials,recall,momentum,0.5,stress,30,0.006311637080867836,0.020016867437254334,-0.0008513069387690491,0.013474581100504722,0.16666666666666666,0.6,0.23333333333333334,No clear difference
XLB,Materials,recall,momentum,1.0,stress,30,0.030177514792899367,0.021326132665595136,0.0225460562283738,0.03780897335742493,0.03333333333333333,0.8666666666666667,0.1,Random Forest more robust
XLB,Materials,recall,returns,0.05,moderate,30,-0.0029585798816568,0.0033866950974694573,-0.004170493157837237,-0.001746666605476363,0.4666666666666667,0.0,0.5333333333333333,Logistic Regression more robust
XLB,Materials,recall,returns,0.1,moderate,30,-0.004536489151873767,0.005079052287944207,-0.006354004670992541,-0.0027189736327549933,0.6333333333333333,0.06666666666666667,0.3,Logistic Regression more robust
XLB,Materials,recall,returns,0.2,moderate,30,-0.004142011834319542,0.005634977297565802,-0.006158462563231652,-0.0021255611054074326,0.7,0.1,0.2,Logistic Regression more robust
XLB,Materials,recall,returns,0.5,stress,30,-0.004142011834319547,0.012638461753878989,-0.008664627289566552,0.0003806036209274598,0.5666666666666667,0.36666666666666664,0.06666666666666667,No clear difference
XLB,Materials,recall,returns,1.0,stress,30,0.005128205128205097,0.016277907647164934,-0.0006967693139224469,0.010953179570332641,0.3333333333333333,0.5333333333333333,0.13333333333333333,No clear difference
XLB,Materials,recall,volatility,0.05,moderate,30,-0.010453648915187387,0.010953039581280005,-0.014373143791771199,-0.0065341540386035755,0.8666666666666667,0.1,0.03333333333333333,Logistic Regression more robust
XLB,Materials,recall,volatility,0.1,moderate,30,-0.00216962524654833,0.013589788504132968,-0.0070326686073011666,0.0026934181142045065,0.43333333333333335,0.4,0.16666666666666666,No clear difference
XLB,Materials,recall,volatility,0.2,moderate,30,0.016765285996055184,0.018391727684458573,0.010183890768198643,0.023346681223911724,0.1,0.7333333333333333,0.16666666666666666,Random Forest more robust
XLB,Materials,recall,volatility,0.5,stress,30,0.02781065088757391,0.023929898622859106,0.01924744664153344,0.03637385513361438,0.1,0.8666666666666667,0.03333333333333333,Random Forest more robust
XLB,Materials,recall,volatility,1.0,stress,30,0.04930966469428003,0.03189643928386212,0.03789567048503476,0.0607236589035253,0.06666666666666667,0.9333333333333333,0.0,Random Forest more robust
XLB,Materials,recall,volume_and_range,0.05,moderate,30,-0.007692307692307684,0.006435189739439415,-0.0099951107659573,-0.005389504618658067,0.7333333333333333,0.03333333333333333,0.23333333333333334,Logistic Regression more robust
XLB,Materials,recall,volume_and_range,0.1,moderate,30,-0.01104536489151873,0.007409021486145445,-0.013696649180226906,-0.008394080602810555,0.9,0.03333333333333333,0.06666666666666667,Logistic Regression more robust
XLB,Materials,recall,volume_and_range,0.2,moderate,30,-0.013214990138067057,0.009664763681187457,-0.01667348140441384,-0.009756498871720273,0.9,0.03333333333333333,0.06666666666666667,Logistic Regression more robust
XLB,Materials,recall,volume_and_range,0.5,stress,30,-0.006903353057199219,0.016814224176211083,-0.012920245904462111,-0.0008864602099363274,0.5666666666666667,0.4,0.03333333333333333,Logistic Regression more robust
XLB,Materials,recall,volume_and_range,1.0,stress,30,-0.014003944773175547,0.022968807649809773,-0.022223227031456926,-0.005784662514894167,0.7333333333333333,0.16666666666666666,0.1,Logistic Regression more robust
XLB,Materials,roc_auc,all_predictors,0.05,moderate,30,-0.0001403985276022791,0.004032410917922258,-0.0015833782425746866,0.0013025811873701284,0.5333333333333333,0.4666666666666667,0.0,No clear difference
XLB,Materials,roc_auc,all_predictors,0.1,moderate,30,0.0015605509068043733,0.0056320991530607895,-0.0004548698913238885,0.003575971704932635,0.36666666666666664,0.6333333333333333,0.0,No clear difference
XLB,Materials,roc_auc,all_predictors,0.2,moderate,30,0.008333205698308302,0.00794696643862025,0.005489420280624683,0.01117699111599192,0.2,0.8,0.0,Random Forest more robust
XLB,Materials,roc_auc,all_predictors,0.5,stress,30,0.03856824134251634,0.010977247190924092,0.03464008388407383,0.042496398800958846,0.0,1.0,0.0,Random Forest more robust
XLB,Materials,roc_auc,all_predictors,1.0,stress,30,0.061360453223465165,0.016962087559765165,0.05529064814394256,0.06743025830298778,0.0,1.0,0.0,Random Forest more robust
XLB,Materials,roc_auc,momentum,0.05,moderate,30,-0.0005872912954613875,0.0013153590159721436,-0.0010579864742483384,-0.00011659611667443667,0.6,0.4,0.0,Logistic Regression more robust
XLB,Materials,roc_auc,momentum,0.1,moderate,30,-0.0009330971234467991,0.0018883524411955593,-0.0016088353661077993,-0.00025735888078579885,0.7666666666666667,0.23333333333333334,0.0,Logistic Regression more robust
XLB,Materials,roc_auc,momentum,0.2,moderate,30,-0.0005205807223461067,0.0036015127510404224,-0.001809365508605827,0.0007682040639136134,0.5333333333333333,0.4666666666666667,0.0,No clear difference
XLB,Materials,roc_auc,momentum,0.5,stress,30,-0.00041932360243895987,0.005953862395930545,-0.0025498858982804635,0.0017112386934025436,0.5333333333333333,0.4666666666666667,0.0,No clear difference
XLB,Materials,roc_auc,momentum,1.0,stress,30,0.00708425443276448,0.008655085414383356,0.003987071893951229,0.010181436971577732,0.16666666666666666,0.8333333333333334,0.0,Random Forest more robust
XLB,Materials,roc_auc,returns,0.05,moderate,30,-0.0006134990206138395,0.0013952076495847689,-0.0011127676659736492,-0.00011423037525402989,0.6333333333333333,0.36666666666666664,0.0,Logistic Regression more robust
XLB,Materials,roc_auc,returns,0.1,moderate,30,0.00013291060613027257,0.00205746349184407,-0.0006033432488109385,0.0008691644610714837,0.5,0.5,0.0,No clear difference
XLB,Materials,roc_auc,returns,0.2,moderate,30,-0.0002139163020558921,0.0026564145954510953,-0.0011645020567853817,0.0007366694526735975,0.5666666666666667,0.43333333333333335,0.0,No clear difference
XLB,Materials,roc_auc,returns,0.5,stress,30,-0.0008612811493277834,0.005184483321759493,-0.002716524679361283,0.000993962380705716,0.5333333333333333,0.4666666666666667,0.0,No clear difference
XLB,Materials,roc_auc,returns,1.0,stress,30,-0.0015573174861685769,0.007641482643780864,-0.004291786931800132,0.0011771519594629784,0.43333333333333335,0.5666666666666667,0.0,No clear difference
XLB,Materials,roc_auc,volatility,0.05,moderate,30,0.0020368848204516,0.0033529896207170765,0.0008370328942246099,0.00323673674667859,0.23333333333333334,0.7666666666666667,0.0,Random Forest more robust
XLB,Materials,roc_auc,volatility,0.1,moderate,30,0.004814052786442857,0.005400496302829495,0.002881510003877987,0.006746595569007727,0.2,0.8,0.0,Random Forest more robust
XLB,Materials,roc_auc,volatility,0.2,moderate,30,0.015105860489812222,0.00858026264868837,0.0120354529338352,0.018176268045789243,0.06666666666666667,0.9333333333333333,0.0,Random Forest more robust
XLB,Materials,roc_auc,volatility,0.5,stress,30,0.05381364945976354,0.0146571177553236,0.048568667231664725,0.05905863168786235,0.0,1.0,0.0,Random Forest more robust
XLB,Materials,roc_auc,volatility,1.0,stress,30,0.09337182805690145,0.015537590193118032,0.0878117728133808,0.09893188330042209,0.0,1.0,0.0,Random Forest more robust
XLB,Materials,roc_auc,volume_and_range,0.05,moderate,30,0.0002537384298850287,0.0013609219524547155,-0.0002332612363257396,0.000740738096095797,0.43333333333333335,0.5666666666666667,0.0,No clear difference
XLB,Materials,roc_auc,volume_and_range,0.1,moderate,30,0.0009785351923800676,0.001992847755908308,0.00026540378158484165,0.0016916666031752937,0.3333333333333333,0.6666666666666666,0.0,Random Forest more robust
XLB,Materials,roc_auc,volume_and_range,0.2,moderate,30,0.0010309506426849403,0.0029776864323353726,-3.4600762384273415e-05,0.002096502047754154,0.4,0.6,0.0,No clear difference
XLB,Materials,roc_auc,volume_and_range,0.5,stress,30,0.00035856933049479363,0.004799172586096513,-0.0013587925235786428,0.00207593118456823,0.5,0.5,0.0,No clear difference
XLB,Materials,roc_auc,volume_and_range,1.0,stress,30,0.007052430766507924,0.006525154087981925,0.0047174343641872216,0.009387427168828627,0.1,0.9,0.0,Random Forest more robust
XLE,Energy,accuracy,all_predictors,0.05,moderate,30,0.0006526104417670268,0.004615405885955961,-0.000998991343209368,0.0023042122267434213,0.4666666666666667,0.5333333333333333,0.0,No clear difference
XLE,Energy,accuracy,all_predictors,0.1,moderate,30,0.003187751004016036,0.004564071908087308,0.0015545188471011277,0.004820983160930945,0.26666666666666666,0.7,0.03333333333333333,Random Forest more robust
XLE,Energy,accuracy,all_predictors,0.2,moderate,30,0.00775602409638546,0.007820907030999132,0.0049573484583798596,0.010554699734391059,0.13333333333333333,0.8333333333333334,0.03333333333333333,Random Forest more robust
XLE,Energy,accuracy,all_predictors,0.5,stress,30,0.027284136546184678,0.009924410236842497,0.023732731953170848,0.030835541139198508,0.0,1.0,0.0,Random Forest more robust
XLE,Energy,accuracy,all_predictors,1.0,stress,30,0.03486445783132529,0.009376279960109419,0.031509199138763384,0.03821971652388719,0.0,1.0,0.0,Random Forest more robust
XLE,Energy,accuracy,momentum,0.05,moderate,30,-0.0008785140562248833,0.0025865553449323426,-0.0018041009992128165,4.7072886763049925e-05,0.5333333333333333,0.36666666666666664,0.1,No clear difference
XLE,Energy,accuracy,momentum,0.1,moderate,30,-0.0008032128514056299,0.0032187424353263077,-0.00195502503930882,0.0003485993364975602,0.6,0.3333333333333333,0.06666666666666667,No clear difference
XLE,Energy,accuracy,momentum,0.2,moderate,30,-0.00143072289156628,0.003533876631410681,-0.002695304403256093,-0.00016614137987646695,0.6333333333333333,0.3333333333333333,0.03333333333333333,Logistic Regression more robust
XLE,Energy,accuracy,momentum,0.5,stress,30,0.0004518072289156202,0.005692334180450184,-0.0015851683969380086,0.002488782854769249,0.4666666666666667,0.5,0.03333333333333333,No clear difference
XLE,Energy,accuracy,momentum,1.0,stress,30,0.00439257028112444,0.008826157536867352,0.0012341703694872708,0.007550970192761609,0.36666666666666664,0.6,0.03333333333333333,Random Forest more robust
XLE,Energy,accuracy,returns,0.05,moderate,30,0.00050200803212853,0.00180520821342385,-0.0001439774307355541,0.001147993494992614,0.4,0.5,0.1,No clear difference
XLE,Energy,accuracy,returns,0.1,moderate,30,0.0019076305220883404,0.0020809282714064725,0.0011629799036192963,0.0026522811405573846,0.16666666666666666,0.7333333333333333,0.1,Random Forest more robust
XLE,Energy,accuracy,returns,0.2,moderate,30,0.0024347389558232796,0.0025530775826372266,0.0015211318762167825,0.0033483460354297766,0.16666666666666666,0.7666666666666667,0.06666666666666667,Random Forest more robust
XLE,Energy,accuracy,returns,0.5,stress,30,0.003363453815261004,0.0030103166328735594,0.002286225842889878,0.00444068178763213,0.1,0.8,0.1,Random Forest more robust
XLE,Energy,accuracy,returns,1.0,stress,30,0.005496987951807186,0.0045916917855657055,0.0038538721486710524,0.00714010375494332,0.1,0.9,0.0,Random Forest more robust
XLE,Energy,accuracy,volatility,0.05,moderate,30,-0.0012048192771084568,0.004271597179510003,-0.0027333906965465978,0.0003237521423296839,0.5666666666666667,0.3,0.13333333333333333,No clear difference
XLE,Energy,accuracy,volatility,0.1,moderate,30,-0.00020080321285141653,0.005912490959813051,-0.0023165609304116024,0.0019149545047087695,0.6,0.36666666666666664,0.03333333333333333,No clear difference
XLE,Energy,accuracy,volatility,0.2,moderate,30,0.0060491967871485535,0.006607604587773708,0.0036846958524003413,0.008413697721896766,0.23333333333333334,0.7333333333333333,0.03333333333333333,Random Forest more robust
XLE,Energy,accuracy,volatility,0.5,stress,30,0.021686746987951738,0.009656227305978968,0.018231310424242152,0.025142183551661323,0.0,1.0,0.0,Random Forest more robust
XLE,Energy,accuracy,volatility,1.0,stress,30,0.05122991967871484,0.011439637350668315,0.04713629802664359,0.05532354133078609,0.0,1.0,0.0,Random Forest more robust
XLE,Energy,accuracy,volume_and_range,0.05,moderate,30,-0.0009287148594377501,0.0025067056510508093,-0.0018257279564404686,-3.170176243503175e-05,0.5666666666666667,0.3333333333333333,0.1,Logistic Regression more robust
XLE,Energy,accuracy,volume_and_range,0.1,moderate,30,-0.0008785140562249168,0.0029865149942644082,-0.0019472247216064551,0.00019019660915662153,0.5666666666666667,0.36666666666666664,0.06666666666666667,No clear difference
XLE,Energy,accuracy,volume_and_range,0.2,moderate,30,-0.0008283132530120667,0.004889482342861144,-0.002577992038501461,0.0009213655324773277,0.6333333333333333,0.3,0.06666666666666667,No clear difference
XLE,Energy,accuracy,volume_and_range,0.5,stress,30,0.0035642570281123965,0.006202985424711977,0.0013445472013319283,0.005783966854892865,0.26666666666666666,0.7,0.03333333333333333,Random Forest more robust
XLE,Energy,accuracy,volume_and_range,1.0,stress,30,0.014006024096385445,0.006295804371340206,0.011753099436127974,0.016258948756642917,0.0,1.0,0.0,Random Forest more robust
XLE,Energy,average_precision,all_predictors,0.05,moderate,30,0.0003726500589876426,0.0029191834944749914,-0.000671966338633888,0.0014172664566091734,0.43333333333333335,0.5666666666666667,0.0,No clear difference
XLE,Energy,average_precision,all_predictors,0.1,moderate,30,0.003506328252721284,0.0047415132972307775,0.001809599510180008,0.00520305699526256,0.26666666666666666,0.7333333333333333,0.0,Random Forest more robust
XLE,Energy,average_precision,all_predictors,0.2,moderate,30,0.01169511331443129,0.0058181711239907235,0.009613107516648485,0.013777119112214095,0.0,1.0,0.0,Random Forest more robust
XLE,Energy,average_precision,all_predictors,0.5,stress,30,0.019693486363109046,0.008844001530455104,0.01652870106037327,0.022858271665844823,0.0,1.0,0.0,Random Forest more robust
XLE,Energy,average_precision,all_predictors,1.0,stress,30,0.019843874906909656,0.01270796612563201,0.015296387631656472,0.02439136218216284,0.06666666666666667,0.9333333333333333,0.0,Random Forest more robust
XLE,Energy,average_precision,momentum,0.05,moderate,30,-0.0003969604238691709,0.000995617001148851,-0.0007532373921102209,-4.068345562812081e-05,0.6666666666666666,0.3333333333333333,0.0,Logistic Regression more robust
XLE,Energy,average_precision,momentum,0.1,moderate,30,-0.00034426145155962905,0.002126721445319917,-0.0011052989468590118,0.0004167760437397536,0.6333333333333333,0.36666666666666664,0.0,No clear difference
XLE,Energy,average_precision,momentum,0.2,moderate,30,-4.419491919288664e-05,0.003274901112970609,-0.001216103231799101,0.0011277133934133275,0.5333333333333333,0.4666666666666667,0.0,No clear difference
XLE,Energy,average_precision,momentum,0.5,stress,30,-0.00023587633417588598,0.005282967673981808,-0.0021263620370413697,0.0016546093686895978,0.4666666666666667,0.5333333333333333,0.0,No clear difference
XLE,Energy,average_precision,momentum,1.0,stress,30,0.003530601959126537,0.008643810933257558,0.00043745394156930514,0.0066237499766837685,0.3333333333333333,0.6666666666666666,0.0,Random Forest more robust
XLE,Energy,average_precision,returns,0.05,moderate,30,-0.0002170210487590249,0.0005534123295492388,-0.0004150571075361508,-1.8984989981898968e-05,0.6,0.4,0.0,Logistic Regression more robust
XLE,Energy,average_precision,returns,0.1,moderate,30,0.000556549974666117,0.0012640440916062011,0.00010421760573227286,0.001008882343599961,0.3333333333333333,0.6666666666666666,0.0,Random Forest more robust
XLE,Energy,average_precision,returns,0.2,moderate,30,0.0012132715127271415,0.001683577911924675,0.0006108108942704625,0.0018157321311838203,0.23333333333333334,0.7666666666666667,0.0,Random Forest more robust
XLE,Energy,average_precision,returns,0.5,stress,30,0.0024007702621000764,0.003969434802748443,0.0009803262605193005,0.003821214263680852,0.3,0.7,0.0,Random Forest more robust
XLE,Energy,average_precision,returns,1.0,stress,30,0.003943449942343098,0.004466132800307617,0.002345264845042196,0.005541635039644001,0.1,0.9,0.0,Random Forest more robust
XLE,Energy,average_precision,volatility,0.05,moderate,30,-0.00012232352505515593,0.0022675404742767504,-0.0009337524626958175,0.0006891054125855056,0.5,0.5,0.0,No clear difference
XLE,Energy,average_precision,volatility,0.1,moderate,30,0.001765891074064628,0.0034701243037950115,0.0005241230398214754,0.0030076591083077805,0.23333333333333334,0.7666666666666667,0.0,Random Forest more robust
XLE,Energy,average_precision,volatility,0.2,moderate,30,0.008043720007911035,0.005223764141275495,0.0061744200171390835,0.009913019998682987,0.03333333333333333,0.9666666666666667,0.0,Random Forest more robust
XLE,Energy,average_precision,volatility,0.5,stress,30,0.022040487284598412,0.007087133001701346,0.019504389310725276,0.024576585258471548,0.0,1.0,0.0,Random Forest more robust
XLE,Energy,average_precision,volatility,1.0,stress,30,0.0329205231901987,0.010463864583154897,0.029176077338561455,0.036664969041835936,0.0,1.0,0.0,Random Forest more robust
XLE,Energy,average_precision,volume_and_range,0.05,moderate,30,8.366489409466384e-05,0.0009205027978653108,-0.0002457328017084695,0.00041306258989779723,0.5,0.5,0.0,No clear difference
XLE,Energy,average_precision,volume_and_range,0.1,moderate,30,0.0008807006674184666,0.0013903821416127846,0.00038315880790953916,0.001378242526927394,0.3333333333333333,0.6666666666666666,0.0,Random Forest more robust
XLE,Energy,average_precision,volume_and_range,0.2,moderate,30,0.002234241183894312,0.0022715524853167777,0.00142137656654123,0.0030471058012473944,0.23333333333333334,0.7666666666666667,0.0,Random Forest more robust
XLE,Energy,average_precision,volume_and_range,0.5,stress,30,0.0022174289397191667,0.004552144665556909,0.0005884648917289781,0.003846392987709355,0.26666666666666666,0.7333333333333333,0.0,Random Forest more robust
XLE,Energy,average_precision,volume_and_range,1.0,stress,30,0.00549838194818377,0.007020866017430611,0.0029859973100845433,0.008010766586282997,0.16666666666666666,0.8333333333333334,0.0,Random Forest more robust
XLE,Energy,balanced_accuracy,all_predictors,0.05,moderate,30,-0.002709661747737899,0.005408694246123613,-0.004645138126634763,-0.0007741853688410351,0.6666666666666666,0.3333333333333333,0.0,Logistic Regression more robust
XLE,Energy,balanced_accuracy,all_predictors,0.1,moderate,30,-0.00017783040829135772,0.007046121121104298,-0.002699252469173735,0.0023435916525910198,0.5666666666666667,0.43333333333333335,0.0,No clear difference
XLE,Energy,balanced_accuracy,all_predictors,0.2,moderate,30,0.0035038764397481536,0.011279024379297252,-0.0005322705986571621,0.00754002347815347,0.3333333333333333,0.6666666666666666,0.0,No clear difference
XLE,Energy,balanced_accuracy,all_predictors,0.5,stress,30,0.01920092710673861,0.011016327270204811,0.015258785021528293,0.023143069191948928,0.03333333333333333,0.9666666666666667,0.0,Random Forest more robust
XLE,Energy,balanced_accuracy,all_predictors,1.0,stress,30,0.031039149005080837,0.011327132327345895,0.026985786758559057,0.03509251125160262,0.0,1.0,0.0,Random Forest more robust
XLE,Energy,balanced_accuracy,momentum,0.05,moderate,30,-0.0014972368980384885,0.0031302059488233698,-0.002617366711139337,-0.00037710708493764004,0.6666666666666666,0.3333333333333333,0.0,Logistic Regression more robust
XLE,Energy,balanced_accuracy,momentum,0.1,moderate,30,-0.0015485516487520582,0.003538302058881906,-0.002814716779324232,-0.00028238651817988434,0.6666666666666666,0.3,0.03333333333333333,Logistic Regression more robust
XLE,Energy,balanced_accuracy,momentum,0.2,moderate,30,-0.0022364931883970198,0.0038867642398800663,-0.0036273539089896854,-0.0008456324678043543,0.7333333333333333,0.23333333333333334,0.03333333333333333,Logistic Regression more robust
XLE,Energy,balanced_accuracy,momentum,0.5,stress,30,-0.0019305277221109164,0.006597618083774707,-0.0042914550322986945,0.0004303995880768619,0.6666666666666666,0.3333333333333333,0.0,No clear difference
XLE,Energy,balanced_accuracy,momentum,1.0,stress,30,0.0008942126677597302,0.009543883468806674,-0.002521022170123434,0.004309447505642894,0.5,0.5,0.0,No clear difference
XLE,Energy,balanced_accuracy,returns,0.05,moderate,30,0.00016497641748147173,0.0022637939361860792,-0.0006451118387216452,0.0009750646736845887,0.5,0.4666666666666667,0.03333333333333333,No clear difference
XLE,Energy,balanced_accuracy,returns,0.1,moderate,30,0.0014720349790490102,0.002745802411151455,0.0004894622052763887,0.0024546077528216316,0.36666666666666664,0.6333333333333333,0.0,Random Forest more robust
XLE,Energy,balanced_accuracy,returns,0.2,moderate,30,0.0015522965122163252,0.0030805113948434728,0.0004499496668727758,0.002654643357559875,0.26666666666666666,0.7,0.03333333333333333,Random Forest more robust
XLE,Energy,balanced_accuracy,returns,0.5,stress,30,0.0005475597659966453,0.0038097470379399715,-0.0008157407028345868,0.0019108602348278775,0.4666666666666667,0.5333333333333333,0.0,No clear difference
XLE,Energy,balanced_accuracy,returns,1.0,stress,30,0.0007838910143519259,0.006284882386838325,-0.001465125263946404,0.003032907292650256,0.4,0.6,0.0,No clear difference
XLE,Energy,balanced_accuracy,volatility,0.05,moderate,30,-0.004587761381348538,0.0054397227528502415,-0.006534341168777854,-0.0026411815939192222,0.8,0.2,0.0,Logistic Regression more robust
XLE,Energy,balanced_accuracy,volatility,0.1,moderate,30,-0.003885953725633069,0.006862104767455802,-0.006341526380057935,-0.0014303810712082026,0.7,0.3,0.0,Logistic Regression more robust
XLE,Energy,balanced_accuracy,volatility,0.2,moderate,30,0.0026725167506730365,0.007938959748122603,-0.00016840350961285378,0.005513437010958927,0.4,0.6,0.0,No clear difference
XLE,Energy,balanced_accuracy,volatility,0.5,stress,30,0.014597882633954727,0.010230208903696131,0.01093704939338561,0.018258715874523844,0.06666666666666667,0.9333333333333333,0.0,Random Forest more robust
XLE,Energy,balanced_accuracy,volatility,1.0,stress,30,0.03662021011720403,0.01314060986731069,0.03191790326731936,0.041322516967088704,0.0,1.0,0.0,Random Forest more robust
XLE,Energy,balanced_accuracy,volume_and_range,0.05,moderate,30,-0.0020715167709155382,0.002772918593653741,-0.0030637929459770463,-0.0010792405958540302,0.7666666666666667,0.23333333333333334,0.0,Logistic Regression more robust
XLE,Energy,balanced_accuracy,volume_and_range,0.1,moderate,30,-0.0025451913928867826,0.0036561108559977035,-0.003853513860085499,-0.001236868925688066,0.8333333333333334,0.13333333333333333,0.03333333333333333,Logistic Regression more robust
XLE,Energy,balanced_accuracy,volume_and_range,0.2,moderate,30,-0.0033907208356106166,0.005705770987008173,-0.00543250476093864,-0.0013489369102825935,0.7333333333333333,0.26666666666666666,0.0,Logistic Regression more robust
XLE,Energy,balanced_accuracy,volume_and_range,0.5,stress,30,-0.0027669480374891255,0.007718761648608928,-0.00552907141984239,-4.824655135860986e-06,0.6333333333333333,0.36666666666666664,0.0,Logistic Regression more robust
XLE,Energy,balanced_accuracy,volume_and_range,1.0,stress,30,-0.004034331288840344,0.006997588262506765,-0.006538386089319125,-0.001530276488361564,0.7333333333333333,0.26666666666666666,0.0,Logistic Regression more robust
XLE,Energy,f1_score,all_predictors,0.05,moderate,30,-0.004004648889043494,0.0075088871893995626,-0.006691669660702022,-0.0013176281173849654,0.7333333333333333,0.26666666666666666,0.0,Logistic Regression more robust
XLE,Energy,f1_score,all_predictors,0.1,moderate,30,-0.0006186937459261431,0.009929249757303955,-0.004171830139095817,0.0029344426472435303,0.5666666666666667,0.43333333333333335,0.0,No clear difference
XLE,Energy,f1_score,all_predictors,0.2,moderate,30,0.004654440127616141,0.015943415749137116,-0.0010508379260477348,0.010359718181280016,0.3333333333333333,0.6666666666666666,0.0,No clear difference
XLE,Energy,f1_score,all_predictors,0.5,stress,30,0.02383361706666781,0.01464047813662937,0.018594589249646982,0.02907264488368864,0.06666666666666667,0.9333333333333333,0.0,Random Forest more robust
XLE,Energy,f1_score,all_predictors,1.0,stress,30,0.03551626790620356,0.013421969859016917,0.030713277676350733,0.040319258136056385,0.0,1.0,0.0,Random Forest more robust
XLE,Energy,f1_score,momentum,0.05,moderate,30,-0.0017710128967139962,0.0041238343405015,-0.0032467080632959757,-0.0002953177301320167,0.6333333333333333,0.36666666666666664,0.0,Logistic Regression more robust
XLE,Energy,f1_score,momentum,0.1,moderate,30,-0.0018068035254457358,0.004620462112105507,-0.0034602146577125273,-0.0001533923931789445,0.6333333333333333,0.36666666666666664,0.0,Logistic Regression more robust
XLE,Energy,f1_score,momentum,0.2,moderate,30,-0.002579380325317624,0.005113161673620221,-0.004409101731341897,-0.0007496589192933509,0.6666666666666666,0.3333333333333333,0.0,Logistic Regression more robust
XLE,Energy,f1_score,momentum,0.5,stress,30,-0.002025778403377285,0.008611013481153564,-0.005107190003428429,0.0010556331966738589,0.6666666666666666,0.3333333333333333,0.0,No clear difference
XLE,Energy,f1_score,momentum,1.0,stress,30,0.0021605999503734956,0.0122458215417853,-0.002221511009457258,0.006542710910204249,0.4666666666666667,0.5333333333333333,0.0,No clear difference
XLE,Energy,f1_score,returns,0.05,moderate,30,0.00024110925923372329,0.0032069261586614665,-0.0009064745283697642,0.0013886930468372106,0.5,0.4666666666666667,0.03333333333333333,No clear difference
XLE,Energy,f1_score,returns,0.1,moderate,30,0.0020163150765369732,0.003979042232718482,0.0005924331002948927,0.0034401970527790536,0.36666666666666664,0.6333333333333333,0.0,Random Forest more robust
XLE,Energy,f1_score,returns,0.2,moderate,30,0.0020150436358783745,0.004437960964717063,0.0004269397004724642,0.0036031475712842848,0.26666666666666666,0.7,0.03333333333333333,Random Forest more robust
XLE,Energy,f1_score,returns,0.5,stress,30,0.0004218469759959449,0.00541066338799691,-0.0015143340512705683,0.002358028003262458,0.5,0.5,0.0,No clear difference
XLE,Energy,f1_score,returns,1.0,stress,30,0.0005056908046319063,0.009007168273264969,-0.0027174829671426527,0.0037288645764064652,0.43333333333333335,0.5666666666666667,0.0,No clear difference
XLE,Energy,f1_score,volatility,0.05,moderate,30,-0.0064551716933038145,0.00743390820606212,-0.0091153615803607,-0.0037949818062469306,0.8,0.2,0.0,Logistic Regression more robust
XLE,Energy,f1_score,volatility,0.1,moderate,30,-0.0051909419859310765,0.009589867585833477,-0.008622632028760166,-0.0017592519431019879,0.7,0.3,0.0,Logistic Regression more robust
XLE,Energy,f1_score,volatility,0.2,moderate,30,0.004237607415749938,0.010998291741509481,0.00030191926159622504,0.008173295569903651,0.36666666666666664,0.6333333333333333,0.0,Random Forest more robust
XLE,Energy,f1_score,volatility,0.5,stress,30,0.018752920442604477,0.013053689658664616,0.014081717589919097,0.023424123295289857,0.06666666666666667,0.9333333333333333,0.0,Random Forest more robust
XLE,Energy,f1_score,volatility,1.0,stress,30,0.04042768133282492,0.014959921164247993,0.035074342296455306,0.045781020369194535,0.0,1.0,0.0,Random Forest more robust
XLE,Energy,f1_score,volume_and_range,0.05,moderate,30,-0.00272061699878929,0.003692043698253171,-0.004041797868450288,-0.0013994361291282916,0.6666666666666666,0.3333333333333333,0.0,Logistic Regression more robust
XLE,Energy,f1_score,volume_and_range,0.1,moderate,30,-0.003258016215376489,0.004924011544785907,-0.005020051117086622,-0.0014959813136663565,0.7666666666666667,0.23333333333333334,0.0,Logistic Regression more robust
XLE,Energy,f1_score,volume_and_range,0.2,moderate,30,-0.004435687039178277,0.007616072029364397,-0.007161063413222068,-0.0017103106651344853,0.7333333333333333,0.26666666666666666,0.0,Logistic Regression more robust
XLE,Energy,f1_score,volume_and_range,0.5,stress,30,-0.004505527713490367,0.010371285078434411,-0.008216844414836872,-0.0007942110121438623,0.6333333333333333,0.36666666666666664,0.0,Logistic Regression more robust
XLE,Energy,f1_score,volume_and_range,1.0,stress,30,-0.0089409314616134,0.009648003556736935,-0.012393425194451128,-0.00548843772877567,0.8333333333333334,0.16666666666666666,0.0,Logistic Regression more robust
XLE,Energy,precision,all_predictors,0.05,moderate,30,0.0007400775754598167,0.007178083561319976,-0.0018285666381856025,0.0033087217891052357,0.4666666666666667,0.5333333333333333,0.0,No clear difference
XLE,Energy,precision,all_predictors,0.1,moderate,30,0.004617881630390242,0.007994183710938966,0.0017571997288067767,0.007478563531973707,0.3333333333333333,0.6666666666666666,0.0,Random Forest more robust
XLE,Energy,precision,all_predictors,0.2,moderate,30,0.011469065340980309,0.013383999892867936,0.006679662489012919,0.016258468192947698,0.2,0.8,0.0,Random Forest more robust
XLE,Energy,precision,all_predictors,0.5,stress,30,0.0305315101263851,0.014155869648482275,0.025465897229701807,0.035597123023068396,0.03333333333333333,0.9666666666666667,0.0,Random Forest more robust
XLE,Energy,precision,all_predictors,1.0,stress,30,0.02382077290034307,0.010205015874676093,0.020168954869427578,0.027472590931258565,0.0,1.0,0.0,Random Forest more robust
XLE,Energy,precision,momentum,0.05,moderate,30,-0.0010784527034134567,0.004075443147295462,-0.002536831303901125,0.0003799258970742115,0.5333333333333333,0.4666666666666667,0.0,No clear difference
XLE,Energy,precision,momentum,0.1,moderate,30,-0.0007772131775111733,0.00474923854919282,-0.002476706365963637,0.0009222800109412902,0.5666666666666667,0.43333333333333335,0.0,No clear difference
XLE,Energy,precision,momentum,0.2,moderate,30,-0.0013056541959130734,0.005282493791674384,-0.0031959703221726967,0.0005846619303465498,0.5666666666666667,0.43333333333333335,0.0,No clear difference
XLE,Energy,precision,momentum,0.5,stress,30,0.0009558100357795,0.008210746860670703,-0.001982367993662493,0.0038939880652214933,0.5,0.5,0.0,No clear difference
XLE,Energy,precision,momentum,1.0,stress,30,0.005537498128256587,0.012267860785733217,0.001147500526266219,0.009927495730246955,0.4,0.6,0.0,Random Forest more robust
XLE,Energy,precision,returns,0.05,moderate,30,0.0007517983154645334,0.0030910774497389317,-0.0003543295440642686,0.0018579261749933356,0.4,0.5666666666666667,0.03333333333333333,No clear difference
XLE,Energy,precision,returns,0.1,moderate,30,0.0030173175869256533,0.0037673842027267064,0.0016691764639859253,0.004365458709865381,0.23333333333333334,0.7666666666666667,0.0,Random Forest more robust
XLE,Energy,precision,returns,0.2,moderate,30,0.003663757490987527,0.004310286607041498,0.0021213412377146914,0.005206173744260362,0.2,0.7666666666666667,0.03333333333333333,Random Forest more robust
XLE,Energy,precision,returns,0.5,stress,30,0.0046554241786661305,0.005206188739217515,0.002792413464748239,0.006518434892584022,0.2,0.8,0.0,Random Forest more robust
XLE,Energy,precision,returns,1.0,stress,30,0.007936461661336226,0.008041841838811282,0.005058725517719128,0.010814197804953324,0.13333333333333333,0.8666666666666667,0.0,Random Forest more robust
XLE,Energy,precision,volatility,0.05,moderate,30,-0.0027277578219119265,0.006639493415444136,-0.0051036700270884975,-0.000351845616735355,0.7,0.3,0.0,Logistic Regression more robust
XLE,Energy,precision,volatility,0.1,moderate,30,-0.0010426960014996898,0.009402257194533397,-0.004407250528014994,0.0023218585250156147,0.6333333333333333,0.36666666666666664,0.0,No clear difference
XLE,Energy,precision,volatility,0.2,moderate,30,0.009011501213979796,0.010616153613898258,0.0052125594325753795,0.01281044299538421,0.2,0.8,0.0,Random Forest more robust
XLE,Energy,precision,volatility,0.5,stress,30,0.024113900938715762,0.013170174732649637,0.019401014437642666,0.028826787439788858,0.0,1.0,0.0,Random Forest more robust
XLE,Energy,precision,volatility,1.0,stress,30,0.042537927252851764,0.012503835141603054,0.038063487312095655,0.04701236719360787,0.0,1.0,0.0,Random Forest more robust
XLE,Energy,precision,volume_and_range,0.05,moderate,30,-0.00167510509754881,0.0037720920866758604,-0.0030249309151234227,-0.0003252792799741974,0.6666666666666666,0.3333333333333333,0.0,Logistic Regression more robust
XLE,Energy,precision,volume_and_range,0.1,moderate,30,-0.0013765516786327702,0.004703048710415444,-0.0030595160455563156,0.0003064126882907751,0.6,0.4,0.0,No clear difference
XLE,Energy,precision,volume_and_range,0.2,moderate,30,-0.00105575143866351,0.00759368486176373,-0.0037731166676675254,0.0016616137903405056,0.6333333333333333,0.36666666666666664,0.0,No clear difference
XLE,Energy,precision,volume_and_range,0.5,stress,30,0.00442244647489745,0.009781331648403634,0.0009222418972011418,0.007922651052593759,0.3,0.7,0.0,Random Forest more robust
XLE,Energy,precision,volume_and_range,1.0,stress,30,0.012847292823862861,0.009633204874388157,0.0094000947314924,0.016294490916233324,0.1,0.9,0.0,Random Forest more robust
XLE,Energy,recall,all_predictors,0.05,moderate,30,-0.009393939393939238,0.009494690111103085,-0.0127915706148492,-0.0059963081730292755,0.8333333333333334,0.13333333333333333,0.03333333333333333,Logistic Regression more robust
XLE,Energy,recall,all_predictors,0.1,moderate,30,-0.006868686868686759,0.014432979742093021,-0.012033462338836263,-0.0017039113985372568,0.6666666666666666,0.3,0.03333333333333333,Logistic Regression more robust
XLE,Energy,recall,all_predictors,0.2,moderate,30,-0.0049494949494948695,0.021167041714424923,-0.012524023548288528,0.00262503364929879,0.6,0.3333333333333333,0.06666666666666667,No clear difference
XLE,Energy,recall,all_predictors,0.5,stress,30,0.00313131313131318,0.019386808598507894,-0.0038061672284795747,0.010068793491105935,0.43333333333333335,0.5666666666666667,0.0,No clear difference
XLE,Energy,recall,all_predictors,1.0,stress,30,0.023434343434343474,0.02267578051640144,0.015319919589068922,0.03154876727961803,0.13333333333333333,0.8333333333333334,0.03333333333333333,Random Forest more robust
XLE,Energy,recall,momentum,0.05,moderate,30,-0.002727272727272627,0.004863482551108336,-0.004467647606772168,-0.000986897847773086,0.5333333333333333,0.4,0.06666666666666667,Logistic Regression more robust
XLE,Energy,recall,momentum,0.1,moderate,30,-0.003030303030302944,0.006060606060606012,-0.005199063055979948,-0.00086154300462594,0.5666666666666667,0.36666666666666664,0.06666666666666667,Logistic Regression more robust
XLE,Energy,recall,momentum,0.2,moderate,30,-0.0038383838383837434,0.006654940448719758,-0.006219823693427088,-0.0014569439833403992,0.6333333333333333,0.36666666666666664,0.0,Logistic Regression more robust
XLE,Energy,recall,momentum,0.5,stress,30,-0.006666666666666571,0.011974028024816952,-0.010951517565548869,-0.0023818157677842717,0.6666666666666666,0.3333333333333333,0.0,Logistic Regression more robust
XLE,Energy,recall,momentum,1.0,stress,30,-0.0060606060606059765,0.015594364143095157,-0.011640977601206297,-0.000480234520005657,0.6333333333333333,0.3333333333333333,0.03333333333333333,Logistic Regression more robust
XLE,Energy,recall,returns,0.05,moderate,30,-0.0005050505050504268,0.0039053535578306617,-0.0019025633276396078,0.0008924623175387543,0.4,0.36666666666666664,0.23333333333333334,No clear difference
XLE,Energy,recall,returns,0.1,moderate,30,0.0006060606060606699,0.004734822361474389,-0.0010882738158701395,0.0023003950279914796,0.36666666666666664,0.5,0.13333333333333333,No clear difference
XLE,Energy,recall,returns,0.2,moderate,30,-0.00020202020202013336,0.005451835698288493,-0.0021529345513062975,0.0017488941472660307,0.4,0.4,0.2,No clear difference
XLE,Energy,recall,returns,0.5,stress,30,-0.005050505050504933,0.00672122320809874,-0.007455663886372173,-0.0026453462146376924,0.6333333333333333,0.3,0.06666666666666667,Logistic Regression more robust
XLE,Energy,recall,returns,1.0,stress,30,-0.008585858585858454,0.011698029018829893,-0.012771944508874384,-0.004399772662842524,0.7,0.3,0.0,Logistic Regression more robust
XLE,Energy,recall,volatility,0.05,moderate,30,-0.01131313131313117,0.010585390616110227,-0.015101064697156594,-0.007525197929105744,0.7666666666666667,0.13333333333333333,0.1,Logistic Regression more robust
XLE,Energy,recall,volatility,0.1,moderate,30,-0.011212121212121099,0.01199384493255222,-0.015504063500362646,-0.006920178923879552,0.7666666666666667,0.23333333333333334,0.0,Logistic Regression more robust
XLE,Energy,recall,volatility,0.2,moderate,30,-0.004040404040403956,0.01543790636914524,-0.009564787885639192,0.0014839798048312787,0.5666666666666667,0.43333333333333335,0.0,No clear difference
XLE,Energy,recall,volatility,0.5,stress,30,0.0005050505050505729,0.017436542536631537,-0.0057345361074609014,0.006744637117562048,0.36666666666666664,0.6,0.03333333333333333,No clear difference
XLE,Energy,recall,volatility,1.0,stress,30,0.007575757575757624,0.02085457737034827,0.00011304290647963337,0.015038472245035614,0.3333333333333333,0.6333333333333333,0.03333333333333333,Random Forest more robust
XLE,Energy,recall,volume_and_range,0.05,moderate,30,-0.0043434343434342,0.004335691704904457,-0.005894941694221479,-0.0027919269926469205,0.7666666666666667,0.1,0.13333333333333333,Logistic Regression more robust
XLE,Energy,recall,volume_and_range,0.1,moderate,30,-0.005858585858585728,0.006461815820544314,-0.008170916952991566,-0.00354625476417989,0.8333333333333334,0.16666666666666666,0.0,Logistic Regression more robust
XLE,Energy,recall,volume_and_range,0.2,moderate,30,-0.008484848484848357,0.009791855515602091,-0.011988818980056432,-0.004980877989640283,0.7666666666666667,0.2,0.03333333333333333,Logistic Regression more robust
XLE,Energy,recall,volume_and_range,0.5,stress,30,-0.015353535353535229,0.014344955055987416,-0.020486811594302462,-0.010220259112767995,0.8666666666666667,0.13333333333333333,0.0,Logistic Regression more robust
XLE,Energy,recall,volume_and_range,1.0,stress,30,-0.03989898989898976,0.014911013573416163,-0.045234827578747916,-0.034563152219231605,1.0,0.0,0.0,Logistic Regression more robust
XLE,Energy,roc_auc,all_predictors,0.05,moderate,30,0.00038713791218804766,0.0020564666759770828,-0.0003487592367762917,0.001123035061152387,0.4666666666666667,0.5333333333333333,0.0,No clear difference
XLE,Energy,roc_auc,all_predictors,0.1,moderate,30,0.0024615898463593963,0.002916943225188843,0.0014177751188061665,0.003505404573912626,0.2,0.8,0.0,Random Forest more robust
XLE,Energy,roc_auc,all_predictors,0.2,moderate,30,0.009533612679905264,0.004333324015616817,0.007982952595848228,0.0110842727639623,0.0,1.0,0.0,Random Forest more robust
XLE,Energy,roc_auc,all_predictors,0.5,stress,30,0.020323778870873103,0.006611986090546969,0.01795771003549383,0.02268984770625238,0.0,1.0,0.0,Random Forest more robust
XLE,Energy,roc_auc,all_predictors,1.0,stress,30,0.02703153782312105,0.00975021290021373,0.023542468946450096,0.030520606699792,0.0,1.0,0.0,Random Forest more robust
XLE,Energy,roc_auc,momentum,0.05,moderate,30,-0.00022853788384841924,0.0004989637292277095,-0.00040708976123336456,-4.9986006463473954e-05,0.6333333333333333,0.36666666666666664,0.0,Logistic Regression more robust
XLE,Energy,roc_auc,momentum,0.1,moderate,30,-0.0005276208983623229,0.0008780914203422276,-0.0008418418776314729,-0.00021339991909317296,0.7,0.3,0.0,Logistic Regression more robust
XLE,Energy,roc_auc,momentum,0.2,moderate,30,-0.0015257788303879934,0.0016100896647201109,-0.0021019420173171077,-0.0009496156434588789,0.8,0.2,0.0,Logistic Regression more robust
XLE,Energy,roc_auc,momentum,0.5,stress,30,-0.0024131090463755268,0.002988870813314628,-0.0034826627307773996,-0.001343555361973654,0.7333333333333333,0.26666666666666666,0.0,Logistic Regression more robust
XLE,Energy,roc_auc,momentum,1.0,stress,30,0.0028772696908969764,0.005469985345436658,0.0009198605737903241,0.004834678808003629,0.36666666666666664,0.6333333333333333,0.0,Random Forest more robust
XLE,Energy,roc_auc,returns,0.05,moderate,30,3.633529685637795e-05,0.000648618179058279,-0.00019576973762400966,0.0002684403313367656,0.43333333333333335,0.5666666666666667,0.0,No clear difference
XLE,Energy,roc_auc,returns,0.1,moderate,30,0.00012853990809909925,0.0008358203187418485,-0.00017055455173033208,0.0004276343679285306,0.4666666666666667,0.5333333333333333,0.0,No clear difference
XLE,Energy,roc_auc,returns,0.2,moderate,30,-0.0001802595089167837,0.0013557241660435966,-0.0006653991711481291,0.00030488015331456167,0.4666666666666667,0.5333333333333333,0.0,No clear difference
XLE,Energy,roc_auc,returns,0.5,stress,30,-0.0020619015809395726,0.003063757064348451,-0.0031582529661144153,-0.0009655501957647299,0.7666666666666667,0.23333333333333334,0.0,Logistic Regression more robust
XLE,Energy,roc_auc,returns,1.0,stress,30,-0.004046780429545881,0.004405463040326941,-0.005623255132061554,-0.0024703057270302085,0.8,0.2,0.0,Logistic Regression more robust
XLE,Energy,roc_auc,volatility,0.05,moderate,30,-0.00020616991558870595,0.002126050250629169,-0.0009669672269526563,0.0005546273957752444,0.5333333333333333,0.4666666666666667,0.0,No clear difference
XLE,Energy,roc_auc,volatility,0.1,moderate,30,0.0010618206109188238,0.003076327765620447,-3.90291419342353e-05,0.0021626703637718826,0.4,0.6,0.0,No clear difference
XLE,Energy,roc_auc,volatility,0.2,moderate,30,0.0067971296127608966,0.004855416520552109,0.005059641125226335,0.008534618100295458,0.06666666666666667,0.9333333333333333,0.0,Random Forest more robust
XLE,Energy,roc_auc,volatility,0.5,stress,30,0.02011558470476311,0.006761275919172527,0.017696093190310895,0.022535076219215328,0.0,1.0,0.0,Random Forest more robust
XLE,Energy,roc_auc,volatility,1.0,stress,30,0.03375619926722137,0.008581927529827279,0.03068519594118019,0.036827202593262554,0.0,1.0,0.0,Random Forest more robust
XLE,Energy,roc_auc,volume_and_range,0.05,moderate,30,0.00017104916904517518,0.0007745159188301341,-0.00010610779301635989,0.00044820613110671027,0.36666666666666664,0.6333333333333333,0.0,No clear difference
XLE,Energy,roc_auc,volume_and_range,0.1,moderate,30,0.00029938665209210233,0.0012958609376838048,-0.00016433122898791894,0.0007631045331721235,0.3,0.7,0.0,No clear difference
XLE,Energy,roc_auc,volume_and_range,0.2,moderate,30,0.00041051800570840333,0.002140272256433695,-0.0003553685850717245,0.0011764045964885311,0.4666666666666667,0.5333333333333333,0.0,No clear difference
XLE,Energy,roc_auc,volume_and_range,0.5,stress,30,0.0005504949292524934,0.003419329116937481,-0.0006730962808163469,0.0017740861393213338,0.4666666666666667,0.5333333333333333,0.0,No clear difference
XLE,Energy,roc_auc,volume_and_range,1.0,stress,30,0.007495900892694501,0.0051457790196428954,0.005654507519297615,0.009337294266091386,0.06666666666666667,0.9333333333333333,0.0,Random Forest more robust
XLF,Financials,accuracy,all_predictors,0.05,moderate,30,0.008032128514056084,0.003215095593100613,0.006881621331883334,0.009182635696228833,0.0,1.0,0.0,Random Forest more robust
XLF,Financials,accuracy,all_predictors,0.1,moderate,30,0.011646586345381385,0.004308665578727841,0.01010475016964073,0.013188422521122041,0.03333333333333333,0.9666666666666667,0.0,Random Forest more robust
XLF,Financials,accuracy,all_predictors,0.2,moderate,30,0.02100903614457818,0.005646638196981088,0.018988412616401044,0.023029659672755318,0.0,1.0,0.0,Random Forest more robust
XLF,Financials,accuracy,all_predictors,0.5,stress,30,0.0551957831325301,0.008859471975904804,0.05202546180198866,0.05836610446307155,0.0,1.0,0.0,Random Forest more robust
XLF,Financials,accuracy,all_predictors,1.0,stress,30,0.059738955823293145,0.010697439057079932,0.05591092641961482,0.06356698522697146,0.0,1.0,0.0,Random Forest more robust
XLF,Financials,accuracy,momentum,0.05,moderate,30,0.0023092369477910562,0.002044911307001047,0.0015774748345090506,0.003040999061073062,0.1,0.9,0.0,Random Forest more robust
XLF,Financials,accuracy,momentum,0.1,moderate,30,0.003689759036144494,0.0025041042538670286,0.002793676837168586,0.0045858412351204025,0.1,0.9,0.0,Random Forest more robust
XLF,Financials,accuracy,momentum,0.2,moderate,30,0.006124497991967743,0.0038585876896466897,0.004743720120383336,0.0075052758635521495,0.0,0.9666666666666667,0.03333333333333333,Random Forest more robust
XLF,Financials,accuracy,momentum,0.5,stress,30,0.012248995983935607,0.005458538913195694,0.010295682920001291,0.014202309047869923,0.0,1.0,0.0,Random Forest more robust
XLF,Financials,accuracy,momentum,1.0,stress,30,0.02914156626506015,0.006862118584683555,0.026685988666203836,0.03159714386391647,0.0,1.0,0.0,Random Forest more robust
XLF,Financials,accuracy,returns,0.05,moderate,30,0.002761044176706693,0.0017502142989314646,0.0021347380334046954,0.0033873503200086905,0.03333333333333333,0.9,0.06666666666666667,Random Forest more robust
XLF,Financials,accuracy,returns,0.1,moderate,30,0.0042921686746986605,0.002398822187227558,0.00343376117941823,0.005150576169979091,0.0,1.0,0.0,Random Forest more robust
XLF,Financials,accuracy,returns,0.2,moderate,30,0.005998995983935613,0.0027220959656838236,0.005024906452724371,0.006973085515146854,0.0,1.0,0.0,Random Forest more robust
XLF,Financials,accuracy,returns,0.5,stress,30,0.009588353413654471,0.004180606554587269,0.008092342571173557,0.011084364256135385,0.0,1.0,0.0,Random Forest more robust
XLF,Financials,accuracy,returns,1.0,stress,30,0.01774598393574285,0.0066022760326861375,0.015383389799943949,0.020108578071541754,0.0,0.9666666666666667,0.03333333333333333,Random Forest more robust
XLF,Financials,accuracy,volatility,0.05,moderate,30,0.0067520080321284,0.0028825732972267166,0.005720492425340364,0.007783523638916436,0.0,1.0,0.0,Random Forest more robust
XLF,Financials,accuracy,volatility,0.1,moderate,30,0.011621485943774967,0.004141841652160368,0.010139346943473203,0.013103624944076731,0.0,1.0,0.0,Random Forest more robust
XLF,Financials,accuracy,volatility,0.2,moderate,30,0.021812248995983784,0.0047890101916489595,0.020098523708059444,0.023525974283908124,0.0,1.0,0.0,Random Forest more robust
XLF,Financials,accuracy,volatility,0.5,stress,30,0.05424196787148589,0.008634445057194852,0.05115217138963435,0.057331764353337436,0.0,1.0,0.0,Random Forest more robust
XLF,Financials,accuracy,volatility,1.0,stress,30,0.10735441767068268,0.00958567261145985,0.10392422878015409,0.11078460656121128,0.0,1.0,0.0,Random Forest more robust
XLF,Financials,accuracy,volume_and_range,0.05,moderate,30,0.00333835341365451,0.0021992444995855395,0.002551363876684965,0.004125342950624055,0.03333333333333333,0.9333333333333333,0.03333333333333333,Random Forest more robust
XLF,Financials,accuracy,volume_and_range,0.1,moderate,30,0.005371485943774974,0.0024677929178514553,0.004488397589513933,0.006254574298036014,0.0,1.0,0.0,Random Forest more robust
XLF,Financials,accuracy,volume_and_range,0.2,moderate,30,0.0066265060240962535,0.0037384811734747676,0.005288707717342851,0.007964304330849657,0.03333333333333333,0.9666666666666667,0.0,Random Forest more robust
XLF,Financials,accuracy,volume_and_range,0.5,stress,30,0.017018072289156496,0.005252876737736539,0.015138354489535561,0.01889779008877743,0.0,1.0,0.0,Random Forest more robust
XLF,Financials,accuracy,volume_and_range,1.0,stress,30,0.05251004016064246,0.008445442395329293,0.04948787741272801,0.055532202908556906,0.0,1.0,0.0,Random Forest more robust
XLF,Financials,average_precision,all_predictors,0.05,moderate,30,0.004952330183976363,0.004195267396927871,0.0034510730264416256,0.006453587341511101,0.2,0.8,0.0,Random Forest more robust
XLF,Financials,average_precision,all_predictors,0.1,moderate,30,0.01156227779704633,0.007275873910553862,0.008958639756348861,0.014165915837743797,0.03333333333333333,0.9666666666666667,0.0,Random Forest more robust
XLF,Financials,average_precision,all_predictors,0.2,moderate,30,0.02032423873508521,0.011806313095098463,0.016099403853024555,0.024549073617145863,0.06666666666666667,0.9333333333333333,0.0,Random Forest more robust
XLF,Financials,average_precision,all_predictors,0.5,stress,30,0.044690807867937755,0.01574199167136303,0.03905760849480795,0.05032400724106756,0.0,1.0,0.0,Random Forest more robust
XLF,Financials,average_precision,all_predictors,1.0,stress,30,0.051082591459724526,0.017157179553831947,0.04494297360672174,0.05722220931272731,0.0,1.0,0.0,Random Forest more robust
XLF,Financials,average_precision,momentum,0.05,moderate,30,0.0009825352187431268,0.0016877436982609302,0.0003785838927909868,0.0015864865446952668,0.3333333333333333,0.6666666666666666,0.0,Random Forest more robust
XLF,Financials,average_precision,momentum,0.1,moderate,30,0.0014610301455468253,0.002860585839733799,0.00043738264937347973,0.002484677641720171,0.26666666666666666,0.7333333333333333,0.0,Random Forest more robust
XLF,Financials,average_precision,momentum,0.2,moderate,30,0.0013555368372835102,0.00643596591604004,-0.0009475439875955159,0.003658617662162536,0.36666666666666664,0.6333333333333333,0.0,No clear difference
XLF,Financials,average_precision,momentum,0.5,stress,30,0.005318936246782143,0.011586850107901378,0.0011726351860900253,0.009465237307474261,0.3333333333333333,0.6666666666666666,0.0,Random Forest more robust
XLF,Financials,average_precision,momentum,1.0,stress,30,0.024999532426962113,0.015205990912394607,0.019558138462096548,0.030440926391827678,0.03333333333333333,0.9666666666666667,0.0,Random Forest more robust
XLF,Financials,average_precision,returns,0.05,moderate,30,-0.0011495135571737583,0.001489426508834728,-0.001682497988308591,-0.0006165291260389256,0.7333333333333333,0.26666666666666666,0.0,Logistic Regression more robust
XLF,Financials,average_precision,returns,0.1,moderate,30,-0.0012369020406707767,0.0031915536281358656,-0.002378984838874189,-9.481924246736422e-05,0.7,0.3,0.0,Logistic Regression more robust
XLF,Financials,average_precision,returns,0.2,moderate,30,-0.001448545749756927,0.00454876533516329,-0.0030763005198963613,0.00017920902038250737,0.6333333333333333,0.36666666666666664,0.0,No clear difference
XLF,Financials,average_precision,returns,0.5,stress,30,0.0007211807835827337,0.006937630587992853,-0.001761418438622523,0.0032037800057879906,0.4,0.6,0.0,No clear difference
XLF,Financials,average_precision,returns,1.0,stress,30,0.010343815081656004,0.010101197818466967,0.006729147865031733,0.013958482298280275,0.13333333333333333,0.8666666666666667,0.0,Random Forest more robust
XLF,Financials,average_precision,volatility,0.05,moderate,30,0.004457226782997856,0.0037801129415708963,0.003104530739361005,0.005809922826634706,0.2,0.8,0.0,Random Forest more robust
XLF,Financials,average_precision,volatility,0.1,moderate,30,0.0072913912606232065,0.005978074262907752,0.005152164859455919,0.009430617661790494,0.1,0.9,0.0,Random Forest more robust
XLF,Financials,average_precision,volatility,0.2,moderate,30,0.01571585884109038,0.01023370288899665,0.012053775293939003,0.019377942388241757,0.06666666666666667,0.9333333333333333,0.0,Random Forest more robust
XLF,Financials,average_precision,volatility,0.5,stress,30,0.041156075737166654,0.014205646408039061,0.03607265045583817,0.04623950101849514,0.0,1.0,0.0,Random Forest more robust
XLF,Financials,average_precision,volatility,1.0,stress,30,0.07667548350540608,0.015914516389765338,0.07098054695467879,0.08237042005613338,0.0,1.0,0.0,Random Forest more robust
XLF,Financials,average_precision,volume_and_range,0.05,moderate,30,-0.0005431679160508595,0.0013257053867701035,-0.0010175654960783893,-6.877033602332977e-05,0.6666666666666666,0.3333333333333333,0.0,Logistic Regression more robust
XLF,Financials,average_precision,volume_and_range,0.1,moderate,30,-0.0006202084912637382,0.0029876269595107943,-0.0016893170682983666,0.0004489000857708903,0.6666666666666666,0.3333333333333333,0.0,No clear difference
XLF,Financials,average_precision,volume_and_range,0.2,moderate,30,7.491274296840322e-05,0.004337385340086042,-0.0014772006673850597,0.0016270261533218662,0.5,0.5,0.0,No clear difference
XLF,Financials,average_precision,volume_and_range,0.5,stress,30,0.011376692802550631,0.006869031652317027,0.008918641394212497,0.013834744210888764,0.06666666666666667,0.9333333333333333,0.0,Random Forest more robust
XLF,Financials,average_precision,volume_and_range,1.0,stress,30,0.044298323452164425,0.011883337576855535,0.04004592571329329,0.04855072119103556,0.0,1.0,0.0,Random Forest more robust
XLF,Financials,balanced_accuracy,all_predictors,0.05,moderate,30,0.014078131420191375,0.007372600661198037,0.011439880156309139,0.016716382684073612,0.0,1.0,0.0,Random Forest more robust
XLF,Financials,balanced_accuracy,all_predictors,0.1,moderate,30,0.019734003139285496,0.01081447370221338,0.015864093425709696,0.023603912852861297,0.06666666666666667,0.9333333333333333,0.0,Random Forest more robust
XLF,Financials,balanced_accuracy,all_predictors,0.2,moderate,30,0.03175328928705887,0.011701991052972474,0.027565785568333584,0.03594079300578415,0.0,1.0,0.0,Random Forest more robust
XLF,Financials,balanced_accuracy,all_predictors,0.5,stress,30,0.05583398233679052,0.015599298751212371,0.050251844969353754,0.06141611970422729,0.0,1.0,0.0,Random Forest more robust
XLF,Financials,balanced_accuracy,all_predictors,1.0,stress,30,0.07987900168654934,0.017614921932493414,0.07357558282701816,0.08618242054608051,0.0,1.0,0.0,Random Forest more robust
XLF,Financials,balanced_accuracy,momentum,0.05,moderate,30,0.0049948337605580295,0.004236814929072252,0.003478709009588048,0.006510958511528011,0.06666666666666667,0.9333333333333333,0.0,Random Forest more robust
XLF,Financials,balanced_accuracy,momentum,0.1,moderate,30,0.007236947294042309,0.005677920836090973,0.005205129417227306,0.009268765170857313,0.1,0.9,0.0,Random Forest more robust
XLF,Financials,balanced_accuracy,momentum,0.2,moderate,30,0.009398429669515318,0.009725018441437907,0.005918376514129525,0.012878482824901111,0.13333333333333333,0.8666666666666667,0.0,Random Forest more robust
XLF,Financials,balanced_accuracy,momentum,0.5,stress,30,0.022812772388040338,0.011070471886000443,0.01885125490090339,0.026774289875177285,0.03333333333333333,0.9666666666666667,0.0,Random Forest more robust
XLF,Financials,balanced_accuracy,momentum,1.0,stress,30,0.047683186598379335,0.01542198506081323,0.042164500120160146,0.05320187307659852,0.0,1.0,0.0,Random Forest more robust
XLF,Financials,balanced_accuracy,returns,0.05,moderate,30,0.005509566568843235,0.0031240122127623015,0.0043916531557268955,0.006627479981959575,0.03333333333333333,0.9666666666666667,0.0,Random Forest more robust
XLF,Financials,balanced_accuracy,returns,0.1,moderate,30,0.008692262331495372,0.005057499191608397,0.006882459488847439,0.010502065174143305,0.03333333333333333,0.9666666666666667,0.0,Random Forest more robust
XLF,Financials,balanced_accuracy,returns,0.2,moderate,30,0.011206441552725615,0.007532953560595738,0.00851080874073788,0.013902074364713348,0.06666666666666667,0.9333333333333333,0.0,Random Forest more robust
XLF,Financials,balanced_accuracy,returns,0.5,stress,30,0.02052209104615908,0.011343562052823697,0.016462849497882195,0.024581332594435963,0.03333333333333333,0.9666666666666667,0.0,Random Forest more robust
XLF,Financials,balanced_accuracy,returns,1.0,stress,30,0.03424477487746287,0.014569694544196016,0.02903107664368968,0.03945847311123606,0.03333333333333333,0.9666666666666667,0.0,Random Forest more robust
XLF,Financials,balanced_accuracy,volatility,0.05,moderate,30,0.012064329566534353,0.006597877710533263,0.009703309350104208,0.014425349782964498,0.06666666666666667,0.9333333333333333,0.0,Random Forest more robust
XLF,Financials,balanced_accuracy,volatility,0.1,moderate,30,0.01920697794763605,0.010357030971788141,0.015500762012844413,0.02291319388242769,0.06666666666666667,0.9333333333333333,0.0,Random Forest more robust
XLF,Financials,balanced_accuracy,volatility,0.2,moderate,30,0.030418319261562875,0.013072189974380604,0.0257404961559216,0.03509614236720415,0.0,1.0,0.0,Random Forest more robust
XLF,Financials,balanced_accuracy,volatility,0.5,stress,30,0.046402199906818466,0.01666876462941806,0.04043735908987781,0.05236704072375912,0.03333333333333333,0.9666666666666667,0.0,Random Forest more robust
XLF,Financials,balanced_accuracy,volatility,1.0,stress,30,0.08335757425717032,0.01593963145775636,0.07765365039478533,0.0890614981195553,0.0,1.0,0.0,Random Forest more robust
XLF,Financials,balanced_accuracy,volume_and_range,0.05,moderate,30,0.004899847161834711,0.0034715387477334,0.003657572975328656,0.006142121348340766,0.1,0.8666666666666667,0.03333333333333333,Random Forest more robust
XLF,Financials,balanced_accuracy,volume_and_range,0.1,moderate,30,0.006917087444404805,0.005616444491483985,0.004907268594976684,0.008926906293832927,0.1,0.9,0.0,Random Forest more robust
XLF,Financials,balanced_accuracy,volume_and_range,0.2,moderate,30,0.006609519978131506,0.009027204489236789,0.0033791763385531376,0.009839863617709874,0.23333333333333334,0.7666666666666667,0.0,Random Forest more robust
XLF,Financials,balanced_accuracy,volume_and_range,0.5,stress,30,0.011014663180099703,0.009204764410802587,0.007720780538612384,0.014308545821587023,0.06666666666666667,0.9333333333333333,0.0,Random Forest more robust
XLF,Financials,balanced_accuracy,volume_and_range,1.0,stress,30,0.026186558837535845,0.012887125320089862,0.021574960267919167,0.030798157407152523,0.03333333333333333,0.9666666666666667,0.0,Random Forest more robust
XLF,Financials,f1_score,all_predictors,0.05,moderate,30,0.027601957518470405,0.012601137055212706,0.02309269853510565,0.03211121650183516,0.0,1.0,0.0,Random Forest more robust
XLF,Financials,f1_score,all_predictors,0.1,moderate,30,0.039296222933849635,0.017340468458537688,0.03309101598865032,0.04550142987904895,0.03333333333333333,0.9666666666666667,0.0,Random Forest more robust
XLF,Financials,f1_score,all_predictors,0.2,moderate,30,0.0627219955484059,0.018584738045017264,0.05607153245005337,0.06937245864675845,0.0,1.0,0.0,Random Forest more robust
XLF,Financials,f1_score,all_predictors,0.5,stress,30,0.10061531363017409,0.021863786144913286,0.09279145823900264,0.10843916902134554,0.0,1.0,0.0,Random Forest more robust
XLF,Financials,f1_score,all_predictors,1.0,stress,30,0.10333689135231712,0.017238861943546648,0.09716804383154785,0.10950573887308639,0.0,1.0,0.0,Random Forest more robust
XLF,Financials,f1_score,momentum,0.05,moderate,30,0.009057522716466366,0.0070430993721286445,0.006537181974567683,0.011577863458365048,0.06666666666666667,0.9333333333333333,0.0,Random Forest more robust
XLF,Financials,f1_score,momentum,0.1,moderate,30,0.013346519608383928,0.009440651379867793,0.009968225899097297,0.016724813317670558,0.06666666666666667,0.9333333333333333,0.0,Random Forest more robust
XLF,Financials,f1_score,momentum,0.2,moderate,30,0.018942936740611364,0.01544465208716758,0.013416138971183558,0.02446973451003917,0.06666666666666667,0.9333333333333333,0.0,Random Forest more robust
XLF,Financials,f1_score,momentum,0.5,stress,30,0.042908360014816814,0.017084795538363222,0.03679464444908971,0.04902207558054392,0.0,1.0,0.0,Random Forest more robust
XLF,Financials,f1_score,momentum,1.0,stress,30,0.08799697454086336,0.022473755170758225,0.07995484453706657,0.09603910454466015,0.0,1.0,0.0,Random Forest more robust
XLF,Financials,f1_score,returns,0.05,moderate,30,0.010287315024935722,0.005523244245896963,0.008310847455064649,0.012263782594806795,0.03333333333333333,0.9666666666666667,0.0,Random Forest more robust
XLF,Financials,f1_score,returns,0.1,moderate,30,0.015923728305548515,0.008828165768051021,0.012764609757611626,0.019082846853485404,0.03333333333333333,0.9666666666666667,0.0,Random Forest more robust
XLF,Financials,f1_score,returns,0.2,moderate,30,0.021144748502897662,0.012336522179285433,0.016730180736776144,0.02555931626901918,0.03333333333333333,0.9666666666666667,0.0,Random Forest more robust
XLF,Financials,f1_score,returns,0.5,stress,30,0.03810706295859664,0.0178556592807725,0.031717497345355665,0.04449662857183761,0.0,1.0,0.0,Random Forest more robust
XLF,Financials,f1_score,returns,1.0,stress,30,0.0637141775393913,0.023210551382965395,0.05540838839719716,0.07201996668158545,0.03333333333333333,0.9666666666666667,0.0,Random Forest more robust
XLF,Financials,f1_score,volatility,0.05,moderate,30,0.023461720995460573,0.01107270545250129,0.01949940423681624,0.027424037754104905,0.0,1.0,0.0,Random Forest more robust
XLF,Financials,f1_score,volatility,0.1,moderate,30,0.03762116080726088,0.016999272373760595,0.0315380493129426,0.04370427230157915,0.0,1.0,0.0,Random Forest more robust
XLF,Financials,f1_score,volatility,0.2,moderate,30,0.06110395571959455,0.020864466708699122,0.053637702196036766,0.06857020924315234,0.0,1.0,0.0,Random Forest more robust
XLF,Financials,f1_score,volatility,0.5,stress,30,0.09438281065834261,0.023181365160493236,0.08608746567172716,0.10267815564495807,0.0,1.0,0.0,Random Forest more robust
XLF,Financials,f1_score,volatility,1.0,stress,30,0.12998478699139812,0.01858811206415843,0.12333311651580212,0.13663645746699413,0.0,1.0,0.0,Random Forest more robust
XLF,Financials,f1_score,volume_and_range,0.05,moderate,30,0.009521199380317055,0.006341053995354406,0.007252082350062662,0.011790316410571447,0.06666666666666667,0.9333333333333333,0.0,Random Forest more robust
XLF,Financials,f1_score,volume_and_range,0.1,moderate,30,0.014511374839035578,0.00959098443466821,0.011079285136983752,0.017943464541087403,0.03333333333333333,0.9666666666666667,0.0,Random Forest more robust
XLF,Financials,f1_score,volume_and_range,0.2,moderate,30,0.015263986126870967,0.015346532657536887,0.009772299944402832,0.020755672309339102,0.13333333333333333,0.8666666666666667,0.0,Random Forest more robust
XLF,Financials,f1_score,volume_and_range,0.5,stress,30,0.029218926912292796,0.015069817865744612,0.023826261846351844,0.03461159197823375,0.03333333333333333,0.9666666666666667,0.0,Random Forest more robust
XLF,Financials,f1_score,volume_and_range,1.0,stress,30,0.0691534850292196,0.01849645488473691,0.06253461365404488,0.07577235640439432,0.0,1.0,0.0,Random Forest more robust
XLF,Financials,precision,all_predictors,0.05,moderate,30,0.03258498617115685,0.013387950987496976,0.02779416943813475,0.03737580290417895,0.0,1.0,0.0,Random Forest more robust
XLF,Financials,precision,all_predictors,0.1,moderate,30,0.04551138076627913,0.017313552323931496,0.039315805636148456,0.0517069558964098,0.03333333333333333,0.9666666666666667,0.0,Random Forest more robust
XLF,Financials,precision,all_predictors,0.2,moderate,30,0.0695353349580727,0.018643848542490734,0.06286371943985714,0.07620695047628825,0.0,1.0,0.0,Random Forest more robust
XLF,Financials,precision,all_predictors,0.5,stress,30,0.08869467124302023,0.02070500549894688,0.08128548018052631,0.09610386230551415,0.0,1.0,0.0,Random Forest more robust
XLF,Financials,precision,all_predictors,1.0,stress,30,0.050362312119562866,0.012435736957612856,0.045912240800984515,0.05481238343814122,0.0,1.0,0.0,Random Forest more robust
XLF,Financials,precision,momentum,0.05,moderate,30,0.009325637870541146,0.007534331699166399,0.006629511897999499,0.012021763843082792,0.1,0.9,0.0,Random Forest more robust
XLF,Financials,precision,momentum,0.1,moderate,30,0.014885181983797511,0.009930986301741128,0.011331424176181742,0.01843893979141328,0.1,0.9,0.0,Random Forest more robust
XLF,Financials,precision,momentum,0.2,moderate,30,0.023190784094269733,0.014778932832144782,0.017902210900763722,0.028479357287775744,0.0,1.0,0.0,Random Forest more robust
XLF,Financials,precision,momentum,0.5,stress,30,0.041947698373805145,0.017379249428356454,0.03572861383678434,0.04816678291082595,0.0,1.0,0.0,Random Forest more robust
XLF,Financials,precision,momentum,1.0,stress,30,0.08280999546650296,0.019546658395864544,0.07581531359135796,0.08980467734164796,0.0,1.0,0.0,Random Forest more robust
XLF,Financials,precision,returns,0.05,moderate,30,0.011481543296595861,0.006518105768339037,0.009149069103066957,0.013814017490124765,0.03333333333333333,0.9666666666666667,0.0,Random Forest more robust
XLF,Financials,precision,returns,0.1,moderate,30,0.01747547152649328,0.00973410675777085,0.013992166158875493,0.020958776894111065,0.0,1.0,0.0,Random Forest more robust
XLF,Financials,precision,returns,0.2,moderate,30,0.024011566179572612,0.011791071578177605,0.019792185404295684,0.02823094695484954,0.0,1.0,0.0,Random Forest more robust
XLF,Financials,precision,returns,0.5,stress,30,0.03713710124752522,0.01572483110031053,0.031510042705880634,0.04276415978916981,0.0,1.0,0.0,Random Forest more robust
XLF,Financials,precision,returns,1.0,stress,30,0.0605034750540013,0.022030042786110024,0.052620125487853775,0.06838682462014882,0.03333333333333333,0.9666666666666667,0.0,Random Forest more robust
XLF,Financials,precision,volatility,0.05,moderate,30,0.027403536865667388,0.011557332411348676,0.023267798577030308,0.03153927515430447,0.0,1.0,0.0,Random Forest more robust
XLF,Financials,precision,volatility,0.1,moderate,30,0.0439423776600275,0.016417826258557006,0.03806733398584612,0.04981742133420888,0.0,1.0,0.0,Random Forest more robust
XLF,Financials,precision,volatility,0.2,moderate,30,0.07304551102822002,0.018187630763601248,0.06653715094551113,0.0795538711109289,0.0,1.0,0.0,Random Forest more robust
XLF,Financials,precision,volatility,0.5,stress,30,0.10590115378029119,0.02212996426608302,0.09798204777175079,0.11382025978883159,0.0,1.0,0.0,Random Forest more robust
XLF,Financials,precision,volatility,1.0,stress,30,0.1071038971027088,0.014412749756154622,0.10194636084005514,0.11226143336536247,0.0,1.0,0.0,Random Forest more robust
XLF,Financials,precision,volume_and_range,0.05,moderate,30,0.012619474261949556,0.008355390426478348,0.009629536197230887,0.015609412326668225,0.06666666666666667,0.9333333333333333,0.0,Random Forest more robust
XLF,Financials,precision,volume_and_range,0.1,moderate,30,0.020325714682750396,0.010202931742774589,0.016674642448857677,0.023976786916643116,0.0,1.0,0.0,Random Forest more robust
XLF,Financials,precision,volume_and_range,0.2,moderate,30,0.02294638762174038,0.014500235643563114,0.017757544936342008,0.028135230307138753,0.03333333333333333,0.9666666666666667,0.0,Random Forest more robust
XLF,Financials,precision,volume_and_range,0.5,stress,30,0.04788575108038679,0.01677212441352776,0.041883923439719584,0.053887578721054,0.0,1.0,0.0,Random Forest more robust
XLF,Financials,precision,volume_and_range,1.0,stress,30,0.11004353064249223,0.02076841615581759,0.1026116483678575,0.11747541291712696,0.0,1.0,0.0,Random Forest more robust
XLF,Financials,recall,all_predictors,0.05,moderate,30,0.02215568862275446,0.01501335881475188,0.01678322716873882,0.0275281500767701,0.03333333333333333,0.9333333333333333,0.03333333333333333,Random Forest more robust
XLF,Financials,recall,all_predictors,0.1,moderate,30,0.03053892215568858,0.021922586897232296,0.02269402518553412,0.038383819125843044,0.06666666666666667,0.9333333333333333,0.0,Random Forest more robust
XLF,Financials,recall,all_predictors,0.2,moderate,30,0.04610778443113767,0.023119431338335605,0.037834602178148144,0.0543809666841272,0.0,1.0,0.0,Random Forest more robust
XLF,Financials,recall,all_predictors,0.5,stress,30,0.05668662674650694,0.028941997099493008,0.046329866095021224,0.06704338739799266,0.03333333333333333,0.9666666666666667,0.0,Random Forest more robust
XLF,Financials,recall,all_predictors,1.0,stress,30,0.10678642714570855,0.03467008392362117,0.09437989694913972,0.11919295734227738,0.0,1.0,0.0,Random Forest more robust
XLF,Financials,recall,momentum,0.05,moderate,30,0.008582834331337313,0.008567534506697585,0.0055169814824761665,0.011648687180198458,0.06666666666666667,0.7333333333333333,0.2,Random Forest more robust
XLF,Financials,recall,momentum,0.1,moderate,30,0.0119760479041916,0.011339690454467035,0.0079181917895937,0.0160339040187895,0.06666666666666667,0.7666666666666667,0.16666666666666666,Random Forest more robust
XLF,Financials,recall,momentum,0.2,moderate,30,0.01377245508982034,0.019587338004546234,0.00676321620366245,0.02078169397597823,0.16666666666666666,0.7333333333333333,0.1,Random Forest more robust
XLF,Financials,recall,momentum,0.5,stress,30,0.036926147704590774,0.022076207997605304,0.029026278129674045,0.0448260172795075,0.03333333333333333,0.9333333333333333,0.03333333333333333,Random Forest more robust
XLF,Financials,recall,momentum,1.0,stress,30,0.07245508982035921,0.030789118954235795,0.0614373451020886,0.08347283453862983,0.03333333333333333,0.9666666666666667,0.0,Random Forest more robust
XLF,Financials,recall,returns,0.05,moderate,30,0.009181636726546894,0.006036011173577606,0.007021677868160726,0.011341595584933062,0.03333333333333333,0.9,0.06666666666666667,Random Forest more robust
XLF,Financials,recall,returns,0.1,moderate,30,0.014570858283433113,0.009524318801041641,0.011162624571995083,0.017979091994871143,0.03333333333333333,0.9333333333333333,0.03333333333333333,Random Forest more robust
XLF,Financials,recall,returns,0.2,moderate,30,0.018163672654690592,0.015122767139886634,0.012752059934340247,0.023575285375040937,0.06666666666666667,0.8333333333333334,0.1,Random Forest more robust
XLF,Financials,recall,returns,0.5,stress,30,0.035129740518962026,0.023043543366843465,0.026883714427807803,0.043375766610116245,0.06666666666666667,0.9333333333333333,0.0,Random Forest more robust
XLF,Financials,recall,returns,1.0,stress,30,0.05628742514970054,0.027714066417592012,0.04637007384945434,0.06620477644994674,0.03333333333333333,0.9666666666666667,0.0,Random Forest more robust
XLF,Financials,recall,volatility,0.05,moderate,30,0.019161676646706562,0.01347248031449366,0.01434061148249548,0.023982741810917644,0.1,0.8666666666666667,0.03333333333333333,Random Forest more robust
XLF,Financials,recall,volatility,0.1,moderate,30,0.02934131736526942,0.02052440598568583,0.021996753008603355,0.03668588172193549,0.06666666666666667,0.9,0.03333333333333333,Random Forest more robust
XLF,Financials,recall,volatility,0.2,moderate,30,0.041916167664670614,0.02691741423163899,0.03228389468794283,0.0515484406413984,0.03333333333333333,0.9333333333333333,0.03333333333333333,Random Forest more robust
XLF,Financials,recall,volatility,0.5,stress,30,0.0359281437125748,0.03279775793444106,0.02419161676646702,0.04766467065868258,0.06666666666666667,0.9333333333333333,0.0,Random Forest more robust
XLF,Financials,recall,volatility,1.0,stress,30,0.05129740518962072,0.032176763933728265,0.039783098092726586,0.06281171228651486,0.06666666666666667,0.9,0.03333333333333333,Random Forest more robust
XLF,Financials,recall,volume_and_range,0.05,moderate,30,0.006986027944111767,0.0064995881056183254,0.004660180211084674,0.00931187567713886,0.06666666666666667,0.7666666666666667,0.16666666666666666,Random Forest more robust
XLF,Financials,recall,volume_and_range,0.1,moderate,30,0.0089820359281437,0.01097960807032451,0.005053033639857799,0.012911038216429601,0.13333333333333333,0.7,0.16666666666666666,Random Forest more robust
XLF,Financials,recall,volume_and_range,0.2,moderate,30,0.00658682634730538,0.0181591718137978,8.865016899306261e-05,0.013085002525617697,0.3,0.5333333333333333,0.16666666666666666,Random Forest more robust
XLF,Financials,recall,volume_and_range,0.5,stress,30,0.0029940119760479,0.017843216564923256,-0.0033911010685101954,0.009379125020605995,0.3333333333333333,0.5333333333333333,0.13333333333333333,No clear difference
XLF,Financials,recall,volume_and_range,1.0,stress,30,-0.0089820359281437,0.02544150935559366,-0.018086163127888116,0.0001220912716007154,0.5,0.36666666666666664,0.13333333333333333,No clear difference
XLF,Financials,roc_auc,all_predictors,0.05,moderate,30,0.004288408540369689,0.004597123911074594,0.002643348876084962,0.005933468204654416,0.2,0.8,0.0,Random Forest more robust
XLF,Financials,roc_auc,all_predictors,0.1,moderate,30,0.01043219332222715,0.00720753116991092,0.0078530114171817,0.0130113752272726,0.06666666666666667,0.9333333333333333,0.0,Random Forest more robust
XLF,Financials,roc_auc,all_predictors,0.2,moderate,30,0.018956574362042455,0.00811052212038674,0.016054261295301894,0.021858887428783016,0.03333333333333333,0.9666666666666667,0.0,Random Forest more robust
XLF,Financials,roc_auc,all_predictors,0.5,stress,30,0.04533121526112292,0.014715446860702999,0.04006536023073085,0.050597070291514994,0.0,1.0,0.0,Random Forest more robust
XLF,Financials,roc_auc,all_predictors,1.0,stress,30,0.06530539265998579,0.01648078092765401,0.05940782094679281,0.07120296437317877,0.0,1.0,0.0,Random Forest more robust
XLF,Financials,roc_auc,momentum,0.05,moderate,30,0.0005893467156986736,0.001340344765277608,0.00010971050135135182,0.0010689829300459955,0.3333333333333333,0.6666666666666666,0.0,Random Forest more robust
XLF,Financials,roc_auc,momentum,0.1,moderate,30,0.0017489568666284683,0.002660891164310882,0.0007967691923057548,0.002701144540951182,0.23333333333333334,0.7666666666666667,0.0,Random Forest more robust
XLF,Financials,roc_auc,momentum,0.2,moderate,30,0.0023498223191859144,0.005084089973249632,0.0005305040875326031,0.004169140550839226,0.36666666666666664,0.6333333333333333,0.0,Random Forest more robust
XLF,Financials,roc_auc,momentum,0.5,stress,30,0.007033306341666328,0.00853141031618247,0.003980380368362787,0.010086232314969868,0.3,0.7,0.0,Random Forest more robust
XLF,Financials,roc_auc,momentum,1.0,stress,30,0.025358069390933883,0.011917805210047094,0.021093337567930227,0.02962280121393754,0.0,1.0,0.0,Random Forest more robust
XLF,Financials,roc_auc,returns,0.05,moderate,30,0.00020286730587055699,0.001434504960163334,-0.00031046370147865465,0.0007161983132197686,0.4,0.6,0.0,No clear difference
XLF,Financials,roc_auc,returns,0.1,moderate,30,5.2607962369822884e-05,0.002416817021843034,-0.0008122389017777556,0.0009174548265174015,0.4,0.6,0.0,No clear difference
XLF,Financials,roc_auc,returns,0.2,moderate,30,0.0007939332360258193,0.0035019799792090733,-0.00045923420526311183,0.0020471006773147503,0.4666666666666667,0.5333333333333333,0.0,No clear difference
XLF,Financials,roc_auc,returns,0.5,stress,30,0.004992770703210261,0.007230514846653668,0.0024053641950699573,0.007580177211350566,0.2,0.8,0.0,Random Forest more robust
XLF,Financials,roc_auc,returns,1.0,stress,30,0.020569885208050736,0.011235125590063686,0.016549447149624207,0.024590323266477265,0.06666666666666667,0.9333333333333333,0.0,Random Forest more robust
XLF,Financials,roc_auc,volatility,0.05,moderate,30,0.0025690221623935034,0.003717281685980043,0.0012388099948122617,0.003899234329974745,0.23333333333333334,0.7666666666666667,0.0,Random Forest more robust
XLF,Financials,roc_auc,volatility,0.1,moderate,30,0.007883629811866326,0.005864531638495893,0.005785034117029796,0.009982225506702854,0.1,0.9,0.0,Random Forest more robust
XLF,Financials,roc_auc,volatility,0.2,moderate,30,0.014819284772401787,0.008424083343345835,0.011804765263078474,0.0178338042817251,0.0,1.0,0.0,Random Forest more robust
XLF,Financials,roc_auc,volatility,0.5,stress,30,0.03824065907805404,0.014243647349913983,0.033143635334318945,0.04333768282178913,0.03333333333333333,0.9666666666666667,0.0,Random Forest more robust
XLF,Financials,roc_auc,volatility,1.0,stress,30,0.07258764125495779,0.015641206125360373,0.06699050752627853,0.07818477498363705,0.0,1.0,0.0,Random Forest more robust
XLF,Financials,roc_auc,volume_and_range,0.05,moderate,30,0.001517894443670792,0.0013594294482367484,0.0010314288632352273,0.002004360024106357,0.16666666666666666,0.8333333333333334,0.0,Random Forest more robust
XLF,Financials,roc_auc,volume_and_range,0.1,moderate,30,0.0005891747942530339,0.0022864333656432007,-0.00022901487773585528,0.001407364466241923,0.36666666666666664,0.6333333333333333,0.0,No clear difference
XLF,Financials,roc_auc,volume_and_range,0.2,moderate,30,0.0012393817017128364,0.0036548995302006443,-6.850729811636925e-05,0.0025472707015420423,0.3,0.7,0.0,No clear difference
XLF,Financials,roc_auc,volume_and_range,0.5,stress,30,0.010995751821077902,0.005695961428460178,0.00895747820119387,0.013034025440961933,0.03333333333333333,0.9666666666666667,0.0,Random Forest more robust
XLF,Financials,roc_auc,volume_and_range,1.0,stress,30,0.03490246036780877,0.007500411921038162,0.032218472431983045,0.0375864483036345,0.0,1.0,0.0,Random Forest more robust
XLI,Industrials,accuracy,all_predictors,0.05,moderate,30,0.0007530120481927435,0.0038140764493100198,-0.0006118376806003104,0.0021178617769857973,0.36666666666666664,0.6333333333333333,0.0,No clear difference
XLI,Industrials,accuracy,all_predictors,0.1,moderate,30,0.006149598393574237,0.005455493336499845,0.00419737517526378,0.008101821611884693,0.06666666666666667,0.8666666666666667,0.06666666666666667,Random Forest more robust
XLI,Industrials,accuracy,all_predictors,0.2,moderate,30,0.014382530120481863,0.005688038921413484,0.012347091533334523,0.016417968707629203,0.0,1.0,0.0,Random Forest more robust
XLI,Industrials,accuracy,all_predictors,0.5,stress,30,0.039583333333333325,0.009733437614628866,0.03610026741551367,0.04306639925115298,0.0,1.0,0.0,Random Forest more robust
XLI,Industrials,accuracy,all_predictors,1.0,stress,30,0.05002510040160644,0.013695832879062831,0.045124109548639796,0.05492609125457308,0.0,1.0,0.0,Random Forest more robust
XLI,Industrials,accuracy,momentum,0.05,moderate,30,-0.00037650602409638665,0.002199837128132907,-0.0011637076304680267,0.0004106955822752535,0.4666666666666667,0.4,0.13333333333333333,No clear difference
XLI,Industrials,accuracy,momentum,0.1,moderate,30,-0.0010542168674698466,0.002605510239578974,-0.0019865867323948677,-0.00012184700254482548,0.5666666666666667,0.26666666666666666,0.16666666666666666,Logistic Regression more robust
XLI,Industrials,accuracy,momentum,0.2,moderate,30,0.0027610441767068,0.003287263834358876,0.0015847119210679356,0.003937376432345665,0.2,0.7,0.1,Random Forest more robust
XLI,Industrials,accuracy,momentum,0.5,stress,30,0.014307228915662596,0.005775537917620341,0.012240479214847307,0.016373978616477883,0.0,1.0,0.0,Random Forest more robust
XLI,Industrials,accuracy,momentum,1.0,stress,30,0.0414156626506024,0.007168290654545495,0.038850522783640346,0.04398080251756445,0.0,1.0,0.0,Random Forest more robust
XLI,Industrials,accuracy,returns,0.05,moderate,30,0.0005020080321284933,0.0013889549318596315,4.9768930706135155e-06,0.000999039171186373,0.3,0.5333333333333333,0.16666666666666666,Random Forest more robust
XLI,Industrials,accuracy,returns,0.1,moderate,30,-7.530120481927664e-05,0.0024488366364367005,-0.0009516061408946293,0.0008010037312560761,0.36666666666666664,0.5333333333333333,0.1,No clear difference
XLI,Industrials,accuracy,returns,0.2,moderate,30,0.0007279116465863299,0.0031546239502618857,-0.00040095603610993704,0.0018567793292825967,0.36666666666666664,0.5666666666666667,0.06666666666666667,No clear difference
XLI,Industrials,accuracy,returns,0.5,stress,30,0.006300200803212771,0.003927645237692947,0.004894711005432155,0.007705690600993387,0.0,0.9333333333333333,0.06666666666666667,Random Forest more robust
XLI,Industrials,accuracy,returns,1.0,stress,30,0.014633534136546123,0.007246106668139392,0.012040548166743473,0.017226520106348772,0.0,1.0,0.0,Random Forest more robust
XLI,Industrials,accuracy,volatility,0.05,moderate,30,0.0008534136546184634,0.0034293254923719436,-0.00037375471245862434,0.0020805820216955513,0.26666666666666666,0.5,0.23333333333333334,No clear difference
XLI,Industrials,accuracy,volatility,0.1,moderate,30,0.003438755020080306,0.004026949786594326,0.001997729545855532,0.00487978049430508,0.13333333333333333,0.8666666666666667,0.0,Random Forest more robust
XLI,Industrials,accuracy,volatility,0.2,moderate,30,0.011772088353413568,0.006087005770764098,0.009593881312783312,0.013950295394043823,0.03333333333333333,0.9666666666666667,0.0,Random Forest more robust
XLI,Industrials,accuracy,volatility,0.5,stress,30,0.03433734939759035,0.0076985728213557125,0.03158245049428658,0.03709224830089412,0.0,1.0,0.0,Random Forest more robust
XLI,Industrials,accuracy,volatility,1.0,stress,30,0.07374497991967872,0.009827895714915973,0.0702281126047784,0.07726184723457905,0.0,1.0,0.0,Random Forest more robust
XLI,Industrials,accuracy,volume_and_range,0.05,moderate,30,0.0004016064257027967,0.001743498465725902,-0.00022229648755096984,0.0010255093389565633,0.26666666666666666,0.5333333333333333,0.2,No clear difference
XLI,Industrials,accuracy,volume_and_range,0.1,moderate,30,-0.0002510040160642601,0.0022575931318825557,-0.00105887334294479,0.0005568653108162698,0.5333333333333333,0.43333333333333335,0.03333333333333333,No clear difference
XLI,Industrials,accuracy,volume_and_range,0.2,moderate,30,0.00047690763052209,0.002512938016997363,-0.000422335689992124,0.001376150951036304,0.43333333333333335,0.5,0.06666666666666667,No clear difference
XLI,Industrials,accuracy,volume_and_range,0.5,stress,30,0.0037901606425702764,0.00482561566006339,0.0020633362560039015,0.005516985029136652,0.16666666666666666,0.8333333333333334,0.0,Random Forest more robust
XLI,Industrials,accuracy,volume_and_range,1.0,stress,30,0.00891064257028113,0.0065648550460522615,0.006561439362571163,0.011259845777991096,0.1,0.9,0.0,Random Forest more robust
XLI,Industrials,average_precision,all_predictors,0.05,moderate,30,0.0011126271211133294,0.003931794809219177,-0.0002943475817674991,0.002519601823994158,0.5,0.5,0.0,No clear difference
XLI,Industrials,average_precision,all_predictors,0.1,moderate,30,0.002663333809764102,0.005034962825381137,0.0008615955021987888,0.004465072117329416,0.4,0.6,0.0,Random Forest more robust
XLI,Industrials,average_precision,all_predictors,0.2,moderate,30,0.004325847448384777,0.006152144245345329,0.0021243309039866375,0.006527363992782916,0.13333333333333333,0.8666666666666667,0.0,Random Forest more robust
XLI,Industrials,average_precision,all_predictors,0.5,stress,30,0.009390664589310305,0.010050754675267708,0.005794048219655144,0.012987280958965466,0.16666666666666666,0.8333333333333334,0.0,Random Forest more robust
XLI,Industrials,average_precision,all_predictors,1.0,stress,30,0.011679410448525678,0.012318035166081948,0.0072714581751170924,0.016087362721934263,0.2,0.8,0.0,Random Forest more robust
XLI,Industrials,average_precision,momentum,0.05,moderate,30,0.0006112434504909082,0.0016898091121201801,6.553025681388836e-06,0.0012159338753004274,0.3333333333333333,0.6666666666666666,0.0,Random Forest more robust
XLI,Industrials,average_precision,momentum,0.1,moderate,30,0.001198961901163566,0.002545362058919568,0.0002881157862607125,0.0021098080160664194,0.36666666666666664,0.6333333333333333,0.0,Random Forest more robust
XLI,Industrials,average_precision,momentum,0.2,moderate,30,0.0023304190707346194,0.004371272309110087,0.0007661793642523898,0.0038946587772168487,0.26666666666666666,0.7333333333333333,0.0,Random Forest more robust
XLI,Industrials,average_precision,momentum,0.5,stress,30,0.0073575661288329324,0.007262316921487366,0.004758779394368197,0.009956352863297668,0.16666666666666666,0.8333333333333334,0.0,Random Forest more robust
XLI,Industrials,average_precision,momentum,1.0,stress,30,0.027268824218603754,0.010317015737008408,0.023576927551677496,0.03096072088553001,0.0,1.0,0.0,Random Forest more robust
XLI,Industrials,average_precision,returns,0.05,moderate,30,3.3160900159433904e-05,0.000961393512786406,-0.0003108693500541667,0.0003771911503730345,0.5,0.5,0.0,No clear difference
XLI,Industrials,average_precision,returns,0.1,moderate,30,-0.0002410539463827327,0.0019086926672526505,-0.0009240708454593987,0.00044196295269393335,0.5666666666666667,0.43333333333333335,0.0,No clear difference
XLI,Industrials,average_precision,returns,0.2,moderate,30,-0.00044299309826847293,0.0029212136236448404,-0.0014883359682834412,0.0006023497717464952,0.5,0.5,0.0,No clear difference
XLI,Industrials,average_precision,returns,0.5,stress,30,-2.006712609163725e-05,0.0056131991705673095,-0.002028724652344453,0.001988590400161179,0.5333333333333333,0.4666666666666667,0.0,No clear difference
XLI,Industrials,average_precision,returns,1.0,stress,30,0.004554720371977004,0.008749941378297744,0.0014235940624125454,0.007685846681541462,0.3,0.7,0.0,Random Forest more robust
XLI,Industrials,average_precision,volatility,0.05,moderate,30,0.0003192906526659058,0.002690670060250355,-0.0006435532627119913,0.0012821345680438028,0.5333333333333333,0.4666666666666667,0.0,No clear difference
XLI,Industrials,average_precision,volatility,0.1,moderate,30,0.00029823612955411403,0.0035221569263440495,-0.0009621515395385951,0.0015586237986468232,0.4,0.6,0.0,No clear difference
XLI,Industrials,average_precision,volatility,0.2,moderate,30,0.00047950053232375983,0.004651003414917483,-0.0011848396647936986,0.0021438407294412185,0.43333333333333335,0.5666666666666667,0.0,No clear difference
XLI,Industrials,average_precision,volatility,0.5,stress,30,0.009779212617982065,0.006699400352654277,0.007381862990642948,0.012176562245321182,0.1,0.9,0.0,Random Forest more robust
XLI,Industrials,average_precision,volatility,1.0,stress,30,0.027645845905768386,0.010196904619410179,0.02399693045027239,0.031294761361264384,0.0,1.0,0.0,Random Forest more robust
XLI,Industrials,average_precision,volume_and_range,0.05,moderate,30,-0.00019022600322117646,0.0014074925515708792,-0.0006938907442982142,0.0003134387378558612,0.5666666666666667,0.43333333333333335,0.0,No clear difference
XLI,Industrials,average_precision,volume_and_range,0.1,moderate,30,-0.001198000312779274,0.0019786908138522638,-0.001906065726921699,-0.0004899348986368488,0.8,0.2,0.0,Logistic Regression more robust
XLI,Industrials,average_precision,volume_and_range,0.2,moderate,30,-0.00170628201213584,0.002677284520541381,-0.0026643359736456527,-0.0007482280506260272,0.6666666666666666,0.3333333333333333,0.0,Logistic Regression more robust
XLI,Industrials,average_precision,volume_and_range,0.5,stress,30,-0.00128368811467055,0.0052060919523414535,-0.003146664193849653,0.0005792879645085526,0.5666666666666667,0.43333333333333335,0.0,No clear difference
XLI,Industrials,average_precision,volume_and_range,1.0,stress,30,0.0033669544394738767,0.0066656472932826605,0.000981683189309821,0.005752225689637932,0.3,0.7,0.0,Random Forest more robust
XLI,Industrials,balanced_accuracy,all_predictors,0.05,moderate,30,0.0017853519983769839,0.006886939370921255,-0.0006791076047640359,0.004249811601518004,0.43333333333333335,0.5666666666666667,0.0,No clear difference
XLI,Industrials,balanced_accuracy,all_predictors,0.1,moderate,30,0.003977311151687317,0.011058545741765933,2.0061380454954904e-05,0.007934560922919678,0.3,0.7,0.0,Random Forest more robust
XLI,Industrials,balanced_accuracy,all_predictors,0.2,moderate,30,0.007602116724149617,0.009697840709001026,0.004131788995413937,0.011072444452885296,0.26666666666666666,0.7333333333333333,0.0,Random Forest more robust
XLI,Industrials,balanced_accuracy,all_predictors,0.5,stress,30,0.025143425531435292,0.015609611020059533,0.01955759796598431,0.030729253096886275,0.0,1.0,0.0,Random Forest more robust
XLI,Industrials,balanced_accuracy,all_predictors,1.0,stress,30,0.05122489348752287,0.019730035275649073,0.04416459103870371,0.05828519593634203,0.0,1.0,0.0,Random Forest more robust
XLI,Industrials,balanced_accuracy,momentum,0.05,moderate,30,0.00041280629381667356,0.004975034546115276,-0.0013674869544295371,0.002193099542062884,0.4,0.5666666666666667,0.03333333333333333,No clear difference
XLI,Industrials,balanced_accuracy,momentum,0.1,moderate,30,0.0004553549288790101,0.00529476209964512,-0.0014393513550057017,0.0023500612127637216,0.4666666666666667,0.4666666666666667,0.06666666666666667,No clear difference
XLI,Industrials,balanced_accuracy,momentum,0.2,moderate,30,0.00425373639007239,0.005535271168455695,0.002272965041236564,0.006234507738908216,0.23333333333333334,0.7666666666666667,0.0,Random Forest more robust
XLI,Industrials,balanced_accuracy,momentum,0.5,stress,30,0.015326525551723345,0.009707095515913821,0.011852886032866822,0.018800165070579865,0.13333333333333333,0.8666666666666667,0.0,Random Forest more robust
XLI,Industrials,balanced_accuracy,momentum,1.0,stress,30,0.035658573972633584,0.00960825310314894,0.03222030475692864,0.039096843188338525,0.0,1.0,0.0,Random Forest more robust
XLI,Industrials,balanced_accuracy,returns,0.05,moderate,30,0.004501701945402474,0.003703177986767445,0.003176536721767197,0.00582686716903775,0.1,0.9,0.0,Random Forest more robust
XLI,Industrials,balanced_accuracy,returns,0.1,moderate,30,0.00422189535853565,0.0050211742570168486,0.002425091226790501,0.006018699490280798,0.23333333333333334,0.7666666666666667,0.0,Random Forest more robust
XLI,Industrials,balanced_accuracy,returns,0.2,moderate,30,0.0061644800613151335,0.005890568920375347,0.004056567044819226,0.008272393077811042,0.16666666666666666,0.8333333333333334,0.0,Random Forest more robust
XLI,Industrials,balanced_accuracy,returns,0.5,stress,30,0.011326672076824217,0.007641029902595075,0.008592364642545305,0.014060979511103128,0.06666666666666667,0.9333333333333333,0.0,Random Forest more robust
XLI,Industrials,balanced_accuracy,returns,1.0,stress,30,0.016284856067266266,0.012190499632361388,0.011922541798476459,0.02064717033605607,0.1,0.9,0.0,Random Forest more robust
XLI,Industrials,balanced_accuracy,volatility,0.05,moderate,30,0.0009535402718604536,0.0073690081593517365,-0.0016834254317463718,0.003590505975467279,0.43333333333333335,0.5,0.06666666666666667,No clear difference
XLI,Industrials,balanced_accuracy,volatility,0.1,moderate,30,-0.00037392078627618665,0.007051612481233456,-0.002897307905143792,0.0021494663325914184,0.4666666666666667,0.5333333333333333,0.0,No clear difference
XLI,Industrials,balanced_accuracy,volatility,0.2,moderate,30,0.004138488762651886,0.00987815117387345,0.0006036377627258245,0.007673339762577948,0.26666666666666666,0.7333333333333333,0.0,Random Forest more robust
XLI,Industrials,balanced_accuracy,volatility,0.5,stress,30,0.015462906607154964,0.013655776785355052,0.010576249643233325,0.020349563571076604,0.16666666666666666,0.8333333333333334,0.0,Random Forest more robust
XLI,Industrials,balanced_accuracy,volatility,1.0,stress,30,0.043494849079146164,0.015125634336623034,0.038082210345620655,0.04890748781267167,0.0,1.0,0.0,Random Forest more robust
XLI,Industrials,balanced_accuracy,volume_and_range,0.05,moderate,30,0.0038688262212303263,0.0031012224873040576,0.002759068006633035,0.004978584435827617,0.13333333333333333,0.8333333333333334,0.03333333333333333,Random Forest more robust
XLI,Industrials,balanced_accuracy,volume_and_range,0.1,moderate,30,0.0034168526408331667,0.0036412184169911364,0.0021138593644908256,0.004719845917175508,0.2,0.8,0.0,Random Forest more robust
XLI,Industrials,balanced_accuracy,volume_and_range,0.2,moderate,30,0.005824090980816454,0.005628428664708805,0.003809983650076254,0.007838198311556653,0.2,0.8,0.0,Random Forest more robust
XLI,Industrials,balanced_accuracy,volume_and_range,0.5,stress,30,0.011425294740875997,0.008980935418867285,0.00821150827548766,0.014639081206264334,0.13333333333333333,0.8666666666666667,0.0,Random Forest more robust
XLI,Industrials,balanced_accuracy,volume_and_range,1.0,stress,30,0.015554484795202989,0.00972107638233275,0.012075842287551207,0.019033127302854773,0.06666666666666667,0.9333333333333333,0.0,Random Forest more robust
XLI,Industrials,f1_score,all_predictors,0.05,moderate,30,0.0034100956554484296,0.011804332813059981,-0.000814030591785662,0.007634221902682521,0.5333333333333333,0.4666666666666667,0.0,No clear difference
XLI,Industrials,f1_score,all_predictors,0.1,moderate,30,0.008856966566716045,0.018617869752234638,0.002194647439201252,0.015519285694230837,0.23333333333333334,0.7666666666666667,0.0,Random Forest more robust
XLI,Industrials,f1_score,all_predictors,0.2,moderate,30,0.017965158863880077,0.015711503301958713,0.012342869613624281,0.02358744811413587,0.13333333333333333,0.8666666666666667,0.0,Random Forest more robust
XLI,Industrials,f1_score,all_predictors,0.5,stress,30,0.04714206582101676,0.023224064495895317,0.03883144107346371,0.05545269056856981,0.0,1.0,0.0,Random Forest more robust
XLI,Industrials,f1_score,all_predictors,1.0,stress,30,0.06886590496959481,0.023922746180716183,0.060305260192104256,0.07742654974708538,0.0,1.0,0.0,Random Forest more robust
XLI,Industrials,f1_score,momentum,0.05,moderate,30,0.000967625257676617,0.008487106445211128,-0.002069446779009933,0.004004697294363167,0.4,0.5666666666666667,0.03333333333333333,No clear difference
XLI,Industrials,f1_score,momentum,0.1,moderate,30,0.0007941817509189135,0.009031223093629095,-0.002437599927772687,0.004025963429610514,0.5333333333333333,0.4666666666666667,0.0,No clear difference
XLI,Industrials,f1_score,momentum,0.2,moderate,30,0.008024567670180671,0.008844519662854928,0.004859596956146833,0.01118953838421451,0.23333333333333334,0.7666666666666667,0.0,Random Forest more robust
XLI,Industrials,f1_score,momentum,0.5,stress,30,0.030676733371766542,0.016521888071461197,0.024764451656080856,0.03658901508745223,0.06666666666666667,0.9333333333333333,0.0,Random Forest more robust
XLI,Industrials,f1_score,momentum,1.0,stress,30,0.06846354626909479,0.015336615018340325,0.06297540906823403,0.07395168346995555,0.0,1.0,0.0,Random Forest more robust
XLI,Industrials,f1_score,returns,0.05,moderate,30,0.0077408182462958535,0.006113937225147814,0.005552973908484974,0.009928662584106733,0.06666666666666667,0.9333333333333333,0.0,Random Forest more robust
XLI,Industrials,f1_score,returns,0.1,moderate,30,0.007245960178498237,0.00852238847213605,0.004196262630624448,0.010295657726372026,0.23333333333333334,0.7666666666666667,0.0,Random Forest more robust
XLI,Industrials,f1_score,returns,0.2,moderate,30,0.010542191011674536,0.010245972602127036,0.006875716804068146,0.014208665219280926,0.2,0.8,0.0,Random Forest more robust
XLI,Industrials,f1_score,returns,0.5,stress,30,0.020775843413531985,0.013072727262737624,0.0160978280417214,0.02545385878534257,0.06666666666666667,0.9333333333333333,0.0,Random Forest more robust
XLI,Industrials,f1_score,returns,1.0,stress,30,0.03163646141555232,0.02045416189552483,0.024317033583725157,0.038955889247379485,0.06666666666666667,0.9333333333333333,0.0,Random Forest more robust
XLI,Industrials,f1_score,volatility,0.05,moderate,30,0.0016986412719441405,0.013066582964911977,-0.002977175391127275,0.006374457935015556,0.5,0.5,0.0,No clear difference
XLI,Industrials,f1_score,volatility,0.1,moderate,30,0.00013179863015332348,0.012125255553314531,-0.0042071683447959096,0.004470765605102556,0.4666666666666667,0.5333333333333333,0.0,No clear difference
XLI,Industrials,f1_score,volatility,0.2,moderate,30,0.01031386575039533,0.017007367179597235,0.004227857567010228,0.01639987393378043,0.26666666666666666,0.7333333333333333,0.0,Random Forest more robust
XLI,Industrials,f1_score,volatility,0.5,stress,30,0.03251769213924419,0.020854526758372384,0.025054995581229172,0.039980388697259214,0.06666666666666667,0.9333333333333333,0.0,Random Forest more robust
XLI,Industrials,f1_score,volatility,1.0,stress,30,0.06658000316058181,0.020349231964405516,0.05929812402237257,0.07386188229879105,0.0,1.0,0.0,Random Forest more robust
XLI,Industrials,f1_score,volume_and_range,0.05,moderate,30,0.006563185116636116,0.005377114409200356,0.004639009437248784,0.008487360796023448,0.13333333333333333,0.8666666666666667,0.0,Random Forest more robust
XLI,Industrials,f1_score,volume_and_range,0.1,moderate,30,0.005615836299121182,0.006426277282679825,0.003316222507163443,0.00791545009107892,0.16666666666666666,0.8333333333333334,0.0,Random Forest more robust
XLI,Industrials,f1_score,volume_and_range,0.2,moderate,30,0.009579048247790718,0.009266777925734368,0.006262974354984496,0.01289512214059694,0.2,0.8,0.0,Random Forest more robust
XLI,Industrials,f1_score,volume_and_range,0.5,stress,30,0.019772017673226356,0.014731643261629302,0.014500366835197634,0.025043668511255078,0.1,0.9,0.0,Random Forest more robust
XLI,Industrials,f1_score,volume_and_range,1.0,stress,30,0.028284879192627708,0.0157493331242435,0.022649052714324207,0.03392070567093121,0.06666666666666667,0.9333333333333333,0.0,Random Forest more robust
XLI,Industrials,precision,all_predictors,0.05,moderate,30,0.00327081824339774,0.012856621638040267,-0.0013298647237851929,0.007871501210580672,0.36666666666666664,0.6333333333333333,0.0,No clear difference
XLI,Industrials,precision,all_predictors,0.1,moderate,30,0.017727018696420127,0.018831607593048555,0.010988214464858596,0.02446582292798166,0.13333333333333333,0.8666666666666667,0.0,Random Forest more robust
XLI,Industrials,precision,all_predictors,0.2,moderate,30,0.033886991522481744,0.018731497411276343,0.027184011259384702,0.040589971785578785,0.03333333333333333,0.9666666666666667,0.0,Random Forest more robust
XLI,Industrials,precision,all_predictors,0.5,stress,30,0.04191601880769979,0.021476273119276967,0.03423083317183417,0.04960120444356541,0.03333333333333333,0.9666666666666667,0.0,Random Forest more robust
XLI,Industrials,precision,all_predictors,1.0,stress,30,0.0009950769933400197,0.020187146008918536,-0.006228800430606891,0.008218954417286931,0.5666666666666667,0.43333333333333335,0.0,No clear difference
XLI,Industrials,precision,momentum,0.05,moderate,30,-0.0008527820313770935,0.00792595676470751,-0.003689049233806527,0.00198348517105234,0.43333333333333335,0.5333333333333333,0.03333333333333333,No clear difference
XLI,Industrials,precision,momentum,0.1,moderate,30,-0.003749559249178613,0.009521842373430834,-0.00715690678237719,-0.0003422117159800359,0.6666666666666666,0.3333333333333333,0.0,Logistic Regression more robust
XLI,Industrials,precision,momentum,0.2,moderate,30,0.006021418310990277,0.009965759478795997,0.0024552170817747133,0.00958761954020584,0.36666666666666664,0.6333333333333333,0.0,Random Forest more robust
XLI,Industrials,precision,momentum,0.5,stress,30,0.03228173824450385,0.017632175585082937,0.025972145244687227,0.03859133124432048,0.0,1.0,0.0,Random Forest more robust
XLI,Industrials,precision,momentum,1.0,stress,30,0.07649588247071795,0.015296321375994288,0.07102216416459067,0.08196960077684523,0.0,1.0,0.0,Random Forest more robust
XLI,Industrials,precision,returns,0.05,moderate,30,0.0029941028517993466,0.005150068155556787,0.0011511746308275283,0.004837031072771164,0.26666666666666666,0.7333333333333333,0.0,Random Forest more robust
XLI,Industrials,precision,returns,0.1,moderate,30,0.0015206977487328135,0.008956616116050727,-0.0016843861659083775,0.004725781663374004,0.3333333333333333,0.6666666666666666,0.0,No clear difference
XLI,Industrials,precision,returns,0.2,moderate,30,0.0036968791606946465,0.010959087302706168,-0.00022477986520762173,0.007618538186596914,0.36666666666666664,0.6333333333333333,0.0,No clear difference
XLI,Industrials,precision,returns,0.5,stress,30,0.018919096187737603,0.013041160780063774,0.014252376736679773,0.023585815638795433,0.1,0.9,0.0,Random Forest more robust
XLI,Industrials,precision,returns,1.0,stress,30,0.03738143598940572,0.021332533212693603,0.029747687018516367,0.04501518496029507,0.03333333333333333,0.9666666666666667,0.0,Random Forest more robust
XLI,Industrials,precision,volatility,0.05,moderate,30,0.0022200580509416363,0.013049830097764049,-0.0024497636756131047,0.006889879777496378,0.43333333333333335,0.5666666666666667,0.0,No clear difference
XLI,Industrials,precision,volatility,0.1,moderate,30,0.008279176160018656,0.014977169350161043,0.002919664939588636,0.013638687380448676,0.3,0.7,0.0,Random Forest more robust
XLI,Industrials,precision,volatility,0.2,moderate,30,0.027069568527101795,0.0180724460858184,0.02060242675197599,0.0335367103022276,0.03333333333333333,0.9666666666666667,0.0,Random Forest more robust
XLI,Industrials,precision,volatility,0.5,stress,30,0.045763997167651706,0.020440776061769916,0.038449359394915616,0.053078634940387795,0.0,1.0,0.0,Random Forest more robust
XLI,Industrials,precision,volatility,1.0,stress,30,0.043252125440996436,0.018261468706344684,0.03671734278981852,0.04978690809217435,0.03333333333333333,0.9666666666666667,0.0,Random Forest more robust
XLI,Industrials,precision,volume_and_range,0.05,moderate,30,0.0024496978227648097,0.006218732017178676,0.00022435315023774417,0.004675042495291875,0.3333333333333333,0.6666666666666666,0.0,Random Forest more robust
XLI,Industrials,precision,volume_and_range,0.1,moderate,30,-0.0005290533952186031,0.007415181454319754,-0.0031825420002281994,0.0021244352097909936,0.5333333333333333,0.4666666666666667,0.0,No clear difference
XLI,Industrials,precision,volume_and_range,0.2,moderate,30,0.00178299579731236,0.008658854917286782,-0.0013155356407911396,0.00488152723541586,0.43333333333333335,0.5666666666666667,0.0,No clear difference
XLI,Industrials,precision,volume_and_range,0.5,stress,30,0.008078496189638514,0.014511804189166214,0.002885513753362371,0.013271478625914657,0.16666666666666666,0.8333333333333334,0.0,Random Forest more robust
XLI,Industrials,precision,volume_and_range,1.0,stress,30,0.010924921476860435,0.018019032788020785,0.004476893404876632,0.01737294954884424,0.2,0.8,0.0,Random Forest more robust
XLI,Industrials,recall,all_predictors,0.05,moderate,30,0.00330188679245281,0.014186141434747744,-0.0017745587238236168,0.008378332308729237,0.4,0.5,0.1,No clear difference
XLI,Industrials,recall,all_predictors,0.1,moderate,30,0.000786163522012553,0.021242975298712292,-0.006815537560945561,0.008387864604970667,0.43333333333333335,0.5333333333333333,0.03333333333333333,No clear difference
XLI,Industrials,recall,all_predictors,0.2,moderate,30,-0.002358490566037736,0.018776208446038504,-0.009077470467443085,0.0043604893353676125,0.5,0.36666666666666664,0.13333333333333333,No clear difference
XLI,Industrials,recall,all_predictors,0.5,stress,30,0.0039308176100629,0.02824987992581759,-0.006178272091629773,0.014039907311755574,0.43333333333333335,0.5333333333333333,0.03333333333333333,No clear difference
XLI,Industrials,recall,all_predictors,1.0,stress,30,0.0529874213836478,0.03407510651904252,0.04079380111693213,0.06518104165036347,0.0,0.9666666666666667,0.03333333333333333,Random Forest more robust
XLI,Industrials,recall,momentum,0.05,moderate,30,0.0015723270440251467,0.00962185478220057,-0.0018708094700183233,0.005015463558068617,0.3333333333333333,0.5,0.16666666666666666,No clear difference
XLI,Industrials,recall,momentum,0.1,moderate,30,0.0026729559748427663,0.010414505387878395,-0.001053826915607957,0.00639973886529349,0.3,0.4666666666666667,0.23333333333333334,No clear difference
XLI,Industrials,recall,momentum,0.2,moderate,30,0.00644654088050313,0.011717938510829255,0.0022533304372745417,0.010639751323731718,0.23333333333333334,0.6666666666666666,0.1,Random Forest more robust
XLI,Industrials,recall,momentum,0.5,stress,30,0.016823899371069165,0.01746066808359768,0.010575679542451158,0.02307211919968717,0.16666666666666666,0.8333333333333334,0.0,Random Forest more robust
XLI,Industrials,recall,momentum,1.0,stress,30,0.027201257861635224,0.018360254327229947,0.020631125230018848,0.033771390493251605,0.1,0.8666666666666667,0.03333333333333333,Random Forest more robust
XLI,Industrials,recall,returns,0.05,moderate,30,0.010377358490565992,0.0076761906070280175,0.007630468959796026,0.013124248021335959,0.03333333333333333,0.8666666666666667,0.1,Random Forest more robust
XLI,Industrials,recall,returns,0.1,moderate,30,0.010534591194968515,0.009243634196755935,0.007226799179214125,0.013842383210722904,0.13333333333333333,0.8,0.06666666666666667,Random Forest more robust
XLI,Industrials,recall,returns,0.2,moderate,30,0.014150943396226382,0.011079626783296263,0.010186149871165869,0.018115736921286894,0.06666666666666667,0.8666666666666667,0.06666666666666667,Random Forest more robust
XLI,Industrials,recall,returns,0.5,stress,30,0.018710691823899336,0.01431178026155377,0.01358928703085668,0.02383209661694199,0.06666666666666667,0.9333333333333333,0.0,Random Forest more robust
XLI,Industrials,recall,returns,1.0,stress,30,0.01871069182389934,0.022382605792285248,0.01070117920628813,0.026720204441510548,0.2,0.7333333333333333,0.06666666666666667,Random Forest more robust
XLI,Industrials,recall,volatility,0.05,moderate,30,0.0011006289308176163,0.01437596696573336,-0.0040437447793288065,0.006245002640964038,0.43333333333333335,0.43333333333333335,0.13333333333333333,No clear difference
XLI,Industrials,recall,volatility,0.1,moderate,30,-0.005974842767295581,0.01422844388866517,-0.011066426022294294,-0.0008832595122968689,0.5333333333333333,0.3,0.16666666666666666,Logistic Regression more robust
XLI,Industrials,recall,volatility,0.2,moderate,30,-0.007075471698113193,0.018404774218192928,-0.013661535568107792,-0.0004894078281185944,0.5333333333333333,0.36666666666666664,0.1,Logistic Regression more robust
XLI,Industrials,recall,volatility,0.5,stress,30,-0.012264150943396206,0.027099824919615552,-0.021961698746500058,-0.002566603140292353,0.6,0.3333333333333333,0.06666666666666667,Logistic Regression more robust
XLI,Industrials,recall,volatility,1.0,stress,30,-0.0009433962264150774,0.028849612113083695,-0.011267097335093755,0.009380304882263601,0.4666666666666667,0.4666666666666667,0.06666666666666667,No clear difference
XLI,Industrials,recall,volume_and_range,0.05,moderate,30,0.008962264150943346,0.006236904868210256,0.006730416407192751,0.01119411189469394,0.0,0.7666666666666667,0.23333333333333334,Random Forest more robust
XLI,Industrials,recall,volume_and_range,0.1,moderate,30,0.008805031446540832,0.007404860875140546,0.006155236013359575,0.011454826879722088,0.1,0.8,0.1,Random Forest more robust
XLI,Industrials,recall,volume_and_range,0.2,moderate,30,0.013679245283018806,0.011172720040129007,0.009681138763835268,0.017677351802202344,0.06666666666666667,0.8,0.13333333333333333,Random Forest more robust
XLI,Industrials,recall,volume_and_range,0.5,stress,30,0.022641509433962235,0.01668394614584801,0.01667123598113778,0.028611782886786688,0.1,0.8333333333333334,0.06666666666666667,Random Forest more robust
XLI,Industrials,recall,volume_and_range,1.0,stress,30,0.025314465408805043,0.017319486272383538,0.019116766842491834,0.03151216397511825,0.06666666666666667,0.8666666666666667,0.06666666666666667,Random Forest more robust
XLI,Industrials,roc_auc,all_predictors,0.05,moderate,30,3.6913054259378055e-05,0.0037767277939396863,-0.0013145716298549814,0.0013883977383737374,0.5333333333333333,0.4666666666666667,0.0,No clear difference
XLI,Industrials,roc_auc,all_predictors,0.1,moderate,30,0.0017011000653727331,0.005713355825693542,-0.0003433980596207261,0.0037455981903661926,0.43333333333333335,0.5666666666666667,0.0,No clear difference
XLI,Industrials,roc_auc,all_predictors,0.2,moderate,30,0.005746038186695515,0.008138627330056866,0.0028336677998393924,0.008658408573551638,0.2,0.8,0.0,Random Forest more robust
XLI,Industrials,roc_auc,all_predictors,0.5,stress,30,0.018402002885417438,0.01097710625057098,0.014473895861832566,0.02233010990900231,0.03333333333333333,0.9666666666666667,0.0,Random Forest more robust
XLI,Industrials,roc_auc,all_predictors,1.0,stress,30,0.03570534929329819,0.013148322283129576,0.031000282590857162,0.04041041599573921,0.0,1.0,0.0,Random Forest more robust
XLI,Industrials,roc_auc,momentum,0.05,moderate,30,0.0011544487274858868,0.0013964441692793676,0.0006547375992361169,0.001654159855735657,0.23333333333333334,0.7666666666666667,0.0,Random Forest more robust
XLI,Industrials,roc_auc,momentum,0.1,moderate,30,0.002438234034399599,0.0028773550988886666,0.0014085857359052297,0.0034678823328939687,0.2,0.8,0.0,Random Forest more robust
XLI,Industrials,roc_auc,momentum,0.2,moderate,30,0.002853717229097648,0.004212384843465557,0.0013463346719871316,0.004361099786208165,0.26666666666666666,0.7333333333333333,0.0,Random Forest more robust
XLI,Industrials,roc_auc,momentum,0.5,stress,30,0.008407441220892197,0.008372709787331595,0.005411305502487876,0.011403576939296518,0.1,0.9,0.0,Random Forest more robust
XLI,Industrials,roc_auc,momentum,1.0,stress,30,0.028337250061991368,0.011096905071685563,0.024366273580837667,0.032308226543145066,0.0,1.0,0.0,Random Forest more robust
XLI,Industrials,roc_auc,returns,0.05,moderate,30,-0.00012186943486388379,0.0010047894704250818,-0.0004814287290809355,0.00023768985935316788,0.6,0.4,0.0,No clear difference
XLI,Industrials,roc_auc,returns,0.1,moderate,30,-6.0441604111707144e-05,0.0016361903600853223,-0.0006459448049246449,0.0005250615967012307,0.5333333333333333,0.4666666666666667,0.0,No clear difference
XLI,Industrials,roc_auc,returns,0.2,moderate,30,0.0007467144563919092,0.002582276093454489,-0.0001773411761211009,0.0016707700889049193,0.4666666666666667,0.5333333333333333,0.0,No clear difference
XLI,Industrials,roc_auc,returns,0.5,stress,30,0.001719697482022479,0.004888900362662917,-2.9773044527623208e-05,0.0034691680085725814,0.3333333333333333,0.6666666666666666,0.0,No clear difference
XLI,Industrials,roc_auc,returns,1.0,stress,30,0.005849028425869581,0.006766479252523184,0.0034276749224911207,0.008270381929248042,0.16666666666666666,0.8333333333333334,0.0,Random Forest more robust
XLI,Industrials,roc_auc,volatility,0.05,moderate,30,4.860688442556663e-05,0.0027062615319726185,-0.0009198163674534292,0.0010170301363045624,0.5333333333333333,0.4666666666666667,0.0,No clear difference
XLI,Industrials,roc_auc,volatility,0.1,moderate,30,-5.663758706970676e-05,0.0031533543221031416,-0.0011850509391642774,0.001071775765024864,0.5333333333333333,0.4666666666666667,0.0,No clear difference
XLI,Industrials,roc_auc,volatility,0.2,moderate,30,0.0028858400396744796,0.004754375457781705,0.0011845086320914993,0.0045871714472574595,0.23333333333333334,0.7666666666666667,0.0,Random Forest more robust
XLI,Industrials,roc_auc,volatility,0.5,stress,30,0.019139841302044637,0.00891010162106444,0.01595140238566468,0.022328280218424593,0.0,1.0,0.0,Random Forest more robust
XLI,Industrials,roc_auc,volatility,1.0,stress,30,0.047540914316629525,0.011214143191084179,0.043527984713247675,0.051553843920011375,0.0,1.0,0.0,Random Forest more robust
XLI,Industrials,roc_auc,volume_and_range,0.05,moderate,30,-0.0005786332589436098,0.001265570009313267,-0.001031511670516171,-0.0001257548473710487,0.7,0.3,0.0,Logistic Regression more robust
XLI,Industrials,roc_auc,volume_and_range,0.1,moderate,30,-0.0009255032573656624,0.0015341250502387128,-0.0014744828561179953,-0.0003765236586133294,0.7333333333333333,0.26666666666666666,0.0,Logistic Regression more robust
XLI,Industrials,roc_auc,volume_and_range,0.2,moderate,30,-0.0012923795676381966,0.002958060154433039,-0.002350907799357788,-0.0002338513359186052,0.6666666666666666,0.3333333333333333,0.0,Logistic Regression more robust
XLI,Industrials,roc_auc,volume_and_range,0.5,stress,30,-0.0035549243705056198,0.0048519195620047905,-0.005291161487495218,-0.0018186872535160218,0.6666666666666666,0.3333333333333333,0.0,Logistic Regression more robust
XLI,Industrials,roc_auc,volume_and_range,1.0,stress,30,-0.004342919456279137,0.006838634054800839,-0.006790093224046264,-0.0018957456885120095,0.6,0.4,0.0,Logistic Regression more robust
XLK,Technology,accuracy,all_predictors,0.05,moderate,30,0.0006526104417670165,0.004212290035416941,-0.0008547381887190177,0.0021599590722530507,0.5666666666666667,0.4,0.03333333333333333,No clear difference
XLK,Technology,accuracy,all_predictors,0.1,moderate,30,0.0033885542168673997,0.00499785187436329,0.0016000958925706768,0.005177012541164122,0.23333333333333334,0.7333333333333333,0.03333333333333333,Random Forest more robust
XLK,Technology,accuracy,all_predictors,0.2,moderate,30,0.011772088353413594,0.0062392863877972155,0.009539388393823706,0.014004788313003481,0.0,0.9333333333333333,0.06666666666666667,Random Forest more robust
XLK,Technology,accuracy,all_predictors,0.5,stress,30,0.030296184738955786,0.010312811834539717,0.02660579241920781,0.03398657705870376,0.0,1.0,0.0,Random Forest more robust
XLK,Technology,accuracy,all_predictors,1.0,stress,30,0.031551204819277076,0.010367020165760915,0.027841414297330253,0.0352609953412239,0.0,1.0,0.0,Random Forest more robust
XLK,Technology,accuracy,momentum,0.05,moderate,30,0.00027610441767066666,0.0019119873679288308,-0.0004080914749013061,0.0009603003102426394,0.4,0.36666666666666664,0.23333333333333334,No clear difference
XLK,Technology,accuracy,momentum,0.1,moderate,30,0.0015060240963854997,0.003126712343890771,0.0003871444537540004,0.002624903739016999,0.3,0.6666666666666666,0.03333333333333333,Random Forest more robust
XLK,Technology,accuracy,momentum,0.2,moderate,30,0.0026104417670682095,0.005125265571020466,0.0007763890369859063,0.004444494497150513,0.3333333333333333,0.6666666666666666,0.0,Random Forest more robust
XLK,Technology,accuracy,momentum,0.5,stress,30,0.008232931726907582,0.005010290273804572,0.006440022378534736,0.010025841075280428,0.03333333333333333,0.9333333333333333,0.03333333333333333,Random Forest more robust
XLK,Technology,accuracy,momentum,1.0,stress,30,0.02371987951807224,0.007403774899781141,0.021070472696182462,0.02636928633996202,0.0,1.0,0.0,Random Forest more robust
XLK,Technology,accuracy,returns,0.05,moderate,30,-0.0013052208835341,0.0012338964589257144,-0.0017467650606646154,-0.0008636767064035846,0.8,0.1,0.1,Logistic Regression more robust
XLK,Technology,accuracy,returns,0.1,moderate,30,-0.0007781124497992,0.0018706347622708933,-0.001447510502483267,-0.00010871439711513308,0.5666666666666667,0.3,0.13333333333333333,Logistic Regression more robust
XLK,Technology,accuracy,returns,0.2,moderate,30,0.00047690763052203985,0.0030151841105311447,-0.0006020621463590781,0.0015558774074031579,0.3,0.5333333333333333,0.16666666666666666,No clear difference
XLK,Technology,accuracy,returns,0.5,stress,30,0.0011797188755019634,0.004814257118365918,-0.0005430409091191403,0.0029024786601230673,0.4,0.6,0.0,No clear difference
XLK,Technology,accuracy,returns,1.0,stress,30,7.530120481922684e-05,0.005502836068269648,-0.0018938633924790655,0.002044465802117519,0.5333333333333333,0.4666666666666667,0.0,No clear difference
XLK,Technology,accuracy,volatility,0.05,moderate,30,-0.0008785140562249034,0.003499031871626156,-0.0021306265307640916,0.00037359841831428506,0.5,0.4666666666666667,0.03333333333333333,No clear difference
XLK,Technology,accuracy,volatility,0.1,moderate,30,0.0017570281124497432,0.003991102664597556,0.0003288303660866263,0.00318522585881286,0.26666666666666666,0.7333333333333333,0.0,Random Forest more robust
XLK,Technology,accuracy,volatility,0.2,moderate,30,0.006501004016064163,0.004988976311028643,0.004715721771316756,0.00828628626081157,0.06666666666666667,0.9,0.03333333333333333,Random Forest more robust
XLK,Technology,accuracy,volatility,0.5,stress,30,0.02489959839357427,0.0059025615955188675,0.022787393853393748,0.02701180293375479,0.0,1.0,0.0,Random Forest more robust
XLK,Technology,accuracy,volatility,1.0,stress,30,0.05790662650602405,0.010460897338831952,0.054163242469131026,0.06165001054291708,0.0,1.0,0.0,Random Forest more robust
XLK,Technology,accuracy,volume_and_range,0.05,moderate,30,0.0013805220883533467,0.0026903053798701935,0.00041780867217350564,0.0023432355045331877,0.26666666666666666,0.6333333333333333,0.1,Random Forest more robust
XLK,Technology,accuracy,volume_and_range,0.1,moderate,30,0.0014056224899597935,0.002863859141610931,0.0003808036577530368,0.00243044132216655,0.26666666666666666,0.6,0.13333333333333333,Random Forest more robust
XLK,Technology,accuracy,volume_and_range,0.2,moderate,30,0.0028112449799196364,0.004227117737597986,0.0012985903243527242,0.004323899635486549,0.16666666666666666,0.7666666666666667,0.06666666666666667,Random Forest more robust
XLK,Technology,accuracy,volume_and_range,0.5,stress,30,0.012499999999999923,0.005105644575286198,0.010672968553067675,0.01432703144693217,0.0,1.0,0.0,Random Forest more robust
XLK,Technology,accuracy,volume_and_range,1.0,stress,30,0.038629518072289086,0.006588836874565866,0.03627173307746033,0.04098730306711784,0.0,1.0,0.0,Random Forest more robust
XLK,Technology,average_precision,all_predictors,0.05,moderate,30,-0.0016420817444204724,0.0026134751276902183,-0.002577301807951362,-0.0007068616808895828,0.7,0.3,0.0,Logistic Regression more robust
XLK,Technology,average_precision,all_predictors,0.1,moderate,30,-0.00034325005723685986,0.004050937904128557,-0.001792859569077548,0.0011063594546038284,0.5666666666666667,0.43333333333333335,0.0,No clear difference
XLK,Technology,average_precision,all_predictors,0.2,moderate,30,4.7992295781326485e-05,0.005536752542096322,-0.0019333091558037553,0.0020292937473664085,0.5666666666666667,0.43333333333333335,0.0,No clear difference
XLK,Technology,average_precision,all_predictors,0.5,stress,30,-0.0022902902655174066,0.010610825670964065,-0.0060873254670287865,0.0015067449359939728,0.43333333333333335,0.5666666666666667,0.0,No clear difference
XLK,Technology,average_precision,all_predictors,1.0,stress,30,-0.00572120311967674,0.012370401353789822,-0.010147894392693986,-0.001294511846659495,0.7666666666666667,0.23333333333333334,0.0,Logistic Regression more robust
XLK,Technology,average_precision,momentum,0.05,moderate,30,-0.0011278507641528678,0.0009689424795088888,-0.001474582377414845,-0.0007811191508908908,0.9,0.1,0.0,Logistic Regression more robust
XLK,Technology,average_precision,momentum,0.1,moderate,30,-0.001202987504885541,0.001800723955243332,-0.0018473682965683158,-0.0005586067132027662,0.7,0.3,0.0,Logistic Regression more robust
XLK,Technology,average_precision,momentum,0.2,moderate,30,-0.0005726663916848988,0.004440806647966498,-0.002161788641763533,0.0010164558583937353,0.5666666666666667,0.43333333333333335,0.0,No clear difference
XLK,Technology,average_precision,momentum,0.5,stress,30,0.001994654112579693,0.008521108293351322,-0.0010545853291993798,0.005043893554358766,0.5333333333333333,0.4666666666666667,0.0,No clear difference
XLK,Technology,average_precision,momentum,1.0,stress,30,0.014899018517665659,0.013433759407312503,0.01009180945213723,0.019706227583194087,0.13333333333333333,0.8666666666666667,0.0,Random Forest more robust
XLK,Technology,average_precision,returns,0.05,moderate,30,-0.0001368461331652295,0.0006670898896145345,-0.0003755611843765639,0.00010186891804610487,0.5666666666666667,0.43333333333333335,0.0,No clear difference
XLK,Technology,average_precision,returns,0.1,moderate,30,6.256016141104483e-05,0.0011961296413957134,-0.0003654693336337134,0.0004905896564558031,0.6333333333333333,0.36666666666666664,0.0,No clear difference
XLK,Technology,average_precision,returns,0.2,moderate,30,0.0002632026612802362,0.001854644074330364,-0.000400473197213729,0.0009268785197742014,0.5,0.5,0.0,No clear difference
XLK,Technology,average_precision,returns,0.5,stress,30,0.0015441820441997195,0.004040676486508462,9.824453349533573e-05,0.002990119554904103,0.43333333333333335,0.5666666666666667,0.0,Random Forest more robust
XLK,Technology,average_precision,returns,1.0,stress,30,0.0028334497953752405,0.0066013738451952825,0.00047117850322369974,0.005195721087526781,0.4,0.6,0.0,Random Forest more robust
XLK,Technology,average_precision,volatility,0.05,moderate,30,-3.6971778690192455e-05,0.00247911583818221,-0.0009241119879541317,0.0008501684305737469,0.5,0.5,0.0,No clear difference
XLK,Technology,average_precision,volatility,0.1,moderate,30,0.0004643290636426209,0.0038690501583768322,-0.0009201927542938378,0.0018488508815790797,0.43333333333333335,0.5666666666666667,0.0,No clear difference
XLK,Technology,average_precision,volatility,0.2,moderate,30,-9.146202803058667e-05,0.005218731701803422,-0.001958961183465358,0.0017760371274041847,0.43333333333333335,0.5666666666666667,0.0,No clear difference
XLK,Technology,average_precision,volatility,0.5,stress,30,0.0008345748703600266,0.0074081982270664285,-0.001816414818870227,0.00348556455959028,0.43333333333333335,0.5666666666666667,0.0,No clear difference
XLK,Technology,average_precision,volatility,1.0,stress,30,0.019565595641674864,0.01375656440072075,0.014642872292790633,0.024488318990559095,0.06666666666666667,0.9333333333333333,0.0,Random Forest more robust
XLK,Technology,average_precision,volume_and_range,0.05,moderate,30,-0.0005465094696215277,0.0009250034171349924,-0.0008775176913465358,-0.0002155012478965196,0.8,0.2,0.0,Logistic Regression more robust
XLK,Technology,average_precision,volume_and_range,0.1,moderate,30,-0.0007354452120139729,0.001662575449635825,-0.001330390195862932,-0.00014050022816501368,0.7,0.3,0.0,Logistic Regression more robust
XLK,Technology,average_precision,volume_and_range,0.2,moderate,30,-0.0007982649984105833,0.0036212515539039893,-0.0020941132245601655,0.0004975832277389987,0.5,0.5,0.0,No clear difference
XLK,Technology,average_precision,volume_and_range,0.5,stress,30,0.0006391260008469633,0.005584887978910318,-0.001359400495582933,0.0026376524972768598,0.5,0.5,0.0,No clear difference
XLK,Technology,average_precision,volume_and_range,1.0,stress,30,0.016393904421664777,0.009332880315969776,0.013054176092303752,0.0197336327510258,0.0,1.0,0.0,Random Forest more robust
XLK,Technology,balanced_accuracy,all_predictors,0.05,moderate,30,-0.0008747578476179434,0.004814585801471418,-0.0025976352499778,0.0008481195547419133,0.6,0.4,0.0,No clear difference
XLK,Technology,balanced_accuracy,all_predictors,0.1,moderate,30,0.00016447554025842206,0.006969072889089775,-0.0023293751648929945,0.0026583262454098386,0.5333333333333333,0.4666666666666667,0.0,No clear difference
XLK,Technology,balanced_accuracy,all_predictors,0.2,moderate,30,0.007219338336248547,0.006852814162275171,0.004767090282190147,0.009671586390306946,0.13333333333333333,0.8666666666666667,0.0,Random Forest more robust
XLK,Technology,balanced_accuracy,all_predictors,0.5,stress,30,0.02238099268370665,0.011774379697997907,0.018167585021040093,0.026594400346373205,0.0,1.0,0.0,Random Forest more robust
XLK,Technology,balanced_accuracy,all_predictors,1.0,stress,30,0.02526914179315016,0.010759654139401421,0.021418849008188884,0.029119434578111433,0.03333333333333333,0.9666666666666667,0.0,Random Forest more robust
XLK,Technology,balanced_accuracy,momentum,0.05,moderate,30,-0.00011275367225259995,0.002175552837555222,-0.0008912652568458666,0.0006657579123406667,0.5666666666666667,0.36666666666666664,0.06666666666666667,No clear difference
XLK,Technology,balanced_accuracy,momentum,0.1,moderate,30,0.00098854595723072,0.0032623517819600828,-0.00017887163494713213,0.002155963549408572,0.4666666666666667,0.5333333333333333,0.0,No clear difference
XLK,Technology,balanced_accuracy,momentum,0.2,moderate,30,0.0009798942993097394,0.005175188150570146,-0.0008720229964320585,0.002831811595051537,0.5,0.5,0.0,No clear difference
XLK,Technology,balanced_accuracy,momentum,0.5,stress,30,0.006121047979085551,0.005316520058985782,0.004218555709445214,0.008023540248725886,0.16666666666666666,0.8333333333333334,0.0,Random Forest more robust
XLK,Technology,balanced_accuracy,momentum,1.0,stress,30,0.02202533431134683,0.009553891877058216,0.018606518010567126,0.025444150612126536,0.0,1.0,0.0,Random Forest more robust
XLK,Technology,balanced_accuracy,returns,0.05,moderate,30,-0.0016511501062649201,0.001665036566210084,-0.0022469757893692687,-0.0010553244231605715,0.8,0.16666666666666666,0.03333333333333333,Logistic Regression more robust
XLK,Technology,balanced_accuracy,returns,0.1,moderate,30,-0.0013687487069533033,0.0020745938330902786,-0.0021111325757824768,-0.0006263648381241299,0.7,0.23333333333333334,0.06666666666666667,Logistic Regression more robust
XLK,Technology,balanced_accuracy,returns,0.2,moderate,30,-5.6517895766356626e-05,0.00375590519752506,-0.0014005513094494661,0.001287515517916753,0.43333333333333335,0.5333333333333333,0.03333333333333333,No clear difference
XLK,Technology,balanced_accuracy,returns,0.5,stress,30,0.00059649419774683,0.005977807112104838,-0.0015426366047333966,0.002735625000227057,0.4666666666666667,0.5333333333333333,0.0,No clear difference
XLK,Technology,balanced_accuracy,returns,1.0,stress,30,0.0007710319923263469,0.005944327595284761,-0.00135611831892375,0.0028981823035764435,0.4,0.6,0.0,No clear difference
XLK,Technology,balanced_accuracy,volatility,0.05,moderate,30,-0.001770110402678214,0.00403540577770842,-0.0032141618144614324,-0.00032605899089499534,0.6,0.4,0.0,Logistic Regression more robust
XLK,Technology,balanced_accuracy,volatility,0.1,moderate,30,-0.0007728187477665312,0.004891227841008403,-0.0025231221517460264,0.000977484656212964,0.5333333333333333,0.4666666666666667,0.0,No clear difference
XLK,Technology,balanced_accuracy,volatility,0.2,moderate,30,0.0009946585416313798,0.00559157839513092,-0.00100626208949549,0.0029955791727582495,0.4,0.6,0.0,No clear difference
XLK,Technology,balanced_accuracy,volatility,0.5,stress,30,0.01382986326618898,0.007302174841067234,0.011216813558380154,0.016442912973997807,0.0,1.0,0.0,Random Forest more robust
XLK,Technology,balanced_accuracy,volatility,1.0,stress,30,0.03416379845398635,0.0111570761525468,0.0301712900280785,0.0381563068798942,0.0,1.0,0.0,Random Forest more robust
XLK,Technology,balanced_accuracy,volume_and_range,0.05,moderate,30,-1.081457240118995e-05,0.0033214702191387484,-0.0011993874256290842,0.0011777582808267044,0.6,0.4,0.0,No clear difference
XLK,Technology,balanced_accuracy,volume_and_range,0.1,moderate,30,-0.0005187233162180834,0.003195345814136753,-0.001662163130753924,0.0006247164983177573,0.5666666666666667,0.4,0.03333333333333333,No clear difference
XLK,Technology,balanced_accuracy,volume_and_range,0.2,moderate,30,0.00023434708194625928,0.004945340339982352,-0.001535320231102827,0.0020040143949953456,0.5,0.5,0.0,No clear difference
XLK,Technology,balanced_accuracy,volume_and_range,0.5,stress,30,0.008636235400327227,0.00583332929084591,0.006548805322198641,0.010723665478455813,0.03333333333333333,0.9666666666666667,0.0,Random Forest more robust
XLK,Technology,balanced_accuracy,volume_and_range,1.0,stress,30,0.029732833041810063,0.007139845066428513,0.02717787229782648,0.03228779378579364,0.0,1.0,0.0,Random Forest more robust
XLK,Technology,f1_score,all_predictors,0.05,moderate,30,-0.0008792118692923299,0.006313601674674248,-0.003138505212755696,0.0013800814741710362,0.6333333333333333,0.36666666666666664,0.0,No clear difference
XLK,Technology,f1_score,all_predictors,0.1,moderate,30,0.0007431326495412568,0.008965562178199396,-0.002465152572325851,0.003951417871408364,0.5333333333333333,0.4666666666666667,0.0,No clear difference
XLK,Technology,f1_score,all_predictors,0.2,moderate,30,0.010030451124212669,0.008896183309066585,0.006846992811815878,0.01321390943660946,0.13333333333333333,0.8666666666666667,0.0,Random Forest more robust
XLK,Technology,f1_score,all_predictors,0.5,stress,30,0.027134721418891776,0.014716809084004247,0.021868378923151813,0.03240106391463174,0.0,1.0,0.0,Random Forest more robust
XLK,Technology,f1_score,all_predictors,1.0,stress,30,0.02393724548680135,0.012554816693039574,0.019444562032162827,0.02842992894143987,0.06666666666666667,0.9333333333333333,0.0,Random Forest more robust
XLK,Technology,f1_score,momentum,0.05,moderate,30,-6.403714075171997e-05,0.002822629239331935,-0.0010741020419108094,0.0009460277604073695,0.5666666666666667,0.43333333333333335,0.0,No clear difference
XLK,Technology,f1_score,momentum,0.1,moderate,30,0.0014651663152588134,0.004279929967768956,-6.638695416227186e-05,0.0029967195846798984,0.4,0.6,0.0,No clear difference
XLK,Technology,f1_score,momentum,0.2,moderate,30,0.0016688528182716004,0.006822901303681942,-0.0007726910568116294,0.004110396693354831,0.4666666666666667,0.5333333333333333,0.0,No clear difference
XLK,Technology,f1_score,momentum,0.5,stress,30,0.008296581260065883,0.006858679717721487,0.005842234243947723,0.010750928276184043,0.16666666666666666,0.8333333333333334,0.0,Random Forest more robust
XLK,Technology,f1_score,momentum,1.0,stress,30,0.028111664800176284,0.011607755348240994,0.02395788289530417,0.0322654467050484,0.0,1.0,0.0,Random Forest more robust
XLK,Technology,f1_score,returns,0.05,moderate,30,-0.00222003115975124,0.0022179605907911137,-0.003013718163943975,-0.0014263441555585048,0.8,0.16666666666666666,0.03333333333333333,Logistic Regression more robust
XLK,Technology,f1_score,returns,0.1,moderate,30,-0.0017985439118183568,0.0028023707251075207,-0.0028013593967655755,-0.0007957284268711382,0.7333333333333333,0.26666666666666666,0.0,Logistic Regression more robust
XLK,Technology,f1_score,returns,0.2,moderate,30,4.4464139081176704e-05,0.0050047028817285,-0.0017464457867155784,0.0018353740648779317,0.4666666666666667,0.5333333333333333,0.0,No clear difference
XLK,Technology,f1_score,returns,0.5,stress,30,0.0009960815085148234,0.007923104338845351,-0.0018391649664289103,0.003831327983458557,0.4666666666666667,0.5333333333333333,0.0,No clear difference
XLK,Technology,f1_score,returns,1.0,stress,30,0.000969841845466744,0.0078097474643354075,-0.0018248403928949695,0.003764524083828457,0.4,0.6,0.0,No clear difference
XLK,Technology,f1_score,volatility,0.05,moderate,30,-0.002248149133086423,0.005345956177130794,-0.004161174982323521,-0.000335123283849325,0.6,0.4,0.0,Logistic Regression more robust
XLK,Technology,f1_score,volatility,0.1,moderate,30,-0.0005329731520100864,0.006471339849994692,-0.0028487123765845576,0.001782766072564385,0.5333333333333333,0.4666666666666667,0.0,No clear difference
XLK,Technology,f1_score,volatility,0.2,moderate,30,0.0022092133944768373,0.007517675406537455,-0.0004809522002959207,0.004899378989249595,0.36666666666666664,0.6333333333333333,0.0,No clear difference
XLK,Technology,f1_score,volatility,0.5,stress,30,0.01791608991563768,0.009311372803614335,0.014584057950729614,0.021248121880545746,0.03333333333333333,0.9666666666666667,0.0,Random Forest more robust
XLK,Technology,f1_score,volatility,1.0,stress,30,0.037784199773074977,0.01392028147219034,0.03280289102257026,0.042765508523579694,0.0,1.0,0.0,Random Forest more robust
XLK,Technology,f1_score,volume_and_range,0.05,moderate,30,0.00024217767818625346,0.004363679411483027,-0.0013193449447752924,0.0018037003011477995,0.5666666666666667,0.43333333333333335,0.0,No clear difference
XLK,Technology,f1_score,volume_and_range,0.1,moderate,30,-0.00035636612276558,0.004233187437105523,-0.001871192792406362,0.001158460546875202,0.43333333333333335,0.5333333333333333,0.03333333333333333,No clear difference
XLK,Technology,f1_score,volume_and_range,0.2,moderate,30,0.0007940697550459434,0.006413501531833526,-0.001500972293185774,0.003089111803277661,0.4666666666666667,0.5333333333333333,0.0,No clear difference
XLK,Technology,f1_score,volume_and_range,0.5,stress,30,0.011915640481881826,0.0073901322514926555,0.0092711156189837,0.014560165344779953,0.03333333333333333,0.9666666666666667,0.0,Random Forest more robust
XLK,Technology,f1_score,volume_and_range,1.0,stress,30,0.03896638194493947,0.008961463373468348,0.03575956346150823,0.04217320042837071,0.0,1.0,0.0,Random Forest more robust
XLK,Technology,precision,all_predictors,0.05,moderate,30,0.0014371764894219134,0.006804648103900148,-0.0009978355620067871,0.003872188540850614,0.5333333333333333,0.4666666666666667,0.0,No clear difference
XLK,Technology,precision,all_predictors,0.1,moderate,30,0.006127488808816013,0.007495444971736105,0.003445278272971102,0.008809699344660924,0.2,0.8,0.0,Random Forest more robust
XLK,Technology,precision,all_predictors,0.2,moderate,30,0.018102288495734954,0.00981586268089053,0.01458972714675966,0.021614849844710248,0.03333333333333333,0.9666666666666667,0.0,Random Forest more robust
XLK,Technology,precision,all_predictors,0.5,stress,30,0.03638322525965991,0.013950804473048287,0.031390993993574666,0.041375456525745154,0.0,1.0,0.0,Random Forest more robust
XLK,Technology,precision,all_predictors,1.0,stress,30,0.017926359743861253,0.011802809303470479,0.013702778677532076,0.02214994081019043,0.06666666666666667,0.9333333333333333,0.0,Random Forest more robust
XLK,Technology,precision,momentum,0.05,moderate,30,0.0006396121955737831,0.0029841976029478757,-0.0004282692019753159,0.001707493593122882,0.43333333333333335,0.5666666666666667,0.0,No clear difference
XLK,Technology,precision,momentum,0.1,moderate,30,0.00261373078625033,0.004969942453871101,0.0008352597198116466,0.004392201852689013,0.26666666666666666,0.7333333333333333,0.0,Random Forest more robust
XLK,Technology,precision,momentum,0.2,moderate,30,0.004460277529994966,0.00802131128021374,0.0015898881524184097,0.007330666907571522,0.3333333333333333,0.6666666666666666,0.0,Random Forest more robust
XLK,Technology,precision,momentum,0.5,stress,30,0.011730202741195591,0.0074047116377301166,0.009080460711935797,0.014379944770455386,0.06666666666666667,0.9333333333333333,0.0,Random Forest more robust
XLK,Technology,precision,momentum,1.0,stress,30,0.030408017251138748,0.009564830539648546,0.026985286600222598,0.0338307479020549,0.0,1.0,0.0,Random Forest more robust
XLK,Technology,precision,returns,0.05,moderate,30,-0.0019367163560351634,0.0019637165722091103,-0.0026394233066236563,-0.0012340094054466707,0.8333333333333334,0.13333333333333333,0.03333333333333333,Logistic Regression more robust
XLK,Technology,precision,returns,0.1,moderate,30,-0.0009556752952708833,0.003272121920458317,-0.002126589086609085,0.00021523849606731827,0.6,0.4,0.0,No clear difference
XLK,Technology,precision,returns,0.2,moderate,30,0.0010749950188690032,0.004820138045258986,-0.0006498692284134366,0.002799859266151443,0.4,0.6,0.0,No clear difference
XLK,Technology,precision,returns,0.5,stress,30,0.0021007981095375735,0.007646555731632655,-0.0006354867172670342,0.004837082936342181,0.4,0.6,0.0,No clear difference
XLK,Technology,precision,returns,1.0,stress,30,-0.0007272632945091701,0.009036245201963423,-0.003960842111587789,0.002506315522569449,0.5,0.5,0.0,No clear difference
XLK,Technology,precision,volatility,0.05,moderate,30,-0.0012558790155551564,0.0054774776591179405,-0.0032159692226797557,0.000704211191569443,0.5,0.5,0.0,No clear difference
XLK,Technology,precision,volatility,0.1,moderate,30,0.0035808675232109335,0.006268979247523998,0.0013375421102291714,0.005824192936192695,0.3,0.7,0.0,Random Forest more robust
XLK,Technology,precision,volatility,0.2,moderate,30,0.011452230758281062,0.00848070935285743,0.00841744789169376,0.014487013624868364,0.06666666666666667,0.9333333333333333,0.0,Random Forest more robust
XLK,Technology,precision,volatility,0.5,stress,30,0.03483398661562074,0.008793383415952899,0.03168731477253071,0.03798065845871077,0.0,1.0,0.0,Random Forest more robust
XLK,Technology,precision,volatility,1.0,stress,30,0.06381304527351193,0.01362171707304825,0.05893857642110891,0.06868751412591496,0.0,1.0,0.0,Random Forest more robust
XLK,Technology,precision,volume_and_range,0.05,moderate,30,0.002822667003571743,0.004209601921537775,0.0013162803022834326,0.004329053704860053,0.26666666666666666,0.7333333333333333,0.0,Random Forest more robust
XLK,Technology,precision,volume_and_range,0.1,moderate,30,0.0029689966313579267,0.004558040880119685,0.0013379226500840554,0.004600070612631798,0.23333333333333334,0.7333333333333333,0.03333333333333333,Random Forest more robust
XLK,Technology,precision,volume_and_range,0.2,moderate,30,0.005093718983399789,0.0066454389374727375,0.0027156792004894947,0.007471758766310083,0.16666666666666666,0.8333333333333334,0.0,Random Forest more robust
XLK,Technology,precision,volume_and_range,0.5,stress,30,0.019339931485681902,0.007686004194707397,0.016589530207661796,0.02209033276370201,0.0,1.0,0.0,Random Forest more robust
XLK,Technology,precision,volume_and_range,1.0,stress,30,0.0547232864465746,0.009526905832951113,0.05131412697765715,0.05813244591549205,0.0,1.0,0.0,Random Forest more robust
XLK,Technology,recall,all_predictors,0.05,moderate,30,-0.004324324324324297,0.008203846085967926,-0.007260032943253229,-0.0013886157053953647,0.6666666666666666,0.26666666666666666,0.06666666666666667,Logistic Regression more robust
XLK,Technology,recall,all_predictors,0.1,moderate,30,-0.007117117117117073,0.012606730976720847,-0.01162837785958518,-0.0026058563746489665,0.6,0.3333333333333333,0.06666666666666667,Logistic Regression more robust
XLK,Technology,recall,all_predictors,0.2,moderate,30,-0.0030630630630630435,0.012102126512557905,-0.007393753417073115,0.0012676272909470277,0.4666666666666667,0.36666666666666664,0.16666666666666666,No clear difference
XLK,Technology,recall,all_predictors,0.5,stress,30,0.0045045045045044784,0.017777204035420168,-0.0018569862597488974,0.010865995268757854,0.4,0.5666666666666667,0.03333333333333333,No clear difference
XLK,Technology,recall,all_predictors,1.0,stress,30,0.01108108108108108,0.01794665894225838,0.004658951657190291,0.01750321050497187,0.2,0.6666666666666666,0.13333333333333333,Random Forest more robust
XLK,Technology,recall,momentum,0.05,moderate,30,-0.0009909909909909533,0.003720908388004844,-0.0023225009572243062,0.0003405189752423996,0.5,0.3,0.2,No clear difference
XLK,Technology,recall,momentum,0.1,moderate,30,-0.00018018018018017002,0.004913976672516147,-0.0019386241489664669,0.0015782637886061267,0.36666666666666664,0.3,0.3333333333333333,No clear difference
XLK,Technology,recall,momentum,0.2,moderate,30,-0.0027027027027027068,0.007477833038552596,-0.005378610889198175,-2.6794516207238536e-05,0.5333333333333333,0.3,0.16666666666666666,Logistic Regression more robust
XLK,Technology,recall,momentum,0.5,stress,30,0.0013513513513513594,0.009110180598885966,-0.0019086849077264085,0.004611387610429127,0.43333333333333335,0.5,0.06666666666666667,No clear difference
XLK,Technology,recall,momentum,1.0,stress,30,0.01819819819819814,0.016446536678517802,0.012312880632180084,0.024083515764216197,0.06666666666666667,0.8666666666666667,0.06666666666666667,Random Forest more robust
XLK,Technology,recall,returns,0.05,moderate,30,-0.002432432432432383,0.003040411098000535,-0.0035204295708421594,-0.0013444352940226066,0.7,0.16666666666666666,0.13333333333333333,Logistic Regression more robust
XLK,Technology,recall,returns,0.1,moderate,30,-0.002702702702702667,0.004015034338963266,-0.0041394642887532425,-0.0012659411166520912,0.6,0.13333333333333333,0.26666666666666666,Logistic Regression more robust
XLK,Technology,recall,returns,0.2,moderate,30,-0.00126126126126126,0.006176718526739019,-0.003471571599318551,0.0009490490767960309,0.4666666666666667,0.4666666666666667,0.06666666666666667,No clear difference
XLK,Technology,recall,returns,0.5,stress,30,-0.0007207207207207168,0.010234728645807087,-0.004383171330232574,0.0029417298887911406,0.4666666666666667,0.43333333333333335,0.1,No clear difference
XLK,Technology,recall,returns,1.0,stress,30,0.0023423423423423262,0.010303407895852774,-0.0013446848211648038,0.006029369505849456,0.3,0.5333333333333333,0.16666666666666666,No clear difference
XLK,Technology,recall,volatility,0.05,moderate,30,-0.003783783783783743,0.006528290269239654,-0.006119902454154377,-0.0014476651134131087,0.6333333333333333,0.3333333333333333,0.03333333333333333,Logistic Regression more robust
XLK,Technology,recall,volatility,0.1,moderate,30,-0.006486486486486444,0.008445899347494921,-0.009508812752633317,-0.0034641602203395704,0.7,0.2,0.1,Logistic Regression more robust
XLK,Technology,recall,volatility,0.2,moderate,30,-0.01144144144144142,0.010965421293141599,-0.015365367056711488,-0.007517515826171353,0.8333333333333334,0.1,0.06666666666666667,Logistic Regression more robust
XLK,Technology,recall,volatility,0.5,stress,30,-0.011171171171171133,0.01531732530713296,-0.016652405637527293,-0.005689936704814974,0.7666666666666667,0.23333333333333334,0.0,Logistic Regression more robust
XLK,Technology,recall,volatility,1.0,stress,30,-0.01945945945945946,0.017806462281709717,-0.025831420152683575,-0.013087498766235342,0.8333333333333334,0.16666666666666666,0.0,Logistic Regression more robust
XLK,Technology,recall,volume_and_range,0.05,moderate,30,-0.003153153153153107,0.005455653372025282,-0.005105433639440856,-0.0012008726668653583,0.7,0.2,0.1,Logistic Regression more robust
XLK,Technology,recall,volume_and_range,0.1,moderate,30,-0.004864864864864834,0.005377373727746035,-0.00678913334020197,-0.0029405963895276985,0.7333333333333333,0.16666666666666666,0.1,Logistic Regression more robust
XLK,Technology,recall,volume_and_range,0.2,moderate,30,-0.00558558558558554,0.009441024063017223,-0.00896401265782443,-0.0022071585133466498,0.6333333333333333,0.23333333333333334,0.13333333333333333,Logistic Regression more robust
XLK,Technology,recall,volume_and_range,0.5,stress,30,-9.009009009010032e-05,0.011143151986408617,-0.0040776158171375735,0.0038974356369573726,0.36666666666666664,0.5,0.13333333333333333,No clear difference
XLK,Technology,recall,volume_and_range,1.0,stress,30,0.009639639639639616,0.012690369641658959,0.005098449185306912,0.01418083009397232,0.26666666666666666,0.7,0.03333333333333333,Random Forest more robust
XLK,Technology,roc_auc,all_predictors,0.05,moderate,30,0.00013673381105525824,0.0014239630628507295,-0.0003728248267887027,0.0006462924488992191,0.43333333333333335,0.5666666666666667,0.0,No clear difference
XLK,Technology,roc_auc,all_predictors,0.1,moderate,30,0.0010426188192367034,0.0022651012568543397,0.0002320627443405857,0.0018531748941328211,0.3333333333333333,0.6666666666666666,0.0,Random Forest more robust
XLK,Technology,roc_auc,all_predictors,0.2,moderate,30,0.0024160695141905303,0.003969753669652876,0.00099551140755344,0.0038366276208276207,0.3333333333333333,0.6666666666666666,0.0,Random Forest more robust
XLK,Technology,roc_auc,all_predictors,0.5,stress,30,0.0075110496718012254,0.006265462019396849,0.005268982882740416,0.009753116460862035,0.06666666666666667,0.9333333333333333,0.0,Random Forest more robust
XLK,Technology,roc_auc,all_predictors,1.0,stress,30,0.009859786717824282,0.00939995719678947,0.006496055234931396,0.013223518200717167,0.16666666666666666,0.8333333333333334,0.0,Random Forest more robust
XLK,Technology,roc_auc,momentum,0.05,moderate,30,-0.00039355639564401856,0.0005270630082720378,-0.0005821634708973415,-0.00020494932039069556,0.7,0.3,0.0,Logistic Regression more robust
XLK,Technology,roc_auc,momentum,0.1,moderate,30,-0.00048270608813405573,0.0008486749695841599,-0.0007864005256904758,-0.00017901165057763568,0.7333333333333333,0.26666666666666666,0.0,Logistic Regression more robust
XLK,Technology,roc_auc,momentum,0.2,moderate,30,-0.00023707423498652754,0.0015115979535818003,-0.0007779926157293882,0.00030384414575633316,0.6333333333333333,0.36666666666666664,0.0,No clear difference
XLK,Technology,roc_auc,momentum,0.5,stress,30,0.0022107807180875593,0.003841525401844111,0.0008361085077790693,0.0035854529283960495,0.26666666666666666,0.7333333333333333,0.0,Random Forest more robust
XLK,Technology,roc_auc,momentum,1.0,stress,30,0.013594387707122561,0.006118403445344467,0.01140494515294,0.015783830261305122,0.0,1.0,0.0,Random Forest more robust
XLK,Technology,roc_auc,returns,0.05,moderate,30,-4.673776072518905e-05,0.0004991412279606261,-0.00022535315521596638,0.0001318776337655883,0.5666666666666667,0.43333333333333335,0.0,No clear difference
XLK,Technology,roc_auc,returns,0.1,moderate,30,3.0751001523462445e-05,0.0008008594659132761,-0.0002558328777930683,0.0003173348808399932,0.5,0.5,0.0,No clear difference
XLK,Technology,roc_auc,returns,0.2,moderate,30,-0.00030252590795389305,0.0013108339777342518,-0.000771601822603419,0.00016655000669563288,0.5,0.5,0.0,No clear difference
XLK,Technology,roc_auc,returns,0.5,stress,30,-0.002423498655231389,0.0024475213225858346,-0.0032993329122900806,-0.0015476643981726977,0.9,0.1,0.0,Logistic Regression more robust
XLK,Technology,roc_auc,returns,1.0,stress,30,-0.004176775940867774,0.003982760765320944,-0.00560198857691215,-0.0027515633048233986,0.8333333333333334,0.16666666666666666,0.0,Logistic Regression more robust
XLK,Technology,roc_auc,volatility,0.05,moderate,30,-7.071789952793056e-05,0.0013808884768239775,-0.0005648624947228194,0.00042342669566695836,0.5,0.5,0.0,No clear difference
XLK,Technology,roc_auc,volatility,0.1,moderate,30,0.0008316876375331232,0.001817462782189003,0.00018131693355552645,0.00148205834151072,0.3,0.7,0.0,Random Forest more robust
XLK,Technology,roc_auc,volatility,0.2,moderate,30,0.0015508096823336648,0.002708472277132273,0.0005815953254593482,0.0025200240392079815,0.3333333333333333,0.6666666666666666,0.0,Random Forest more robust
XLK,Technology,roc_auc,volatility,0.5,stress,30,0.00755515431924615,0.004978389620193244,0.005773660473160265,0.009336648165332036,0.06666666666666667,0.9333333333333333,0.0,Random Forest more robust
XLK,Technology,roc_auc,volatility,1.0,stress,30,0.02952538133122683,0.006518150388841542,0.02719289117045617,0.031857871491997494,0.0,1.0,0.0,Random Forest more robust
XLK,Technology,roc_auc,volume_and_range,0.05,moderate,30,2.0688747202176748e-06,0.0005187540779310647,-0.00018356488799646517,0.00018770263743690053,0.5,0.5,0.0,No clear difference
XLK,Technology,roc_auc,volume_and_range,0.1,moderate,30,0.00010250333841143287,0.0009669132177057276,-0.00024350211284028978,0.0004485087896631555,0.5,0.5,0.0,No clear difference
XLK,Technology,roc_auc,volume_and_range,0.2,moderate,30,0.0006713498467151618,0.0017607201029664797,4.128424972142284e-05,0.0013014154437089006,0.3333333333333333,0.6666666666666666,0.0,Random Forest more robust
XLK,Technology,roc_auc,volume_and_range,0.5,stress,30,0.003338881679173927,0.0028138787404202404,0.0023319481038351656,0.004345815254512688,0.13333333333333333,0.8666666666666667,0.0,Random Forest more robust
XLK,Technology,roc_auc,volume_and_range,1.0,stress,30,0.015695988263837925,0.00397039547599314,0.01427520048975156,0.01711677603792429,0.0,1.0,0.0,Random Forest more robust
XLP,Consumer Staples,accuracy,all_predictors,0.05,moderate,30,-0.009663654618473733,0.003243854180496149,-0.010824452928978314,-0.008502856307969152,1.0,0.0,0.0,Logistic Regression more robust
XLP,Consumer Staples,accuracy,all_predictors,0.1,moderate,30,-0.008559236947791028,0.006201566800820793,-0.010778439126531696,-0.0063400347690503595,0.9,0.1,0.0,Logistic Regression more robust
XLP,Consumer Staples,accuracy,all_predictors,0.2,moderate,30,0.00012550200803221646,0.007630929218761322,-0.0026051909429571393,0.002856194959021572,0.4,0.5666666666666667,0.03333333333333333,No clear difference
XLP,Consumer Staples,accuracy,all_predictors,0.5,stress,30,0.041315261044176814,0.010554649663662966,0.0375383281687065,0.045092193919647125,0.0,1.0,0.0,Random Forest more robust
XLP,Consumer Staples,accuracy,all_predictors,1.0,stress,30,0.06300200803212859,0.011183552633601958,0.05900002511915479,0.06700399094510238,0.0,1.0,0.0,Random Forest more robust
XLP,Consumer Staples,accuracy,momentum,0.05,moderate,30,-0.0020080321285139333,0.002618485471371246,-0.0029450451205047254,-0.0010710191365231414,0.7333333333333333,0.26666666666666666,0.0,Logistic Regression more robust
XLP,Consumer Staples,accuracy,momentum,0.1,moderate,30,-0.0026606425702810164,0.0030999162431774707,-0.0037699333514207975,-0.0015513517891412355,0.7666666666666667,0.23333333333333334,0.0,Logistic Regression more robust
XLP,Consumer Staples,accuracy,momentum,0.2,moderate,30,-0.003865461847389426,0.004547118468536403,-0.005492627293875038,-0.0022382964009038143,0.7666666666666667,0.2,0.03333333333333333,Logistic Regression more robust
XLP,Consumer Staples,accuracy,momentum,0.5,stress,30,2.510040160652005e-05,0.006341858576135347,-0.0022443045441826698,0.0022945053473957095,0.5,0.5,0.0,No clear difference
XLP,Consumer Staples,accuracy,momentum,1.0,stress,30,0.014231927710843443,0.00966624524416524,0.010772906273993972,0.017690949147692914,0.1,0.9,0.0,Random Forest more robust
XLP,Consumer Staples,accuracy,returns,0.05,moderate,30,-0.001480923694779,0.001550588741315761,-0.002035794749720028,-0.0009260526398379724,0.7666666666666667,0.16666666666666666,0.06666666666666667,Logistic Regression more robust
XLP,Consumer Staples,accuracy,returns,0.1,moderate,30,-0.0028363453815259897,0.0028839295896310167,-0.003868346331317706,-0.0018043444317342736,0.8,0.16666666666666666,0.03333333333333333,Logistic Regression more robust
XLP,Consumer Staples,accuracy,returns,0.2,moderate,30,-0.0054216867469878164,0.0035175166454573174,-0.006680413912890841,-0.004162959581084792,0.9,0.1,0.0,Logistic Regression more robust
XLP,Consumer Staples,accuracy,returns,0.5,stress,30,-0.006425702811244831,0.004736668215271548,-0.008120697763473846,-0.004730707859015815,0.8333333333333334,0.13333333333333333,0.03333333333333333,Logistic Regression more robust
XLP,Consumer Staples,accuracy,returns,1.0,stress,30,-0.0034136546184737808,0.0052272546161712405,-0.0052842036596457784,-0.0015431055773017827,0.7666666666666667,0.23333333333333334,0.0,Logistic Regression more robust
XLP,Consumer Staples,accuracy,volatility,0.05,moderate,30,-0.00720381526104402,0.0038785519171437876,-0.0085917372396874,-0.005815893282400641,0.9666666666666667,0.03333333333333333,0.0,Logistic Regression more robust
XLP,Consumer Staples,accuracy,volatility,0.1,moderate,30,-0.009663654618473788,0.00496776769809599,-0.01144134745855301,-0.007885961778394566,0.9666666666666667,0.03333333333333333,0.0,Logistic Regression more robust
XLP,Consumer Staples,accuracy,volatility,0.2,moderate,30,-0.002961847389558153,0.006299943897312714,-0.005216253360160607,-0.0007074414189557,0.6666666666666666,0.3333333333333333,0.0,Logistic Regression more robust
XLP,Consumer Staples,accuracy,volatility,0.5,stress,30,0.03398594377510047,0.011619821125964791,0.029827844187121352,0.03814404336307958,0.0,1.0,0.0,Random Forest more robust
XLP,Consumer Staples,accuracy,volatility,1.0,stress,30,0.07547690763052217,0.012306198530424386,0.07107319104278527,0.07988062421825907,0.0,1.0,0.0,Random Forest more robust
XLP,Consumer Staples,accuracy,volume_and_range,0.05,moderate,30,-0.003765060240963689,0.0028724941407658835,-0.004792969067933633,-0.002737151413993745,0.8333333333333334,0.1,0.06666666666666667,Logistic Regression more robust
XLP,Consumer Staples,accuracy,volume_and_range,0.1,moderate,30,-0.006777108433734765,0.0030635399259976363,-0.007873382116948685,-0.005680834750520844,1.0,0.0,0.0,Logistic Regression more robust
XLP,Consumer Staples,accuracy,volume_and_range,0.2,moderate,30,-0.0071536144578311645,0.004970390941947783,-0.008932246013666944,-0.005374982901995386,0.9333333333333333,0.06666666666666667,0.0,Logistic Regression more robust
XLP,Consumer Staples,accuracy,volume_and_range,0.5,stress,30,0.0014307228915663504,0.005445688172218239,-0.0005179915937681479,0.003379437376900849,0.3333333333333333,0.6666666666666666,0.0,No clear difference
XLP,Consumer Staples,accuracy,volume_and_range,1.0,stress,30,0.027961847389558307,0.00835653480914077,0.0249714998127632,0.030952194966353413,0.0,1.0,0.0,Random Forest more robust
XLP,Consumer Staples,average_precision,all_predictors,0.05,moderate,30,-0.0005030380532932363,0.004043458423454205,-0.0019499710673485304,0.0009438949607620578,0.5666666666666667,0.43333333333333335,0.0,No clear difference
XLP,Consumer Staples,average_precision,all_predictors,0.1,moderate,30,0.001424543934861559,0.005854229688285153,-0.0006703652544373816,0.0035194531241604992,0.43333333333333335,0.5666666666666667,0.0,No clear difference
XLP,Consumer Staples,average_precision,all_predictors,0.2,moderate,30,0.006773529855634733,0.008000531201439277,0.003910576533747295,0.00963648317752217,0.2,0.8,0.0,Random Forest more robust
XLP,Consumer Staples,average_precision,all_predictors,0.5,stress,30,0.024300873311692953,0.011390524223352417,0.020224826566519388,0.02837692005686652,0.0,1.0,0.0,Random Forest more robust
XLP,Consumer Staples,average_precision,all_predictors,1.0,stress,30,0.039186880302603,0.014879873074426016,0.03386218610729411,0.04451157449791189,0.0,1.0,0.0,Random Forest more robust
XLP,Consumer Staples,average_precision,momentum,0.05,moderate,30,0.0006212907360749566,0.0012405039440892044,0.0001773821007451239,0.0010651993714047893,0.3,0.7,0.0,Random Forest more robust
XLP,Consumer Staples,average_precision,momentum,0.1,moderate,30,0.0008479198942440806,0.0020908526911667972,9.971786777408819e-05,0.001596121920714073,0.36666666666666664,0.6333333333333333,0.0,Random Forest more robust
XLP,Consumer Staples,average_precision,momentum,0.2,moderate,30,0.0003160346584876726,0.003402880661617355,-0.000901670547438068,0.0015337398644134131,0.4666666666666667,0.5333333333333333,0.0,No clear difference
XLP,Consumer Staples,average_precision,momentum,0.5,stress,30,-0.002049231402891876,0.00592304318631643,-0.004168765186210761,7.030238042700886e-05,0.6666666666666666,0.3333333333333333,0.0,No clear difference
XLP,Consumer Staples,average_precision,momentum,1.0,stress,30,0.0034894700107545866,0.010120262302647743,-0.00013201934391791773,0.007110959365427091,0.4,0.6,0.0,No clear difference
XLP,Consumer Staples,average_precision,returns,0.05,moderate,30,0.00043163537940745124,0.0009335421119790673,9.757162497431131e-05,0.0007656991338405912,0.3,0.7,0.0,Random Forest more robust
XLP,Consumer Staples,average_precision,returns,0.1,moderate,30,0.0005731947456257245,0.0012599417863527816,0.00012233036777359275,0.0010240591234778563,0.3333333333333333,0.6666666666666666,0.0,Random Forest more robust
XLP,Consumer Staples,average_precision,returns,0.2,moderate,30,-1.7392469345142767e-05,0.0016923028040969632,-0.000622975250368136,0.0005881903116778503,0.5333333333333333,0.4666666666666667,0.0,No clear difference
XLP,Consumer Staples,average_precision,returns,0.5,stress,30,-0.001065467299158872,0.003973722976174071,-0.002487445803892579,0.00035651120557483504,0.5666666666666667,0.43333333333333335,0.0,No clear difference
XLP,Consumer Staples,average_precision,returns,1.0,stress,30,-0.0009228844867856308,0.005617160077905776,-0.0029329594055261246,0.0010871904319548628,0.5666666666666667,0.43333333333333335,0.0,No clear difference
XLP,Consumer Staples,average_precision,volatility,0.05,moderate,30,0.0002424882788606733,0.0026043754418423265,-0.0006894755039095504,0.001174452061630897,0.4666666666666667,0.5333333333333333,0.0,No clear difference
XLP,Consumer Staples,average_precision,volatility,0.1,moderate,30,0.002343559552676576,0.0035762939013724683,0.00106379921587067,0.0036233198894824823,0.3,0.7,0.0,Random Forest more robust
XLP,Consumer Staples,average_precision,volatility,0.2,moderate,30,0.009555403740371348,0.005685996263208451,0.007520696109075105,0.011590111371667591,0.06666666666666667,0.9333333333333333,0.0,Random Forest more robust
XLP,Consumer Staples,average_precision,volatility,0.5,stress,30,0.02961764408751711,0.012030708933537042,0.025312510185941366,0.03392277798909285,0.0,1.0,0.0,Random Forest more robust
XLP,Consumer Staples,average_precision,volatility,1.0,stress,30,0.0639756922442953,0.0181708029651348,0.05747335391193106,0.07047803057665955,0.0,1.0,0.0,Random Forest more robust
XLP,Consumer Staples,average_precision,volume_and_range,0.05,moderate,30,0.0002313199203063842,0.0014640887681358543,-0.00029259751676561523,0.0007552373573783836,0.43333333333333335,0.5666666666666667,0.0,No clear difference
XLP,Consumer Staples,average_precision,volume_and_range,0.1,moderate,30,0.0006644544610626746,0.001846526479934405,3.6834464167609642e-06,0.0013252254757085882,0.36666666666666664,0.6333333333333333,0.0,Random Forest more robust
XLP,Consumer Staples,average_precision,volume_and_range,0.2,moderate,30,0.0022017289115372402,0.002485342223536328,0.0013123606188893229,0.0030910972041851576,0.16666666666666666,0.8333333333333334,0.0,Random Forest more robust
XLP,Consumer Staples,average_precision,volume_and_range,0.5,stress,30,0.004273609225488638,0.0041882916853779135,0.002774848294273333,0.005772370156703942,0.16666666666666666,0.8333333333333334,0.0,Random Forest more robust
XLP,Consumer Staples,average_precision,volume_and_range,1.0,stress,30,0.010939151889998328,0.0077859967899075525,0.008152968721328145,0.013725335058668511,0.03333333333333333,0.9666666666666667,0.0,Random Forest more robust
XLP,Consumer Staples,balanced_accuracy,all_predictors,0.05,moderate,30,-0.006143926587780718,0.0049401655239808264,-0.007911742116705887,-0.004376111058855548,0.9333333333333333,0.06666666666666667,0.0,Logistic Regression more robust
XLP,Consumer Staples,balanced_accuracy,all_predictors,0.1,moderate,30,-0.0014764549625694533,0.007344025614890359,-0.004104480777454636,0.001151570852315729,0.6333333333333333,0.36666666666666664,0.0,No clear difference
XLP,Consumer Staples,balanced_accuracy,all_predictors,0.2,moderate,30,0.003219673186830814,0.009557017707921608,-0.00020026167815777492,0.006639608051819403,0.3,0.7,0.0,No clear difference
XLP,Consumer Staples,balanced_accuracy,all_predictors,0.5,stress,30,0.02428452601357693,0.013269973737609754,0.01953592689723146,0.029033125129922396,0.06666666666666667,0.9333333333333333,0.0,Random Forest more robust
XLP,Consumer Staples,balanced_accuracy,all_predictors,1.0,stress,30,0.033916337975260946,0.014780232467523137,0.028627299713207606,0.039205376237314286,0.03333333333333333,0.9666666666666667,0.0,Random Forest more robust
XLP,Consumer Staples,balanced_accuracy,momentum,0.05,moderate,30,-0.0017657570635112232,0.002761744769181614,-0.0027540347368376333,-0.0007774793901848133,0.7333333333333333,0.23333333333333334,0.03333333333333333,Logistic Regression more robust
XLP,Consumer Staples,balanced_accuracy,momentum,0.1,moderate,30,-0.00218852129115353,0.003909335758828371,-0.0035874591260684876,-0.0007895834562385718,0.7,0.3,0.0,Logistic Regression more robust
XLP,Consumer Staples,balanced_accuracy,momentum,0.2,moderate,30,-0.002930263758083147,0.005514358900276937,-0.0049035517478590385,-0.0009569757683072552,0.7333333333333333,0.26666666666666666,0.0,Logistic Regression more robust
XLP,Consumer Staples,balanced_accuracy,momentum,0.5,stress,30,0.0013723469907965895,0.007350356439860099,-0.0012579442807090413,0.00400263826230222,0.43333333333333335,0.5666666666666667,0.0,No clear difference
XLP,Consumer Staples,balanced_accuracy,momentum,1.0,stress,30,0.011156779092543366,0.011348882356791731,0.007095633697942379,0.015217924487144353,0.16666666666666666,0.8333333333333334,0.0,Random Forest more robust
XLP,Consumer Staples,balanced_accuracy,returns,0.05,moderate,30,-0.00041691486221793995,0.0014247610035719109,-0.0009267590394818289,9.292931504594902e-05,0.6333333333333333,0.3333333333333333,0.03333333333333333,No clear difference
XLP,Consumer Staples,balanced_accuracy,returns,0.1,moderate,30,-0.0017599076980868566,0.0029831894460722063,-0.002827428331331248,-0.0006923870648424654,0.8,0.2,0.0,Logistic Regression more robust
XLP,Consumer Staples,balanced_accuracy,returns,0.2,moderate,30,-0.0045195739086103396,0.0037210528119699946,-0.005851135556295883,-0.003188012260924796,0.8666666666666667,0.13333333333333333,0.0,Logistic Regression more robust
XLP,Consumer Staples,balanced_accuracy,returns,0.5,stress,30,-0.006487321902921977,0.005639546268856923,-0.008505407617212704,-0.004469236188631249,0.7666666666666667,0.23333333333333334,0.0,Logistic Regression more robust
XLP,Consumer Staples,balanced_accuracy,returns,1.0,stress,30,-0.00554348117738602,0.0063317228325392464,-0.007809259093910824,-0.0032777032608612166,0.8333333333333334,0.16666666666666666,0.0,Logistic Regression more robust
XLP,Consumer Staples,balanced_accuracy,volatility,0.05,moderate,30,-0.005247846735893091,0.00436785295546087,-0.006810862842386488,-0.003684830629399694,0.8666666666666667,0.13333333333333333,0.0,Logistic Regression more robust
XLP,Consumer Staples,balanced_accuracy,volatility,0.1,moderate,30,-0.00436164104215299,0.005906181211812562,-0.006475140845389309,-0.0022481412389166707,0.8666666666666667,0.13333333333333333,0.0,Logistic Regression more robust
XLP,Consumer Staples,balanced_accuracy,volatility,0.2,moderate,30,0.001142182510933977,0.008095737487976814,-0.001754839943045361,0.004039204964913315,0.43333333333333335,0.5666666666666667,0.0,No clear difference
XLP,Consumer Staples,balanced_accuracy,volatility,0.5,stress,30,0.018761651774933576,0.01290514793361639,0.014143603895894096,0.023379699653973057,0.06666666666666667,0.9333333333333333,0.0,Random Forest more robust
XLP,Consumer Staples,balanced_accuracy,volatility,1.0,stress,30,0.039595427835466455,0.014312829543709623,0.03447364756162658,0.04471720810930633,0.0,1.0,0.0,Random Forest more robust
XLP,Consumer Staples,balanced_accuracy,volume_and_range,0.05,moderate,30,-0.0029814591215218994,0.0027917600156937535,-0.00398047761286971,-0.0019824406301740885,0.8333333333333334,0.13333333333333333,0.03333333333333333,Logistic Regression more robust
XLP,Consumer Staples,balanced_accuracy,volume_and_range,0.1,moderate,30,-0.006133784110118307,0.0037775494206465396,-0.007485562809573711,-0.004782005410662902,0.9,0.1,0.0,Logistic Regression more robust
XLP,Consumer Staples,balanced_accuracy,volume_and_range,0.2,moderate,30,-0.00672639459067855,0.0062165689698013855,-0.008950965226642505,-0.004501823954714594,0.8666666666666667,0.13333333333333333,0.0,Logistic Regression more robust
XLP,Consumer Staples,balanced_accuracy,volume_and_range,0.5,stress,30,-3.0588424696567208e-06,0.007268964537906317,-0.002604224395919042,0.0025981067109797284,0.5333333333333333,0.4666666666666667,0.0,No clear difference
XLP,Consumer Staples,balanced_accuracy,volume_and_range,1.0,stress,30,0.011604604362875285,0.010092287546321873,0.007993125646188634,0.015216083079561935,0.06666666666666667,0.9333333333333333,0.0,Random Forest more robust
XLP,Consumer Staples,f1_score,all_predictors,0.05,moderate,30,-0.009301370081780912,0.007674946041777621,-0.01204781425059575,-0.006554925912966073,0.9,0.1,0.0,Logistic Regression more robust
XLP,Consumer Staples,f1_score,all_predictors,0.1,moderate,30,-0.00200404528851925,0.011618677555924722,-0.006161735655215104,0.0021536450781766046,0.6,0.4,0.0,No clear difference
XLP,Consumer Staples,f1_score,all_predictors,0.2,moderate,30,0.004858065986954044,0.014479284143631338,-0.00032327930048187646,0.010039411274389964,0.3,0.7,0.0,No clear difference
XLP,Consumer Staples,f1_score,all_predictors,0.5,stress,30,0.028465643553912554,0.018285702659976612,0.021922188893800966,0.03500909821402414,0.1,0.9,0.0,Random Forest more robust
XLP,Consumer Staples,f1_score,all_predictors,1.0,stress,30,0.026616228164506286,0.01917751689391495,0.019753641879346983,0.03347881444966559,0.06666666666666667,0.9333333333333333,0.0,Random Forest more robust
XLP,Consumer Staples,f1_score,momentum,0.05,moderate,30,-0.00254970408626921,0.004133463348762301,-0.004028844949204674,-0.0010705632233337457,0.7333333333333333,0.26666666666666666,0.0,Logistic Regression more robust
XLP,Consumer Staples,f1_score,momentum,0.1,moderate,30,-0.00297147486010751,0.005824616697063094,-0.005055787176591935,-0.0008871625436230848,0.7,0.3,0.0,Logistic Regression more robust
XLP,Consumer Staples,f1_score,momentum,0.2,moderate,30,-0.004005352422219976,0.008280253465715356,-0.006968403070841294,-0.0010423017735986576,0.6666666666666666,0.3333333333333333,0.0,Logistic Regression more robust
XLP,Consumer Staples,f1_score,momentum,0.5,stress,30,0.0023211343740732666,0.010794598546447268,-0.0015416631063531424,0.006183931854499676,0.4,0.6,0.0,No clear difference
XLP,Consumer Staples,f1_score,momentum,1.0,stress,30,0.015579835843575862,0.015248278694961984,0.010123309390063201,0.021036362297088523,0.16666666666666666,0.8333333333333334,0.0,Random Forest more robust
XLP,Consumer Staples,f1_score,returns,0.05,moderate,30,-0.0005292776197081134,0.0023136634618936927,-0.0013572114564971642,0.00029865621708093744,0.6333333333333333,0.36666666666666664,0.0,No clear difference
XLP,Consumer Staples,f1_score,returns,0.1,moderate,30,-0.0026623822913683193,0.004747628103299318,-0.004361299189159022,-0.000963465393577617,0.8,0.2,0.0,Logistic Regression more robust
XLP,Consumer Staples,f1_score,returns,0.2,moderate,30,-0.007061509836453565,0.005618014042613234,-0.009071890342540002,-0.0050511293303671274,0.8666666666666667,0.13333333333333333,0.0,Logistic Regression more robust
XLP,Consumer Staples,f1_score,returns,0.5,stress,30,-0.010121092277427217,0.008696809438856446,-0.013233205566644424,-0.007008978988210009,0.8,0.2,0.0,Logistic Regression more robust
XLP,Consumer Staples,f1_score,returns,1.0,stress,30,-0.008767377345588967,0.009552677189060978,-0.012185758975851276,-0.005348995715326657,0.7666666666666667,0.23333333333333334,0.0,Logistic Regression more robust
XLP,Consumer Staples,f1_score,volatility,0.05,moderate,30,-0.007981804727960009,0.006922097961481068,-0.010458845671152298,-0.00550476378476772,0.8666666666666667,0.13333333333333333,0.0,Logistic Regression more robust
XLP,Consumer Staples,f1_score,volatility,0.1,moderate,30,-0.006594130474392989,0.009073414133782225,-0.009841010022903354,-0.0033472509258826244,0.8333333333333334,0.16666666666666666,0.0,Logistic Regression more robust
XLP,Consumer Staples,f1_score,volatility,0.2,moderate,30,0.001930376016818323,0.012576659904700421,-0.0025701239307268035,0.006430875964363449,0.36666666666666664,0.6333333333333333,0.0,No clear difference
XLP,Consumer Staples,f1_score,volatility,0.5,stress,30,0.022834073619085314,0.017320377639541754,0.016636056081131046,0.029032091157039582,0.1,0.9,0.0,Random Forest more robust
XLP,Consumer Staples,f1_score,volatility,1.0,stress,30,0.0386351803308219,0.01910323788328145,0.03179917444824905,0.04547118621339476,0.03333333333333333,0.9666666666666667,0.0,Random Forest more robust
XLP,Consumer Staples,f1_score,volume_and_range,0.05,moderate,30,-0.004567527420762484,0.0044535698812654696,-0.006161216935220356,-0.002973837906304612,0.8333333333333334,0.16666666666666666,0.0,Logistic Regression more robust
XLP,Consumer Staples,f1_score,volume_and_range,0.1,moderate,30,-0.009278186277100458,0.006047455972586287,-0.011442240604214296,-0.007114131949986621,0.9,0.1,0.0,Logistic Regression more robust
XLP,Consumer Staples,f1_score,volume_and_range,0.2,moderate,30,-0.009966984947830583,0.009462476687154104,-0.013353088743025675,-0.006580881152635492,0.8666666666666667,0.13333333333333333,0.0,Logistic Regression more robust
XLP,Consumer Staples,f1_score,volume_and_range,0.5,stress,30,-0.0003586559997513897,0.010847806053454213,-0.004240493542031126,0.003523181542528347,0.5666666666666667,0.43333333333333335,0.0,No clear difference
XLP,Consumer Staples,f1_score,volume_and_range,1.0,stress,30,0.014026547748243499,0.01419158106840662,0.008948155684061512,0.019104939812425486,0.2,0.8,0.0,Random Forest more robust
XLP,Consumer Staples,precision,all_predictors,0.05,moderate,30,-0.021930018354832714,0.00732423208748965,-0.02455096114690392,-0.01930907556276151,1.0,0.0,0.0,Logistic Regression more robust
XLP,Consumer Staples,precision,all_predictors,0.1,moderate,30,-0.02100232467686193,0.012814215688465856,-0.025587832869877366,-0.016416816483846495,0.9666666666666667,0.03333333333333333,0.0,Logistic Regression more robust
XLP,Consumer Staples,precision,all_predictors,0.2,moderate,30,-0.010303506676700843,0.015011563461748366,-0.01567532567189519,-0.004931687681506496,0.7333333333333333,0.26666666666666666,0.0,Logistic Regression more robust
XLP,Consumer Staples,precision,all_predictors,0.5,stress,30,0.023496059705610712,0.018272174798695404,0.016957445928487757,0.030034673482733667,0.1,0.9,0.0,Random Forest more robust
XLP,Consumer Staples,precision,all_predictors,1.0,stress,30,0.002559501103184613,0.01819294807020577,-0.003950761753255616,0.009069763959624843,0.4666666666666667,0.5333333333333333,0.0,No clear difference
XLP,Consumer Staples,precision,momentum,0.05,moderate,30,-0.0043353887153867255,0.0052639923832552594,-0.006219084197671658,-0.0024516932331017927,0.8,0.2,0.0,Logistic Regression more robust
XLP,Consumer Staples,precision,momentum,0.1,moderate,30,-0.005659237794651507,0.006560906932386058,-0.008007028188030618,-0.003311447401272395,0.8,0.2,0.0,Logistic Regression more robust
XLP,Consumer Staples,precision,momentum,0.2,moderate,30,-0.008403272790754592,0.009738010589745966,-0.011887975126703585,-0.004918570454805598,0.7666666666666667,0.23333333333333334,0.0,Logistic Regression more robust
XLP,Consumer Staples,precision,momentum,0.5,stress,30,-0.0049322356367190465,0.012528364761810365,-0.00941545338933401,-0.00044901788410408195,0.7333333333333333,0.26666666666666666,0.0,Logistic Regression more robust
XLP,Consumer Staples,precision,momentum,1.0,stress,30,0.007390483892470401,0.016878186100006458,0.0013507025647311955,0.013430265220209608,0.26666666666666666,0.7333333333333333,0.0,Random Forest more robust
XLP,Consumer Staples,precision,returns,0.05,moderate,30,-0.003426983578151315,0.0034378271405799744,-0.004657194220968084,-0.0021967729353345464,0.8,0.2,0.0,Logistic Regression more robust
XLP,Consumer Staples,precision,returns,0.1,moderate,30,-0.006524830330509546,0.0064359384251627735,-0.008827901317904483,-0.004221759343114608,0.8333333333333334,0.16666666666666666,0.0,Logistic Regression more robust
XLP,Consumer Staples,precision,returns,0.2,moderate,30,-0.012876062792653357,0.006981478932977415,-0.015374352943594724,-0.01037777264171199,0.9666666666666667,0.03333333333333333,0.0,Logistic Regression more robust
XLP,Consumer Staples,precision,returns,0.5,stress,30,-0.01579546674670402,0.009991624857977235,-0.01937092378298843,-0.012220009710419609,0.9333333333333333,0.06666666666666667,0.0,Logistic Regression more robust
XLP,Consumer Staples,precision,returns,1.0,stress,30,-0.010217291443953587,0.010836889202415293,-0.01409522244126031,-0.006339360446646864,0.8666666666666667,0.13333333333333333,0.0,Logistic Regression more robust
XLP,Consumer Staples,precision,volatility,0.05,moderate,30,-0.01702705690236838,0.008500418602741292,-0.020068892633447574,-0.013985221171289185,0.9666666666666667,0.03333333333333333,0.0,Logistic Regression more robust
XLP,Consumer Staples,precision,volatility,0.1,moderate,30,-0.02363184569478911,0.010632495428442405,-0.027436635319425036,-0.019827056070153184,1.0,0.0,0.0,Logistic Regression more robust
XLP,Consumer Staples,precision,volatility,0.2,moderate,30,-0.015123611740263106,0.01360297613781711,-0.01999137423512257,-0.010255849245403643,0.8666666666666667,0.13333333333333333,0.0,Logistic Regression more robust
XLP,Consumer Staples,precision,volatility,0.5,stress,30,0.01851800842689771,0.017087414242613615,0.012403355769889551,0.02463266108390587,0.13333333333333333,0.8666666666666667,0.0,Random Forest more robust
XLP,Consumer Staples,precision,volatility,1.0,stress,30,0.03661800589121281,0.01905041061947158,0.029800904002212716,0.0434351077802129,0.03333333333333333,0.9666666666666667,0.0,Random Forest more robust
XLP,Consumer Staples,precision,volume_and_range,0.05,moderate,30,-0.00848749928624396,0.006233596814307112,-0.010718163258108346,-0.006256835314379573,0.9333333333333333,0.06666666666666667,0.0,Logistic Regression more robust
XLP,Consumer Staples,precision,volume_and_range,0.1,moderate,30,-0.015254254471372203,0.007053562895520679,-0.01777833953702885,-0.012730169405715558,0.9666666666666667,0.03333333333333333,0.0,Logistic Regression more robust
XLP,Consumer Staples,precision,volume_and_range,0.2,moderate,30,-0.015710592161507674,0.010943245440818112,-0.01962658224993875,-0.011794602073076598,0.9333333333333333,0.06666666666666667,0.0,Logistic Regression more robust
XLP,Consumer Staples,precision,volume_and_range,0.5,stress,30,-0.003945638687121379,0.01222123162742037,-0.008318950259106069,0.00042767288486330983,0.6,0.4,0.0,No clear difference
XLP,Consumer Staples,precision,volume_and_range,1.0,stress,30,0.024558679215935263,0.012649284575327753,0.02003219086377194,0.029085167568098584,0.03333333333333333,0.9666666666666667,0.0,Random Forest more robust
XLP,Consumer Staples,recall,all_predictors,0.05,moderate,30,0.0003300330033003666,0.009703659292911946,-0.003142376878947002,0.003802442885547735,0.4,0.5333333333333333,0.06666666666666667,No clear difference
XLP,Consumer Staples,recall,all_predictors,0.1,moderate,30,0.011551155115511533,0.012492342612869212,0.007080827723345891,0.016021482507677175,0.13333333333333333,0.7666666666666667,0.1,Random Forest more robust
XLP,Consumer Staples,recall,all_predictors,0.2,moderate,30,0.00891089108910891,0.016516438121807944,0.003000559612859964,0.014821222565357856,0.23333333333333334,0.7333333333333333,0.03333333333333333,Random Forest more robust
XLP,Consumer Staples,recall,all_predictors,0.5,stress,30,-0.007040704070406998,0.024170672108155256,-0.015690068001622752,0.0016086598608087543,0.5666666666666667,0.4,0.03333333333333333,No clear difference
XLP,Consumer Staples,recall,all_predictors,1.0,stress,30,-0.019581958195819545,0.02645853497039339,-0.029050023337811058,-0.010113893053828033,0.7666666666666667,0.2,0.03333333333333333,Logistic Regression more robust
XLP,Consumer Staples,recall,momentum,0.05,moderate,30,-0.0013201320132012898,0.004028100021509707,-0.002761569093704325,0.0001213050673017455,0.4,0.26666666666666666,0.3333333333333333,No clear difference
XLP,Consumer Staples,recall,momentum,0.1,moderate,30,-0.0013201320132013035,0.006404270862910939,-0.003611870908981042,0.0009716068825784353,0.5333333333333333,0.36666666666666664,0.1,No clear difference
XLP,Consumer Staples,recall,momentum,0.2,moderate,30,-0.0012101210121011733,0.008774047712099031,-0.004349873662429418,0.001929631638227072,0.5,0.4,0.1,No clear difference
XLP,Consumer Staples,recall,momentum,0.5,stress,30,0.0038503850385038793,0.011468213608017915,-0.000253462495930213,0.007954232572937972,0.4,0.6,0.0,No clear difference
XLP,Consumer Staples,recall,momentum,1.0,stress,30,0.005500550055005493,0.017513816188291436,-0.0007666885786210649,0.011767788688632052,0.36666666666666664,0.6333333333333333,0.0,No clear difference
XLP,Consumer Staples,recall,returns,0.05,moderate,30,0.0015401540154015134,0.002839492192422896,0.0005240547839769644,0.0025562532468260623,0.13333333333333333,0.5,0.36666666666666664,Random Forest more robust
XLP,Consumer Staples,recall,returns,0.1,moderate,30,0.00022002200220024663,0.004413697263758166,-0.0013593992793277485,0.0017994432837282416,0.3,0.36666666666666664,0.3333333333333333,No clear difference
XLP,Consumer Staples,recall,returns,0.2,moderate,30,-0.002860286028602823,0.00611219434296795,-0.0050475066840355125,-0.0006730653731701337,0.5666666666666667,0.26666666666666666,0.16666666666666666,Logistic Regression more robust
XLP,Consumer Staples,recall,returns,0.5,stress,30,-0.00660066006600653,0.009454680362154771,-0.009983973982130674,-0.003217346149882386,0.7666666666666667,0.23333333333333334,0.0,Logistic Regression more robust
XLP,Consumer Staples,recall,returns,1.0,stress,30,-0.009460946094609374,0.012001131147399263,-0.013755495721348217,-0.0051663964678705316,0.7333333333333333,0.23333333333333334,0.03333333333333333,Logistic Regression more robust
XLP,Consumer Staples,recall,volatility,0.05,moderate,30,-0.001650165016501597,0.007978903706527287,-0.004505379038729626,0.0012050490057264318,0.4666666666666667,0.4,0.13333333333333333,No clear difference
XLP,Consumer Staples,recall,volatility,0.1,moderate,30,0.005390539053905378,0.011415692174354742,0.0013054860731315752,0.009475592034679181,0.26666666666666666,0.6666666666666666,0.06666666666666667,Random Forest more robust
XLP,Consumer Staples,recall,volatility,0.2,moderate,30,0.00869086908690869,0.014720878700722445,0.0034230702975291145,0.013958667876288267,0.26666666666666666,0.7,0.03333333333333333,Random Forest more robust
XLP,Consumer Staples,recall,volatility,0.5,stress,30,-0.0092409240924092,0.019809565710727804,-0.01632968614191823,-0.0021521620429001687,0.6,0.3,0.1,Logistic Regression more robust
XLP,Consumer Staples,recall,volatility,1.0,stress,30,-0.02640264026402634,0.02256774766927981,-0.03447840505145181,-0.01832687547660087,0.8333333333333334,0.13333333333333333,0.03333333333333333,Logistic Regression more robust
XLP,Consumer Staples,recall,volume_and_range,0.05,moderate,30,-0.0015401540154014867,0.00510794958896144,-0.0033680103008841226,0.000287702270081149,0.5,0.3,0.2,No clear difference
XLP,Consumer Staples,recall,volume_and_range,0.1,moderate,30,-0.00495049504950489,0.00723844829194743,-0.007540740504583331,-0.0023602495944264495,0.7333333333333333,0.23333333333333334,0.03333333333333333,Logistic Regression more robust
XLP,Consumer Staples,recall,volume_and_range,0.2,moderate,30,-0.005940594059405894,0.01183303977649309,-0.010174992961574114,-0.0017061951572376732,0.7333333333333333,0.23333333333333334,0.03333333333333333,Logistic Regression more robust
XLP,Consumer Staples,recall,volume_and_range,0.5,stress,30,-0.0026402640264025935,0.01354952189780297,-0.0074888981671360315,0.0022083701143308446,0.5,0.4666666666666667,0.03333333333333333,No clear difference
XLP,Consumer Staples,recall,volume_and_range,1.0,stress,30,-0.018481848184818413,0.017922237107350886,-0.02489523836732453,-0.012068458002312297,0.8666666666666667,0.1,0.03333333333333333,Logistic Regression more robust
XLP,Consumer Staples,roc_auc,all_predictors,0.05,moderate,30,0.001351901043762854,0.002414684617397775,0.00048781725074598526,0.0022159848367797226,0.3333333333333333,0.6666666666666666,0.0,Random Forest more robust
XLP,Consumer Staples,roc_auc,all_predictors,0.1,moderate,30,0.00430373769084216,0.004744245334550129,0.0026060313013019504,0.006001444080382369,0.16666666666666666,0.8333333333333334,0.0,Random Forest more robust
XLP,Consumer Staples,roc_auc,all_predictors,0.2,moderate,30,0.01269323029863951,0.0062064288035189475,0.010472288274577923,0.014914172322701098,0.03333333333333333,0.9666666666666667,0.0,Random Forest more robust
XLP,Consumer Staples,roc_auc,all_predictors,0.5,stress,30,0.029704902197536756,0.011911039069243953,0.025442591606923925,0.033967212788149584,0.0,1.0,0.0,Random Forest more robust
XLP,Consumer Staples,roc_auc,all_predictors,1.0,stress,30,0.036731760980976094,0.013758958984196231,0.0318081807414001,0.04165534122055209,0.0,1.0,0.0,Random Forest more robust
XLP,Consumer Staples,roc_auc,momentum,0.05,moderate,30,-5.8922965467364675e-05,0.0013248618010830362,-0.0005330186722336974,0.0004151727412989681,0.4,0.6,0.0,No clear difference
XLP,Consumer Staples,roc_auc,momentum,0.1,moderate,30,-0.00011183557380134047,0.001934537663542287,-0.0008041009860227678,0.0005804298384200869,0.4666666666666667,0.5333333333333333,0.0,No clear difference
XLP,Consumer Staples,roc_auc,momentum,0.2,moderate,30,0.00028334540771143986,0.0029319050132534416,-0.00076582332693987,0.0013325141423627498,0.3333333333333333,0.6666666666666666,0.0,No clear difference
XLP,Consumer Staples,roc_auc,momentum,0.5,stress,30,0.003000992782204933,0.005363178431515819,0.001081804028385558,0.0049201815360243074,0.26666666666666666,0.7333333333333333,0.0,Random Forest more robust
XLP,Consumer Staples,roc_auc,momentum,1.0,stress,30,0.00937186401566978,0.008096727949412881,0.006474487129617471,0.01226924090172209,0.1,0.9,0.0,Random Forest more robust
XLP,Consumer Staples,roc_auc,returns,0.05,moderate,30,0.0004996109367033133,0.0009104840647313517,0.00017379839850844127,0.0008254234748981853,0.26666666666666666,0.7333333333333333,0.0,Random Forest more robust
XLP,Consumer Staples,roc_auc,returns,0.1,moderate,30,0.0006270090423675575,0.001472670084197813,0.00010002082078048354,0.0011539972639546315,0.3,0.7,0.0,Random Forest more robust
XLP,Consumer Staples,roc_auc,returns,0.2,moderate,30,0.00038079905551518243,0.0018931195389023372,-0.00029664507115173566,0.0010582431821821005,0.4,0.6,0.0,No clear difference
XLP,Consumer Staples,roc_auc,returns,0.5,stress,30,0.0014869194236496,0.003668512543386497,0.00017415906961402322,0.002799679777685177,0.36666666666666664,0.6333333333333333,0.0,Random Forest more robust
XLP,Consumer Staples,roc_auc,returns,1.0,stress,30,0.002520378867154911,0.0053705149125791475,0.0005985647873037545,0.0044421929470060675,0.3333333333333333,0.6666666666666666,0.0,Random Forest more robust
XLP,Consumer Staples,roc_auc,volatility,0.05,moderate,30,0.0011157798706699328,0.0023345360159326553,0.0002803768863433567,0.0019511828549965088,0.3333333333333333,0.6666666666666666,0.0,Random Forest more robust
XLP,Consumer Staples,roc_auc,volatility,0.1,moderate,30,0.004097346319997771,0.004222567273425053,0.002586320027122287,0.005608372612873256,0.13333333333333333,0.8666666666666667,0.0,Random Forest more robust
XLP,Consumer Staples,roc_auc,volatility,0.2,moderate,30,0.010317421986100913,0.006709974347266993,0.00791628850338521,0.012718555468816615,0.06666666666666667,0.9333333333333333,0.0,Random Forest more robust
XLP,Consumer Staples,roc_auc,volatility,0.5,stress,30,0.028764817945209083,0.009216966976836823,0.025466568671546515,0.03206306721887165,0.0,1.0,0.0,Random Forest more robust
XLP,Consumer Staples,roc_auc,volatility,1.0,stress,30,0.05226617295875922,0.01048383613435582,0.048514580379309245,0.05601776553820919,0.0,1.0,0.0,Random Forest more robust
XLP,Consumer Staples,roc_auc,volume_and_range,0.05,moderate,30,-0.00025361560546303887,0.0013004102420649006,-0.0007189614342083092,0.00021173022328223144,0.6,0.4,0.0,No clear difference
XLP,Consumer Staples,roc_auc,volume_and_range,0.1,moderate,30,0.00013426708524505907,0.0014735937627936206,-0.00039305167048251646,0.0006615858409726345,0.5333333333333333,0.4666666666666667,0.0,No clear difference
XLP,Consumer Staples,roc_auc,volume_and_range,0.2,moderate,30,0.001582548498752236,0.0022736920880852443,0.0007689182343815659,0.002396178763122906,0.2,0.8,0.0,Random Forest more robust
XLP,Consumer Staples,roc_auc,volume_and_range,0.5,stress,30,0.003705063189245665,0.004310775970046117,0.0021624718196706226,0.005247654558820708,0.2,0.8,0.0,Random Forest more robust
XLP,Consumer Staples,roc_auc,volume_and_range,1.0,stress,30,0.010124124607582692,0.004641332470895481,0.008463245113338139,0.011785004101827246,0.0,1.0,0.0,Random Forest more robust
XLU,Utilities,accuracy,all_predictors,0.05,moderate,30,-9.916835871000747e-18,0.0063557687101172995,-0.0022743826233069587,0.0022743826233069388,0.4666666666666667,0.4666666666666667,0.06666666666666667,No clear difference
XLU,Utilities,accuracy,all_predictors,0.1,moderate,30,0.0024096385542168234,0.00625154837888667,0.00017255069746878286,0.004646726410964864,0.26666666666666666,0.5666666666666667,0.16666666666666666,Random Forest more robust
XLU,Utilities,accuracy,all_predictors,0.2,moderate,30,0.01152108433734931,0.007036561754895389,0.009003083051732207,0.014039085622966414,0.06666666666666667,0.9333333333333333,0.0,Random Forest more robust
XLU,Utilities,accuracy,all_predictors,0.5,stress,30,0.02550200803212849,0.011477604109397306,0.021394800149932305,0.029609215914324676,0.03333333333333333,0.9666666666666667,0.0,Random Forest more robust
XLU,Utilities,accuracy,all_predictors,1.0,stress,30,0.03227911646586346,0.010238697949833911,0.02861524545914759,0.03594298747257934,0.0,1.0,0.0,Random Forest more robust
XLU,Utilities,accuracy,momentum,0.05,moderate,30,-0.0014307228915662435,0.003184645164925707,-0.0025703335279595625,-0.00029111225517292473,0.7,0.26666666666666666,0.03333333333333333,Logistic Regression more robust
XLU,Utilities,accuracy,momentum,0.1,moderate,30,-0.0012048192771084633,0.00456799725545272,-0.002839456101538117,0.0004298175473211902,0.6,0.36666666666666664,0.03333333333333333,No clear difference
XLU,Utilities,accuracy,momentum,0.2,moderate,30,-0.00047690763052212674,0.00557040572338755,-0.0024702517183702193,0.001516436457325966,0.5666666666666667,0.3,0.13333333333333333,No clear difference
XLU,Utilities,accuracy,momentum,0.5,stress,30,-0.00047690763052208994,0.009134032469816516,-0.0037454791719948016,0.002791663910950622,0.6,0.4,0.0,No clear difference
XLU,Utilities,accuracy,momentum,1.0,stress,30,0.0012299196787148535,0.00981903842073214,-0.0022837780941678118,0.004743617451597518,0.4,0.6,0.0,No clear difference
XLU,Utilities,accuracy,returns,0.05,moderate,30,-0.00015060240963853656,0.002376301381357005,-0.0010009509380384828,0.0006997461187614098,0.4666666666666667,0.4666666666666667,0.06666666666666667,No clear difference
XLU,Utilities,accuracy,returns,0.1,moderate,30,0.0011797188755020098,0.002672805692185049,0.00022326764213587537,0.0021361701088681443,0.23333333333333334,0.7,0.06666666666666667,Random Forest more robust
XLU,Utilities,accuracy,returns,0.2,moderate,30,0.0025602409638553866,0.004614840999363525,0.0009088413209500099,0.004211640606760763,0.3,0.6666666666666666,0.03333333333333333,Random Forest more robust
XLU,Utilities,accuracy,returns,0.5,stress,30,0.003137550200803167,0.006924332566830591,0.0006597096143562682,0.005615390787250065,0.3333333333333333,0.6666666666666666,0.0,Random Forest more robust
XLU,Utilities,accuracy,returns,1.0,stress,30,0.007530120481927637,0.008635614967170397,0.004439905353167976,0.010620335610687297,0.23333333333333334,0.7666666666666667,0.0,Random Forest more robust
XLU,Utilities,accuracy,volatility,0.05,moderate,30,2.5100401606419754e-05,0.005192539514463964,-0.0018330259999620197,0.001883226803174859,0.4666666666666667,0.5,0.03333333333333333,No clear difference
XLU,Utilities,accuracy,volatility,0.1,moderate,30,0.0028363453815260634,0.007216363580257763,0.00025400283902966315,0.005418687924022464,0.4,0.5333333333333333,0.06666666666666667,Random Forest more robust
XLU,Utilities,accuracy,volatility,0.2,moderate,30,0.007404618473895523,0.010627296169650956,0.0036016893801235524,0.011207547567667493,0.26666666666666666,0.7333333333333333,0.0,Random Forest more robust
XLU,Utilities,accuracy,volatility,0.5,stress,30,0.023544176706827253,0.012609505359972337,0.01903192316406301,0.028056430249591497,0.03333333333333333,0.9666666666666667,0.0,Random Forest more robust
XLU,Utilities,accuracy,volatility,1.0,stress,30,0.03870481927710842,0.01219914779940384,0.0343394103014874,0.043070228252729444,0.0,1.0,0.0,Random Forest more robust
XLU,Utilities,accuracy,volume_and_range,0.05,moderate,30,-0.0017319277108433704,0.0037109215233840204,-0.003059863923469427,-0.00040399149821731335,0.6333333333333333,0.3,0.06666666666666667,Logistic Regression more robust
XLU,Utilities,accuracy,volume_and_range,0.1,moderate,30,-0.0007028112449799065,0.004774494185624337,-0.0024113420468604616,0.0010057195569006488,0.5,0.43333333333333335,0.06666666666666667,No clear difference
XLU,Utilities,accuracy,volume_and_range,0.2,moderate,30,-0.0007781124497991766,0.004502827648663187,-0.0023894286299432823,0.000833203730344929,0.5,0.4,0.1,No clear difference
XLU,Utilities,accuracy,volume_and_range,0.5,stress,30,-0.0022841365461847337,0.006087005770764085,-0.004462343586814985,-0.00010592950555448222,0.7,0.3,0.0,Logistic Regression more robust
XLU,Utilities,accuracy,volume_and_range,1.0,stress,30,0.0059236947791164495,0.008968233707071931,0.002714453562920019,0.009132935995312879,0.23333333333333334,0.7333333333333333,0.03333333333333333,Random Forest more robust
XLU,Utilities,average_precision,all_predictors,0.05,moderate,30,-0.001129592031763837,0.0025675401373255686,-0.002048374470099079,-0.00021080959342859485,0.6333333333333333,0.36666666666666664,0.0,Logistic Regression more robust
XLU,Utilities,average_precision,all_predictors,0.1,moderate,30,0.0002918610182300544,0.00456647925311521,-0.0013422325960395008,0.0019259546324996097,0.5333333333333333,0.4666666666666667,0.0,No clear difference
XLU,Utilities,average_precision,all_predictors,0.2,moderate,30,0.0033630626944902197,0.006007919338321763,0.0012131563702469299,0.005512969018733509,0.3333333333333333,0.6666666666666666,0.0,Random Forest more robust
XLU,Utilities,average_precision,all_predictors,0.5,stress,30,0.012020646201169004,0.011286205799901531,0.007981929324404557,0.01605936307793345,0.1,0.9,0.0,Random Forest more robust
XLU,Utilities,average_precision,all_predictors,1.0,stress,30,0.017772210356463803,0.011560910926158645,0.013635191512747983,0.021909229200179625,0.13333333333333333,0.8666666666666667,0.0,Random Forest more robust
XLU,Utilities,average_precision,momentum,0.05,moderate,30,-0.00036999413774228124,0.0011822690731932105,-0.0007930636921556644,5.3075416671101894e-05,0.6,0.4,0.0,No clear difference
XLU,Utilities,average_precision,momentum,0.1,moderate,30,-0.0005252821523695606,0.001619168353144205,-0.0011046941062277343,5.412980148861309e-05,0.5333333333333333,0.4666666666666667,0.0,No clear difference
XLU,Utilities,average_precision,momentum,0.2,moderate,30,-0.0004737991760782889,0.002514501893685726,-0.0013736021226782263,0.00042600377052164865,0.5666666666666667,0.43333333333333335,0.0,No clear difference
XLU,Utilities,average_precision,momentum,0.5,stress,30,-0.0007388685841151337,0.004473733951809883,-0.0023397737185480287,0.0008620365503177614,0.6,0.4,0.0,No clear difference
XLU,Utilities,average_precision,momentum,1.0,stress,30,0.006522262095041897,0.007109404363950608,0.003978194416541772,0.009066329773542022,0.23333333333333334,0.7666666666666667,0.0,Random Forest more robust
XLU,Utilities,average_precision,returns,0.05,moderate,30,-0.00024653209690070663,0.0007070168907941328,-0.0004995348419891139,6.4706481877006275e-06,0.5666666666666667,0.43333333333333335,0.0,No clear difference
XLU,Utilities,average_precision,returns,0.1,moderate,30,0.00021279031193063464,0.0009568052348099739,-0.00012959804409573927,0.0005551786679570085,0.4666666666666667,0.5333333333333333,0.0,No clear difference
XLU,Utilities,average_precision,returns,0.2,moderate,30,0.0012487170233533016,0.001816817356657661,0.0005985772819358726,0.0018988567647707307,0.23333333333333334,0.7666666666666667,0.0,Random Forest more robust
XLU,Utilities,average_precision,returns,0.5,stress,30,0.0021663861172550847,0.003986823735610793,0.0007397195659649362,0.0035930526685452333,0.26666666666666666,0.7333333333333333,0.0,Random Forest more robust
XLU,Utilities,average_precision,returns,1.0,stress,30,0.00373586467012966,0.006561511681747681,0.0013878578699707761,0.006083871470288544,0.2,0.8,0.0,Random Forest more robust
XLU,Utilities,average_precision,volatility,0.05,moderate,30,-0.0019443151063536454,0.002569897135374685,-0.002863940985608559,-0.0010246892270987318,0.7666666666666667,0.23333333333333334,0.0,Logistic Regression more robust
XLU,Utilities,average_precision,volatility,0.1,moderate,30,-0.0015913207882213315,0.0028258920486421693,-0.0026025532706969888,-0.0005800883057456741,0.7666666666666667,0.23333333333333334,0.0,Logistic Regression more robust
XLU,Utilities,average_precision,volatility,0.2,moderate,30,-0.0011195165422264734,0.004835479881876351,-0.0028498707952349877,0.0006108377107820408,0.6,0.4,0.0,No clear difference
XLU,Utilities,average_precision,volatility,0.5,stress,30,0.00100763638633508,0.006635140321363257,-0.0013667180841304386,0.0033819908568005984,0.4666666666666667,0.5333333333333333,0.0,No clear difference
XLU,Utilities,average_precision,volatility,1.0,stress,30,0.0080812583708077,0.010278929517881515,0.004402990682360754,0.011759526059254646,0.16666666666666666,0.8333333333333334,0.0,Random Forest more robust
XLU,Utilities,average_precision,volume_and_range,0.05,moderate,30,-0.000154082931036196,0.0011383608991568654,-0.0005614401471622475,0.0002532742850898555,0.5333333333333333,0.4666666666666667,0.0,No clear difference
XLU,Utilities,average_precision,volume_and_range,0.1,moderate,30,-0.00012394171071325742,0.001652052880628766,-0.000715121241602277,0.0004672378201757621,0.5666666666666667,0.43333333333333335,0.0,No clear difference
XLU,Utilities,average_precision,volume_and_range,0.2,moderate,30,-0.00024954210971903096,0.0026059318326587086,-0.0011820628397900932,0.0006829786203520313,0.5,0.5,0.0,No clear difference
XLU,Utilities,average_precision,volume_and_range,0.5,stress,30,-0.0008946215138476933,0.0031714500352854813,-0.00202951033374095,0.0002402673060455632,0.6333333333333333,0.36666666666666664,0.0,No clear difference
XLU,Utilities,average_precision,volume_and_range,1.0,stress,30,0.002002040232833243,0.005510206290802923,3.0238235273216847e-05,0.0039738422303932696,0.43333333333333335,0.5666666666666667,0.0,Random Forest more robust
XLU,Utilities,balanced_accuracy,all_predictors,0.05,moderate,30,-0.00693957005021725,0.006740149574041309,-0.00935150159915594,-0.004527638501278559,0.8666666666666667,0.13333333333333333,0.0,Logistic Regression more robust
XLU,Utilities,balanced_accuracy,all_predictors,0.1,moderate,30,-0.00963775884443943,0.00658690413029853,-0.011994852215614553,-0.007280665473264307,0.9666666666666667,0.03333333333333333,0.0,Logistic Regression more robust
XLU,Utilities,balanced_accuracy,all_predictors,0.2,moderate,30,-0.008658522823449755,0.008251957705696004,-0.011611447964388764,-0.005705597682510746,0.8,0.2,0.0,Logistic Regression more robust
XLU,Utilities,balanced_accuracy,all_predictors,0.5,stress,30,-0.011160826797569984,0.011811312742845864,-0.015387450780599849,-0.00693420281454012,0.8333333333333334,0.16666666666666666,0.0,Logistic Regression more robust
XLU,Utilities,balanced_accuracy,all_predictors,1.0,stress,30,-0.007320619157779917,0.009745674118432707,-0.010808063852249698,-0.003833174463310137,0.7,0.3,0.0,Logistic Regression more robust
XLU,Utilities,balanced_accuracy,momentum,0.05,moderate,30,-0.003479941319189744,0.003929796788151674,-0.004886201039413999,-0.002073681598965489,0.8,0.2,0.0,Logistic Regression more robust
XLU,Utilities,balanced_accuracy,momentum,0.1,moderate,30,-0.0038210235287479636,0.005060123281538314,-0.005631765389917621,-0.0020102816675783056,0.8,0.2,0.0,Logistic Regression more robust
XLU,Utilities,balanced_accuracy,momentum,0.2,moderate,30,-0.00580479226617015,0.005745060525959886,-0.007860635772446622,-0.0037489487598936773,0.8333333333333334,0.16666666666666666,0.0,Logistic Regression more robust
XLU,Utilities,balanced_accuracy,momentum,0.5,stress,30,-0.009067219620455537,0.008455952929182959,-0.012093143514605593,-0.006041295726305481,0.8666666666666667,0.13333333333333333,0.0,Logistic Regression more robust
XLU,Utilities,balanced_accuracy,momentum,1.0,stress,30,-0.009404822358893332,0.010529344582806879,-0.013172699927475457,-0.005636944790311208,0.7666666666666667,0.23333333333333334,0.0,Logistic Regression more robust
XLU,Utilities,balanced_accuracy,returns,0.05,moderate,30,-0.00121029171133552,0.0027356692947779243,-0.002189238395983278,-0.00023134502668776245,0.6333333333333333,0.3333333333333333,0.03333333333333333,Logistic Regression more robust
XLU,Utilities,balanced_accuracy,returns,0.1,moderate,30,-0.0003988226222046766,0.0028323534932259468,-0.001412367302929369,0.0006147220585200158,0.5333333333333333,0.4666666666666667,0.0,No clear difference
XLU,Utilities,balanced_accuracy,returns,0.2,moderate,30,-0.0001608079896180466,0.0048183808046206224,-0.0018850434164139102,0.001563427437177817,0.5666666666666667,0.43333333333333335,0.0,No clear difference
XLU,Utilities,balanced_accuracy,returns,0.5,stress,30,-0.006147285072128522,0.007459309650017102,-0.008816564749165673,-0.0034780053950913712,0.7333333333333333,0.26666666666666666,0.0,Logistic Regression more robust
XLU,Utilities,balanced_accuracy,returns,1.0,stress,30,-0.009019353382610177,0.007864560870362192,-0.011833650346409135,-0.006205056418811219,0.9,0.1,0.0,Logistic Regression more robust
XLU,Utilities,balanced_accuracy,volatility,0.05,moderate,30,-0.006037446632436175,0.004682645754415505,-0.007713109895322298,-0.004361783369550051,0.9,0.1,0.0,Logistic Regression more robust
XLU,Utilities,balanced_accuracy,volatility,0.1,moderate,30,-0.00873375463145815,0.007504502668058015,-0.011419206422304828,-0.006048302840611471,0.9,0.1,0.0,Logistic Regression more robust
XLU,Utilities,balanced_accuracy,volatility,0.2,moderate,30,-0.013834095055389394,0.01203554061224985,-0.018140957950987264,-0.009527232159791524,0.8666666666666667,0.13333333333333333,0.0,Logistic Regression more robust
XLU,Utilities,balanced_accuracy,volatility,0.5,stress,30,-0.013983148075006129,0.011440085456629473,-0.01807693007973619,-0.009889366070276066,0.8666666666666667,0.13333333333333333,0.0,Logistic Regression more robust
XLU,Utilities,balanced_accuracy,volatility,1.0,stress,30,-0.010414715341646485,0.013831191978275958,-0.015364143826188167,-0.005465286857104804,0.8,0.2,0.0,Logistic Regression more robust
XLU,Utilities,balanced_accuracy,volume_and_range,0.05,moderate,30,-0.0039928341702871965,0.0038077358012276056,-0.005355414927304077,-0.0026302534132703168,0.8666666666666667,0.13333333333333333,0.0,Logistic Regression more robust
XLU,Utilities,balanced_accuracy,volume_and_range,0.1,moderate,30,-0.0041642686527863714,0.004668442348139875,-0.005834849292012253,-0.0024936880135604895,0.8,0.2,0.0,Logistic Regression more robust
XLU,Utilities,balanced_accuracy,volume_and_range,0.2,moderate,30,-0.006898286595572587,0.005418684105300414,-0.00883733779966484,-0.004959235391480333,0.9,0.1,0.0,Logistic Regression more robust
XLU,Utilities,balanced_accuracy,volume_and_range,0.5,stress,30,-0.0142181534352724,0.006928527031356809,-0.01669749499157324,-0.01173881187897156,0.9666666666666667,0.03333333333333333,0.0,Logistic Regression more robust
XLU,Utilities,balanced_accuracy,volume_and_range,1.0,stress,30,-0.018648272489608576,0.01034053855730654,-0.022348586689673204,-0.014947958289543947,0.9666666666666667,0.03333333333333333,0.0,Logistic Regression more robust
XLU,Utilities,f1_score,all_predictors,0.05,moderate,30,-0.01452732494690635,0.01032298460167193,-0.01822135754462096,-0.01083329234919174,0.9333333333333333,0.06666666666666667,0.0,Logistic Regression more robust
XLU,Utilities,f1_score,all_predictors,0.1,moderate,30,-0.021590802444909508,0.010336909892415504,-0.025289818143919365,-0.01789178674589965,0.9666666666666667,0.03333333333333333,0.0,Logistic Regression more robust
XLU,Utilities,f1_score,all_predictors,0.2,moderate,30,-0.024825267259541633,0.012864929202163306,-0.029428923050366398,-0.020221611468716868,1.0,0.0,0.0,Logistic Regression more robust
XLU,Utilities,f1_score,all_predictors,0.5,stress,30,-0.03730499267969996,0.01657852101396887,-0.043237540233590416,-0.0313724451258095,1.0,0.0,0.0,Logistic Regression more robust
XLU,Utilities,f1_score,all_predictors,1.0,stress,30,-0.032323952214108914,0.014050524277763257,-0.03735186775402279,-0.027296036674195036,1.0,0.0,0.0,Logistic Regression more robust
XLU,Utilities,f1_score,momentum,0.05,moderate,30,-0.0060833965061051634,0.006112440776793663,-0.008270705346749832,-0.0038960876654604948,0.8666666666666667,0.13333333333333333,0.0,Logistic Regression more robust
XLU,Utilities,f1_score,momentum,0.1,moderate,30,-0.0067678278438235324,0.007549349020923249,-0.009469327695939812,-0.0040663279917072526,0.8,0.2,0.0,Logistic Regression more robust
XLU,Utilities,f1_score,momentum,0.2,moderate,30,-0.011169414885362588,0.008169220155638616,-0.014092732774255755,-0.00824609699646942,0.8333333333333334,0.16666666666666666,0.0,Logistic Regression more robust
XLU,Utilities,f1_score,momentum,0.5,stress,30,-0.016561703683262766,0.010757639447246286,-0.020411275519895376,-0.012712131846630158,0.9333333333333333,0.06666666666666667,0.0,Logistic Regression more robust
XLU,Utilities,f1_score,momentum,1.0,stress,30,-0.016743697542203048,0.014284067948344721,-0.021855185611323078,-0.011632209473083018,0.8666666666666667,0.13333333333333333,0.0,Logistic Regression more robust
XLU,Utilities,f1_score,returns,0.05,moderate,30,-0.0018801671747591864,0.004418175054457034,-0.003461190813109905,-0.0002991435364084673,0.6,0.4,0.0,Logistic Regression more robust
XLU,Utilities,f1_score,returns,0.1,moderate,30,-0.0012606575915318813,0.004883176371533125,-0.003008079814162296,0.00048676463109853323,0.5333333333333333,0.4666666666666667,0.0,No clear difference
XLU,Utilities,f1_score,returns,0.2,moderate,30,-0.0018786828876029512,0.007779329577162388,-0.004662480224833209,0.0009051144496273061,0.6333333333333333,0.36666666666666664,0.0,No clear difference
XLU,Utilities,f1_score,returns,0.5,stress,30,-0.01483847212135106,0.011754521465760852,-0.01904477360687532,-0.0106321706358268,0.8666666666666667,0.13333333333333333,0.0,Logistic Regression more robust
XLU,Utilities,f1_score,returns,1.0,stress,30,-0.023650352771547263,0.011424766627968881,-0.027738653003842845,-0.01956205253925168,0.9666666666666667,0.03333333333333333,0.0,Logistic Regression more robust
XLU,Utilities,f1_score,volatility,0.05,moderate,30,-0.012795685253012628,0.007052523190367077,-0.015319398264958296,-0.010271972241066959,0.9666666666666667,0.03333333333333333,0.0,Logistic Regression more robust
XLU,Utilities,f1_score,volatility,0.1,moderate,30,-0.01981708850132374,0.011265901248039676,-0.023848539487519336,-0.015785637515128143,0.9333333333333333,0.06666666666666667,0.0,Logistic Regression more robust
XLU,Utilities,f1_score,volatility,0.2,moderate,30,-0.03341494014878456,0.01752448374689069,-0.039685996119230287,-0.02714388417833883,1.0,0.0,0.0,Logistic Regression more robust
XLU,Utilities,f1_score,volatility,0.5,stress,30,-0.04277503495242403,0.0141030756982958,-0.04782175577666159,-0.037728314128186474,1.0,0.0,0.0,Logistic Regression more robust
XLU,Utilities,f1_score,volatility,1.0,stress,30,-0.04495629698913846,0.01840212839681362,-0.05154141406411204,-0.038371179914164874,1.0,0.0,0.0,Logistic Regression more robust
XLU,Utilities,f1_score,volume_and_range,0.05,moderate,30,-0.007242857444083928,0.005518744404967486,-0.009217714766558591,-0.0052680001216092644,0.9333333333333333,0.06666666666666667,0.0,Logistic Regression more robust
XLU,Utilities,f1_score,volume_and_range,0.1,moderate,30,-0.008468125380581703,0.006666484628481464,-0.010853696267298457,-0.006082554493864949,0.9333333333333333,0.06666666666666667,0.0,Logistic Regression more robust
XLU,Utilities,f1_score,volume_and_range,0.2,moderate,30,-0.01392954182739205,0.009115702158218428,-0.01719155395110116,-0.010667529703682942,0.9666666666666667,0.03333333333333333,0.0,Logistic Regression more robust
XLU,Utilities,f1_score,volume_and_range,0.5,stress,30,-0.02652612355901984,0.010705245693821717,-0.030356946531778756,-0.022695300586260923,0.9666666666666667,0.03333333333333333,0.0,Logistic Regression more robust
XLU,Utilities,f1_score,volume_and_range,1.0,stress,30,-0.03943464167244899,0.01410195420469683,-0.044480961175356284,-0.0343883221695417,1.0,0.0,0.0,Logistic Regression more robust
XLU,Utilities,precision,all_predictors,0.05,moderate,30,-0.004160496355551777,0.013355729799429119,-0.008939782884504744,0.0006187901734011902,0.6333333333333333,0.36666666666666664,0.0,No clear difference
XLU,Utilities,precision,all_predictors,0.1,moderate,30,-0.004431824597244066,0.01193322034673522,-0.008702072656067246,-0.00016157653842088608,0.6333333333333333,0.36666666666666664,0.0,Logistic Regression more robust
XLU,Utilities,precision,all_predictors,0.2,moderate,30,0.004676372234478376,0.013247570095105339,-6.420984135872571e-05,0.009416954310315476,0.3333333333333333,0.6666666666666666,0.0,No clear difference
XLU,Utilities,precision,all_predictors,0.5,stress,30,-0.006195363317378781,0.018582391335002786,-0.012844986656337563,0.0004542600215800014,0.6333333333333333,0.36666666666666664,0.0,No clear difference
XLU,Utilities,precision,all_predictors,1.0,stress,30,-0.030067283964813483,0.013624405152128594,-0.034942714733961634,-0.02519185319566533,1.0,0.0,0.0,Logistic Regression more robust
XLU,Utilities,precision,momentum,0.05,moderate,30,-0.0035681203017616527,0.006663303737409928,-0.005952552921227079,-0.0011836876822962266,0.8,0.2,0.0,Logistic Regression more robust
XLU,Utilities,precision,momentum,0.1,moderate,30,-0.0036892056340906768,0.008683154110040621,-0.006796432426647799,-0.0005819788415335541,0.7333333333333333,0.26666666666666666,0.0,Logistic Regression more robust
XLU,Utilities,precision,momentum,0.2,moderate,30,-0.00553866792175497,0.01069295799345058,-0.009365093797407437,-0.0017122420461025039,0.7333333333333333,0.26666666666666666,0.0,Logistic Regression more robust
XLU,Utilities,precision,momentum,0.5,stress,30,-0.011592164768208447,0.014493176552830112,-0.016778481390429922,-0.00640584814598697,0.8333333333333334,0.16666666666666666,0.0,Logistic Regression more robust
XLU,Utilities,precision,momentum,1.0,stress,30,-0.020038703925797034,0.01369433918238917,-0.024939160266273682,-0.015138247585320386,0.9333333333333333,0.06666666666666667,0.0,Logistic Regression more robust
XLU,Utilities,precision,returns,0.05,moderate,30,0.00026624233871021003,0.004866228357063149,-0.0014751151148311866,0.002007599792251607,0.4,0.6,0.0,No clear difference
XLU,Utilities,precision,returns,0.1,moderate,30,0.002192499053375103,0.005285460928452622,0.0003011211508556458,0.00408387695589456,0.3333333333333333,0.6666666666666666,0.0,Random Forest more robust
XLU,Utilities,precision,returns,0.2,moderate,30,0.004299339287669358,0.009586924402344588,0.0008687024495255932,0.007729976125813123,0.3,0.7,0.0,Random Forest more robust
XLU,Utilities,precision,returns,0.5,stress,30,0.0022561013804961935,0.012702656300259709,-0.0022894857981502143,0.006801688559142601,0.5,0.5,0.0,No clear difference
XLU,Utilities,precision,returns,1.0,stress,30,0.005137285535794834,0.015127808439213316,-0.0002761311903509457,0.010550702261940614,0.26666666666666666,0.7333333333333333,0.0,No clear difference
XLU,Utilities,precision,volatility,0.05,moderate,30,-0.0033421589775636767,0.009982849707461506,-0.0069144758665645465,0.000230157911437193,0.6,0.4,0.0,No clear difference
XLU,Utilities,precision,volatility,0.1,moderate,30,-0.0014096871185710267,0.01435514486409432,-0.006546609735339369,0.0037272354981973156,0.6,0.4,0.0,No clear difference
XLU,Utilities,precision,volatility,0.2,moderate,30,-0.0024160102773053394,0.020620478993089095,-0.009794953918141863,0.0049629333635311836,0.5666666666666667,0.43333333333333335,0.0,No clear difference
XLU,Utilities,precision,volatility,0.5,stress,30,-0.0023018181422428136,0.020048850394655045,-0.009476207116199443,0.004872570831713815,0.6333333333333333,0.36666666666666664,0.0,No clear difference
XLU,Utilities,precision,volatility,1.0,stress,30,-0.018010476233024084,0.019723075356052187,-0.025068288106601642,-0.010952664359446525,0.8333333333333334,0.16666666666666666,0.0,Logistic Regression more robust
XLU,Utilities,precision,volume_and_range,0.05,moderate,30,-0.004780097513913117,0.006912025354006824,-0.007253534020812066,-0.0023066610070141664,0.7,0.3,0.0,Logistic Regression more robust
XLU,Utilities,precision,volume_and_range,0.1,moderate,30,-0.0036323291697352594,0.008962796279311168,-0.006839624627396632,-0.0004250337120738873,0.6333333333333333,0.36666666666666664,0.0,Logistic Regression more robust
XLU,Utilities,precision,volume_and_range,0.2,moderate,30,-0.006529010860243565,0.009145555319947249,-0.009801705800679269,-0.003256315919807861,0.7666666666666667,0.23333333333333334,0.0,Logistic Regression more robust
XLU,Utilities,precision,volume_and_range,0.5,stress,30,-0.01544475265921099,0.011713895383344405,-0.019636516287850382,-0.011252989030571599,0.8666666666666667,0.13333333333333333,0.0,Logistic Regression more robust
XLU,Utilities,precision,volume_and_range,1.0,stress,30,-0.016635667830520298,0.015219765009279847,-0.022081990792653758,-0.011189344868386839,0.8666666666666667,0.13333333333333333,0.0,Logistic Regression more robust
XLU,Utilities,recall,all_predictors,0.05,moderate,30,-0.022612612612612545,0.009923597539852157,-0.026163726385743345,-0.019061498839481744,1.0,0.0,0.0,Logistic Regression more robust
XLU,Utilities,recall,all_predictors,0.1,moderate,30,-0.03684684684684679,0.012546647718604054,-0.041336607071526234,-0.032357086622167346,1.0,0.0,0.0,Logistic Regression more robust
XLU,Utilities,recall,all_predictors,0.2,moderate,30,-0.054234234234234166,0.01827465568468005,-0.06077373578500516,-0.04769473268346317,1.0,0.0,0.0,Logistic Regression more robust
XLU,Utilities,recall,all_predictors,0.5,stress,30,-0.09396396396396388,0.020456532645651084,-0.10128424015782832,-0.08664368777009944,1.0,0.0,0.0,Logistic Regression more robust
XLU,Utilities,recall,all_predictors,1.0,stress,30,-0.09675675675675671,0.018031371255716418,-0.10320920009270072,-0.0903043134208127,1.0,0.0,0.0,Logistic Regression more robust
XLU,Utilities,recall,momentum,0.05,moderate,30,-0.008108108108108057,0.006543705379885139,-0.010449743004978978,-0.005766473211237135,0.8333333333333334,0.06666666666666667,0.1,Logistic Regression more robust
XLU,Utilities,recall,momentum,0.1,moderate,30,-0.009729729729729679,0.008325752410150863,-0.012709061966514865,-0.0067503974929444925,0.8666666666666667,0.03333333333333333,0.1,Logistic Regression more robust
XLU,Utilities,recall,momentum,0.2,moderate,30,-0.017837837837837777,0.008966660329017887,-0.021046516027928442,-0.014629159647747114,0.9666666666666667,0.03333333333333333,0.0,Logistic Regression more robust
XLU,Utilities,recall,momentum,0.5,stress,30,-0.02846846846846843,0.012809889297479272,-0.03305242848235239,-0.023884508454584473,0.9666666666666667,0.0,0.03333333333333333,Logistic Regression more robust
XLU,Utilities,recall,momentum,1.0,stress,30,-0.03342342342342343,0.018852009673384656,-0.0401695284456701,-0.026677318401176757,0.9666666666666667,0.03333333333333333,0.0,Logistic Regression more robust
XLU,Utilities,recall,returns,0.05,moderate,30,-0.0036036036036035694,0.004934437455001472,-0.0053693693693693265,-0.0018378378378378125,0.6666666666666666,0.13333333333333333,0.2,Logistic Regression more robust
XLU,Utilities,recall,returns,0.1,moderate,30,-0.0039639639639639365,0.0059269939994265825,-0.006084911527597287,-0.0018430164003305854,0.6,0.2,0.2,Logistic Regression more robust
XLU,Utilities,recall,returns,0.2,moderate,30,-0.00630630630630628,0.008556514528399077,-0.009368215706578517,-0.0032443969060340426,0.7333333333333333,0.13333333333333333,0.13333333333333333,Logistic Regression more robust
XLU,Utilities,recall,returns,0.5,stress,30,-0.027117117117117055,0.013192521948665737,-0.03183800046673899,-0.022396233767495114,0.9666666666666667,0.03333333333333333,0.0,Logistic Regression more robust
XLU,Utilities,recall,returns,1.0,stress,30,-0.046396396396396325,0.012934147659582122,-0.051024821694096764,-0.041767971098695886,1.0,0.0,0.0,Logistic Regression more robust
XLU,Utilities,recall,volatility,0.05,moderate,30,-0.019729729729729657,0.007908381960083123,-0.022559707869093896,-0.016899751590365417,1.0,0.0,0.0,Logistic Regression more robust
XLU,Utilities,recall,volatility,0.1,moderate,30,-0.03486486486486477,0.011926367040094112,-0.03913266049940261,-0.030597069230326936,1.0,0.0,0.0,Logistic Regression more robust
XLU,Utilities,recall,volatility,0.2,moderate,30,-0.061801801801801726,0.019356324671016997,-0.06872837362823878,-0.054875229975364676,1.0,0.0,0.0,Logistic Regression more robust
XLU,Utilities,recall,volatility,0.5,stress,30,-0.09873873873873866,0.01703040445405761,-0.10483299070491554,-0.09264448677256178,1.0,0.0,0.0,Logistic Regression more robust
XLU,Utilities,recall,volatility,1.0,stress,30,-0.12135135135135126,0.022571738708565384,-0.1294285443138432,-0.11327415838885932,1.0,0.0,0.0,Logistic Regression more robust
XLU,Utilities,recall,volume_and_range,0.05,moderate,30,-0.009099099099099067,0.005381275748234664,-0.011024763894535296,-0.007173434303662837,0.9333333333333333,0.03333333333333333,0.03333333333333333,Logistic Regression more robust
XLU,Utilities,recall,volume_and_range,0.1,moderate,30,-0.01198198198198192,0.0059672301141357525,-0.014117327854348289,-0.009846636109615552,0.9333333333333333,0.0,0.06666666666666667,Logistic Regression more robust
XLU,Utilities,recall,volume_and_range,0.2,moderate,30,-0.02072072072072066,0.010195275641989868,-0.024369053254133195,-0.017072388187308128,0.9666666666666667,0.03333333333333333,0.0,Logistic Regression more robust
XLU,Utilities,recall,volume_and_range,0.5,stress,30,-0.041171171171171105,0.012101085812585035,-0.045501489115478695,-0.036840853226863514,1.0,0.0,0.0,Logistic Regression more robust
XLU,Utilities,recall,volume_and_range,1.0,stress,30,-0.07414414414414408,0.016473316563528358,-0.08003904476893915,-0.06824924351934901,1.0,0.0,0.0,Logistic Regression more robust
XLU,Utilities,roc_auc,all_predictors,0.05,moderate,30,0.0006882770035170902,0.003604819305947314,-0.0006016910182199172,0.0019782450252540974,0.4,0.6,0.0,No clear difference
XLU,Utilities,roc_auc,all_predictors,0.1,moderate,30,0.005567153792623481,0.0053244618948360585,0.0036618195735229203,0.007472488011724041,0.13333333333333333,0.8666666666666667,0.0,Random Forest more robust
XLU,Utilities,roc_auc,all_predictors,0.2,moderate,30,0.010311929883954898,0.007077048716360588,0.007779440525245964,0.012844419242663833,0.1,0.9,0.0,Random Forest more robust
XLU,Utilities,roc_auc,all_predictors,0.5,stress,30,0.019162105738306123,0.010304975541106204,0.01547451760014958,0.022849693876462667,0.06666666666666667,0.9333333333333333,0.0,Random Forest more robust
XLU,Utilities,roc_auc,all_predictors,1.0,stress,30,0.025771502191126387,0.012753715514770756,0.021207643707223264,0.03033536067502951,0.0,1.0,0.0,Random Forest more robust
XLU,Utilities,roc_auc,momentum,0.05,moderate,30,0.00010212717937144456,0.0015047078354042379,-0.0004363256042469276,0.0006405799629898167,0.4,0.6,0.0,No clear difference
XLU,Utilities,roc_auc,momentum,0.1,moderate,30,0.0001939099851417199,0.0022153771122620037,-0.0005988525331324288,0.0009866725034158687,0.43333333333333335,0.5666666666666667,0.0,No clear difference
XLU,Utilities,roc_auc,momentum,0.2,moderate,30,0.00043183057796836676,0.0034993939510573773,-0.0008204114650312529,0.0016840726209679864,0.36666666666666664,0.6333333333333333,0.0,No clear difference
XLU,Utilities,roc_auc,momentum,0.5,stress,30,0.0021094058567962303,0.006684548875837068,-0.00028262923781772076,0.004501440951410181,0.4666666666666667,0.5333333333333333,0.0,No clear difference
XLU,Utilities,roc_auc,momentum,1.0,stress,30,0.01269743647614207,0.010414057191158182,0.008970813970827869,0.01642405898145627,0.1,0.9,0.0,Random Forest more robust
XLU,Utilities,roc_auc,returns,0.05,moderate,30,-0.0011232108935657432,0.0008840268201192152,-0.0014395558283673959,-0.0008068659587640906,0.9333333333333333,0.06666666666666667,0.0,Logistic Regression more robust
XLU,Utilities,roc_auc,returns,0.1,moderate,30,-0.0005578438563824324,0.0013171514902298451,-0.0010291804638447144,-8.650724892015054e-05,0.7,0.3,0.0,Logistic Regression more robust
XLU,Utilities,roc_auc,returns,0.2,moderate,30,0.0010684797532396636,0.002283450581736396,0.0002513574567636558,0.0018856020497156714,0.4,0.6,0.0,Random Forest more robust
XLU,Utilities,roc_auc,returns,0.5,stress,30,0.0032604525193251285,0.004378487161158804,0.001693631011195018,0.004827274027455239,0.26666666666666666,0.7333333333333333,0.0,Random Forest more robust
XLU,Utilities,roc_auc,returns,1.0,stress,30,0.005313058361075043,0.0071631084238585685,0.0027497729315480017,0.007876343790602085,0.3,0.7,0.0,Random Forest more robust
XLU,Utilities,roc_auc,volatility,0.05,moderate,30,-9.46980383305823e-05,0.003919322492630121,-0.001497209580039832,0.0013078135033786674,0.43333333333333335,0.5666666666666667,0.0,No clear difference
XLU,Utilities,roc_auc,volatility,0.1,moderate,30,0.002372529105305688,0.0044641716284247925,0.0007750458043499729,0.003970012406261403,0.3333333333333333,0.6666666666666666,0.0,Random Forest more robust
XLU,Utilities,roc_auc,volatility,0.2,moderate,30,0.005682634617916456,0.00659173959908433,0.0033238108964590046,0.008041458339373907,0.23333333333333334,0.7666666666666667,0.0,Random Forest more robust
XLU,Utilities,roc_auc,volatility,0.5,stress,30,0.012383719836746904,0.008613919041506359,0.009301268495276781,0.015466171178217027,0.03333333333333333,0.9666666666666667,0.0,Random Forest more robust
XLU,Utilities,roc_auc,volatility,1.0,stress,30,0.018771276495702385,0.009874563182309158,0.015237709442068046,0.022304843549336727,0.03333333333333333,0.9666666666666667,0.0,Random Forest more robust
XLU,Utilities,roc_auc,volume_and_range,0.05,moderate,30,0.0002969775621132713,0.0012101221769394328,-0.0001360590974694257,0.0007300142216959684,0.4,0.6,0.0,No clear difference
XLU,Utilities,roc_auc,volume_and_range,0.1,moderate,30,0.0005175007993379684,0.001813548541319124,-0.00013146921153326665,0.0011664708102092033,0.4,0.6,0.0,No clear difference
XLU,Utilities,roc_auc,volume_and_range,0.2,moderate,30,0.0005506027948616695,0.002846801866443762,-0.0004681121698177148,0.001569317759541054,0.4,0.6,0.0,No clear difference
XLU,Utilities,roc_auc,volume_and_range,0.5,stress,30,0.0004926743026951839,0.003692915734510482,-0.0008288186211328209,0.0018141672265231889,0.43333333333333335,0.5666666666666667,0.0,No clear difference
XLU,Utilities,roc_auc,volume_and_range,1.0,stress,30,0.0019148375933344664,0.005885707115879622,-0.00019133564876634896,0.004021010835435282,0.36666666666666664,0.6333333333333333,0.0,No clear difference
XLV,Health Care,accuracy,all_predictors,0.05,moderate,30,-0.0010040160642569532,0.004044633358283683,-0.0024513695233412537,0.0004433373948273473,0.5333333333333333,0.36666666666666664,0.1,No clear difference
XLV,Health Care,accuracy,all_predictors,0.1,moderate,30,-0.0016817269076304265,0.0052569076574420556,-0.003562887153342827,0.00019943333808197425,0.6,0.36666666666666664,0.03333333333333333,No clear difference
XLV,Health Care,accuracy,all_predictors,0.2,moderate,30,-0.0021837349397589466,0.005398810100827996,-0.004115674322686965,-0.00025179555683092726,0.6,0.4,0.0,Logistic Regression more robust
XLV,Health Care,accuracy,all_predictors,0.5,stress,30,0.006651606425702846,0.008640330738956894,0.0035597037796819583,0.009743509071723734,0.2,0.8,0.0,Random Forest more robust
XLV,Health Care,accuracy,all_predictors,1.0,stress,30,0.02231425702811252,0.010029844703816227,0.01872512319564399,0.02590339086058105,0.0,1.0,0.0,Random Forest more robust
XLV,Health Care,accuracy,momentum,0.05,moderate,30,-0.0022590361445782433,0.0018550655483476485,-0.002922862825612299,-0.0015952094635441876,0.9,0.06666666666666667,0.03333333333333333,Logistic Regression more robust
XLV,Health Care,accuracy,momentum,0.1,moderate,30,-0.002409638554216803,0.0024332171085456444,-0.003280354114019994,-0.001538922994413612,0.8333333333333334,0.16666666666666666,0.0,Logistic Regression more robust
XLV,Health Care,accuracy,momentum,0.2,moderate,30,-0.002233935742971803,0.0038926417598966682,-0.0036268997070907187,-0.0008409717788528872,0.7,0.26666666666666666,0.03333333333333333,Logistic Regression more robust
XLV,Health Care,accuracy,momentum,0.5,stress,30,-0.00020080321285133977,0.005357303248627045,-0.0021178895594749165,0.001716283133772237,0.4666666666666667,0.5333333333333333,0.0,No clear difference
XLV,Health Care,accuracy,momentum,1.0,stress,30,0.008232931726907674,0.008295948212951685,0.005264264785117177,0.01120159866869817,0.2,0.8,0.0,Random Forest more robust
XLV,Health Care,accuracy,returns,0.05,moderate,30,-0.0009036144578312932,0.0014718813627622226,-0.0014303204390774182,-0.00037690847658516827,0.5666666666666667,0.1,0.3333333333333333,Logistic Regression more robust
XLV,Health Care,accuracy,returns,0.1,moderate,30,-0.0005773092369477667,0.0022778551867686406,-0.0013924292470496738,0.00023781077315414062,0.5,0.3333333333333333,0.16666666666666666,No clear difference
XLV,Health Care,accuracy,returns,0.2,moderate,30,-7.530120481925e-05,0.0026036334762154162,-0.0010069994785997824,0.0008563970689612823,0.4666666666666667,0.43333333333333335,0.1,No clear difference
XLV,Health Care,accuracy,returns,0.5,stress,30,-0.0014307228915661802,0.003785001202290505,-0.0027851681768362537,-7.627760629610666e-05,0.6333333333333333,0.3,0.06666666666666667,Logistic Regression more robust
XLV,Health Care,accuracy,returns,1.0,stress,30,-0.002484939759036047,0.004497034178930021,-0.004094182772661555,-0.0008756967454105387,0.7666666666666667,0.23333333333333334,0.0,Logistic Regression more robust
XLV,Health Care,accuracy,volatility,0.05,moderate,30,-0.002585341365461747,0.003687311774440351,-0.003904828937933129,-0.0012658537929903647,0.7,0.2,0.1,Logistic Regression more robust
XLV,Health Care,accuracy,volatility,0.1,moderate,30,-0.0026355421686746023,0.004272283729113334,-0.004164359266733076,-0.0011067250706161289,0.7333333333333333,0.23333333333333334,0.03333333333333333,Logistic Regression more robust
XLV,Health Care,accuracy,volatility,0.2,moderate,30,-0.00117971887550192,0.005036563266750412,-0.0029820298936559784,0.0006225921426521383,0.5666666666666667,0.43333333333333335,0.0,No clear difference
XLV,Health Care,accuracy,volatility,0.5,stress,30,0.010115461847389628,0.007197372164907907,0.007539915295596123,0.012691008399183133,0.03333333333333333,0.9666666666666667,0.0,Random Forest more robust
XLV,Health Care,accuracy,volatility,1.0,stress,30,0.03775100401606432,0.008792086794305478,0.03460479616307185,0.040897211869056795,0.0,1.0,0.0,Random Forest more robust
XLV,Health Care,accuracy,volume_and_range,0.05,moderate,30,-0.0012299196787148132,0.0023186913959068415,-0.0020596527385832748,-0.0004001866188463516,0.6333333333333333,0.26666666666666666,0.1,Logistic Regression more robust
XLV,Health Care,accuracy,volume_and_range,0.1,moderate,30,-0.0010291164658633933,0.003072992532260848,-0.002128772720786663,7.053978905987635e-05,0.5333333333333333,0.36666666666666664,0.1,No clear difference
XLV,Health Care,accuracy,volume_and_range,0.2,moderate,30,-0.0020833333333332635,0.004146559729691084,-0.0035671606759962262,-0.0005995059906703007,0.6666666666666666,0.3333333333333333,0.0,Logistic Regression more robust
XLV,Health Care,accuracy,volume_and_range,0.5,stress,30,-0.0027861445783131894,0.005687351378932838,-0.004821337131543612,-0.0007509520250827666,0.7333333333333333,0.26666666666666666,0.0,Logistic Regression more robust
XLV,Health Care,accuracy,volume_and_range,1.0,stress,30,0.008132530120481984,0.008800237290728513,0.004983405649802283,0.011281654591161686,0.13333333333333333,0.8333333333333334,0.03333333333333333,Random Forest more robust
XLV,Health Care,average_precision,all_predictors,0.05,moderate,30,-0.0019438161019514474,0.0036479276972063257,-0.00324921026338453,-0.0006384219405183645,0.6666666666666666,0.3333333333333333,0.0,Logistic Regression more robust
XLV,Health Care,average_precision,all_predictors,0.1,moderate,30,-0.0011867757996820865,0.006917039589750274,-0.0036620066277975897,0.0012884550284334168,0.5333333333333333,0.4666666666666667,0.0,No clear difference
XLV,Health Care,average_precision,all_predictors,0.2,moderate,30,0.0019795992009099595,0.010267666972610827,-0.001694638237471863,0.005653836639291782,0.4,0.6,0.0,No clear difference
XLV,Health Care,average_precision,all_predictors,0.5,stress,30,0.00994369585319259,0.012905806920888947,0.005325412158586174,0.014561979547799007,0.16666666666666666,0.8333333333333334,0.0,Random Forest more robust
XLV,Health Care,average_precision,all_predictors,1.0,stress,30,0.02289545421854766,0.014590808817453145,0.01767420033912561,0.028116708097969713,0.06666666666666667,0.9333333333333333,0.0,Random Forest more robust
XLV,Health Care,average_precision,momentum,0.05,moderate,30,-4.741198740400773e-05,0.0011935575384060572,-0.000474521067214694,0.0003796970924066786,0.5333333333333333,0.4666666666666667,0.0,No clear difference
XLV,Health Care,average_precision,momentum,0.1,moderate,30,0.0010357247043497034,0.002166518084092854,0.0002604461647613568,0.00181100324393805,0.3333333333333333,0.6666666666666666,0.0,Random Forest more robust
XLV,Health Care,average_precision,momentum,0.2,moderate,30,0.00452722587250124,0.0034733286214703833,0.003284311187904241,0.005770140557098239,0.06666666666666667,0.9333333333333333,0.0,Random Forest more robust
XLV,Health Care,average_precision,momentum,0.5,stress,30,0.013504471697302489,0.008087528830231042,0.010610386673772426,0.01639855672083255,0.03333333333333333,0.9666666666666667,0.0,Random Forest more robust
XLV,Health Care,average_precision,momentum,1.0,stress,30,0.024714535043823854,0.011217409233451643,0.020700436702190763,0.028728633385456944,0.03333333333333333,0.9666666666666667,0.0,Random Forest more robust
XLV,Health Care,average_precision,returns,0.05,moderate,30,0.00046180925987217926,0.0009460123957381444,0.0001232830717063259,0.0008003354480380326,0.23333333333333334,0.7666666666666667,0.0,Random Forest more robust
XLV,Health Care,average_precision,returns,0.1,moderate,30,0.0013785035959913824,0.0015949090132213054,0.0008077727354344345,0.0019492344565483304,0.23333333333333334,0.7666666666666667,0.0,Random Forest more robust
XLV,Health Care,average_precision,returns,0.2,moderate,30,0.002093099270535651,0.002698126736295295,0.00112758701790419,0.0030586115231671118,0.26666666666666666,0.7333333333333333,0.0,Random Forest more robust
XLV,Health Care,average_precision,returns,0.5,stress,30,0.00284432563086555,0.0049318494160806355,0.0010794859829336,0.0046091652787975,0.36666666666666664,0.6333333333333333,0.0,Random Forest more robust
XLV,Health Care,average_precision,returns,1.0,stress,30,0.005991130603677195,0.007760657367441863,0.0032140150308823715,0.008768246176472018,0.3,0.7,0.0,Random Forest more robust
XLV,Health Care,average_precision,volatility,0.05,moderate,30,0.0003387219851702864,0.0032681198553165085,-0.0008307596855494628,0.0015082036558900357,0.5333333333333333,0.4666666666666667,0.0,No clear difference
XLV,Health Care,average_precision,volatility,0.1,moderate,30,-0.0001024240599295041,0.004669301787736198,-0.0017733122456651499,0.0015684641258061416,0.5333333333333333,0.4666666666666667,0.0,No clear difference
XLV,Health Care,average_precision,volatility,0.2,moderate,30,0.0009558931933902933,0.007013660076123177,-0.001553912831728869,0.0034656992185094554,0.36666666666666664,0.6333333333333333,0.0,No clear difference
XLV,Health Care,average_precision,volatility,0.5,stress,30,0.006889118321722587,0.009398952770180477,0.0035257462682756224,0.010252490375169551,0.16666666666666666,0.8333333333333334,0.0,Random Forest more robust
XLV,Health Care,average_precision,volatility,1.0,stress,30,0.023285109548738046,0.008785135363342736,0.020141389233368463,0.02642882986410763,0.0,1.0,0.0,Random Forest more robust
XLV,Health Care,average_precision,volume_and_range,0.05,moderate,30,-0.0007702782252134356,0.001207830490640403,-0.0012024948153860726,-0.00033806163504079855,0.7333333333333333,0.26666666666666666,0.0,Logistic Regression more robust
XLV,Health Care,average_precision,volume_and_range,0.1,moderate,30,-0.0012038245782725826,0.0022139240560865195,-0.0019960671270722362,-0.00041158202947292884,0.6333333333333333,0.36666666666666664,0.0,Logistic Regression more robust
XLV,Health Care,average_precision,volume_and_range,0.2,moderate,30,-0.0022087273819114497,0.0035867400591476474,-0.0034922258282691354,-0.000925228935553764,0.7333333333333333,0.26666666666666666,0.0,Logistic Regression more robust
XLV,Health Care,average_precision,volume_and_range,0.5,stress,30,-0.003998036524144346,0.006339944739035391,-0.006266756612122859,-0.0017293164361658329,0.7,0.3,0.0,Logistic Regression more robust
XLV,Health Care,average_precision,volume_and_range,1.0,stress,30,0.0025743139774535703,0.009020402006388125,-0.0006535954249000048,0.005802223379807145,0.4666666666666667,0.5333333333333333,0.0,No clear difference
XLV,Health Care,balanced_accuracy,all_predictors,0.05,moderate,30,0.0024760845899055974,0.006250783489585532,0.00023927044527871904,0.004712898734532476,0.36666666666666664,0.6333333333333333,0.0,Random Forest more robust
XLV,Health Care,balanced_accuracy,all_predictors,0.1,moderate,30,0.00037952641969848044,0.007635128118733673,-0.002352669088348831,0.0031117219277457912,0.4666666666666667,0.5333333333333333,0.0,No clear difference
XLV,Health Care,balanced_accuracy,all_predictors,0.2,moderate,30,-0.004750313717315235,0.00779880596932641,-0.007541080591972499,-0.0019595468426579703,0.7333333333333333,0.26666666666666666,0.0,Logistic Regression more robust
XLV,Health Care,balanced_accuracy,all_predictors,0.5,stress,30,-0.004460508405989137,0.015233492098498192,-0.009911743543912926,0.0009907267319346534,0.6333333333333333,0.36666666666666664,0.0,No clear difference
XLV,Health Care,balanced_accuracy,all_predictors,1.0,stress,30,0.01410883163633034,0.01614394341027917,0.008331795680704444,0.019885867591956236,0.16666666666666666,0.8333333333333334,0.0,Random Forest more robust
XLV,Health Care,balanced_accuracy,momentum,0.05,moderate,30,0.00039539963021538823,0.0023751504128870227,-0.0004545370294071536,0.00124533628983793,0.4666666666666667,0.5333333333333333,0.0,No clear difference
XLV,Health Care,balanced_accuracy,momentum,0.1,moderate,30,0.0013311696716765016,0.004223991103478976,-0.00018036613224019313,0.0028427054755931964,0.36666666666666664,0.6333333333333333,0.0,No clear difference
XLV,Health Care,balanced_accuracy,momentum,0.2,moderate,30,0.002643741118155148,0.0070219710010274135,0.00013096106675404822,0.005156521169556247,0.36666666666666664,0.6,0.03333333333333333,Random Forest more robust
XLV,Health Care,balanced_accuracy,momentum,0.5,stress,30,0.002716430884771277,0.00900365106400222,-0.0005054842698328683,0.005938346039375422,0.3,0.7,0.0,No clear difference
XLV,Health Care,balanced_accuracy,momentum,1.0,stress,30,0.0068697620108427206,0.013041080961061402,0.0022030711226480593,0.011536452899037382,0.3333333333333333,0.6666666666666666,0.0,Random Forest more robust
XLV,Health Care,balanced_accuracy,returns,0.05,moderate,30,0.0003030216325289766,0.0018943618975106355,-0.00037486706645633493,0.0009809103315142882,0.3333333333333333,0.5,0.16666666666666666,No clear difference
XLV,Health Care,balanced_accuracy,returns,0.1,moderate,30,0.0016455682404988034,0.002937230724825712,0.0005944937244370661,0.0026966427565605407,0.23333333333333334,0.7333333333333333,0.03333333333333333,Random Forest more robust
XLV,Health Care,balanced_accuracy,returns,0.2,moderate,30,0.004421404445316317,0.0037693813163156933,0.0030725486644570315,0.005770260226175603,0.13333333333333333,0.8333333333333334,0.03333333333333333,Random Forest more robust
XLV,Health Care,balanced_accuracy,returns,0.5,stress,30,0.005479527645955054,0.005485689139526937,0.0035164989983041154,0.007442556293605992,0.2,0.8,0.0,Random Forest more robust
XLV,Health Care,balanced_accuracy,returns,1.0,stress,30,0.0062958057936535776,0.005240788454877513,0.004420413730498859,0.008171197856808296,0.1,0.9,0.0,Random Forest more robust
XLV,Health Care,balanced_accuracy,volatility,0.05,moderate,30,0.0010447025033346073,0.004388103700857208,-0.0005255602393312371,0.0026149652460004517,0.43333333333333335,0.5666666666666667,0.0,No clear difference
XLV,Health Care,balanced_accuracy,volatility,0.1,moderate,30,-0.0008565402396106599,0.006132721679478481,-0.003051106508074863,0.0013380260288535434,0.6333333333333333,0.36666666666666664,0.0,No clear difference
XLV,Health Care,balanced_accuracy,volatility,0.2,moderate,30,-0.003423776570596356,0.007107223419791071,-0.005967063808252094,-0.0008804893329406186,0.6666666666666666,0.3333333333333333,0.0,Logistic Regression more robust
XLV,Health Care,balanced_accuracy,volatility,0.5,stress,30,-0.004616106744275172,0.01072203624235552,-0.008452938137661521,-0.0007792753508888218,0.7666666666666667,0.23333333333333334,0.0,Logistic Regression more robust
XLV,Health Care,balanced_accuracy,volatility,1.0,stress,30,0.008640476550567341,0.015650412199499853,0.0030400484705662015,0.014240904630568482,0.3,0.7,0.0,Random Forest more robust
XLV,Health Care,balanced_accuracy,volume_and_range,0.05,moderate,30,0.0003487337538030134,0.0027718752712688603,-0.0006431690731379281,0.001340636580743955,0.43333333333333335,0.5333333333333333,0.03333333333333333,No clear difference
XLV,Health Care,balanced_accuracy,volume_and_range,0.1,moderate,30,0.0011934883049181343,0.0035666816390806932,-8.283232800234243e-05,0.002469808937838611,0.3333333333333333,0.6333333333333333,0.03333333333333333,No clear difference
XLV,Health Care,balanced_accuracy,volume_and_range,0.2,moderate,30,-0.0005856737803175834,0.006403724219776566,-0.0028772170623639296,0.001705869501728763,0.6,0.4,0.0,No clear difference
XLV,Health Care,balanced_accuracy,volume_and_range,0.5,stress,30,-0.0029387239573754166,0.009604640694559649,-0.006375700489268455,0.0004982525745176217,0.6666666666666666,0.3333333333333333,0.0,No clear difference
XLV,Health Care,balanced_accuracy,volume_and_range,1.0,stress,30,0.0019808131716308507,0.01218636347695497,-0.0023800209929555616,0.006341647336217263,0.4666666666666667,0.5333333333333333,0.0,No clear difference
XLV,Health Care,f1_score,all_predictors,0.05,moderate,30,0.0026113468032609283,0.011182825384400496,-0.0013903758669283925,0.006613069473450249,0.5,0.5,0.0,No clear difference
XLV,Health Care,f1_score,all_predictors,0.1,moderate,30,-0.0008080174233969599,0.013290506099057613,-0.005563963950924671,0.003947929104130751,0.6,0.4,0.0,No clear difference
XLV,Health Care,f1_score,all_predictors,0.2,moderate,30,-0.008561690976697537,0.013082882200921075,-0.013243340246467377,-0.003880041706927697,0.7333333333333333,0.26666666666666666,0.0,Logistic Regression more robust
XLV,Health Care,f1_score,all_predictors,0.5,stress,30,-0.008944817391402175,0.022786232879698436,-0.01709876610726964,-0.0007908686755347099,0.6333333333333333,0.36666666666666664,0.0,Logistic Regression more robust
XLV,Health Care,f1_score,all_predictors,1.0,stress,30,0.005688302894653367,0.020054123416866465,-0.001487973006068055,0.012864578795374788,0.3,0.7,0.0,No clear difference
XLV,Health Care,f1_score,momentum,0.05,moderate,30,-0.0015445392631513602,0.004124645875632037,-0.003020524833850179,-6.855369245254133e-05,0.6,0.4,0.0,Logistic Regression more robust
XLV,Health Care,f1_score,momentum,0.1,moderate,30,-0.00028547540135934527,0.006947773599068126,-0.00277170425346301,0.002200753450744319,0.5333333333333333,0.4666666666666667,0.0,No clear difference
XLV,Health Care,f1_score,momentum,0.2,moderate,30,0.0016745664767810183,0.011309716280612336,-0.0023725635174571876,0.005721696471019224,0.4666666666666667,0.5333333333333333,0.0,No clear difference
XLV,Health Care,f1_score,momentum,0.5,stress,30,0.0028970403903045166,0.01478170706341328,-0.0023925255491112182,0.008186606329720252,0.36666666666666664,0.6333333333333333,0.0,No clear difference
XLV,Health Care,f1_score,momentum,1.0,stress,30,0.01194367680854839,0.02085485536919357,0.004480862658661226,0.019406490958435555,0.26666666666666666,0.7333333333333333,0.0,Random Forest more robust
XLV,Health Care,f1_score,returns,0.05,moderate,30,-0.0004898634276656333,0.0033751240787737546,-0.0016976360679834758,0.0007179092126522093,0.4666666666666667,0.36666666666666664,0.16666666666666666,No clear difference
XLV,Health Care,f1_score,returns,0.1,moderate,30,0.0016546862774850066,0.005434283434747721,-0.0002899470749591405,0.0035993196299291537,0.3,0.6666666666666666,0.03333333333333333,No clear difference
XLV,Health Care,f1_score,returns,0.2,moderate,30,0.005804273815895097,0.006753182022279645,0.0033876786652483645,0.008220868966541828,0.2,0.8,0.0,Random Forest more robust
XLV,Health Care,f1_score,returns,0.5,stress,30,0.006484103760830962,0.00948304613699863,0.0030906392825413302,0.009877568239120595,0.3,0.7,0.0,Random Forest more robust
XLV,Health Care,f1_score,returns,1.0,stress,30,0.006966553258369049,0.008789866747979082,0.0038211398387516713,0.010111966677986426,0.26666666666666666,0.7333333333333333,0.0,Random Forest more robust
XLV,Health Care,f1_score,volatility,0.05,moderate,30,-0.0006495741447558531,0.008473031677731432,-0.003681609590584094,0.0023824613010723877,0.6,0.4,0.0,No clear difference
XLV,Health Care,f1_score,volatility,0.1,moderate,30,-0.0031337116672099244,0.010168032374514075,-0.006772295322559853,0.0005048719881400039,0.6333333333333333,0.36666666666666664,0.0,No clear difference
XLV,Health Care,f1_score,volatility,0.2,moderate,30,-0.006460779971023445,0.01174348261231666,-0.010663131253574657,-0.0022584286884722313,0.7,0.3,0.0,Logistic Regression more robust
XLV,Health Care,f1_score,volatility,0.5,stress,30,-0.005902602060892216,0.0166147601697513,-0.011848117630132833,4.2913508348401894e-05,0.7,0.3,0.0,No clear difference
XLV,Health Care,f1_score,volatility,1.0,stress,30,0.007804458333565193,0.021728492772651015,2.9017053881491388e-05,0.015579899613248894,0.36666666666666664,0.6333333333333333,0.0,Random Forest more robust
XLV,Health Care,f1_score,volume_and_range,0.05,moderate,30,-0.0008548670873657286,0.0049873771364881605,-0.0026395770748532527,0.0009298429001217952,0.5,0.4666666666666667,0.03333333333333333,No clear difference
XLV,Health Care,f1_score,volume_and_range,0.1,moderate,30,0.0007398159346523242,0.006006812846652752,-0.0014096944366323834,0.002889326305937032,0.3333333333333333,0.6666666666666666,0.0,No clear difference
XLV,Health Care,f1_score,volume_and_range,0.2,moderate,30,-0.001666895004489319,0.010218290843809315,-0.005323463422100521,0.001989673413121883,0.6,0.4,0.0,No clear difference
XLV,Health Care,f1_score,volume_and_range,0.5,stress,30,-0.005988806322506951,0.014831505877335827,-0.011296192538621307,-0.0006814201063925938,0.6666666666666666,0.3333333333333333,0.0,Logistic Regression more robust
XLV,Health Care,f1_score,volume_and_range,1.0,stress,30,0.004318148524009066,0.01828250370067643,-0.002224161403218609,0.010860458451236742,0.36666666666666664,0.6333333333333333,0.0,No clear difference
XLV,Health Care,precision,all_predictors,0.05,moderate,30,-0.004932439017319047,0.013303593287938483,-0.009693068735242154,-0.00017180929939593793,0.6,0.4,0.0,Logistic Regression more robust
XLV,Health Care,precision,all_predictors,0.1,moderate,30,-0.008762687378576002,0.016109883613337487,-0.014527535192397082,-0.002997839564754922,0.7,0.3,0.0,Logistic Regression more robust
XLV,Health Care,precision,all_predictors,0.2,moderate,30,-0.017848475965654788,0.017231681287431255,-0.02401475392163375,-0.011682198009675826,0.8666666666666667,0.13333333333333333,0.0,Logistic Regression more robust
XLV,Health Care,precision,all_predictors,0.5,stress,30,-0.031190070220096358,0.02282191266157894,-0.03935678678193393,-0.023023353658258784,0.9666666666666667,0.03333333333333333,0.0,Logistic Regression more robust
XLV,Health Care,precision,all_predictors,1.0,stress,30,-0.062170362690103724,0.016732970524748352,-0.06815817929161322,-0.05618254608859422,1.0,0.0,0.0,Logistic Regression more robust
XLV,Health Care,precision,momentum,0.05,moderate,30,-0.009349155393889672,0.006159982789089487,-0.011553476925142567,-0.007144833862636778,0.9333333333333333,0.06666666666666667,0.0,Logistic Regression more robust
XLV,Health Care,precision,momentum,0.1,moderate,30,-0.010925271018423442,0.007862908061876256,-0.013738976532301625,-0.00811156550454526,0.9333333333333333,0.06666666666666667,0.0,Logistic Regression more robust
XLV,Health Care,precision,momentum,0.2,moderate,30,-0.010162018252545313,0.011661903802504552,-0.014335176932922161,-0.005988859572168464,0.8333333333333334,0.16666666666666666,0.0,Logistic Regression more robust
XLV,Health Care,precision,momentum,0.5,stress,30,-0.007769442117172885,0.016197694065663338,-0.013565712497802716,-0.0019731717365430532,0.6333333333333333,0.36666666666666664,0.0,Logistic Regression more robust
XLV,Health Care,precision,momentum,1.0,stress,30,0.004133531164845399,0.02219743520993567,-0.0038097190108721778,0.012076781340562975,0.4,0.6,0.0,No clear difference
XLV,Health Care,precision,returns,0.05,moderate,30,-0.003339684137054456,0.005349979462423958,-0.005254149700443646,-0.0014252185736652663,0.7,0.13333333333333333,0.16666666666666666,Logistic Regression more robust
XLV,Health Care,precision,returns,0.1,moderate,30,-0.0022835019968248235,0.00793153615847781,-0.005121765759673385,0.0005547617660237388,0.5666666666666667,0.4,0.03333333333333333,No clear difference
XLV,Health Care,precision,returns,0.2,moderate,30,-0.0013608460021945134,0.0090673819597158,-0.0046055669649376525,0.0018838749605486252,0.6,0.4,0.0,No clear difference
XLV,Health Care,precision,returns,0.5,stress,30,-0.006321010593755507,0.012351249093199401,-0.010740848318339727,-0.0019011728691712875,0.7333333333333333,0.26666666666666666,0.0,Logistic Regression more robust
XLV,Health Care,precision,returns,1.0,stress,30,-0.010974256938324234,0.013036569811879067,-0.01563933353251617,-0.006309180344132298,0.8333333333333334,0.16666666666666666,0.0,Logistic Regression more robust
XLV,Health Care,precision,volatility,0.05,moderate,30,-0.01009788688935643,0.012480827207195193,-0.014564093546523701,-0.005631680232189156,0.8,0.2,0.0,Logistic Regression more robust
XLV,Health Care,precision,volatility,0.1,moderate,30,-0.009798818827697455,0.01378477397728864,-0.01473163684391197,-0.00486600081148294,0.8,0.2,0.0,Logistic Regression more robust
XLV,Health Care,precision,volatility,0.2,moderate,30,-0.011559508426983778,0.014392939841055427,-0.016709955802560884,-0.006409061051406671,0.8,0.2,0.0,Logistic Regression more robust
XLV,Health Care,precision,volatility,0.5,stress,30,-0.009296416035859255,0.01876942892404781,-0.016012969916477313,-0.0025798621552411962,0.7666666666666667,0.23333333333333334,0.0,Logistic Regression more robust
XLV,Health Care,precision,volatility,1.0,stress,30,-0.023350948235565428,0.019845435834318803,-0.0304525462439509,-0.016249350227179955,0.9,0.1,0.0,Logistic Regression more robust
XLV,Health Care,precision,volume_and_range,0.05,moderate,30,-0.005742336086530414,0.006840138142996778,-0.008190048085346024,-0.0032946240877148028,0.8,0.16666666666666666,0.03333333333333333,Logistic Regression more robust
XLV,Health Care,precision,volume_and_range,0.1,moderate,30,-0.004765312700974216,0.008628892809918166,-0.00785312233665461,-0.0016775030652938223,0.6666666666666666,0.3333333333333333,0.0,Logistic Regression more robust
XLV,Health Care,precision,volume_and_range,0.2,moderate,30,-0.007174175798455426,0.012039947981550727,-0.011482615850902388,-0.0028657357460084637,0.6666666666666666,0.3333333333333333,0.0,Logistic Regression more robust
XLV,Health Care,precision,volume_and_range,0.5,stress,30,-0.016644498584494613,0.016756798918677415,-0.02264084206726197,-0.010648155101727255,0.8666666666666667,0.13333333333333333,0.0,Logistic Regression more robust
XLV,Health Care,precision,volume_and_range,1.0,stress,30,-0.00768138757310775,0.01941350206912172,-0.014628420068682788,-0.0007343550775327111,0.6333333333333333,0.36666666666666664,0.0,Logistic Regression more robust
XLV,Health Care,recall,all_predictors,0.05,moderate,30,0.007692307692307683,0.010900609586840325,0.003791574648278267,0.0115930407363371,0.2,0.7,0.1,Random Forest more robust
XLV,Health Care,recall,all_predictors,0.1,moderate,30,0.0034690799396681665,0.013321789603990289,-0.0012980612463281195,0.008236221125664453,0.3333333333333333,0.5666666666666667,0.1,No clear difference
XLV,Health Care,recall,all_predictors,0.2,moderate,30,-0.00859728506787328,0.01412770544782372,-0.013652819534786908,-0.0035417506009596516,0.6333333333333333,0.3,0.06666666666666667,Logistic Regression more robust
XLV,Health Care,recall,all_predictors,0.5,stress,30,-0.021116138763197533,0.027825696826170906,-0.03107343649212676,-0.011158841034268308,0.7,0.23333333333333334,0.06666666666666667,Logistic Regression more robust
XLV,Health Care,recall,all_predictors,1.0,stress,30,0.001809954751131201,0.03100057131354509,-0.009283457222133251,0.012903366724395654,0.43333333333333335,0.5333333333333333,0.03333333333333333,No clear difference
XLV,Health Care,recall,momentum,0.05,moderate,30,0.00437405731523374,0.004522285620425435,0.002755778189318746,0.005992336441148734,0.03333333333333333,0.6333333333333333,0.3333333333333333,Random Forest more robust
XLV,Health Care,recall,momentum,0.1,moderate,30,0.00693815987933632,0.008123386271224511,0.004031243435339057,0.009845076323333583,0.16666666666666666,0.7666666666666667,0.06666666666666667,Random Forest more robust
XLV,Health Care,recall,momentum,0.2,moderate,30,0.00995475113122168,0.013253601713179856,0.005212010668576503,0.014697491593866858,0.16666666666666666,0.7666666666666667,0.06666666666666667,Random Forest more robust
XLV,Health Care,recall,momentum,0.5,stress,30,0.0070889894419306305,0.01708348433428522,0.0009757430845568583,0.013202235799304404,0.3,0.6666666666666666,0.03333333333333333,Random Forest more robust
XLV,Health Care,recall,momentum,1.0,stress,30,0.00482654600301658,0.02266911902853289,-0.003285494059438833,0.012938586065471994,0.5,0.43333333333333335,0.06666666666666667,No clear difference
XLV,Health Care,recall,returns,0.05,moderate,30,0.0021116138763197334,0.00330451015086069,0.000929110105580683,0.0032941176470587838,0.06666666666666667,0.4666666666666667,0.4666666666666667,Random Forest more robust
XLV,Health Care,recall,returns,0.1,moderate,30,0.004977375565610814,0.004949638313580881,0.0032061702424619636,0.006748580888759665,0.06666666666666667,0.7666666666666667,0.16666666666666666,Random Forest more robust
XLV,Health Care,recall,returns,0.2,moderate,30,0.011161387631975819,0.0071033054548859656,0.008619502420055334,0.013703272843896304,0.06666666666666667,0.9,0.03333333333333333,Random Forest more robust
XLV,Health Care,recall,returns,0.5,stress,30,0.01583710407239815,0.0099242073866972,0.012285772068376563,0.01938843607641974,0.0,0.9333333333333333,0.06666666666666667,Random Forest more robust
XLV,Health Care,recall,returns,1.0,stress,30,0.019457013574660613,0.010023310346716255,0.01587021803184995,0.023043809117471274,0.03333333333333333,0.9666666666666667,0.0,Random Forest more robust
XLV,Health Care,recall,volatility,0.05,moderate,30,0.006485671191553513,0.006688660586998956,0.004092164739996731,0.008879177643110294,0.1,0.7333333333333333,0.16666666666666666,Random Forest more robust
XLV,Health Care,recall,volatility,0.1,moderate,30,0.0018099547511312064,0.012268806799221816,-0.0025803813774384022,0.0062002908797008155,0.36666666666666664,0.43333333333333335,0.2,No clear difference
XLV,Health Care,recall,volatility,0.2,moderate,30,-0.00678733031674204,0.013845021813302213,-0.011741707744189218,-0.0018329528892948622,0.5333333333333333,0.36666666666666664,0.1,Logistic Regression more robust
XLV,Health Care,recall,volatility,0.5,stress,30,-0.026696832579185467,0.020248116940987663,-0.033942528170965346,-0.019451136987405592,0.9,0.06666666666666667,0.03333333333333333,Logistic Regression more robust
XLV,Health Care,recall,volatility,1.0,stress,30,-0.03499245852187024,0.029824352255973116,-0.045664965911006924,-0.02431995113273355,0.8333333333333334,0.16666666666666666,0.0,Logistic Regression more robust
XLV,Health Care,recall,volume_and_range,0.05,moderate,30,0.0027149321266968065,0.0043822099376606164,0.0011467784401045218,0.004283085813289091,0.06666666666666667,0.5333333333333333,0.4,Random Forest more robust
XLV,Health Care,recall,volume_and_range,0.1,moderate,30,0.0045248868778280295,0.006826226510915016,0.002082153092618309,0.0069676206630377505,0.23333333333333334,0.7,0.06666666666666667,Random Forest more robust
XLV,Health Care,recall,volume_and_range,0.2,moderate,30,0.0016591251885369706,0.012376710590363514,-0.002769823815792412,0.006088074192866354,0.43333333333333335,0.43333333333333335,0.13333333333333333,No clear difference
XLV,Health Care,recall,volume_and_range,0.5,stress,30,-0.0031674208144796324,0.018756602337745322,-0.0098793847601373,0.003544543131178035,0.6,0.36666666666666664,0.03333333333333333,No clear difference
XLV,Health Care,recall,volume_and_range,1.0,stress,30,-0.007239819004524866,0.021962544588205363,-0.015099014650757948,0.0006193766417082157,0.5333333333333333,0.43333333333333335,0.03333333333333333,No clear difference
XLV,Health Care,roc_auc,all_predictors,0.05,moderate,30,0.0007634128628867856,0.0018764738840045842,9.192530732553869e-05,0.0014349004184480325,0.36666666666666664,0.6333333333333333,0.0,Random Forest more robust
XLV,Health Care,roc_auc,all_predictors,0.1,moderate,30,0.0018263048392173316,0.004422932311931507,0.0002435788381426017,0.0034090308402920616,0.3,0.7,0.0,Random Forest more robust
XLV,Health Care,roc_auc,all_predictors,0.2,moderate,30,0.002242959583944747,0.00781416163663714,-0.0005533022456886507,0.005039221413578144,0.4,0.6,0.0,No clear difference
XLV,Health Care,roc_auc,all_predictors,0.5,stress,30,-0.002191865558675663,0.011260164633285078,-0.00622126372364545,0.001837532606294125,0.5333333333333333,0.4666666666666667,0.0,No clear difference
XLV,Health Care,roc_auc,all_predictors,1.0,stress,30,0.0035884355826967416,0.00983371920873147,6.948435729794327e-05,0.00710738680809554,0.3,0.7,0.0,Random Forest more robust
XLV,Health Care,roc_auc,momentum,0.05,moderate,30,-0.00039008585158749445,0.0008708844723082553,-0.0007017278576241146,-7.844384555087425e-05,0.7666666666666667,0.23333333333333334,0.0,Logistic Regression more robust
XLV,Health Care,roc_auc,momentum,0.1,moderate,30,0.00044254238419708715,0.0014811967895502131,-8.749707971362374e-05,0.0009725818481077981,0.3333333333333333,0.6666666666666666,0.0,No clear difference
XLV,Health Care,roc_auc,momentum,0.2,moderate,30,0.0019201815949782843,0.002758403897449643,0.0009330994372473045,0.002907263752709264,0.2,0.8,0.0,Random Forest more robust
XLV,Health Care,roc_auc,momentum,0.5,stress,30,0.0038580757853832514,0.006181864318064529,0.0016459240495489656,0.006070227521217537,0.2,0.8,0.0,Random Forest more robust
XLV,Health Care,roc_auc,momentum,1.0,stress,30,0.007531940578329881,0.008536228067273508,0.004477290594939657,0.010586590561720106,0.16666666666666666,0.8333333333333334,0.0,Random Forest more robust
XLV,Health Care,roc_auc,returns,0.05,moderate,30,0.0004508536789741908,0.0007577622102895848,0.0001796919545178126,0.000722015403430569,0.23333333333333334,0.7333333333333333,0.03333333333333333,Random Forest more robust
XLV,Health Care,roc_auc,returns,0.1,moderate,30,0.0012447867062883723,0.0015471937815873782,0.0006911305220837152,0.0017984428904930295,0.23333333333333334,0.7666666666666667,0.0,Random Forest more robust
XLV,Health Care,roc_auc,returns,0.2,moderate,30,0.0021342314981722325,0.0028860554100889097,0.0011014698332994272,0.003166993163045038,0.26666666666666666,0.7333333333333333,0.0,Random Forest more robust
XLV,Health Care,roc_auc,returns,0.5,stress,30,0.0018235798245362798,0.004918498126593345,6.351787418799079e-05,0.003583641774884569,0.3333333333333333,0.6666666666666666,0.0,Random Forest more robust
XLV,Health Care,roc_auc,returns,1.0,stress,30,0.0018426549273033788,0.005909005264323968,-0.00027185545014547026,0.003957165304752228,0.4,0.6,0.0,No clear difference
XLV,Health Care,roc_auc,volatility,0.05,moderate,30,0.0007529215563648541,0.002259858985751971,-5.5758595909518064e-05,0.0015616017086392262,0.4,0.6,0.0,No clear difference
XLV,Health Care,roc_auc,volatility,0.1,moderate,30,0.001466602901323132,0.0035143525520006506,0.000209007991722151,0.002724197810924113,0.43333333333333335,0.5666666666666667,0.0,Random Forest more robust
XLV,Health Care,roc_auc,volatility,0.2,moderate,30,0.003168783321820123,0.005088101169320751,0.0013480297020872698,0.004989536941552976,0.3333333333333333,0.6666666666666666,0.0,Random Forest more robust
XLV,Health Care,roc_auc,volatility,0.5,stress,30,0.004542871974722786,0.005370664060291707,0.0026210045230481384,0.0064647394263974345,0.2,0.8,0.0,Random Forest more robust
XLV,Health Care,roc_auc,volatility,1.0,stress,30,0.01052278044147963,0.007068394635046313,0.0079933879059969,0.013052172976962359,0.06666666666666667,0.9333333333333333,0.0,Random Forest more robust
XLV,Health Care,roc_auc,volume_and_range,0.05,moderate,30,0.00043463984162213864,0.001278646123316147,-2.291779725162828e-05,0.0008921974804959056,0.4,0.6,0.0,No clear difference
XLV,Health Care,roc_auc,volume_and_range,0.1,moderate,30,0.00031473919565742556,0.001670130996704069,-0.00028290950598639896,0.0009123878973012501,0.4,0.6,0.0,No clear difference
XLV,Health Care,roc_auc,volume_and_range,0.2,moderate,30,-0.001170666306964704,0.002378966538958151,-0.002021968549763787,-0.0003193640641656211,0.7,0.3,0.0,Logistic Regression more robust
XLV,Health Care,roc_auc,volume_and_range,0.5,stress,30,-0.0043729673093613605,0.00439273817673444,-0.005944888477920918,-0.002801046140801803,0.8,0.2,0.0,Logistic Regression more robust
XLV,Health Care,roc_auc,volume_and_range,1.0,stress,30,-0.0012304803792130533,0.005628467767914372,-0.003244601702855656,0.0007836409444295493,0.6666666666666666,0.3333333333333333,0.0,No clear difference
XLY,Consumer Discretionary,accuracy,all_predictors,0.05,moderate,30,-0.00045180722891571996,0.0052714552661937975,-0.0023381732695625652,0.0014345588117311253,0.6,0.4,0.0,No clear difference
XLY,Consumer Discretionary,accuracy,all_predictors,0.1,moderate,30,-0.00155622489959847,0.00676102894827805,-0.003975628036651117,0.000863178237454177,0.5666666666666667,0.4,0.03333333333333333,No clear difference
XLY,Consumer Discretionary,accuracy,all_predictors,0.2,moderate,30,-0.004267068273092417,0.008899511715056726,-0.007451717640276214,-0.0010824189059086202,0.6666666666666666,0.3333333333333333,0.0,Logistic Regression more robust
XLY,Consumer Discretionary,accuracy,all_predictors,0.5,stress,30,0.015361445783132484,0.008150110251115044,0.012444966285748479,0.01827792528051649,0.06666666666666667,0.9333333333333333,0.0,Random Forest more robust
XLY,Consumer Discretionary,accuracy,all_predictors,1.0,stress,30,0.010617469879518037,0.013428638012999592,0.005812093481407768,0.015422846277628306,0.2,0.7666666666666667,0.03333333333333333,Random Forest more robust
XLY,Consumer Discretionary,accuracy,momentum,0.05,moderate,30,0.0005020080321284133,0.0020295550598541626,-0.00022425891868575667,0.0012282749829425833,0.4,0.6,0.0,No clear difference
XLY,Consumer Discretionary,accuracy,momentum,0.1,moderate,30,-0.0017570281124498766,0.002648185689313625,-0.0027046691909361773,-0.0008093870339635758,0.7666666666666667,0.23333333333333334,0.0,Logistic Regression more robust
XLY,Consumer Discretionary,accuracy,momentum,0.2,moderate,30,-0.0025351405622490233,0.003852248344575606,-0.003913649928333872,-0.0011566311961641745,0.7666666666666667,0.2,0.03333333333333333,Logistic Regression more robust
XLY,Consumer Discretionary,accuracy,momentum,0.5,stress,30,-0.005220883534136577,0.005201756880522966,-0.007082308327788398,-0.003359458740484756,0.8333333333333334,0.16666666666666666,0.0,Logistic Regression more robust
XLY,Consumer Discretionary,accuracy,momentum,1.0,stress,30,0.005697791164658567,0.00829064350827147,0.002731022487058719,0.008664559842258415,0.2,0.8,0.0,Random Forest more robust
XLY,Consumer Discretionary,accuracy,returns,0.05,moderate,30,0.0014056224899597564,0.0011821012842844615,0.0009826129780362508,0.001828632001883262,0.1,0.7666666666666667,0.13333333333333333,Random Forest more robust
XLY,Consumer Discretionary,accuracy,returns,0.1,moderate,30,0.0012550200803212097,0.002625942018420868,0.00031533879723723583,0.0021947013634051834,0.3,0.6333333333333333,0.06666666666666667,Random Forest more robust
XLY,Consumer Discretionary,accuracy,returns,0.2,moderate,30,0.0014558232931726131,0.00305032116607003,0.00036427988244849504,0.0025473667038967314,0.3,0.6,0.1,Random Forest more robust
XLY,Consumer Discretionary,accuracy,returns,0.5,stress,30,-2.5100401606476756e-05,0.0059963897708699395,-0.0021708809231242945,0.0021206801199113406,0.4666666666666667,0.5,0.03333333333333333,No clear difference
XLY,Consumer Discretionary,accuracy,returns,1.0,stress,30,-0.0017068273092369927,0.006588193875428536,-0.0040643822097795245,0.0006507275913055389,0.5333333333333333,0.43333333333333335,0.03333333333333333,No clear difference
XLY,Consumer Discretionary,accuracy,volatility,0.05,moderate,30,-0.00105421686746994,0.0031923105232561483,-0.002196570517113635,8.813678217375496e-05,0.6666666666666666,0.3333333333333333,0.0,No clear difference
XLY,Consumer Discretionary,accuracy,volatility,0.1,moderate,30,-0.0026355421686747433,0.006084649703837472,-0.004812906101583232,-0.00045817823576625423,0.7333333333333333,0.26666666666666666,0.0,Logistic Regression more robust
XLY,Consumer Discretionary,accuracy,volatility,0.2,moderate,30,-0.004518072289156657,0.006887289274826667,-0.006982657103802152,-0.002053487474511161,0.7333333333333333,0.2,0.06666666666666667,Logistic Regression more robust
XLY,Consumer Discretionary,accuracy,volatility,0.5,stress,30,0.018222891566265033,0.011749783950271247,0.01401828537888623,0.022427497753643836,0.03333333333333333,0.9666666666666667,0.0,Random Forest more robust
XLY,Consumer Discretionary,accuracy,volatility,1.0,stress,30,0.05045180722891562,0.013172331087752934,0.04573814908607891,0.05516546537175233,0.0,1.0,0.0,Random Forest more robust
XLY,Consumer Discretionary,accuracy,volume_and_range,0.05,moderate,30,0.0005522088353412865,0.00246144624746045,-0.00032860839208812757,0.0014330260627707005,0.4666666666666667,0.4666666666666667,0.06666666666666667,No clear difference
XLY,Consumer Discretionary,accuracy,volume_and_range,0.1,moderate,30,0.0007530120481926933,0.002906329160704845,-0.0002870044851646658,0.0017930285815500524,0.43333333333333335,0.5,0.06666666666666667,No clear difference
XLY,Consumer Discretionary,accuracy,volume_and_range,0.2,moderate,30,-0.0006024096385542834,0.004054611777340437,-0.0020533338290395914,0.0008485145519310244,0.6,0.4,0.0,No clear difference
XLY,Consumer Discretionary,accuracy,volume_and_range,0.5,stress,30,-2.5100401606496533e-05,0.005517503069166567,-0.001999513517769687,0.0019493127145566941,0.43333333333333335,0.5666666666666667,0.0,No clear difference
XLY,Consumer Discretionary,accuracy,volume_and_range,1.0,stress,30,0.016039156626505926,0.006770325045360529,0.013616426923834975,0.018461886329176877,0.0,1.0,0.0,Random Forest more robust
XLY,Consumer Discretionary,average_precision,all_predictors,0.05,moderate,30,0.000812350787165829,0.0016837761618402496,0.00020981922588797128,0.0014148823484436868,0.26666666666666666,0.7333333333333333,0.0,Random Forest more robust
XLY,Consumer Discretionary,average_precision,all_predictors,0.1,moderate,30,2.019652538973616e-06,0.0024044229137555476,-0.0008583920369898848,0.000862431342067832,0.4666666666666667,0.5333333333333333,0.0,No clear difference
XLY,Consumer Discretionary,average_precision,all_predictors,0.2,moderate,30,0.00171308735523076,0.005059663856215819,-9.749010269865317e-05,0.003523664813160173,0.3333333333333333,0.6666666666666666,0.0,No clear difference
XLY,Consumer Discretionary,average_precision,all_predictors,0.5,stress,30,0.0131580413015346,0.009262738080198818,0.009843413048887101,0.0164726695541821,0.1,0.9,0.0,Random Forest more robust
XLY,Consumer Discretionary,average_precision,all_predictors,1.0,stress,30,0.022327046430203643,0.015524300853467884,0.01677174671580215,0.027882346144605136,0.03333333333333333,0.9666666666666667,0.0,Random Forest more robust
XLY,Consumer Discretionary,average_precision,momentum,0.05,moderate,30,0.0004169920854863023,0.0007241873790727713,0.000157844960078884,0.0006761392108937206,0.3,0.7,0.0,Random Forest more robust
XLY,Consumer Discretionary,average_precision,momentum,0.1,moderate,30,0.0005553508810749649,0.0011955518523853702,0.00012752814517217643,0.0009831736169777533,0.4,0.6,0.0,Random Forest more robust
XLY,Consumer Discretionary,average_precision,momentum,0.2,moderate,30,0.0004905022033425563,0.002164126302116152,-0.0002839204480574914,0.0012649248547426041,0.4666666666666667,0.5333333333333333,0.0,No clear difference
XLY,Consumer Discretionary,average_precision,momentum,0.5,stress,30,0.0018616287914703885,0.0037673859881348568,0.0005134870296305593,0.0032097705533102178,0.4,0.6,0.0,Random Forest more robust
XLY,Consumer Discretionary,average_precision,momentum,1.0,stress,30,0.013495107929055292,0.00755878903298608,0.010790230012006389,0.016199985846104194,0.03333333333333333,0.9666666666666667,0.0,Random Forest more robust
XLY,Consumer Discretionary,average_precision,returns,0.05,moderate,30,-4.511456923942195e-05,0.0005800873657098516,-0.00025269616711447114,0.00016246702863562725,0.5,0.5,0.0,No clear difference
XLY,Consumer Discretionary,average_precision,returns,0.1,moderate,30,-0.0002446937148236393,0.0007765979256088234,-0.000522595713442518,3.3208283795239436e-05,0.5666666666666667,0.43333333333333335,0.0,No clear difference
XLY,Consumer Discretionary,average_precision,returns,0.2,moderate,30,-0.0004672931655070529,0.0012493599541565912,-0.0009143708833393739,-2.0215447674731943e-05,0.7333333333333333,0.26666666666666666,0.0,Logistic Regression more robust
XLY,Consumer Discretionary,average_precision,returns,0.5,stress,30,-0.0013208093413352082,0.0028013199422346068,-0.0023232488084605043,-0.00031836987420991235,0.6666666666666666,0.3333333333333333,0.0,Logistic Regression more robust
XLY,Consumer Discretionary,average_precision,returns,1.0,stress,30,-0.0006775651833380505,0.0047021422491457495,-0.002360205177262117,0.001005074810586016,0.5333333333333333,0.4666666666666667,0.0,No clear difference
XLY,Consumer Discretionary,average_precision,volatility,0.05,moderate,30,-0.00027728225434867955,0.0016421989184927867,-0.0008649355901738163,0.0003103710814764573,0.5333333333333333,0.4666666666666667,0.0,No clear difference
XLY,Consumer Discretionary,average_precision,volatility,0.1,moderate,30,-0.001645313075187689,0.0026817907865647945,-0.0026049795832842485,-0.0006856465670911296,0.7333333333333333,0.26666666666666666,0.0,Logistic Regression more robust
XLY,Consumer Discretionary,average_precision,volatility,0.2,moderate,30,-0.0002457886254088102,0.004567527079629932,-0.0018802571995810962,0.0013886799487634756,0.4666666666666667,0.5333333333333333,0.0,No clear difference
XLY,Consumer Discretionary,average_precision,volatility,0.5,stress,30,0.013910279510114813,0.007924969871178177,0.011074365462999322,0.016746193557230303,0.03333333333333333,0.9666666666666667,0.0,Random Forest more robust
XLY,Consumer Discretionary,average_precision,volatility,1.0,stress,30,0.04685766296153276,0.0131049377384714,0.04216812121901256,0.051547204704052954,0.0,1.0,0.0,Random Forest more robust
XLY,Consumer Discretionary,average_precision,volume_and_range,0.05,moderate,30,0.0008651114986208925,0.0007200220823466853,0.0006074549055041863,0.0011227680917375988,0.03333333333333333,0.9666666666666667,0.0,Random Forest more robust
XLY,Consumer Discretionary,average_precision,volume_and_range,0.1,moderate,30,0.0013494072512858898,0.0010914369288542423,0.0009588415622811718,0.0017399729402906077,0.13333333333333333,0.8666666666666667,0.0,Random Forest more robust
XLY,Consumer Discretionary,average_precision,volume_and_range,0.2,moderate,30,0.0020972661764248773,0.0018421540789620423,0.0014380598053724037,0.002756472547477351,0.13333333333333333,0.8666666666666667,0.0,Random Forest more robust
XLY,Consumer Discretionary,average_precision,volume_and_range,0.5,stress,30,0.0033467218480494492,0.0031043247042237643,0.002235853519384496,0.004457590176714403,0.13333333333333333,0.8666666666666667,0.0,Random Forest more robust
XLY,Consumer Discretionary,average_precision,volume_and_range,1.0,stress,30,0.010916202848814312,0.006118014661534157,0.008726899419131512,0.013105506278497112,0.06666666666666667,0.9333333333333333,0.0,Random Forest more robust
XLY,Consumer Discretionary,balanced_accuracy,all_predictors,0.05,moderate,30,-0.00018579358785542662,0.005039886243984418,-0.0019892937181410575,0.001617706542430204,0.5666666666666667,0.43333333333333335,0.0,No clear difference
XLY,Consumer Discretionary,balanced_accuracy,all_predictors,0.1,moderate,30,-0.001516894712770987,0.006870817748815016,-0.003975585267532448,0.0009417958419904737,0.6333333333333333,0.36666666666666664,0.0,No clear difference
XLY,Consumer Discretionary,balanced_accuracy,all_predictors,0.2,moderate,30,-0.004771387451799777,0.009044520915955345,-0.008007927695097183,-0.001534847208502371,0.6666666666666666,0.3333333333333333,0.0,Logistic Regression more robust
XLY,Consumer Discretionary,balanced_accuracy,all_predictors,0.5,stress,30,0.013595575863617189,0.008242890372609852,0.010645895426151743,0.016545256301082632,0.06666666666666667,0.9333333333333333,0.0,Random Forest more robust
XLY,Consumer Discretionary,balanced_accuracy,all_predictors,1.0,stress,30,0.0200019720638278,0.013031229617961918,0.01533880643348685,0.02466513769416875,0.06666666666666667,0.9333333333333333,0.0,Random Forest more robust
XLY,Consumer Discretionary,balanced_accuracy,momentum,0.05,moderate,30,0.0006273680500484534,0.002061055175815521,-0.00011017107249541207,0.001364907172592319,0.3333333333333333,0.6333333333333333,0.03333333333333333,No clear difference
XLY,Consumer Discretionary,balanced_accuracy,momentum,0.1,moderate,30,-0.0011960776909230404,0.003098770763091978,-0.002304958567278583,-8.719681456749798e-05,0.6,0.4,0.0,Logistic Regression more robust
XLY,Consumer Discretionary,balanced_accuracy,momentum,0.2,moderate,30,-0.0014546698051852434,0.004441768491566096,-0.0030441362465755883,0.00013479663620510137,0.6,0.4,0.0,No clear difference
XLY,Consumer Discretionary,balanced_accuracy,momentum,0.5,stress,30,-0.0036202056820613063,0.005900103391529502,-0.005731530565241555,-0.001508880798881057,0.7333333333333333,0.26666666666666666,0.0,Logistic Regression more robust
XLY,Consumer Discretionary,balanced_accuracy,momentum,1.0,stress,30,0.008209785632466078,0.007743556266755726,0.005438789609959178,0.010980781654972979,0.16666666666666666,0.8333333333333334,0.0,Random Forest more robust
XLY,Consumer Discretionary,balanced_accuracy,returns,0.05,moderate,30,0.0011041879083115932,0.0010424556045384482,0.0007311499611067099,0.0014772258555164767,0.13333333333333333,0.8,0.06666666666666667,Random Forest more robust
XLY,Consumer Discretionary,balanced_accuracy,returns,0.1,moderate,30,0.0009194852493821436,0.0023227158872955365,8.831204376584718e-05,0.00175065845499844,0.3333333333333333,0.6333333333333333,0.03333333333333333,Random Forest more robust
XLY,Consumer Discretionary,balanced_accuracy,returns,0.2,moderate,30,0.0012826806641239436,0.0029682399085349965,0.00022050965418270695,0.00234485167406518,0.3333333333333333,0.6333333333333333,0.03333333333333333,Random Forest more robust
XLY,Consumer Discretionary,balanced_accuracy,returns,0.5,stress,30,0.0004719945957059403,0.005648542199136481,-0.0015493102708921606,0.002493299462304041,0.4666666666666667,0.5333333333333333,0.0,No clear difference
XLY,Consumer Discretionary,balanced_accuracy,returns,1.0,stress,30,-0.00040372762022247304,0.006616292099393798,-0.002771337341078188,0.0019638821006332415,0.4666666666666667,0.5333333333333333,0.0,No clear difference
XLY,Consumer Discretionary,balanced_accuracy,volatility,0.05,moderate,30,-0.0007842939801702528,0.0034556068743061,-0.002020867018989468,0.0004522790586489625,0.6333333333333333,0.3333333333333333,0.03333333333333333,No clear difference
XLY,Consumer Discretionary,balanced_accuracy,volatility,0.1,moderate,30,-0.002811365801056476,0.006254417916290116,-0.005049480508576625,-0.0005732510935363274,0.7333333333333333,0.26666666666666666,0.0,Logistic Regression more robust
XLY,Consumer Discretionary,balanced_accuracy,volatility,0.2,moderate,30,-0.006453096350003524,0.007326952887373665,-0.009075012767809072,-0.003831179932197976,0.8666666666666667,0.13333333333333333,0.0,Logistic Regression more robust
XLY,Consumer Discretionary,balanced_accuracy,volatility,0.5,stress,30,0.010177108115252539,0.012333833753464678,0.005763502389955611,0.014590713840549467,0.3,0.7,0.0,Random Forest more robust
XLY,Consumer Discretionary,balanced_accuracy,volatility,1.0,stress,30,0.03709309400031048,0.013366443274577956,0.0323099737035121,0.04187621429710886,0.0,1.0,0.0,Random Forest more robust
XLY,Consumer Discretionary,balanced_accuracy,volume_and_range,0.05,moderate,30,0.00013938714969643947,0.0024121574194120167,-0.0007237922971356293,0.0010025665965285083,0.43333333333333335,0.5,0.06666666666666667,No clear difference
XLY,Consumer Discretionary,balanced_accuracy,volume_and_range,0.1,moderate,30,4.657427337838653e-05,0.002613060005490744,-0.0008884972405812246,0.0009816457873379977,0.5,0.5,0.0,No clear difference
XLY,Consumer Discretionary,balanced_accuracy,volume_and_range,0.2,moderate,30,-0.0010369699029492835,0.004130133892891519,-0.0025149193354027793,0.0004409795295042126,0.6,0.4,0.0,No clear difference
XLY,Consumer Discretionary,balanced_accuracy,volume_and_range,0.5,stress,30,-1.9091256204673146e-05,0.005682932130329206,-0.002052702401632107,0.0020145198892227607,0.4,0.6,0.0,No clear difference
XLY,Consumer Discretionary,balanced_accuracy,volume_and_range,1.0,stress,30,0.013655031490082977,0.00710086375713593,0.011114020028480878,0.01619604295168508,0.06666666666666667,0.9333333333333333,0.0,Random Forest more robust
XLY,Consumer Discretionary,f1_score,all_predictors,0.05,moderate,30,-8.456196510083957e-05,0.006243677767910364,-0.002318833359882474,0.002149709429680795,0.5333333333333333,0.4666666666666667,0.0,No clear difference
XLY,Consumer Discretionary,f1_score,all_predictors,0.1,moderate,30,-0.0018188958200945368,0.008440727185078073,-0.004839371251690575,0.001201579611501501,0.6333333333333333,0.36666666666666664,0.0,No clear difference
XLY,Consumer Discretionary,f1_score,all_predictors,0.2,moderate,30,-0.006227185582377463,0.010979277700480098,-0.010156069649332843,-0.0022983015154220826,0.7,0.3,0.0,Logistic Regression more robust
XLY,Consumer Discretionary,f1_score,all_predictors,0.5,stress,30,0.012360746170142921,0.00958357170201178,0.008931309080405035,0.015790183259880807,0.1,0.9,0.0,Random Forest more robust
XLY,Consumer Discretionary,f1_score,all_predictors,1.0,stress,30,0.018444540707304873,0.013722219094534815,0.013534107668396382,0.023354973746213363,0.06666666666666667,0.9333333333333333,0.0,Random Forest more robust
XLY,Consumer Discretionary,f1_score,momentum,0.05,moderate,30,0.0009665229378832168,0.002519040587081642,6.509584071031098e-05,0.0018679500350561227,0.3333333333333333,0.6666666666666666,0.0,Random Forest more robust
XLY,Consumer Discretionary,f1_score,momentum,0.1,moderate,30,-0.0012293563894593398,0.0038188532333143736,-0.0025959154684553833,0.00013720268953670367,0.5666666666666667,0.43333333333333335,0.0,No clear difference
XLY,Consumer Discretionary,f1_score,momentum,0.2,moderate,30,-0.0015930590548031518,0.005486730347160214,-0.003556460293820515,0.000370342184214211,0.5666666666666667,0.43333333333333335,0.0,No clear difference
XLY,Consumer Discretionary,f1_score,momentum,0.5,stress,30,-0.004451562540890138,0.007150018317375888,-0.007010163735971383,-0.0018929613458088935,0.7333333333333333,0.26666666666666666,0.0,Logistic Regression more robust
XLY,Consumer Discretionary,f1_score,momentum,1.0,stress,30,0.008935175251038797,0.00905296041964531,0.005695614970131898,0.012174735531945697,0.16666666666666666,0.8333333333333334,0.0,Random Forest more robust
XLY,Consumer Discretionary,f1_score,returns,0.05,moderate,30,0.0014374396447202132,0.0012759898353049395,0.000980832546303586,0.0018940467431368404,0.13333333333333333,0.8666666666666667,0.0,Random Forest more robust
XLY,Consumer Discretionary,f1_score,returns,0.1,moderate,30,0.0012614330902001938,0.0028610104845331595,0.00023763363683696392,0.0022852325435634238,0.3333333333333333,0.6666666666666666,0.0,Random Forest more robust
XLY,Consumer Discretionary,f1_score,returns,0.2,moderate,30,0.0017247402113018387,0.0036620317775418157,0.00041429896953971545,0.003035181453063962,0.3333333333333333,0.6666666666666666,0.0,Random Forest more robust
XLY,Consumer Discretionary,f1_score,returns,0.5,stress,30,0.0007608980515797018,0.0069157800718204635,-0.001713882063833065,0.0032356781669924685,0.4666666666666667,0.5333333333333333,0.0,No clear difference
XLY,Consumer Discretionary,f1_score,returns,1.0,stress,30,-0.0002864674144244878,0.008051910762846682,-0.0031678066762332625,0.002594871847384287,0.4666666666666667,0.5333333333333333,0.0,No clear difference
XLY,Consumer Discretionary,f1_score,volatility,0.05,moderate,30,-0.0008037808648576892,0.004234167816570882,-0.002318958358784558,0.0007113966290691793,0.6333333333333333,0.36666666666666664,0.0,No clear difference
XLY,Consumer Discretionary,f1_score,volatility,0.1,moderate,30,-0.003432281431089187,0.007638600231761828,-0.006165719418826614,-0.00069884344335176,0.7333333333333333,0.26666666666666666,0.0,Logistic Regression more robust
XLY,Consumer Discretionary,f1_score,volatility,0.2,moderate,30,-0.008300259202967194,0.009004503621296924,-0.011522479441281097,-0.005078038964653291,0.8666666666666667,0.13333333333333333,0.0,Logistic Regression more robust
XLY,Consumer Discretionary,f1_score,volatility,0.5,stress,30,0.008488711770972112,0.014580556284867234,0.003271126713217716,0.013706296828726507,0.36666666666666664,0.6333333333333333,0.0,Random Forest more robust
XLY,Consumer Discretionary,f1_score,volatility,1.0,stress,30,0.03217100409565427,0.014885826631470497,0.02684417944731815,0.037497828743990394,0.0,1.0,0.0,Random Forest more robust
XLY,Consumer Discretionary,f1_score,volume_and_range,0.05,moderate,30,0.00028196174641379065,0.0029704382878378284,-0.0007809959434577334,0.0013449194362853147,0.43333333333333335,0.5666666666666667,0.0,No clear difference
XLY,Consumer Discretionary,f1_score,volume_and_range,0.1,moderate,30,0.00018963719376526855,0.003207146935890724,-0.0009580255979550688,0.0013372999854856058,0.5,0.5,0.0,No clear difference
XLY,Consumer Discretionary,f1_score,volume_and_range,0.2,moderate,30,-0.0011161364930332696,0.0050029532198254895,-0.0029064203103590642,0.0006741473242925251,0.5666666666666667,0.43333333333333335,0.0,No clear difference
XLY,Consumer Discretionary,f1_score,volume_and_range,0.5,stress,30,-1.560467961171519e-05,0.006869053712472202,-0.002473663982074994,0.0024424546228515634,0.4,0.6,0.0,No clear difference
XLY,Consumer Discretionary,f1_score,volume_and_range,1.0,stress,30,0.015459679991955848,0.008290807849962632,0.012492852505437094,0.018426507478474602,0.06666666666666667,0.9333333333333333,0.0,Random Forest more robust
XLY,Consumer Discretionary,precision,all_predictors,0.05,moderate,30,-0.0006052182779896114,0.007948883263019924,-0.0034496896224753826,0.0022392530664961602,0.5666666666666667,0.43333333333333335,0.0,No clear difference
XLY,Consumer Discretionary,precision,all_predictors,0.1,moderate,30,-0.0022008425136470482,0.009842660072617427,-0.005722993186097342,0.001321308158803246,0.6,0.4,0.0,No clear difference
XLY,Consumer Discretionary,precision,all_predictors,0.2,moderate,30,-0.006941585621381838,0.01232752406212864,-0.01135293345263201,-0.0025302377901316635,0.6666666666666666,0.3333333333333333,0.0,Logistic Regression more robust
XLY,Consumer Discretionary,precision,all_predictors,0.5,stress,30,0.009790990906635707,0.010313739398221037,0.0061002666624872335,0.01348171515078418,0.2,0.8,0.0,Random Forest more robust
XLY,Consumer Discretionary,precision,all_predictors,1.0,stress,30,-0.010305658742396058,0.013755480080351703,-0.015227994072219506,-0.005383323412572611,0.7666666666666667,0.23333333333333334,0.0,Logistic Regression more robust
XLY,Consumer Discretionary,precision,momentum,0.05,moderate,30,0.0011379451513601683,0.002924723066331287,9.134644340842322e-05,0.0021845438593119135,0.26666666666666666,0.7333333333333333,0.0,Random Forest more robust
XLY,Consumer Discretionary,precision,momentum,0.1,moderate,30,-0.0025241415735486185,0.0036372667733634147,-0.003825720772379598,-0.001222562374717639,0.7666666666666667,0.23333333333333334,0.0,Logistic Regression more robust
XLY,Consumer Discretionary,precision,momentum,0.2,moderate,30,-0.00443426972030607,0.0053221258207159,-0.006338767986018776,-0.002529771454593365,0.7333333333333333,0.26666666666666666,0.0,Logistic Regression more robust
XLY,Consumer Discretionary,precision,momentum,0.5,stress,30,-0.009908196401982353,0.007041607050163311,-0.0124280031233241,-0.007388389680640607,0.8666666666666667,0.13333333333333333,0.0,Logistic Regression more robust
XLY,Consumer Discretionary,precision,momentum,1.0,stress,30,0.00039754189679028635,0.011567259407335244,-0.003741748721738463,0.004536832515319036,0.4666666666666667,0.5333333333333333,0.0,No clear difference
XLY,Consumer Discretionary,precision,returns,0.05,moderate,30,0.0025956125924866532,0.0019928049898709508,0.001882496485321353,0.0033087286996519535,0.13333333333333333,0.8666666666666667,0.0,Random Forest more robust
XLY,Consumer Discretionary,precision,returns,0.1,moderate,30,0.00256036779000973,0.00416172913876313,0.001071112144025349,0.004049623435994111,0.3,0.7,0.0,Random Forest more robust
XLY,Consumer Discretionary,precision,returns,0.2,moderate,30,0.002680520835538341,0.004641280162827041,0.0010196600594956817,0.0043413816115809994,0.3333333333333333,0.6666666666666666,0.0,Random Forest more robust
XLY,Consumer Discretionary,precision,returns,0.5,stress,30,-0.0002912350206820264,0.008889796819905675,-0.0034724079572833787,0.002889937915919326,0.5333333333333333,0.4666666666666667,0.0,No clear difference
XLY,Consumer Discretionary,precision,returns,1.0,stress,30,-0.0039321350438635,0.009511274054853393,-0.007335700752828631,-0.0005285693348983699,0.6666666666666666,0.3333333333333333,0.0,Logistic Regression more robust
XLY,Consumer Discretionary,precision,volatility,0.05,moderate,30,-0.0013134648063292977,0.004550983935522359,-0.0029420134924110627,0.00031508387975246735,0.6,0.4,0.0,No clear difference
XLY,Consumer Discretionary,precision,volatility,0.1,moderate,30,-0.00337360858668703,0.008439575459167641,-0.006393671878459079,-0.0003535452949149807,0.6666666666666666,0.3333333333333333,0.0,Logistic Regression more robust
XLY,Consumer Discretionary,precision,volatility,0.2,moderate,30,-0.0054423581177009284,0.009434376070240412,-0.008818406236277238,-0.0020663099991246187,0.7333333333333333,0.26666666666666666,0.0,Logistic Regression more robust
XLY,Consumer Discretionary,precision,volatility,0.5,stress,30,0.022561500913346116,0.01420533308111055,0.017478187754619023,0.02764481407207321,0.03333333333333333,0.9666666666666667,0.0,Random Forest more robust
XLY,Consumer Discretionary,precision,volatility,1.0,stress,30,0.050025901346629556,0.014352147917097012,0.04489005117357094,0.05516175151968817,0.0,1.0,0.0,Random Forest more robust
XLY,Consumer Discretionary,precision,volume_and_range,0.05,moderate,30,0.001655602736541983,0.0036275721871571365,0.0003574927008308966,0.0029537127722530695,0.3,0.7,0.0,Random Forest more robust
XLY,Consumer Discretionary,precision,volume_and_range,0.1,moderate,30,0.0023842610351095996,0.00450978128736733,0.0007704565273124939,0.003998065542906705,0.36666666666666664,0.6333333333333333,0.0,Random Forest more robust
XLY,Consumer Discretionary,precision,volume_and_range,0.2,moderate,30,0.0001575489830195102,0.005941507830330722,-0.001968592288300756,0.0022836902543397768,0.4666666666666667,0.5333333333333333,0.0,No clear difference
XLY,Consumer Discretionary,precision,volume_and_range,0.5,stress,30,-0.00045929279678403326,0.007877496802455508,-0.003278218824432103,0.0023596332308640365,0.43333333333333335,0.5666666666666667,0.0,No clear difference
XLY,Consumer Discretionary,precision,volume_and_range,1.0,stress,30,0.01976474355622722,0.008400652146328019,0.016758608793072494,0.022770878319381942,0.0,1.0,0.0,Random Forest more robust
XLY,Consumer Discretionary,recall,all_predictors,0.05,moderate,30,0.00065934065934063,0.006029988338454367,-0.0014984629551762114,0.002817144273857471,0.36666666666666664,0.43333333333333335,0.2,No clear difference
XLY,Consumer Discretionary,recall,all_predictors,0.1,moderate,30,-0.0013919413919414097,0.01034865320702205,-0.005095159382113725,0.002311276598230906,0.5,0.36666666666666664,0.13333333333333333,No clear difference
XLY,Consumer Discretionary,recall,all_predictors,0.2,moderate,30,-0.006373626373626357,0.012125402607942464,-0.010712645971398368,-0.0020346067758543456,0.7,0.26666666666666666,0.03333333333333333,Logistic Regression more robust
XLY,Consumer Discretionary,recall,all_predictors,0.5,stress,30,0.00798534798534797,0.013205535948654975,0.0032598076356391446,0.012710888335056795,0.3333333333333333,0.6666666666666666,0.0,Random Forest more robust
XLY,Consumer Discretionary,recall,all_predictors,1.0,stress,30,0.04981684981684977,0.016205392244396,0.044017824678339465,0.05561587495536008,0.0,1.0,0.0,Random Forest more robust
XLY,Consumer Discretionary,recall,momentum,0.05,moderate,30,0.0010256410256409998,0.0033021722142452647,-0.00015602612522482386,0.0022073081765068238,0.23333333333333334,0.43333333333333335,0.3333333333333333,No clear difference
XLY,Consumer Discretionary,recall,momentum,0.1,moderate,30,0.0005860805860805766,0.005996286803725249,-0.001559663089117726,0.002731824261278879,0.43333333333333335,0.4666666666666667,0.1,No clear difference
XLY,Consumer Discretionary,recall,momentum,0.2,moderate,30,0.00197802197802195,0.008351050017457156,-0.0010103628912759783,0.004966406847319878,0.3333333333333333,0.5333333333333333,0.13333333333333333,No clear difference
XLY,Consumer Discretionary,recall,momentum,0.5,stress,30,0.0014652014652014329,0.011122094231122728,-0.002514788840893443,0.005445191771296309,0.4666666666666667,0.5,0.03333333333333333,No clear difference
XLY,Consumer Discretionary,recall,momentum,1.0,stress,30,0.016190476190476137,0.012532501777070888,0.011705778025962937,0.020675174354989338,0.1,0.9,0.0,Random Forest more robust
XLY,Consumer Discretionary,recall,returns,0.05,moderate,30,0.00014652014652010993,0.0018190812896585642,-0.000504429732917192,0.000797470025957412,0.26666666666666666,0.3333333333333333,0.4,No clear difference
XLY,Consumer Discretionary,recall,returns,0.1,moderate,30,-0.00014652014652016335,0.0025768822074859273,-0.0010686456017283468,0.0007756053086880201,0.43333333333333335,0.3,0.26666666666666666,No clear difference
XLY,Consumer Discretionary,recall,returns,0.2,moderate,30,0.0007326007326006767,0.004556850474201877,-0.0008980472673863309,0.002363248732587684,0.3333333333333333,0.4,0.26666666666666666,No clear difference
XLY,Consumer Discretionary,recall,returns,0.5,stress,30,0.0020512820512820066,0.006876173137748477,-0.00040932490479719374,0.004511889007361207,0.43333333333333335,0.4666666666666667,0.1,No clear difference
XLY,Consumer Discretionary,recall,returns,1.0,stress,30,0.0037362637362637037,0.010246210124873265,6.970453223417456e-05,0.007402822940293233,0.36666666666666664,0.6,0.03333333333333333,Random Forest more robust
XLY,Consumer Discretionary,recall,volatility,0.05,moderate,30,7.326007326004319e-05,0.006066706524269307,-0.0020976829753025835,0.00224420312182267,0.4,0.4666666666666667,0.13333333333333333,No clear difference
XLY,Consumer Discretionary,recall,volatility,0.1,moderate,30,-0.003369963369963394,0.00884284444195102,-0.006534334613895687,-0.00020559212603110015,0.7,0.23333333333333334,0.06666666666666667,Logistic Regression more robust
XLY,Consumer Discretionary,recall,volatility,0.2,moderate,30,-0.012600732600732583,0.011309216339065764,-0.01664768369318596,-0.008553781508279207,0.8666666666666667,0.13333333333333333,0.0,Logistic Regression more robust
XLY,Consumer Discretionary,recall,volatility,0.5,stress,30,-0.015384615384615356,0.017208993981877786,-0.021542774792567495,-0.009226455976663217,0.8333333333333334,0.16666666666666666,0.0,Logistic Regression more robust
XLY,Consumer Discretionary,recall,volatility,1.0,stress,30,-0.005347985347985374,0.02063080703775819,-0.012730624832141484,0.0020346541361707365,0.5333333333333333,0.36666666666666664,0.1,No clear difference
XLY,Consumer Discretionary,recall,volume_and_range,0.05,moderate,30,-0.0011721611721611934,0.0035920885897004866,-0.0024575735655966323,0.00011325122127424543,0.5666666666666667,0.26666666666666666,0.16666666666666666,No clear difference
XLY,Consumer Discretionary,recall,volume_and_range,0.1,moderate,30,-0.0021978021978022034,0.0038285201789510772,-0.0035678205488673476,-0.0008277838467370595,0.5666666666666667,0.23333333333333334,0.2,Logistic Regression more robust
XLY,Consumer Discretionary,recall,volume_and_range,0.2,moderate,30,-0.00241758241758242,0.007239990158497292,-0.005008379622519675,0.00017321478735483464,0.5,0.3,0.2,No clear difference
XLY,Consumer Discretionary,recall,volume_and_range,0.5,stress,30,-1.0177044392397268e-17,0.009588687020195316,-0.003431267582841083,0.003431267582841063,0.4666666666666667,0.5,0.03333333333333333,No clear difference
XLY,Consumer Discretionary,recall,volume_and_range,1.0,stress,30,0.006080586080586037,0.011725005824126424,0.0018848466317737548,0.01027632552939832,0.23333333333333334,0.6,0.16666666666666666,Random Forest more robust
XLY,Consumer Discretionary,roc_auc,all_predictors,0.05,moderate,30,0.0007916787298228115,0.0010997623331104119,0.00039813383316661047,0.0011852236264790126,0.23333333333333334,0.7666666666666667,0.0,Random Forest more robust
XLY,Consumer Discretionary,roc_auc,all_predictors,0.1,moderate,30,0.00048554728967082776,0.0016081844136660265,-8.993411192466562e-05,0.0010610286912663212,0.4,0.6,0.0,No clear difference
XLY,Consumer Discretionary,roc_auc,all_predictors,0.2,moderate,30,0.00292511612099222,0.0034079205130855064,0.0017056074273805657,0.004144624814603874,0.2,0.8,0.0,Random Forest more robust
XLY,Consumer Discretionary,roc_auc,all_predictors,0.5,stress,30,0.01664589705826804,0.00663527313153387,0.01427149506229333,0.019020299054242747,0.0,1.0,0.0,Random Forest more robust
XLY,Consumer Discretionary,roc_auc,all_predictors,1.0,stress,30,0.025992220837581508,0.00921846982489913,0.02269343377664658,0.029291007898516436,0.0,1.0,0.0,Random Forest more robust
XLY,Consumer Discretionary,roc_auc,momentum,0.05,moderate,30,7.351182608898977e-05,0.0004894194138002466,-0.0001016246618836524,0.0002486483140616319,0.43333333333333335,0.5666666666666667,0.0,No clear difference
XLY,Consumer Discretionary,roc_auc,momentum,0.1,moderate,30,0.00016775130177171073,0.0009295107592234365,-0.00016486985160496978,0.0005003724551483912,0.43333333333333335,0.5666666666666667,0.0,No clear difference
XLY,Consumer Discretionary,roc_auc,momentum,0.2,moderate,30,0.0003287052771586723,0.001937550499281645,-0.0003646382644858044,0.001022048818803149,0.5,0.5,0.0,No clear difference
XLY,Consumer Discretionary,roc_auc,momentum,0.5,stress,30,0.0004078395830971447,0.0037474473175538496,-0.0009331672171086817,0.001748846383302971,0.4666666666666667,0.5333333333333333,0.0,No clear difference
XLY,Consumer Discretionary,roc_auc,momentum,1.0,stress,30,0.008376487964116632,0.005894668264230598,0.006267108016261737,0.010485867911971527,0.1,0.9,0.0,Random Forest more robust
XLY,Consumer Discretionary,roc_auc,returns,0.05,moderate,30,0.00019175173814329417,0.00038966010195052957,5.231366144588985e-05,0.00033118981484069846,0.26666666666666666,0.7333333333333333,0.0,Random Forest more robust
XLY,Consumer Discretionary,roc_auc,returns,0.1,moderate,30,0.00011026773913349397,0.0006034138991984726,-0.00010566115154723195,0.0003261966298142199,0.43333333333333335,0.5666666666666667,0.0,No clear difference
XLY,Consumer Discretionary,roc_auc,returns,0.2,moderate,30,-0.0005118135015043855,0.001131539839134821,-0.0009167298326495256,-0.00010689717035924538,0.7,0.3,0.0,Logistic Regression more robust
XLY,Consumer Discretionary,roc_auc,returns,0.5,stress,30,-0.001798857881332257,0.0023402182270977974,-0.0026362942188101817,-0.0009614215438543324,0.8333333333333334,0.16666666666666666,0.0,Logistic Regression more robust
XLY,Consumer Discretionary,roc_auc,returns,1.0,stress,30,-0.00167407239572205,0.004174800966379934,-0.0031680057351440786,-0.00018013905630002124,0.6666666666666666,0.3333333333333333,0.0,Logistic Regression more robust
XLY,Consumer Discretionary,roc_auc,volatility,0.05,moderate,30,5.17771651790574e-05,0.0011394754363116262,-0.0003559788829456762,0.00045953321330379106,0.5,0.5,0.0,No clear difference
XLY,Consumer Discretionary,roc_auc,volatility,0.1,moderate,30,-0.0005807937766702434,0.002284721065257498,-0.0013983707098354362,0.00023678315649494934,0.5666666666666667,0.43333333333333335,0.0,No clear difference
XLY,Consumer Discretionary,roc_auc,volatility,0.2,moderate,30,0.002291538167826646,0.003618607692192792,0.0009966360354398533,0.0035864403002134385,0.26666666666666666,0.7333333333333333,0.0,Random Forest more robust
XLY,Consumer Discretionary,roc_auc,volatility,0.5,stress,30,0.01884948957113888,0.006499912982665565,0.01652352558235349,0.02117545355992427,0.0,1.0,0.0,Random Forest more robust
XLY,Consumer Discretionary,roc_auc,volatility,1.0,stress,30,0.04757020757020737,0.009331158486124463,0.04423109538974337,0.050909319750671374,0.0,1.0,0.0,Random Forest more robust
XLY,Consumer Discretionary,roc_auc,volume_and_range,0.05,moderate,30,0.00018738802243937932,0.0005721360093230359,-1.7348219095199676e-05,0.00039212426397395835,0.4,0.6,0.0,No clear difference
XLY,Consumer Discretionary,roc_auc,volume_and_range,0.1,moderate,30,0.000312760931317502,0.0009692238552064875,-3.407137094472458e-05,0.0006595932335797286,0.23333333333333334,0.7666666666666667,0.0,No clear difference
XLY,Consumer Discretionary,roc_auc,volume_and_range,0.2,moderate,30,0.0011664547747019768,0.0015587952011519445,0.0006086470758235178,0.0017242624735804356,0.16666666666666666,0.8333333333333334,0.0,Random Forest more robust
XLY,Consumer Discretionary,roc_auc,volume_and_range,0.5,stress,30,0.003937330329082717,0.0030619787275525568,0.00284161531355747,0.005033045344607964,0.13333333333333333,0.8666666666666667,0.0,Random Forest more robust
XLY,Consumer Discretionary,roc_auc,volume_and_range,1.0,stress,30,0.012228054496095521,0.004781977643667005,0.0105168457731466,0.013939263219044443,0.03333333333333333,0.9666666666666667,0.0,Random Forest more robust
