model,feature_group,noise_intensity,seed,dataset_signature,clean_accuracy,noisy_accuracy,accuracy_degradation,clean_balanced_accuracy,noisy_balanced_accuracy,balanced_accuracy_degradation,clean_precision,noisy_precision,precision_degradation,clean_recall,noisy_recall,recall_degradation,clean_f1_score,noisy_f1_score,f1_score_degradation,clean_roc_auc,noisy_roc_auc,roc_auc_degradation,clean_average_precision,noisy_average_precision,average_precision_degradation
Logistic Regression,returns,0.05,0,7915916494138724791,0.6927710843373494,0.6920180722891566,0.0007530120481927804,0.6536102508046395,0.6531092488006316,0.0005010020040079333,0.4148471615720524,0.4139433551198257,0.0009038064522267075,0.5757575757575758,0.5757575757575758,0.0,0.48223350253807107,0.4816223067173637,0.0006111958207073442,0.7425669520859902,0.7424697880609703,9.71640250199135e-05,0.46684040472936406,0.46682246977591063,1.793495345342455e-05
Random Forest,returns,0.05,0,7915916494138724791,0.7033132530120482,0.704066265060241,-0.0007530120481927804,0.6200582984150118,0.6205593004190199,-0.0005010020040080443,0.41208791208791207,0.4132231404958678,-0.001135228407955713,0.45454545454545453,0.45454545454545453,0.0,0.4322766570605187,0.4329004329004329,-0.0006237758399141868,0.7141100382583349,0.7142132750349184,-0.00010323677658352626,0.4534410905413171,0.45341079066997975,3.0299871337347017e-05
Logistic Regression,returns,0.05,1,8848851816731352681,0.6927710843373494,0.6935240963855421,-0.0007530120481927804,0.6536102508046395,0.655125402319791,-0.0015151515151514694,0.4148471615720524,0.41612200435729846,-0.0012748427852460331,0.5757575757575758,0.5787878787878787,-0.003030303030302939,0.48223350253807107,0.4841571609632446,-0.0019236584251735578,0.7425669520859902,0.7425882067164633,-2.125463047308873e-05,0.46684040472936406,0.46692491092561617,-8.450619625210987e-05
Random Forest,returns,0.05,1,8848851816731352681,0.7033132530120482,0.7048192771084337,-0.001506024096385561,0.6200582984150118,0.6190320034007408,0.0010262950142709837,0.41208791208791207,0.4134078212290503,-0.0013199091411382202,0.45454545454545453,0.4484848484848485,0.006060606060606044,0.4322766570605187,0.43023255813953487,0.002044098920983839,0.7141100382583349,0.7145442399951417,-0.0004342017368068607,0.4534410905413171,0.45369381946588444,-0.00025272892456734697
Logistic Regression,returns,0.05,2,14278170555882432137,0.6927710843373494,0.6935240963855421,-0.0007530120481927804,0.6536102508046395,0.655125402319791,-0.0015151515151514694,0.4148471615720524,0.41612200435729846,-0.0012748427852460331,0.5757575757575758,0.5787878787878787,-0.003030303030302939,0.48223350253807107,0.4841571609632446,-0.0019236584251735578,0.7425669520859902,0.7426155340984999,-4.8582012509679195e-05,0.46684040472936406,0.46684902774801296,-8.623018648901137e-06
Random Forest,returns,0.05,2,14278170555882432137,0.7033132530120482,0.7010542168674698,0.0022590361445783413,0.6200582984150118,0.6185552924029878,0.0015030060120240218,0.41208791208791207,0.4087193460490463,0.0033685660388657612,0.45454545454545453,0.45454545454545453,0.0,0.4322766570605187,0.430416068866571,0.0018605881939476876,0.7141100382583349,0.7139066010809498,0.0002034371773850241,0.4534410905413171,0.45234850711998525,0.0010925834213318386
Logistic Regression,returns,0.05,3,4350981174299996293,0.6927710843373494,0.6927710843373494,0.0,0.6536102508046395,0.6536102508046395,0.0,0.4148471615720524,0.4148471615720524,0.0,0.5757575757575758,0.5757575757575758,0.0,0.48223350253807107,0.48223350253807107,0.0,0.7425669520859902,0.742548733831299,1.821825469117133e-05,0.46684040472936406,0.4668372775026737,3.127226690380347e-06
Random Forest,returns,0.05,3,4350981174299996293,0.7033132530120482,0.7025602409638554,0.0007530120481927804,0.6200582984150118,0.6185431468998603,0.0015151515151514694,0.41208791208791207,0.41046831955922863,0.0016195925286834334,0.45454545454545453,0.45151515151515154,0.0030303030303029943,0.4322766570605187,0.43001443001443,0.002262227046088694,0.7141100382583349,0.7143954575818303,-0.0002854193234954616,0.4534410905413171,0.45260205813489746,0.0008390324064196375
Logistic Regression,returns,0.05,4,12873192976150503279,0.6927710843373494,0.6927710843373494,0.0,0.6536102508046395,0.6536102508046395,0.0,0.4148471615720524,0.4148471615720524,0.0,0.5757575757575758,0.5757575757575758,0.0,0.48223350253807107,0.48223350253807107,0.0,0.7425669520859902,0.742506224570353,6.072751563723777e-05,0.46684040472936406,0.4667927178293111,4.768690005296783e-05
Random Forest,returns,0.05,4,12873192976150503279,0.7033132530120482,0.7063253012048193,-0.003012048192771122,0.6200582984150118,0.624090605453331,-0.004032307038319138,0.41208791208791207,0.4175824175824176,-0.0054945054945055305,0.45454545454545453,0.46060606060606063,-0.0060606060606061,0.4322766570605187,0.43804034582132567,-0.005763688760806962,0.7141100382583349,0.7129167425760612,0.0011932956822736651,0.4534410905413171,0.452071414972882,0.0013696755684350914
Logistic Regression,returns,0.05,5,6319748832246931549,0.6927710843373494,0.6927710843373494,0.0,0.6536102508046395,0.6536102508046395,0.0,0.4148471615720524,0.4148471615720524,0.0,0.5757575757575758,0.5757575757575758,0.0,0.48223350253807107,0.48223350253807107,0.0,0.7425669520859902,0.7425639157102083,3.0363757819173998e-06,0.46684040472936406,0.4669378690731416,-9.746434377755353e-05
Random Forest,returns,0.05,5,6319748832246931549,0.7033132530120482,0.704066265060241,-0.0007530120481927804,0.6200582984150118,0.6195451509078764,0.0005131475071353808,0.41208791208791207,0.41274238227146814,-0.0006544701835560773,0.45454545454545453,0.45151515151515154,0.0030303030303029943,0.4322766570605187,0.4312590448625181,0.001017612198000617,0.7141100382583349,0.7147901864334731,-0.0006801481751382843,0.4534410905413171,0.45353587389369787,-9.47833523807784e-05
Logistic Regression,returns,0.05,6,7795837990081957512,0.6927710843373494,0.6927710843373494,0.0,0.6536102508046395,0.6536102508046395,0.0,0.4148471615720524,0.4148471615720524,0.0,0.5757575757575758,0.5757575757575758,0.0,0.48223350253807107,0.48223350253807107,0.0,0.7425669520859902,0.7426003522195908,-3.3400133600536286e-05,0.46684040472936406,0.46692001708337993,-7.961235401587885e-05
Random Forest,returns,0.05,6,7795837990081957512,0.7033132530120482,0.7025602409638554,0.0007530120481927804,0.6200582984150118,0.6175289973887168,0.0025293010262950055,0.41208791208791207,0.4099722991689751,0.002115612918936971,0.45454545454545453,0.4484848484848485,0.006060606060606044,0.4322766570605187,0.4283646888567294,0.003911968203789307,0.7141100382583349,0.7141646930224085,-5.465476407362502e-05,0.4534410905413171,0.4539400074833563,-0.0004989169420391848
Logistic Regression,returns,0.05,7,18388866798590440886,0.6927710843373494,0.6935240963855421,-0.0007530120481927804,0.6536102508046395,0.655125402319791,-0.0015151515151514694,0.4148471615720524,0.41612200435729846,-0.0012748427852460331,0.5757575757575758,0.5787878787878787,-0.003030303030302939,0.48223350253807107,0.4841571609632446,-0.0019236584251735578,0.7425669520859902,0.742569988461772,-3.0363757818063775e-06,0.46684040472936406,0.46687630824347787,-3.5903514113810875e-05
Random Forest,returns,0.05,7,18388866798590440886,0.7033132530120482,0.704066265060241,-0.0007530120481927804,0.6200582984150118,0.6215734499301634,-0.0015151515151515804,0.41208791208791207,0.4136986301369863,-0.0016107180490742556,0.45454545454545453,0.4575757575757576,-0.00303030303030305,0.4322766570605187,0.43453237410071943,-0.002255717040200722,0.7141100382583349,0.7142922208052469,-0.00018218254691204638,0.4534410905413171,0.4535858366820067,-0.0001447461406896
Logistic Regression,returns,0.05,8,12392683126403906335,0.6927710843373494,0.6927710843373494,0.0,0.6536102508046395,0.6536102508046395,0.0,0.4148471615720524,0.4148471615720524,0.0,0.5757575757575758,0.5757575757575758,0.0,0.48223350253807107,0.48223350253807107,0.0,0.7425669520859902,0.742639825104755,-7.287301876479635e-05,0.46684040472936406,0.4669877676160995,-0.00014736288673544706
Random Forest,returns,0.05,8,12392683126403906335,0.7033132530120482,0.7025602409638554,0.0007530120481927804,0.6200582984150118,0.6185431468998603,0.0015151515151514694,0.41208791208791207,0.41046831955922863,0.0016195925286834334,0.45454545454545453,0.45151515151515154,0.0030303030303029943,0.4322766570605187,0.43001443001443,0.002262227046088694,0.7141100382583349,0.7141221837614623,-1.2145503127447554e-05,0.4534410905413171,0.45309130661096986,0.0003497839303472361
Logistic Regression,returns,0.05,9,2924739080676679816,0.6927710843373494,0.6927710843373494,0.0,0.6536102508046395,0.6536102508046395,0.0,0.4148471615720524,0.4148471615720524,0.0,0.5757575757575758,0.5757575757575758,0.0,0.48223350253807107,0.48223350253807107,0.0,0.7425669520859902,0.7425942794680269,-2.7327382036701486e-05,0.46684040472936406,0.46685262377429404,-1.2219044929984157e-05
Random Forest,returns,0.05,9,2924739080676679816,0.7033132530120482,0.7018072289156626,0.001506024096385561,0.6200582984150118,0.6190562944069958,0.0010020040080159776,0.41208791208791207,0.4098360655737705,0.0022518465141415644,0.45454545454545453,0.45454545454545453,0.0,0.4322766570605187,0.43103448275862066,0.001242174301898047,0.7141100382583349,0.7137031639035646,0.00040687435477027023,0.4534410905413171,0.4536156858309315,-0.00017459528961438764
Logistic Regression,returns,0.05,10,8944268886105792813,0.6927710843373494,0.6920180722891566,0.0007530120481927804,0.6536102508046395,0.6531092488006316,0.0005010020040079333,0.4148471615720524,0.4139433551198257,0.0009038064522267075,0.5757575757575758,0.5757575757575758,0.0,0.48223350253807107,0.4816223067173637,0.0006111958207073442,0.7425669520859902,0.7426094613469363,-4.250926094606644e-05,0.46684040472936406,0.4668774164734264,-3.701174406234298e-05
Random Forest,returns,0.05,10,8944268886105792813,0.7033132530120482,0.7048192771084337,-0.001506024096385561,0.6200582984150118,0.6210603024230279,-0.0010020040080160886,0.41208791208791207,0.4143646408839779,-0.00227672879606583,0.45454545454545453,0.45454545454545453,0.0,0.4322766570605187,0.43352601156069365,-0.0012493545001749373,0.7141100382583349,0.7140280561122244,8.198214611043753e-05,0.4534410905413171,0.4524040450154838,0.00103704552583328
Logistic Regression,returns,0.05,11,8687470429602385926,0.6927710843373494,0.6927710843373494,0.0,0.6536102508046395,0.6536102508046395,0.0,0.4148471615720524,0.4148471615720524,0.0,0.5757575757575758,0.5757575757575758,0.0,0.48223350253807107,0.48223350253807107,0.0,0.7425669520859902,0.7425942794680269,-2.7327382036701486e-05,0.46684040472936406,0.46689083399525133,-5.042926588727514e-05
Random Forest,returns,0.05,11,8687470429602385926,0.7033132530120482,0.7025602409638554,0.0007530120481927804,0.6200582984150118,0.6205714459221473,-0.0005131475071354918,0.41208791208791207,0.4114441416893733,0.0006437703985387455,0.45454545454545453,0.4575757575757576,-0.00303030303030305,0.4322766570605187,0.4332855093256815,-0.0010088522651627851,0.7141100382583349,0.7132568166636303,0.0008532215947045785,0.4534410905413171,0.45242686627809336,0.0010142242632237286
Logistic Regression,returns,0.05,12,9027763127184001136,0.6927710843373494,0.6927710843373494,0.0,0.6536102508046395,0.6536102508046395,0.0,0.4148471615720524,0.4148471615720524,0.0,0.5757575757575758,0.5757575757575758,0.0,0.48223350253807107,0.48223350253807107,0.0,0.7425669520859902,0.7425669520859901,1.1102230246251565e-16,0.46684040472936406,0.46685504304408454,-1.4638314720483159e-05
Random Forest,returns,0.05,12,9027763127184001136,0.7033132530120482,0.7025602409638554,0.0007530120481927804,0.6200582984150118,0.6185431468998603,0.0015151515151514694,0.41208791208791207,0.41046831955922863,0.0016195925286834334,0.45454545454545453,0.45151515151515154,0.0030303030303029943,0.4322766570605187,0.43001443001443,0.002262227046088694,0.7141100382583349,0.7153519159531184,-0.0012418776947835664,0.4534410905413171,0.45395247297768154,-0.0005113824363644492
Logistic Regression,returns,0.05,13,2166067308559138927,0.6927710843373494,0.6935240963855421,-0.0007530120481927804,0.6536102508046395,0.655125402319791,-0.0015151515151514694,0.4148471615720524,0.41612200435729846,-0.0012748427852460331,0.5757575757575758,0.5787878787878787,-0.003030303030302939,0.48223350253807107,0.4841571609632446,-0.0019236584251735578,0.7425669520859902,0.7426033885953726,-3.643650938234266e-05,0.46684040472936406,0.4669199781118309,-7.957338246683543e-05
Random Forest,returns,0.05,13,2166067308559138927,0.7033132530120482,0.7033132530120482,0.0,0.6200582984150118,0.6200582984150118,0.0,0.41208791208791207,0.41208791208791207,0.0,0.45454545454545453,0.45454545454545453,0.0,0.4322766570605187,0.4322766570605187,0.0,0.7141100382583349,0.7138640918200037,0.00024594643833120156,0.4534410905413171,0.4535712966726257,-0.0001302061313085967
Logistic Regression,returns,0.05,14,12084062591197016970,0.6927710843373494,0.6927710843373494,0.0,0.6536102508046395,0.6536102508046395,0.0,0.4148471615720524,0.4148471615720524,0.0,0.5757575757575758,0.5757575757575758,0.0,0.48223350253807107,0.48223350253807107,0.0,0.7425669520859902,0.7425790975891176,-1.2145503127336532e-05,0.46684040472936406,0.466892300125728,-5.1895396363965673e-05
Random Forest,returns,0.05,14,12084062591197016970,0.7033132530120482,0.7033132530120482,0.0,0.6200582984150118,0.6210724479261553,-0.0010141495111435361,0.41208791208791207,0.412568306010929,-0.00048039392301690853,0.45454545454545453,0.4575757575757576,-0.00303030303030305,0.4322766570605187,0.4339080459770115,-0.001631388916492782,0.7141100382583349,0.7146626586506346,-0.0005526203922997519,0.4534410905413171,0.4538372287310911,-0.00039613818977402016
Logistic Regression,returns,0.05,15,12115281054463555717,0.6927710843373494,0.6927710843373494,0.0,0.6536102508046395,0.6536102508046395,0.0,0.4148471615720524,0.4148471615720524,0.0,0.5757575757575758,0.5757575757575758,0.0,0.48223350253807107,0.48223350253807107,0.0,0.7425669520859902,0.7425608793344265,6.072751563723777e-06,0.46684040472936406,0.46687572697003277,-3.532224066871148e-05
Random Forest,returns,0.05,15,12115281054463555717,0.7033132530120482,0.7085843373493976,-0.005271084337349463,0.6200582984150118,0.625593611465355,-0.00553531305034316,0.41208791208791207,0.42105263157894735,-0.008964719491035278,0.45454545454545453,0.46060606060606063,-0.0060606060606061,0.4322766570605187,0.4399421128798842,-0.007665455819365508,0.7141100382583349,0.7145017307341957,-0.00039169247586079425,0.4534410905413171,0.45291628911185483,0.0005248014294622627
Logistic Regression,returns,0.05,16,681857286956531646,0.6927710843373494,0.6927710843373494,0.0,0.6536102508046395,0.6536102508046395,0.0,0.4148471615720524,0.4148471615720524,0.0,0.5757575757575758,0.5757575757575758,0.0,0.48223350253807107,0.48223350253807107,0.0,0.7425669520859902,0.7425396247039534,2.732738203681251e-05,0.46684040472936406,0.4668601717484367,-1.9767019072636227e-05
Random Forest,returns,0.05,16,681857286956531646,0.7033132530120482,0.7025602409638554,0.0007530120481927804,0.6200582984150118,0.6195572964110038,0.0005010020040080443,0.41208791208791207,0.410958904109589,0.0011290079783230489,0.45454545454545453,0.45454545454545453,0.0,0.4322766570605187,0.4316546762589928,0.0006219808015259232,0.7141100382583349,0.7135483087386896,0.0005617295196452821,0.4534410905413171,0.4533057438898705,0.00013534665144659952
Logistic Regression,returns,0.05,17,13423961861131468288,0.6927710843373494,0.6927710843373494,0.0,0.6536102508046395,0.6536102508046395,0.0,0.4148471615720524,0.4148471615720524,0.0,0.5757575757575758,0.5757575757575758,0.0,0.48223350253807107,0.48223350253807107,0.0,0.7425669520859902,0.742475860812534,9.109127345618973e-05,0.46684040472936406,0.4667346581314037,0.00010574659796036556
Random Forest,returns,0.05,17,13423961861131468288,0.7033132530120482,0.704066265060241,-0.0007530120481927804,0.6200582984150118,0.6205593004190199,-0.0005010020040080443,0.41208791208791207,0.4132231404958678,-0.001135228407955713,0.45454545454545453,0.45454545454545453,0.0,0.4322766570605187,0.4329004329004329,-0.0006237758399141868,0.7141100382583349,0.714040201615352,6.983664298287895e-05,0.4534410905413171,0.4532250434355563,0.000216047105760786
Logistic Regression,returns,0.05,18,211183757462873008,0.6927710843373494,0.6927710843373494,0.0,0.6536102508046395,0.6546244003157831,-0.0010141495111435361,0.4148471615720524,0.4152173913043478,-0.0003702297322953907,0.5757575757575758,0.5787878787878787,-0.003030303030302939,0.48223350253807107,0.4835443037974684,-0.0013108012593973095,0.7425669520859902,0.742639825104755,-7.287301876479635e-05,0.46684040472936406,0.46690683930089505,-6.64345715309933e-05
Random Forest,returns,0.05,18,211183757462873008,0.7033132530120482,0.7018072289156626,0.001506024096385561,0.6200582984150118,0.6180421448958523,0.0020161535191595137,0.41208791208791207,0.40934065934065933,0.0027472527472527375,0.45454545454545453,0.45151515151515154,0.0030303030303029943,0.4322766570605187,0.42939481268011526,0.0028818443804034533,0.7141100382583349,0.7135756361207263,0.0005344021376085806,0.4534410905413171,0.4534732792462992,-3.218870498211679e-05
Logistic Regression,returns,0.05,19,3298269764736360449,0.6927710843373494,0.6935240963855421,-0.0007530120481927804,0.6536102508046395,0.655125402319791,-0.0015151515151514694,0.4148471615720524,0.41612200435729846,-0.0012748427852460331,0.5757575757575758,0.5787878787878787,-0.003030303030302939,0.48223350253807107,0.4841571609632446,-0.0019236584251735578,0.7425669520859902,0.7426276796016276,-6.0727515637348795e-05,0.46684040472936406,0.4668430978382143,-2.693108850260195e-06
Random Forest,returns,0.05,19,3298269764736360449,0.7033132530120482,0.7025602409638554,0.0007530120481927804,0.6200582984150118,0.6205714459221473,-0.0005131475071354918,0.41208791208791207,0.4114441416893733,0.0006437703985387455,0.45454545454545453,0.4575757575757576,-0.00303030303030305,0.4322766570605187,0.4332855093256815,-0.0010088522651627851,0.7141100382583349,0.7142102386591364,-0.00010020040080149784,0.4534410905413171,0.452824310872892,0.0006167796684251048
Logistic Regression,returns,0.05,20,4540315932403636661,0.6927710843373494,0.6927710843373494,0.0,0.6536102508046395,0.6536102508046395,0.0,0.4148471615720524,0.4148471615720524,0.0,0.5757575757575758,0.5757575757575758,0.0,0.48223350253807107,0.48223350253807107,0.0,0.7425669520859902,0.7425790975891176,-1.2145503127336532e-05,0.46684040472936406,0.4669041669318107,-6.376220244663777e-05
Random Forest,returns,0.05,20,4540315932403636661,0.7033132530120482,0.7055722891566265,-0.0022590361445783413,0.6200582984150118,0.6225754539381794,-0.002517155523167558,0.41208791208791207,0.41597796143250687,-0.0038900493445948037,0.45454545454545453,0.4575757575757576,-0.00303030303030305,0.4322766570605187,0.4357864357864358,-0.0035097787259170676,0.7141100382583349,0.714355984696666,-0.00024594643833109053,0.4534410905413171,0.4525808240602721,0.00086026648104498
Logistic Regression,returns,0.05,21,17196963165369061067,0.6927710843373494,0.6927710843373494,0.0,0.6536102508046395,0.6536102508046395,0.0,0.4148471615720524,0.4148471615720524,0.0,0.5757575757575758,0.5757575757575758,0.0,0.48223350253807107,0.48223350253807107,0.0,0.7425669520859902,0.742591243092245,-2.4291006254784087e-05,0.46684040472936406,0.4669722281186751,-0.00013182338931105875
Random Forest,returns,0.05,21,17196963165369061067,0.7033132530120482,0.7048192771084337,-0.001506024096385561,0.6200582984150118,0.6200461529118844,1.2145503127447554e-05,0.41208791208791207,0.41388888888888886,-0.0018009768009767946,0.45454545454545453,0.45151515151515154,0.0030303030303029943,0.4322766570605187,0.4318840579710145,0.00039259908950423084,0.7141100382583349,0.7145533491224874,-0.00044331086415250187,0.4534410905413171,0.4540630065885328,-0.0006219160472157315
Logistic Regression,returns,0.05,22,9953149949425664531,0.6927710843373494,0.6927710843373494,0.0,0.6536102508046395,0.6536102508046395,0.0,0.4148471615720524,0.4148471615720524,0.0,0.5757575757575758,0.5757575757575758,0.0,0.48223350253807107,0.48223350253807107,0.0,0.7425669520859902,0.7426216068500637,-5.4654764073513995e-05,0.46684040472936406,0.4669269615603767,-8.655683101266298e-05
Random Forest,returns,0.05,22,9953149949425664531,0.7033132530120482,0.704066265060241,-0.0007530120481927804,0.6200582984150118,0.6195451509078764,0.0005131475071353808,0.41208791208791207,0.41274238227146814,-0.0006544701835560773,0.45454545454545453,0.45151515151515154,0.0030303030303029943,0.4322766570605187,0.4312590448625181,0.001017612198000617,0.7141100382583349,0.7153245885710815,-0.0012145503127466428,0.4534410905413171,0.45381905697174374,-0.00037796643042664613
Logistic Regression,returns,0.05,23,3958384557091095559,0.6927710843373494,0.6935240963855421,-0.0007530120481927804,0.6536102508046395,0.655125402319791,-0.0015151515151514694,0.4148471615720524,0.41612200435729846,-0.0012748427852460331,0.5757575757575758,0.5787878787878787,-0.003030303030302939,0.48223350253807107,0.4841571609632446,-0.0019236584251735578,0.7425669520859902,0.7425578429586446,9.109127345641177e-06,0.46684040472936406,0.4667678375557519,7.256717361214804e-05
Random Forest,returns,0.05,23,3958384557091095559,0.7033132530120482,0.7070783132530121,-0.0037650602409639022,0.6200582984150118,0.6245916074573389,-0.004533309042327072,0.41208791208791207,0.418732782369146,-0.00664487028123395,0.45454545454545453,0.46060606060606063,-0.0060606060606061,0.4322766570605187,0.43867243867243866,-0.006395781611919948,0.7141100382583349,0.7154490799781381,-0.0013390417198032578,0.4534410905413171,0.4540534204904796,-0.0006123299491624934
Logistic Regression,returns,0.05,24,10300449503629869992,0.6927710843373494,0.6935240963855421,-0.0007530120481927804,0.6536102508046395,0.655125402319791,-0.0015151515151514694,0.4148471615720524,0.41612200435729846,-0.0012748427852460331,0.5757575757575758,0.5787878787878787,-0.003030303030302939,0.48223350253807107,0.4841571609632446,-0.0019236584251735578,0.7425669520859902,0.7425730248375538,-6.072751563612755e-06,0.46684040472936406,0.46696062464186017,-0.00012021991249611119
Random Forest,returns,0.05,24,10300449503629869992,0.7033132530120482,0.7048192771084337,-0.001506024096385561,0.6200582984150118,0.6220744519341713,-0.0020161535191595137,0.41208791208791207,0.41483516483516486,-0.002747252747252793,0.45454545454545453,0.4575757575757576,-0.00303030303030305,0.4322766570605187,0.43515850144092216,-0.0028818443804034533,0.7141100382583349,0.7139794740997145,0.00013056415862033877,0.4534410905413171,0.4536212069505626,-0.0001801164092455343
Logistic Regression,returns,0.05,25,6614594680072867626,0.6927710843373494,0.6935240963855421,-0.0007530120481927804,0.6536102508046395,0.655125402319791,-0.0015151515151514694,0.4148471615720524,0.41612200435729846,-0.0012748427852460331,0.5757575757575758,0.5787878787878787,-0.003030303030302939,0.48223350253807107,0.4841571609632446,-0.0019236584251735578,0.7425669520859902,0.7425973158438088,-3.0363757818618886e-05,0.46684040472936406,0.4668609810350527,-2.0576305688635443e-05
Random Forest,returns,0.05,25,6614594680072867626,0.7033132530120482,0.7025602409638554,0.0007530120481927804,0.6200582984150118,0.6185431468998603,0.0015151515151514694,0.41208791208791207,0.41046831955922863,0.0016195925286834334,0.45454545454545453,0.45151515151515154,0.0030303030303029943,0.4322766570605187,0.43001443001443,0.002262227046088694,0.7141100382583349,0.7144410032185583,-0.00033096496022344546,0.4534410905413171,0.45336007819647783,8.101234483925968e-05
Logistic Regression,returns,0.05,26,12648686427766134937,0.6927710843373494,0.6920180722891566,0.0007530120481927804,0.6536102508046395,0.6531092488006316,0.0005010020040079333,0.4148471615720524,0.4139433551198257,0.0009038064522267075,0.5757575757575758,0.5757575757575758,0.0,0.48223350253807107,0.4816223067173637,0.0006111958207073442,0.7425669520859902,0.7425730248375538,-6.072751563612755e-06,0.46684040472936406,0.4668646531204877,-2.424839112363797e-05
Random Forest,returns,0.05,26,12648686427766134937,0.7033132530120482,0.704066265060241,-0.0007530120481927804,0.6200582984150118,0.6205593004190199,-0.0005010020040080443,0.41208791208791207,0.4132231404958678,-0.001135228407955713,0.45454545454545453,0.45454545454545453,0.0,0.4322766570605187,0.4329004329004329,-0.0006237758399141868,0.7141100382583349,0.7127041962713305,0.0014058419870043304,0.4534410905413171,0.4532822914362327,0.0001587991050843729
Logistic Regression,returns,0.05,27,16774185407234377434,0.6927710843373494,0.6927710843373494,0.0,0.6536102508046395,0.6536102508046395,0.0,0.4148471615720524,0.4148471615720524,0.0,0.5757575757575758,0.5757575757575758,0.0,0.48223350253807107,0.48223350253807107,0.0,0.7425669520859902,0.7425821339648996,-1.5181878909364954e-05,0.46684040472936406,0.46685195313090544,-1.154840154138359e-05
Random Forest,returns,0.05,27,16774185407234377434,0.7033132530120482,0.7063253012048193,-0.003012048192771122,0.6200582984150118,0.624090605453331,-0.004032307038319138,0.41208791208791207,0.4175824175824176,-0.0054945054945055305,0.45454545454545453,0.46060606060606063,-0.0060606060606061,0.4322766570605187,0.43804034582132567,-0.005763688760806962,0.7141100382583349,0.7137365640371652,0.0003734742211696229,0.4534410905413171,0.4529665317251574,0.0004745588161597092
Logistic Regression,returns,0.05,28,15170409783339915358,0.6927710843373494,0.6927710843373494,0.0,0.6536102508046395,0.6536102508046395,0.0,0.4148471615720524,0.4148471615720524,0.0,0.5757575757575758,0.5757575757575758,0.0,0.48223350253807107,0.48223350253807107,0.0,0.7425669520859902,0.7425548065828627,1.2145503127558577e-05,0.46684040472936406,0.46691436408780634,-7.395935844228818e-05
Random Forest,returns,0.05,28,15170409783339915358,0.7033132530120482,0.7055722891566265,-0.0022590361445783413,0.6200582984150118,0.6235896034493229,-0.003531305034311094,0.41208791208791207,0.41643835616438357,-0.004350444076471505,0.45454545454545453,0.46060606060606063,-0.0060606060606061,0.4322766570605187,0.437410071942446,-0.005133414881927312,0.7141100382583349,0.7134147082042873,0.0006953300540475382,0.4534410905413171,0.45262623833718246,0.0008148522041346307
Logistic Regression,returns,0.05,29,2630759589427078716,0.6927710843373494,0.6927710843373494,0.0,0.6536102508046395,0.6536102508046395,0.0,0.4148471615720524,0.4148471615720524,0.0,0.5757575757575758,0.5757575757575758,0.0,0.48223350253807107,0.48223350253807107,0.0,0.7425669520859902,0.7426064249711544,-3.947288516414904e-05,0.46684040472936406,0.4668688974618849,-2.849273252086837e-05
Random Forest,returns,0.05,29,2630759589427078716,0.7033132530120482,0.7033132530120482,0.0,0.6200582984150118,0.6200582984150118,0.0,0.41208791208791207,0.41208791208791207,0.0,0.45454545454545453,0.45454545454545453,0.0,0.4322766570605187,0.4322766570605187,0.0,0.7141100382583349,0.7146656950264164,-0.0005556567680815583,0.4534410905413171,0.4536551339989724,-0.00021404345765529964
Logistic Regression,returns,0.1,0,16935329805703804223,0.6927710843373494,0.6920180722891566,0.0007530120481927804,0.6536102508046395,0.6531092488006316,0.0005010020040079333,0.4148471615720524,0.4139433551198257,0.0009038064522267075,0.5757575757575758,0.5757575757575758,0.0,0.48223350253807107,0.4816223067173637,0.0006111958207073442,0.7425669520859902,0.7424637153094067,0.00010323677658352626,0.46684040472936406,0.4668060210153563,3.438371400776852e-05
Random Forest,returns,0.1,0,16935329805703804223,0.7033132530120482,0.7048192771084337,-0.001506024096385561,0.6200582984150118,0.6200461529118844,1.2145503127447554e-05,0.41208791208791207,0.41388888888888886,-0.0018009768009767946,0.45454545454545453,0.45151515151515154,0.0030303030303029943,0.4322766570605187,0.4318840579710145,0.00039259908950423084,0.7141100382583349,0.7142345296653914,-0.00012449140705650397,0.4534410905413171,0.45422032146408997,-0.0007792309227728778
Logistic Regression,returns,0.1,1,6636802881967138001,0.6927710843373494,0.6927710843373494,0.0,0.6536102508046395,0.6546244003157831,-0.0010141495111435361,0.4148471615720524,0.4152173913043478,-0.0003702297322953907,0.5757575757575758,0.5787878787878787,-0.003030303030302939,0.48223350253807107,0.4835443037974684,-0.0013108012593973095,0.7425669520859902,0.7426428614805369,-7.590939454671375e-05,0.46684040472936406,0.4671534564158141,-0.0003130516864500166
Random Forest,returns,0.1,1,6636802881967138001,0.7033132530120482,0.7070783132530121,-0.0037650602409639022,0.6200582984150118,0.6235774579461955,-0.0035191595311836465,0.41208791208791207,0.4182825484764543,-0.0061946363885422295,0.45454545454545453,0.4575757575757576,-0.00303030303030305,0.4322766570605187,0.4370477568740955,-0.004771099813576818,0.7141100382583349,0.7140341288637883,7.590939454660273e-05,0.4534410905413171,0.45244058275884735,0.0010005077824697395
Logistic Regression,returns,0.1,2,18003250144289815444,0.6927710843373494,0.6935240963855421,-0.0007530120481927804,0.6536102508046395,0.655125402319791,-0.0015151515151514694,0.4148471615720524,0.41612200435729846,-0.0012748427852460331,0.5757575757575758,0.5787878787878787,-0.003030303030302939,0.48223350253807107,0.4841571609632446,-0.0019236584251735578,0.7425669520859902,0.7426550069836643,-8.805489767405028e-05,0.46684040472936406,0.46692450006491515,-8.409533555109316e-05
Random Forest,returns,0.1,2,18003250144289815444,0.7033132530120482,0.704066265060241,-0.0007530120481927804,0.6200582984150118,0.6215734499301634,-0.0015151515151515804,0.41208791208791207,0.4136986301369863,-0.0016107180490742556,0.45454545454545453,0.4575757575757576,-0.00303030303030305,0.4322766570605187,0.43453237410071943,-0.002255717040200722,0.7141100382583349,0.7140948563794255,1.5181878909364954e-05,0.4534410905413171,0.4517783941363356,0.0016626964049815118
Logistic Regression,returns,0.1,3,4005249593316041125,0.6927710843373494,0.6920180722891566,0.0007530120481927804,0.6536102508046395,0.6531092488006316,0.0005010020040079333,0.4148471615720524,0.4139433551198257,0.0009038064522267075,0.5757575757575758,0.5757575757575758,0.0,0.48223350253807107,0.4816223067173637,0.0006111958207073442,0.7425669520859902,0.7425244428250439,4.2509260946288485e-05,0.46684040472936406,0.46683562502285647,4.779706507584969e-06
Random Forest,returns,0.1,3,4005249593316041125,0.7033132530120482,0.7048192771084337,-0.001506024096385561,0.6200582984150118,0.6210603024230279,-0.0010020040080160886,0.41208791208791207,0.4143646408839779,-0.00227672879606583,0.45454545454545453,0.45454545454545453,0.0,0.4322766570605187,0.43352601156069365,-0.0012493545001749373,0.7141100382583349,0.7155128438695573,-0.001402805611222413,0.4534410905413171,0.45476446125473424,-0.001323370713417149
Logistic Regression,returns,0.1,4,5191197531727440442,0.6927710843373494,0.6927710843373494,0.0,0.6536102508046395,0.6536102508046395,0.0,0.4148471615720524,0.4148471615720524,0.0,0.5757575757575758,0.5757575757575758,0.0,0.48223350253807107,0.48223350253807107,0.0,0.7425669520859902,0.7425062245703528,6.072751563745982e-05,0.46684040472936406,0.46678192016564624,5.848456371781996e-05
Random Forest,returns,0.1,4,5191197531727440442,0.7033132530120482,0.7055722891566265,-0.0022590361445783413,0.6200582984150118,0.6225754539381794,-0.002517155523167558,0.41208791208791207,0.41597796143250687,-0.0038900493445948037,0.45454545454545453,0.4575757575757576,-0.00303030303030305,0.4322766570605187,0.4357864357864358,-0.0035097787259170676,0.7141100382583349,0.7123216129228153,0.0017884253355195945,0.4534410905413171,0.45252887612899606,0.000912214412321033
Logistic Regression,returns,0.1,5,17344621265246211747,0.6927710843373494,0.6912650602409639,0.0015060240963854499,0.6536102508046395,0.6526082467966235,0.0010020040080159776,0.4148471615720524,0.41304347826086957,0.0018036833111828576,0.5757575757575758,0.5757575757575758,0.0,0.48223350253807107,0.4810126582278481,0.0012208443102229571,0.7425669520859902,0.7425548065828627,1.2145503127558577e-05,0.46684040472936406,0.4670078789122757,-0.00016747418291163108
Random Forest,returns,0.1,5,17344621265246211747,0.7033132530120482,0.704066265060241,-0.0007530120481927804,0.6200582984150118,0.6195451509078764,0.0005131475071353808,0.41208791208791207,0.41274238227146814,-0.0006544701835560773,0.45454545454545453,0.45151515151515154,0.0030303030303029943,0.4322766570605187,0.4312590448625181,0.001017612198000617,0.7141100382583349,0.7152729701827898,-0.0011629319244549352,0.4534410905413171,0.45390032641121947,-0.00045923586990237464
Logistic Regression,returns,0.1,6,7296021798506510210,0.6927710843373494,0.6920180722891566,0.0007530120481927804,0.6536102508046395,0.6531092488006316,0.0005010020040079333,0.4148471615720524,0.4139433551198257,0.0009038064522267075,0.5757575757575758,0.5757575757575758,0.0,0.48223350253807107,0.4816223067173637,0.0006111958207073442,0.7425669520859902,0.7426762616141374,-0.00010930952814713901,0.46684040472936406,0.46696762141577625,-0.00012721668641219042
Random Forest,returns,0.1,6,7296021798506510210,0.7033132530120482,0.7025602409638554,0.0007530120481927804,0.6200582984150118,0.6175289973887168,0.0025293010262950055,0.41208791208791207,0.4099722991689751,0.002115612918936971,0.45454545454545453,0.4484848484848485,0.006060606060606044,0.4322766570605187,0.4283646888567294,0.003911968203789307,0.7141100382583349,0.7142375660411733,-0.00012752778283842137,0.4534410905413171,0.4545742056992089,-0.0011331151578918286
Logistic Regression,returns,0.1,7,9821792374041560211,0.6927710843373494,0.6935240963855421,-0.0007530120481927804,0.6536102508046395,0.655125402319791,-0.0015151515151514694,0.4148471615720524,0.41612200435729846,-0.0012748427852460331,0.5757575757575758,0.5787878787878787,-0.003030303030302939,0.48223350253807107,0.4841571609632446,-0.0019236584251735578,0.7425669520859902,0.7425639157102084,3.0363757818063775e-06,0.46684040472936406,0.4668966176804725,-5.621295110846969e-05
Random Forest,returns,0.1,7,9821792374041560211,0.7033132530120482,0.7085843373493976,-0.005271084337349463,0.6200582984150118,0.625593611465355,-0.00553531305034316,0.41208791208791207,0.42105263157894735,-0.008964719491035278,0.45454545454545453,0.46060606060606063,-0.0060606060606061,0.4322766570605187,0.4399421128798842,-0.007665455819365508,0.7141100382583349,0.7147173134147082,-0.0006072751563733769,0.4534410905413171,0.455307330740076,-0.0018662401987589172
Logistic Regression,returns,0.1,8,16761452534254711919,0.6927710843373494,0.6920180722891566,0.0007530120481927804,0.6536102508046395,0.6531092488006316,0.0005010020040079333,0.4148471615720524,0.4139433551198257,0.0009038064522267075,0.5757575757575758,0.5757575757575758,0.0,0.48223350253807107,0.4816223067173637,0.0006111958207073442,0.7425669520859902,0.7426216068500637,-5.4654764073513995e-05,0.46684040472936406,0.4669031786871548,-6.277395779075157e-05
Random Forest,returns,0.1,8,16761452534254711919,0.7033132530120482,0.704066265060241,-0.0007530120481927804,0.6200582984150118,0.6195451509078764,0.0005131475071353808,0.41208791208791207,0.41274238227146814,-0.0006544701835560773,0.45454545454545453,0.45151515151515154,0.0030303030303029943,0.4322766570605187,0.4312590448625181,0.001017612198000617,0.7141100382583349,0.7148326956944191,-0.0007226574360842397,0.4534410905413171,0.4551071278306992,-0.001666037289382083
Logistic Regression,returns,0.1,9,7901487049234384249,0.6927710843373494,0.6927710843373494,0.0,0.6536102508046395,0.6536102508046395,0.0,0.4148471615720524,0.4148471615720524,0.0,0.5757575757575758,0.5757575757575758,0.0,0.48223350253807107,0.48223350253807107,0.0,0.7425669520859902,0.7426337523531913,-6.680026720107257e-05,0.46684040472936406,0.46692677638806246,-8.637165869840313e-05
Random Forest,returns,0.1,9,7901487049234384249,0.7033132530120482,0.7018072289156626,0.001506024096385561,0.6200582984150118,0.6190562944069958,0.0010020040080159776,0.41208791208791207,0.4098360655737705,0.0022518465141415644,0.45454545454545453,0.45454545454545453,0.0,0.4322766570605187,0.43103448275862066,0.001242174301898047,0.7141100382583349,0.7135574178660351,0.0005526203922997519,0.4534410905413171,0.4551436871671606,-0.0017025966258434888
Logistic Regression,returns,0.1,10,15881874151853714797,0.6927710843373494,0.6927710843373494,0.0,0.6536102508046395,0.6546244003157831,-0.0010141495111435361,0.4148471615720524,0.4152173913043478,-0.0003702297322953907,0.5757575757575758,0.5787878787878787,-0.003030303030302939,0.48223350253807107,0.4835443037974684,-0.0013108012593973095,0.7425669520859902,0.7425790975891177,-1.2145503127447554e-05,0.46684040472936406,0.4668076125701012,3.279215926282886e-05
Random Forest,returns,0.1,10,15881874151853714797,0.7033132530120482,0.7048192771084337,-0.001506024096385561,0.6200582984150118,0.6210603024230279,-0.0010020040080160886,0.41208791208791207,0.4143646408839779,-0.00227672879606583,0.45454545454545453,0.45454545454545453,0.0,0.4322766570605187,0.43352601156069365,-0.0012493545001749373,0.7141100382583349,0.7133205805550494,0.0007894577032854233,0.4534410905413171,0.4541203843055591,-0.0006792937642420283
Logistic Regression,returns,0.1,11,17852156975864001193,0.6927710843373494,0.6927710843373494,0.0,0.6536102508046395,0.6536102508046395,0.0,0.4148471615720524,0.4148471615720524,0.0,0.5757575757575758,0.5757575757575758,0.0,0.48223350253807107,0.48223350253807107,0.0,0.7425669520859902,0.7426094613469363,-4.250926094606644e-05,0.46684040472936406,0.46697334287813425,-0.00013293814877018972
Random Forest,returns,0.1,11,17852156975864001193,0.7033132530120482,0.7025602409638554,0.0007530120481927804,0.6200582984150118,0.6205714459221473,-0.0005131475071354918,0.41208791208791207,0.4114441416893733,0.0006437703985387455,0.45454545454545453,0.4575757575757576,-0.00303030303030305,0.4322766570605187,0.4332855093256815,-0.0010088522651627851,0.7141100382583349,0.7146596222748527,-0.0005495840165178345,0.4534410905413171,0.4552857278259095,-0.0018446372845923875
Logistic Regression,returns,0.1,12,3214728731006394596,0.6927710843373494,0.6927710843373494,0.0,0.6536102508046395,0.6536102508046395,0.0,0.4148471615720524,0.4148471615720524,0.0,0.5757575757575758,0.5757575757575758,0.0,0.48223350253807107,0.48223350253807107,0.0,0.7425669520859902,0.7425062245703528,6.072751563745982e-05,0.46684040472936406,0.46685386977796495,-1.3465048600891372e-05
Random Forest,returns,0.1,12,3214728731006394596,0.7033132530120482,0.704066265060241,-0.0007530120481927804,0.6200582984150118,0.6195451509078764,0.0005131475071353808,0.41208791208791207,0.41274238227146814,-0.0006544701835560773,0.45454545454545453,0.45151515151515154,0.0030303030303029943,0.4322766570605187,0.4312590448625181,0.001017612198000617,0.7141100382583349,0.7151788425335519,-0.0010688042752170501,0.4534410905413171,0.4546150757206393,-0.0011739851793222122
Logistic Regression,returns,0.1,13,1076485373587623357,0.6927710843373494,0.6935240963855421,-0.0007530120481927804,0.6536102508046395,0.655125402319791,-0.0015151515151514694,0.4148471615720524,0.41612200435729846,-0.0012748427852460331,0.5757575757575758,0.5787878787878787,-0.003030303030302939,0.48223350253807107,0.4841571609632446,-0.0019236584251735578,0.7425669520859902,0.7425426610797351,2.4291006255117154e-05,0.46684040472936406,0.4668641049441475,-2.3700214783428653e-05
Random Forest,returns,0.1,13,1076485373587623357,0.7033132530120482,0.7063253012048193,-0.003012048192771122,0.6200582984150118,0.6230764559421874,-0.0030181575271756023,0.41208791208791207,0.4171270718232044,-0.005039159735292342,0.45454545454545453,0.4575757575757576,-0.00303030303030305,0.4322766570605187,0.43641618497109824,-0.004139527910579532,0.7141100382583349,0.7140796745005162,3.0363757818618886e-05,0.4534410905413171,0.4543851043355126,-0.0009440137941955085
Logistic Regression,returns,0.1,14,4883185142746192510,0.6927710843373494,0.6920180722891566,0.0007530120481927804,0.6536102508046395,0.6531092488006316,0.0005010020040079333,0.4148471615720524,0.4139433551198257,0.0009038064522267075,0.5757575757575758,0.5757575757575758,0.0,0.48223350253807107,0.4816223067173637,0.0006111958207073442,0.7425669520859902,0.7425973158438088,-3.0363757818618886e-05,0.46684040472936406,0.46693406288674816,-9.365815738410221e-05
Random Forest,returns,0.1,14,4883185142746192510,0.7033132530120482,0.7063253012048193,-0.003012048192771122,0.6200582984150118,0.624090605453331,-0.004032307038319138,0.41208791208791207,0.4175824175824176,-0.0054945054945055305,0.45454545454545453,0.46060606060606063,-0.0060606060606061,0.4322766570605187,0.43804034582132567,-0.005763688760806962,0.7141100382583349,0.714359021072448,-0.00024898281411311896,0.4534410905413171,0.4553347985596079,-0.0018937080182908073
Logistic Regression,returns,0.1,15,17692082523103240803,0.6927710843373494,0.6927710843373494,0.0,0.6536102508046395,0.6536102508046395,0.0,0.4148471615720524,0.4148471615720524,0.0,0.5757575757575758,0.5757575757575758,0.0,0.48223350253807107,0.48223350253807107,0.0,0.7425669520859902,0.7425092609461348,5.7691139855431395e-05,0.46684040472936406,0.466909055550642,-6.865082127793798e-05
Random Forest,returns,0.1,15,17692082523103240803,0.7033132530120482,0.7108433734939759,-0.0075301204819276935,0.6200582984150118,0.6281107669885224,-0.008052468573510607,0.41208791208791207,0.425,-0.012912087912087922,0.45454545454545453,0.4636363636363636,-0.009090909090909094,0.4322766570605187,0.4434782608695652,-0.011201603809046501,0.7141100382583349,0.7135756361207263,0.0005344021376085806,0.4534410905413171,0.45183426245833613,0.00160682808298096
Logistic Regression,returns,0.1,16,9800050317494206824,0.6927710843373494,0.6927710843373494,0.0,0.6536102508046395,0.6536102508046395,0.0,0.4148471615720524,0.4148471615720524,0.0,0.5757575757575758,0.5757575757575758,0.0,0.48223350253807107,0.48223350253807107,0.0,0.7425669520859902,0.7424971154430071,6.9836642983101e-05,0.46684040472936406,0.4667627819627985,7.762276656553269e-05
Random Forest,returns,0.1,16,9800050317494206824,0.7033132530120482,0.7048192771084337,-0.001506024096385561,0.6200582984150118,0.6210603024230279,-0.0010020040080160886,0.41208791208791207,0.4143646408839779,-0.00227672879606583,0.45454545454545453,0.45454545454545453,0.0,0.4322766570605187,0.43352601156069365,-0.0012493545001749373,0.7141100382583349,0.7136090362543268,0.0005010020040080443,0.4534410905413171,0.45305643299995857,0.00038465754135852404
Logistic Regression,returns,0.1,17,11933380177671041072,0.6927710843373494,0.6927710843373494,0.0,0.6536102508046395,0.6536102508046395,0.0,0.4148471615720524,0.4148471615720524,0.0,0.5757575757575758,0.5757575757575758,0.0,0.48223350253807107,0.48223350253807107,0.0,0.7425669520859902,0.7424728244367522,9.41276492379961e-05,0.46684040472936406,0.4667049356046518,0.0001354691247122397
Random Forest,returns,0.1,17,11933380177671041072,0.7033132530120482,0.7063253012048193,-0.003012048192771122,0.6200582984150118,0.6220623064310439,-0.002004008016032066,0.41208791208791207,0.4166666666666667,-0.004578754578754618,0.45454545454545453,0.45454545454545453,0.0,0.4322766570605187,0.43478260869565216,-0.002505951635133452,0.7141100382583349,0.7135938543754176,0.0005161838829172982,0.4534410905413171,0.4555039712384333,-0.0020628806971161873
Logistic Regression,returns,0.1,18,4505332114884612806,0.6927710843373494,0.6927710843373494,0.0,0.6536102508046395,0.6546244003157831,-0.0010141495111435361,0.4148471615720524,0.4152173913043478,-0.0003702297322953907,0.5757575757575758,0.5787878787878787,-0.003030303030302939,0.48223350253807107,0.4835443037974684,-0.0013108012593973095,0.7425669520859902,0.742730916378211,-0.00016396429222076403,0.46684040472936406,0.4671528677133244,-0.000312462983960371
Random Forest,returns,0.1,18,4505332114884612806,0.7033132530120482,0.7018072289156626,0.001506024096385561,0.6200582984150118,0.6170279953847089,0.003030303030302939,0.41208791208791207,0.4088397790055249,0.0032481330823871946,0.45454545454545453,0.4484848484848485,0.006060606060606044,0.4322766570605187,0.4277456647398844,0.004530992320634308,0.7141100382583349,0.7137851460496751,0.0003248922086597217,0.4534410905413171,0.45225084880215116,0.0011902417391659315
Logistic Regression,returns,0.1,19,5450091762165676346,0.6927710843373494,0.6927710843373494,0.0,0.6536102508046395,0.6546244003157831,-0.0010141495111435361,0.4148471615720524,0.4152173913043478,-0.0003702297322953907,0.5757575757575758,0.5787878787878787,-0.003030303030302939,0.48223350253807107,0.4835443037974684,-0.0013108012593973095,0.7425669520859902,0.7426185704742819,-5.161838829170762e-05,0.46684040472936406,0.4668357110749984,4.693654365672817e-06
Random Forest,returns,0.1,19,5450091762165676346,0.7033132530120482,0.7025602409638554,0.0007530120481927804,0.6200582984150118,0.6205714459221473,-0.0005131475071354918,0.41208791208791207,0.4114441416893733,0.0006437703985387455,0.45454545454545453,0.4575757575757576,-0.00303030303030305,0.4322766570605187,0.4332855093256815,-0.0010088522651627851,0.7141100382583349,0.7142193477864821,-0.00010930952814725003,0.4534410905413171,0.45319905306378117,0.00024203747753592797
Logistic Regression,returns,0.1,20,12893033344144153158,0.6927710843373494,0.6927710843373494,0.0,0.6536102508046395,0.6536102508046395,0.0,0.4148471615720524,0.4148471615720524,0.0,0.5757575757575758,0.5757575757575758,0.0,0.48223350253807107,0.48223350253807107,0.0,0.7425669520859902,0.7426094613469363,-4.250926094606644e-05,0.46684040472936406,0.46697980392676347,-0.00013939919739941464
Random Forest,returns,0.1,20,12893033344144153158,0.7033132530120482,0.7025602409638554,0.0007530120481927804,0.6200582984150118,0.6185431468998603,0.0015151515151514694,0.41208791208791207,0.41046831955922863,0.0016195925286834334,0.45454545454545453,0.45151515151515154,0.0030303030303029943,0.4322766570605187,0.43001443001443,0.002262227046088694,0.7141100382583349,0.714835732070201,-0.0007256938118661571,0.4534410905413171,0.4536973333824623,-0.00025624284114522666
Logistic Regression,returns,0.1,21,2384604041575719496,0.6927710843373494,0.6927710843373494,0.0,0.6536102508046395,0.6536102508046395,0.0,0.4148471615720524,0.4148471615720524,0.0,0.5757575757575758,0.5757575757575758,0.0,0.48223350253807107,0.48223350253807107,0.0,0.7425669520859902,0.7425548065828625,1.2145503127669599e-05,0.46684040472936406,0.4669014996455767,-6.109491621264507e-05
Random Forest,returns,0.1,21,2384604041575719496,0.7033132530120482,0.7033132530120482,0.0,0.6200582984150118,0.6180299993927248,0.0020282990222869612,0.41208791208791207,0.4111111111111111,0.0009768009768009733,0.45454545454545453,0.4484848484848485,0.006060606060606044,0.4322766570605187,0.4289855072463768,0.0032911498141419138,0.7141100382583349,0.7148205501912916,-0.0007105119329567922,0.4534410905413171,0.4547630447546013,-0.0013219542132841822
Logistic Regression,returns,0.1,22,7825370475622118395,0.6927710843373494,0.6927710843373494,0.0,0.6536102508046395,0.6536102508046395,0.0,0.4148471615720524,0.4148471615720524,0.0,0.5757575757575758,0.5757575757575758,0.0,0.48223350253807107,0.48223350253807107,0.0,0.7425669520859902,0.7426671524867917,-0.00010020040080149784,0.46684040472936406,0.46696722204154945,-0.00012681731218538994
Random Forest,returns,0.1,22,7825370475622118395,0.7033132530120482,0.7048192771084337,-0.001506024096385561,0.6200582984150118,0.6200461529118844,1.2145503127447554e-05,0.41208791208791207,0.41388888888888886,-0.0018009768009767946,0.45454545454545453,0.45151515151515154,0.0030303030303029943,0.4322766570605187,0.4318840579710145,0.00039259908950423084,0.7141100382583349,0.7157041355438148,-0.0015940972854799895,0.4534410905413171,0.4561101431172162,-0.0026690525758991113
Logistic Regression,returns,0.1,23,1775639220531098770,0.6927710843373494,0.6935240963855421,-0.0007530120481927804,0.6536102508046395,0.655125402319791,-0.0015151515151514694,0.4148471615720524,0.41612200435729846,-0.0012748427852460331,0.5757575757575758,0.5787878787878787,-0.003030303030302939,0.48223350253807107,0.4841571609632446,-0.0019236584251735578,0.7425669520859902,0.7426003522195906,-3.3400133600425264e-05,0.46684040472936406,0.4667759023991443,6.450233021976226e-05
Random Forest,returns,0.1,23,1775639220531098770,0.7033132530120482,0.7085843373493976,-0.005271084337349463,0.6200582984150118,0.6276219104876419,-0.0075636120726301215,0.41208791208791207,0.42191780821917807,-0.009829896131266003,0.45454545454545453,0.4666666666666667,-0.012121212121212144,0.4322766570605187,0.44316546762589926,-0.010888810565380547,0.7141100382583349,0.7153883524625008,-0.001278314204165909,0.4534410905413171,0.4543395730098708,-0.0008984824685537296
Logistic Regression,returns,0.1,24,7167238864962352217,0.6927710843373494,0.6942771084337349,-0.001506024096385561,0.6536102508046395,0.6556264043237992,-0.0020161535191596247,0.4148471615720524,0.4170305676855895,-0.0021834061135370675,0.5757575757575758,0.5787878787878787,-0.003030303030302939,0.48223350253807107,0.4847715736040609,-0.0025380710659898553,0.7425669520859902,0.7425001518187891,6.680026720107257e-05,0.46684040472936406,0.46699865448907873,-0.00015824975971467925
Random Forest,returns,0.1,24,7167238864962352217,0.7033132530120482,0.7085843373493976,-0.005271084337349463,0.6200582984150118,0.6266077609764984,-0.006549462561486585,0.41208791208791207,0.4214876033057851,-0.00939969121787304,0.45454545454545453,0.4636363636363636,-0.009090909090909094,0.4322766570605187,0.44155844155844154,-0.00928178449792283,0.7141100382583349,0.713357017064432,0.0007530211939028586,0.4534410905413171,0.4533104831082854,0.00013060743303167088
Logistic Regression,returns,0.1,25,137290576797636335,0.6927710843373494,0.6935240963855421,-0.0007530120481927804,0.6536102508046395,0.655125402319791,-0.0015151515151514694,0.4148471615720524,0.41612200435729846,-0.0012748427852460331,0.5757575757575758,0.5787878787878787,-0.003030303030302939,0.48223350253807107,0.4841571609632446,-0.0019236584251735578,0.7425669520859902,0.7426276796016275,-6.072751563723777e-05,0.46684040472936406,0.46705858949586543,-0.00021818476650137253
Random Forest,returns,0.1,25,137290576797636335,0.7033132530120482,0.7055722891566265,-0.0022590361445783413,0.6200582984150118,0.6215613044270358,-0.0015030060120240218,0.41208791208791207,0.4155124653739612,-0.0034245532860491257,0.45454545454545453,0.45454545454545453,0.0,0.4322766570605187,0.4341534008683068,-0.0018767438077880727,0.7141100382583349,0.7145442399951418,-0.0004342017368069717,0.4534410905413171,0.4538947923674939,-0.0004537018261768222
Logistic Regression,returns,0.1,26,9838320619186171084,0.6927710843373494,0.6920180722891566,0.0007530120481927804,0.6536102508046395,0.6531092488006316,0.0005010020040079333,0.4148471615720524,0.4139433551198257,0.0009038064522267075,0.5757575757575758,0.5757575757575758,0.0,0.48223350253807107,0.4816223067173637,0.0006111958207073442,0.7425669520859902,0.7425548065828625,1.2145503127669599e-05,0.46684040472936406,0.4667953888278178,4.501590154626367e-05
Random Forest,returns,0.1,26,9838320619186171084,0.7033132530120482,0.704066265060241,-0.0007530120481927804,0.6200582984150118,0.6215734499301634,-0.0015151515151515804,0.41208791208791207,0.4136986301369863,-0.0016107180490742556,0.45454545454545453,0.4575757575757576,-0.00303030303030305,0.4322766570605187,0.43453237410071943,-0.002255717040200722,0.7141100382583349,0.7128590514362056,0.0012509868221292075,0.4534410905413171,0.4538665795143586,-0.0004254889730415101
Logistic Regression,returns,0.1,27,13456036612818201391,0.6927710843373494,0.6927710843373494,0.0,0.6536102508046395,0.6536102508046395,0.0,0.4148471615720524,0.4148471615720524,0.0,0.5757575757575758,0.5757575757575758,0.0,0.48223350253807107,0.48223350253807107,0.0,0.7425669520859902,0.7426033885953726,-3.643650938234266e-05,0.46684040472936406,0.4669776852385106,-0.00013728050914652012
Random Forest,returns,0.1,27,13456036612818201391,0.7033132530120482,0.7078313253012049,-0.004518072289156683,0.6200582984150118,0.6261067589724905,-0.006048460557478652,0.41208791208791207,0.42032967032967034,-0.008241758241758268,0.45454545454545453,0.4636363636363636,-0.009090909090909094,0.4322766570605187,0.4409221902017291,-0.008645533141210415,0.7141100382583349,0.7138337280621851,0.0002763101961497094,0.4534410905413171,0.45282356284315306,0.0006175276981640332
Logistic Regression,returns,0.1,28,9417348688336875940,0.6927710843373494,0.6935240963855421,-0.0007530120481927804,0.6536102508046395,0.6541112528086477,-0.0005010020040081553,0.4148471615720524,0.41575492341356673,-0.0009077618415143096,0.5757575757575758,0.5757575757575758,0.0,0.48223350253807107,0.48284625158831,-0.0006127490502389477,0.7425669520859902,0.7425669520859901,1.1102230246251565e-16,0.46684040472936406,0.46701525890679174,-0.00017485417742768572
Random Forest,returns,0.1,28,9417348688336875940,0.7033132530120482,0.7078313253012049,-0.004518072289156683,0.6200582984150118,0.6250926094613469,-0.005034311046335116,0.41208791208791207,0.4198895027624309,-0.007801590674518855,0.45454545454545453,0.46060606060606063,-0.0060606060606061,0.4322766570605187,0.4393063583815029,-0.007029701320984183,0.7141100382583349,0.7133296896823951,0.0007803485759397821,0.4534410905413171,0.45339087756209195,5.021297922513934e-05
Logistic Regression,returns,0.1,29,4137691576331438698,0.6927710843373494,0.6927710843373494,0.0,0.6536102508046395,0.6536102508046395,0.0,0.4148471615720524,0.4148471615720524,0.0,0.5757575757575758,0.5757575757575758,0.0,0.48223350253807107,0.48223350253807107,0.0,0.7425669520859902,0.7426428614805369,-7.590939454671375e-05,0.46684040472936406,0.4668907315279399,-5.032679857586153e-05
Random Forest,returns,0.1,29,4137691576331438698,0.7033132530120482,0.7055722891566265,-0.0022590361445783413,0.6200582984150118,0.6235896034493229,-0.003531305034311094,0.41208791208791207,0.41643835616438357,-0.004350444076471505,0.45454545454545453,0.46060606060606063,-0.0060606060606061,0.4322766570605187,0.437410071942446,-0.005133414881927312,0.7141100382583349,0.7157132446711605,-0.0016032064128256307,0.4534410905413171,0.45653238826866416,-0.0030912977273470643
Logistic Regression,returns,0.2,0,9127087101020621507,0.6927710843373494,0.6920180722891566,0.0007530120481927804,0.6536102508046395,0.6531092488006316,0.0005010020040079333,0.4148471615720524,0.4139433551198257,0.0009038064522267075,0.5757575757575758,0.5757575757575758,0.0,0.48223350253807107,0.4816223067173637,0.0006111958207073442,0.7425669520859902,0.7423483330296957,0.00021861905629450007,0.46684040472936406,0.46682889986384946,1.1504865514599949e-05
Random Forest,returns,0.2,0,9127087101020621507,0.7033132530120482,0.7055722891566265,-0.0022590361445783413,0.6200582984150118,0.6195330054047489,0.0005252930102629394,0.41208791208791207,0.41456582633053224,-0.0024779142426201717,0.45454545454545453,0.4484848484848485,0.006060606060606044,0.4322766570605187,0.43085880640465796,0.0014178506558607529,0.7141100382583349,0.7158984635938543,-0.0017884253355194835,0.4534410905413171,0.4551214528694712,-0.0016803623281541058
Logistic Regression,returns,0.2,1,18166484404820147461,0.6927710843373494,0.6912650602409639,0.0015060240963854499,0.6536102508046395,0.653622396307767,-1.2145503127447554e-05,0.4148471615720524,0.4134199134199134,0.0014272481521390157,0.5757575757575758,0.5787878787878787,-0.003030303030302939,0.48223350253807107,0.4823232323232323,-8.972978516125218e-05,0.7425669520859902,0.7426701888625737,-0.00010323677658352626,0.46684040472936406,0.46716950345058306,-0.0003290987212190011
Random Forest,returns,0.2,1,18166484404820147461,0.7033132530120482,0.7070783132530121,-0.0037650602409639022,0.6200582984150118,0.6225633084350519,-0.0025050100200401104,0.41208791208791207,0.4178272980501393,-0.005739385962227228,0.45454545454545453,0.45454545454545453,0.0,0.4322766570605187,0.43541364296081275,-0.0031369859002940426,0.7141100382583349,0.7146353312685978,-0.0005252930102629394,0.4534410905413171,0.45537465368149355,-0.001933563140176453
Logistic Regression,returns,0.2,2,4282209203789325775,0.6927710843373494,0.6942771084337349,-0.001506024096385561,0.6536102508046395,0.6556264043237992,-0.0020161535191596247,0.4148471615720524,0.4170305676855895,-0.0021834061135370675,0.5757575757575758,0.5787878787878787,-0.003030303030302939,0.48223350253807107,0.4847715736040609,-0.0025380710659898553,0.7425669520859902,0.7426944798688286,-0.00012752778283842137,0.46684040472936406,0.4670322679490366,-0.00019186321967251674
Random Forest,returns,0.2,2,4282209203789325775,0.7033132530120482,0.7033132530120482,0.0,0.6200582984150118,0.6200582984150118,0.0,0.41208791208791207,0.41208791208791207,0.0,0.45454545454545453,0.45454545454545453,0.0,0.4322766570605187,0.4322766570605187,0.0,0.7141100382583349,0.7141343292645899,-2.429100625500613e-05,0.4534410905413171,0.4551943597310747,-0.0017532691897576003
Logistic Regression,returns,0.2,3,6166429138463742824,0.6927710843373494,0.6927710843373494,0.0,0.6536102508046395,0.6536102508046395,0.0,0.4148471615720524,0.4148471615720524,0.0,0.5757575757575758,0.5757575757575758,0.0,0.48223350253807107,0.48223350253807107,0.0,0.7425669520859902,0.7424212060484606,0.0001457460375295927,0.46684040472936406,0.4668528759642785,-1.2471234914435136e-05
Random Forest,returns,0.2,3,6166429138463742824,0.7033132530120482,0.7070783132530121,-0.0037650602409639022,0.6200582984150118,0.6225633084350519,-0.0025050100200401104,0.41208791208791207,0.4178272980501393,-0.005739385962227228,0.45454545454545453,0.45454545454545453,0.0,0.4322766570605187,0.43541364296081275,-0.0031369859002940426,0.7141100382583349,0.7155705350094128,-0.0014604967510779554,0.4534410905413171,0.455518095569663,-0.002077005028345902
Logistic Regression,returns,0.2,4,13052883887477010002,0.6927710843373494,0.6935240963855421,-0.0007530120481927804,0.6536102508046395,0.6541112528086477,-0.0005010020040081553,0.4148471615720524,0.41575492341356673,-0.0009077618415143096,0.5757575757575758,0.5757575757575758,0.0,0.48223350253807107,0.48284625158831,-0.0006127490502389477,0.7425669520859902,0.7424758608125341,9.10912734560787e-05,0.46684040472936406,0.46680301097758553,3.7393751778525e-05
Random Forest,returns,0.2,4,13052883887477010002,0.7033132530120482,0.7055722891566265,-0.0022590361445783413,0.6200582984150118,0.6235896034493229,-0.003531305034311094,0.41208791208791207,0.41643835616438357,-0.004350444076471505,0.45454545454545453,0.46060606060606063,-0.0060606060606061,0.4322766570605187,0.437410071942446,-0.005133414881927312,0.7141100382583349,0.7120027934657194,0.0021072447926154814,0.4534410905413171,0.4518348600574426,0.0016062304838744823
Logistic Regression,returns,0.2,5,5058413105299905753,0.6927710843373494,0.6912650602409639,0.0015060240963854499,0.6536102508046395,0.6526082467966235,0.0010020040080159776,0.4148471615720524,0.41304347826086957,0.0018036833111828576,0.5757575757575758,0.5757575757575758,0.0,0.48223350253807107,0.4810126582278481,0.0012208443102229571,0.7425669520859902,0.7425426610797351,2.4291006255117154e-05,0.46684040472936406,0.4669851234073118,-0.00014471867794774163
Random Forest,returns,0.2,5,5058413105299905753,0.7033132530120482,0.7048192771084337,-0.001506024096385561,0.6200582984150118,0.6210603024230279,-0.0010020040080160886,0.41208791208791207,0.4143646408839779,-0.00227672879606583,0.45454545454545453,0.45454545454545453,0.0,0.4322766570605187,0.43352601156069365,-0.0012493545001749373,0.7141100382583349,0.7143742029513572,-0.0002641646930223729,0.4534410905413171,0.4527930651930851,0.0006480253482319953
Logistic Regression,returns,0.2,6,6430849339549306985,0.6927710843373494,0.6912650602409639,0.0015060240963854499,0.6536102508046395,0.6526082467966235,0.0010020040080159776,0.4148471615720524,0.41304347826086957,0.0018036833111828576,0.5757575757575758,0.5757575757575758,0.0,0.48223350253807107,0.4810126582278481,0.0012208443102229571,0.7425669520859902,0.742661079735228,-9.412764923777406e-05,0.46684040472936406,0.46702096234974255,-0.00018055762037849643
Random Forest,returns,0.2,6,6430849339549306985,0.7033132530120482,0.7055722891566265,-0.0022590361445783413,0.6200582984150118,0.6205471549158924,-0.0004888565008805967,0.41208791208791207,0.415041782729805,-0.002953870641892953,0.45454545454545453,0.45151515151515154,0.0030303030303029943,0.4322766570605187,0.432510885341074,-0.0002342282805553042,0.7141100382583349,0.7134055990769417,0.0007044391813931794,0.4534410905413171,0.455973471357106,-0.0025323808157888816
Logistic Regression,returns,0.2,7,14350137995842802425,0.6927710843373494,0.6920180722891566,0.0007530120481927804,0.6536102508046395,0.654123398311775,-0.0005131475071354918,0.4148471615720524,0.41431670281995664,0.000530458752095786,0.5757575757575758,0.5787878787878787,-0.003030303030302939,0.48223350253807107,0.4829329962073325,-0.0006994936692614195,0.7425669520859902,0.7425001518187891,6.680026720107257e-05,0.46684040472936406,0.4667525333772734,8.787135209065156e-05
Random Forest,returns,0.2,7,14350137995842802425,0.7033132530120482,0.7093373493975904,-0.006024096385542244,0.6200582984150118,0.626094613469363,-0.0060363150543512045,0.41208791208791207,0.4222222222222222,-0.010134310134310154,0.45454545454545453,0.46060606060606063,-0.0060606060606061,0.4322766570605187,0.4405797101449275,-0.008303053084408818,0.7141100382583349,0.7141009291309892,9.109127345641177e-06,0.4534410905413171,0.45602916455687825,-0.0025880740155611592
Logistic Regression,returns,0.2,8,6845768583576859682,0.6927710843373494,0.6920180722891566,0.0007530120481927804,0.6536102508046395,0.6531092488006316,0.0005010020040079333,0.4148471615720524,0.4139433551198257,0.0009038064522267075,0.5757575757575758,0.5757575757575758,0.0,0.48223350253807107,0.4816223067173637,0.0006111958207073442,0.7425669520859902,0.7426762616141374,-0.00010930952814713901,0.46684040472936406,0.4669666216543175,-0.00012621692495345949
Random Forest,returns,0.2,8,6845768583576859682,0.7033132530120482,0.7070783132530121,-0.0037650602409639022,0.6200582984150118,0.6225633084350519,-0.0025050100200401104,0.41208791208791207,0.4178272980501393,-0.005739385962227228,0.45454545454545453,0.45454545454545453,0.0,0.4322766570605187,0.43541364296081275,-0.0031369859002940426,0.7141100382583349,0.7145138762373231,-0.0004038379789882418,0.4534410905413171,0.45627645518685533,-0.002835364645538241
Logistic Regression,returns,0.2,9,7707735293917180558,0.6927710843373494,0.6927710843373494,0.0,0.6536102508046395,0.6536102508046395,0.0,0.4148471615720524,0.4148471615720524,0.0,0.5757575757575758,0.5757575757575758,0.0,0.48223350253807107,0.48223350253807107,0.0,0.7425669520859902,0.7426155340985,-4.858201250979022e-05,0.46684040472936406,0.46692791415343604,-8.750942407198536e-05
Random Forest,returns,0.2,9,7707735293917180558,0.7033132530120482,0.7018072289156626,0.001506024096385561,0.6200582984150118,0.6170279953847089,0.003030303030302939,0.41208791208791207,0.4088397790055249,0.0032481330823871946,0.45454545454545453,0.4484848484848485,0.006060606060606044,0.4322766570605187,0.4277456647398844,0.004530992320634308,0.7141100382583349,0.711963320580555,0.0021467176777798525,0.4534410905413171,0.45545184215019535,-0.0020107516088782584
Logistic Regression,returns,0.2,10,7426240139338811262,0.6927710843373494,0.6927710843373494,0.0,0.6536102508046395,0.6546244003157831,-0.0010141495111435361,0.4148471615720524,0.4152173913043478,-0.0003702297322953907,0.5757575757575758,0.5787878787878787,-0.003030303030302939,0.48223350253807107,0.4835443037974684,-0.0013108012593973095,0.7425669520859902,0.7426216068500637,-5.4654764073513995e-05,0.46684040472936406,0.4670273137705317,-0.00018690904116763774
Random Forest,returns,0.2,10,7426240139338811262,0.7033132530120482,0.7055722891566265,-0.0022590361445783413,0.6200582984150118,0.6215613044270358,-0.0015030060120240218,0.41208791208791207,0.4155124653739612,-0.0034245532860491257,0.45454545454545453,0.45454545454545453,0.0,0.4322766570605187,0.4341534008683068,-0.0018767438077880727,0.7141100382583349,0.7134389992105423,0.0006710390477925321,0.4534410905413171,0.45421124366058774,-0.0007701531192706446
Logistic Regression,returns,0.2,11,16942888218030662371,0.6927710843373494,0.6935240963855421,-0.0007530120481927804,0.6536102508046395,0.655125402319791,-0.0015151515151514694,0.4148471615720524,0.41612200435729846,-0.0012748427852460331,0.5757575757575758,0.5787878787878787,-0.003030303030302939,0.48223350253807107,0.4841571609632446,-0.0019236584251735578,0.7425669520859902,0.7426884071172649,-0.00012145503127469759,0.46684040472936406,0.46699260495374234,-0.00015220022437828495
Random Forest,returns,0.2,11,16942888218030662371,0.7033132530120482,0.7063253012048193,-0.003012048192771122,0.6200582984150118,0.6210481569199005,-0.000989858504888641,0.41208791208791207,0.41620111731843573,-0.004113205230523664,0.45454545454545453,0.45151515151515154,0.0030303030303029943,0.4322766570605187,0.4331395348837209,-0.0008628778232022127,0.7141100382583349,0.7143984939576122,-0.000288455699277379,0.4534410905413171,0.45373287387193745,-0.00029178333062035433
Logistic Regression,returns,0.2,12,2509302081617768663,0.6927710843373494,0.6920180722891566,0.0007530120481927804,0.6536102508046395,0.6531092488006316,0.0005010020040079333,0.4148471615720524,0.4139433551198257,0.0009038064522267075,0.5757575757575758,0.5757575757575758,0.0,0.48223350253807107,0.4816223067173637,0.0006111958207073442,0.7425669520859902,0.7423786967875143,0.00018825529847588118,0.46684040472936406,0.46680223722970776,3.816749965629418e-05
Random Forest,returns,0.2,12,2509302081617768663,0.7033132530120482,0.7010542168674698,0.0022590361445783413,0.6200582984150118,0.6165269933807007,0.003531305034311094,0.41208791208791207,0.40771349862258954,0.004374413465322524,0.45454545454545453,0.4484848484848485,0.006060606060606044,0.4322766570605187,0.42712842712842713,0.005148229932091575,0.7141100382583349,0.7155158802453392,-0.0014058419870043304,0.4534410905413171,0.45639847738454814,-0.002957386843231047
Logistic Regression,returns,0.2,13,3293518927660149091,0.6927710843373494,0.6927710843373494,0.0,0.6536102508046395,0.6536102508046395,0.0,0.4148471615720524,0.4148471615720524,0.0,0.5757575757575758,0.5757575757575758,0.0,0.48223350253807107,0.48223350253807107,0.0,0.7425669520859902,0.7425760612133357,-9.109127345530155e-06,0.46684040472936406,0.46688969283549075,-4.9288106126699205e-05
Random Forest,returns,0.2,13,3293518927660149091,0.7033132530120482,0.7070783132530121,-0.0037650602409639022,0.6200582984150118,0.6215491589239084,-0.0014908605088965743,0.41208791208791207,0.4173669467787115,-0.0052790346907994334,0.45454545454545453,0.45151515151515154,0.0030303030303029943,0.4322766570605187,0.43377001455604075,-0.0014933574955220408,0.7141100382583349,0.714243638792737,-0.00013360053440214514,0.4534410905413171,0.45620760842346103,-0.0027665178821439373
Logistic Regression,returns,0.2,14,14098529047428559528,0.6927710843373494,0.6920180722891566,0.0007530120481927804,0.6536102508046395,0.6531092488006316,0.0005010020040079333,0.4148471615720524,0.4139433551198257,0.0009038064522267075,0.5757575757575758,0.5757575757575758,0.0,0.48223350253807107,0.4816223067173637,0.0006111958207073442,0.7425669520859902,0.7426003522195906,-3.3400133600425264e-05,0.46684040472936406,0.4668777082930165,-3.730356365244658e-05
Random Forest,returns,0.2,14,14098529047428559528,0.7033132530120482,0.7078313253012049,-0.004518072289156683,0.6200582984150118,0.6250926094613469,-0.005034311046335116,0.41208791208791207,0.4198895027624309,-0.007801590674518855,0.45454545454545453,0.46060606060606063,-0.0060606060606061,0.4322766570605187,0.4393063583815029,-0.007029701320984183,0.7141100382583349,0.7147810773061274,-0.0006710390477925321,0.4534410905413171,0.45812566085829576,-0.0046845703169786646
Logistic Regression,returns,0.2,15,6091183674034432302,0.6927710843373494,0.6935240963855421,-0.0007530120481927804,0.6536102508046395,0.6541112528086477,-0.0005010020040081553,0.4148471615720524,0.41575492341356673,-0.0009077618415143096,0.5757575757575758,0.5757575757575758,0.0,0.48223350253807107,0.48284625158831,-0.0006127490502389477,0.7425669520859902,0.7423969150422056,0.00017003704378459883,0.46684040472936406,0.4667221166350175,0.00011828809434655252
Random Forest,returns,0.2,15,6091183674034432302,0.7033132530120482,0.7100903614457831,-0.006777108433734913,0.6200582984150118,0.626595615473371,-0.006537317058359138,0.41208791208791207,0.4233983286908078,-0.011310416602895723,0.45454545454545453,0.46060606060606063,-0.0060606060606061,0.4322766570605187,0.4412191582002903,-0.008942501139771575,0.7141100382583349,0.7119693933321187,0.0021406449262161287,0.4534410905413171,0.4508348156464479,0.0026062748948691983
Logistic Regression,returns,0.2,16,10387557121833615392,0.6927710843373494,0.6920180722891566,0.0007530120481927804,0.6536102508046395,0.6531092488006316,0.0005010020040079333,0.4148471615720524,0.4139433551198257,0.0009038064522267075,0.5757575757575758,0.5757575757575758,0.0,0.48223350253807107,0.4816223067173637,0.0006111958207073442,0.7425669520859902,0.7424637153094067,0.00010323677658352626,0.46684040472936406,0.46677620356316096,6.42011662030928e-05
Random Forest,returns,0.2,16,10387557121833615392,0.7033132530120482,0.7085843373493976,-0.005271084337349463,0.6200582984150118,0.6245794619542114,-0.004521163539199624,0.41208791208791207,0.4206128133704735,-0.008524901282561448,0.45454545454545453,0.4575757575757576,-0.00303030303030305,0.4322766570605187,0.43831640058055155,-0.006039743520032836,0.7141100382583349,0.711006862209267,0.003103176049067846,0.4534410905413171,0.4525046677440714,0.0009364227972457062
Logistic Regression,returns,0.2,17,5149875587030285272,0.6927710843373494,0.6927710843373494,0.0,0.6536102508046395,0.6536102508046395,0.0,0.4148471615720524,0.4148471615720524,0.0,0.5757575757575758,0.5757575757575758,0.0,0.48223350253807107,0.48223350253807107,0.0,0.7425669520859902,0.7424576425578431,0.00010930952814713901,0.46684040472936406,0.46668365403141476,0.00015675069794929275
Random Forest,returns,0.2,17,5149875587030285272,0.7033132530120482,0.7033132530120482,0.0,0.6200582984150118,0.6200582984150118,0.0,0.41208791208791207,0.41208791208791207,0.0,0.45454545454545453,0.45454545454545453,0.0,0.4322766570605187,0.4322766570605187,0.0,0.7141100382583349,0.7142193477864821,-0.00010930952814725003,0.4534410905413171,0.4570882652518881,-0.0036471747105710217
Logistic Regression,returns,0.2,18,17479290570444640878,0.6927710843373494,0.6927710843373494,0.0,0.6536102508046395,0.6546244003157831,-0.0010141495111435361,0.4148471615720524,0.4152173913043478,-0.0003702297322953907,0.5757575757575758,0.5787878787878787,-0.003030303030302939,0.48223350253807107,0.4835443037974684,-0.0013108012593973095,0.7425669520859902,0.7428462986579218,-0.0002793465719316268,0.46684040472936406,0.467330744714193,-0.0004903399848289469
Random Forest,returns,0.2,18,17479290570444640878,0.7033132530120482,0.7033132530120482,0.0,0.6200582984150118,0.6170158498815813,0.0030424485334304974,0.41208791208791207,0.4106145251396648,0.0014733869482472794,0.45454545454545453,0.44545454545454544,0.009090909090909094,0.4322766570605187,0.4273255813953488,0.004951075665169891,0.7141100382583349,0.71494807797413,-0.0008380397157951025,0.4534410905413171,0.45714719995934583,-0.0037061094180287357
Logistic Regression,returns,0.2,19,6228595448674604688,0.6927710843373494,0.6935240963855421,-0.0007530120481927804,0.6536102508046395,0.655125402319791,-0.0015151515151514694,0.4148471615720524,0.41612200435729846,-0.0012748427852460331,0.5757575757575758,0.5787878787878787,-0.003030303030302939,0.48223350253807107,0.4841571609632446,-0.0019236584251735578,0.7425669520859902,0.7425001518187891,6.680026720107257e-05,0.46684040472936406,0.46660144230053446,0.00023896242882959218
Random Forest,returns,0.2,19,6228595448674604688,0.7033132530120482,0.7033132530120482,0.0,0.6200582984150118,0.6220865974372989,-0.0020282990222870723,0.41208791208791207,0.41304347826086957,-0.0009555661729575005,0.45454545454545453,0.46060606060606063,-0.0060606060606061,0.4322766570605187,0.4355300859598854,-0.003253428899366695,0.7141100382583349,0.7141798749013178,-6.983664298298997e-05,0.4534410905413171,0.4529538901111299,0.0004872004301871846
Logistic Regression,returns,0.2,20,3578743870933201979,0.6927710843373494,0.6927710843373494,0.0,0.6536102508046395,0.6536102508046395,0.0,0.4148471615720524,0.4148471615720524,0.0,0.5757575757575758,0.5757575757575758,0.0,0.48223350253807107,0.48223350253807107,0.0,0.7425669520859902,0.7427248436266473,-0.00015789154065704025,0.46684040472936406,0.4670064877423129,-0.00016608301294884775
Random Forest,returns,0.2,20,3578743870933201979,0.7033132530120482,0.7018072289156626,0.001506024096385561,0.6200582984150118,0.6170279953847089,0.003030303030302939,0.41208791208791207,0.4088397790055249,0.0032481330823871946,0.45454545454545453,0.4484848484848485,0.006060606060606044,0.4322766570605187,0.4277456647398844,0.004530992320634308,0.7141100382583349,0.7129319244549706,0.0011781138033643002,0.4534410905413171,0.4538332944160164,-0.00039220387469929285
Logistic Regression,returns,0.2,21,2867170798606484876,0.6927710843373494,0.6920180722891566,0.0007530120481927804,0.6536102508046395,0.6531092488006316,0.0005010020040079333,0.4148471615720524,0.4139433551198257,0.0009038064522267075,0.5757575757575758,0.5757575757575758,0.0,0.48223350253807107,0.4816223067173637,0.0006111958207073442,0.7425669520859902,0.7426246432258458,-5.769113985554242e-05,0.46684040472936406,0.46726564831684736,-0.0004252435874833038
Random Forest,returns,0.2,21,2867170798606484876,0.7033132530120482,0.7048192771084337,-0.001506024096385561,0.6200582984150118,0.6190320034007408,0.0010262950142709837,0.41208791208791207,0.4134078212290503,-0.0013199091411382202,0.45454545454545453,0.4484848484848485,0.006060606060606044,0.4322766570605187,0.43023255813953487,0.002044098920983839,0.7141100382583349,0.7136151090058905,0.0004949292524443205,0.4534410905413171,0.4548624181187815,-0.0014213275774643819
Logistic Regression,returns,0.2,22,15591532578081820743,0.6927710843373494,0.6942771084337349,-0.001506024096385561,0.6536102508046395,0.6546122548126556,-0.0010020040080160886,0.4148471615720524,0.4166666666666667,-0.00181950509461426,0.5757575757575758,0.5757575757575758,0.0,0.48223350253807107,0.48346055979643765,-0.0012270572583665817,0.7425669520859902,0.7426519706078824,-8.501852189213288e-05,0.46684040472936406,0.4670611537261644,-0.0002207489968003573
Random Forest,returns,0.2,22,15591532578081820743,0.7033132530120482,0.7063253012048193,-0.003012048192771122,0.6200582984150118,0.6230764559421874,-0.0030181575271756023,0.41208791208791207,0.4171270718232044,-0.005039159735292342,0.45454545454545453,0.4575757575757576,-0.00303030303030305,0.4322766570605187,0.43641618497109824,-0.004139527910579532,0.7141100382583349,0.7159713366126192,-0.0018612983542843908,0.4534410905413171,0.45513530563587445,-0.0016942150945573609
Logistic Regression,returns,0.2,23,6433442922063030371,0.6927710843373494,0.6927710843373494,0.0,0.6536102508046395,0.6546244003157831,-0.0010141495111435361,0.4148471615720524,0.4152173913043478,-0.0003702297322953907,0.5757575757575758,0.5787878787878787,-0.003030303030302939,0.48223350253807107,0.4835443037974684,-0.0013108012593973095,0.7425669520859902,0.7425274792008258,3.9472885164371085e-05,0.46684040472936406,0.4666788134741098,0.00016159125525427864
Random Forest,returns,0.2,23,6433442922063030371,0.7033132530120482,0.7100903614457831,-0.006777108433734913,0.6200582984150118,0.6296380640068016,-0.009579765591789746,0.41208791208791207,0.4246575342465753,-0.012569622158663252,0.45454545454545453,0.4696969696969697,-0.015151515151515194,0.4322766570605187,0.4460431654676259,-0.013766508407107192,0.7141100382583349,0.716177810165786,-0.0020677719074511103,0.4534410905413171,0.4549336350833427,-0.0014925445420256311
Logistic Regression,returns,0.2,24,3531609832642590776,0.6927710843373494,0.6942771084337349,-0.001506024096385561,0.6536102508046395,0.6556264043237992,-0.0020161535191596247,0.4148471615720524,0.4170305676855895,-0.0021834061135370675,0.5757575757575758,0.5787878787878787,-0.003030303030302939,0.48223350253807107,0.4847715736040609,-0.0025380710659898553,0.7425669520859902,0.7424394243031517,0.0001275277828385324,0.46684040472936406,0.46705417054453136,-0.00021376581516729942
Random Forest,returns,0.2,24,3531609832642590776,0.7033132530120482,0.7055722891566265,-0.0022590361445783413,0.6200582984150118,0.6225754539381794,-0.002517155523167558,0.41208791208791207,0.41597796143250687,-0.0038900493445948037,0.45454545454545453,0.4575757575757576,-0.00303030303030305,0.4322766570605187,0.4357864357864358,-0.0035097787259170676,0.7141100382583349,0.71289852432137,0.0012115139369648364,0.4534410905413171,0.4537750584531505,-0.00033396791183343266
Logistic Regression,returns,0.2,25,6107776540633474100,0.6927710843373494,0.6935240963855421,-0.0007530120481927804,0.6536102508046395,0.655125402319791,-0.0015151515151514694,0.4148471615720524,0.41612200435729846,-0.0012748427852460331,0.5757575757575758,0.5787878787878787,-0.003030303030302939,0.48223350253807107,0.4841571609632446,-0.0019236584251735578,0.7425669520859902,0.7425821339648995,-1.5181878909253932e-05,0.46684040472936406,0.46708663921094984,-0.0002462344815857831
Random Forest,returns,0.2,25,6107776540633474100,0.7033132530120482,0.7063253012048193,-0.003012048192771122,0.6200582984150118,0.6230764559421874,-0.0030181575271756023,0.41208791208791207,0.4171270718232044,-0.005039159735292342,0.45454545454545453,0.4575757575757576,-0.00303030303030305,0.4322766570605187,0.43641618497109824,-0.004139527910579532,0.7141100382583349,0.7125554138580191,0.0015546244003157295,0.4534410905413171,0.45292000482284744,0.0005210857184696494
Logistic Regression,returns,0.2,26,12169873258198883047,0.6927710843373494,0.6912650602409639,0.0015060240963854499,0.6536102508046395,0.6526082467966235,0.0010020040080159776,0.4148471615720524,0.41304347826086957,0.0018036833111828576,0.5757575757575758,0.5757575757575758,0.0,0.48223350253807107,0.4810126582278481,0.0012208443102229571,0.7425669520859902,0.7423999514179873,0.00016700066800290347,0.46684040472936406,0.46656813706732553,0.0002722676620385278
Random Forest,returns,0.2,26,12169873258198883047,0.7033132530120482,0.7025602409638554,0.0007530120481927804,0.6200582984150118,0.6195572964110038,0.0005010020040080443,0.41208791208791207,0.410958904109589,0.0011290079783230489,0.45454545454545453,0.45454545454545453,0.0,0.4322766570605187,0.4316546762589928,0.0006219808015259232,0.7141100382583349,0.7134572174652334,0.0006528207931014718,0.4534410905413171,0.4552254453758884,-0.001784354834571289
Logistic Regression,returns,0.2,27,16378182914308899310,0.6927710843373494,0.6920180722891566,0.0007530120481927804,0.6536102508046395,0.6531092488006316,0.0005010020040079333,0.4148471615720524,0.4139433551198257,0.0009038064522267075,0.5757575757575758,0.5757575757575758,0.0,0.48223350253807107,0.4816223067173637,0.0006111958207073442,0.7425669520859902,0.7426762616141374,-0.00010930952814713901,0.46684040472936406,0.4669903220177518,-0.00014991728838775753
Random Forest,returns,0.2,27,16378182914308899310,0.7033132530120482,0.7070783132530121,-0.0037650602409639022,0.6200582984150118,0.6266199064796258,-0.006561608064614033,0.41208791208791207,0.4196185286103542,-0.007530616522442135,0.45454545454545453,0.4666666666666667,-0.012121212121212144,0.4322766570605187,0.4418938307030129,-0.009617173642494203,0.7141100382583349,0.7117234468937875,0.0023865913645473302,0.4534410905413171,0.45367905261718544,-0.0002379620758683476
Logistic Regression,returns,0.2,28,11913117357957115411,0.6927710843373494,0.6935240963855421,-0.0007530120481927804,0.6536102508046395,0.6541112528086477,-0.0005010020040081553,0.4148471615720524,0.41575492341356673,-0.0009077618415143096,0.5757575757575758,0.5757575757575758,0.0,0.48223350253807107,0.48284625158831,-0.0006127490502389477,0.7425669520859902,0.7424940790672254,7.287301876479635e-05,0.46684040472936406,0.4669458118337508,-0.0001054071043867233
Random Forest,returns,0.2,28,11913117357957115411,0.7033132530120482,0.7048192771084337,-0.001506024096385561,0.6200582984150118,0.6220744519341713,-0.0020161535191595137,0.41208791208791207,0.41483516483516486,-0.002747252747252793,0.45454545454545453,0.4575757575757576,-0.00303030303030305,0.4322766570605187,0.43515850144092216,-0.0028818443804034533,0.7141100382583349,0.7138762373231311,0.000233800935203754,0.4534410905413171,0.4529169306689251,0.000524159872392016
Logistic Regression,returns,0.2,29,14521932306446413598,0.6927710843373494,0.6927710843373494,0.0,0.6536102508046395,0.6536102508046395,0.0,0.4148471615720524,0.4148471615720524,0.0,0.5757575757575758,0.5757575757575758,0.0,0.48223350253807107,0.48223350253807107,0.0,0.7425669520859902,0.7425730248375538,-6.072751563612755e-06,0.46684040472936406,0.4667567110716646,8.369365769944626e-05
Random Forest,returns,0.2,29,14521932306446413598,0.7033132530120482,0.7063253012048193,-0.003012048192771122,0.6200582984150118,0.6220623064310439,-0.002004008016032066,0.41208791208791207,0.4166666666666667,-0.004578754578754618,0.45454545454545453,0.45454545454545453,0.0,0.4322766570605187,0.43478260869565216,-0.002505951635133452,0.7141100382583349,0.7152061699155887,-0.0010961316572538626,0.4534410905413171,0.4558227777630479,-0.0023816872217308216
Logistic Regression,returns,0.5,0,13604261528485818748,0.6927710843373494,0.6912650602409639,0.0015060240963854499,0.6536102508046395,0.6515940972854801,0.0020161535191594027,0.4148471615720524,0.4126637554585153,0.002183406113537123,0.5757575757575758,0.5727272727272728,0.00303030303030305,0.48223350253807107,0.4796954314720812,0.0025380710659898553,0.7425669520859902,0.7417805307584866,0.0007864213275036169,0.46684040472936406,0.46616515145952153,0.000675253269842524
Random Forest,returns,0.5,0,13604261528485818748,0.7033132530120482,0.7078313253012049,-0.004518072289156683,0.6200582984150118,0.62306431043906,-0.0030060120240481547,0.41208791208791207,0.41899441340782123,-0.006906501319909164,0.45454545454545453,0.45454545454545453,0.0,0.4322766570605187,0.436046511627907,-0.0037698545673882644,0.7141100382583349,0.7195056780227121,-0.005395639764377291,0.4534410905413171,0.46083391014663966,-0.007392819605322565
Logistic Regression,returns,0.5,1,711615056508003528,0.6927710843373494,0.6912650602409639,0.0015060240963854499,0.6536102508046395,0.6526082467966235,0.0010020040080159776,0.4148471615720524,0.41304347826086957,0.0018036833111828576,0.5757575757575758,0.5757575757575758,0.0,0.48223350253807107,0.4810126582278481,0.0012208443102229571,0.7425669520859902,0.7428007530211939,-0.00023380093520364298,0.46684040472936406,0.4674272595062909,-0.0005868547769268262
Random Forest,returns,0.5,1,711615056508003528,0.7033132530120482,0.704066265060241,-0.0007530120481927804,0.6200582984150118,0.6175168518855894,0.002541446529422453,0.41208791208791207,0.4117647058823529,0.0003232062055591456,0.45454545454545453,0.44545454545454544,0.009090909090909094,0.4322766570605187,0.4279475982532751,0.004329058807243602,0.7141100382583349,0.7125766684884922,0.0015333697698426407,0.4534410905413171,0.46009529780978903,-0.0066542072684719344
Logistic Regression,returns,0.5,2,4254198820289176881,0.6927710843373494,0.6950301204819277,-0.0022590361445783413,0.6536102508046395,0.6571415558389506,-0.003531305034311094,0.4148471615720524,0.41830065359477125,-0.0034534920227188293,0.5757575757575758,0.5818181818181818,-0.006060606060605989,0.48223350253807107,0.4866920152091255,-0.004458512671054404,0.7425669520859902,0.7428007530211939,-0.00023380093520364298,0.46684040472936406,0.46698859529416226,-0.0001481905647982007
Random Forest,returns,0.5,2,4254198820289176881,0.7033132530120482,0.7070783132530121,-0.0037650602409639022,0.6200582984150118,0.6225633084350519,-0.0025050100200401104,0.41208791208791207,0.4178272980501393,-0.005739385962227228,0.45454545454545453,0.45454545454545453,0.0,0.4322766570605187,0.43541364296081275,-0.0031369859002940426,0.7141100382583349,0.7110341895913038,0.0030758486670310337,0.4534410905413171,0.4508839358592952,0.0025571546820218893
Logistic Regression,returns,0.5,3,4449315069133123803,0.6927710843373494,0.6927710843373494,0.0,0.6536102508046395,0.6536102508046395,0.0,0.4148471615720524,0.4148471615720524,0.0,0.5757575757575758,0.5757575757575758,0.0,0.48223350253807107,0.48223350253807107,0.0,0.7425669520859902,0.742205623367948,0.00036132871804217537,0.46684040472936406,0.4665693310254418,0.0002710737039222644
Random Forest,returns,0.5,3,4449315069133123803,0.7033132530120482,0.7070783132530121,-0.0037650602409639022,0.6200582984150118,0.6205350094127648,-0.00047671099775303816,0.41208791208791207,0.4169014084507042,-0.004813496362792158,0.45454545454545453,0.4484848484848485,0.006060606060606044,0.4322766570605187,0.4321167883211679,0.00015986873935081025,0.7141100382583349,0.7109947167061397,0.0031153215521951827,0.4534410905413171,0.4522800871633928,0.0011610033779242968
Logistic Regression,returns,0.5,4,14824519330480148294,0.6927710843373494,0.6950301204819277,-0.0022590361445783413,0.6536102508046395,0.6540991073055201,-0.0004888565008805967,0.4148471615720524,0.41721854304635764,-0.002371381474305212,0.5757575757575758,0.5727272727272728,0.00303030303030305,0.48223350253807107,0.4827586206896552,-0.0005251181515841252,0.7425669520859902,0.7423452966539139,0.00022165543207630645,0.46684040472936406,0.4665062747906491,0.00033412993871495544
Random Forest,returns,0.5,4,14824519330480148294,0.7033132530120482,0.7108433734939759,-0.0075301204819276935,0.6200582984150118,0.625068318455092,-0.005010020040080221,0.41208791208791207,0.423728813559322,-0.011640901471409948,0.45454545454545453,0.45454545454545453,0.0,0.4322766570605187,0.43859649122807015,-0.006319834167551441,0.7141100382583349,0.7111040262342867,0.0030060120240481547,0.4534410905413171,0.4527654092374965,0.0006756813038206189
Logistic Regression,returns,0.5,5,438295092257198419,0.6927710843373494,0.6912650602409639,0.0015060240963854499,0.6536102508046395,0.6546365458189105,-0.0010262950142709837,0.4148471615720524,0.41379310344827586,0.001054058123776569,0.5757575757575758,0.5818181818181818,-0.006060606060605989,0.48223350253807107,0.4836272040302267,-0.001393701492155619,0.7425669520859902,0.742545697455517,2.1254630473199754e-05,0.46684040472936406,0.46691419232186676,-7.378759250270539e-05
Random Forest,returns,0.5,5,438295092257198419,0.7033132530120482,0.704066265060241,-0.0007530120481927804,0.6200582984150118,0.6185310013967329,0.001527297018278917,0.41208791208791207,0.41225626740947074,-0.0001683553215586775,0.45454545454545453,0.4484848484848485,0.006060606060606044,0.4322766570605187,0.4296081277213353,0.002668529339183434,0.7141100382583349,0.7087872715127224,0.005322766745612495,0.4534410905413171,0.44930934063466665,0.004131749906650439
Logistic Regression,returns,0.5,6,7083656373559070889,0.6927710843373494,0.6942771084337349,-0.001506024096385561,0.6536102508046395,0.6556264043237992,-0.0020161535191596247,0.4148471615720524,0.4170305676855895,-0.0021834061135370675,0.5757575757575758,0.5787878787878787,-0.003030303030302939,0.48223350253807107,0.4847715736040609,-0.0025380710659898553,0.7425669520859902,0.7426519706078825,-8.50185218922439e-05,0.46684040472936406,0.466339222072952,0.0005011826564120803
Random Forest,returns,0.5,6,7083656373559070889,0.7033132530120482,0.7055722891566265,-0.0022590361445783413,0.6200582984150118,0.6195330054047489,0.0005252930102629394,0.41208791208791207,0.41456582633053224,-0.0024779142426201717,0.45454545454545453,0.4484848484848485,0.006060606060606044,0.4322766570605187,0.43085880640465796,0.0014178506558607529,0.7141100382583349,0.7074937754296471,0.006616262828687769,0.4534410905413171,0.45676146147001545,-0.0033203709286983574
Logistic Regression,returns,0.5,7,12816140084306707434,0.6927710843373494,0.6912650602409639,0.0015060240963854499,0.6536102508046395,0.653622396307767,-1.2145503127447554e-05,0.4148471615720524,0.4134199134199134,0.0014272481521390157,0.5757575757575758,0.5787878787878787,-0.003030303030302939,0.48223350253807107,0.4823232323232323,-8.972978516125218e-05,0.7425669520859902,0.7425214064492622,4.554563672798384e-05,0.46684040472936406,0.46635488892568067,0.00048551580368338954
Random Forest,returns,0.5,7,12816140084306707434,0.7033132530120482,0.7100903614457831,-0.006777108433734913,0.6200582984150118,0.6255814659622275,-0.005523167547215713,0.41208791208791207,0.42296918767507,-0.010881275587157957,0.45454545454545453,0.4575757575757576,-0.00303030303030305,0.4322766570605187,0.4395924308588064,-0.007315773798287684,0.7141100382583349,0.7107852067771908,0.0033248314811440416,0.4534410905413171,0.45668662172543445,-0.003245531184117356
Logistic Regression,returns,0.5,8,14275242099121850381,0.6927710843373494,0.6965361445783133,-0.0037650602409639022,0.6536102508046395,0.6591577093581101,-0.005547458553470608,0.4148471615720524,0.420479302832244,-0.00563214126019157,0.5757575757575758,0.5848484848484848,-0.009090909090909038,0.48223350253807107,0.4892268694550063,-0.006993366916935251,0.7425669520859902,0.7426944798688286,-0.00012752778283842137,0.46684040472936406,0.4670905906519469,-0.0002501859225828573
Random Forest,returns,0.5,8,14275242099121850381,0.7033132530120482,0.7070783132530121,-0.0037650602409639022,0.6200582984150118,0.6195208599016214,0.000537438513390387,0.41208791208791207,0.4164305949008499,-0.004342682812937815,0.45454545454545453,0.44545454545454544,0.009090909090909094,0.4322766570605187,0.43045387994143486,0.0018227771190838515,0.7141100382583349,0.7161261917774944,-0.0020161535191595137,0.4534410905413171,0.45749583640690816,-0.0040547458655910695
Logistic Regression,returns,0.5,9,17239220246284203847,0.6927710843373494,0.6935240963855421,-0.0007530120481927804,0.6536102508046395,0.6541112528086477,-0.0005010020040081553,0.4148471615720524,0.41575492341356673,-0.0009077618415143096,0.5757575757575758,0.5757575757575758,0.0,0.48223350253807107,0.48284625158831,-0.0006127490502389477,0.7425669520859902,0.7424029877937692,0.00016396429222098607,0.46684040472936406,0.46621774487889445,0.000622659850469609
Random Forest,returns,0.5,9,17239220246284203847,0.7033132530120482,0.7048192771084337,-0.001506024096385561,0.6200582984150118,0.6220744519341713,-0.0020161535191595137,0.41208791208791207,0.41483516483516486,-0.002747252747252793,0.45454545454545453,0.4575757575757576,-0.00303030303030305,0.4322766570605187,0.43515850144092216,-0.0028818443804034533,0.7141100382583349,0.710961316572539,0.00314872168579583,0.4534410905413171,0.4580068051280324,-0.004565714586715286
Logistic Regression,returns,0.5,10,2494075113636348170,0.6927710843373494,0.6950301204819277,-0.0022590361445783413,0.6536102508046395,0.6561274063278071,-0.002517155523167558,0.4148471615720524,0.4179431072210066,-0.003095945648954157,0.5757575757575758,0.5787878787878787,-0.003030303030302939,0.48223350253807107,0.48538754764930114,-0.003154045111230075,0.7425669520859902,0.7427946802696301,-0.0002277281836399192,0.46684040472936406,0.466982213807752,-0.00014180907838795553
Random Forest,returns,0.5,10,2494075113636348170,0.7033132530120482,0.7108433734939759,-0.0075301204819276935,0.6200582984150118,0.625068318455092,-0.005010020040080221,0.41208791208791207,0.423728813559322,-0.011640901471409948,0.45454545454545453,0.45454545454545453,0.0,0.4322766570605187,0.43859649122807015,-0.006319834167551441,0.7141100382583349,0.7109339891905022,0.0031760490678326425,0.4534410905413171,0.45412323713354574,-0.0006821465922286496
Logistic Regression,returns,0.5,11,17233298552886079486,0.6927710843373494,0.6942771084337349,-0.001506024096385561,0.6536102508046395,0.6576547033460861,-0.004044452541446586,0.4148471615720524,0.41774891774891776,-0.0029017561768653333,0.5757575757575758,0.5848484848484848,-0.009090909090909038,0.48223350253807107,0.48737373737373735,-0.00514023483566628,0.7425669520859902,0.7426489342321004,-8.198214611021548e-05,0.46684040472936406,0.46677403449782706,6.637023153699406e-05
Random Forest,returns,0.5,11,17233298552886079486,0.7033132530120482,0.7115963855421686,-0.008283132530120474,0.6200582984150118,0.6255693204591,-0.005511022044088154,0.41208791208791207,0.42492917847025496,-0.012841266382342897,0.45454545454545453,0.45454545454545453,0.0,0.4322766570605187,0.43923865300146414,-0.006961995940945431,0.7141100382583349,0.7123307220501609,0.0017793162081739533,0.4534410905413171,0.4565143031954729,-0.0030732126541558324
Logistic Regression,returns,0.5,12,16793673244698096393,0.6927710843373494,0.6912650602409639,0.0015060240963854499,0.6536102508046395,0.6526082467966235,0.0010020040080159776,0.4148471615720524,0.41304347826086957,0.0018036833111828576,0.5757575757575758,0.5757575757575758,0.0,0.48223350253807107,0.4810126582278481,0.0012208443102229571,0.7425669520859902,0.7419596769296168,0.0006072751563733769,0.46684040472936406,0.46632794578589126,0.0005124589434727933
Random Forest,returns,0.5,12,16793673244698096393,0.7033132530120482,0.7063253012048193,-0.003012048192771122,0.6200582984150118,0.6220623064310439,-0.002004008016032066,0.41208791208791207,0.4166666666666667,-0.004578754578754618,0.45454545454545453,0.45454545454545453,0.0,0.4322766570605187,0.43478260869565216,-0.002505951635133452,0.7141100382583349,0.7154278253476649,-0.001317787089330058,0.4534410905413171,0.46249376895164696,-0.009052678410329862
Logistic Regression,returns,0.5,13,12529656200211036023,0.6927710843373494,0.6942771084337349,-0.001506024096385561,0.6536102508046395,0.6556264043237992,-0.0020161535191596247,0.4148471615720524,0.4170305676855895,-0.0021834061135370675,0.5757575757575758,0.5787878787878787,-0.003030303030302939,0.48223350253807107,0.4847715736040609,-0.0025380710659898553,0.7425669520859902,0.7424424606789336,0.000124491407056615,0.46684040472936406,0.4665009977331474,0.00033940699621665127
Random Forest,returns,0.5,13,12529656200211036023,0.7033132530120482,0.704066265060241,-0.0007530120481927804,0.6200582984150118,0.6185310013967329,0.001527297018278917,0.41208791208791207,0.41225626740947074,-0.0001683553215586775,0.45454545454545453,0.4484848484848485,0.006060606060606044,0.4322766570605187,0.4296081277213353,0.002668529339183434,0.7141100382583349,0.7159622274852735,-0.0018521892269386386,0.4534410905413171,0.45803258558922916,-0.004591495047912064
Logistic Regression,returns,0.5,14,16119855372137248052,0.6927710843373494,0.6920180722891566,0.0007530120481927804,0.6536102508046395,0.6520950992894881,0.0015151515151514694,0.4148471615720524,0.4135667396061269,0.0012804219659255378,0.5757575757575758,0.5727272727272728,0.00303030303030305,0.48223350253807107,0.48030495552731894,0.001928547010752124,0.7425669520859902,0.7425456974555171,2.125463047308873e-05,0.46684040472936406,0.46682179700286375,1.8607726500308175e-05
Random Forest,returns,0.5,14,16119855372137248052,0.7033132530120482,0.7018072289156626,0.001506024096385561,0.6200582984150118,0.6160138458735653,0.004044452541446475,0.41208791208791207,0.4083333333333333,0.0037545787545787412,0.45454545454545453,0.44545454545454544,0.009090909090909094,0.4322766570605187,0.4260869565217391,0.006189700538779597,0.7141100382583349,0.7158346997024352,-0.0017246614441003283,0.4534410905413171,0.46391478000161496,-0.010473689460297864
Logistic Regression,returns,0.5,15,7953692199388742381,0.6927710843373494,0.6927710843373494,0.0,0.6536102508046395,0.6556385498269266,-0.0020282990222870723,0.4148471615720524,0.4155844155844156,-0.0007372540123631866,0.5757575757575758,0.5818181818181818,-0.006060606060605989,0.48223350253807107,0.48484848484848486,-0.0026149823104137937,0.7425669520859902,0.7421661504827838,0.00040080160320643543,0.46684040472936406,0.46622637220351454,0.0006140325258495172
Random Forest,returns,0.5,15,7953692199388742381,0.7033132530120482,0.713855421686747,-0.010542168674698815,0.6200582984150118,0.6291006254934111,-0.009042327078399248,0.41208791208791207,0.4293785310734463,-0.017290618985534245,0.45454545454545453,0.46060606060606063,-0.0060606060606061,0.4322766570605187,0.4444444444444444,-0.01216778738392571,0.7141100382583349,0.7094856379425518,0.004624400315783039,0.4534410905413171,0.44993699810686216,0.0035040924344549307
Logistic Regression,returns,0.5,16,7225888774732877719,0.6927710843373494,0.6927710843373494,0.0,0.6536102508046395,0.6556385498269266,-0.0020282990222870723,0.4148471615720524,0.4155844155844156,-0.0007372540123631866,0.5757575757575758,0.5818181818181818,-0.006060606060605989,0.48223350253807107,0.48484848484848486,-0.0026149823104137937,0.7425669520859902,0.7421874051132566,0.00037954697273356874,0.46684040472936406,0.4666381387826153,0.00020226594674876974
Random Forest,returns,0.5,16,7225888774732877719,0.7033132530120482,0.7033132530120482,0.0,0.6200582984150118,0.6170158498815813,0.0030424485334304974,0.41208791208791207,0.4106145251396648,0.0014733869482472794,0.45454545454545453,0.44545454545454544,0.009090909090909094,0.4322766570605187,0.4273255813953488,0.004951075665169891,0.7141100382583349,0.7066435902107245,0.007466448047610319,0.4534410905413171,0.4500311586614342,0.003409931879882866
Logistic Regression,returns,0.5,17,15282670834292601801,0.6927710843373494,0.6942771084337349,-0.001506024096385561,0.6536102508046395,0.6566405538349426,-0.00303030303030305,0.4148471615720524,0.41739130434782606,-0.002544142775773639,0.5757575757575758,0.5818181818181818,-0.006060606060605989,0.48223350253807107,0.4860759493670886,-0.0038424468290175207,0.7425669520859902,0.7422542053804579,0.00031274670553227413,0.46684040472936406,0.46602086121516273,0.0008195435142013263
Random Forest,returns,0.5,17,15282670834292601801,0.7033132530120482,0.7055722891566265,-0.0022590361445783413,0.6200582984150118,0.6215613044270358,-0.0015030060120240218,0.41208791208791207,0.4155124653739612,-0.0034245532860491257,0.45454545454545453,0.45454545454545453,0.0,0.4322766570605187,0.4341534008683068,-0.0018767438077880727,0.7141100382583349,0.7127801056658771,0.0013299325924577277,0.4534410905413171,0.46269154363458775,-0.00925045309327066
Logistic Regression,returns,0.5,18,1751257657741206959,0.6927710843373494,0.6942771084337349,-0.001506024096385561,0.6536102508046395,0.6576547033460861,-0.004044452541446586,0.4148471615720524,0.41774891774891776,-0.0029017561768653333,0.5757575757575758,0.5848484848484848,-0.009090909090909038,0.48223350253807107,0.48737373737373735,-0.00514023483566628,0.7425669520859902,0.7428280804032308,-0.0002611283172405665,0.46684040472936406,0.4676034899801763,-0.0007630852508122565
Random Forest,returns,0.5,18,1751257657741206959,0.7033132530120482,0.7048192771084337,-0.001506024096385561,0.6200582984150118,0.6170037043784539,0.003054594036557945,0.41208791208791207,0.4124293785310734,-0.00034146644316135344,0.45454545454545453,0.44242424242424244,0.012121212121212088,0.4322766570605187,0.4269005847953216,0.005376072265197096,0.7141100382583349,0.7118691929313172,0.0022408453270176265,0.4534410905413171,0.4558905496000335,-0.002449459058716408
Logistic Regression,returns,0.5,19,4053457037619847073,0.6927710843373494,0.6920180722891566,0.0007530120481927804,0.6536102508046395,0.654123398311775,-0.0005131475071354918,0.4148471615720524,0.41431670281995664,0.000530458752095786,0.5757575757575758,0.5787878787878787,-0.003030303030302939,0.48223350253807107,0.4829329962073325,-0.0006994936692614195,0.7425669520859902,0.7423938786664238,0.0001730734195664052,0.46684040472936406,0.46641160165055107,0.0004288030788129893
Random Forest,returns,0.5,19,4053457037619847073,0.7033132530120482,0.7085843373493976,-0.005271084337349463,0.6200582984150118,0.6235653124430679,-0.003507014028056088,0.41208791208791207,0.42016806722689076,-0.008080155138978695,0.45454545454545453,0.45454545454545453,0.0,0.4322766570605187,0.4366812227074236,-0.00440456564690489,0.7141100382583349,0.7152213517944981,-0.0011113135361632276,0.4534410905413171,0.45522139704873343,-0.0017803065074163404
Logistic Regression,returns,0.5,20,14502456046480686117,0.6927710843373494,0.6927710843373494,0.0,0.6536102508046395,0.6525961012934961,0.0010141495111434251,0.4148471615720524,0.4144736842105263,0.0003734773615260978,0.5757575757575758,0.5727272727272728,0.00303030303030305,0.48223350253807107,0.48091603053435117,0.0013174720037198995,0.7425669520859902,0.743049735835307,-0.00048278374931676193,0.46684040472936406,0.4672833265922034,-0.00044292186283934054
Random Forest,returns,0.5,20,14502456046480686117,0.7033132530120482,0.7048192771084337,-0.001506024096385561,0.6200582984150118,0.6190320034007408,0.0010262950142709837,0.41208791208791207,0.4134078212290503,-0.0013199091411382202,0.45454545454545453,0.4484848484848485,0.006060606060606044,0.4322766570605187,0.43023255813953487,0.002044098920983839,0.7141100382583349,0.708249832999332,0.005860205259002882,0.4534410905413171,0.4513027792158461,0.0021383113254709873
Logistic Regression,returns,0.5,21,4834990059762068375,0.6927710843373494,0.6942771084337349,-0.001506024096385561,0.6536102508046395,0.6566405538349426,-0.00303030303030305,0.4148471615720524,0.41739130434782606,-0.002544142775773639,0.5757575757575758,0.5818181818181818,-0.006060606060605989,0.48223350253807107,0.4860759493670886,-0.0038424468290175207,0.7425669520859902,0.7425639157102083,3.0363757819173998e-06,0.46684040472936406,0.46709456701258933,-0.0002541622832252788
Random Forest,returns,0.5,21,4834990059762068375,0.7033132530120482,0.704066265060241,-0.0007530120481927804,0.6200582984150118,0.6175168518855894,0.002541446529422453,0.41208791208791207,0.4117647058823529,0.0003232062055591456,0.45454545454545453,0.44545454545454544,0.009090909090909094,0.4322766570605187,0.4279475982532751,0.004329058807243602,0.7141100382583349,0.7094340195542601,0.004676018704074747,0.4534410905413171,0.45728406245042164,-0.0038429719091045422
Logistic Regression,returns,0.5,22,17564250262415543535,0.6927710843373494,0.6950301204819277,-0.0022590361445783413,0.6536102508046395,0.6571415558389506,-0.003531305034311094,0.4148471615720524,0.41830065359477125,-0.0034534920227188293,0.5757575757575758,0.5818181818181818,-0.006060606060605989,0.48223350253807107,0.4866920152091255,-0.004458512671054404,0.7425669520859902,0.7427612801360296,-0.00019432805003938292,0.46684040472936406,0.4670855521836883,-0.000245147454324246
Random Forest,returns,0.5,22,17564250262415543535,0.7033132530120482,0.7093373493975904,-0.006024096385542244,0.6200582984150118,0.6230521649359324,-0.002993866520920596,0.41208791208791207,0.4209039548022599,-0.008816042714347827,0.45454545454545453,0.45151515151515154,0.0030303030303029943,0.4322766570605187,0.43567251461988304,-0.0033958575593643348,0.7141100382583349,0.7135665269933807,0.0005435112649541107,0.4534410905413171,0.4567356840532566,-0.003294593511939503
Logistic Regression,returns,0.5,23,10059206354905364977,0.6927710843373494,0.6950301204819277,-0.0022590361445783413,0.6536102508046395,0.6571415558389506,-0.003531305034311094,0.4148471615720524,0.41830065359477125,-0.0034534920227188293,0.5757575757575758,0.5818181818181818,-0.006060606060605989,0.48223350253807107,0.4866920152091255,-0.004458512671054404,0.7425669520859902,0.742363514908605,0.00020343717738524614,0.46684040472936406,0.46655293165737705,0.00028747307198701
Random Forest,returns,0.5,23,10059206354905364977,0.7033132530120482,0.7100903614457831,-0.006777108433734913,0.6200582984150118,0.6276097649845145,-0.007551466569502674,0.41208791208791207,0.42382271468144045,-0.011734802593528382,0.45454545454545453,0.4636363636363636,-0.009090909090909094,0.4322766570605187,0.44283646888567296,-0.010559811825154253,0.7141100382583349,0.7136242181332362,0.00048582012509867933,0.4534410905413171,0.4565161132022334,-0.0030750226609163045
Logistic Regression,returns,0.5,24,13584574826596874775,0.6927710843373494,0.6935240963855421,-0.0007530120481927804,0.6536102508046395,0.655125402319791,-0.0015151515151514694,0.4148471615720524,0.41612200435729846,-0.0012748427852460331,0.5757575757575758,0.5787878787878787,-0.003030303030302939,0.48223350253807107,0.4841571609632446,-0.0019236584251735578,0.7425669520859902,0.7422511690046759,0.00031578308131430255,0.46684040472936406,0.4673766329372284,-0.0005362282078643643
Random Forest,returns,0.5,24,13584574826596874775,0.7033132530120482,0.7093373493975904,-0.006024096385542244,0.6200582984150118,0.6240663144470759,-0.004008016032064132,0.41208791208791207,0.42134831460674155,-0.00926040251882948,0.45454545454545453,0.45454545454545453,0.0,0.4322766570605187,0.43731778425655976,-0.005041127196041051,0.7141100382583349,0.7095888747191352,0.004521163539199624,0.4534410905413171,0.454026222849898,-0.0005851323085809268
Logistic Regression,returns,0.5,25,6234742593832046472,0.6927710843373494,0.6950301204819277,-0.0022590361445783413,0.6536102508046395,0.6561274063278071,-0.002517155523167558,0.4148471615720524,0.4179431072210066,-0.003095945648954157,0.5757575757575758,0.5787878787878787,-0.003030303030302939,0.48223350253807107,0.48538754764930114,-0.003154045111230075,0.7425669520859902,0.742412096921115,0.00015485516487523387,0.46684040472936406,0.46687078674605953,-3.03820166954738e-05
Random Forest,returns,0.5,25,6234742593832046472,0.7033132530120482,0.7078313253012049,-0.004518072289156683,0.6200582984150118,0.6250926094613469,-0.005034311046335116,0.41208791208791207,0.4198895027624309,-0.007801590674518855,0.45454545454545453,0.46060606060606063,-0.0060606060606061,0.4322766570605187,0.4393063583815029,-0.007029701320984183,0.7141100382583349,0.7144379668427764,-0.00032792858444152806,0.4534410905413171,0.45571189712059,-0.0022708065792729215
Logistic Regression,returns,0.5,26,1771526476426598590,0.6927710843373494,0.6927710843373494,0.0,0.6536102508046395,0.6536102508046395,0.0,0.4148471615720524,0.4148471615720524,0.0,0.5757575757575758,0.5757575757575758,0.0,0.48223350253807107,0.48223350253807107,0.0,0.7425669520859902,0.7424029877937693,0.00016396429222087505,0.46684040472936406,0.4663872327727282,0.0004531719566358561
Random Forest,returns,0.5,26,1771526476426598590,0.7033132530120482,0.7063253012048193,-0.003012048192771122,0.6200582984150118,0.6200340074087569,2.429100625489511e-05,0.41208791208791207,0.4157303370786517,-0.0036424249907396344,0.45454545454545453,0.4484848484848485,0.006060606060606044,0.4322766570605187,0.4314868804664723,0.0007897765940463874,0.7141100382583349,0.7110341895913037,0.0030758486670311447,0.4534410905413171,0.4554752747996184,-0.002034184258301319
Logistic Regression,returns,0.5,27,6767249675306004972,0.6927710843373494,0.6927710843373494,0.0,0.6536102508046395,0.6556385498269266,-0.0020282990222870723,0.4148471615720524,0.4155844155844156,-0.0007372540123631866,0.5757575757575758,0.5818181818181818,-0.006060606060605989,0.48223350253807107,0.48484848484848486,-0.0026149823104137937,0.7425669520859902,0.7428705896641767,-0.00030363757818652193,0.46684040472936406,0.46703041786050875,-0.0001900131311446951
Random Forest,returns,0.5,27,6767249675306004972,0.7033132530120482,0.7115963855421686,-0.008283132530120474,0.6200582984150118,0.6286117689925306,-0.008553470577518762,0.41208791208791207,0.42618384401114207,-0.014095931923229998,0.45454545454545453,0.4636363636363636,-0.009090909090909094,0.4322766570605187,0.444121915820029,-0.011845258759510313,0.7141100382583349,0.7081040869618025,0.006005951296532364,0.4534410905413171,0.4514952011204347,0.0019458894208824185
Logistic Regression,returns,0.5,28,2862235320443499074,0.6927710843373494,0.6912650602409639,0.0015060240963854499,0.6536102508046395,0.6526082467966235,0.0010020040080159776,0.4148471615720524,0.41304347826086957,0.0018036833111828576,0.5757575757575758,0.5757575757575758,0.0,0.48223350253807107,0.4810126582278481,0.0012208443102229571,0.7425669520859902,0.7423240420234408,0.00024291006254939518,0.46684040472936406,0.46708799301692216,-0.00024758828755810924
Random Forest,returns,0.5,28,2862235320443499074,0.7033132530120482,0.7078313253012049,-0.004518072289156683,0.6200582984150118,0.62306431043906,-0.0030060120240481547,0.41208791208791207,0.41899441340782123,-0.006906501319909164,0.45454545454545453,0.45454545454545453,0.0,0.4322766570605187,0.436046511627907,-0.0037698545673882644,0.7141100382583349,0.7122639217829598,0.0018461164753750259,0.4534410905413171,0.45310737970391946,0.0003337108373976383
Logistic Regression,returns,0.5,29,16011519486588396588,0.6927710843373494,0.6927710843373494,0.0,0.6536102508046395,0.6546244003157831,-0.0010141495111435361,0.4148471615720524,0.4152173913043478,-0.0003702297322953907,0.5757575757575758,0.5787878787878787,-0.003030303030302939,0.48223350253807107,0.4835443037974684,-0.0013108012593973095,0.7425669520859902,0.742910062549341,-0.000343110463350782,0.46684040472936406,0.46693526821612447,-9.486348676041034e-05
Random Forest,returns,0.5,29,16011519486588396588,0.7033132530120482,0.7070783132530121,-0.0037650602409639022,0.6200582984150118,0.6235774579461955,-0.0035191595311836465,0.41208791208791207,0.4182825484764543,-0.0061946363885422295,0.45454545454545453,0.4575757575757576,-0.00303030303030305,0.4322766570605187,0.4370477568740955,-0.004771099813576818,0.7141100382583349,0.7131535798870468,0.0009564583712881047,0.4534410905413171,0.45700545278288207,-0.003564362241564978
Logistic Regression,returns,1.0,0,4133149575253847616,0.6927710843373494,0.6912650602409639,0.0015060240963854499,0.6536102508046395,0.6526082467966235,0.0010020040080159776,0.4148471615720524,0.41304347826086957,0.0018036833111828576,0.5757575757575758,0.5757575757575758,0.0,0.48223350253807107,0.4810126582278481,0.0012208443102229571,0.7425669520859902,0.740906054533309,0.0016608975526811731,0.46684040472936406,0.4649459748597793,0.0018944298695847683
Random Forest,returns,1.0,0,4133149575253847616,0.7033132530120482,0.7131024096385542,-0.009789156626506035,0.6200582984150118,0.6275854739782596,-0.007527175563247779,0.41208791208791207,0.42776203966005666,-0.01567412757214459,0.45454545454545453,0.4575757575757576,-0.00303030303030305,0.4322766570605187,0.44216691068814057,-0.009890253627621859,0.7141100382583349,0.718570474281897,-0.004460436023562164,0.4534410905413171,0.45894736799824387,-0.005506277456926778
Logistic Regression,returns,1.0,1,17417048061407763742,0.6927710843373494,0.6905120481927711,0.0022590361445782303,0.6536102508046395,0.6521072447926155,0.0015030060120240218,0.4148471615720524,0.4121475054229935,0.0026996561490589266,0.5757575757575758,0.5757575757575758,0.0,0.48223350253807107,0.4804045512010114,0.001828951337059681,0.7425669520859902,0.7428766624157406,-0.00030971032975035673,0.46684040472936406,0.4674202072801432,-0.0005798025507791627
Random Forest,returns,1.0,1,17417048061407763742,0.7033132530120482,0.7078313253012049,-0.004518072289156683,0.6200582984150118,0.6190077123944859,0.0010505860205258788,0.41208791208791207,0.41714285714285715,-0.005054945054945081,0.45454545454545453,0.44242424242424244,0.012121212121212088,0.4322766570605187,0.4294117647058823,0.0028648923546363836,0.7141100382583349,0.7048946377603692,0.009215400497965653,0.4534410905413171,0.45540662547208655,-0.0019655349307694525
Logistic Regression,returns,1.0,2,11629709813900243053,0.6927710843373494,0.6987951807228916,-0.006024096385542244,0.6536102508046395,0.6616748648812777,-0.008064614076638166,0.4148471615720524,0.42358078602620086,-0.008733624454148436,0.5757575757575758,0.5878787878787879,-0.012121212121212088,0.48223350253807107,0.49238578680203043,-0.010152284263959366,0.7425669520859902,0.7430406267079612,-0.00047367462197100973,0.46684040472936406,0.46685611427104934,-1.5709541685282602e-05
Random Forest,returns,1.0,2,11629709813900243053,0.7033132530120482,0.7033132530120482,0.0,0.6200582984150118,0.6160017003704379,0.0040565980445739225,0.41208791208791207,0.4101123595505618,0.001975552537350267,0.45454545454545453,0.44242424242424244,0.012121212121212088,0.4322766570605187,0.42565597667638483,0.006620680384133881,0.7141100382583349,0.7088965810408696,0.005213457217465245,0.4534410905413171,0.4535474130345192,-0.00010632249320208231
Logistic Regression,returns,1.0,3,3301452418411155569,0.6927710843373494,0.6942771084337349,-0.001506024096385561,0.6536102508046395,0.6556264043237992,-0.0020161535191596247,0.4148471615720524,0.4170305676855895,-0.0021834061135370675,0.5757575757575758,0.5787878787878787,-0.003030303030302939,0.48223350253807107,0.4847715736040609,-0.0025380710659898553,0.7425669520859902,0.741820003643651,0.0007469484423392458,0.46684040472936406,0.466292788262033,0.0005476164673310358
Random Forest,returns,1.0,3,3301452418411155569,0.7033132530120482,0.7100903614457831,-0.006777108433734913,0.6200582984150118,0.6215248679176535,-0.0014665695026416792,0.41208791208791207,0.42120343839541546,-0.009115526307503397,0.45454545454545453,0.44545454545454544,0.009090909090909094,0.4322766570605187,0.4329896907216495,-0.0007130336611307908,0.7141100382583349,0.7061699155887533,0.00794012266958155,0.4534410905413171,0.4495680386020938,0.003873051939223271
Logistic Regression,returns,1.0,4,4794112605699769249,0.6927710843373494,0.6950301204819277,-0.0022590361445783413,0.6536102508046395,0.6540991073055201,-0.0004888565008805967,0.4148471615720524,0.41721854304635764,-0.002371381474305212,0.5757575757575758,0.5727272727272728,0.00303030303030305,0.48223350253807107,0.4827586206896552,-0.0005251181515841252,0.7425669520859902,0.7422086597437298,0.000358292342260369,0.46684040472936406,0.4659858831697146,0.0008545215596494349
Random Forest,returns,1.0,4,4794112605699769249,0.7033132530120482,0.7161144578313253,-0.012801204819277157,0.6200582984150118,0.6265470334608612,-0.006488735045849348,0.41208791208791207,0.4314868804664723,-0.019398968378560255,0.45454545454545453,0.4484848484848485,0.006060606060606044,0.4322766570605187,0.4398216939078752,-0.007545036847356468,0.7141100382583349,0.7084077245399891,0.005702313718345731,0.4534410905413171,0.45678389238398776,-0.003342801842670662
Logistic Regression,returns,1.0,5,4949035903725760593,0.6927710843373494,0.6935240963855421,-0.0007530120481927804,0.6536102508046395,0.6581678508532216,-0.004557600048582078,0.4148471615720524,0.4172043010752688,-0.0023571395032163656,0.5757575757575758,0.5878787878787879,-0.012121212121212088,0.48223350253807107,0.4880503144654088,-0.0058168119273377394,0.7425669520859902,0.7424606789336248,0.00010627315236544366,0.46684040472936406,0.4669288680783805,-8.846334901646546e-05
Random Forest,returns,1.0,5,4949035903725760593,0.7033132530120482,0.7070783132530121,-0.0037650602409639022,0.6200582984150118,0.6174925608793345,0.002565737535677348,0.41208791208791207,0.4154727793696275,-0.0033848672817154424,0.45454545454545453,0.4393939393939394,0.015151515151515138,0.4322766570605187,0.4270986745213549,0.005177982539163795,0.7141100382583349,0.7093004190198579,0.004809619238477003,0.4534410905413171,0.4509490911237326,0.0024919994175844895
Logistic Regression,returns,1.0,6,1248474872355778666,0.6927710843373494,0.6965361445783133,-0.0037650602409639022,0.6536102508046395,0.6581435598469667,-0.004533309042327183,0.4148471615720524,0.4201312910284464,-0.005284129456393949,0.5757575757575758,0.5818181818181818,-0.006060606060605989,0.48223350253807107,0.48792884371029227,-0.005695341172221202,0.7425669520859902,0.7429070261735592,-0.0003400740875689756,0.46684040472936406,0.4660029933503187,0.0008374113790453608
Random Forest,returns,1.0,6,1248474872355778666,0.7033132530120482,0.7093373493975904,-0.006024096385542244,0.6200582984150118,0.620009716402502,4.858201250979022e-05,0.41208791208791207,0.41954022988505746,-0.007452317797145391,0.45454545454545453,0.44242424242424244,0.012121212121212088,0.4322766570605187,0.4306784660766962,0.0015981909838225228,0.7141100382583349,0.707293374628044,0.006816663630290876,0.4534410905413171,0.45935912891684927,-0.005918038375532175
Logistic Regression,returns,1.0,7,18383965773824585361,0.6927710843373494,0.6942771084337349,-0.001506024096385561,0.6536102508046395,0.6586688528572295,-0.005058602052590011,0.4148471615720524,0.41810344827586204,-0.003256286703809619,0.5757575757575758,0.5878787878787879,-0.012121212121212088,0.48223350253807107,0.48866498740554154,-0.006431484867470472,0.7425669520859902,0.7424728244367524,9.412764923777406e-05,0.46684040472936406,0.46593836209492456,0.0009020426344394927
Random Forest,returns,1.0,7,18383965773824585361,0.7033132530120482,0.7153614457831325,-0.012048192771084376,0.6200582984150118,0.6311167790125706,-0.011058480597558762,0.41208791208791207,0.4322033898305085,-0.02011547774259642,0.45454545454545453,0.4636363636363636,-0.009090909090909094,0.4322766570605187,0.4473684210526316,-0.015091763992112872,0.7141100382583349,0.7113347907937085,0.002775247464626318,0.4534410905413171,0.46199295849442085,-0.008551867953103753
Logistic Regression,returns,1.0,8,3718210749815046994,0.6927710843373494,0.6957831325301205,-0.003012048192771122,0.6536102508046395,0.6586567073541021,-0.0050464565494625635,0.4148471615720524,0.41956521739130437,-0.004718055819251943,0.5757575757575758,0.5848484848484848,-0.009090909090909038,0.48223350253807107,0.48860759493670886,-0.006374092398637787,0.7425669520859902,0.7429313171798143,-0.00036436509382409277,0.46684040472936406,0.4671847830063177,-0.00034437827695366074
Random Forest,returns,1.0,8,3718210749815046994,0.7033132530120482,0.7123493975903614,-0.009036144578313254,0.6200582984150118,0.624042023440821,-0.003983725025809237,0.41208791208791207,0.42528735632183906,-0.013199444233926994,0.45454545454545453,0.4484848484848485,0.006060606060606044,0.4322766570605187,0.4365781710914454,-0.004301514030926712,0.7141100382583349,0.7136788728973098,0.0004311653610250543,0.4534410905413171,0.4597746836573896,-0.006333593116072511
Logistic Regression,returns,1.0,9,715165965248786947,0.6927710843373494,0.6927710843373494,0.0,0.6536102508046395,0.6546244003157831,-0.0010141495111435361,0.4148471615720524,0.4152173913043478,-0.0003702297322953907,0.5757575757575758,0.5787878787878787,-0.003030303030302939,0.48223350253807107,0.4835443037974684,-0.0013108012593973095,0.7425669520859902,0.7422147324952937,0.0003522195906965342,0.46684040472936406,0.4654698198824553,0.0013705848469087734
Random Forest,returns,1.0,9,715165965248786947,0.7033132530120482,0.7108433734939759,-0.0075301204819276935,0.6200582984150118,0.623040019432805,-0.0029817210177931486,0.41208791208791207,0.4228571428571429,-0.010769230769230809,0.45454545454545453,0.4484848484848485,0.006060606060606044,0.4322766570605187,0.43529411764705883,-0.0030174605865401216,0.7141100382583349,0.7072144288577155,0.006895609400619396,0.4534410905413171,0.4563605224444929,-0.0029194319031757843
Logistic Regression,returns,1.0,10,8226080191754374606,0.6927710843373494,0.6957831325301205,-0.003012048192771122,0.6536102508046395,0.6576425578429586,-0.004032307038319027,0.4148471615720524,0.4192139737991266,-0.0043668122270741905,0.5757575757575758,0.5818181818181818,-0.006060606060605989,0.48223350253807107,0.4873096446700508,-0.005076142131979711,0.7425669520859902,0.7430163357017063,-0.0004493836157161146,0.46684040472936406,0.4669678991837079,-0.0001274944543438461
Random Forest,returns,1.0,10,8226080191754374606,0.7033132530120482,0.7146084337349398,-0.011295180722891596,0.6200582984150118,0.6296016274974191,-0.009543329082407292,0.41208791208791207,0.43059490084985835,-0.018506988761946286,0.45454545454545453,0.46060606060606063,-0.0060606060606061,0.4322766570605187,0.445095168374817,-0.012818511314298286,0.7141100382583349,0.7135695633691626,0.0005404748891723044,0.4534410905413171,0.458626949478961,-0.005185858937643895
Logistic Regression,returns,1.0,11,11119750350747391161,0.6927710843373494,0.6942771084337349,-0.001506024096385561,0.6536102508046395,0.6586688528572295,-0.005058602052590011,0.4148471615720524,0.41810344827586204,-0.003256286703809619,0.5757575757575758,0.5878787878787879,-0.012121212121212088,0.48223350253807107,0.48866498740554154,-0.006431484867470472,0.7425669520859902,0.7425214064492622,4.554563672798384e-05,0.46684040472936406,0.4666047215405746,0.0002356831887894706
Random Forest,returns,1.0,11,11119750350747391161,0.7033132530120482,0.7115963855421686,-0.008283132530120474,0.6200582984150118,0.6255693204591,-0.005511022044088154,0.41208791208791207,0.42492917847025496,-0.012841266382342897,0.45454545454545453,0.45454545454545453,0.0,0.4322766570605187,0.43923865300146414,-0.006961995940945431,0.7141100382583349,0.7063672800145746,0.0077427582437602505,0.4534410905413171,0.45461088432222285,-0.001169793780905759
Logistic Regression,returns,1.0,12,2772978688761977073,0.6927710843373494,0.6912650602409639,0.0015060240963854499,0.6536102508046395,0.6515940972854801,0.0020161535191594027,0.4148471615720524,0.4126637554585153,0.002183406113537123,0.5757575757575758,0.5727272727272728,0.00303030303030305,0.48223350253807107,0.4796954314720812,0.0025380710659898553,0.7425669520859902,0.7413038197607336,0.001263132325256655,0.46684040472936406,0.46595290346585927,0.0008875012635047863
Random Forest,returns,1.0,12,2772978688761977073,0.7033132530120482,0.7078313253012049,-0.004518072289156683,0.6200582984150118,0.6200218619056295,3.643650938234266e-05,0.41208791208791207,0.41761363636363635,-0.005525724275724286,0.45454545454545453,0.44545454545454544,0.009090909090909094,0.4322766570605187,0.4310850439882698,0.0011916130722489093,0.7141100382583349,0.7143408028177567,-0.0002307645594218366,0.4534410905413171,0.4650927240403263,-0.011651633499009217
Logistic Regression,returns,1.0,13,1947243607438792256,0.6927710843373494,0.6950301204819277,-0.0022590361445783413,0.6536102508046395,0.6571415558389506,-0.003531305034311094,0.4148471615720524,0.41830065359477125,-0.0034534920227188293,0.5757575757575758,0.5818181818181818,-0.006060606060605989,0.48223350253807107,0.4866920152091255,-0.004458512671054404,0.7425669520859902,0.7421509686038744,0.0004159834821158004,0.46684040472936406,0.4660453603238256,0.0007950444055384587
Random Forest,returns,1.0,13,1947243607438792256,0.7033132530120482,0.7146084337349398,-0.011295180722891596,0.6200582984150118,0.6296016274974191,-0.009543329082407292,0.41208791208791207,0.43059490084985835,-0.018506988761946286,0.45454545454545453,0.46060606060606063,-0.0060606060606061,0.4322766570605187,0.445095168374817,-0.012818511314298286,0.7141100382583349,0.7181848545576002,-0.004074816299265316,0.4534410905413171,0.46101424514813805,-0.007573154606820953
Logistic Regression,returns,1.0,14,9103941409411016372,0.6927710843373494,0.6957831325301205,-0.003012048192771122,0.6536102508046395,0.6556142588206717,-0.002004008016032177,0.4148471615720524,0.4185022026431718,-0.003655041071119358,0.5757575757575758,0.5757575757575758,0.0,0.48223350253807107,0.4846938775510204,-0.002460375012949323,0.7425669520859902,0.7426641161110098,-9.716402501958044e-05,0.46684040472936406,0.46709831255696516,-0.0002579078276011004
Random Forest,returns,1.0,14,9103941409411016372,0.7033132530120482,0.7070783132530121,-0.0037650602409639022,0.6200582984150118,0.6215491589239084,-0.0014908605088965743,0.41208791208791207,0.4173669467787115,-0.0052790346907994334,0.45454545454545453,0.45151515151515154,0.0030303030303029943,0.4322766570605187,0.43377001455604075,-0.0014933574955220408,0.7141100382583349,0.7150604238780592,-0.000950385619724381,0.4534410905413171,0.4675076063445008,-0.014066515803183688
Logistic Regression,returns,1.0,15,6907758465138670531,0.6927710843373494,0.6927710843373494,0.0,0.6536102508046395,0.6556385498269266,-0.0020282990222870723,0.4148471615720524,0.4155844155844156,-0.0007372540123631866,0.5757575757575758,0.5818181818181818,-0.006060606060605989,0.48223350253807107,0.48484848484848486,-0.0026149823104137937,0.7425669520859902,0.741795712637396,0.000771239448594252,0.46684040472936406,0.4658019215030885,0.0010384832262755328
Random Forest,returns,1.0,15,6907758465138670531,0.7033132530120482,0.7176204819277109,-0.014307228915662717,0.6200582984150118,0.6316056355134512,-0.011547337098439359,0.41208791208791207,0.4355300859598854,-0.023442173871973337,0.45454545454545453,0.46060606060606063,-0.0060606060606061,0.4322766570605187,0.4477172312223859,-0.015440574161867171,0.7141100382583349,0.7088358535252324,0.005274184733102483,0.4534410905413171,0.45295938450585316,0.00048170603546393576
Logistic Regression,returns,1.0,16,16478110387593002386,0.6927710843373494,0.6942771084337349,-0.001506024096385561,0.6536102508046395,0.6576547033460861,-0.004044452541446586,0.4148471615720524,0.41774891774891776,-0.0029017561768653333,0.5757575757575758,0.5848484848484848,-0.009090909090909038,0.48223350253807107,0.48737373737373735,-0.00514023483566628,0.7425669520859902,0.7416499665998664,0.0009169854861238447,0.46684040472936406,0.4659725147571046,0.0008678899722594502
Random Forest,returns,1.0,16,16478110387593002386,0.7033132530120482,0.7055722891566265,-0.0022590361445783413,0.6200582984150118,0.6175047063824619,0.0025535920325499006,0.41208791208791207,0.41359773371104813,-0.001509821623136065,0.45454545454545453,0.44242424242424244,0.012121212121212088,0.4322766570605187,0.42752562225475843,0.004751034805760279,0.7141100382583349,0.6996781441671222,0.014431894091212705,0.4534410905413171,0.44839315805666446,0.0050479324846526286
Logistic Regression,returns,1.0,17,13583026475202753489,0.6927710843373494,0.6935240963855421,-0.0007530120481927804,0.6536102508046395,0.655125402319791,-0.0015151515151514694,0.4148471615720524,0.41612200435729846,-0.0012748427852460331,0.5757575757575758,0.5787878787878787,-0.003030303030302939,0.48223350253807107,0.4841571609632446,-0.0019236584251735578,0.7425669520859902,0.7420082589421267,0.0005586931438634757,0.46684040472936406,0.46549926860598945,0.0013411361233746089
Random Forest,returns,1.0,17,13583026475202753489,0.7033132530120482,0.7108433734939759,-0.0075301204819276935,0.6200582984150118,0.6281107669885224,-0.008052468573510607,0.41208791208791207,0.425,-0.012912087912087922,0.45454545454545453,0.4636363636363636,-0.009090909090909094,0.4322766570605187,0.4434782608695652,-0.011201603809046501,0.7141100382583349,0.710870225299083,0.0032398129592519087,0.4534410905413171,0.46514739157303275,-0.01170630103171566
Logistic Regression,returns,1.0,18,6430847127472111650,0.6927710843373494,0.6950301204819277,-0.0022590361445783413,0.6536102508046395,0.6581557053500942,-0.00454545454545463,0.4148471615720524,0.41865509761388287,-0.0038079360418304398,0.5757575757575758,0.5848484848484848,-0.009090909090909038,0.48223350253807107,0.4879898862199747,-0.005756383681903621,0.7425669520859902,0.7430375903321795,-0.0004706382461893144,0.46684040472936406,0.46795660167756675,-0.0011161969482026968
Random Forest,returns,1.0,18,6430847127472111650,0.7033132530120482,0.7108433734939759,-0.0075301204819276935,0.6200582984150118,0.6220258699216614,-0.0019675715066496124,0.41208791208791207,0.4224137931034483,-0.01032588101553622,0.45454545454545453,0.44545454545454544,0.009090909090909094,0.4322766570605187,0.4336283185840708,-0.0013516615235520946,0.7141100382583349,0.707903686160199,0.006206352098135803,0.4534410905413171,0.4575702848386663,-0.0041291942973492035
Logistic Regression,returns,1.0,19,7718385337510573226,0.6927710843373494,0.6920180722891566,0.0007530120481927804,0.6536102508046395,0.654123398311775,-0.0005131475071354918,0.4148471615720524,0.41431670281995664,0.000530458752095786,0.5757575757575758,0.5787878787878787,-0.003030303030302939,0.48223350253807107,0.4829329962073325,-0.0006994936692614195,0.7425669520859902,0.7420841683366733,0.00048278374931687296,0.46684040472936406,0.4661818460811237,0.0006585586482403816
Random Forest,returns,1.0,19,7718385337510573226,0.7033132530120482,0.7085843373493976,-0.005271084337349463,0.6200582984150118,0.6235653124430679,-0.003507014028056088,0.41208791208791207,0.42016806722689076,-0.008080155138978695,0.45454545454545453,0.45454545454545453,0.0,0.4322766570605187,0.4366812227074236,-0.00440456564690489,0.7141100382583349,0.7137760369223296,0.00033400133600525184,0.4534410905413171,0.4558551872616735,-0.002414096720356418
Logistic Regression,returns,1.0,20,8495520839773237333,0.6927710843373494,0.6950301204819277,-0.0022590361445783413,0.6536102508046395,0.6551132568166637,-0.0015030060120241329,0.4148471615720524,0.4175824175824176,-0.0027352560103651724,0.5757575757575758,0.5757575757575758,0.0,0.48223350253807107,0.4840764331210191,-0.0018429305829480436,0.7425669520859902,0.7433351551588024,-0.0007682030728122236,0.46684040472936406,0.4671736806129221,-0.0003332758835580263
Random Forest,returns,1.0,20,8495520839773237333,0.7033132530120482,0.7115963855421686,-0.008283132530120474,0.6200582984150118,0.623541021436813,-0.003482723021801193,0.41208791208791207,0.42406876790830944,-0.011980855820397374,0.45454545454545453,0.4484848484848485,0.006060606060606044,0.4322766570605187,0.43593519882179677,-0.0036585417612780557,0.7141100382583349,0.705744822979292,0.008365215279042881,0.4534410905413171,0.4560438337044066,-0.002602743163089505
Logistic Regression,returns,1.0,21,14112452561179534877,0.6927710843373494,0.6957831325301205,-0.003012048192771122,0.6536102508046395,0.6596708568652456,-0.0060606060606061,0.4148471615720524,0.4199134199134199,-0.00506625834136748,0.5757575757575758,0.5878787878787879,-0.012121212121212088,0.48223350253807107,0.4898989898989899,-0.007665487360918821,0.7425669520859902,0.7424940790672254,7.287301876479635e-05,0.46684040472936406,0.4671934827625802,-0.0003530780332161587
Random Forest,returns,1.0,21,14112452561179534877,0.7033132530120482,0.7025602409638554,0.0007530120481927804,0.6200582984150118,0.6114441003218558,0.008614198093156,0.41208791208791207,0.4068767908309456,0.005211121256966489,0.45454545454545453,0.4303030303030303,0.024242424242424232,0.4322766570605187,0.4182621502209131,0.01401450683960559,0.7141100382583349,0.7110888443553776,0.0030211939029572976,0.4534410905413171,0.46110925994527396,-0.00766816940395687
Logistic Regression,returns,1.0,22,12357753269761973826,0.6927710843373494,0.6935240963855421,-0.0007530120481927804,0.6536102508046395,0.655125402319791,-0.0015151515151514694,0.4148471615720524,0.41612200435729846,-0.0012748427852460331,0.5757575757575758,0.5787878787878787,-0.003030303030302939,0.48223350253807107,0.4841571609632446,-0.0019236584251735578,0.7425669520859902,0.7427825347665027,-0.00021558268051247165,0.46684040472936406,0.4664130330055405,0.00042737172382356636
Random Forest,returns,1.0,22,12357753269761973826,0.7033132530120482,0.7115963855421686,-0.008283132530120474,0.6200582984150118,0.6204985729033825,-0.0004402744883706955,0.41208791208791207,0.4227405247813411,-0.010652612693429042,0.45454545454545453,0.4393939393939394,0.015151515151515138,0.4322766570605187,0.4309063893016345,0.0013702677588842138,0.7141100382583349,0.7084471974251534,0.005662840833181471,0.4534410905413171,0.45729346649709735,-0.0038523759557802517
Logistic Regression,returns,1.0,23,8135238781801069178,0.6927710843373494,0.6980421686746988,-0.005271084337349463,0.6536102508046395,0.6591455638549827,-0.00553531305034316,0.4148471615720524,0.421978021978022,-0.007130860405969552,0.5757575757575758,0.5818181818181818,-0.006060606060605989,0.48223350253807107,0.489171974522293,-0.006938471984221928,0.7425669520859902,0.7422511690046759,0.00031578308131430255,0.46684040472936406,0.46601683374686215,0.0008235709825019089
Random Forest,returns,1.0,23,8135238781801069178,0.7033132530120482,0.7115963855421686,-0.008283132530120474,0.6200582984150118,0.629625918503674,-0.009567620088662188,0.41208791208791207,0.4265927977839335,-0.01450488569602143,0.45454545454545453,0.4666666666666667,-0.012121212121212144,0.4322766570605187,0.44573082489146165,-0.013454167830942942,0.7141100382583349,0.7133023623003583,0.0008076759579765946,0.4534410905413171,0.4561726569014618,-0.0027315663601447104
Logistic Regression,returns,1.0,24,17318808355753056799,0.6927710843373494,0.6957831325301205,-0.003012048192771122,0.6536102508046395,0.6576425578429586,-0.004032307038319027,0.4148471615720524,0.4192139737991266,-0.0043668122270741905,0.5757575757575758,0.5818181818181818,-0.006060606060605989,0.48223350253807107,0.4873096446700508,-0.005076142131979711,0.7425669520859902,0.7419596769296167,0.0006072751563734879,0.46684040472936406,0.4678571169702129,-0.0010167122408488716
Random Forest,returns,1.0,24,17318808355753056799,0.7033132530120482,0.7085843373493976,-0.005271084337349463,0.6200582984150118,0.6174804153762069,0.0025778830388049068,0.41208791208791207,0.41739130434782606,-0.005303392259913997,0.45454545454545453,0.43636363636363634,0.018181818181818188,0.4322766570605187,0.4266666666666667,0.005609990393852016,0.7141100382583349,0.7136394000121454,0.0004706382461894254,0.4534410905413171,0.4569444905849331,-0.0035034000436159896
Logistic Regression,returns,1.0,25,7897862525743708606,0.6927710843373494,0.697289156626506,-0.004518072289156683,0.6536102508046395,0.6566162628286877,-0.0030060120240481547,0.4148471615720524,0.42035398230088494,-0.005506820728832518,0.5757575757575758,0.5757575757575758,0.0,0.48223350253807107,0.4859335038363171,-0.0037000012982460473,0.7425669520859902,0.742412096921115,0.00015485516487523387,0.46684040472936406,0.46749037710147606,-0.0006499723721120065
Random Forest,returns,1.0,25,7897862525743708606,0.7033132530120482,0.7115963855421686,-0.008283132530120474,0.6200582984150118,0.6286117689925306,-0.008553470577518762,0.41208791208791207,0.42618384401114207,-0.014095931923229998,0.45454545454545453,0.4636363636363636,-0.009090909090909094,0.4322766570605187,0.444121915820029,-0.011845258759510313,0.7141100382583349,0.7124734317119087,0.001636606546426167,0.4534410905413171,0.4555077790476423,-0.002066688506325187
Logistic Regression,returns,1.0,26,11346504218454670534,0.6927710843373494,0.6935240963855421,-0.0007530120481927804,0.6536102508046395,0.6541112528086477,-0.0005010020040081553,0.4148471615720524,0.41575492341356673,-0.0009077618415143096,0.5757575757575758,0.5757575757575758,0.0,0.48223350253807107,0.48284625158831,-0.0006127490502389477,0.7425669520859902,0.7420052225663448,0.0005617295196453931,0.46684040472936406,0.46601884065384475,0.0008215640755193099
Random Forest,returns,1.0,26,11346504218454670534,0.7033132530120482,0.7123493975903614,-0.009036144578313254,0.6200582984150118,0.6230278739296775,-0.002969575514665701,0.41208791208791207,0.42485549132947975,-0.012767579241567684,0.45454545454545453,0.44545454545454544,0.009090909090909094,0.4322766570605187,0.4349112426035503,-0.0026345855430315868,0.7141100382583349,0.70879941701585,0.005310621242484825,0.4534410905413171,0.4536640306838889,-0.0002229401425717925
Logistic Regression,returns,1.0,27,13236365997184249675,0.6927710843373494,0.6965361445783133,-0.0037650602409639022,0.6536102508046395,0.6581435598469667,-0.004533309042327183,0.4148471615720524,0.4201312910284464,-0.005284129456393949,0.5757575757575758,0.5818181818181818,-0.006060606060605989,0.48223350253807107,0.48792884371029227,-0.005695341172221202,0.7425669520859902,0.7430709904657801,-0.0005040383797898507,0.46684040472936406,0.4665696433010939,0.0002707614282701498
Random Forest,returns,1.0,27,13236365997184249675,0.7033132530120482,0.7108433734939759,-0.0075301204819276935,0.6200582984150118,0.6281107669885224,-0.008052468573510607,0.41208791208791207,0.425,-0.012912087912087922,0.45454545454545453,0.4636363636363636,-0.009090909090909094,0.4322766570605187,0.4434782608695652,-0.011201603809046501,0.7141100382583349,0.7061304427035888,0.007979595554746033,0.4534410905413171,0.45527049665999403,-0.001829406118676935
Logistic Regression,returns,1.0,28,14981959264550391517,0.6927710843373494,0.6920180722891566,0.0007530120481927804,0.6536102508046395,0.6531092488006316,0.0005010020040079333,0.4148471615720524,0.4139433551198257,0.0009038064522267075,0.5757575757575758,0.5757575757575758,0.0,0.48223350253807107,0.4816223067173637,0.0006111958207073442,0.7425669520859902,0.7421752596101294,0.00039169247586079425,0.46684040472936406,0.467004805362999,-0.0001644006336349313
Random Forest,returns,1.0,28,14981959264550391517,0.7033132530120482,0.7161144578313253,-0.012801204819277157,0.6200582984150118,0.6326319305277222,-0.012573632112710342,0.41208791208791207,0.43380281690140843,-0.02171490481349636,0.45454545454545453,0.4666666666666667,-0.012121212121212144,0.4322766570605187,0.44963503649635034,-0.017358379435831628,0.7141100382583349,0.7070352826865853,0.007074755571749525,0.4534410905413171,0.4542975589842405,-0.0008564684429234193
Logistic Regression,returns,1.0,29,7184655430660010389,0.6927710843373494,0.6942771084337349,-0.001506024096385561,0.6536102508046395,0.6566405538349426,-0.00303030303030305,0.4148471615720524,0.41739130434782606,-0.002544142775773639,0.5757575757575758,0.5818181818181818,-0.006060606060605989,0.48223350253807107,0.4860759493670886,-0.0038424468290175207,0.7425669520859902,0.7430679540899983,-0.0005010020040080443,0.46684040472936406,0.4665829370174602,0.0002574677119038804
Random Forest,returns,1.0,29,7184655430660010389,0.7033132530120482,0.704066265060241,-0.0007530120481927804,0.6200582984150118,0.6175168518855894,0.002541446529422453,0.41208791208791207,0.4117647058823529,0.0003232062055591456,0.45454545454545453,0.44545454545454544,0.009090909090909094,0.4322766570605187,0.4279475982532751,0.004329058807243602,0.7141100382583349,0.7055049492925245,0.008605088965810359,0.4534410905413171,0.4559808564080053,-0.002539765866688193
Logistic Regression,volatility,0.05,0,8636535764133232988,0.6927710843373494,0.6942771084337349,-0.001506024096385561,0.6536102508046395,0.6606971518795166,-0.007086901074877083,0.4148471615720524,0.4188034188034188,-0.003956257231366389,0.5757575757575758,0.593939393939394,-0.018181818181818188,0.48223350253807107,0.49122807017543857,-0.008994567637367501,0.7425669520859902,0.7431104633509442,-0.0005435112649539997,0.46684040472936406,0.46849317138851576,-0.0016527666591517054
Random Forest,volatility,0.05,0,8636535764133232988,0.7033132530120482,0.704066265060241,-0.0007530120481927804,0.6200582984150118,0.6195451509078764,0.0005131475071353808,0.41208791208791207,0.41274238227146814,-0.0006544701835560773,0.45454545454545453,0.45151515151515154,0.0030303030303029943,0.4322766570605187,0.4312590448625181,0.001017612198000617,0.7141100382583349,0.715427825347665,-0.001317787089330169,0.4534410905413171,0.4556440939750328,-0.002203003433715711
Logistic Regression,volatility,0.05,1,17200431841391222079,0.6927710843373494,0.6942771084337349,-0.001506024096385561,0.6536102508046395,0.6525839557903685,0.0010262950142709837,0.4148471615720524,0.415929203539823,-0.001082041967770564,0.5757575757575758,0.5696969696969697,0.0060606060606061,0.48223350253807107,0.48081841432225064,0.0014150882158204259,0.7425669520859902,0.7418108945163052,0.000756057569684998,0.46684040472936406,0.4649055774132734,0.0019348273160906815
Random Forest,volatility,0.05,1,17200431841391222079,0.7033132530120482,0.7070783132530121,-0.0037650602409639022,0.6200582984150118,0.6245916074573389,-0.004533309042327072,0.41208791208791207,0.418732782369146,-0.00664487028123395,0.45454545454545453,0.46060606060606063,-0.0060606060606061,0.4322766570605187,0.43867243867243866,-0.006395781611919948,0.7141100382583349,0.7141616566466266,-5.161838829170762e-05,0.4534410905413171,0.4516499853193094,0.001791105222007705
Logistic Regression,volatility,0.05,2,13161670196465824124,0.6927710843373494,0.6927710843373494,0.0,0.6536102508046395,0.6536102508046395,0.0,0.4148471615720524,0.4148471615720524,0.0,0.5757575757575758,0.5757575757575758,0.0,0.48223350253807107,0.48223350253807107,0.0,0.7425669520859902,0.7403109248800631,0.0022560272059271025,0.46684040472936406,0.46689911374435733,-5.870901499327452e-05
Random Forest,volatility,0.05,2,13161670196465824124,0.7033132530120482,0.7063253012048193,-0.003012048192771122,0.6200582984150118,0.6220623064310439,-0.002004008016032066,0.41208791208791207,0.4166666666666667,-0.004578754578754618,0.45454545454545453,0.45454545454545453,0.0,0.4322766570605187,0.43478260869565216,-0.002505951635133452,0.7141100382583349,0.7105362239630776,0.0035738142952572716,0.4534410905413171,0.45096493262209153,0.0024761579192255634
Logistic Regression,volatility,0.05,3,4544670654281731573,0.6927710843373494,0.697289156626506,-0.004518072289156683,0.6536102508046395,0.6606728608732617,-0.007062610068622188,0.4148471615720524,0.4217391304347826,-0.006891968862730191,0.5757575757575758,0.5878787878787879,-0.012121212121212088,0.48223350253807107,0.4911392405063291,-0.008905737968258054,0.7425669520859902,0.7429130989251229,-0.0003461468391326994,0.46684040472936406,0.4656800913104957,0.0011603134188683528
Random Forest,volatility,0.05,3,4544670654281731573,0.7033132530120482,0.7033132530120482,0.0,0.6200582984150118,0.6190441489038683,0.0010141495111435361,0.41208791208791207,0.4116022099447514,0.0004857021431606823,0.45454545454545453,0.45151515151515154,0.0030303030303029943,0.4322766570605187,0.430635838150289,0.0016408189102297133,0.7141100382583349,0.7145047671099776,-0.00039472885164271165,0.4534410905413171,0.45528274747982656,-0.0018416569385094617
Logistic Regression,volatility,0.05,4,13148343756051786777,0.6927710843373494,0.6957831325301205,-0.003012048192771122,0.6536102508046395,0.6586567073541021,-0.0050464565494625635,0.4148471615720524,0.41956521739130437,-0.004718055819251943,0.5757575757575758,0.5848484848484848,-0.009090909090909038,0.48223350253807107,0.48860759493670886,-0.006374092398637787,0.7425669520859902,0.7427764620149391,-0.0002095099289488589,0.46684040472936406,0.46715450532662495,-0.00031410059726089123
Random Forest,volatility,0.05,4,13148343756051786777,0.7033132530120482,0.7048192771084337,-0.001506024096385561,0.6200582984150118,0.6190320034007408,0.0010262950142709837,0.41208791208791207,0.4134078212290503,-0.0013199091411382202,0.45454545454545453,0.4484848484848485,0.006060606060606044,0.4322766570605187,0.43023255813953487,0.002044098920983839,0.7141100382583349,0.7104906783263497,0.0036193599319851444,0.4534410905413171,0.44889457852826814,0.004546512013048953
Logistic Regression,volatility,0.05,5,16770814143380186593,0.6927710843373494,0.7010542168674698,-0.008283132530120474,0.6536102508046395,0.6621637213821583,-0.008553470577518762,0.4148471615720524,0.4260485651214128,-0.01120140354936039,0.5757575757575758,0.5848484848484848,-0.009090909090909038,0.48223350253807107,0.4929757343550447,-0.010742231816973646,0.7425669520859902,0.7416196028420476,0.0009473492439425746,0.46684040472936406,0.4667643002736085,7.610445575556568e-05
Random Forest,volatility,0.05,5,16770814143380186593,0.7033132530120482,0.7003012048192772,0.0030120481927710108,0.6200582984150118,0.6160259913766928,0.004032307038319027,0.41208791208791207,0.4065934065934066,0.005494505494505475,0.45454545454545453,0.4484848484848485,0.006060606060606044,0.4322766570605187,0.4265129682997118,0.0057636887608069065,0.7141100382583349,0.7156676990344324,-0.0015576607760975358,0.4534410905413171,0.45652002601952935,-0.0030789354782122524
Logistic Regression,volatility,0.05,6,8351595050767165078,0.6927710843373494,0.6950301204819277,-0.0022590361445783413,0.6536102508046395,0.6591698548612377,-0.005559604056598166,0.4148471615720524,0.4190064794816415,-0.0041593179095890664,0.5757575757575758,0.5878787878787879,-0.012121212121212088,0.48223350253807107,0.489281210592686,-0.00704770805461491,0.7425669520859902,0.7404111252808648,0.0021558268051253826,0.46684040472936406,0.466348296225241,0.0004921085041230677
Random Forest,volatility,0.05,6,8351595050767165078,0.7033132530120482,0.7048192771084337,-0.001506024096385561,0.6200582984150118,0.6200461529118844,1.2145503127447554e-05,0.41208791208791207,0.41388888888888886,-0.0018009768009767946,0.45454545454545453,0.45151515151515154,0.0030303030303029943,0.4322766570605187,0.4318840579710145,0.00039259908950423084,0.7141100382583349,0.7114532094492014,0.002656828809133427,0.4534410905413171,0.4517256205941368,0.0017154699471803037
Logistic Regression,volatility,0.05,7,1226138679345117497,0.6927710843373494,0.6890060240963856,0.003765060240963791,0.6536102508046395,0.650091091273456,0.0035191595311835355,0.4148471615720524,0.40997830802603036,0.004868853546022067,0.5757575757575758,0.5727272727272728,0.00303030303030305,0.48223350253807107,0.4778761061946903,0.004357396343380782,0.7425669520859902,0.7404657800449385,0.0021011720410517576,0.46684040472936406,0.46401965068317974,0.002820754046184315
Random Forest,volatility,0.05,7,1226138679345117497,0.7033132530120482,0.6995481927710844,0.003765060240963791,0.6200582984150118,0.6124825408392542,0.007575757575757569,0.41208791208791207,0.403899721448468,0.008188190639444093,0.45454545454545453,0.4393939393939394,0.015151515151515138,0.4322766570605187,0.420899854862119,0.011376802198399705,0.7141100382583349,0.7096678204894638,0.004442217768871104,0.4534410905413171,0.4456743060623949,0.007766784478922206
Logistic Regression,volatility,0.05,8,9138867768341176625,0.6927710843373494,0.6950301204819277,-0.0022590361445783413,0.6536102508046395,0.6571415558389506,-0.003531305034311094,0.4148471615720524,0.41830065359477125,-0.0034534920227188293,0.5757575757575758,0.5818181818181818,-0.006060606060605989,0.48223350253807107,0.4866920152091255,-0.004458512671054404,0.7425669520859902,0.7416013845873565,0.0009655674986337459,0.46684040472936406,0.4663413908296751,0.0004990138996889826
Random Forest,volatility,0.05,8,9138867768341176625,0.7033132530120482,0.7010542168674698,0.0022590361445783413,0.6200582984150118,0.6165269933807007,0.003531305034311094,0.41208791208791207,0.40771349862258954,0.004374413465322524,0.45454545454545453,0.4484848484848485,0.006060606060606044,0.4322766570605187,0.42712842712842713,0.005148229932091575,0.7141100382583349,0.7144349304669946,-0.0003248922086597217,0.4534410905413171,0.4539229832957436,-0.00048189275442650503
Logistic Regression,volatility,0.05,9,893011130768036700,0.6927710843373494,0.6957831325301205,-0.003012048192771122,0.6536102508046395,0.6596708568652456,-0.0060606060606061,0.4148471615720524,0.4199134199134199,-0.00506625834136748,0.5757575757575758,0.5878787878787879,-0.012121212121212088,0.48223350253807107,0.4898989898989899,-0.007665487360918821,0.7425669520859902,0.7437663205198275,-0.0011993684338372779,0.46684040472936406,0.46747196412005665,-0.0006315593906925931
Random Forest,volatility,0.05,9,893011130768036700,0.7033132530120482,0.7033132530120482,0.0,0.6200582984150118,0.6190441489038683,0.0010141495111435361,0.41208791208791207,0.4116022099447514,0.0004857021431606823,0.45454545454545453,0.45151515151515154,0.0030303030303029943,0.4322766570605187,0.430635838150289,0.0016408189102297133,0.7141100382583349,0.7180998360357078,-0.003989797777372961,0.4534410905413171,0.4572763440415504,-0.003835253500233282
Logistic Regression,volatility,0.05,10,227179661021663937,0.6927710843373494,0.6927710843373494,0.0,0.6536102508046395,0.6546244003157831,-0.0010141495111435361,0.4148471615720524,0.4152173913043478,-0.0003702297322953907,0.5757575757575758,0.5787878787878787,-0.003030303030302939,0.48223350253807107,0.4835443037974684,-0.0013108012593973095,0.7425669520859902,0.7411186008380396,0.0014483512479506189,0.46684040472936406,0.4651358816201726,0.001704523109191447
Random Forest,volatility,0.05,10,227179661021663937,0.7033132530120482,0.7048192771084337,-0.001506024096385561,0.6200582984150118,0.6180178538895973,0.00204044452541452,0.41208791208791207,0.41292134831460675,-0.0008334362266946838,0.45454545454545453,0.44545454545454544,0.009090909090909094,0.4322766570605187,0.42857142857142855,0.003705228489090162,0.7141100382583349,0.7141798749013177,-6.983664298287895e-05,0.4534410905413171,0.4522101390387353,0.0012309515025817896
Logistic Regression,volatility,0.05,11,14088422212942769700,0.6927710843373494,0.697289156626506,-0.004518072289156683,0.6536102508046395,0.6596587113621182,-0.006048460557478652,0.4148471615720524,0.42139737991266374,-0.0065502183406113135,0.5757575757575758,0.5848484848484848,-0.009090909090909038,0.48223350253807107,0.48984771573604063,-0.007614213197969566,0.7425669520859902,0.7439333211878302,-0.0013663691018399593,0.46684040472936406,0.46758604584324714,-0.0007456411138830887
Random Forest,volatility,0.05,11,14088422212942769700,0.7033132530120482,0.7078313253012049,-0.004518072289156683,0.6200582984150118,0.621036011416773,-0.0009777130017611935,0.41208791208791207,0.4180790960451977,-0.005991183957285651,0.45454545454545453,0.4484848484848485,0.006060606060606044,0.4322766570605187,0.4327485380116959,-0.00047188095117717266,0.7141100382583349,0.715385316086719,-0.0012752778283841026,0.4534410905413171,0.45507832210164045,-0.00163723156032336
Logistic Regression,volatility,0.05,12,16160767163450440504,0.6927710843373494,0.6912650602409639,0.0015060240963854499,0.6536102508046395,0.6546365458189105,-0.0010262950142709837,0.4148471615720524,0.41379310344827586,0.001054058123776569,0.5757575757575758,0.5818181818181818,-0.006060606060605989,0.48223350253807107,0.4836272040302267,-0.001393701492155619,0.7425669520859902,0.7424242424242424,0.00014270966174778632,0.46684040472936406,0.46705313775110596,-0.00021273302174190656
Random Forest,volatility,0.05,12,16160767163450440504,0.7033132530120482,0.7025602409638554,0.0007530120481927804,0.6200582984150118,0.6165148478775733,0.0035434505374385417,0.41208791208791207,0.40947075208913647,0.002617159998775598,0.45454545454545453,0.44545454545454544,0.009090909090909094,0.4322766570605187,0.42670537010159654,0.0055712869589221725,0.7141100382583349,0.7108671889233011,0.003242849335033715,0.4534410905413171,0.453977410439658,-0.000536319898340909
Logistic Regression,volatility,0.05,13,1970289220647358768,0.6927710843373494,0.6912650602409639,0.0015060240963854499,0.6536102508046395,0.653622396307767,-1.2145503127447554e-05,0.4148471615720524,0.4134199134199134,0.0014272481521390157,0.5757575757575758,0.5787878787878787,-0.003030303030302939,0.48223350253807107,0.4823232323232323,-8.972978516125218e-05,0.7425669520859902,0.7407208356106152,0.0018461164753750259,0.46684040472936406,0.46440464191149133,0.002435762817872722
Random Forest,volatility,0.05,13,1970289220647358768,0.7033132530120482,0.7063253012048193,-0.003012048192771122,0.6200582984150118,0.61800570838647,0.0020525900285418563,0.41208791208791207,0.4147727272727273,-0.0026848151848152257,0.45454545454545453,0.44242424242424244,0.012121212121212088,0.4322766570605187,0.4281524926686217,0.004124164391897001,0.7141100382583349,0.7109066618084654,0.003203376449869455,0.4534410905413171,0.45318639993695364,0.00025469060436345003
Logistic Regression,volatility,0.05,14,5822268882507160685,0.6927710843373494,0.7003012048192772,-0.0075301204819278045,0.6536102508046395,0.6626768688892937,-0.009066618084654143,0.4148471615720524,0.42543859649122806,-0.010591434919175635,0.5757575757575758,0.5878787878787879,-0.012121212121212088,0.48223350253807107,0.49363867684478374,-0.011405174306712673,0.7425669520859902,0.7408179996356349,0.0017489524503553344,0.46684040472936406,0.4646768430268827,0.0021635617024813314
Random Forest,volatility,0.05,14,5822268882507160685,0.7033132530120482,0.7003012048192772,0.0030120481927710108,0.6200582984150118,0.6129835428432623,0.007074755571749525,0.41208791208791207,0.40502793296089384,0.007059979127018223,0.45454545454545453,0.4393939393939394,0.015151515151515138,0.4322766570605187,0.42151162790697677,0.010765029153541938,0.7141100382583349,0.712033157223538,0.0020768810347968625,0.4534410905413171,0.45480258065493884,-0.0013614901136217439
Logistic Regression,volatility,0.05,15,6341098396154117476,0.6927710843373494,0.6905120481927711,0.0022590361445782303,0.6536102508046395,0.6521072447926155,0.0015030060120240218,0.4148471615720524,0.4121475054229935,0.0026996561490589266,0.5757575757575758,0.5757575757575758,0.0,0.48223350253807107,0.4804045512010114,0.001828951337059681,0.7425669520859902,0.7424485334304973,0.00011841865549289121,0.46684040472936406,0.4652848728458127,0.001555531883551342
Random Forest,volatility,0.05,15,6341098396154117476,0.7033132530120482,0.7085843373493976,-0.005271084337349463,0.6200582984150118,0.6235653124430679,-0.003507014028056088,0.41208791208791207,0.42016806722689076,-0.008080155138978695,0.45454545454545453,0.45454545454545453,0.0,0.4322766570605187,0.4366812227074236,-0.00440456564690489,0.7141100382583349,0.7157770085625796,-0.0016669703042447859,0.4534410905413171,0.45364422673228166,-0.00020313619096457014
Logistic Regression,volatility,0.05,16,823221221750945816,0.6927710843373494,0.6882530120481928,0.004518072289156572,0.6536102508046395,0.6485759397583044,0.005034311046335116,0.4148471615720524,0.40869565217391307,0.006151509398139354,0.5757575757575758,0.5696969696969697,0.0060606060606061,0.48223350253807107,0.4759493670886076,0.0062841354494634905,0.7425669520859902,0.7413645472763709,0.0012024048096193063,0.46684040472936406,0.46557328353420485,0.0012671211951592043
Random Forest,volatility,0.05,16,823221221750945816,0.7033132530120482,0.7010542168674698,0.0022590361445783413,0.6200582984150118,0.6165269933807007,0.003531305034311094,0.41208791208791207,0.40771349862258954,0.004374413465322524,0.45454545454545453,0.4484848484848485,0.006060606060606044,0.4322766570605187,0.42712842712842713,0.005148229932091575,0.7141100382583349,0.7083591425274792,0.005750895730855632,0.4534410905413171,0.45155527331250483,0.0018858172288122588
Logistic Regression,volatility,0.05,17,17401070549647968927,0.6927710843373494,0.6957831325301205,-0.003012048192771122,0.6536102508046395,0.6556142588206717,-0.002004008016032177,0.4148471615720524,0.4185022026431718,-0.003655041071119358,0.5757575757575758,0.5757575757575758,0.0,0.48223350253807107,0.4846938775510204,-0.002460375012949323,0.7425669520859902,0.7435051922025869,-0.0009382401165967114,0.46684040472936406,0.46769148639458125,-0.0008510816652171904
Random Forest,volatility,0.05,17,17401070549647968927,0.7033132530120482,0.7033132530120482,0.0,0.6200582984150118,0.6139734013481508,0.006084897066860995,0.41208791208791207,0.4090909090909091,0.002997002997002951,0.45454545454545453,0.43636363636363634,0.018181818181818188,0.4322766570605187,0.4222873900293255,0.009989267031193183,0.7141100382583349,0.7159895548673104,-0.0018795166089755622,0.4534410905413171,0.45390039890884765,-0.00045930836753055315
Logistic Regression,volatility,0.05,18,16784916463117452140,0.6927710843373494,0.6980421686746988,-0.005271084337349463,0.6536102508046395,0.6652304609218437,-0.011620210117204155,0.4148471615720524,0.42398286937901497,-0.009135707806962545,0.5757575757575758,0.6,-0.024242424242424176,0.48223350253807107,0.4968632371392723,-0.014629734601201205,0.7425669520859902,0.7428584441610493,-0.0002914920750590744,0.46684040472936406,0.4684776919422329,-0.001637287212868821
Random Forest,volatility,0.05,18,16784916463117452140,0.7033132530120482,0.7078313253012049,-0.004518072289156683,0.6200582984150118,0.6179935628833424,0.002064735531669415,0.41208791208791207,0.4166666666666667,-0.004578754578754618,0.45454545454545453,0.4393939393939394,0.015151515151515138,0.4322766570605187,0.4277286135693215,0.004548043491197196,0.7141100382583349,0.7124187769478352,0.001691261310499681,0.4534410905413171,0.451637384636215,0.0018037059051020932
Logistic Regression,volatility,0.05,19,10793138741373386846,0.6927710843373494,0.6942771084337349,-0.001506024096385561,0.6536102508046395,0.6546122548126556,-0.0010020040080160886,0.4148471615720524,0.4166666666666667,-0.00181950509461426,0.5757575757575758,0.5757575757575758,0.0,0.48223350253807107,0.48346055979643765,-0.0012270572583665817,0.7425669520859902,0.7407147628590515,0.0018521892269387497,0.46684040472936406,0.4653520874804501,0.0014883172489139618
Random Forest,volatility,0.05,19,10793138741373386846,0.7033132530120482,0.704066265060241,-0.0007530120481927804,0.6200582984150118,0.6205593004190199,-0.0005010020040080443,0.41208791208791207,0.4132231404958678,-0.001135228407955713,0.45454545454545453,0.45454545454545453,0.0,0.4322766570605187,0.4329004329004329,-0.0006237758399141868,0.7141100382583349,0.7115716281046942,0.0025384101536406467,0.4534410905413171,0.4505509287197259,0.002890161821591186
Logistic Regression,volatility,0.05,20,18232553049138916513,0.6927710843373494,0.6950301204819277,-0.0022590361445783413,0.6536102508046395,0.6571415558389506,-0.003531305034311094,0.4148471615720524,0.41830065359477125,-0.0034534920227188293,0.5757575757575758,0.5818181818181818,-0.006060606060605989,0.48223350253807107,0.4866920152091255,-0.004458512671054404,0.7425669520859902,0.7400194328050039,0.002547519280986288,0.46684040472936406,0.4647813371010155,0.0020590676283485654
Random Forest,volatility,0.05,20,18232553049138916513,0.7033132530120482,0.7055722891566265,-0.0022590361445783413,0.6200582984150118,0.6195330054047489,0.0005252930102629394,0.41208791208791207,0.41456582633053224,-0.0024779142426201717,0.45454545454545453,0.4484848484848485,0.006060606060606044,0.4322766570605187,0.43085880640465796,0.0014178506558607529,0.7141100382583349,0.7161231554017126,-0.0020131171433777073,0.4534410905413171,0.4524149330721567,0.0010261574691604047
Logistic Regression,volatility,0.05,21,14268193633130414406,0.6927710843373494,0.6995481927710844,-0.006777108433735024,0.6536102508046395,0.6611617173741422,-0.007551466569502674,0.4148471615720524,0.42417582417582417,-0.009328662603771742,0.5757575757575758,0.5848484848484848,-0.009090909090909038,0.48223350253807107,0.49171974522292994,-0.00948624268485887,0.7425669520859902,0.7414617113013906,0.0011052407845996148,0.46684040472936406,0.4659101772042368,0.0009302275251272807
Random Forest,volatility,0.05,21,14268193633130414406,0.7033132530120482,0.7010542168674698,0.0022590361445783413,0.6200582984150118,0.6165269933807007,0.003531305034311094,0.41208791208791207,0.40771349862258954,0.004374413465322524,0.45454545454545453,0.4484848484848485,0.006060606060606044,0.4322766570605187,0.42712842712842713,0.005148229932091575,0.7141100382583349,0.7116414647476771,0.0024685735106577678,0.4534410905413171,0.45177348948574303,0.001667601055574064
Logistic Regression,volatility,0.05,22,7385938494934342488,0.6927710843373494,0.6912650602409639,0.0015060240963854499,0.6536102508046395,0.655650695330054,-0.00204044452541452,0.4148471615720524,0.41416309012875535,0.000684071443297074,0.5757575757575758,0.5848484848484848,-0.009090909090909038,0.48223350253807107,0.4849246231155779,-0.0026911205775068114,0.7425669520859902,0.7437784660229549,-0.0012115139369647254,0.46684040472936406,0.4692932348918662,-0.00245283016250214
Random Forest,volatility,0.05,22,7385938494934342488,0.7033132530120482,0.697289156626506,0.0060240963855421326,0.6200582984150118,0.6099653853160867,0.010092913098925127,0.41208791208791207,0.4,0.012087912087912045,0.45454545454545453,0.43636363636363634,0.018181818181818188,0.4322766570605187,0.41739130434782606,0.014885352712692645,0.7141100382583349,0.7135513451144714,0.0005586931438634757,0.4534410905413171,0.4531615921753999,0.0002794983659171746
Logistic Regression,volatility,0.05,23,7462739793144358955,0.6927710843373494,0.6957831325301205,-0.003012048192771122,0.6536102508046395,0.6576425578429586,-0.004032307038319027,0.4148471615720524,0.4192139737991266,-0.0043668122270741905,0.5757575757575758,0.5818181818181818,-0.006060606060605989,0.48223350253807107,0.4873096446700508,-0.005076142131979711,0.7425669520859902,0.7424515698062794,0.00011538227971086279,0.46684040472936406,0.4660880299448634,0.0007523747845006312
Random Forest,volatility,0.05,23,7462739793144358955,0.7033132530120482,0.7063253012048193,-0.003012048192771122,0.6200582984150118,0.6220623064310439,-0.002004008016032066,0.41208791208791207,0.4166666666666667,-0.004578754578754618,0.45454545454545453,0.45454545454545453,0.0,0.4322766570605187,0.43478260869565216,-0.002505951635133452,0.7141100382583349,0.7125007590939454,0.0016092791643894655,0.4534410905413171,0.4502556609892763,0.0031854295520408193
Logistic Regression,volatility,0.05,24,7821681775742476203,0.6927710843373494,0.6980421686746988,-0.005271084337349463,0.6536102508046395,0.6601597133661261,-0.006549462561486585,0.4148471615720524,0.4223194748358862,-0.007472313263833796,0.5757575757575758,0.5848484848484848,-0.009090909090909038,0.48223350253807107,0.49047013977128334,-0.008236637233212274,0.7425669520859902,0.7410487641950568,0.0015181878909333868,0.46684040472936406,0.46581811462871603,0.0010222901006480267
Random Forest,volatility,0.05,24,7821681775742476203,0.7033132530120482,0.7070783132530121,-0.0037650602409639022,0.6200582984150118,0.6235774579461955,-0.0035191595311836465,0.41208791208791207,0.4182825484764543,-0.0061946363885422295,0.45454545454545453,0.4575757575757576,-0.00303030303030305,0.4322766570605187,0.4370477568740955,-0.004771099813576818,0.7141100382583349,0.7138701645715674,0.00023987368676747778,0.4534410905413171,0.4523469372675048,0.0010941532738122928
Logistic Regression,volatility,0.05,25,7625361576922633290,0.6927710843373494,0.6950301204819277,-0.0022590361445783413,0.6536102508046395,0.6561274063278071,-0.002517155523167558,0.4148471615720524,0.4179431072210066,-0.003095945648954157,0.5757575757575758,0.5787878787878787,-0.003030303030302939,0.48223350253807107,0.48538754764930114,-0.003154045111230075,0.7425669520859902,0.7408301451387624,0.0017368069472277758,0.46684040472936406,0.4644177945940205,0.0024226101353435614
Random Forest,volatility,0.05,25,7625361576922633290,0.7033132530120482,0.7033132530120482,0.0,0.6200582984150118,0.6160017003704379,0.0040565980445739225,0.41208791208791207,0.4101123595505618,0.001975552537350267,0.45454545454545453,0.44242424242424244,0.012121212121212088,0.4322766570605187,0.42565597667638483,0.006620680384133881,0.7141100382583349,0.7140462743669156,6.37638914192662e-05,0.4534410905413171,0.4501530948780318,0.0032879956632853036
Logistic Regression,volatility,0.05,26,7328844701034403194,0.6927710843373494,0.6980421686746988,-0.005271084337349463,0.6536102508046395,0.6571172648326957,-0.003507014028056199,0.4148471615720524,0.4212860310421286,-0.006438869470076158,0.5757575757575758,0.5757575757575758,0.0,0.48223350253807107,0.48655569782330343,-0.004322195285232366,0.7425669520859902,0.7420629137062003,0.0005040383797899617,0.46684040472936406,0.4662065356575282,0.0006338690718358797
Random Forest,volatility,0.05,26,7328844701034403194,0.7033132530120482,0.7055722891566265,-0.0022590361445783413,0.6200582984150118,0.6225754539381794,-0.002517155523167558,0.41208791208791207,0.41597796143250687,-0.0038900493445948037,0.45454545454545453,0.4575757575757576,-0.00303030303030305,0.4322766570605187,0.4357864357864358,-0.0035097787259170676,0.7141100382583349,0.7106090969818424,0.0035009412764924752,0.4534410905413171,0.4553374836432128,-0.0018963931018957103
Logistic Regression,volatility,0.05,27,10282972046039103586,0.6927710843373494,0.6905120481927711,0.0022590361445782303,0.6536102508046395,0.653121394303759,0.0004888565008804857,0.4148471615720524,0.41252699784017277,0.002320163731879654,0.5757575757575758,0.5787878787878787,-0.003030303030302939,0.48223350253807107,0.4817150063051702,0.0005184962329008447,0.7425669520859902,0.7419566405538349,0.0006103115321552943,0.46684040472936406,0.4668984627773157,-5.805804795167013e-05
Random Forest,volatility,0.05,27,10282972046039103586,0.7033132530120482,0.7070783132530121,-0.0037650602409639022,0.6200582984150118,0.6215491589239084,-0.0014908605088965743,0.41208791208791207,0.4173669467787115,-0.0052790346907994334,0.45454545454545453,0.45151515151515154,0.0030303030303029943,0.4322766570605187,0.43377001455604075,-0.0014933574955220408,0.7141100382583349,0.7119572478289914,0.002152790429343465,0.4534410905413171,0.45242483853297233,0.0010162520083447646
Logistic Regression,volatility,0.05,28,1227347092095758599,0.6927710843373494,0.6965361445783133,-0.0037650602409639022,0.6536102508046395,0.6591577093581101,-0.005547458553470608,0.4148471615720524,0.420479302832244,-0.00563214126019157,0.5757575757575758,0.5848484848484848,-0.009090909090909038,0.48223350253807107,0.4892268694550063,-0.006993366916935251,0.7425669520859902,0.7416317483451753,0.000935203740814905,0.46684040472936406,0.4660043119742024,0.0008360927551616659
Random Forest,volatility,0.05,28,1227347092095758599,0.7033132530120482,0.7033132530120482,0.0,0.6200582984150118,0.6200582984150118,0.0,0.41208791208791207,0.41208791208791207,0.0,0.45454545454545453,0.45454545454545453,0.0,0.4322766570605187,0.4322766570605187,0.0,0.7141100382583349,0.7138215825590575,0.000288455699277379,0.4534410905413171,0.45114942352127124,0.002291667020045851
Logistic Regression,volatility,0.05,29,2801082576057710816,0.6927710843373494,0.6987951807228916,-0.006024096385542244,0.6536102508046395,0.6586324163478472,-0.005022165543207668,0.4148471615720524,0.4225663716814159,-0.007719210109363495,0.5757575757575758,0.5787878787878787,-0.003030303030302939,0.48223350253807107,0.4884910485933504,-0.006257546055279339,0.7425669520859902,0.7428098621485395,-0.00024291006254928416,0.46684040472936406,0.467167097587489,-0.00032669285812492177
Random Forest,volatility,0.05,29,2801082576057710816,0.7033132530120482,0.7108433734939759,-0.0075301204819276935,0.6200582984150118,0.6281107669885224,-0.008052468573510607,0.41208791208791207,0.425,-0.012912087912087922,0.45454545454545453,0.4636363636363636,-0.009090909090909094,0.4322766570605187,0.4434782608695652,-0.011201603809046501,0.7141100382583349,0.7167972308252868,-0.0026871925669519348,0.4534410905413171,0.45513386264844624,-0.001692772107129148
Logistic Regression,volatility,0.1,0,18229977980518248634,0.6927710843373494,0.6935240963855421,-0.0007530120481927804,0.6536102508046395,0.661210299386652,-0.007600048582012464,0.4148471615720524,0.4182590233545648,-0.0034118617825123487,0.5757575757575758,0.5969696969696969,-0.021212121212121127,0.48223350253807107,0.4918851435705368,-0.009651641032465741,0.7425669520859902,0.7431468998603267,-0.0005799477743364534,0.46684040472936406,0.4691331896556861,-0.0022927849263220668
Random Forest,volatility,0.1,0,18229977980518248634,0.7033132530120482,0.7115963855421686,-0.008283132530120474,0.6200582984150118,0.6346966660593916,-0.014638367644379757,0.41208791208791207,0.42857142857142855,-0.01648351648351648,0.45454545454545453,0.4818181818181818,-0.027272727272727282,0.4322766570605187,0.4536376604850214,-0.0213610034245027,0.7141100382583349,0.7145563854982693,-0.00044634723993441927,0.4534410905413171,0.4563530305152305,-0.0029119399739134244
Logistic Regression,volatility,0.1,1,17089074255402003012,0.6927710843373494,0.6897590361445783,0.0030120481927710108,0.6536102508046395,0.6516062427886076,0.002004008016031955,0.4148471615720524,0.41125541125541126,0.0035917503166411624,0.5757575757575758,0.5757575757575758,0.0,0.48223350253807107,0.4797979797979798,0.0024355227400912893,0.7425669520859902,0.7401985789761341,0.002368373109856159,0.46684040472936406,0.46338046730126237,0.0034599374281016892
Random Forest,volatility,0.1,1,17089074255402003012,0.7033132530120482,0.7048192771084337,-0.001506024096385561,0.6200582984150118,0.6230886014453149,-0.00303030303030305,0.41208791208791207,0.41530054644808745,-0.0032126343601753815,0.45454545454545453,0.46060606060606063,-0.0060606060606061,0.4322766570605187,0.4367816091954023,-0.004504952134883611,0.7141100382583349,0.7147051679115808,-0.0005951296532459294,0.4534410905413171,0.45261440941055914,0.0008266811307579558
Logistic Regression,volatility,0.1,2,7965229850455612055,0.6927710843373494,0.6957831325301205,-0.003012048192771122,0.6536102508046395,0.6596708568652456,-0.0060606060606061,0.4148471615720524,0.4199134199134199,-0.00506625834136748,0.5757575757575758,0.5878787878787879,-0.012121212121212088,0.48223350253807107,0.4898989898989899,-0.007665487360918821,0.7425669520859902,0.7367280014574604,0.005838950628529793,0.46684040472936406,0.46521488710752534,0.0016255176218387124
Random Forest,volatility,0.1,2,7965229850455612055,0.7033132530120482,0.7115963855421686,-0.008283132530120474,0.6200582984150118,0.6286117689925306,-0.008553470577518762,0.41208791208791207,0.42618384401114207,-0.014095931923229998,0.45454545454545453,0.4636363636363636,-0.009090909090909094,0.4322766570605187,0.444121915820029,-0.011845258759510313,0.7141100382583349,0.7123975223173621,0.0017125159409727697,0.4534410905413171,0.45376732394378577,-0.0003262334024686786
Logistic Regression,volatility,0.1,3,328510904120552704,0.6927710843373494,0.6935240963855421,-0.0007530120481927804,0.6536102508046395,0.6571537013420781,-0.0035434505374385417,0.4148471615720524,0.4168466522678186,-0.0019994906957661596,0.5757575757575758,0.5848484848484848,-0.009090909090909038,0.48223350253807107,0.48675914249684743,-0.004525639958776362,0.7425669520859902,0.7426307159774094,-6.376389141915517e-05,0.46684040472936406,0.4663680817411394,0.00047232298822463825
Random Forest,volatility,0.1,3,328510904120552704,0.7033132530120482,0.7003012048192772,0.0030120481927710108,0.6200582984150118,0.6180542903989797,0.002004008016032066,0.41208791208791207,0.4076086956521739,0.004479216435738176,0.45454545454545453,0.45454545454545453,0.0,0.4322766570605187,0.4297994269340974,0.002477230126421315,0.7141100382583349,0.714425821339649,-0.00031578308131419153,0.4534410905413171,0.4574457978239563,-0.004004707282639186
Logistic Regression,volatility,0.1,4,1233394068523329433,0.6927710843373494,0.6980421686746988,-0.005271084337349463,0.6536102508046395,0.6571172648326957,-0.003507014028056199,0.4148471615720524,0.4212860310421286,-0.006438869470076158,0.5757575757575758,0.5757575757575758,0.0,0.48223350253807107,0.48655569782330343,-0.004322195285232366,0.7425669520859902,0.741634784720957,0.0009321673650332096,0.46684040472936406,0.46632453952415887,0.0005158652052051904
Random Forest,volatility,0.1,4,1233394068523329433,0.7033132530120482,0.704066265060241,-0.0007530120481927804,0.6200582984150118,0.6195451509078764,0.0005131475071353808,0.41208791208791207,0.41274238227146814,-0.0006544701835560773,0.45454545454545453,0.45151515151515154,0.0030303030303029943,0.4322766570605187,0.4312590448625181,0.001017612198000617,0.7141100382583349,0.7117568470273881,0.002353191230946794,0.4534410905413171,0.4548982040043438,-0.0014571134630266824
Logistic Regression,volatility,0.1,5,9394206368367620354,0.6927710843373494,0.6957831325301205,-0.003012048192771122,0.6536102508046395,0.6586567073541021,-0.0050464565494625635,0.4148471615720524,0.41956521739130437,-0.004718055819251943,0.5757575757575758,0.5848484848484848,-0.009090909090909038,0.48223350253807107,0.48860759493670886,-0.006374092398637787,0.7425669520859902,0.7390872654399709,0.0034796866460192755,0.46684040472936406,0.46560184674300453,0.001238557986359523
Random Forest,volatility,0.1,5,9394206368367620354,0.7033132530120482,0.7018072289156626,0.001506024096385561,0.6200582984150118,0.6190562944069958,0.0010020040080159776,0.41208791208791207,0.4098360655737705,0.0022518465141415644,0.45454545454545453,0.45454545454545453,0.0,0.4322766570605187,0.43103448275862066,0.001242174301898047,0.7141100382583349,0.7144592214732495,-0.0003491832149146168,0.4534410905413171,0.45658311302658905,-0.003142022485271956
Logistic Regression,volatility,0.1,6,2603231797530355799,0.6927710843373494,0.6957831325301205,-0.003012048192771122,0.6536102508046395,0.6606850063763892,-0.007074755571749636,0.4148471615720524,0.4202586206896552,-0.005411459117602768,0.5757575757575758,0.5909090909090909,-0.015151515151515138,0.48223350253807107,0.491183879093199,-0.008950376555127926,0.7425669520859902,0.7368312382340438,0.005735713851946378,0.46684040472936406,0.4644624448230967,0.0023779599062673795
Random Forest,volatility,0.1,6,2603231797530355799,0.7033132530120482,0.7108433734939759,-0.0075301204819276935,0.6200582984150118,0.6281107669885224,-0.008052468573510607,0.41208791208791207,0.425,-0.012912087912087922,0.45454545454545453,0.4636363636363636,-0.009090909090909094,0.4322766570605187,0.4434782608695652,-0.011201603809046501,0.7141100382583349,0.7131232161292281,0.0009868221291067236,0.4534410905413171,0.4537495063627991,-0.00030841582148199986
Logistic Regression,volatility,0.1,7,14697255930339083410,0.6927710843373494,0.6867469879518072,0.0060240963855421326,0.6536102508046395,0.648588085261432,0.005022165543207557,0.4148471615720524,0.4073275862068966,0.0075195753651558506,0.5757575757575758,0.5727272727272728,0.00303030303030305,0.48223350253807107,0.4760705289672544,0.006162973570816688,0.7425669520859902,0.7374233315115077,0.005143620574482477,0.46684040472936406,0.46040980522358405,0.00643059950578001
Random Forest,volatility,0.1,7,14697255930339083410,0.7033132530120482,0.6957831325301205,0.0075301204819276935,0.6200582984150118,0.6089633813080707,0.011094917106941105,0.41208791208791207,0.39779005524861877,0.0142978568392933,0.45454545454545453,0.43636363636363634,0.018181818181818188,0.4322766570605187,0.4161849710982659,0.0160916859622528,0.7141100382583349,0.7042539624703953,0.009856075787939567,0.4534410905413171,0.4398578845030535,0.013583206038263573
Logistic Regression,volatility,0.1,8,12610076748759094242,0.6927710843373494,0.6980421686746988,-0.005271084337349463,0.6536102508046395,0.6611738628772696,-0.0075636120726301215,0.4148471615720524,0.4226579520697168,-0.007810790497664366,0.5757575757575758,0.5878787878787879,-0.012121212121212088,0.48223350253807107,0.4917617237008872,-0.009528221162816153,0.7425669520859902,0.7398858322706018,0.002681119815388433,0.46684040472936406,0.46598643766737646,0.0008539670619875928
Random Forest,volatility,0.1,8,12610076748759094242,0.7033132530120482,0.7033132530120482,0.0,0.6200582984150118,0.6190441489038683,0.0010141495111435361,0.41208791208791207,0.4116022099447514,0.0004857021431606823,0.45454545454545453,0.45151515151515154,0.0030303030303029943,0.4322766570605187,0.430635838150289,0.0016408189102297133,0.7141100382583349,0.7116323556203314,0.002477682638003409,0.4534410905413171,0.45281509498326744,0.0006259955580496523
Logistic Regression,volatility,0.1,9,16637962921259349850,0.6927710843373494,0.697289156626506,-0.004518072289156683,0.6536102508046395,0.6637153094066921,-0.010105058602052575,0.4148471615720524,0.4227467811158798,-0.007899619543827396,0.5757575757575758,0.5969696969696969,-0.021212121212121127,0.48223350253807107,0.4949748743718593,-0.012741371833788206,0.7425669520859902,0.7440244124612863,-0.001457460375296038,0.46684040472936406,0.4677286368124256,-0.0008882320830615464
Random Forest,volatility,0.1,9,16637962921259349850,0.7033132530120482,0.7063253012048193,-0.003012048192771122,0.6200582984150118,0.6230764559421874,-0.0030181575271756023,0.41208791208791207,0.4171270718232044,-0.005039159735292342,0.45454545454545453,0.4575757575757576,-0.00303030303030305,0.4322766570605187,0.43641618497109824,-0.004139527910579532,0.7141100382583349,0.7193417137304913,-0.005231675472156416,0.4534410905413171,0.4576059446006676,-0.00416485405935052
Logistic Regression,volatility,0.1,10,8150634801393466840,0.6927710843373494,0.6905120481927711,0.0022590361445782303,0.6536102508046395,0.653121394303759,0.0004888565008804857,0.4148471615720524,0.41252699784017277,0.002320163731879654,0.5757575757575758,0.5787878787878787,-0.003030303030302939,0.48223350253807107,0.4817150063051702,0.0005184962329008447,0.7425669520859902,0.7385984089390903,0.003968543146899872,0.46684040472936406,0.46303619180936545,0.0038042129199986063
Random Forest,volatility,0.1,10,8150634801393466840,0.7033132530120482,0.7093373493975904,-0.006024096385542244,0.6200582984150118,0.6250804639582195,-0.005022165543207668,0.41208791208791207,0.42178770949720673,-0.009699797409294664,0.45454545454545453,0.4575757575757576,-0.00303030303030305,0.4322766570605187,0.438953488372093,-0.006676831311574316,0.7141100382583349,0.71408574725208,2.429100625489511e-05,0.4534410905413171,0.45325924665819955,0.0001818438831175384
Logistic Regression,volatility,0.1,11,9990562702805107664,0.6927710843373494,0.6980421686746988,-0.005271084337349463,0.6536102508046395,0.6632021618995567,-0.009591911094917194,0.4148471615720524,0.42332613390928725,-0.008478972337234825,0.5757575757575758,0.593939393939394,-0.018181818181818188,0.48223350253807107,0.4943253467843632,-0.012091844246292116,0.7425669520859902,0.744917106941155,-0.0023501548551647655,0.46684040472936406,0.468302416078074,-0.001462011348709935
Random Forest,volatility,0.1,11,9990562702805107664,0.7033132530120482,0.7078313253012049,-0.004518072289156683,0.6200582984150118,0.6261067589724905,-0.006048460557478652,0.41208791208791207,0.42032967032967034,-0.008241758241758268,0.45454545454545453,0.4636363636363636,-0.009090909090909094,0.4322766570605187,0.4409221902017291,-0.008645533141210415,0.7141100382583349,0.7209813566526994,-0.006871318394364501,0.4534410905413171,0.45887696487945073,-0.005435874338133639
Logistic Regression,volatility,0.1,12,9053339273567459187,0.6927710843373494,0.6965361445783133,-0.0037650602409639022,0.6536102508046395,0.6611860083803971,-0.007575757575757569,0.4148471615720524,0.42116630669546434,-0.006319145123411918,0.5757575757575758,0.5909090909090909,-0.015151515151515138,0.48223350253807107,0.4918032786885246,-0.009569776150453513,0.7425669520859902,0.7412552377482238,0.0013117143377664453,0.46684040472936406,0.46683085046551154,9.554263852518119e-06
Random Forest,volatility,0.1,12,9053339273567459187,0.7033132530120482,0.7003012048192772,0.0030120481927710108,0.6200582984150118,0.6139976923544058,0.006060606060605989,0.41208791208791207,0.40555555555555556,0.006532356532356509,0.45454545454545453,0.44242424242424244,0.012121212121212088,0.4322766570605187,0.42318840579710143,0.00908825126341728,0.7141100382583349,0.7107518066435902,0.003358231614744689,0.4534410905413171,0.4531195654085478,0.00032152513276928474
Logistic Regression,volatility,0.1,13,17164940272092061353,0.6927710843373494,0.6859939759036144,0.006777108433734913,0.6536102508046395,0.652143681301998,0.0014665695026415682,0.4148471615720524,0.4080338266384778,0.006813334933574611,0.5757575757575758,0.5848484848484848,-0.009090909090909038,0.48223350253807107,0.4806973848069738,0.0015361177310972418,0.7425669520859902,0.7375296046638732,0.005037347422117033,0.46684040472936406,0.46104009720433464,0.005800307525029413
Random Forest,volatility,0.1,13,17164940272092061353,0.7033132530120482,0.7070783132530121,-0.0037650602409639022,0.6200582984150118,0.6154642618570474,0.0045940365579644205,0.41208791208791207,0.4144927536231884,-0.002404841535276314,0.45454545454545453,0.43333333333333335,0.021212121212121182,0.4322766570605187,0.4237037037037037,0.008572953356815016,0.7141100382583349,0.7104451326896217,0.0036649055687131282,0.4534410905413171,0.45803097019594136,-0.004589879654624263
Logistic Regression,volatility,0.1,14,2126777331534692641,0.6927710843373494,0.6965361445783133,-0.0037650602409639022,0.6536102508046395,0.6622001578915406,-0.008589907086901105,0.4148471615720524,0.421505376344086,-0.006658214772033599,0.5757575757575758,0.593939393939394,-0.018181818181818188,0.48223350253807107,0.4930817610062893,-0.010848258468218241,0.7425669520859902,0.7381095524382097,0.004457399647780469,0.46684040472936406,0.46279701660578043,0.004043388123583624
Random Forest,volatility,0.1,14,2126777331534692641,0.7033132530120482,0.7003012048192772,0.0030120481927710108,0.6200582984150118,0.6119693933321187,0.008088905082893061,0.41208791208791207,0.4044943820224719,0.007593530065440168,0.45454545454545453,0.43636363636363634,0.018181818181818188,0.4322766570605187,0.4198250728862974,0.01245158417422132,0.7141100382583349,0.7088237080221048,0.005286330236230041,0.4534410905413171,0.4537158316340443,-0.00027474109272718206
Logistic Regression,volatility,0.1,15,4443469097140541871,0.6927710843373494,0.6957831325301205,-0.003012048192771122,0.6536102508046395,0.6566284083318151,-0.0030181575271756023,0.4148471615720524,0.41885964912280704,-0.004012487550754618,0.5757575757575758,0.5787878787878787,-0.003030303030302939,0.48223350253807107,0.4860050890585242,-0.0037715865204531185,0.7425669520859902,0.7415436934475012,0.0010232586384890663,0.46684040472936406,0.46429119806167984,0.0025492066676842118
Random Forest,volatility,0.1,15,4443469097140541871,0.7033132530120482,0.7123493975903614,-0.009036144578313254,0.6200582984150118,0.6280986214853951,-0.00804032307038327,0.41208791208791207,0.42696629213483145,-0.014878380046919382,0.45454545454545453,0.46060606060606063,-0.0060606060606061,0.4322766570605187,0.44314868804664725,-0.010872030986128545,0.7141100382583349,0.7142132750349183,-0.00010323677658341524,0.4534410905413171,0.4560791266442846,-0.0026380361029675337
Logistic Regression,volatility,0.1,16,2183584457097846215,0.6927710843373494,0.6882530120481928,0.004518072289156572,0.6536102508046395,0.649590089269448,0.00402016153519158,0.4148471615720524,0.4090909090909091,0.005756252481143309,0.5757575757575758,0.5727272727272728,0.00303030303030305,0.48223350253807107,0.4772727272727273,0.004960775265343775,0.7425669520859902,0.7391662112102994,0.0034007408756908664,0.46684040472936406,0.4639113037703366,0.002929100959027431
Random Forest,volatility,0.1,16,2183584457097846215,0.7033132530120482,0.6987951807228916,0.004518072289156572,0.6200582984150118,0.6119815388352462,0.008076759579765613,0.41208791208791207,0.4027777777777778,0.009310134310134277,0.45454545454545453,0.4393939393939394,0.015151515151515138,0.4322766570605187,0.42028985507246375,0.011986801988054963,0.7141100382583349,0.7058510961316573,0.008258942126677549,0.4534410905413171,0.4473016528173429,0.006139437723974184
Logistic Regression,volatility,0.1,17,3679431454309257929,0.6927710843373494,0.6957831325301205,-0.003012048192771122,0.6536102508046395,0.6576425578429586,-0.004032307038319027,0.4148471615720524,0.4192139737991266,-0.0043668122270741905,0.5757575757575758,0.5818181818181818,-0.006060606060605989,0.48223350253807107,0.4873096446700508,-0.005076142131979711,0.7425669520859902,0.7431833363697091,-0.0006163842837189071,0.46684040472936406,0.46688459244705943,-4.418771769537644e-05
Random Forest,volatility,0.1,17,3679431454309257929,0.7033132530120482,0.7123493975903614,-0.009036144578313254,0.6200582984150118,0.6250561729519646,-0.004997874536952773,0.41208791208791207,0.4257142857142857,-0.013626373626373645,0.45454545454545453,0.45151515151515154,0.0030303030303029943,0.4322766570605187,0.43823529411764706,-0.0059586370571283465,0.7141100382583349,0.7193326046031456,-0.005222566344810775,0.4534410905413171,0.4561990736321911,-0.0027579830908739944
Logistic Regression,volatility,0.1,18,6039949643266630413,0.6927710843373494,0.6995481927710844,-0.006777108433735024,0.6536102508046395,0.6642041659075728,-0.010593915102933282,0.4148471615720524,0.42516268980477223,-0.010315528232719806,0.5757575757575758,0.593939393939394,-0.018181818181818188,0.48223350253807107,0.49557522123893805,-0.013341718700866978,0.7425669520859902,0.7425244428250442,4.250926094606644e-05,0.46684040472936406,0.46837131140335203,-0.001530906673987975
Random Forest,volatility,0.1,18,6039949643266630413,0.7033132530120482,0.7048192771084337,-0.001506024096385561,0.6200582984150118,0.6170037043784539,0.003054594036557945,0.41208791208791207,0.4124293785310734,-0.00034146644316135344,0.45454545454545453,0.44242424242424244,0.012121212121212088,0.4322766570605187,0.4269005847953216,0.005376072265197096,0.7141100382583349,0.7134906175988341,0.0006194206595007135,0.4534410905413171,0.45267143924647035,0.0007696512948467404
Logistic Regression,volatility,0.1,19,4770605621646703124,0.6927710843373494,0.6897590361445783,0.0030120481927710108,0.6536102508046395,0.6475496447440334,0.0060606060606061,0.4148471615720524,0.40969162995594716,0.005155531616105269,0.5757575757575758,0.5636363636363636,0.0121212121212122,0.48223350253807107,0.4744897959183674,0.007743706619703694,0.7425669520859902,0.7379182607639523,0.0046486913220379344,0.46684040472936406,0.46161628809234656,0.005224116637017495
Random Forest,volatility,0.1,19,4770605621646703124,0.7033132530120482,0.7070783132530121,-0.0037650602409639022,0.6200582984150118,0.6225633084350519,-0.0025050100200401104,0.41208791208791207,0.4178272980501393,-0.005739385962227228,0.45454545454545453,0.45454545454545453,0.0,0.4322766570605187,0.43541364296081275,-0.0031369859002940426,0.7141100382583349,0.7139551830934596,0.00015485516487523387,0.4534410905413171,0.4491613999312747,0.004279690610042408
Logistic Regression,volatility,0.1,20,15636737720035060694,0.6927710843373494,0.6942771084337349,-0.001506024096385561,0.6536102508046395,0.6535981053015121,1.2145503127447554e-05,0.4148471615720524,0.41629955947136565,-0.0014523978993132292,0.5757575757575758,0.5727272727272728,0.00303030303030305,0.48223350253807107,0.48214285714285715,9.064539521391746e-05,0.7425669520859902,0.7367583652152792,0.005808586870711063,0.46684040472936406,0.46129600034582,0.005544404383544033
Random Forest,volatility,0.1,20,15636737720035060694,0.7033132530120482,0.7010542168674698,0.0022590361445783413,0.6200582984150118,0.6124703953361268,0.007587903078885017,0.41208791208791207,0.4056338028169014,0.006454109271010644,0.45454545454545453,0.43636363636363634,0.018181818181818188,0.4322766570605187,0.42043795620437957,0.01183870085613914,0.7141100382583349,0.7118752656828808,0.0022347725754540138,0.4534410905413171,0.4460494077735003,0.007391682767816821
Logistic Regression,volatility,0.1,21,584022381160556056,0.6927710843373494,0.6965361445783133,-0.0037650602409639022,0.6536102508046395,0.6601718588692537,-0.006561608064614144,0.4148471615720524,0.420824295010846,-0.00597713343879358,0.5757575757575758,0.5878787878787879,-0.012121212121212088,0.48223350253807107,0.49051833122629585,-0.008284828688224777,0.7425669520859902,0.7384830266593795,0.004083925426610735,0.46684040472936406,0.4640748336304187,0.002765571098945374
Random Forest,volatility,0.1,21,584022381160556056,0.7033132530120482,0.7048192771084337,-0.001506024096385561,0.6200582984150118,0.6251169004676018,-0.005058602052590011,0.41208791208791207,0.41621621621621624,-0.004128304128304172,0.45454545454545453,0.4666666666666667,-0.012121212121212144,0.4322766570605187,0.44,-0.0077233429394812925,0.7141100382583349,0.709956276188741,0.004153762069593836,0.4534410905413171,0.4522514261692395,0.0011896643720775701
Logistic Regression,volatility,0.1,22,2953731870243464009,0.6927710843373494,0.6965361445783133,-0.0037650602409639022,0.6536102508046395,0.6632143074026842,-0.009604056598044641,0.4148471615720524,0.42184154175588867,-0.006994380183836246,0.5757575757575758,0.5969696969696969,-0.021212121212121127,0.48223350253807107,0.49435382685069007,-0.012120324312619002,0.7425669520859902,0.743392846298658,-0.000825894212667766,0.46684040472936406,0.47014646998701975,-0.0033060652576556993
Random Forest,volatility,0.1,22,2953731870243464009,0.7033132530120482,0.7025602409638554,0.0007530120481927804,0.6200582984150118,0.6195572964110038,0.0005010020040080443,0.41208791208791207,0.410958904109589,0.0011290079783230489,0.45454545454545453,0.45454545454545453,0.0,0.4322766570605187,0.4316546762589928,0.0006219808015259232,0.7141100382583349,0.711714337766442,0.0023957004918928604,0.4534410905413171,0.45218392552140685,0.0012571650199102447
Logistic Regression,volatility,0.1,23,17006962320033803225,0.6927710843373494,0.6927710843373494,0.0,0.6536102508046395,0.6576668488492136,-0.0040565980445740335,0.4148471615720524,0.41630901287553645,-0.0014618513034840297,0.5757575757575758,0.5878787878787879,-0.012121212121212088,0.48223350253807107,0.48743718592964824,-0.005203683391577174,0.7425669520859902,0.7411186008380397,0.0014483512479505078,0.46684040472936406,0.46415241157167497,0.0026879931576890836
Random Forest,volatility,0.1,23,17006962320033803225,0.7033132530120482,0.7123493975903614,-0.009036144578313254,0.6200582984150118,0.6311410700188256,-0.011082771603813768,0.41208791208791207,0.4281767955801105,-0.016088883492198447,0.45454545454545453,0.4696969696969697,-0.015151515151515194,0.4322766570605187,0.4479768786127168,-0.01570022155219808,0.7141100382583349,0.7138428371895307,0.00026720106880417926,0.4534410905413171,0.4504979086215358,0.002943181919781268
Logistic Regression,volatility,0.1,24,5384423844989458708,0.6927710843373494,0.6987951807228916,-0.006024096385542244,0.6536102508046395,0.6606607153701343,-0.007050464565494741,0.4148471615720524,0.4232456140350877,-0.008398452463035277,0.5757575757575758,0.5848484848484848,-0.009090909090909038,0.48223350253807107,0.4910941475826972,-0.008860645044626136,0.7425669520859902,0.7387320094734926,0.003834942612497616,0.46684040472936406,0.4649080119033112,0.0019323928260528422
Random Forest,volatility,0.1,24,5384423844989458708,0.7033132530120482,0.7025602409638554,0.0007530120481927804,0.6200582984150118,0.6205714459221473,-0.0005131475071354918,0.41208791208791207,0.4114441416893733,0.0006437703985387455,0.45454545454545453,0.4575757575757576,-0.00303030303030305,0.4322766570605187,0.4332855093256815,-0.0010088522651627851,0.7141100382583349,0.7100109309528148,0.0040991073055201,0.4534410905413171,0.45314982856142205,0.0002912619798950411
Logistic Regression,volatility,0.1,25,13740238488020503938,0.6927710843373494,0.6957831325301205,-0.003012048192771122,0.6536102508046395,0.6586567073541021,-0.0050464565494625635,0.4148471615720524,0.41956521739130437,-0.004718055819251943,0.5757575757575758,0.5848484848484848,-0.009090909090909038,0.48223350253807107,0.48860759493670886,-0.006374092398637787,0.7425669520859902,0.7378878970061336,0.004679055079856664,0.46684040472936406,0.46214375391785006,0.0046966508115139916
Random Forest,volatility,0.1,25,13740238488020503938,0.7033132530120482,0.7018072289156626,0.001506024096385561,0.6200582984150118,0.6149996963624218,0.005058602052590011,0.41208791208791207,0.40782122905027934,0.004266683037632724,0.45454545454545453,0.44242424242424244,0.012121212121212088,0.4322766570605187,0.42441860465116277,0.007858052409355942,0.7141100382583349,0.7169217222323435,-0.0028116839740086608,0.4534410905413171,0.4530169726897133,0.0004241178516037891
Logistic Regression,volatility,0.1,26,17424710541110184548,0.6927710843373494,0.7025602409638554,-0.009789156626506035,0.6536102508046395,0.6611374263678873,-0.007527175563247779,0.4148471615720524,0.4272930648769575,-0.012445903304905082,0.5757575757575758,0.5787878787878787,-0.003030303030302939,0.48223350253807107,0.49163449163449163,-0.009400989096420564,0.7425669520859902,0.7402046517276977,0.002362300358292546,0.46684040472936406,0.464927296534699,0.0019131081946650585
Random Forest,volatility,0.1,26,17424710541110184548,0.7033132530120482,0.7055722891566265,-0.0022590361445783413,0.6200582984150118,0.6195330054047489,0.0005252930102629394,0.41208791208791207,0.41456582633053224,-0.0024779142426201717,0.45454545454545453,0.4484848484848485,0.006060606060606044,0.4322766570605187,0.43085880640465796,0.0014178506558607529,0.7141100382583349,0.7078885042812898,0.006221533977045057,0.4534410905413171,0.4590419789266449,-0.005600888385327796
Logistic Regression,volatility,0.1,27,201601107448611921,0.6927710843373494,0.6957831325301205,-0.003012048192771122,0.6536102508046395,0.6616991558875327,-0.008088905082893172,0.4148471615720524,0.4206008583690987,-0.005753696797046293,0.5757575757575758,0.593939393939394,-0.018181818181818188,0.48223350253807107,0.49246231155778897,-0.0102288090197179,0.7425669520859902,0.7409060545333089,0.0016608975526812841,0.46684040472936406,0.4665952911114708,0.0002451136178932556
Random Forest,volatility,0.1,27,201601107448611921,0.7033132530120482,0.713855421686747,-0.010542168674698815,0.6200582984150118,0.6270723264711241,-0.007014028056112287,0.41208791208791207,0.42857142857142855,-0.01648351648351648,0.45454545454545453,0.45454545454545453,0.0,0.4322766570605187,0.4411764705882353,-0.008899813527716571,0.7141100382583349,0.7133600534402138,0.0007499848181210522,0.4534410905413171,0.4555597407286722,-0.002118650187355131
Logistic Regression,volatility,0.1,28,16909216220062487729,0.6927710843373494,0.6927710843373494,0.0,0.6536102508046395,0.6586809983603571,-0.00507074755571757,0.4148471615720524,0.4166666666666667,-0.00181950509461426,0.5757575757575758,0.5909090909090909,-0.015151515151515138,0.48223350253807107,0.48872180451127817,-0.0064883019732071,0.7425669520859902,0.7397917046213639,0.002775247464626318,0.46684040472936406,0.46368322073467305,0.003157183994691004
Random Forest,volatility,0.1,28,16909216220062487729,0.7033132530120482,0.6995481927710844,0.003765060240963791,0.6200582984150118,0.6155249893726847,0.004533309042327072,0.41208791208791207,0.4054794520547945,0.006608460033117547,0.45454545454545453,0.4484848484848485,0.006060606060606044,0.4322766570605187,0.42589928057553955,0.006377376484979158,0.7141100382583349,0.7122305216493593,0.0018795166089755622,0.4534410905413171,0.4503750534391425,0.003066037102174568
Logistic Regression,volatility,0.1,29,7016461515653358136,0.6927710843373494,0.7018072289156626,-0.009036144578313254,0.6536102508046395,0.6626647233861662,-0.009054472581526696,0.4148471615720524,0.4269911504424779,-0.012143988870425448,0.5757575757575758,0.5848484848484848,-0.009090909090909038,0.48223350253807107,0.4936061381074169,-0.011372635569345813,0.7425669520859902,0.7423574421570415,0.00020950992894874787,0.46684040472936406,0.4680466008030095,-0.0012061960736454713
Random Forest,volatility,0.1,29,7016461515653358136,0.7033132530120482,0.704066265060241,-0.0007530120481927804,0.6200582984150118,0.6165027023744458,0.003555596040565989,0.41208791208791207,0.4112676056338028,0.0008203064541092431,0.45454545454545453,0.44242424242424244,0.012121212121212088,0.4322766570605187,0.42627737226277373,0.005999284797744975,0.7141100382583349,0.7137335276613833,0.0003765105969515403,0.4534410905413171,0.45643097700430074,-0.0029898864629836486
Logistic Regression,volatility,0.2,0,9570579159534683276,0.6927710843373494,0.7025602409638554,-0.009789156626506035,0.6536102508046395,0.6722930709904658,-0.018682820185826232,0.4148471615720524,0.43070362473347545,-0.01585646316142303,0.5757575757575758,0.6121212121212121,-0.036363636363636265,0.48223350253807107,0.5056320400500626,-0.023398537511991502,0.7425669520859902,0.7399587052893666,0.0026082467966236367,0.46684040472936406,0.46820707357776464,-0.0013666688484005873
Random Forest,volatility,0.2,0,9570579159534683276,0.7033132530120482,0.7213855421686747,-0.01807228915662651,0.6200582984150118,0.6523653367340743,-0.03230703831906245,0.41208791208791207,0.4473684210526316,-0.035280508964719515,0.45454545454545453,0.5151515151515151,-0.06060606060606061,0.4322766570605187,0.4788732394366197,-0.04659658237610098,0.7141100382583349,0.7187162203194267,-0.004606182061091868,0.4534410905413171,0.4594111927437924,-0.0059701022024752914
Logistic Regression,volatility,0.2,1,16213266455357295806,0.6927710843373494,0.6950301204819277,-0.0022590361445783413,0.6536102508046395,0.6591698548612377,-0.005559604056598166,0.4148471615720524,0.4190064794816415,-0.0041593179095890664,0.5757575757575758,0.5878787878787879,-0.012121212121212088,0.48223350253807107,0.489281210592686,-0.00704770805461491,0.7425669520859902,0.7343869557296412,0.008179996356349029,0.46684040472936406,0.45825368632662783,0.008586718402736226
Random Forest,volatility,0.2,1,16213266455357295806,0.7033132530120482,0.7100903614457831,-0.006777108433734913,0.6200582984150118,0.6276097649845145,-0.007551466569502674,0.41208791208791207,0.42382271468144045,-0.011734802593528382,0.45454545454545453,0.4636363636363636,-0.009090909090909094,0.4322766570605187,0.44283646888567296,-0.010559811825154253,0.7141100382583349,0.7165755753932107,-0.0024655371348758504,0.4534410905413171,0.44830858453622874,0.005132506005088355
Logistic Regression,volatility,0.2,2,13051543679953173929,0.6927710843373494,0.6927710843373494,0.0,0.6536102508046395,0.6525961012934961,0.0010141495111434251,0.4148471615720524,0.4144736842105263,0.0003734773615260978,0.5757575757575758,0.5727272727272728,0.00303030303030305,0.48223350253807107,0.48091603053435117,0.0013174720037198995,0.7425669520859902,0.7267869071476286,0.015780044938361604,0.46684040472936406,0.4607073326864227,0.006133072042941334
Random Forest,volatility,0.2,2,13051543679953173929,0.7033132530120482,0.7191265060240963,-0.015813253012048167,0.6200582984150118,0.6376783870771847,-0.017620088662172906,0.41208791208791207,0.43977591036414565,-0.027687998276233583,0.45454545454545453,0.47575757575757577,-0.021212121212121238,0.4322766570605187,0.4570596797671033,-0.024783022706584612,0.7141100382583349,0.7108611161717374,0.003248922086597439,0.4534410905413171,0.4557891060303817,-0.0023480154890646032
Logistic Regression,volatility,0.2,3,6788494089692826881,0.6927710843373494,0.6912650602409639,0.0015060240963854499,0.6536102508046395,0.6515940972854801,0.0020161535191594027,0.4148471615720524,0.4126637554585153,0.002183406113537123,0.5757575757575758,0.5727272727272728,0.00303030303030305,0.48223350253807107,0.4796954314720812,0.0025380710659898553,0.7425669520859902,0.7394911034189591,0.0030758486670311447,0.46684040472936406,0.4629059172423168,0.003934487487047278
Random Forest,volatility,0.2,3,6788494089692826881,0.7033132530120482,0.6995481927710844,0.003765060240963791,0.6200582984150118,0.6185674379061152,0.0014908605088965743,0.41208791208791207,0.40700808625336926,0.005079825834542806,0.45454545454545453,0.4575757575757576,-0.00303030303030305,0.4322766570605187,0.43081312410841655,0.0014635329521021645,0.7141100382583349,0.7114926823343657,0.002617355923969167,0.4534410905413171,0.45335548248199997,8.560805931712157e-05
Logistic Regression,volatility,0.2,4,6205510139362122565,0.6927710843373494,0.6897590361445783,0.0030120481927710108,0.6536102508046395,0.652620392299751,0.00098985850488853,0.4148471615720524,0.41163793103448276,0.003209230537569663,0.5757575757575758,0.5787878787878787,-0.003030303030302939,0.48223350253807107,0.4811083123425693,0.0011251901955017796,0.7425669520859902,0.7364699095160018,0.006097042569988442,0.46684040472936406,0.4626527801031636,0.004187624626200481
Random Forest,volatility,0.2,4,6205510139362122565,0.7033132530120482,0.7146084337349398,-0.011295180722891596,0.6200582984150118,0.6296016274974191,-0.009543329082407292,0.41208791208791207,0.43059490084985835,-0.018506988761946286,0.45454545454545453,0.46060606060606063,-0.0060606060606061,0.4322766570605187,0.445095168374817,-0.012818511314298286,0.7141100382583349,0.7118904475617902,0.002219590696544649,0.4534410905413171,0.457227235651633,-0.003786145110315886
Logistic Regression,volatility,0.2,5,5315028819553619693,0.6927710843373494,0.6867469879518072,0.0060240963855421326,0.6536102508046395,0.658729580372867,-0.005119329568227471,0.4148471615720524,0.41115702479338845,0.003690136778663977,0.5757575757575758,0.603030303030303,-0.027272727272727226,0.48223350253807107,0.48894348894348894,-0.006709986405417867,0.7425669520859902,0.7314781077306127,0.011088844355377492,0.46684040472936406,0.46143305995385764,0.0054073447755064175
Random Forest,volatility,0.2,5,5315028819553619693,0.7033132530120482,0.7048192771084337,-0.001506024096385561,0.6200582984150118,0.6220744519341713,-0.0020161535191595137,0.41208791208791207,0.41483516483516486,-0.002747252747252793,0.45454545454545453,0.4575757575757576,-0.00303030303030305,0.4322766570605187,0.43515850144092216,-0.0028818443804034533,0.7141100382583349,0.7118813384344446,0.00222869982389029,0.4534410905413171,0.4622093890858661,-0.008768298544549025
Logistic Regression,volatility,0.2,6,17022241813744550067,0.6927710843373494,0.6875,0.005271084337349352,0.6536102508046395,0.6521315357988704,0.0014787150057691267,0.4148471615720524,0.4093816631130064,0.0054654984590460365,0.5757575757575758,0.5818181818181818,-0.006060606060605989,0.48223350253807107,0.4806007509386733,0.0016327515993977415,0.7425669520859902,0.7272059270055262,0.015361025080463997,0.46684040472936406,0.4594930955402735,0.007347309189090545
Random Forest,volatility,0.2,6,17022241813744550067,0.7033132530120482,0.7078313253012049,-0.004518072289156683,0.6200582984150118,0.6281350579947774,-0.008076759579765613,0.41208791208791207,0.421195652173913,-0.00910774008600096,0.45454545454545453,0.4696969696969697,-0.015151515151515194,0.4322766570605187,0.44412607449856734,-0.011849417438048626,0.7141100382583349,0.707177992348333,0.0069320459100018494,0.4534410905413171,0.4527797704333093,0.0006613201080077902
Logistic Regression,volatility,0.2,7,4582248481174791525,0.6927710843373494,0.6792168674698795,0.013554216867469826,0.6536102508046395,0.6395214671767777,0.014088783627861812,0.4148471615720524,0.3969957081545064,0.017851453417546015,0.5757575757575758,0.5606060606060606,0.015151515151515249,0.48223350253807107,0.4648241206030151,0.01740938193505598,0.7425669520859902,0.7289366612011903,0.013630290884799945,0.46684040472936406,0.451642468514051,0.015197936215313068
Random Forest,volatility,0.2,7,4582248481174791525,0.7033132530120482,0.6950301204819277,0.008283132530120474,0.6200582984150118,0.6074482297929191,0.012610068622092685,0.41208791208791207,0.3961218836565097,0.01596602843140238,0.45454545454545453,0.43333333333333335,0.021212121212121182,0.4322766570605187,0.41389290882778584,0.018383748232732866,0.7141100382583349,0.6991619602842047,0.014948077974130114,0.4534410905413171,0.43344818207129,0.019992908470027104
Logistic Regression,volatility,0.2,8,15449651395550755365,0.6927710843373494,0.6957831325301205,-0.003012048192771122,0.6536102508046395,0.6596708568652456,-0.0060606060606061,0.4148471615720524,0.4199134199134199,-0.00506625834136748,0.5757575757575758,0.5878787878787879,-0.012121212121212088,0.48223350253807107,0.4898989898989899,-0.007665487360918821,0.7425669520859902,0.7340559907694177,0.008510961316572474,0.46684040472936406,0.4643455742085383,0.002494830520825775
Random Forest,volatility,0.2,8,15449651395550755365,0.7033132530120482,0.7055722891566265,-0.0022590361445783413,0.6200582984150118,0.6215613044270358,-0.0015030060120240218,0.41208791208791207,0.4155124653739612,-0.0034245532860491257,0.45454545454545453,0.45454545454545453,0.0,0.4322766570605187,0.4341534008683068,-0.0018767438077880727,0.7141100382583349,0.7126343596283475,0.0014756786299873204,0.4534410905413171,0.45664690782080963,-0.00320581727949254
Logistic Regression,volatility,0.2,9,18258278097996821089,0.6927710843373494,0.6852409638554217,0.0075301204819276935,0.6536102508046395,0.6577275763648509,-0.004117325560211382,0.4148471615720524,0.4094650205761317,0.0053821409959207145,0.5757575757575758,0.603030303030303,-0.027272727272727226,0.48223350253807107,0.4877450980392157,-0.005511595501144606,0.7425669520859902,0.7422299143742029,0.00033703771178728026,0.46684040472936406,0.4653252939378965,0.0015151107914675443
Random Forest,volatility,0.2,9,18258278097996821089,0.7033132530120482,0.7168674698795181,-0.013554216867469937,0.6200582984150118,0.6361753810651606,-0.016117082650148773,0.41208791208791207,0.4361111111111111,-0.02402319902319905,0.45454545454545453,0.47575757575757577,-0.021212121212121238,0.4322766570605187,0.45507246376811594,-0.022795806707597233,0.7141100382583349,0.7199823890204652,-0.0058723507621303295,0.4534410905413171,0.46290117850824875,-0.009460087966931652
Logistic Regression,volatility,0.2,10,4582079383204403480,0.6927710843373494,0.6912650602409639,0.0015060240963854499,0.6536102508046395,0.6607214428857715,-0.007111192081131978,0.4148471615720524,0.41596638655462187,-0.0011192249825694445,0.5757575757575758,0.6,-0.024242424242424176,0.48223350253807107,0.4913151364764268,-0.009081633938355704,0.7425669520859902,0.7313445071962107,0.011222444889779526,0.46684040472936406,0.4555682025319946,0.011272202197369463
Random Forest,volatility,0.2,10,4582079383204403480,0.7033132530120482,0.713855421686747,-0.010542168674698815,0.6200582984150118,0.6301147750045546,-0.010056476589542784,0.41208791208791207,0.4297752808988764,-0.017687368810964332,0.45454545454545453,0.4636363636363636,-0.009090909090909094,0.4322766570605187,0.446064139941691,-0.013787482881172264,0.7141100382583349,0.7145320944920144,-0.00042205623367952416,0.4534410905413171,0.4571423177719728,-0.0037012272306556904
Logistic Regression,volatility,0.2,11,16196018443023277366,0.6927710843373494,0.6980421686746988,-0.005271084337349463,0.6536102508046395,0.6652304609218437,-0.011620210117204155,0.4148471615720524,0.42398286937901497,-0.009135707806962545,0.5757575757575758,0.6,-0.024242424242424176,0.48223350253807107,0.4968632371392723,-0.014629734601201205,0.7425669520859902,0.7434991194510232,-0.0009321673650329876,0.46684040472936406,0.46776900900709184,-0.0009286042777277848
Random Forest,volatility,0.2,11,16196018443023277366,0.7033132530120482,0.7078313253012049,-0.004518072289156683,0.6200582984150118,0.6321916560393515,-0.012133357624339647,0.41208791208791207,0.4228723404255319,-0.010784428337619834,0.45454545454545453,0.4818181818181818,-0.027272727272727282,0.4322766570605187,0.45042492917847027,-0.018148272117951558,0.7141100382583349,0.7252656828809134,-0.011155644622578564,0.4534410905413171,0.4714879519110369,-0.01804686136971978
Logistic Regression,volatility,0.2,12,9110140422597159578,0.6927710843373494,0.6957831325301205,-0.003012048192771122,0.6536102508046395,0.6566284083318151,-0.0030181575271756023,0.4148471615720524,0.41885964912280704,-0.004012487550754618,0.5757575757575758,0.5787878787878787,-0.003030303030302939,0.48223350253807107,0.4860050890585242,-0.0037715865204531185,0.7425669520859902,0.7354587963806402,0.007108155705350061,0.46684040472936406,0.46457408421505725,0.0022663205143068077
Random Forest,volatility,0.2,12,9110140422597159578,0.7033132530120482,0.7078313253012049,-0.004518072289156683,0.6200582984150118,0.62306431043906,-0.0030060120240481547,0.41208791208791207,0.41899441340782123,-0.006906501319909164,0.45454545454545453,0.45454545454545453,0.0,0.4322766570605187,0.436046511627907,-0.0037698545673882644,0.7141100382583349,0.7128286876783871,0.0012813505799477154,0.4534410905413171,0.4552024734093615,-0.0017613828680443921
Logistic Regression,volatility,0.2,13,5112161782626618561,0.6927710843373494,0.6859939759036144,0.006777108433734913,0.6536102508046395,0.6531578308131414,0.00045241999149814305,0.4148471615720524,0.40842105263157896,0.006426108940473463,0.5757575757575758,0.5878787878787879,-0.012121212121212088,0.48223350253807107,0.48198757763975153,0.00024592489831953834,0.7425669520859902,0.728141130746341,0.014425821339649203,0.46684040472936406,0.4563644031525973,0.010476001576766758
Random Forest,volatility,0.2,13,5112161782626618561,0.7033132530120482,0.7123493975903614,-0.009036144578313254,0.6200582984150118,0.6250561729519646,-0.004997874536952773,0.41208791208791207,0.4257142857142857,-0.013626373626373645,0.45454545454545453,0.45151515151515154,0.0030303030303029943,0.4322766570605187,0.43823529411764706,-0.0059586370571283465,0.7141100382583349,0.7167182850549584,-0.0026082467966235257,0.4534410905413171,0.46321152571217894,-0.009770435170861846
Logistic Regression,volatility,0.2,14,14099936224168938515,0.6927710843373494,0.6890060240963856,0.003765060240963791,0.6536102508046395,0.648062792251169,0.005547458553470497,0.4148471615720524,0.40919037199124725,0.005656789580805177,0.5757575757575758,0.5666666666666667,0.00909090909090915,0.48223350253807107,0.47522236340533675,0.007011139132734323,0.7425669520859902,0.7295773364911641,0.012989615594826143,0.46684040472936406,0.4546330555903133,0.01220734913905075
Random Forest,volatility,0.2,14,14099936224168938515,0.7033132530120482,0.7093373493975904,-0.006024096385542244,0.6200582984150118,0.622038015424789,-0.001979717009777171,0.41208791208791207,0.42045454545454547,-0.008366633366633403,0.45454545454545453,0.4484848484848485,0.006060606060606044,0.4322766570605187,0.4340175953079179,-0.001740938247399182,0.7141100382583349,0.7082559057508957,0.005854132507439158,0.4534410905413171,0.45265593288945694,0.0007851576518601577
Logistic Regression,volatility,0.2,15,17492205306172579806,0.6927710843373494,0.6942771084337349,-0.001506024096385561,0.6536102508046395,0.6566405538349426,-0.00303030303030305,0.4148471615720524,0.41739130434782606,-0.002544142775773639,0.5757575757575758,0.5818181818181818,-0.006060606060605989,0.48223350253807107,0.4860759493670886,-0.0038424468290175207,0.7425669520859902,0.7361935993198518,0.006373352766138374,0.46684040472936406,0.4589381289877267,0.007902275741637377
Random Forest,volatility,0.2,15,17492205306172579806,0.7033132530120482,0.7093373493975904,-0.006024096385542244,0.6200582984150118,0.632179510536224,-0.0121212121212122,0.41208791208791207,0.42473118279569894,-0.012643270707786869,0.45454545454545453,0.47878787878787876,-0.024242424242424232,0.4322766570605187,0.45014245014245013,-0.017865793081931425,0.7141100382583349,0.7125371956033278,0.0015728426550070118,0.4534410905413171,0.45775083284639406,-0.004309742305076969
Logistic Regression,volatility,0.2,16,17408370993098255043,0.6927710843373494,0.6837349397590361,0.009036144578313254,0.6536102508046395,0.6465840772453999,0.0070261735592396235,0.4148471615720524,0.40384615384615385,0.01100100772589857,0.5757575757575758,0.5727272727272728,0.00303030303030305,0.48223350253807107,0.47368421052631576,0.008549292011755305,0.7425669520859902,0.7317756725572357,0.010791279528754472,0.46684040472936406,0.459991207090282,0.006849197639082039
Random Forest,volatility,0.2,16,17408370993098255043,0.7033132530120482,0.6980421686746988,0.005271084337349352,0.6200582984150118,0.6124946863423817,0.0075636120726301215,0.41208791208791207,0.4022038567493113,0.009884055338600761,0.45454545454545453,0.44242424242424244,0.012121212121212088,0.4322766570605187,0.4213564213564214,0.010920235704097336,0.7141100382583349,0.6959768020890266,0.018133236169308287,0.4534410905413171,0.44747348860042524,0.0059676019408918535
Logistic Regression,volatility,0.2,17,2779956215047169887,0.6927710843373494,0.6935240963855421,-0.0007530120481927804,0.6536102508046395,0.6591820003643651,-0.005571749559725614,0.4148471615720524,0.41755888650963596,-0.0027117249375835373,0.5757575757575758,0.5909090909090909,-0.015151515151515138,0.48223350253807107,0.4893350062735257,-0.007101503735454651,0.7425669520859902,0.7395518309345963,0.003015121151393907,0.46684040472936406,0.464021497081496,0.002818907647868074
Random Forest,volatility,0.2,17,2779956215047169887,0.7033132530120482,0.7191265060240963,-0.015813253012048167,0.6200582984150118,0.6366642375660412,-0.01660593915102937,0.41208791208791207,0.4394366197183099,-0.027348707630397817,0.45454545454545453,0.4727272727272727,-0.018181818181818188,0.4322766570605187,0.4554744525547445,-0.023197795494225792,0.7141100382583349,0.7245369526932653,-0.01042691443493049,0.4534410905413171,0.4589146435823447,-0.00547355304102759
Logistic Regression,volatility,0.2,18,9857983863959304883,0.6927710843373494,0.7010542168674698,-0.008283132530120474,0.6536102508046395,0.6702769174713062,-0.01666666666666672,0.4148471615720524,0.42857142857142855,-0.013724266999376122,0.5757575757575758,0.6090909090909091,-0.033333333333333326,0.48223350253807107,0.5031289111389237,-0.020895408600852594,0.7425669520859902,0.7386409182000363,0.003926033885953917,0.46684040472936406,0.467006689539702,-0.00016628481033792442
Random Forest,volatility,0.2,18,9857983863959304883,0.7033132530120482,0.7168674698795181,-0.013554216867469937,0.6200582984150118,0.6351612315540172,-0.015102933139005348,0.41208791208791207,0.43575418994413406,-0.023666277856221996,0.45454545454545453,0.4727272727272727,-0.018181818181818188,0.4322766570605187,0.45348837209302323,-0.02121171503250452,0.7141100382583349,0.7158620270844719,-0.0017519888261370298,0.4534410905413171,0.46176469748250953,-0.00832360694119244
Logistic Regression,volatility,0.2,19,14843519618058183254,0.6927710843373494,0.6905120481927711,0.0022590361445782303,0.6536102508046395,0.653121394303759,0.0004888565008804857,0.4148471615720524,0.41252699784017277,0.002320163731879654,0.5757575757575758,0.5787878787878787,-0.003030303030302939,0.48223350253807107,0.4817150063051702,0.0005184962329008447,0.7425669520859902,0.7305975587538713,0.011969393332118883,0.46684040472936406,0.4554579777523267,0.011382426977037341
Random Forest,volatility,0.2,19,14843519618058183254,0.7033132530120482,0.713855421686747,-0.010542168674698815,0.6200582984150118,0.6341713730491285,-0.014113074634116707,0.41208791208791207,0.43131868131868134,-0.019230769230769273,0.45454545454545453,0.47575757575757577,-0.021212121212121238,0.4322766570605187,0.45244956772334294,-0.02017291066282423,0.7141100382583349,0.7119997570899375,0.0021102811683973988,0.4534410905413171,0.45300585390827924,0.0004352366330378499
Logistic Regression,volatility,0.2,20,14323036903616535225,0.6927710843373494,0.6905120481927711,0.0022590361445782303,0.6536102508046395,0.6480506467480416,0.005559604056597944,0.4148471615720524,0.4105960264900662,0.004251135081986213,0.5757575757575758,0.5636363636363636,0.0121212121212122,0.48223350253807107,0.47509578544061304,0.0071377170974580295,0.7425669520859902,0.7265470334608611,0.01601991862512908,0.46684040472936406,0.45277920165721736,0.0140612030721467
Random Forest,volatility,0.2,20,14323036903616535225,0.7033132530120482,0.713855421686747,-0.010542168674698815,0.6200582984150118,0.6270723264711241,-0.007014028056112287,0.41208791208791207,0.42857142857142855,-0.01648351648351648,0.45454545454545453,0.45454545454545453,0.0,0.4322766570605187,0.4411764705882353,-0.008899813527716571,0.7141100382583349,0.7048824922572418,0.009227546001093101,0.4534410905413171,0.4442039614232475,0.00923712911806962
Logistic Regression,volatility,0.2,21,16028067610937435293,0.6927710843373494,0.7018072289156626,-0.009036144578313254,0.6536102508046395,0.6707779194753143,-0.017167668670674763,0.4148471615720524,0.42948717948717946,-0.014640017915127035,0.5757575757575758,0.6090909090909091,-0.033333333333333326,0.48223350253807107,0.5037593984962406,-0.02152589595816956,0.7425669520859902,0.7304184125827412,0.012148539503249012,0.46684040472936406,0.457167105995694,0.009673298733670066
Random Forest,volatility,0.2,21,16028067610937435293,0.7033132530120482,0.7153614457831325,-0.012048192771084376,0.6200582984150118,0.6351733770571446,-0.015115078642132795,0.41208791208791207,0.43370165745856354,-0.02161374537065147,0.45454545454545453,0.47575757575757577,-0.021212121212121238,0.4322766570605187,0.45375722543352603,-0.021480568373007325,0.7141100382583349,0.7079917410578733,0.006118297200461531,0.4534410905413171,0.4532870020213028,0.00015408852001430606
Logistic Regression,volatility,0.2,22,15851081528130085060,0.6927710843373494,0.6935240963855421,-0.0007530120481927804,0.6536102508046395,0.6581678508532216,-0.004557600048582078,0.4148471615720524,0.4172043010752688,-0.0023571395032163656,0.5757575757575758,0.5878787878787879,-0.012121212121212088,0.48223350253807107,0.4880503144654088,-0.0058168119273377394,0.7425669520859902,0.7400983785753326,0.0024685735106576567,0.46684040472936406,0.46924408132384776,-0.0024036765944837057
Random Forest,volatility,0.2,22,15851081528130085060,0.7033132530120482,0.7018072289156626,0.001506024096385561,0.6200582984150118,0.6170279953847089,0.003030303030302939,0.41208791208791207,0.4088397790055249,0.0032481330823871946,0.45454545454545453,0.4484848484848485,0.006060606060606044,0.4322766570605187,0.4277456647398844,0.004530992320634308,0.7141100382583349,0.717091759276128,-0.0029817210177931486,0.4534410905413171,0.458878388181827,-0.0054372976405099305
Logistic Regression,volatility,0.2,23,4982891717722764251,0.6927710843373494,0.6995481927710844,-0.006777108433735024,0.6536102508046395,0.6652183154187161,-0.011608064614076596,0.4148471615720524,0.42548596112311016,-0.010638799551057732,0.5757575757575758,0.5969696969696969,-0.021212121212121127,0.48223350253807107,0.4968474148802018,-0.01461391234213072,0.7425669520859902,0.7348545576000486,0.007712394485941632,0.46684040472936406,0.4588427699034051,0.007997634825958944
Random Forest,volatility,0.2,23,4982891717722764251,0.7033132530120482,0.7131024096385542,-0.009789156626506035,0.6200582984150118,0.634684520556264,-0.014626222141252199,0.41208791208791207,0.4305177111716621,-0.01842979908375003,0.45454545454545453,0.47878787878787876,-0.024242424242424232,0.4322766570605187,0.4533715925394548,-0.021094935478936094,0.7141100382583349,0.7145867492560879,-0.00047671099775303816,0.4534410905413171,0.4527549593497332,0.0006861311915838941
Logistic Regression,volatility,0.2,24,345940398649853863,0.6927710843373494,0.6890060240963856,0.003765060240963791,0.6536102508046395,0.658204287362604,-0.0045940365579644205,0.4148471615720524,0.4129979035639413,0.0018492580081111432,0.5757575757575758,0.5969696969696969,-0.021212121212121127,0.48223350253807107,0.4882280049566295,-0.005994502418558423,0.7425669520859902,0.7309011963320581,0.011665755753932139,0.46684040472936406,0.46013335845706754,0.006707046272296513
Random Forest,volatility,0.2,24,345940398649853863,0.7033132530120482,0.6957831325301205,0.0075301204819276935,0.6200582984150118,0.6160624278860752,0.003995870528936574,0.41208791208791207,0.4015957446808511,0.010492167407060993,0.45454545454545453,0.4575757575757576,-0.00303030303030305,0.4322766570605187,0.42776203966005666,0.004514617400462051,0.7141100382583349,0.7069624096678205,0.007147628590514321,0.4534410905413171,0.4519363227275418,0.0015047678137752873
Logistic Regression,volatility,0.2,25,380930801831736551,0.6927710843373494,0.6935240963855421,-0.0007530120481927804,0.6536102508046395,0.6632385984089391,-0.009628347604299536,0.4148471615720524,0.4189473684210526,-0.004100206849000199,0.5757575757575758,0.603030303030303,-0.027272727272727226,0.48223350253807107,0.49440993788819876,-0.01217643535012769,0.7425669520859902,0.7297018278982207,0.012865124187769528,0.46684040472936406,0.454235680227832,0.01260472450153205
Random Forest,volatility,0.2,25,380930801831736551,0.7033132530120482,0.7093373493975904,-0.006024096385542244,0.6200582984150118,0.6240663144470759,-0.004008016032064132,0.41208791208791207,0.42134831460674155,-0.00926040251882948,0.45454545454545453,0.45454545454545453,0.0,0.4322766570605187,0.43731778425655976,-0.005041127196041051,0.7141100382583349,0.7129622882127892,0.0011477500455456813,0.4534410905413171,0.45106859332345395,0.0023724972178631454
Logistic Regression,volatility,0.2,26,7004572038704747758,0.6927710843373494,0.6957831325301205,-0.003012048192771122,0.6536102508046395,0.6525718102872411,0.0010384405173984312,0.4148471615720524,0.4174107142857143,-0.0025635527136618763,0.5757575757575758,0.5666666666666667,0.00909090909090915,0.48223350253807107,0.480719794344473,0.0015137081935980845,0.7425669520859902,0.7340529543936356,0.008513997692354613,0.46684040472936406,0.46175663044707,0.005083774282294062
Random Forest,volatility,0.2,26,7004572038704747758,0.7033132530120482,0.7063253012048193,-0.003012048192771122,0.6200582984150118,0.6210481569199005,-0.000989858504888641,0.41208791208791207,0.41620111731843573,-0.004113205230523664,0.45454545454545453,0.45151515151515154,0.0030303030303029943,0.4322766570605187,0.4331395348837209,-0.0008628778232022127,0.7141100382583349,0.708954272180725,0.0051557660776098135,0.4534410905413171,0.45683460674810855,-0.003393516206791458
Logistic Regression,volatility,0.2,27,1270342249717933177,0.6927710843373494,0.6987951807228916,-0.006024096385542244,0.6536102508046395,0.6697880609704256,-0.016177810165786122,0.4148471615720524,0.42616033755274263,-0.011313175980690204,0.5757575757575758,0.6121212121212121,-0.036363636363636265,0.48223350253807107,0.5024875621890548,-0.020254059650983702,0.7425669520859902,0.7360478532823223,0.0065190988036679665,0.46684040472936406,0.4631367945558492,0.0037036101735148375
Random Forest,volatility,0.2,27,1270342249717933177,0.7033132530120482,0.7078313253012049,-0.004518072289156683,0.6200582984150118,0.6240784599502034,-0.00402016153519158,0.41208791208791207,0.41944444444444445,-0.007356532356532386,0.45454545454545453,0.4575757575757576,-0.00303030303030305,0.4322766570605187,0.43768115942028984,-0.005404502359771135,0.7141100382583349,0.7096222748527358,0.004487763405599088,0.4534410905413171,0.4535149600267482,-7.38694854310884e-05
Logistic Regression,volatility,0.2,28,4994035833665759376,0.6927710843373494,0.6905120481927711,0.0022590361445782303,0.6536102508046395,0.6581921418594765,-0.004581891054836973,0.4148471615720524,0.4143763213530655,0.0004708402189869121,0.5757575757575758,0.593939393939394,-0.018181818181818188,0.48223350253807107,0.48816936488169366,-0.005935862343622589,0.7425669520859902,0.7337766441974859,0.008790307888504323,0.46684040472936406,0.45795432488676885,0.008886079842595207
Random Forest,volatility,0.2,28,4994035833665759376,0.7033132530120482,0.704066265060241,-0.0007530120481927804,0.6200582984150118,0.6246158984635939,-0.004557600048582078,0.41208791208791207,0.41509433962264153,-0.003006427534729461,0.45454545454545453,0.4666666666666667,-0.012121212121212144,0.4322766570605187,0.43937232524964337,-0.00709566818912466,0.7141100382583349,0.7169004676018703,-0.002790429343535461,0.4534410905413171,0.4599373011865997,-0.006496210645282607
Logistic Regression,volatility,0.2,29,16777629831981603707,0.6927710843373494,0.6995481927710844,-0.006777108433735024,0.6536102508046395,0.6631900163964293,-0.009579765591789746,0.4148471615720524,0.42483660130718953,-0.009989439735137107,0.5757575757575758,0.5909090909090909,-0.015151515151515138,0.48223350253807107,0.49429657794676807,-0.012063075408697,0.7425669520859902,0.7386318090726908,0.003935143013299447,0.46684040472936406,0.46432041308279914,0.002519991646564912
Random Forest,volatility,0.2,29,16777629831981603707,0.7033132530120482,0.7085843373493976,-0.005271084337349463,0.6200582984150118,0.6184945648873504,0.0015637335276613706,0.41208791208791207,0.41786743515850144,-0.005779523070589376,0.45454545454545453,0.4393939393939394,0.015151515151515138,0.4322766570605187,0.42836041358936483,0.00391624347115388,0.7141100382583349,0.7121758668852858,0.0019341713730490762,0.4534410905413171,0.45509022970689267,-0.001649139165575575
Logistic Regression,volatility,0.5,0,18227497245217261572,0.6927710843373494,0.6829819277108434,0.009789156626505924,0.6536102508046395,0.6623094674196879,-0.008699216615048355,0.4148471615720524,0.4091816367265469,0.005665524845505532,0.5757575757575758,0.6212121212121212,-0.045454545454545414,0.48223350253807107,0.49338146811071,-0.011147965572638918,0.7425669520859902,0.7166545211635392,0.02591243092245099,0.46684040472936406,0.45462454882618886,0.012215855903175199
Random Forest,volatility,0.5,0,18227497245217261572,0.7033132530120482,0.7093373493975904,-0.006024096385542244,0.6200582984150118,0.6433351551588025,-0.023276856743790653,0.41208791208791207,0.4289340101522843,-0.016846098064372206,0.45454545454545453,0.5121212121212121,-0.05757575757575756,0.4322766570605187,0.46685082872928174,-0.03457417166876303,0.7141100382583349,0.71107669885225,0.003033339406084856,0.4534410905413171,0.45233526908144384,0.0011058214598732574
Logistic Regression,volatility,0.5,1,3558792025676645116,0.6927710843373494,0.6746987951807228,0.01807228915662651,0.6536102508046395,0.6385437541750167,0.015066496629622783,0.4148471615720524,0.39285714285714285,0.021990018714909576,0.5757575757575758,0.5666666666666667,0.00909090909090915,0.48223350253807107,0.4640198511166253,0.018213651421445765,0.7425669520859902,0.7041112528086476,0.0384556992773426,0.46684040472936406,0.43091348666564666,0.035926918063717395
Random Forest,volatility,0.5,1,3558792025676645116,0.7033132530120482,0.7085843373493976,-0.005271084337349463,0.6200582984150118,0.6225511629319245,-0.002492864516912663,0.41208791208791207,0.4197183098591549,-0.007630397771242858,0.45454545454545453,0.45151515151515154,0.0030303030303029943,0.4322766570605187,0.43503649635036495,-0.0027598392898462443,0.7141100382583349,0.6962318576547033,0.017878180603631555,0.4534410905413171,0.4373623946663025,0.016078695875014593
Logistic Regression,volatility,0.5,2,10412035074188983790,0.6927710843373494,0.6626506024096386,0.030120481927710774,0.6536102508046395,0.6284994230886014,0.02511082771603812,0.4148471615720524,0.3790983606557377,0.035748800916314716,0.5757575757575758,0.5606060606060606,0.015151515151515249,0.48223350253807107,0.45232273838630804,0.029910764151763025,0.7425669520859902,0.6858049432197728,0.056762008866217406,0.46684040472936406,0.4351618835345964,0.03167852119476766
Random Forest,volatility,0.5,2,10412035074188983790,0.7033132530120482,0.704066265060241,-0.0007530120481927804,0.6200582984150118,0.6215734499301634,-0.0015151515151515804,0.41208791208791207,0.4136986301369863,-0.0016107180490742556,0.45454545454545453,0.4575757575757576,-0.00303030303030305,0.4322766570605187,0.43453237410071943,-0.002255717040200722,0.7141100382583349,0.6880974069350821,0.02601263132325271,0.4534410905413171,0.44073330630654833,0.01270778423476876
Logistic Regression,volatility,0.5,3,6694266397167663909,0.6927710843373494,0.6746987951807228,0.01807228915662651,0.6536102508046395,0.6466569502641647,0.006953300540474827,0.4148471615720524,0.39634146341463417,0.01850569815741826,0.5757575757575758,0.5909090909090909,-0.015151515151515138,0.48223350253807107,0.4744525547445255,0.007780947793545545,0.7425669520859902,0.7129106698244975,0.02965628226149275,0.46684040472936406,0.4399585610728004,0.026881843656563653
Random Forest,volatility,0.5,3,6694266397167663909,0.7033132530120482,0.7070783132530121,-0.0037650602409639022,0.6200582984150118,0.6316906540353434,-0.011632355620331603,0.41208791208791207,0.4217506631299735,-0.009662751042061435,0.45454545454545453,0.4818181818181818,-0.027272727272727282,0.4322766570605187,0.4497878359264498,-0.017511178865931065,0.7141100382583349,0.7038865610007895,0.010223477257545355,0.4534410905413171,0.4507926573643011,0.0026484331770160185
Logistic Regression,volatility,0.5,4,13811969725096278919,0.6927710843373494,0.6754518072289156,0.017319277108433728,0.6536102508046395,0.6562852978684641,-0.0026750470638245982,0.4148471615720524,0.40078585461689586,0.01406130695515656,0.5757575757575758,0.6181818181818182,-0.042424242424242364,0.48223350253807107,0.4862932061978546,-0.004059703659783531,0.7425669520859902,0.7077063217343779,0.034860630351612354,0.46684040472936406,0.4411222233710139,0.025718181358350134
Random Forest,volatility,0.5,4,13811969725096278919,0.7033132530120482,0.697289156626506,0.0060240963855421326,0.6200582984150118,0.6251776279832393,-0.005119329568227471,0.41208791208791207,0.4076923076923077,0.00439560439560438,0.45454545454545453,0.4818181818181818,-0.027272727272727282,0.4322766570605187,0.44166666666666665,-0.009390009606147942,0.7141100382583349,0.7010627315236535,0.013047306734681352,0.4534410905413171,0.44254159695667117,0.010899493584645925
Logistic Regression,volatility,0.5,5,7408903461033932636,0.6927710843373494,0.661144578313253,0.031626506024096335,0.6536102508046395,0.638653063703164,0.014957187101475533,0.4148471615720524,0.3828125,0.032034661572052425,0.5757575757575758,0.593939393939394,-0.018181818181818188,0.48223350253807107,0.4655581947743468,0.01667530776372428,0.7425669520859902,0.6957976559178964,0.04676929616809378,0.46684040472936406,0.44035178496386607,0.02648861976549799
Random Forest,volatility,0.5,5,7408903461033932636,0.7033132530120482,0.7018072289156626,0.001506024096385561,0.6200582984150118,0.6312260885407178,-0.011167790125706012,0.41208791208791207,0.4153846153846154,-0.0032967032967033405,0.45454545454545453,0.4909090909090909,-0.036363636363636376,0.4322766570605187,0.45,-0.0177233429394813,0.7141100382583349,0.6936934475010628,0.02041659075727209,0.4534410905413171,0.46157790884248273,-0.008136818301165638
Logistic Regression,volatility,0.5,6,5488450614416482083,0.6927710843373494,0.6543674698795181,0.03840361445783125,0.6536102508046395,0.6311015971336613,0.022508653670978207,0.4148471615720524,0.37475728155339805,0.04008988001865438,0.5757575757575758,0.5848484848484848,-0.009090909090909038,0.48223350253807107,0.45680473372781066,0.025428768810260405,0.7425669520859902,0.6894941397947411,0.05307281229124916,0.46684040472936406,0.43457639814759097,0.032264006581773086
Random Forest,volatility,0.5,6,5488450614416482083,0.7033132530120482,0.7025602409638554,0.0007530120481927804,0.6200582984150118,0.6347695390781563,-0.014711240663144443,0.41208791208791207,0.4177215189873418,-0.005633606899429711,0.45454545454545453,0.5,-0.04545454545454547,0.4322766570605187,0.45517241379310347,-0.02289575673258476,0.7141100382583349,0.6810742697516244,0.03303576850671042,0.4534410905413171,0.43946695269986835,0.013974137841448742
Logistic Regression,volatility,0.5,7,2451842569392026512,0.6927710843373494,0.6596385542168675,0.033132530120481896,0.6536102508046395,0.6173680694722778,0.03624218133236168,0.4148471615720524,0.37130801687763715,0.04353914469441528,0.5757575757575758,0.5333333333333333,0.042424242424242475,0.48223350253807107,0.43781094527363185,0.04442255726443922,0.7425669520859902,0.6881672435780652,0.05439970850792497,0.46684040472936406,0.41271133863043263,0.05412906609893142
Random Forest,volatility,0.5,7,2451842569392026512,0.7033132530120482,0.6852409638554217,0.01807228915662651,0.6200582984150118,0.5958644561850974,0.024193842229914386,0.41208791208791207,0.3791208791208791,0.03296703296703296,0.45454545454545453,0.41818181818181815,0.036363636363636376,0.4322766570605187,0.3976945244956772,0.034582132564841495,0.7141100382583349,0.6695603327867857,0.04454970547154913,0.4534410905413171,0.4148073889882884,0.0386337015530287
Logistic Regression,volatility,0.5,8,7643766553878582677,0.6927710843373494,0.6716867469879518,0.02108433734939752,0.6536102508046395,0.6517519888261372,0.0018582619785023624,0.4148471615720524,0.396078431372549,0.018768730199503425,0.5757575757575758,0.6121212121212121,-0.036363636363636265,0.48223350253807107,0.48095238095238096,0.0012811215856901037,0.7425669520859902,0.7013876237323131,0.0411793283536771,0.46684040472936406,0.4415211793895337,0.02531922533983033
Random Forest,volatility,0.5,8,7643766553878582677,0.7033132530120482,0.6905120481927711,0.012801204819277046,0.6200582984150118,0.6166120119025931,0.003446286512418739,0.41208791208791207,0.39641943734015345,0.01566847474775862,0.45454545454545453,0.4696969696969697,-0.015151515151515194,0.4322766570605187,0.42995839112343964,0.002318265937079067,0.7141100382583349,0.6900346146839132,0.024075423574421606,0.4534410905413171,0.43966994366376344,0.013771146877553653
Logistic Regression,volatility,0.5,9,1128239001801397727,0.6927710843373494,0.6634036144578314,0.029367469879517993,0.6536102508046395,0.6472551162931924,0.006355134511447091,0.4148471615720524,0.3881453154875717,0.02670184608448073,0.5757575757575758,0.6151515151515151,-0.039393939393939315,0.48223350253807107,0.47596717467760846,0.006266327860462606,0.7425669520859902,0.720258699216615,0.02230825286937521,0.46684040472936406,0.44445387154432026,0.0223865331850438
Random Forest,volatility,0.5,9,1128239001801397727,0.7033132530120482,0.704066265060241,-0.0007530120481927804,0.6200582984150118,0.6246158984635939,-0.004557600048582078,0.41208791208791207,0.41509433962264153,-0.003006427534729461,0.45454545454545453,0.4666666666666667,-0.012121212121212144,0.4322766570605187,0.43937232524964337,-0.00709566818912466,0.7141100382583349,0.7035647051679116,0.01054533309042327,0.4534410905413171,0.4552439287411934,-0.001802838199876311
Logistic Regression,volatility,0.5,10,2011635485688798472,0.6927710843373494,0.6603915662650602,0.032379518072289115,0.6536102508046395,0.6300388656100079,0.023571385194631644,0.4148471615720524,0.3782696177062374,0.03657754386581502,0.5757575757575758,0.5696969696969697,0.0060606060606061,0.48223350253807107,0.4546553808948005,0.02757812164327056,0.7425669520859902,0.6965263861055444,0.04604056598044581,0.46684040472936406,0.42497297004965656,0.041867434679707494
Random Forest,volatility,0.5,10,2011635485688798472,0.7033132530120482,0.7078313253012049,-0.004518072289156683,0.6200582984150118,0.62306431043906,-0.0030060120240481547,0.41208791208791207,0.41899441340782123,-0.006906501319909164,0.45454545454545453,0.45454545454545453,0.0,0.4322766570605187,0.436046511627907,-0.0037698545673882644,0.7141100382583349,0.6979049007105119,0.016205137547822934,0.4534410905413171,0.4425313244290184,0.010909766112298713
Logistic Regression,volatility,0.5,11,2506844760258458878,0.6927710843373494,0.6905120481927711,0.0022590361445782303,0.6536102508046395,0.6612345903929071,-0.007624339588267581,0.4148471615720524,0.4154488517745303,-0.0006016902024778559,0.5757575757575758,0.603030303030303,-0.027272727272727226,0.48223350253807107,0.4919653893695921,-0.009731886831521042,0.7425669520859902,0.7248132628894152,0.01775368919657505,0.46684040472936406,0.4469319031082698,0.019908501621094254
Random Forest,volatility,0.5,11,2506844760258458878,0.7033132530120482,0.7115963855421686,-0.008283132530120474,0.6200582984150118,0.6367249650816785,-0.01666666666666672,0.41208791208791207,0.42933333333333334,-0.017245421245421277,0.45454545454545453,0.48787878787878786,-0.033333333333333326,0.4322766570605187,0.45673758865248226,-0.024460931591963553,0.7141100382583349,0.7197668063399527,-0.005656768081617858,0.4534410905413171,0.46496397601629225,-0.011522885474975153
Logistic Regression,volatility,0.5,12,4796398084480834538,0.6927710843373494,0.6649096385542169,0.027861445783132432,0.6536102508046395,0.635073176656343,0.01853707414829653,0.4148471615720524,0.3838383838383838,0.031008777733668613,0.5757575757575758,0.5757575757575758,0.0,0.48223350253807107,0.46060606060606063,0.02162744193201044,0.7425669520859902,0.7021740450598166,0.0403929070261736,0.46684040472936406,0.4448514116485373,0.021988993080826746
Random Forest,volatility,0.5,12,4796398084480834538,0.7033132530120482,0.7108433734939759,-0.0075301204819276935,0.6200582984150118,0.631153215521953,-0.011094917106941216,0.41208791208791207,0.4262295081967213,-0.014141596108809218,0.45454545454545453,0.4727272727272727,-0.018181818181818188,0.4322766570605187,0.4482758620689655,-0.015999205008446815,0.7141100382583349,0.6933169369041112,0.02079310135422363,0.4534410905413171,0.44961683818484965,0.003824252356467439
Logistic Regression,volatility,0.5,13,14621251609380969479,0.6927710843373494,0.6626506024096386,0.030120481927710774,0.6536102508046395,0.6426975162446105,0.010912734560029058,0.4148471615720524,0.3856589147286822,0.029188246843370236,0.5757575757575758,0.603030303030303,-0.027272727272727226,0.48223350253807107,0.47044917257683216,0.011784329961238904,0.7425669520859902,0.6904050525293011,0.05216189955668915,0.46684040472936406,0.4278489298085203,0.03899147492084376
Random Forest,volatility,0.5,13,14621251609380969479,0.7033132530120482,0.7018072289156626,0.001506024096385561,0.6200582984150118,0.6190562944069958,0.0010020040080159776,0.41208791208791207,0.4098360655737705,0.0022518465141415644,0.45454545454545453,0.45454545454545453,0.0,0.4322766570605187,0.43103448275862066,0.001242174301898047,0.7141100382583349,0.691361510900589,0.022748527357745907,0.4534410905413171,0.44724363111200877,0.006197459429308327
Logistic Regression,volatility,0.5,14,11378557019332556338,0.6927710843373494,0.6573795180722891,0.03539156626506024,0.6536102508046395,0.6219499605271148,0.031660290277524705,0.4148471615720524,0.3721881390593047,0.042659022512747724,0.5757575757575758,0.5515151515151515,0.024242424242424288,0.48223350253807107,0.4444444444444444,0.03778905809362665,0.7425669520859902,0.69102143681302,0.051545515272970244,0.46684040472936406,0.42359634679095504,0.04324405793840902
Random Forest,volatility,0.5,14,11378557019332556338,0.7033132530120482,0.6987951807228916,0.004518072289156572,0.6200582984150118,0.6140098378575332,0.006048460557478652,0.41208791208791207,0.40384615384615385,0.008241758241758212,0.45454545454545453,0.44545454545454544,0.009090909090909094,0.4322766570605187,0.42363112391930835,0.00864553314121036,0.7141100382583349,0.6940426307159775,0.020067407542357363,0.4534410905413171,0.44216406779627154,0.01127702274504555
Logistic Regression,volatility,0.5,15,8888185818804779479,0.6927710843373494,0.6784638554216867,0.014307228915662606,0.6536102508046395,0.6562610068622092,-0.002650756057569703,0.4148471615720524,0.4031936127744511,0.011653548797601332,0.5757575757575758,0.6121212121212121,-0.036363636363636265,0.48223350253807107,0.4861612515042118,-0.003927748966140732,0.7425669520859902,0.7072326471124066,0.035334304973583586,0.46684040472936406,0.4335047277919413,0.03333567693742273
Random Forest,volatility,0.5,15,8888185818804779479,0.7033132530120482,0.7078313253012049,-0.004518072289156683,0.6200582984150118,0.635234104572782,-0.015175806157770144,0.41208791208791207,0.42408376963350786,-0.01199585754559579,0.45454545454545453,0.4909090909090909,-0.036363636363636376,0.4322766570605187,0.4550561797752809,-0.02277952271476219,0.7141100382583349,0.7031153215521952,0.010994716706139607,0.4534410905413171,0.45078493013365994,0.0026561604076571488
Logistic Regression,volatility,0.5,16,17615999733509156613,0.6927710843373494,0.6686746987951807,0.02409638554216864,0.6536102508046395,0.6396064856986701,0.014003765105969457,0.4148471615720524,0.38866396761133604,0.02618319396071639,0.5757575757575758,0.5818181818181818,-0.006060606060605989,0.48223350253807107,0.46601941747572817,0.016214085062342898,0.7425669520859902,0.6965962227485274,0.04597072933746282,0.46684040472936406,0.43548746319253473,0.031352941536829326
Random Forest,volatility,0.5,16,17615999733509156613,0.7033132530120482,0.6935240963855421,0.009789156626506035,0.6200582984150118,0.6135452723629077,0.006513026052104132,0.41208791208791207,0.3978779840848806,0.014209928003031447,0.45454545454545453,0.45454545454545453,0.0,0.4322766570605187,0.4243281471004243,0.007948509960094385,0.7141100382583349,0.6777281836400072,0.03638185461832766,0.4534410905413171,0.43963281369311,0.013808276848207068
Logistic Regression,volatility,0.5,17,12870534278006973813,0.6927710843373494,0.6746987951807228,0.01807228915662651,0.6536102508046395,0.6436145017307342,0.009995749073905325,0.4148471615720524,0.3950617283950617,0.01978543317699072,0.5757575757575758,0.5818181818181818,-0.006060606060605989,0.48223350253807107,0.47058823529411764,0.011645267243953428,0.7425669520859902,0.7121181757454302,0.03044877634055998,0.46684040472936406,0.4431350120091306,0.023705392720233476
Random Forest,volatility,0.5,17,12870534278006973813,0.7033132530120482,0.7123493975903614,-0.009036144578313254,0.6200582984150118,0.6351976680633995,-0.01513936964838769,0.41208791208791207,0.4297297297297297,-0.01764181764181766,0.45454545454545453,0.4818181818181818,-0.027272727272727282,0.4322766570605187,0.4542857142857143,-0.022009057225195583,0.7141100382583349,0.7094006194206595,0.004709418837675394,0.4534410905413171,0.4490168445383267,0.004424246002990406
Logistic Regression,volatility,0.5,18,5194174601204906750,0.6927710843373494,0.6807228915662651,0.012048192771084265,0.6536102508046395,0.6577640128742333,-0.004153762069593725,0.4148471615720524,0.40562248995983935,0.009224671612213076,0.5757575757575758,0.6121212121212121,-0.036363636363636265,0.48223350253807107,0.48792270531400966,-0.0056892027759385955,0.7425669520859902,0.7134966903503976,0.029070261735592573,0.46684040472936406,0.4496086013264401,0.017231803402923962
Random Forest,volatility,0.5,18,5194174601204906750,0.7033132530120482,0.713855421686747,-0.010542168674698815,0.6200582984150118,0.6361996720714156,-0.01614137365640378,0.41208791208791207,0.4320652173913043,-0.019977305303392257,0.45454545454545453,0.4818181818181818,-0.027272727272727282,0.4322766570605187,0.45558739255014324,-0.023310735489624534,0.7141100382583349,0.6959737657132447,0.018136272545090204,0.4534410905413171,0.46394188053613156,-0.010500789994814463
Logistic Regression,volatility,0.5,19,16483415938037504413,0.6927710843373494,0.6701807228915663,0.02259036144578308,0.6536102508046395,0.6385801906843991,0.01503006012024044,0.4148471615720524,0.38934426229508196,0.02550289927697047,0.5757575757575758,0.5757575757575758,0.0,0.48223350253807107,0.46454767726161367,0.0176858252764574,0.7425669520859902,0.694142831116779,0.048424120969211226,0.46684040472936406,0.4273794973443956,0.039460907384968436
Random Forest,volatility,0.5,19,16483415938037504413,0.7033132530120482,0.7048192771084337,-0.001506024096385561,0.6200582984150118,0.6210603024230279,-0.0010020040080160886,0.41208791208791207,0.4143646408839779,-0.00227672879606583,0.45454545454545453,0.45454545454545453,0.0,0.4322766570605187,0.43352601156069365,-0.0012493545001749373,0.7141100382583349,0.6796805732677477,0.03442946499058719,0.4534410905413171,0.43972909393386667,0.013711996607450427
Logistic Regression,volatility,0.5,20,15493419501547355676,0.6927710843373494,0.6641566265060241,0.028614457831325213,0.6536102508046395,0.6274731280743304,0.026137122730309104,0.4148471615720524,0.3796680497925311,0.03517911177952132,0.5757575757575758,0.5545454545454546,0.021212121212121238,0.48223350253807107,0.45073891625615764,0.03149458628191343,0.7425669520859902,0.683157223537985,0.05940972854800519,0.46684040472936406,0.4147706671581956,0.05206973757116845
Random Forest,volatility,0.5,20,15493419501547355676,0.7033132530120482,0.6829819277108434,0.02033132530120474,0.6200582984150118,0.6024746462622215,0.01758365215279034,0.41208791208791207,0.381201044386423,0.030886867701489074,0.45454545454545453,0.44242424242424244,0.012121212121212088,0.4322766570605187,0.40953716690042075,0.022739490160097964,0.7141100382583349,0.6709479565190988,0.04316208173923608,0.4534410905413171,0.4155130281738892,0.037928062367427906
Logistic Regression,volatility,0.5,21,7047988768713992748,0.6927710843373494,0.6664156626506024,0.026355421686746983,0.6536102508046395,0.650273273820368,0.003336976984271489,0.4148471615720524,0.3915547024952015,0.023292459076850902,0.5757575757575758,0.6181818181818182,-0.042424242424242364,0.48223350253807107,0.4794359576968273,0.002797544841243782,0.7425669520859902,0.6979200825894212,0.04464686949656904,0.46684040472936406,0.42907222084935115,0.03776818388001291
Random Forest,volatility,0.5,21,7047988768713992748,0.7033132530120482,0.7131024096385542,-0.009789156626506035,0.6200582984150118,0.6417835671342685,-0.02172526871925673,0.41208791208791207,0.4330708661417323,-0.020982954053820224,0.45454545454545453,0.5,-0.04545454545454547,0.4322766570605187,0.4641350210970464,-0.0318583640365277,0.7141100382583349,0.6999240906054534,0.014185947652881503,0.4534410905413171,0.4473703155591987,0.006070774982118388
Logistic Regression,volatility,0.5,22,13549768180232329360,0.6927710843373494,0.6875,0.005271084337349352,0.6536102508046395,0.6582164328657314,-0.004606182061091868,0.4148471615720524,0.41164241164241167,0.00320474992964076,0.5757575757575758,0.6,-0.024242424242424176,0.48223350253807107,0.4882860665844636,-0.006052564046392539,0.7425669520859902,0.7169703042448534,0.0255966478411368,0.46684040472936406,0.45481285983744446,0.012027544891919595
Random Forest,volatility,0.5,22,13549768180232329360,0.7033132530120482,0.7085843373493976,-0.005271084337349463,0.6200582984150118,0.6337068075545029,-0.013648509139491116,0.41208791208791207,0.4244031830238727,-0.012315270935960632,0.45454545454545453,0.48484848484848486,-0.03030303030303033,0.4322766570605187,0.4526166902404526,-0.02034003317993388,0.7141100382583349,0.7079310135422361,0.006179024716098769,0.4534410905413171,0.45279140012748254,0.0006496904138345583
Logistic Regression,volatility,0.5,23,8158274292732336864,0.6927710843373494,0.6694277108433735,0.02334337349397586,0.6536102508046395,0.6431499362361086,0.010460314568530915,0.4148471615720524,0.3907815631262525,0.02406559844579992,0.5757575757575758,0.5909090909090909,-0.015151515151515138,0.48223350253807107,0.4704463208685163,0.01178718166955478,0.7425669520859902,0.6986002307645596,0.043966721321430646,0.46684040472936406,0.43286938739178926,0.033971017337574794
Random Forest,volatility,0.5,23,8158274292732336864,0.7033132530120482,0.7003012048192772,0.0030120481927710108,0.6200582984150118,0.6251533369769843,-0.005095038561972465,0.41208791208791207,0.4109947643979058,0.0010931476900062909,0.45454545454545453,0.47575757575757577,-0.021212121212121238,0.4322766570605187,0.4410112359550562,-0.008734578894537492,0.7141100382583349,0.6898919050221655,0.024218133236169392,0.4534410905413171,0.4387506344973232,0.014690456043993882
Logistic Regression,volatility,0.5,24,2164915066164618941,0.6927710843373494,0.6686746987951807,0.02409638554216864,0.6536102508046395,0.6467055322766746,0.006904718527964926,0.4148471615720524,0.39173228346456695,0.02311487810748547,0.5757575757575758,0.603030303030303,-0.027272727272727226,0.48223350253807107,0.47494033412887826,0.007293168409192807,0.7425669520859902,0.6967116050282383,0.04585534705775196,0.46684040472936406,0.4348584580689477,0.03198194666041637
Random Forest,volatility,0.5,24,2164915066164618941,0.7033132530120482,0.6882530120481928,0.015060240963855387,0.6200582984150118,0.6120665573571386,0.007991741057873258,0.41208791208791207,0.3917525773195876,0.020335334768324442,0.45454545454545453,0.46060606060606063,-0.0060606060606061,0.4322766570605187,0.4233983286908078,0.00887832836971092,0.7141100382583349,0.6851217586688529,0.028988279589481913,0.4534410905413171,0.4449609099420018,0.008480180599315268
Logistic Regression,volatility,0.5,25,3686158276582666956,0.6927710843373494,0.6521084337349398,0.04066265060240959,0.6536102508046395,0.6306127406327807,0.022997510171858804,0.4148471615720524,0.3730769230769231,0.04177023849512934,0.5757575757575758,0.5878787878787879,-0.012121212121212088,0.48223350253807107,0.45647058823529413,0.02576291430277694,0.7425669520859902,0.6925244428250441,0.05004250926094611,0.46684040472936406,0.4212676438151334,0.04557276091423068
Random Forest,volatility,0.5,25,3686158276582666956,0.7033132530120482,0.6942771084337349,0.009036144578313254,0.6200582984150118,0.6241877694783506,-0.00412947106333883,0.41208791208791207,0.40404040404040403,0.008047508047508034,0.45454545454545453,0.48484848484848486,-0.03030303030303033,0.4322766570605187,0.44077134986225897,-0.008494692801740256,0.7141100382583349,0.6881915345843201,0.025918503674014715,0.4534410905413171,0.4321262295441072,0.021314860997209917
Logistic Regression,volatility,0.5,26,15218682746319035244,0.6927710843373494,0.6731927710843374,0.01957831325301196,0.6536102508046395,0.6405841987004313,0.013026052104208263,0.4148471615720524,0.3925619834710744,0.02228517810097802,0.5757575757575758,0.5757575757575758,0.0,0.48223350253807107,0.4668304668304668,0.015403035707604262,0.7425669520859902,0.7051314750713549,0.03743547701463534,0.46684040472936406,0.43832283788452875,0.028517566844835307
Random Forest,volatility,0.5,26,15218682746319035244,0.7033132530120482,0.6942771084337349,0.009036144578313254,0.6200582984150118,0.6099896763223417,0.010068622092670121,0.41208791208791207,0.3967391304347826,0.015348781653129473,0.45454545454545453,0.44242424242424244,0.012121212121212088,0.4322766570605187,0.4183381088825215,0.013938548177997223,0.7141100382583349,0.6970941883767536,0.017015849881581224,0.4534410905413171,0.4483037304695705,0.005137360071746588
Logistic Regression,volatility,0.5,27,11636263158652756680,0.6927710843373494,0.6694277108433735,0.02334337349397586,0.6536102508046395,0.658362178903261,-0.004751928098621461,0.4148471615720524,0.39697542533081287,0.017871736241239555,0.5757575757575758,0.6363636363636364,-0.06060606060606055,0.48223350253807107,0.4889406286379511,-0.006707126099880056,0.7425669520859902,0.7082407238719863,0.034326228214003884,0.46684040472936406,0.43970775038639864,0.027132654342965412
Random Forest,volatility,0.5,27,11636263158652756680,0.7033132530120482,0.7003012048192772,0.0030120481927710108,0.6200582984150118,0.6251533369769843,-0.005095038561972465,0.41208791208791207,0.4109947643979058,0.0010931476900062909,0.45454545454545453,0.47575757575757577,-0.021212121212121238,0.4322766570605187,0.4410112359550562,-0.008734578894537492,0.7141100382583349,0.6961134389992105,0.017996599259124335,0.4534410905413171,0.44135644460374485,0.012084645937572247
Logistic Regression,volatility,0.5,28,3964385437381694543,0.6927710843373494,0.6588855421686747,0.033885542168674676,0.6536102508046395,0.6391783567134268,0.014431894091212705,0.4148471615720524,0.3815028901734104,0.033344271398642045,0.5757575757575758,0.6,-0.024242424242424176,0.48223350253807107,0.4664310954063604,0.01580240713171066,0.7425669520859902,0.7010900589056901,0.04147689318030012,0.46684040472936406,0.43107130236327107,0.035769102366092986
Random Forest,volatility,0.5,28,3964385437381694543,0.7033132530120482,0.6912650602409639,0.012048192771084265,0.6200582984150118,0.6130564158620271,0.007001882552984728,0.41208791208791207,0.39528795811518325,0.01679995397272882,0.45454545454545453,0.4575757575757576,-0.00303030303030305,0.4322766570605187,0.4241573033707865,0.008119353689732212,0.7141100382583349,0.6867037104512055,0.02740632780712937,0.4534410905413171,0.44187460996094663,0.011566480580370464
Logistic Regression,volatility,0.5,29,13765595943552459199,0.6927710843373494,0.6882530120481928,0.004518072289156572,0.6536102508046395,0.6587174348697395,-0.005107184065100023,0.4148471615720524,0.4125,0.0023471615720524475,0.5757575757575758,0.6,-0.024242424242424176,0.48223350253807107,0.4888888888888889,-0.006655386350817805,0.7425669520859902,0.7121060302423029,0.030460921843687316,0.46684040472936406,0.4413084901618314,0.025531914567532676
Random Forest,volatility,0.5,29,13765595943552459199,0.7033132530120482,0.7070783132530121,-0.0037650602409639022,0.6200582984150118,0.6296623550130565,-0.009604056598044641,0.41208791208791207,0.42091152815013405,-0.008823616062221984,0.45454545454545453,0.47575757575757577,-0.021212121212121238,0.4322766570605187,0.4466571834992888,-0.01438052643877008,0.7141100382583349,0.6905386530637031,0.023571385194631755,0.4534410905413171,0.4428048994671434,0.010636191074173684
Logistic Regression,volatility,1.0,0,14778270842696560608,0.6927710843373494,0.6332831325301205,0.05948795180722888,0.6536102508046395,0.6322857836885893,0.021324467116050183,0.4148471615720524,0.36300174520069806,0.05184541637135437,0.5757575757575758,0.6303030303030303,-0.05454545454545445,0.48223350253807107,0.46068660022148394,0.021546902316587124,0.7425669520859902,0.6746280439667213,0.06793890811926895,0.46684040472936406,0.41515169334528207,0.05168871138408199
Random Forest,volatility,1.0,0,14778270842696560608,0.7033132530120482,0.6927710843373494,0.010542168674698815,0.6200582984150118,0.6272423635149086,-0.007184065099896775,0.41208791208791207,0.4039408866995074,0.008147025388404672,0.45454545454545453,0.49696969696969695,-0.04242424242424242,0.4322766570605187,0.44565217391304346,-0.01337551685252475,0.7141100382583349,0.6851430132993259,0.028967024959008936,0.4534410905413171,0.41833684901247303,0.03510424152884406
Logistic Regression,volatility,1.0,1,1415020162570946716,0.6927710843373494,0.6242469879518072,0.06852409638554213,0.6536102508046395,0.6029483208841926,0.050661929920446935,0.4148471615720524,0.3432282003710575,0.07161896120099492,0.5757575757575758,0.5606060606060606,0.015151515151515249,0.48223350253807107,0.42577675489067895,0.056456747647392114,0.7425669520859902,0.6481356652699338,0.09443128681605639,0.46684040472936406,0.3829391055833997,0.08390129914596434
Random Forest,volatility,1.0,1,1415020162570946716,0.7033132530120482,0.6890060240963856,0.014307228915662606,0.6200582984150118,0.6166241574057205,0.0034341410092912916,0.41208791208791207,0.3949367088607595,0.01715120322715258,0.45454545454545453,0.4727272727272727,-0.018181818181818188,0.4322766570605187,0.4303448275862069,0.001931829474311808,0.7141100382583349,0.6527691747130625,0.06134086354527235,0.4534410905413171,0.40424938557991374,0.04919170496140335
Logistic Regression,volatility,1.0,2,9641847219507498673,0.6927710843373494,0.6076807228915663,0.08509036144578308,0.6536102508046395,0.5868555292402988,0.0667547215643407,0.4148471615720524,0.32667876588021777,0.08816839569183466,0.5757575757575758,0.5454545454545454,0.030303030303030387,0.48223350253807107,0.4086265607264472,0.07360694181162386,0.7425669520859902,0.6269083621789032,0.115658589907087,0.46684040472936406,0.3896231184148732,0.07721728631449087
Random Forest,volatility,1.0,2,9641847219507498673,0.7033132530120482,0.6844879518072289,0.01882530120481929,0.6200582984150118,0.6044907997813809,0.015567498633630938,0.41208791208791207,0.3838120104438642,0.028275901644047863,0.45454545454545453,0.44545454545454544,0.009090909090909094,0.4322766570605187,0.4123422159887798,0.019934441071738918,0.7141100382583349,0.6456033278678569,0.06850671039047795,0.4534410905413171,0.40893821140115627,0.04450287914016082
Logistic Regression,volatility,1.0,3,18012417218804485890,0.6927710843373494,0.6197289156626506,0.0730421686746987,0.6536102508046395,0.6131262525050101,0.04048399829962945,0.4148471615720524,0.3467600700525394,0.06808709151951303,0.5757575757575758,0.6,-0.024242424242424176,0.48223350253807107,0.43951165371809103,0.042721848819980035,0.7425669520859902,0.6700765166697031,0.07249043541628708,0.46684040472936406,0.3961988427130654,0.07064156201629868
Random Forest,volatility,1.0,3,18012417218804485890,0.7033132530120482,0.6716867469879518,0.031626506024096335,0.6200582984150118,0.6091577093581102,0.01090058905690161,0.41208791208791207,0.3755868544600939,0.03650105762781819,0.45454545454545453,0.48484848484848486,-0.03030303030303033,0.4322766570605187,0.42328042328042326,0.008996233780095453,0.7141100382583349,0.6659288273516731,0.04818121090666172,0.4534410905413171,0.42363803590980176,0.029803054631515336
Logistic Regression,volatility,1.0,4,6502658227571457259,0.6927710843373494,0.6408132530120482,0.051957831325301185,0.6536102508046395,0.6372958037286695,0.016314447075970073,0.4148471615720524,0.369449378330373,0.045397783241679424,0.5757575757575758,0.6303030303030303,-0.05454545454545445,0.48223350253807107,0.4658454647256439,0.016388037812427148,0.7425669520859902,0.6624582498329993,0.08010870225299094,0.46684040472936406,0.397576589017709,0.06926381571165507
Random Forest,volatility,1.0,4,6502658227571457259,0.7033132530120482,0.6807228915662651,0.02259036144578308,0.6200582984150118,0.6100989858504888,0.009959312564522982,0.41208791208791207,0.38366336633663367,0.028424545751278396,0.45454545454545453,0.4696969696969697,-0.015151515151515194,0.4322766570605187,0.4223433242506812,0.009933332809837492,0.7141100382583349,0.666159591911095,0.04795044634723988,0.4534410905413171,0.4078545298276419,0.04558656071367517
Logistic Regression,volatility,1.0,5,12798017874261081078,0.6927710843373494,0.6091867469879518,0.08358433734939752,0.6536102508046395,0.6081405234711847,0.04546972733345478,0.4148471615720524,0.3395585738539898,0.07528858771806263,0.5757575757575758,0.6060606060606061,-0.030303030303030276,0.48223350253807107,0.4352557127312296,0.046977789806841475,0.7425669520859902,0.6441033582316148,0.09846359385437542,0.46684040472936406,0.4003902561198273,0.06645014860953674
Random Forest,volatility,1.0,5,12798017874261081078,0.7033132530120482,0.6859939759036144,0.017319277108433728,0.6200582984150118,0.6267899435234104,-0.006731645108398632,0.41208791208791207,0.3971631205673759,0.014924791520536163,0.45454545454545453,0.509090909090909,-0.05454545454545451,0.4322766570605187,0.44621513944223107,-0.013938482381712358,0.7141100382583349,0.6624339588267444,0.05167607943159047,0.4534410905413171,0.4406833800943435,0.012757710446973602
Logistic Regression,volatility,1.0,6,201818234045185574,0.6927710843373494,0.5918674698795181,0.10090361445783125,0.6536102508046395,0.5885042812898524,0.06510596951478709,0.4148471615720524,0.3221476510067114,0.09269951056534104,0.5757575757575758,0.5818181818181818,-0.006060606060605989,0.48223350253807107,0.4146868250539957,0.06754667748407539,0.7425669520859902,0.640450598166029,0.10211635391996121,0.46684040472936406,0.3920598922101121,0.07478051251925194
Random Forest,volatility,1.0,6,201818234045185574,0.7033132530120482,0.6724397590361446,0.030873493975903554,0.6200582984150118,0.6147294589178356,0.005328839497176219,0.41208791208791207,0.3793103448275862,0.03277756726032588,0.45454545454545453,0.5,-0.04545454545454547,0.4322766570605187,0.43137254901960786,0.0009041080409108448,0.7141100382583349,0.6470152426064251,0.06709479565190979,0.4534410905413171,0.3908312977951316,0.0626097927461855
Logistic Regression,volatility,1.0,7,11169198723084162526,0.6927710843373494,0.6046686746987951,0.0881024096385542,0.6536102508046395,0.5797807736685492,0.07382947713609034,0.4148471615720524,0.3211009174311927,0.09374624414085975,0.5757575757575758,0.5303030303030303,0.045454545454545525,0.48223350253807107,0.4,0.08223350253807105,0.7425669520859902,0.62602477682638,0.11654217525961019,0.46684040472936406,0.3594757898776367,0.10736461485172738
Random Forest,volatility,1.0,7,11169198723084162526,0.7033132530120482,0.6588855421686747,0.04442771084337349,0.6200582984150118,0.5844142831116779,0.03564401530333394,0.41208791208791207,0.35036496350364965,0.061722948584262416,0.45454545454545453,0.43636363636363634,0.018181818181818188,0.4322766570605187,0.38866396761133604,0.04361268944918267,0.7141100382583349,0.6207809558510962,0.0933290824072387,0.4534410905413171,0.371080453631591,0.08236063690972611
Logistic Regression,volatility,1.0,8,13319850355250914015,0.6927710843373494,0.6099397590361446,0.08283132530120474,0.6536102508046395,0.5974858808526143,0.05612436995202519,0.4148471615720524,0.3339222614840989,0.0809249000879535,0.5757575757575758,0.5727272727272728,0.00303030303030305,0.48223350253807107,0.421875,0.06035850253807107,0.7425669520859902,0.6477409364182911,0.0948260156676991,0.46684040472936406,0.3970476170526709,0.06979278767669317
Random Forest,volatility,1.0,8,13319850355250914015,0.7033132530120482,0.6746987951807228,0.028614457831325324,0.6200582984150118,0.6111617173741422,0.008896581040869656,0.41208791208791207,0.3791469194312796,0.03294099265663247,0.45454545454545453,0.48484848484848486,-0.03030303030303033,0.4322766570605187,0.425531914893617,0.006744742166901685,0.7141100382583349,0.6500880548976742,0.06402198336066067,0.4534410905413171,0.4048690900845118,0.04857200045680532
Logistic Regression,volatility,1.0,9,17782261582441961823,0.6927710843373494,0.6219879518072289,0.07078313253012047,0.6536102508046395,0.6197000060727516,0.03391024473188797,0.4148471615720524,0.35121107266435986,0.06363608890769257,0.5757575757575758,0.6151515151515151,-0.039393939393939315,0.48223350253807107,0.44713656387665196,0.03509693866141911,0.7425669520859902,0.6751442278496388,0.06742272423635143,0.46684040472936406,0.39467654150093334,0.07216386322843071
Random Forest,volatility,1.0,9,17782261582441961823,0.7033132530120482,0.6875,0.015813253012048167,0.6200582984150118,0.6257636485091396,-0.005705350094127759,0.41208791208791207,0.3980815347721823,0.01400637731572979,0.45454545454545453,0.503030303030303,-0.04848484848484852,0.4322766570605187,0.4444444444444444,-0.01216778738392571,0.7141100382583349,0.6681909273091639,0.045919110949171005,0.4534410905413171,0.41668229457377964,0.03675879596753745
Logistic Regression,volatility,1.0,10,14886537010550319406,0.6927710843373494,0.6159638554216867,0.0768072289156626,0.6536102508046395,0.6014938968846785,0.052116353919961056,0.4148471615720524,0.3387096774193548,0.07613748415269761,0.5757575757575758,0.5727272727272728,0.00303030303030305,0.48223350253807107,0.42567567567567566,0.05655782686239541,0.7425669520859902,0.6470091698548612,0.09555778223112898,0.46684040472936406,0.3775840426045694,0.08925636212479465
Random Forest,volatility,1.0,10,14886537010550319406,0.7033132530120482,0.6762048192771084,0.027108433734939763,0.6200582984150118,0.5949231796927188,0.025135118722293015,0.41208791208791207,0.3704663212435233,0.04162159084438877,0.45454545454545453,0.43333333333333335,0.021212121212121182,0.4322766570605187,0.3994413407821229,0.03283531627839581,0.7141100382583349,0.6531426489342321,0.06096738932410273,0.4534410905413171,0.4041195271246544,0.04932156341666272
Logistic Regression,volatility,1.0,11,12473467322915100412,0.6927710843373494,0.634789156626506,0.05798192771084332,0.6536102508046395,0.6312594886743184,0.022350762130321167,0.4148471615720524,0.36331569664902996,0.05153146492302246,0.5757575757575758,0.6242424242424243,-0.048484848484848464,0.48223350253807107,0.4593088071348941,0.022924695403176987,0.7425669520859902,0.6829294953543451,0.05963745673164511,0.46684040472936406,0.40053531649669155,0.0663050882326725
Random Forest,volatility,1.0,11,12473467322915100412,0.7033132530120482,0.6942771084337349,0.009036144578313254,0.6200582984150118,0.6302726665452116,-0.010214368130199825,0.41208791208791207,0.4068627450980392,0.005225166989872854,0.45454545454545453,0.503030303030303,-0.04848484848484852,0.4322766570605187,0.44986449864498645,-0.017587841584467745,0.7141100382583349,0.6902167972308253,0.02389324102750956,0.4534410905413171,0.428822912359038,0.02461817818227907
Logistic Regression,volatility,1.0,12,13301517881154625176,0.6927710843373494,0.6106927710843374,0.08207831325301196,0.6536102508046395,0.5919019857897614,0.06170826501487814,0.4148471615720524,0.3309222423146474,0.08392491925740503,0.5757575757575758,0.5545454545454546,0.021212121212121238,0.48223350253807107,0.4144960362400906,0.06773746629798044,0.7425669520859902,0.6484544847270298,0.0941124673589604,0.46684040472936406,0.40935097097520445,0.0574894337541596
Random Forest,volatility,1.0,12,13301517881154625176,0.7033132530120482,0.6807228915662651,0.02259036144578308,0.6200582984150118,0.6050282382947714,0.01503006012024044,0.41208791208791207,0.38071065989847713,0.031377252189434934,0.45454545454545453,0.45454545454545453,0.0,0.4322766570605187,0.4143646408839779,0.017912016176540813,0.7141100382583349,0.6483876844598289,0.065722353798506,0.4534410905413171,0.4142317511689345,0.03920933937238258
Logistic Regression,volatility,1.0,13,2610656690947243109,0.6927710843373494,0.6114457831325302,0.08132530120481918,0.6536102508046395,0.6035586324163478,0.05005161838829175,0.4148471615720524,0.33797909407665505,0.07686806749539737,0.5757575757575758,0.5878787878787879,-0.012121212121212088,0.48223350253807107,0.42920353982300885,0.05302996271506222,0.7425669520859902,0.6320580555049493,0.1105088965810409,0.46684040472936406,0.3793994971205656,0.08744090760879847
Random Forest,volatility,1.0,13,2610656690947243109,0.7033132530120482,0.6784638554216867,0.02484939759036142,0.6200582984150118,0.6045393817938908,0.015518916621121037,0.41208791208791207,0.37844611528822053,0.03364179679969154,0.45454545454545453,0.4575757575757576,-0.00303030303030305,0.4322766570605187,0.41426611796982166,0.018010539090697053,0.7141100382583349,0.6470972247525354,0.06701281350579946,0.4534410905413171,0.4020653143754158,0.05137577616590128
Logistic Regression,volatility,1.0,14,3230357052596122560,0.6927710843373494,0.6009036144578314,0.091867469879518,0.6536102508046395,0.5813323616930832,0.0722778891115563,0.4148471615720524,0.3207885304659498,0.09405863110610263,0.5757575757575758,0.5424242424242425,0.033333333333333326,0.48223350253807107,0.40315315315315314,0.07908034938491793,0.7425669520859902,0.6338738082225057,0.1086931438634845,0.46684040472936406,0.3695527799705187,0.09728762475884534
Random Forest,volatility,1.0,14,3230357052596122560,0.7033132530120482,0.6649096385542169,0.03840361445783125,0.6200582984150118,0.5894364486548855,0.030621849760126274,0.41208791208791207,0.35802469135802467,0.054063220729887396,0.45454545454545453,0.4393939393939394,0.015151515151515138,0.4322766570605187,0.3945578231292517,0.037718833931267015,0.7141100382583349,0.6348970668609947,0.07921297139734018,0.4534410905413171,0.3922777982328475,0.06116329230846962
Logistic Regression,volatility,1.0,15,11182824331954826495,0.6927710843373494,0.6362951807228916,0.056475903614457756,0.6536102508046395,0.6332756421934779,0.020334608611161653,0.4148471615720524,0.36507936507936506,0.049767796492687366,0.5757575757575758,0.6272727272727273,-0.051515151515151514,0.48223350253807107,0.46153846153846156,0.020695040999609504,0.7425669520859902,0.6602690228942732,0.08229792919171697,0.46684040472936406,0.38613903363631547,0.08070137109304859
Random Forest,volatility,1.0,15,11182824331954826495,0.7033132530120482,0.6852409638554217,0.01807228915662651,0.6200582984150118,0.625274792008259,-0.005216493593247162,0.41208791208791207,0.3957345971563981,0.016353314931513985,0.45454545454545453,0.5060606060606061,-0.05151515151515157,0.4322766570605187,0.4441489361702128,-0.011872279109694073,0.7141100382583349,0.6663873200947349,0.047722718163599964,0.4534410905413171,0.400667143473242,0.05277394706807509
Logistic Regression,volatility,1.0,16,6692556673181749432,0.6927710843373494,0.6227409638554217,0.0700301204819277,0.6536102508046395,0.6131019614987552,0.04050828930588435,0.4148471615720524,0.3481349911190053,0.06671217045304711,0.5757575757575758,0.593939393939394,-0.018181818181818188,0.48223350253807107,0.43896976483762595,0.043263737700445115,0.7425669520859902,0.6441215764863061,0.09844537559968414,0.46684040472936406,0.3928708714013335,0.07396953332803058
Random Forest,volatility,1.0,16,6692556673181749432,0.7033132530120482,0.6739457831325302,0.029367469879517993,0.6200582984150118,0.6015333697698427,0.01852492864516908,0.41208791208791207,0.3728395061728395,0.03924840591507256,0.45454545454545453,0.4575757575757576,-0.00303030303030305,0.4322766570605187,0.4108843537414966,0.021392303319022088,0.7141100382583349,0.643231918382219,0.07087811987611581,0.4534410905413171,0.41413679863999153,0.03930429190132556
Logistic Regression,volatility,1.0,17,4115997008899817710,0.6927710843373494,0.6408132530120482,0.051957831325301185,0.6536102508046395,0.630196757150665,0.023413493653974493,0.4148471615720524,0.366120218579235,0.048726942992817435,0.5757575757575758,0.6090909090909091,-0.033333333333333326,0.48223350253807107,0.45733788395904434,0.024895618579026724,0.7425669520859902,0.662922815327625,0.07964413675836524,0.46684040472936406,0.39829411461748626,0.0685462901118778
Random Forest,volatility,1.0,17,4115997008899817710,0.7033132530120482,0.6882530120481928,0.015060240963855387,0.6200582984150118,0.6161231554017125,0.003935143013299336,0.41208791208791207,0.3939393939393939,0.018148518148518145,0.45454545454545453,0.4727272727272727,-0.018181818181818188,0.4322766570605187,0.4297520661157025,0.0025245909448162185,0.7141100382583349,0.6688619663569564,0.04524807190137847,0.4534410905413171,0.418719424052375,0.03472166648894209
Logistic Regression,volatility,1.0,18,4827617407015318460,0.6927710843373494,0.6265060240963856,0.06626506024096379,0.6536102508046395,0.6125645229853647,0.041045727819274846,0.4148471615720524,0.3496376811594203,0.06520948041263214,0.5757575757575758,0.5848484848484848,-0.009090909090909038,0.48223350253807107,0.4376417233560091,0.044591779182061975,0.7425669520859902,0.6711939029574301,0.07137304912856013,0.46684040472936406,0.4118360899522864,0.05500431477707768
Random Forest,volatility,1.0,18,4827617407015318460,0.7033132530120482,0.6882530120481928,0.015060240963855387,0.6200582984150118,0.623222201979717,-0.003163903564705195,0.41208791208791207,0.3975609756097561,0.01452693647815595,0.45454545454545453,0.49393939393939396,-0.039393939393939426,0.4322766570605187,0.44054054054054054,-0.008263883480021827,0.7141100382583349,0.6666120119025931,0.04749802635574174,0.4534410905413171,0.4276928165688181,0.025748273972499014
Logistic Regression,volatility,1.0,19,6708230282713959465,0.6927710843373494,0.6061746987951807,0.08659638554216864,0.6536102508046395,0.5848393757211392,0.06877087508350033,0.4148471615720524,0.3248638838475499,0.08998327772450254,0.5757575757575758,0.5424242424242425,0.033333333333333326,0.48223350253807107,0.40635641316685583,0.07587708937121523,0.7425669520859902,0.6358079795955547,0.10675897249043553,0.46684040472936406,0.3776872292737418,0.08915317545562224
Random Forest,volatility,1.0,19,6708230282713959465,0.7033132530120482,0.6686746987951807,0.034638554216867457,0.6200582984150118,0.5909273091637821,0.0291309892512297,0.41208791208791207,0.36180904522613067,0.0502788668617814,0.45454545454545453,0.43636363636363634,0.018181818181818188,0.4322766570605187,0.3956043956043956,0.03667226145612312,0.7141100382583349,0.6330934596465658,0.08101657861176903,0.4534410905413171,0.3996663493906869,0.05377474115063019
Logistic Regression,volatility,1.0,20,6566208794401197341,0.6927710843373494,0.6106927710843374,0.08207831325301196,0.6536102508046395,0.5858170887229004,0.06779316208173913,0.4148471615720524,0.32717190388170053,0.0876752576903519,0.5757575757575758,0.5363636363636364,0.039393939393939426,0.48223350253807107,0.40642939150401836,0.07580411103405271,0.7425669520859902,0.6217525961012935,0.1208143559846967,0.46684040472936406,0.35720814600579004,0.10963225872357402
Random Forest,volatility,1.0,20,6566208794401197341,0.7033132530120482,0.6641566265060241,0.03915662650602403,0.6200582984150118,0.5869071476285905,0.03315115078642128,0.41208791208791207,0.35572139303482586,0.056366519053086206,0.45454545454545453,0.43333333333333335,0.021212121212121182,0.4322766570605187,0.3907103825136612,0.04156627454685752,0.7141100382583349,0.625957976559179,0.0881520616991559,0.4534410905413171,0.38027881792424983,0.07316227261706726
Logistic Regression,volatility,1.0,21,1031481791799952551,0.6927710843373494,0.6129518072289156,0.07981927710843373,0.6536102508046395,0.6207870286026599,0.03282322220197964,0.4148471615720524,0.347682119205298,0.06716504236675441,0.5757575757575758,0.6363636363636364,-0.06060606060606055,0.48223350253807107,0.44967880085653106,0.03255470168154001,0.7425669520859902,0.647312807433048,0.09525414465294224,0.46684040472936406,0.3740976137099761,0.09274279101938798
Random Forest,volatility,1.0,21,1031481791799952551,0.7033132530120482,0.6897590361445783,0.013554216867469826,0.6200582984150118,0.6374081496325985,-0.017349851217586698,0.41208791208791207,0.4055299539170507,0.0065579581708613555,0.45454545454545453,0.5333333333333333,-0.0787878787878788,0.4322766570605187,0.4607329842931937,-0.028456327232674994,0.7141100382583349,0.6752747920082589,0.03883524625007595,0.4534410905413171,0.4138426795394995,0.0395984110018176
Logistic Regression,volatility,1.0,22,11573398637407941160,0.6927710843373494,0.6393072289156626,0.053463855421686746,0.6536102508046395,0.6332513511872229,0.02035889961741666,0.4148471615720524,0.3667262969588551,0.04812086461319731,0.5757575757575758,0.6212121212121212,-0.045454545454545414,0.48223350253807107,0.4611923509561305,0.021041151581940587,0.7425669520859902,0.6747130624886136,0.0678538895973766,0.46684040472936406,0.42142444729846973,0.04541595743089433
Random Forest,volatility,1.0,22,11573398637407941160,0.7033132530120482,0.704066265060241,-0.0007530120481927804,0.6200582984150118,0.6286724965081678,-0.008614198093156,0.41208791208791207,0.41688654353562005,-0.0047986314477079794,0.45454545454545453,0.47878787878787876,-0.024242424242424232,0.4322766570605187,0.44569816643159377,-0.013421509371075058,0.7141100382583349,0.6780591486002308,0.0360508896581041,0.4534410905413171,0.42358640284618965,0.029854687695127446
Logistic Regression,volatility,1.0,23,8193622785555865597,0.6927710843373494,0.6039156626506024,0.08885542168674698,0.6536102508046395,0.5924637153094067,0.06114653549523286,0.4148471615720524,0.32867132867132864,0.08617583290072378,0.5757575757575758,0.5696969696969697,0.0060606060606061,0.48223350253807107,0.41685144124168516,0.06538206129638591,0.7425669520859902,0.6413068561365154,0.10126009594947483,0.46684040472936406,0.3860192872365219,0.08082111749284215
Random Forest,volatility,1.0,23,8193622785555865597,0.7033132530120482,0.677710843373494,0.025602409638554202,0.6200582984150118,0.6111374263678873,0.00892087204712455,0.41208791208791207,0.38164251207729466,0.030445400010617407,0.45454545454545453,0.47878787878787876,-0.024242424242424232,0.4322766570605187,0.42473118279569894,0.007545474264819774,0.7141100382583349,0.6432228092548733,0.07088722900346156,0.4534410905413171,0.3943759591506516,0.05906513139066549
Logistic Regression,volatility,1.0,24,10110215042096462742,0.6927710843373494,0.6046686746987951,0.0881024096385542,0.6536102508046395,0.6010779134025628,0.052532337402076745,0.4148471615720524,0.3339011925042589,0.0809459690677935,0.5757575757575758,0.593939393939394,-0.018181818181818188,0.48223350253807107,0.42748091603053434,0.05475258650753673,0.7425669520859902,0.642818971275885,0.09974798081010516,0.46684040472936406,0.3874003096898208,0.07944009503954325
Random Forest,volatility,1.0,24,10110215042096462742,0.7033132530120482,0.6656626506024096,0.03765060240963858,0.6200582984150118,0.6041355438149025,0.01592275460010928,0.41208791208791207,0.3680555555555556,0.04403235653235649,0.45454545454545453,0.4818181818181818,-0.027272727272727282,0.4322766570605187,0.41732283464566927,0.014953822414849438,0.7141100382583349,0.6529817210177933,0.061128317240541574,0.4534410905413171,0.41681792367875675,0.03662316686256034
Logistic Regression,volatility,1.0,25,4870198022277019845,0.6927710843373494,0.5918674698795181,0.10090361445783125,0.6536102508046395,0.5854618327564219,0.06814841804821758,0.4148471615720524,0.32033898305084746,0.09450817852120497,0.5757575757575758,0.5727272727272728,0.00303030303030305,0.48223350253807107,0.4108695652173913,0.07136393732067975,0.7425669520859902,0.6366642375660412,0.10590271451994904,0.46684040472936406,0.37355749548905537,0.09328290924030869
Random Forest,volatility,1.0,25,4870198022277019845,0.7033132530120482,0.6664156626506024,0.0368975903614458,0.6200582984150118,0.6066648448411975,0.013393453573814273,0.41208791208791207,0.3701149425287356,0.041972969559176454,0.45454545454545453,0.48787878787878786,-0.033333333333333326,0.4322766570605187,0.42091503267973857,0.011361624380780144,0.7141100382583349,0.6551314750713548,0.058978563186980026,0.4534410905413171,0.398535499538956,0.05490559100236109
Logistic Regression,volatility,1.0,26,15911345174841507190,0.6927710843373494,0.6393072289156626,0.053463855421686746,0.6536102508046395,0.6271664541203619,0.026443796684277654,0.4148471615720524,0.36380255941499084,0.05104460215706158,0.5757575757575758,0.603030303030303,-0.027272727272727226,0.48223350253807107,0.45381984036488027,0.0284136621731908,0.7425669520859902,0.6599775308192142,0.08258942126677604,0.46684040472936406,0.39138951873983696,0.0754508859895271
Random Forest,volatility,1.0,26,15911345174841507190,0.7033132530120482,0.6859939759036144,0.017319277108433728,0.6200582984150118,0.6146201493896885,0.005438149025323358,0.41208791208791207,0.39097744360902253,0.021110468478889532,0.45454545454545453,0.4727272727272727,-0.018181818181818188,0.4322766570605187,0.4279835390946502,0.004293117965868509,0.7141100382583349,0.6763162689014391,0.03779376935689571,0.4534410905413171,0.4271550883503734,0.02628600219094368
Logistic Regression,volatility,1.0,27,8474900772799473098,0.6927710843373494,0.6144578313253012,0.07831325301204817,0.6536102508046395,0.6177324345661019,0.035877816238537585,0.4148471615720524,0.3468013468013468,0.06804581477070565,0.5757575757575758,0.6242424242424243,-0.048484848484848464,0.48223350253807107,0.4458874458874459,0.03634605665062518,0.7425669520859902,0.6573662476468087,0.08520070443918148,0.46684040472936406,0.3880283411407296,0.07881206358863446
Random Forest,volatility,1.0,27,8474900772799473098,0.7033132530120482,0.6814759036144579,0.0218373493975903,0.6200582984150118,0.6156707354102144,0.004387563004797368,0.41208791208791207,0.387409200968523,0.024678711119389074,0.45454545454545453,0.48484848484848486,-0.03030303030303033,0.4322766570605187,0.4306864064602961,0.0015902506002226091,0.7141100382583349,0.6609127345600291,0.053197303698305776,0.4534410905413171,0.4070264933892199,0.04641459715209717
Logistic Regression,volatility,1.0,28,11917842480383810339,0.6927710843373494,0.5865963855421686,0.10617469879518071,0.6536102508046395,0.5819548187283659,0.07165543207627367,0.4148471615720524,0.3165829145728643,0.09826424699918812,0.5757575757575758,0.5727272727272728,0.00303030303030305,0.48223350253807107,0.4077669902912621,0.07446651224680895,0.7425669520859902,0.6477591546729823,0.09480779741300793,0.46684040472936406,0.384500047829169,0.08234035690019503
Random Forest,volatility,1.0,28,11917842480383810339,0.7033132530120482,0.6596385542168675,0.04367469879518071,0.6200582984150118,0.5930284812048339,0.027029817210177942,0.41208791208791207,0.3568075117370892,0.05528040035082288,0.45454545454545453,0.46060606060606063,-0.0060606060606061,0.4322766570605187,0.4021164021164021,0.030160254944116616,0.7141100382583349,0.6455911823647293,0.06851885589360551,0.4534410905413171,0.4097699970634125,0.0436710934779046
Logistic Regression,volatility,1.0,29,6301372510678257799,0.6927710843373494,0.6423192771084337,0.050451807228915624,0.6536102508046395,0.631198761158681,0.022411489645958516,0.4148471615720524,0.36745886654478976,0.04738829502726266,0.5757575757575758,0.6090909090909091,-0.033333333333333326,0.48223350253807107,0.4583808437856328,0.02385265875243825,0.7425669520859902,0.6651515151515152,0.07741543693447506,0.46684040472936406,0.3932545199696095,0.07358588475975458
Random Forest,volatility,1.0,29,6301372510678257799,0.7033132530120482,0.6769578313253012,0.026355421686746983,0.6200582984150118,0.6086081253415923,0.011450173073419556,0.41208791208791207,0.3795620437956204,0.03252586829229165,0.45454545454545453,0.4727272727272727,-0.018181818181818188,0.4322766570605187,0.42105263157894735,0.011224025481571365,0.7141100382583349,0.6586233072205016,0.0554867310378333,0.4534410905413171,0.40995316428009654,0.043487926261220555
Logistic Regression,momentum,0.05,0,4127135625790613623,0.6927710843373494,0.6935240963855421,-0.0007530120481927804,0.6536102508046395,0.655125402319791,-0.0015151515151514694,0.4148471615720524,0.41612200435729846,-0.0012748427852460331,0.5757575757575758,0.5787878787878787,-0.003030303030302939,0.48223350253807107,0.4841571609632446,-0.0019236584251735578,0.7425669520859902,0.743095281472035,-0.0005283293860447458,0.46684040472936406,0.46730018212161656,-0.0004597773922525028
Random Forest,momentum,0.05,0,4127135625790613623,0.7033132530120482,0.7048192771084337,-0.001506024096385561,0.6200582984150118,0.6220744519341713,-0.0020161535191595137,0.41208791208791207,0.41483516483516486,-0.002747252747252793,0.45454545454545453,0.4575757575757576,-0.00303030303030305,0.4322766570605187,0.43515850144092216,-0.0028818443804034533,0.7141100382583349,0.7146869496568896,-0.000576911398554758,0.4534410905413171,0.45368982454248546,-0.0002487340011683714
Logistic Regression,momentum,0.05,1,11785369789506215509,0.6927710843373494,0.6927710843373494,0.0,0.6536102508046395,0.6536102508046395,0.0,0.4148471615720524,0.4148471615720524,0.0,0.5757575757575758,0.5757575757575758,0.0,0.48223350253807107,0.48223350253807107,0.0,0.7425669520859902,0.7422815327624946,0.00028541932349557264,0.46684040472936406,0.4660336451683789,0.0008067595609851375
Random Forest,momentum,0.05,1,11785369789506215509,0.7033132530120482,0.704066265060241,-0.0007530120481927804,0.6200582984150118,0.6215734499301634,-0.0015151515151515804,0.41208791208791207,0.4136986301369863,-0.0016107180490742556,0.45454545454545453,0.4575757575757576,-0.00303030303030305,0.4322766570605187,0.43453237410071943,-0.002255717040200722,0.7141100382583349,0.71358170887229,0.0005283293860448568,0.4534410905413171,0.4538903218915339,-0.0004492313502167944
Logistic Regression,momentum,0.05,2,2785534580358929008,0.6927710843373494,0.6950301204819277,-0.0022590361445783413,0.6536102508046395,0.6551132568166637,-0.0015030060120241329,0.4148471615720524,0.4175824175824176,-0.0027352560103651724,0.5757575757575758,0.5757575757575758,0.0,0.48223350253807107,0.4840764331210191,-0.0018429305829480436,0.7425669520859902,0.7421874051132568,0.0003795469727334577,0.46684040472936406,0.46677943489255747,6.0969836806590294e-05
Random Forest,momentum,0.05,2,2785534580358929008,0.7033132530120482,0.7063253012048193,-0.003012048192771122,0.6200582984150118,0.6220623064310439,-0.002004008016032066,0.41208791208791207,0.4166666666666667,-0.004578754578754618,0.45454545454545453,0.45454545454545453,0.0,0.4322766570605187,0.43478260869565216,-0.002505951635133452,0.7141100382583349,0.7135300904839983,0.0005799477743365644,0.4534410905413171,0.45266592576141035,0.0007751647799067451
Logistic Regression,momentum,0.05,3,13158371413998226828,0.6927710843373494,0.6950301204819277,-0.0022590361445783413,0.6536102508046395,0.6581557053500942,-0.00454545454545463,0.4148471615720524,0.41865509761388287,-0.0038079360418304398,0.5757575757575758,0.5848484848484848,-0.009090909090909038,0.48223350253807107,0.4879898862199747,-0.005756383681903621,0.7425669520859902,0.7428614805368312,-0.0002945284508409918,0.46684040472936406,0.4667257380970547,0.00011466663230935703
Random Forest,momentum,0.05,3,13158371413998226828,0.7033132530120482,0.7025602409638554,0.0007530120481927804,0.6200582984150118,0.6195572964110038,0.0005010020040080443,0.41208791208791207,0.410958904109589,0.0011290079783230489,0.45454545454545453,0.45454545454545453,0.0,0.4322766570605187,0.4316546762589928,0.0006219808015259232,0.7141100382583349,0.7140887836278619,2.125463047297771e-05,0.4534410905413171,0.4516969747046492,0.0017441158366678922
Logistic Regression,momentum,0.05,4,1208544514077611043,0.6927710843373494,0.6950301204819277,-0.0022590361445783413,0.6536102508046395,0.6581557053500942,-0.00454545454545463,0.4148471615720524,0.41865509761388287,-0.0038079360418304398,0.5757575757575758,0.5848484848484848,-0.009090909090909038,0.48223350253807107,0.4879898862199747,-0.005756383681903621,0.7425669520859902,0.7427187708750835,-0.00015181878909331648,0.46684040472936406,0.4671017886896343,-0.0002613839602702561
Random Forest,momentum,0.05,4,1208544514077611043,0.7033132530120482,0.7003012048192772,0.0030120481927710108,0.6200582984150118,0.6170401408878363,0.0030181575271754912,0.41208791208791207,0.40710382513661203,0.004984086951300037,0.45454545454545453,0.45151515151515154,0.0030303030303029943,0.4322766570605187,0.4281609195402299,0.00411573752028882,0.7141100382583349,0.7139642922208054,0.00014574603752948168,0.4534410905413171,0.45178694068922043,0.0016541498520966647
Logistic Regression,momentum,0.05,5,9663282447566585165,0.6927710843373494,0.6942771084337349,-0.001506024096385561,0.6536102508046395,0.6535981053015121,1.2145503127447554e-05,0.4148471615720524,0.41629955947136565,-0.0014523978993132292,0.5757575757575758,0.5727272727272728,0.00303030303030305,0.48223350253807107,0.48214285714285715,9.064539521391746e-05,0.7425669520859902,0.7428068257727577,-0.00023987368676747778,0.46684040472936406,0.46704037536692056,-0.00019997063755650135
Random Forest,momentum,0.05,5,9663282447566585165,0.7033132530120482,0.7070783132530121,-0.0037650602409639022,0.6200582984150118,0.6235774579461955,-0.0035191595311836465,0.41208791208791207,0.4182825484764543,-0.0061946363885422295,0.45454545454545453,0.4575757575757576,-0.00303030303030305,0.4322766570605187,0.4370477568740955,-0.004771099813576818,0.7141100382583349,0.7142740025505556,-0.00016396429222076403,0.4534410905413171,0.45391220766828755,-0.00047111712697045505
Logistic Regression,momentum,0.05,6,7807411739920064367,0.6927710843373494,0.6927710843373494,0.0,0.6536102508046395,0.6556385498269266,-0.0020282990222870723,0.4148471615720524,0.4155844155844156,-0.0007372540123631866,0.5757575757575758,0.5818181818181818,-0.006060606060605989,0.48223350253807107,0.48484848484848486,-0.0026149823104137937,0.7425669520859902,0.74211149571871,0.00045545636728017147,0.46684040472936406,0.46711470196196897,-0.00027429723260491423
Random Forest,momentum,0.05,6,7807411739920064367,0.7033132530120482,0.704066265060241,-0.0007530120481927804,0.6200582984150118,0.6205593004190199,-0.0005010020040080443,0.41208791208791207,0.4132231404958678,-0.001135228407955713,0.45454545454545453,0.45454545454545453,0.0,0.4322766570605187,0.4329004329004329,-0.0006237758399141868,0.7141100382583349,0.7136636910184004,0.00044634723993441927,0.4534410905413171,0.4538613589143081,-0.00042026837299102837
Logistic Regression,momentum,0.05,7,10412865280010772698,0.6927710843373494,0.697289156626506,-0.004518072289156683,0.6536102508046395,0.6576304123398311,-0.00402016153519158,0.4148471615720524,0.42070484581497797,-0.005857684242925543,0.5757575757575758,0.5787878787878787,-0.003030303030302939,0.48223350253807107,0.4872448979591837,-0.005011395421112619,0.7425669520859902,0.742639825104755,-7.287301876479635e-05,0.46684040472936406,0.4671739565815424,-0.0003335518521783709
Random Forest,momentum,0.05,7,10412865280010772698,0.7033132530120482,0.7025602409638554,0.0007530120481927804,0.6200582984150118,0.6195572964110038,0.0005010020040080443,0.41208791208791207,0.410958904109589,0.0011290079783230489,0.45454545454545453,0.45454545454545453,0.0,0.4322766570605187,0.4316546762589928,0.0006219808015259232,0.7141100382583349,0.713651545515273,0.0004584927430618668,0.4534410905413171,0.4536770990587237,-0.00023600851740662732
Logistic Regression,momentum,0.05,8,12103686135755414618,0.6927710843373494,0.6980421686746988,-0.005271084337349463,0.6536102508046395,0.6591455638549827,-0.00553531305034316,0.4148471615720524,0.421978021978022,-0.007130860405969552,0.5757575757575758,0.5818181818181818,-0.006060606060605989,0.48223350253807107,0.489171974522293,-0.006938471984221928,0.7425669520859902,0.7424606789336249,0.00010627315236533263,0.46684040472936406,0.46712897880871485,-0.0002885740793507896
Random Forest,momentum,0.05,8,12103686135755414618,0.7033132530120482,0.7055722891566265,-0.0022590361445783413,0.6200582984150118,0.6205471549158924,-0.0004888565008805967,0.41208791208791207,0.415041782729805,-0.002953870641892953,0.45454545454545453,0.45151515151515154,0.0030303030303029943,0.4322766570605187,0.432510885341074,-0.0002342282805553042,0.7141100382583349,0.7134086354527236,0.000701402805611262,0.4534410905413171,0.4527630661434785,0.0006780243978385947
Logistic Regression,momentum,0.05,9,8900802823077184305,0.6927710843373494,0.6927710843373494,0.0,0.6536102508046395,0.6536102508046395,0.0,0.4148471615720524,0.4148471615720524,0.0,0.5757575757575758,0.5757575757575758,0.0,0.48223350253807107,0.48223350253807107,0.0,0.7425669520859902,0.7425851703406814,-1.821825469117133e-05,0.46684040472936406,0.46642548422674723,0.00041492050261682234
Random Forest,momentum,0.05,9,8900802823077184305,0.7033132530120482,0.7048192771084337,-0.001506024096385561,0.6200582984150118,0.6220744519341713,-0.0020161535191595137,0.41208791208791207,0.41483516483516486,-0.002747252747252793,0.45454545454545453,0.4575757575757576,-0.00303030303030305,0.4322766570605187,0.43515850144092216,-0.0028818443804034533,0.7141100382583349,0.7143408028177568,-0.00023076455942194762,0.4534410905413171,0.4525186570027381,0.000922433538579015
Logistic Regression,momentum,0.05,10,18306770516816783079,0.6927710843373494,0.6950301204819277,-0.0022590361445783413,0.6536102508046395,0.6571415558389506,-0.003531305034311094,0.4148471615720524,0.41830065359477125,-0.0034534920227188293,0.5757575757575758,0.5818181818181818,-0.006060606060605989,0.48223350253807107,0.4866920152091255,-0.004458512671054404,0.7425669520859902,0.7419566405538349,0.0006103115321552943,0.46684040472936406,0.4667656483867754,7.475634258863328e-05
Random Forest,momentum,0.05,10,18306770516816783079,0.7033132530120482,0.7033132530120482,0.0,0.6200582984150118,0.6200582984150118,0.0,0.41208791208791207,0.41208791208791207,0.0,0.45454545454545453,0.45454545454545453,0.0,0.4322766570605187,0.4322766570605187,0.0,0.7141100382583349,0.7131869800206474,0.0009230582376874574,0.4534410905413171,0.45139062459206847,0.0020504659492486255
Logistic Regression,momentum,0.05,11,12316721947355898142,0.6927710843373494,0.6957831325301205,-0.003012048192771122,0.6536102508046395,0.6566284083318151,-0.0030181575271756023,0.4148471615720524,0.41885964912280704,-0.004012487550754618,0.5757575757575758,0.5787878787878787,-0.003030303030302939,0.48223350253807107,0.4860050890585242,-0.0037715865204531185,0.7425669520859902,0.7424758608125341,9.10912734560787e-05,0.46684040472936406,0.46733491692513696,-0.0004945121957729004
Random Forest,momentum,0.05,11,12316721947355898142,0.7033132530120482,0.7070783132530121,-0.0037650602409639022,0.6200582984150118,0.6235774579461955,-0.0035191595311836465,0.41208791208791207,0.4182825484764543,-0.0061946363885422295,0.45454545454545453,0.4575757575757576,-0.00303030303030305,0.4322766570605187,0.4370477568740955,-0.004771099813576818,0.7141100382583349,0.7144622578490315,-0.0003522195906966452,0.4534410905413171,0.45400382855952875,-0.0005627380182116615
Logistic Regression,momentum,0.05,12,16752175852304636838,0.6927710843373494,0.6942771084337349,-0.001506024096385561,0.6536102508046395,0.6566405538349426,-0.00303030303030305,0.4148471615720524,0.41739130434782606,-0.002544142775773639,0.5757575757575758,0.5818181818181818,-0.006060606060605989,0.48223350253807107,0.4860759493670886,-0.0038424468290175207,0.7425669520859902,0.7432926458978564,-0.0007256938118661571,0.46684040472936406,0.4673129397599325,-0.0004725350305684328
Random Forest,momentum,0.05,12,16752175852304636838,0.7033132530120482,0.704066265060241,-0.0007530120481927804,0.6200582984150118,0.6205593004190199,-0.0005010020040080443,0.41208791208791207,0.4132231404958678,-0.001135228407955713,0.45454545454545453,0.45454545454545453,0.0,0.4322766570605187,0.4329004329004329,-0.0006237758399141868,0.7141100382583349,0.7150877512600959,-0.0009777130017610824,0.4534410905413171,0.4549191159685434,-0.0014780254272263038
Logistic Regression,momentum,0.05,13,7078765029169281806,0.6927710843373494,0.6965361445783133,-0.0037650602409639022,0.6536102508046395,0.6571294103358232,-0.0035191595311836465,0.4148471615720524,0.4197802197802198,-0.004933058208167362,0.5757575757575758,0.5787878787878787,-0.003030303030302939,0.48223350253807107,0.48662420382165605,-0.004390701283584986,0.7425669520859902,0.7423574421570414,0.0002095099289488589,0.46684040472936406,0.46636414652001057,0.00047625820935348617
Random Forest,momentum,0.05,13,7078765029169281806,0.7033132530120482,0.7070783132530121,-0.0037650602409639022,0.6200582984150118,0.6225633084350519,-0.0025050100200401104,0.41208791208791207,0.4178272980501393,-0.005739385962227228,0.45454545454545453,0.45454545454545453,0.0,0.4322766570605187,0.43541364296081275,-0.0031369859002940426,0.7141100382583349,0.7130321248557722,0.0010779134025626913,0.4534410905413171,0.4518390981901648,0.0016019923511522705
Logistic Regression,momentum,0.05,14,10761378628624813154,0.6927710843373494,0.6957831325301205,-0.003012048192771122,0.6536102508046395,0.6566284083318151,-0.0030181575271756023,0.4148471615720524,0.41885964912280704,-0.004012487550754618,0.5757575757575758,0.5787878787878787,-0.003030303030302939,0.48223350253807107,0.4860050890585242,-0.0037715865204531185,0.7425669520859902,0.7418716220319426,0.0006953300540476492,0.46684040472936406,0.465986748539725,0.0008536561896390626
Random Forest,momentum,0.05,14,10761378628624813154,0.7033132530120482,0.7048192771084337,-0.001506024096385561,0.6200582984150118,0.6220744519341713,-0.0020161535191595137,0.41208791208791207,0.41483516483516486,-0.002747252747252793,0.45454545454545453,0.4575757575757576,-0.00303030303030305,0.4322766570605187,0.43515850144092216,-0.0028818443804034533,0.7141100382583349,0.7129349608307525,0.0011750774275823828,0.4534410905413171,0.45106201118010353,0.0023790793612135652
Logistic Regression,momentum,0.05,15,6837815195178263447,0.6927710843373494,0.6950301204819277,-0.0022590361445783413,0.6536102508046395,0.6571415558389506,-0.003531305034311094,0.4148471615720524,0.41830065359477125,-0.0034534920227188293,0.5757575757575758,0.5818181818181818,-0.006060606060605989,0.48223350253807107,0.4866920152091255,-0.004458512671054404,0.7425669520859902,0.7425335519523897,3.3400133600536286e-05,0.46684040472936406,0.46713180975402624,-0.00029140502466218354
Random Forest,momentum,0.05,15,6837815195178263447,0.7033132530120482,0.7018072289156626,0.001506024096385561,0.6200582984150118,0.6190562944069958,0.0010020040080159776,0.41208791208791207,0.4098360655737705,0.0022518465141415644,0.45454545454545453,0.45454545454545453,0.0,0.4322766570605187,0.43103448275862066,0.001242174301898047,0.7141100382583349,0.713035161231554,0.001074877026780885,0.4534410905413171,0.45334110292980057,9.998761151652769e-05
Logistic Regression,momentum,0.05,16,8804451388575602274,0.6927710843373494,0.6942771084337349,-0.001506024096385561,0.6536102508046395,0.6556264043237992,-0.0020161535191596247,0.4148471615720524,0.4170305676855895,-0.0021834061135370675,0.5757575757575758,0.5787878787878787,-0.003030303030302939,0.48223350253807107,0.4847715736040609,-0.0025380710659898553,0.7425669520859902,0.7430740268415618,-0.000507074755571546,0.46684040472936406,0.4668688835850514,-2.8478855687352755e-05
Random Forest,momentum,0.05,16,8804451388575602274,0.7033132530120482,0.7048192771084337,-0.001506024096385561,0.6200582984150118,0.6220744519341713,-0.0020161535191595137,0.41208791208791207,0.41483516483516486,-0.002747252747252793,0.45454545454545453,0.4575757575757576,-0.00303030303030305,0.4322766570605187,0.43515850144092216,-0.0028818443804034533,0.7141100382583349,0.7151575879030789,-0.0010475496447440724,0.4534410905413171,0.4551466469829987,-0.0017055564416816327
Logistic Regression,momentum,0.05,17,8777903877448762389,0.6927710843373494,0.6935240963855421,-0.0007530120481927804,0.6536102508046395,0.6561395518309345,-0.0025293010262950055,0.4148471615720524,0.4164859002169197,-0.0016387386448672991,0.5757575757575758,0.5818181818181818,-0.006060606060605989,0.48223350253807107,0.4854614412136536,-0.00322793867558252,0.7425669520859902,0.742254205380458,0.0003127467055321631,0.46684040472936406,0.4669879420047195,-0.00014753727535543604
Random Forest,momentum,0.05,17,8777903877448762389,0.7033132530120482,0.7055722891566265,-0.0022590361445783413,0.6200582984150118,0.6235896034493229,-0.003531305034311094,0.41208791208791207,0.41643835616438357,-0.004350444076471505,0.45454545454545453,0.46060606060606063,-0.0060606060606061,0.4322766570605187,0.437410071942446,-0.005133414881927312,0.7141100382583349,0.7131444707597013,0.0009655674986335239,0.4534410905413171,0.45253060441615023,0.000910486125166865
Logistic Regression,momentum,0.05,18,14673163390662449548,0.6927710843373494,0.6942771084337349,-0.001506024096385561,0.6536102508046395,0.6546122548126556,-0.0010020040080160886,0.4148471615720524,0.4166666666666667,-0.00181950509461426,0.5757575757575758,0.5757575757575758,0.0,0.48223350253807107,0.48346055979643765,-0.0012270572583665817,0.7425669520859902,0.7426307159774093,-6.376389141904415e-05,0.46684040472936406,0.46652115435786445,0.000319250371499602
Random Forest,momentum,0.05,18,14673163390662449548,0.7033132530120482,0.7033132530120482,0.0,0.6200582984150118,0.6200582984150118,0.0,0.41208791208791207,0.41208791208791207,0.0,0.45454545454545453,0.45454545454545453,0.0,0.4322766570605187,0.4322766570605187,0.0,0.7141100382583349,0.7132234165300297,0.0008866217283051148,0.4534410905413171,0.45214023726782016,0.001300853273496938
Logistic Regression,momentum,0.05,19,5154598741128114802,0.6927710843373494,0.6935240963855421,-0.0007530120481927804,0.6536102508046395,0.6541112528086477,-0.0005010020040081553,0.4148471615720524,0.41575492341356673,-0.0009077618415143096,0.5757575757575758,0.5757575757575758,0.0,0.48223350253807107,0.48284625158831,-0.0006127490502389477,0.7425669520859902,0.7428311167790127,-0.0002641646930224839,0.46684040472936406,0.4667520679660139,8.833676335018303e-05
Random Forest,momentum,0.05,19,5154598741128114802,0.7033132530120482,0.704066265060241,-0.0007530120481927804,0.6200582984150118,0.6215734499301634,-0.0015151515151515804,0.41208791208791207,0.4136986301369863,-0.0016107180490742556,0.45454545454545453,0.4575757575757576,-0.00303030303030305,0.4322766570605187,0.43453237410071943,-0.002255717040200722,0.7141100382583349,0.7142557842958643,-0.00014574603752948168,0.4534410905413171,0.45429781976623823,-0.0008567292249211378
Logistic Regression,momentum,0.05,20,13356478874941926871,0.6927710843373494,0.6980421686746988,-0.005271084337349463,0.6536102508046395,0.6611738628772696,-0.0075636120726301215,0.4148471615720524,0.4226579520697168,-0.007810790497664366,0.5757575757575758,0.5878787878787879,-0.012121212121212088,0.48223350253807107,0.4917617237008872,-0.009528221162816153,0.7425669520859902,0.7422450962531123,0.0003218558328779153,0.46684040472936406,0.4666723427503089,0.0001680619790551674
Random Forest,momentum,0.05,20,13356478874941926871,0.7033132530120482,0.7018072289156626,0.001506024096385561,0.6200582984150118,0.6190562944069958,0.0010020040080159776,0.41208791208791207,0.4098360655737705,0.0022518465141415644,0.45454545454545453,0.45454545454545453,0.0,0.4322766570605187,0.43103448275862066,0.001242174301898047,0.7141100382583349,0.7123489403048522,0.001761097953482671,0.4534410905413171,0.4519706273033522,0.001470463237964903
Logistic Regression,momentum,0.05,21,15108084133959434432,0.6927710843373494,0.6927710843373494,0.0,0.6536102508046395,0.6556385498269266,-0.0020282990222870723,0.4148471615720524,0.4155844155844156,-0.0007372540123631866,0.5757575757575758,0.5818181818181818,-0.006060606060605989,0.48223350253807107,0.48484848484848486,-0.0026149823104137937,0.7425669520859902,0.742205623367948,0.00036132871804217537,0.46684040472936406,0.46628936734745563,0.0005510373819084258
Random Forest,momentum,0.05,21,15108084133959434432,0.7033132530120482,0.7048192771084337,-0.001506024096385561,0.6200582984150118,0.6210603024230279,-0.0010020040080160886,0.41208791208791207,0.4143646408839779,-0.00227672879606583,0.45454545454545453,0.45454545454545453,0.0,0.4322766570605187,0.43352601156069365,-0.0012493545001749373,0.7141100382583349,0.7131596526386106,0.0009503856197242699,0.4534410905413171,0.45272351615929435,0.0007175743820227454
Logistic Regression,momentum,0.05,22,8232145402345143573,0.6927710843373494,0.6927710843373494,0.0,0.6536102508046395,0.6546244003157831,-0.0010141495111435361,0.4148471615720524,0.4152173913043478,-0.0003702297322953907,0.5757575757575758,0.5787878787878787,-0.003030303030302939,0.48223350253807107,0.4835443037974684,-0.0013108012593973095,0.7425669520859902,0.7427946802696301,-0.0002277281836399192,0.46684040472936406,0.4673015374695741,-0.00046113274021003514
Random Forest,momentum,0.05,22,8232145402345143573,0.7033132530120482,0.7018072289156626,0.001506024096385561,0.6200582984150118,0.6190562944069958,0.0010020040080159776,0.41208791208791207,0.4098360655737705,0.0022518465141415644,0.45454545454545453,0.45454545454545453,0.0,0.4322766570605187,0.43103448275862066,0.001242174301898047,0.7141100382583349,0.7147112406631445,-0.0006012024048096531,0.4534410905413171,0.4535725140153182,-0.00013142347400108
Logistic Regression,momentum,0.05,23,11842559372717099093,0.6927710843373494,0.6905120481927711,0.0022590361445782303,0.6536102508046395,0.651093095281472,0.002517155523167558,0.4148471615720524,0.4117647058823529,0.0030824556896995037,0.5757575757575758,0.5727272727272728,0.00303030303030305,0.48223350253807107,0.4790874524714829,0.0031460500665881908,0.7425669520859902,0.7423301147750043,0.00023683731098589345,0.46684040472936406,0.46713135907142445,-0.00029095434206038995
Random Forest,momentum,0.05,23,11842559372717099093,0.7033132530120482,0.7070783132530121,-0.0037650602409639022,0.6200582984150118,0.6235774579461955,-0.0035191595311836465,0.41208791208791207,0.4182825484764543,-0.0061946363885422295,0.45454545454545453,0.4575757575757576,-0.00303030303030305,0.4322766570605187,0.4370477568740955,-0.004771099813576818,0.7141100382583349,0.7142861480536832,-0.0001761097953483226,0.4534410905413171,0.45245155864915665,0.0009895318921604446
Logistic Regression,momentum,0.05,24,10029192157459049603,0.6927710843373494,0.6942771084337349,-0.001506024096385561,0.6536102508046395,0.6556264043237992,-0.0020161535191596247,0.4148471615720524,0.4170305676855895,-0.0021834061135370675,0.5757575757575758,0.5787878787878787,-0.003030303030302939,0.48223350253807107,0.4847715736040609,-0.0025380710659898553,0.7425669520859902,0.7426367887289731,-6.983664298287895e-05,0.46684040472936406,0.46637914968606076,0.00046125504330329914
Random Forest,momentum,0.05,24,10029192157459049603,0.7033132530120482,0.7025602409638554,0.0007530120481927804,0.6200582984150118,0.6195572964110038,0.0005010020040080443,0.41208791208791207,0.410958904109589,0.0011290079783230489,0.45454545454545453,0.45454545454545453,0.0,0.4322766570605187,0.4316546762589928,0.0006219808015259232,0.7141100382583349,0.7148478775733285,-0.0007378393149936047,0.4534410905413171,0.45352640620019824,-8.531565888114656e-05
Logistic Regression,momentum,0.05,25,10288876097224912378,0.6927710843373494,0.6950301204819277,-0.0022590361445783413,0.6536102508046395,0.6571415558389506,-0.003531305034311094,0.4148471615720524,0.41830065359477125,-0.0034534920227188293,0.5757575757575758,0.5818181818181818,-0.006060606060605989,0.48223350253807107,0.4866920152091255,-0.004458512671054404,0.7425669520859902,0.7425517702070807,1.5181878909475977e-05,0.46684040472936406,0.4658777529261132,0.0009626518032508358
Random Forest,momentum,0.05,25,10288876097224912378,0.7033132530120482,0.704066265060241,-0.0007530120481927804,0.6200582984150118,0.6205593004190199,-0.0005010020040080443,0.41208791208791207,0.4132231404958678,-0.001135228407955713,0.45454545454545453,0.45454545454545453,0.0,0.4322766570605187,0.4329004329004329,-0.0006237758399141868,0.7141100382583349,0.7135877816238538,0.000522256634481022,0.4534410905413171,0.4537019827600661,-0.00026089221874903146
Logistic Regression,momentum,0.05,26,14950659555912990578,0.6927710843373494,0.6935240963855421,-0.0007530120481927804,0.6536102508046395,0.655125402319791,-0.0015151515151514694,0.4148471615720524,0.41612200435729846,-0.0012748427852460331,0.5757575757575758,0.5787878787878787,-0.003030303030302939,0.48223350253807107,0.4841571609632446,-0.0019236584251735578,0.7425669520859902,0.7427521710086841,-0.00018521892269385276,0.46684040472936406,0.46701975109571664,-0.00017934636635258405
Random Forest,momentum,0.05,26,14950659555912990578,0.7033132530120482,0.7033132530120482,0.0,0.6200582984150118,0.6210724479261553,-0.0010141495111435361,0.41208791208791207,0.412568306010929,-0.00048039392301690853,0.45454545454545453,0.4575757575757576,-0.00303030303030305,0.4322766570605187,0.4339080459770115,-0.001631388916492782,0.7141100382583349,0.7138732009473492,0.0002368373109856714,0.4534410905413171,0.452347883137428,0.0010932074038890738
Logistic Regression,momentum,0.05,27,6933884773710176247,0.6927710843373494,0.6950301204819277,-0.0022590361445783413,0.6536102508046395,0.6561274063278071,-0.002517155523167558,0.4148471615720524,0.4179431072210066,-0.003095945648954157,0.5757575757575758,0.5787878787878787,-0.003030303030302939,0.48223350253807107,0.48538754764930114,-0.003154045111230075,0.7425669520859902,0.7422633145078034,0.000303637578186855,0.46684040472936406,0.46653115302272335,0.0003092517066407008
Random Forest,momentum,0.05,27,6933884773710176247,0.7033132530120482,0.7063253012048193,-0.003012048192771122,0.6200582984150118,0.6230764559421874,-0.0030181575271756023,0.41208791208791207,0.4171270718232044,-0.005039159735292342,0.45454545454545453,0.4575757575757576,-0.00303030303030305,0.4322766570605187,0.43641618497109824,-0.004139527910579532,0.7141100382583349,0.7139066010809498,0.0002034371773850241,0.4534410905413171,0.45164941281248094,0.0017916777288361496
Logistic Regression,momentum,0.05,28,7990603345563865166,0.6927710843373494,0.6950301204819277,-0.0022590361445783413,0.6536102508046395,0.6581557053500942,-0.00454545454545463,0.4148471615720524,0.41865509761388287,-0.0038079360418304398,0.5757575757575758,0.5848484848484848,-0.009090909090909038,0.48223350253807107,0.4879898862199747,-0.005756383681903621,0.7425669520859902,0.742846298657922,-0.00027934657193173784,0.46684040472936406,0.466487161621615,0.000353243107749035
Random Forest,momentum,0.05,28,7990603345563865166,0.7033132530120482,0.704066265060241,-0.0007530120481927804,0.6200582984150118,0.6205593004190199,-0.0005010020040080443,0.41208791208791207,0.4132231404958678,-0.001135228407955713,0.45454545454545453,0.45454545454545453,0.0,0.4322766570605187,0.4329004329004329,-0.0006237758399141868,0.7141100382583349,0.7144622578490314,-0.0003522195906965342,0.4534410905413171,0.45273574801807387,0.0007053425232432242
Logistic Regression,momentum,0.05,29,13800214519741246881,0.6927710843373494,0.6942771084337349,-0.001506024096385561,0.6536102508046395,0.6546122548126556,-0.0010020040080160886,0.4148471615720524,0.4166666666666667,-0.00181950509461426,0.5757575757575758,0.5757575757575758,0.0,0.48223350253807107,0.48346055979643765,-0.0012270572583665817,0.7425669520859902,0.7423999514179875,0.00016700066800268143,0.46684040472936406,0.466186340461737,0.0006540642676270414
Random Forest,momentum,0.05,29,13800214519741246881,0.7033132530120482,0.7018072289156626,0.001506024096385561,0.6200582984150118,0.6180421448958523,0.0020161535191595137,0.41208791208791207,0.40934065934065933,0.0027472527472527375,0.45454545454545453,0.45151515151515154,0.0030303030303029943,0.4322766570605187,0.42939481268011526,0.0028818443804034533,0.7141100382583349,0.7135938543754174,0.0005161838829174092,0.4534410905413171,0.45302510552401587,0.0004159850173012236
Logistic Regression,momentum,0.1,0,1974008500009934933,0.6927710843373494,0.6950301204819277,-0.0022590361445783413,0.6536102508046395,0.6581557053500942,-0.00454545454545463,0.4148471615720524,0.41865509761388287,-0.0038079360418304398,0.5757575757575758,0.5848484848484848,-0.009090909090909038,0.48223350253807107,0.4879898862199747,-0.005756383681903621,0.7425669520859902,0.7436630837432441,-0.0010961316572538626,0.46684040472936406,0.46787072725715834,-0.0010303225277942807
Random Forest,momentum,0.1,0,1974008500009934933,0.7033132530120482,0.7048192771084337,-0.001506024096385561,0.6200582984150118,0.6220744519341713,-0.0020161535191595137,0.41208791208791207,0.41483516483516486,-0.002747252747252793,0.45454545454545453,0.4575757575757576,-0.00303030303030305,0.4322766570605187,0.43515850144092216,-0.0028818443804034533,0.7141100382583349,0.7156221533977044,-0.001512115139369552,0.4534410905413171,0.4534871040112247,-4.601346990762423e-05
Logistic Regression,momentum,0.1,1,7894418816786382743,0.6927710843373494,0.6912650602409639,0.0015060240963854499,0.6536102508046395,0.6515940972854801,0.0020161535191594027,0.4148471615720524,0.4126637554585153,0.002183406113537123,0.5757575757575758,0.5727272727272728,0.00303030303030305,0.48223350253807107,0.4796954314720812,0.0025380710659898553,0.7425669520859902,0.7418473310256878,0.0007196210603024333,0.46684040472936406,0.4651633305820199,0.0016770741473441375
Random Forest,momentum,0.1,1,7894418816786382743,0.7033132530120482,0.7078313253012049,-0.004518072289156683,0.6200582984150118,0.6240784599502034,-0.00402016153519158,0.41208791208791207,0.41944444444444445,-0.007356532356532386,0.45454545454545453,0.4575757575757576,-0.00303030303030305,0.4322766570605187,0.43768115942028984,-0.005404502359771135,0.7141100382583349,0.7129531790854435,0.0011568591728913225,0.4534410905413171,0.455549977707456,-0.002108887166138884
Logistic Regression,momentum,0.1,2,16607098499438336783,0.6927710843373494,0.697289156626506,-0.004518072289156683,0.6536102508046395,0.6576304123398311,-0.00402016153519158,0.4148471615720524,0.42070484581497797,-0.005857684242925543,0.5757575757575758,0.5787878787878787,-0.003030303030302939,0.48223350253807107,0.4872448979591837,-0.005011395421112619,0.7425669520859902,0.7414768931803,0.0010900589056902499,0.46684040472936406,0.46619765669843866,0.0006427480309253997
Random Forest,momentum,0.1,2,16607098499438336783,0.7033132530120482,0.7093373493975904,-0.006024096385542244,0.6200582984150118,0.6240663144470759,-0.004008016032064132,0.41208791208791207,0.42134831460674155,-0.00926040251882948,0.45454545454545453,0.45454545454545453,0.0,0.4322766570605187,0.43731778425655976,-0.005041127196041051,0.7141100382583349,0.7132325256573753,0.0008775126009595846,0.4534410905413171,0.4527478847329784,0.0006932058083387038
Logistic Regression,momentum,0.1,3,6437917723172759561,0.6927710843373494,0.6957831325301205,-0.003012048192771122,0.6536102508046395,0.6596708568652456,-0.0060606060606061,0.4148471615720524,0.4199134199134199,-0.00506625834136748,0.5757575757575758,0.5878787878787879,-0.012121212121212088,0.48223350253807107,0.4898989898989899,-0.007665487360918821,0.7425669520859902,0.7431894091212728,-0.0006224570352826309,0.46684040472936406,0.46648400934131506,0.0003563953880489912
Random Forest,momentum,0.1,3,6437917723172759561,0.7033132530120482,0.704066265060241,-0.0007530120481927804,0.6200582984150118,0.6205593004190199,-0.0005010020040080443,0.41208791208791207,0.4132231404958678,-0.001135228407955713,0.45454545454545453,0.45454545454545453,0.0,0.4322766570605187,0.4329004329004329,-0.0006237758399141868,0.7141100382583349,0.7145108398615413,-0.00040080160320643543,0.4534410905413171,0.45184231361785077,0.0015987769234663274
Logistic Regression,momentum,0.1,4,9130264076292303838,0.6927710843373494,0.6950301204819277,-0.0022590361445783413,0.6536102508046395,0.6571415558389506,-0.003531305034311094,0.4148471615720524,0.41830065359477125,-0.0034534920227188293,0.5757575757575758,0.5818181818181818,-0.006060606060605989,0.48223350253807107,0.4866920152091255,-0.004458512671054404,0.7425669520859902,0.7428948806704316,-0.00032792858444141704,0.46684040472936406,0.4672633686220217,-0.00042296389265766843
Random Forest,momentum,0.1,4,9130264076292303838,0.7033132530120482,0.7025602409638554,0.0007530120481927804,0.6200582984150118,0.6185431468998603,0.0015151515151514694,0.41208791208791207,0.41046831955922863,0.0016195925286834334,0.45454545454545453,0.45151515151515154,0.0030303030303029943,0.4322766570605187,0.43001443001443,0.002262227046088694,0.7141100382583349,0.7127041962713305,0.0014058419870043304,0.4534410905413171,0.45126498529743886,0.0021761052438782347
Logistic Regression,momentum,0.1,5,198326953296929580,0.6927710843373494,0.6942771084337349,-0.001506024096385561,0.6536102508046395,0.6535981053015121,1.2145503127447554e-05,0.4148471615720524,0.41629955947136565,-0.0014523978993132292,0.5757575757575758,0.5727272727272728,0.00303030303030305,0.48223350253807107,0.48214285714285715,9.064539521391746e-05,0.7425669520859902,0.7424303151758063,0.00013663691018395152,0.46684040472936406,0.46640606939710827,0.00043433533225578635
Random Forest,momentum,0.1,5,198326953296929580,0.7033132530120482,0.7048192771084337,-0.001506024096385561,0.6200582984150118,0.6220744519341713,-0.0020161535191595137,0.41208791208791207,0.41483516483516486,-0.002747252747252793,0.45454545454545453,0.4575757575757576,-0.00303030303030305,0.4322766570605187,0.43515850144092216,-0.0028818443804034533,0.7141100382583349,0.7140705653731706,3.947288516426006e-05,0.4534410905413171,0.4521488419565377,0.0012922485847793874
Logistic Regression,momentum,0.1,6,13498313951401578528,0.6927710843373494,0.6912650602409639,0.0015060240963854499,0.6536102508046395,0.6526082467966235,0.0010020040080159776,0.4148471615720524,0.41304347826086957,0.0018036833111828576,0.5757575757575758,0.5757575757575758,0.0,0.48223350253807107,0.4810126582278481,0.0012208443102229571,0.7425669520859902,0.7417471306248862,0.0008198214611040422,0.46684040472936406,0.4672038214725116,-0.0003634167431475488
Random Forest,momentum,0.1,6,13498313951401578528,0.7033132530120482,0.7055722891566265,-0.0022590361445783413,0.6200582984150118,0.6215613044270358,-0.0015030060120240218,0.41208791208791207,0.4155124653739612,-0.0034245532860491257,0.45454545454545453,0.45454545454545453,0.0,0.4322766570605187,0.4341534008683068,-0.0018767438077880727,0.7141100382583349,0.7118965203133539,0.002213517944980925,0.4534410905413171,0.4515161180114549,0.001924972529862179
Logistic Regression,momentum,0.1,7,5575475109970117198,0.6927710843373494,0.6980421686746988,-0.005271084337349463,0.6536102508046395,0.6571172648326957,-0.003507014028056199,0.4148471615720524,0.4212860310421286,-0.006438869470076158,0.5757575757575758,0.5757575757575758,0.0,0.48223350253807107,0.48655569782330343,-0.004322195285232366,0.7425669520859902,0.7428128985243214,-0.00024594643833120156,0.46684040472936406,0.4677815802420936,-0.0009411755127295418
Random Forest,momentum,0.1,7,5575475109970117198,0.7033132530120482,0.7018072289156626,0.001506024096385561,0.6200582984150118,0.6190562944069958,0.0010020040080159776,0.41208791208791207,0.4098360655737705,0.0022518465141415644,0.45454545454545453,0.45454545454545453,0.0,0.4322766570605187,0.43103448275862066,0.001242174301898047,0.7141100382583349,0.713970364972369,0.00013967328596586892,0.4534410905413171,0.4553167518122234,-0.0018756612709063258
Logistic Regression,momentum,0.1,8,14867293564668623096,0.6927710843373494,0.6965361445783133,-0.0037650602409639022,0.6536102508046395,0.6581435598469667,-0.004533309042327183,0.4148471615720524,0.4201312910284464,-0.005284129456393949,0.5757575757575758,0.5818181818181818,-0.006060606060605989,0.48223350253807107,0.48792884371029227,-0.005695341172221202,0.7425669520859902,0.7422329507499847,0.0003340013360054739,0.46684040472936406,0.4672606988063738,-0.00042029407700971966
Random Forest,momentum,0.1,8,14867293564668623096,0.7033132530120482,0.7055722891566265,-0.0022590361445783413,0.6200582984150118,0.6215613044270358,-0.0015030060120240218,0.41208791208791207,0.4155124653739612,-0.0034245532860491257,0.45454545454545453,0.45454545454545453,0.0,0.4322766570605187,0.4341534008683068,-0.0018767438077880727,0.7141100382583349,0.7133691625675594,0.000740875690775411,0.4534410905413171,0.45303690559830734,0.0004041849430097555
Logistic Regression,momentum,0.1,9,665104640560233350,0.6927710843373494,0.6897590361445783,0.0030120481927710108,0.6536102508046395,0.648563794255177,0.0050464565494625635,0.4148471615720524,0.4100877192982456,0.004759442273806813,0.5757575757575758,0.5666666666666667,0.00909090909090915,0.48223350253807107,0.4758269720101781,0.006406530527892973,0.7425669520859902,0.742545697455517,2.1254630473199754e-05,0.46684040472936406,0.46642529785272735,0.0004151068766367061
Random Forest,momentum,0.1,9,665104640560233350,0.7033132530120482,0.7055722891566265,-0.0022590361445783413,0.6200582984150118,0.6225754539381794,-0.002517155523167558,0.41208791208791207,0.41597796143250687,-0.0038900493445948037,0.45454545454545453,0.4575757575757576,-0.00303030303030305,0.4322766570605187,0.4357864357864358,-0.0035097787259170676,0.7141100382583349,0.7154551527297018,-0.0013451144713669816,0.4534410905413171,0.4528778263301163,0.0005632642112007868
Logistic Regression,momentum,0.1,10,6500256705935470842,0.6927710843373494,0.6965361445783133,-0.0037650602409639022,0.6536102508046395,0.6581435598469667,-0.004533309042327183,0.4148471615720524,0.4201312910284464,-0.005284129456393949,0.5757575757575758,0.5818181818181818,-0.006060606060605989,0.48223350253807107,0.48792884371029227,-0.005695341172221202,0.7425669520859902,0.741224873990405,0.0013420780955851752,0.46684040472936406,0.4662329607472294,0.0006074439821346367
Random Forest,momentum,0.1,10,6500256705935470842,0.7033132530120482,0.7033132530120482,0.0,0.6200582984150118,0.6180299993927248,0.0020282990222869612,0.41208791208791207,0.4111111111111111,0.0009768009768009733,0.45454545454545453,0.4484848484848485,0.006060606060606044,0.4322766570605187,0.4289855072463768,0.0032911498141419138,0.7141100382583349,0.7112163721382158,0.0028936661201190983,0.4534410905413171,0.4506795902303203,0.0027615003109968117
Logistic Regression,momentum,0.1,11,16860102554836595506,0.6927710843373494,0.6980421686746988,-0.005271084337349463,0.6536102508046395,0.6581314143438391,-0.004521163539199624,0.4148471615720524,0.4216335540838852,-0.006786392511832773,0.5757575757575758,0.5787878787878787,-0.003030303030302939,0.48223350253807107,0.4878671775223499,-0.005633674984278858,0.7425669520859902,0.7421661504827837,0.00040080160320654645,0.46684040472936406,0.46725215156517497,-0.0004117468358109111
Random Forest,momentum,0.1,11,16860102554836595506,0.7033132530120482,0.7063253012048193,-0.003012048192771122,0.6200582984150118,0.6200340074087569,2.429100625489511e-05,0.41208791208791207,0.4157303370786517,-0.0036424249907396344,0.45454545454545453,0.4484848484848485,0.006060606060606044,0.4322766570605187,0.4314868804664723,0.0007897765940463874,0.7141100382583349,0.7135847452480719,0.0005252930102629394,0.4534410905413171,0.45167154633751005,0.0017695442038070386
Logistic Regression,momentum,0.1,12,4667941428714905275,0.6927710843373494,0.697289156626506,-0.004518072289156683,0.6536102508046395,0.6596587113621182,-0.006048460557478652,0.4148471615720524,0.42139737991266374,-0.0065502183406113135,0.5757575757575758,0.5848484848484848,-0.009090909090909038,0.48223350253807107,0.48984771573604063,-0.007614213197969566,0.7425669520859902,0.7438057934049919,-0.001238841319001649,0.46684040472936406,0.4675375535023256,-0.0006971487729615644
Random Forest,momentum,0.1,12,4667941428714905275,0.7033132530120482,0.7033132530120482,0.0,0.6200582984150118,0.6210724479261553,-0.0010141495111435361,0.41208791208791207,0.412568306010929,-0.00048039392301690853,0.45454545454545453,0.4575757575757576,-0.00303030303030305,0.4322766570605187,0.4339080459770115,-0.001631388916492782,0.7141100382583349,0.7155674986336309,-0.001457460375296038,0.4534410905413171,0.4549725185928759,-0.0015314280515588141
Logistic Regression,momentum,0.1,13,7181668439644709203,0.6927710843373494,0.6950301204819277,-0.0022590361445783413,0.6536102508046395,0.6561274063278071,-0.002517155523167558,0.4148471615720524,0.4179431072210066,-0.003095945648954157,0.5757575757575758,0.5787878787878787,-0.003030303030302939,0.48223350253807107,0.48538754764930114,-0.003154045111230075,0.7425669520859902,0.742132750349183,0.00043420173680719376,0.46684040472936406,0.46641126396584165,0.0004291407635224065
Random Forest,momentum,0.1,13,7181668439644709203,0.7033132530120482,0.7078313253012049,-0.004518072289156683,0.6200582984150118,0.6240784599502034,-0.00402016153519158,0.41208791208791207,0.41944444444444445,-0.007356532356532386,0.45454545454545453,0.4575757575757576,-0.00303030303030305,0.4322766570605187,0.43768115942028984,-0.005404502359771135,0.7141100382583349,0.7129562154612255,0.001153822797109405,0.4534410905413171,0.44977015897328704,0.003670931568030056
Logistic Regression,momentum,0.1,14,8202911514267895946,0.6927710843373494,0.6965361445783133,-0.0037650602409639022,0.6536102508046395,0.6561152608246796,-0.0025050100200401104,0.4148471615720524,0.4194260485651214,-0.004578886993068965,0.5757575757575758,0.5757575757575758,0.0,0.48223350253807107,0.48531289910600256,-0.0030793965679314916,0.7425669520859902,0.7411823647294589,0.0013845873565313527,0.46684040472936406,0.4654326919816787,0.0014077127476853635
Random Forest,momentum,0.1,14,8202911514267895946,0.7033132530120482,0.7063253012048193,-0.003012048192771122,0.6200582984150118,0.6230764559421874,-0.0030181575271756023,0.41208791208791207,0.4171270718232044,-0.005039159735292342,0.45454545454545453,0.4575757575757576,-0.00303030303030305,0.4322766570605187,0.43641618497109824,-0.004139527910579532,0.7141100382583349,0.7124157405720533,0.0016942976862815984,0.4534410905413171,0.4518883030761718,0.001552787465145311
Logistic Regression,momentum,0.1,15,1287800905769984755,0.6927710843373494,0.6935240963855421,-0.0007530120481927804,0.6536102508046395,0.6571537013420781,-0.0035434505374385417,0.4148471615720524,0.4168466522678186,-0.0019994906957661596,0.5757575757575758,0.5848484848484848,-0.009090909090909038,0.48223350253807107,0.48675914249684743,-0.004525639958776362,0.7425669520859902,0.7425669520859901,1.1102230246251565e-16,0.46684040472936406,0.46735950840821516,-0.0005191036788511072
Random Forest,momentum,0.1,15,1287800905769984755,0.7033132530120482,0.7048192771084337,-0.001506024096385561,0.6200582984150118,0.6230886014453149,-0.00303030303030305,0.41208791208791207,0.41530054644808745,-0.0032126343601753815,0.45454545454545453,0.46060606060606063,-0.0060606060606061,0.4322766570605187,0.4367816091954023,-0.004504952134883611,0.7141100382583349,0.7121971215157588,0.0019129167425760985,0.4534410905413171,0.45189049001058296,0.0015506005307341364
Logistic Regression,momentum,0.1,16,662881670366029389,0.6927710843373494,0.6965361445783133,-0.0037650602409639022,0.6536102508046395,0.6601718588692537,-0.006561608064614144,0.4148471615720524,0.420824295010846,-0.00597713343879358,0.5757575757575758,0.5878787878787879,-0.012121212121212088,0.48223350253807107,0.49051833122629585,-0.008284828688224777,0.7425669520859902,0.7438270480354648,-0.0012600959494746267,0.46684040472936406,0.4679669740192895,-0.0011265692899254387
Random Forest,momentum,0.1,16,662881670366029389,0.7033132530120482,0.7063253012048193,-0.003012048192771122,0.6200582984150118,0.6230764559421874,-0.0030181575271756023,0.41208791208791207,0.4171270718232044,-0.005039159735292342,0.45454545454545453,0.4575757575757576,-0.00303030303030305,0.4322766570605187,0.43641618497109824,-0.004139527910579532,0.7141100382583349,0.7145958583834335,-0.00048582012509867933,0.4534410905413171,0.45395393558938446,-0.0005128450480673674
Logistic Regression,momentum,0.1,17,3096621242362822660,0.6927710843373494,0.6927710843373494,0.0,0.6536102508046395,0.6546244003157831,-0.0010141495111435361,0.4148471615720524,0.4152173913043478,-0.0003702297322953907,0.5757575757575758,0.5787878787878787,-0.003030303030302939,0.48223350253807107,0.4835443037974684,-0.0013108012593973095,0.7425669520859902,0.7421691868585656,0.00039776522742462905,0.46684040472936406,0.46698420601315727,-0.0001438012837932101
Random Forest,momentum,0.1,17,3096621242362822660,0.7033132530120482,0.7033132530120482,0.0,0.6200582984150118,0.6210724479261553,-0.0010141495111435361,0.41208791208791207,0.412568306010929,-0.00048039392301690853,0.45454545454545453,0.4575757575757576,-0.00303030303030305,0.4322766570605187,0.4339080459770115,-0.001631388916492782,0.7141100382583349,0.7141434383919354,-3.3400133600536286e-05,0.4534410905413171,0.4528464173509227,0.0005946731903944125
Logistic Regression,momentum,0.1,18,3322420441640058831,0.6927710843373494,0.6942771084337349,-0.001506024096385561,0.6536102508046395,0.6546122548126556,-0.0010020040080160886,0.4148471615720524,0.4166666666666667,-0.00181950509461426,0.5757575757575758,0.5757575757575758,0.0,0.48223350253807107,0.48346055979643765,-0.0012270572583665817,0.7425669520859902,0.7428068257727576,-0.00023987368676736676,0.46684040472936406,0.4658320113440919,0.0010083933852721438
Random Forest,momentum,0.1,18,3322420441640058831,0.7033132530120482,0.7018072289156626,0.001506024096385561,0.6200582984150118,0.6180421448958523,0.0020161535191595137,0.41208791208791207,0.40934065934065933,0.0027472527472527375,0.45454545454545453,0.45151515151515154,0.0030303030303029943,0.4322766570605187,0.42939481268011526,0.0028818443804034533,0.7141100382583349,0.7118357927977166,0.002274245460618274,0.4534410905413171,0.453091512748465,0.0003495777928521071
Logistic Regression,momentum,0.1,19,14818549356055578783,0.6927710843373494,0.6935240963855421,-0.0007530120481927804,0.6536102508046395,0.6541112528086477,-0.0005010020040081553,0.4148471615720524,0.41575492341356673,-0.0009077618415143096,0.5757575757575758,0.5757575757575758,0.0,0.48223350253807107,0.48284625158831,-0.0006127490502389477,0.7425669520859902,0.7430224084532703,-0.00045545636728006045,0.46684040472936406,0.4667527020131694,8.770271619468195e-05
Random Forest,momentum,0.1,19,14818549356055578783,0.7033132530120482,0.7033132530120482,0.0,0.6200582984150118,0.6190441489038683,0.0010141495111435361,0.41208791208791207,0.4116022099447514,0.0004857021431606823,0.45454545454545453,0.45151515151515154,0.0030303030303029943,0.4322766570605187,0.430635838150289,0.0016408189102297133,0.7141100382583349,0.7132082346511204,0.0009018036072144797,0.4534410905413171,0.4523281273960714,0.0011129631452456712
Logistic Regression,momentum,0.1,20,12860395390049967556,0.6927710843373494,0.6987951807228916,-0.006024096385542244,0.6536102508046395,0.6616748648812777,-0.008064614076638166,0.4148471615720524,0.42358078602620086,-0.008733624454148436,0.5757575757575758,0.5878787878787879,-0.012121212121212088,0.48223350253807107,0.49238578680203043,-0.010152284263959366,0.7425669520859902,0.7417592761280136,0.0008076759579765946,0.46684040472936406,0.46617330144586566,0.0006671032834983937
Random Forest,momentum,0.1,20,12860395390049967556,0.7033132530120482,0.7048192771084337,-0.001506024096385561,0.6200582984150118,0.6220744519341713,-0.0020161535191595137,0.41208791208791207,0.41483516483516486,-0.002747252747252793,0.45454545454545453,0.4575757575757576,-0.00303030303030305,0.4322766570605187,0.43515850144092216,-0.0028818443804034533,0.7141100382583349,0.7126707961377301,0.0014392421206047556,0.4534410905413171,0.45333865077679864,0.00010243976451845827
Logistic Regression,momentum,0.1,21,18281161585814011425,0.6927710843373494,0.6935240963855421,-0.0007530120481927804,0.6536102508046395,0.6571537013420781,-0.0035434505374385417,0.4148471615720524,0.4168466522678186,-0.0019994906957661596,0.5757575757575758,0.5848484848484848,-0.009090909090909038,0.48223350253807107,0.48675914249684743,-0.004525639958776362,0.7425669520859902,0.7414920750592093,0.001074877026780885,0.46684040472936406,0.46507664508392366,0.0017637596454403992
Random Forest,momentum,0.1,21,18281161585814011425,0.7033132530120482,0.7078313253012049,-0.004518072289156683,0.6200582984150118,0.62306431043906,-0.0030060120240481547,0.41208791208791207,0.41899441340782123,-0.006906501319909164,0.45454545454545453,0.45454545454545453,0.0,0.4322766570605187,0.436046511627907,-0.0037698545673882644,0.7141100382583349,0.712965324588571,0.001144713669763875,0.4534410905413171,0.4525081829349457,0.0009329076063713804
Logistic Regression,momentum,0.1,22,6864282672263244639,0.6927710843373494,0.6935240963855421,-0.0007530120481927804,0.6536102508046395,0.655125402319791,-0.0015151515151514694,0.4148471615720524,0.41612200435729846,-0.0012748427852460331,0.5757575757575758,0.5787878787878787,-0.003030303030302939,0.48223350253807107,0.4841571609632446,-0.0019236584251735578,0.7425669520859902,0.7430224084532703,-0.00045545636728006045,0.46684040472936406,0.4674996192077228,-0.0006592144783587606
Random Forest,momentum,0.1,22,6864282672263244639,0.7033132530120482,0.7048192771084337,-0.001506024096385561,0.6200582984150118,0.6220744519341713,-0.0020161535191595137,0.41208791208791207,0.41483516483516486,-0.002747252747252793,0.45454545454545453,0.4575757575757576,-0.00303030303030305,0.4322766570605187,0.43515850144092216,-0.0028818443804034533,0.7141100382583349,0.713788182425457,0.0003218558328778043,0.4534410905413171,0.4543933610846209,-0.0009522705433038237
Logistic Regression,momentum,0.1,23,12195627168584880182,0.6927710843373494,0.6935240963855421,-0.0007530120481927804,0.6536102508046395,0.655125402319791,-0.0015151515151514694,0.4148471615720524,0.41612200435729846,-0.0012748427852460331,0.5757575757575758,0.5787878787878787,-0.003030303030302939,0.48223350253807107,0.4841571609632446,-0.0019236584251735578,0.7425669520859902,0.7422086597437298,0.000358292342260369,0.46684040472936406,0.46724453151469375,-0.0004041267853296948
Random Forest,momentum,0.1,23,12195627168584880182,0.7033132530120482,0.7055722891566265,-0.0022590361445783413,0.6200582984150118,0.6225754539381794,-0.002517155523167558,0.41208791208791207,0.41597796143250687,-0.0038900493445948037,0.45454545454545453,0.4575757575757576,-0.00303030303030305,0.4322766570605187,0.4357864357864358,-0.0035097787259170676,0.7141100382583349,0.7140068014817513,0.00010323677658352626,0.4534410905413171,0.4530525182272201,0.0003885723140970021
Logistic Regression,momentum,0.1,24,16989628320339221744,0.6927710843373494,0.6980421686746988,-0.005271084337349463,0.6536102508046395,0.6591455638549827,-0.00553531305034316,0.4148471615720524,0.421978021978022,-0.007130860405969552,0.5757575757575758,0.5818181818181818,-0.006060606060605989,0.48223350253807107,0.489171974522293,-0.006938471984221928,0.7425669520859902,0.7426094613469364,-4.250926094617746e-05,0.46684040472936406,0.4653433768115949,0.001497027917769178
Random Forest,momentum,0.1,24,16989628320339221744,0.7033132530120482,0.7025602409638554,0.0007530120481927804,0.6200582984150118,0.6205714459221473,-0.0005131475071354918,0.41208791208791207,0.4114441416893733,0.0006437703985387455,0.45454545454545453,0.4575757575757576,-0.00303030303030305,0.4322766570605187,0.4332855093256815,-0.0010088522651627851,0.7141100382583349,0.7142163114107001,-0.00010627315236522161,0.4534410905413171,0.45521774665469783,-0.0017766561133807368
Logistic Regression,momentum,0.1,25,76710539111533705,0.6927710843373494,0.6957831325301205,-0.003012048192771122,0.6536102508046395,0.6566284083318151,-0.0030181575271756023,0.4148471615720524,0.41885964912280704,-0.004012487550754618,0.5757575757575758,0.5787878787878787,-0.003030303030302939,0.48223350253807107,0.4860050890585242,-0.0037715865204531185,0.7425669520859902,0.7422936782656221,0.0002732738203681251,0.46684040472936406,0.4645204098581185,0.0023199948712455676
Random Forest,momentum,0.1,25,76710539111533705,0.7033132530120482,0.7055722891566265,-0.0022590361445783413,0.6200582984150118,0.6225754539381794,-0.002517155523167558,0.41208791208791207,0.41597796143250687,-0.0038900493445948037,0.45454545454545453,0.4575757575757576,-0.00303030303030305,0.4322766570605187,0.4357864357864358,-0.0035097787259170676,0.7141100382583349,0.7136728001457461,0.0004372381125887781,0.4534410905413171,0.45727495005620844,-0.003833859514891347
Logistic Regression,momentum,0.1,26,17560811026355792971,0.6927710843373494,0.6980421686746988,-0.005271084337349463,0.6536102508046395,0.6601597133661261,-0.006549462561486585,0.4148471615720524,0.4223194748358862,-0.007472313263833796,0.5757575757575758,0.5848484848484848,-0.009090909090909038,0.48223350253807107,0.49047013977128334,-0.008236637233212274,0.7425669520859902,0.7430254448290521,-0.0004584927430618668,0.46684040472936406,0.46689538494771243,-5.4980218348377186e-05
Random Forest,momentum,0.1,26,17560811026355792971,0.7033132530120482,0.7063253012048193,-0.003012048192771122,0.6200582984150118,0.6220623064310439,-0.002004008016032066,0.41208791208791207,0.4166666666666667,-0.004578754578754618,0.45454545454545453,0.45454545454545453,0.0,0.4322766570605187,0.43478260869565216,-0.002505951635133452,0.7141100382583349,0.7140068014817514,0.00010323677658341524,0.4534410905413171,0.45445837114974197,-0.0010172806084248753
Logistic Regression,momentum,0.1,27,8116374858739728077,0.6927710843373494,0.6950301204819277,-0.0022590361445783413,0.6536102508046395,0.6561274063278071,-0.002517155523167558,0.4148471615720524,0.4179431072210066,-0.003095945648954157,0.5757575757575758,0.5787878787878787,-0.003030303030302939,0.48223350253807107,0.48538754764930114,-0.003154045111230075,0.7425669520859902,0.7418473310256877,0.0007196210603025444,0.46684040472936406,0.4660199769380087,0.0008204277913553826
Random Forest,momentum,0.1,27,8116374858739728077,0.7033132530120482,0.7070783132530121,-0.0037650602409639022,0.6200582984150118,0.6245916074573389,-0.004533309042327072,0.41208791208791207,0.418732782369146,-0.00664487028123395,0.45454545454545453,0.46060606060606063,-0.0060606060606061,0.4322766570605187,0.43867243867243866,-0.006395781611919948,0.7141100382583349,0.7115048278374932,0.0026052104208416083,0.4534410905413171,0.4484621750106762,0.004978915530640893
Logistic Regression,momentum,0.1,28,12923372943131835682,0.6927710843373494,0.6957831325301205,-0.003012048192771122,0.6536102508046395,0.6606850063763892,-0.007074755571749636,0.4148471615720524,0.4202586206896552,-0.005411459117602768,0.5757575757575758,0.5909090909090909,-0.015151515151515138,0.48223350253807107,0.491183879093199,-0.008950376555127926,0.7425669520859902,0.742846298657922,-0.00027934657193173784,0.46684040472936406,0.4659590435615685,0.0008813611677955802
Random Forest,momentum,0.1,28,12923372943131835682,0.7033132530120482,0.7048192771084337,-0.001506024096385561,0.6200582984150118,0.6220744519341713,-0.0020161535191595137,0.41208791208791207,0.41483516483516486,-0.002747252747252793,0.45454545454545453,0.4575757575757576,-0.00303030303030305,0.4322766570605187,0.43515850144092216,-0.0028818443804034533,0.7141100382583349,0.7149086050889658,-0.0007985668306309535,0.4534410905413171,0.45282258801511505,0.0006185025262020472
Logistic Regression,momentum,0.1,29,13899033793756831725,0.6927710843373494,0.6965361445783133,-0.0037650602409639022,0.6536102508046395,0.6551011113135361,-0.0014908605088965743,0.4148471615720524,0.4190687361419069,-0.004221574569854447,0.5757575757575758,0.5727272727272728,0.00303030303030305,0.48223350253807107,0.4839948783610755,-0.0017613758230044518,0.7425669520859902,0.7422997510171859,0.0002672010688042903,0.46684040472936406,0.4657380154856976,0.0011023892436664573
Random Forest,momentum,0.1,29,13899033793756831725,0.7033132530120482,0.7010542168674698,0.0022590361445783413,0.6200582984150118,0.6185552924029878,0.0015030060120240218,0.41208791208791207,0.4087193460490463,0.0033685660388657612,0.45454545454545453,0.45454545454545453,0.0,0.4322766570605187,0.430416068866571,0.0018605881939476876,0.7141100382583349,0.7123671585595434,0.0017428796987914996,0.4534410905413171,0.44957176620744566,0.003869324333871438
Logistic Regression,momentum,0.2,0,14421724828690300709,0.6927710843373494,0.6957831325301205,-0.003012048192771122,0.6536102508046395,0.6576425578429586,-0.004032307038319027,0.4148471615720524,0.4192139737991266,-0.0043668122270741905,0.5757575757575758,0.5818181818181818,-0.006060606060605989,0.48223350253807107,0.4873096446700508,-0.005076142131979711,0.7425669520859902,0.744145867492561,-0.0015789154065707356,0.46684040472936406,0.4683361235529079,-0.0014957188235438235
Random Forest,momentum,0.2,0,14421724828690300709,0.7033132530120482,0.7078313253012049,-0.004518072289156683,0.6200582984150118,0.6250926094613469,-0.005034311046335116,0.41208791208791207,0.4198895027624309,-0.007801590674518855,0.45454545454545453,0.46060606060606063,-0.0060606060606061,0.4322766570605187,0.4393063583815029,-0.007029701320984183,0.7141100382583349,0.7162628286876784,-0.0021527904293435762,0.4534410905413171,0.4567080967320737,-0.003267006190756594
Logistic Regression,momentum,0.2,1,12444572313725768832,0.6927710843373494,0.6950301204819277,-0.0022590361445783413,0.6536102508046395,0.6561274063278071,-0.002517155523167558,0.4148471615720524,0.4179431072210066,-0.003095945648954157,0.5757575757575758,0.5787878787878787,-0.003030303030302939,0.48223350253807107,0.48538754764930114,-0.003154045111230075,0.7425669520859902,0.7408088905082894,0.0017580615777008646,0.46684040472936406,0.4631692846098685,0.0036711201194955523
Random Forest,momentum,0.2,1,12444572313725768832,0.7033132530120482,0.7055722891566265,-0.0022590361445783413,0.6200582984150118,0.6225754539381794,-0.002517155523167558,0.41208791208791207,0.41597796143250687,-0.0038900493445948037,0.45454545454545453,0.4575757575757576,-0.00303030303030305,0.4322766570605187,0.4357864357864358,-0.0035097787259170676,0.7141100382583349,0.7089390903018158,0.0051709479565190675,0.4534410905413171,0.455073083585682,-0.001631993044364899
Logistic Regression,momentum,0.2,2,7772444268817756700,0.6927710843373494,0.697289156626506,-0.004518072289156683,0.6536102508046395,0.6576304123398311,-0.00402016153519158,0.4148471615720524,0.42070484581497797,-0.005857684242925543,0.5757575757575758,0.5787878787878787,-0.003030303030302939,0.48223350253807107,0.4872448979591837,-0.005011395421112619,0.7425669520859902,0.7400528329386045,0.0025141191473857516,0.46684040472936406,0.465582281641566,0.0012581230877980465
Random Forest,momentum,0.2,2,7772444268817756700,0.7033132530120482,0.7070783132530121,-0.0037650602409639022,0.6200582984150118,0.6215491589239084,-0.0014908605088965743,0.41208791208791207,0.4173669467787115,-0.0052790346907994334,0.45454545454545453,0.45151515151515154,0.0030303030303029943,0.4322766570605187,0.43377001455604075,-0.0014933574955220408,0.7141100382583349,0.7107244792615534,0.0033855589967815014,0.4534410905413171,0.4517458935889759,0.0016951969523412158
Logistic Regression,momentum,0.2,3,2171278685026166576,0.6927710843373494,0.6980421686746988,-0.005271084337349463,0.6536102508046395,0.6621880123884132,-0.008577761583773658,0.4148471615720524,0.4229934924078091,-0.008146330835756666,0.5757575757575758,0.5909090909090909,-0.015151515151515138,0.48223350253807107,0.49304677623261695,-0.010813273694545877,0.7425669520859902,0.7433837371713123,-0.0008167850853221248,0.46684040472936406,0.4663895728782598,0.00045083185110428303
Random Forest,momentum,0.2,3,2171278685026166576,0.7033132530120482,0.7093373493975904,-0.006024096385542244,0.6200582984150118,0.6250804639582195,-0.005022165543207668,0.41208791208791207,0.42178770949720673,-0.009699797409294664,0.45454545454545453,0.4575757575757576,-0.00303030303030305,0.4322766570605187,0.438953488372093,-0.006676831311574316,0.7141100382583349,0.7149602234772576,-0.0008501852189227721,0.4534410905413171,0.45080404455461,0.0026370459867071094
Logistic Regression,momentum,0.2,4,11588053701852286878,0.6927710843373494,0.6942771084337349,-0.001506024096385561,0.6536102508046395,0.6586688528572295,-0.005058602052590011,0.4148471615720524,0.41810344827586204,-0.003256286703809619,0.5757575757575758,0.5878787878787879,-0.012121212121212088,0.48223350253807107,0.48866498740554154,-0.006431484867470472,0.7425669520859902,0.7426762616141374,-0.00010930952814713901,0.46684040472936406,0.4676092110947602,-0.0007688063653961685
Random Forest,momentum,0.2,4,11588053701852286878,0.7033132530120482,0.7063253012048193,-0.003012048192771122,0.6200582984150118,0.6220623064310439,-0.002004008016032066,0.41208791208791207,0.4166666666666667,-0.004578754578754618,0.45454545454545453,0.45454545454545453,0.0,0.4322766570605187,0.43478260869565216,-0.002505951635133452,0.7141100382583349,0.7112406631444708,0.002869375113864092,0.4534410905413171,0.4490166769882379,0.0044244135530792095
Logistic Regression,momentum,0.2,5,11258256874725591987,0.6927710843373494,0.6980421686746988,-0.005271084337349463,0.6536102508046395,0.6561031153215522,-0.002492864516912663,0.4148471615720524,0.4209354120267261,-0.006088250454673649,0.5757575757575758,0.5727272727272728,0.00303030303030305,0.48223350253807107,0.4852374839537869,-0.0030039814157158395,0.7425669520859902,0.7418746584077245,0.0006922936782657318,0.46684040472936406,0.4656157651451644,0.0012246395841996605
Random Forest,momentum,0.2,5,11258256874725591987,0.7033132530120482,0.7055722891566265,-0.0022590361445783413,0.6200582984150118,0.6215613044270358,-0.0015030060120240218,0.41208791208791207,0.4155124653739612,-0.0034245532860491257,0.45454545454545453,0.45454545454545453,0.0,0.4322766570605187,0.4341534008683068,-0.0018767438077880727,0.7141100382583349,0.7140098378575332,0.00010020040080160886,0.4534410905413171,0.45373957223029426,-0.0002984816889771702
Logistic Regression,momentum,0.2,6,8158449778187187997,0.6927710843373494,0.6905120481927711,0.0022590361445782303,0.6536102508046395,0.649064796259185,0.004545454545454519,0.4148471615720524,0.41098901098901097,0.003858150583041453,0.5757575757575758,0.5666666666666667,0.00909090909090915,0.48223350253807107,0.4764331210191083,0.005800381518962783,0.7425669520859902,0.7404323799113378,0.002134572174652405,0.46684040472936406,0.46635189674115607,0.0004885079882079868
Random Forest,momentum,0.2,6,8158449778187187997,0.7033132530120482,0.7078313253012049,-0.004518072289156683,0.6200582984150118,0.62306431043906,-0.0030060120240481547,0.41208791208791207,0.41899441340782123,-0.006906501319909164,0.45454545454545453,0.45454545454545453,0.0,0.4322766570605187,0.436046511627907,-0.0037698545673882644,0.7141100382583349,0.7103388595372564,0.003771178721078461,0.4534410905413171,0.45377203453940146,-0.00033094399808436537
Logistic Regression,momentum,0.2,7,4642934326761360153,0.6927710843373494,0.6987951807228916,-0.006024096385542244,0.6536102508046395,0.6586324163478472,-0.005022165543207668,0.4148471615720524,0.4225663716814159,-0.007719210109363495,0.5757575757575758,0.5787878787878787,-0.003030303030302939,0.48223350253807107,0.4884910485933504,-0.006257546055279339,0.7425669520859902,0.7429495354345053,-0.00038258334851504205,0.46684040472936406,0.4679013716446514,-0.0010609669152873424
Random Forest,momentum,0.2,7,4642934326761360153,0.7033132530120482,0.704066265060241,-0.0007530120481927804,0.6200582984150118,0.6215734499301634,-0.0015151515151515804,0.41208791208791207,0.4136986301369863,-0.0016107180490742556,0.45454545454545453,0.4575757575757576,-0.00303030303030305,0.4322766570605187,0.43453237410071943,-0.002255717040200722,0.7141100382583349,0.7138519463168762,0.0002580919414586491,0.4534410905413171,0.4561280578294541,-0.002686967288136999
Logistic Regression,momentum,0.2,8,1632501912370384429,0.6927710843373494,0.6957831325301205,-0.003012048192771122,0.6536102508046395,0.6596708568652456,-0.0060606060606061,0.4148471615720524,0.4199134199134199,-0.00506625834136748,0.5757575757575758,0.5878787878787879,-0.012121212121212088,0.48223350253807107,0.4898989898989899,-0.007665487360918821,0.7425669520859902,0.7414495657982632,0.0011173862877270624,0.46684040472936406,0.4677425643589762,-0.0009021596296121537
Random Forest,momentum,0.2,8,1632501912370384429,0.7033132530120482,0.7100903614457831,-0.006777108433734913,0.6200582984150118,0.626595615473371,-0.006537317058359138,0.41208791208791207,0.4233983286908078,-0.011310416602895723,0.45454545454545453,0.46060606060606063,-0.0060606060606061,0.4322766570605187,0.4412191582002903,-0.008942501139771575,0.7141100382583349,0.7135847452480719,0.0005252930102629394,0.4534410905413171,0.45574389841419827,-0.002302807872881174
Logistic Regression,momentum,0.2,9,1350395723945847077,0.6927710843373494,0.6935240963855421,-0.0007530120481927804,0.6536102508046395,0.6530971032975041,0.0005131475071353808,0.4148471615720524,0.4153846153846154,-0.0005374538125629824,0.5757575757575758,0.5727272727272728,0.00303030303030305,0.48223350253807107,0.48152866242038217,0.0007048401176888985,0.7425669520859902,0.7424151332968969,0.00015181878909331648,0.46684040472936406,0.4663261773533132,0.0005142273760508353
Random Forest,momentum,0.2,9,1350395723945847077,0.7033132530120482,0.7070783132530121,-0.0037650602409639022,0.6200582984150118,0.6245916074573389,-0.004533309042327072,0.41208791208791207,0.418732782369146,-0.00664487028123395,0.45454545454545453,0.46060606060606063,-0.0060606060606061,0.4322766570605187,0.43867243867243866,-0.006395781611919948,0.7141100382583349,0.7132598530394121,0.0008501852189227721,0.4534410905413171,0.4536089959790333,-0.00016790543771622035
Logistic Regression,momentum,0.2,10,17759354565898512533,0.6927710843373494,0.697289156626506,-0.004518072289156683,0.6536102508046395,0.6586445618509746,-0.005034311046335116,0.4148471615720524,0.42105263157894735,-0.00620547000689492,0.5757575757575758,0.5818181818181818,-0.006060606060605989,0.48223350253807107,0.48854961832061067,-0.0063161157825396,0.7425669520859902,0.7396672132143074,0.002899738871682822,0.46684040472936406,0.46630285558977846,0.0005375491395855914
Random Forest,momentum,0.2,10,17759354565898512533,0.7033132530120482,0.7070783132530121,-0.0037650602409639022,0.6200582984150118,0.6235774579461955,-0.0035191595311836465,0.41208791208791207,0.4182825484764543,-0.0061946363885422295,0.45454545454545453,0.4575757575757576,-0.00303030303030305,0.4322766570605187,0.4370477568740955,-0.004771099813576818,0.7141100382583349,0.7079219044148903,0.006188133843444521,0.4534410905413171,0.44722403895863616,0.0062170515826809325
Logistic Regression,momentum,0.2,11,6836655194537105666,0.6927710843373494,0.6950301204819277,-0.0022590361445783413,0.6536102508046395,0.6540991073055201,-0.0004888565008805967,0.4148471615720524,0.41721854304635764,-0.002371381474305212,0.5757575757575758,0.5727272727272728,0.00303030303030305,0.48223350253807107,0.4827586206896552,-0.0005251181515841252,0.7425669520859902,0.7414070565373171,0.0011598955486731288,0.46684040472936406,0.4666659160629086,0.00017448866645547456
Random Forest,momentum,0.2,11,6836655194537105666,0.7033132530120482,0.7018072289156626,0.001506024096385561,0.6200582984150118,0.6149996963624218,0.005058602052590011,0.41208791208791207,0.40782122905027934,0.004266683037632724,0.45454545454545453,0.44242424242424244,0.012121212121212088,0.4322766570605187,0.42441860465116277,0.007858052409355942,0.7141100382583349,0.7108732616748648,0.0032367765834701023,0.4534410905413171,0.4504581658920698,0.0029829246492473205
Logistic Regression,momentum,0.2,12,2965316030016943755,0.6927710843373494,0.6965361445783133,-0.0037650602409639022,0.6536102508046395,0.6601718588692537,-0.006561608064614144,0.4148471615720524,0.420824295010846,-0.00597713343879358,0.5757575757575758,0.5878787878787879,-0.012121212121212088,0.48223350253807107,0.49051833122629585,-0.008284828688224777,0.7425669520859902,0.7449687253294468,-0.002401773243456584,0.46684040472936406,0.4678843256731057,-0.0010439209437416719
Random Forest,momentum,0.2,12,2965316030016943755,0.7033132530120482,0.7093373493975904,-0.006024096385542244,0.6200582984150118,0.6271087629805064,-0.00705046456549463,0.41208791208791207,0.42265193370165743,-0.010564021613745367,0.45454545454545453,0.4636363636363636,-0.009090909090909094,0.4322766570605187,0.4421965317919075,-0.009919874731388778,0.7141100382583349,0.7161778101657861,-0.0020677719074512213,0.4534410905413171,0.4543399557330897,-0.0008988651917726243
Logistic Regression,momentum,0.2,13,3975775630700094539,0.6927710843373494,0.6965361445783133,-0.0037650602409639022,0.6536102508046395,0.6561152608246796,-0.0025050100200401104,0.4148471615720524,0.4194260485651214,-0.004578886993068965,0.5757575757575758,0.5757575757575758,0.0,0.48223350253807107,0.48531289910600256,-0.0030793965679314916,0.7425669520859902,0.7413098925122974,0.0012570595736928203,0.46684040472936406,0.4654040096662686,0.0014363950630954525
Random Forest,momentum,0.2,13,3975775630700094539,0.7033132530120482,0.7085843373493976,-0.005271084337349463,0.6200582984150118,0.6245794619542114,-0.004521163539199624,0.41208791208791207,0.4206128133704735,-0.008524901282561448,0.45454545454545453,0.4575757575757576,-0.00303030303030305,0.4322766570605187,0.43831640058055155,-0.006039743520032836,0.7141100382583349,0.7121394303759033,0.00197060788243153,0.4534410905413171,0.45001094030267597,0.0034301502386411276
Logistic Regression,momentum,0.2,14,13804967714477948802,0.6927710843373494,0.6980421686746988,-0.005271084337349463,0.6536102508046395,0.6581314143438391,-0.004521163539199624,0.4148471615720524,0.4216335540838852,-0.006786392511832773,0.5757575757575758,0.5787878787878787,-0.003030303030302939,0.48223350253807107,0.4878671775223499,-0.005633674984278858,0.7425669520859902,0.7395032489220865,0.003063703163903697,0.46684040472936406,0.4638414650147063,0.0029989397146577557
Random Forest,momentum,0.2,14,13804967714477948802,0.7033132530120482,0.7078313253012049,-0.004518072289156683,0.6200582984150118,0.6240784599502034,-0.00402016153519158,0.41208791208791207,0.41944444444444445,-0.007356532356532386,0.45454545454545453,0.4575757575757576,-0.00303030303030305,0.4322766570605187,0.43768115942028984,-0.005404502359771135,0.7141100382583349,0.7091303819760733,0.004979656282261602,0.4534410905413171,0.4502285073692726,0.003212583172044481
Logistic Regression,momentum,0.2,15,9132046254548337634,0.6927710843373494,0.6950301204819277,-0.0022590361445783413,0.6536102508046395,0.6591698548612377,-0.005559604056598166,0.4148471615720524,0.4190064794816415,-0.0041593179095890664,0.5757575757575758,0.5878787878787879,-0.012121212121212088,0.48223350253807107,0.489281210592686,-0.00704770805461491,0.7425669520859902,0.7423361875265684,0.0002307645594218366,0.46684040472936406,0.46808966918879535,-0.0012492644594312985
Random Forest,momentum,0.2,15,9132046254548337634,0.7033132530120482,0.7070783132530121,-0.0037650602409639022,0.6200582984150118,0.6256057569684824,-0.005547458553470608,0.41208791208791207,0.4191780821917808,-0.007090170103868754,0.45454545454545453,0.4636363636363636,-0.009090909090909094,0.4322766570605187,0.44028776978417267,-0.008011112723653957,0.7141100382583349,0.7112467358960345,0.0028633023623003684,0.4534410905413171,0.4503397155282943,0.003101375013022767
Logistic Regression,momentum,0.2,16,17419208859164567546,0.6927710843373494,0.6980421686746988,-0.005271084337349463,0.6536102508046395,0.6601597133661261,-0.006549462561486585,0.4148471615720524,0.4223194748358862,-0.007472313263833796,0.5757575757575758,0.5848484848484848,-0.009090909090909038,0.48223350253807107,0.49047013977128334,-0.008236637233212274,0.7425669520859902,0.7445223780895123,-0.001955426003522054,0.46684040472936406,0.46895284151158073,-0.0021124367822166756
Random Forest,momentum,0.2,16,17419208859164567546,0.7033132530120482,0.7078313253012049,-0.004518072289156683,0.6200582984150118,0.62306431043906,-0.0030060120240481547,0.41208791208791207,0.41899441340782123,-0.006906501319909164,0.45454545454545453,0.45454545454545453,0.0,0.4322766570605187,0.436046511627907,-0.0037698545673882644,0.7141100382583349,0.7127983239205684,0.0013117143377664453,0.4534410905413171,0.45507924203853173,-0.001638151497214635
Logistic Regression,momentum,0.2,17,14405372754967317465,0.6927710843373494,0.6987951807228916,-0.006024096385542244,0.6536102508046395,0.6606607153701343,-0.007050464565494741,0.4148471615720524,0.4232456140350877,-0.008398452463035277,0.5757575757575758,0.5848484848484848,-0.009090909090909038,0.48223350253807107,0.4910941475826972,-0.008860645044626136,0.7425669520859902,0.7418108945163053,0.000756057569684887,0.46684040472936406,0.46843099009532596,-0.0015905853659619051
Random Forest,momentum,0.2,17,14405372754967317465,0.7033132530120482,0.7025602409638554,0.0007530120481927804,0.6200582984150118,0.6195572964110038,0.0005010020040080443,0.41208791208791207,0.410958904109589,0.0011290079783230489,0.45454545454545453,0.45454545454545453,0.0,0.4322766570605187,0.4316546762589928,0.0006219808015259232,0.7141100382583349,0.7137183457824741,0.00039169247586079425,0.4534410905413171,0.4541395749296482,-0.0006984843883310887
Logistic Regression,momentum,0.2,18,491341137276971780,0.6927710843373494,0.697289156626506,-0.004518072289156683,0.6536102508046395,0.6596587113621182,-0.006048460557478652,0.4148471615720524,0.42139737991266374,-0.0065502183406113135,0.5757575757575758,0.5848484848484848,-0.009090909090909038,0.48223350253807107,0.48984771573604063,-0.007614213197969566,0.7425669520859902,0.7428402259063583,-0.0002732738203681251,0.46684040472936406,0.46469440213046226,0.0021460025989017972
Random Forest,momentum,0.2,18,491341137276971780,0.7033132530120482,0.704066265060241,-0.0007530120481927804,0.6200582984150118,0.6215734499301634,-0.0015151515151515804,0.41208791208791207,0.4136986301369863,-0.0016107180490742556,0.45454545454545453,0.4575757575757576,-0.00303030303030305,0.4322766570605187,0.43453237410071943,-0.002255717040200722,0.7141100382583349,0.7103418959130381,0.0037681423452967655,0.4534410905413171,0.44784009344334486,0.005600997097972238
Logistic Regression,momentum,0.2,19,11098698888215703131,0.6927710843373494,0.6905120481927711,0.0022590361445782303,0.6536102508046395,0.6500789457703285,0.003531305034310983,0.4148471615720524,0.4113785557986871,0.0034686057733653297,0.5757575757575758,0.5696969696969697,0.0060606060606061,0.48223350253807107,0.4777636594663278,0.004469843071743251,0.7425669520859902,0.7435780652213517,-0.0010111131353615077,0.46684040472936406,0.4670934398182297,-0.0002530350888656496
Random Forest,momentum,0.2,19,11098698888215703131,0.7033132530120482,0.7003012048192772,0.0030120481927710108,0.6200582984150118,0.6160259913766928,0.004032307038319027,0.41208791208791207,0.4065934065934066,0.005494505494505475,0.45454545454545453,0.4484848484848485,0.006060606060606044,0.4322766570605187,0.4265129682997118,0.0057636887608069065,0.7141100382583349,0.7113165725390174,0.0027934657193174894,0.4534410905413171,0.45256584177129555,0.0008752487700215417
Logistic Regression,momentum,0.2,20,5921499569598538455,0.6927710843373494,0.6957831325301205,-0.003012048192771122,0.6536102508046395,0.6586567073541021,-0.0050464565494625635,0.4148471615720524,0.41956521739130437,-0.004718055819251943,0.5757575757575758,0.5848484848484848,-0.009090909090909038,0.48223350253807107,0.48860759493670886,-0.006374092398637787,0.7425669520859902,0.7405933078277769,0.0019736442582133362,0.46684040472936406,0.4659825971898145,0.0008578075395495599
Random Forest,momentum,0.2,20,5921499569598538455,0.7033132530120482,0.7070783132530121,-0.0037650602409639022,0.6200582984150118,0.6245916074573389,-0.004533309042327072,0.41208791208791207,0.418732782369146,-0.00664487028123395,0.45454545454545453,0.46060606060606063,-0.0060606060606061,0.4322766570605187,0.43867243867243866,-0.006395781611919948,0.7141100382583349,0.7113651545515273,0.002744883706807588,0.4534410905413171,0.4550630562589239,-0.0016219657176068103
Logistic Regression,momentum,0.2,21,5192594781674276623,0.6927710843373494,0.6995481927710844,-0.006777108433735024,0.6536102508046395,0.6621758668852857,-0.00856561608064621,0.4148471615720524,0.424507658643326,-0.009660497071273588,0.5757575757575758,0.5878787878787879,-0.012121212121212088,0.48223350253807107,0.49301143583227447,-0.010777933294203401,0.7425669520859902,0.7399161960284204,0.002650756057569814,0.46684040472936406,0.462920383957903,0.00392002077146103
Random Forest,momentum,0.2,21,5192594781674276623,0.7033132530120482,0.704066265060241,-0.0007530120481927804,0.6200582984150118,0.6185310013967329,0.001527297018278917,0.41208791208791207,0.41225626740947074,-0.0001683553215586775,0.45454545454545453,0.4484848484848485,0.006060606060606044,0.4322766570605187,0.4296081277213353,0.002668529339183434,0.7141100382583349,0.7104815691990041,0.0036284690593307856,0.4534410905413171,0.4498223131472405,0.0036187773940765666
Logistic Regression,momentum,0.2,22,12466959873910254435,0.6927710843373494,0.6950301204819277,-0.0022590361445783413,0.6536102508046395,0.6581557053500942,-0.00454545454545463,0.4148471615720524,0.41865509761388287,-0.0038079360418304398,0.5757575757575758,0.5848484848484848,-0.009090909090909038,0.48223350253807107,0.4879898862199747,-0.005756383681903621,0.7425669520859902,0.7433867735470941,-0.0008198214611039312,0.46684040472936406,0.4682218529235791,-0.0013814481942150403
Random Forest,momentum,0.2,22,12466959873910254435,0.7033132530120482,0.704066265060241,-0.0007530120481927804,0.6200582984150118,0.6205593004190199,-0.0005010020040080443,0.41208791208791207,0.4132231404958678,-0.001135228407955713,0.45454545454545453,0.45454545454545453,0.0,0.4322766570605187,0.4329004329004329,-0.0006237758399141868,0.7141100382583349,0.7134815084714885,0.0006285297868463546,0.4534410905413171,0.4555865819626702,-0.0021454914213531184
Logistic Regression,momentum,0.2,23,3277913442216493485,0.6927710843373494,0.6965361445783133,-0.0037650602409639022,0.6536102508046395,0.6571294103358232,-0.0035191595311836465,0.4148471615720524,0.4197802197802198,-0.004933058208167362,0.5757575757575758,0.5787878787878787,-0.003030303030302939,0.48223350253807107,0.48662420382165605,-0.004390701283584986,0.7425669520859902,0.7416955122365944,0.0008714398493958608,0.46684040472936406,0.4677802533755694,-0.0009398486462053324
Random Forest,momentum,0.2,23,3277913442216493485,0.7033132530120482,0.7048192771084337,-0.001506024096385561,0.6200582984150118,0.6210603024230279,-0.0010020040080160886,0.41208791208791207,0.4143646408839779,-0.00227672879606583,0.45454545454545453,0.45454545454545453,0.0,0.4322766570605187,0.43352601156069365,-0.0012493545001749373,0.7141100382583349,0.7128590514362056,0.0012509868221292075,0.4534410905413171,0.4522473534678001,0.0011937370735169983
Logistic Regression,momentum,0.2,24,6143622572918828566,0.6927710843373494,0.6995481927710844,-0.006777108433735024,0.6536102508046395,0.6601475678629987,-0.006537317058359138,0.4148471615720524,0.423841059602649,-0.008993898030596581,0.5757575757575758,0.5818181818181818,-0.006060606060605989,0.48223350253807107,0.4904214559386973,-0.008187953400626224,0.7425669520859902,0.7422633145078034,0.000303637578186855,0.46684040472936406,0.46428760707840383,0.0025527976509602257
Random Forest,momentum,0.2,24,6143622572918828566,0.7033132530120482,0.704066265060241,-0.0007530120481927804,0.6200582984150118,0.6225875994413068,-0.0025293010262950055,0.41208791208791207,0.4141689373297003,-0.0020810252417882147,0.45454545454545453,0.46060606060606063,-0.0060606060606061,0.4322766570605187,0.43615494978479197,-0.003878292724273258,0.7141100382583349,0.712418776947835,0.001691261310499903,0.4534410905413171,0.4534901822171632,-4.909167584610241e-05
Logistic Regression,momentum,0.2,25,4377837660185233523,0.6927710843373494,0.7025602409638554,-0.009789156626506035,0.6536102508046395,0.6651940244124612,-0.011583773607821701,0.4148471615720524,0.42857142857142855,-0.013724266999376122,0.5757575757575758,0.5909090909090909,-0.015151515151515138,0.48223350253807107,0.4968152866242038,-0.014581784086132754,0.7425669520859902,0.741977895184308,0.0005890569016822056,0.46684040472936406,0.4633493649491188,0.003491039780245231
Random Forest,momentum,0.2,25,4377837660185233523,0.7033132530120482,0.7093373493975904,-0.006024096385542244,0.6200582984150118,0.6250804639582195,-0.005022165543207668,0.41208791208791207,0.42178770949720673,-0.009699797409294664,0.45454545454545453,0.4575757575757576,-0.00303030303030305,0.4322766570605187,0.438953488372093,-0.006676831311574316,0.7141100382583349,0.7117781016578613,0.002331936600473594,0.4534410905413171,0.45727342205409516,-0.0038323315127780644
Logistic Regression,momentum,0.2,26,10541269480424192030,0.6927710843373494,0.7010542168674698,-0.008283132530120474,0.6536102508046395,0.6601354223598712,-0.00652517155523169,0.4148471615720524,0.42538975501113585,-0.010542593439083425,0.5757575757575758,0.5787878787878787,-0.003030303030302939,0.48223350253807107,0.49037227214377405,-0.008138769605702978,0.7425669520859902,0.7431499362361086,-0.0005829841501183708,0.46684040472936406,0.4666089013282264,0.0002315034011376449
Random Forest,momentum,0.2,26,10541269480424192030,0.7033132530120482,0.704066265060241,-0.0007530120481927804,0.6200582984150118,0.6205593004190199,-0.0005010020040080443,0.41208791208791207,0.4132231404958678,-0.001135228407955713,0.45454545454545453,0.45454545454545453,0.0,0.4322766570605187,0.4329004329004329,-0.0006237758399141868,0.7141100382583349,0.7110645533491226,0.0030454849092123037,0.4534410905413171,0.45532715044661587,-0.0018860599052987759
Logistic Regression,momentum,0.2,27,1958175578909699414,0.6927710843373494,0.697289156626506,-0.004518072289156683,0.6536102508046395,0.6566162628286877,-0.0030060120240481547,0.4148471615720524,0.42035398230088494,-0.005506820728832518,0.5757575757575758,0.5757575757575758,0.0,0.48223350253807107,0.4859335038363171,-0.0037000012982460473,0.7425669520859902,0.7406661808465416,0.001900771239448651,0.46684040472936406,0.4649476223017238,0.0018927824276402383
Random Forest,momentum,0.2,27,1958175578909699414,0.7033132530120482,0.7070783132530121,-0.0037650602409639022,0.6200582984150118,0.6245916074573389,-0.004533309042327072,0.41208791208791207,0.418732782369146,-0.00664487028123395,0.45454545454545453,0.46060606060606063,-0.0060606060606061,0.4322766570605187,0.43867243867243866,-0.006395781611919948,0.7141100382583349,0.7098074937754295,0.004302544482905346,0.4534410905413171,0.44770665041687296,0.005734440124444129
Logistic Regression,momentum,0.2,28,8017600400785254934,0.6927710843373494,0.7003012048192772,-0.0075301204819278045,0.6536102508046395,0.6657193174227243,-0.012109066618084752,0.4148471615720524,0.4264069264069264,-0.011559764834873976,0.5757575757575758,0.5969696969696969,-0.021212121212121127,0.48223350253807107,0.49747474747474746,-0.01524124493667639,0.7425669520859902,0.7428796987915225,-0.00031274670553227413,0.46684040472936406,0.46524366230733516,0.0015967424220288962
Random Forest,momentum,0.2,28,8017600400785254934,0.7033132530120482,0.704066265060241,-0.0007530120481927804,0.6200582984150118,0.6225875994413068,-0.0025293010262950055,0.41208791208791207,0.4141689373297003,-0.0020810252417882147,0.45454545454545453,0.46060606060606063,-0.0060606060606061,0.4322766570605187,0.43615494978479197,-0.003878292724273258,0.7141100382583349,0.7160927916438938,-0.0019827533855589774,0.4534410905413171,0.45974448772400855,-0.006303397182691461
Logistic Regression,momentum,0.2,29,13307602071855158014,0.6927710843373494,0.6980421686746988,-0.005271084337349463,0.6536102508046395,0.6581314143438391,-0.004521163539199624,0.4148471615720524,0.4216335540838852,-0.006786392511832773,0.5757575757575758,0.5787878787878787,-0.003030303030302939,0.48223350253807107,0.4878671775223499,-0.005633674984278858,0.7425669520859902,0.7421236412218376,0.0004433108641526129,0.46684040472936406,0.4657547625894745,0.0010856421398895422
Random Forest,momentum,0.2,29,13307602071855158014,0.7033132530120482,0.7033132530120482,0.0,0.6200582984150118,0.6200582984150118,0.0,0.41208791208791207,0.41208791208791207,0.0,0.45454545454545453,0.45454545454545453,0.0,0.4322766570605187,0.4322766570605187,0.0,0.7141100382583349,0.7091182364729458,0.0049918017853890495,0.4534410905413171,0.44934827045152914,0.004092820089787952
Logistic Regression,momentum,0.5,0,17393518979321930282,0.6927710843373494,0.7010542168674698,-0.008283132530120474,0.6536102508046395,0.6702769174713062,-0.01666666666666672,0.4148471615720524,0.42857142857142855,-0.013724266999376122,0.5757575757575758,0.6090909090909091,-0.033333333333333326,0.48223350253807107,0.5031289111389237,-0.020895408600852594,0.7425669520859902,0.7431408271087632,-0.0005738750227729517,0.46684040472936406,0.4675059162611143,-0.0006655115317502625
Random Forest,momentum,0.5,0,17393518979321930282,0.7033132530120482,0.7078313253012049,-0.004518072289156683,0.6200582984150118,0.6261067589724905,-0.006048460557478652,0.41208791208791207,0.42032967032967034,-0.008241758241758268,0.45454545454545453,0.4636363636363636,-0.009090909090909094,0.4322766570605187,0.4409221902017291,-0.008645533141210415,0.7141100382583349,0.7176717070504646,-0.003561668792129713,0.4534410905413171,0.4588265085487585,-0.0053854180074414115
Logistic Regression,momentum,0.5,1,15684856153234368176,0.6927710843373494,0.6912650602409639,0.0015060240963854499,0.6536102508046395,0.6607214428857715,-0.007111192081131978,0.4148471615720524,0.41596638655462187,-0.0011192249825694445,0.5757575757575758,0.6,-0.024242424242424176,0.48223350253807107,0.4913151364764268,-0.009081633938355704,0.7425669520859902,0.7351733770571446,0.007393575028845634,0.46684040472936406,0.45662491551470585,0.010215489214658202
Random Forest,momentum,0.5,1,15684856153234368176,0.7033132530120482,0.7063253012048193,-0.003012048192771122,0.6200582984150118,0.6210481569199005,-0.000989858504888641,0.41208791208791207,0.41620111731843573,-0.004113205230523664,0.45454545454545453,0.45151515151515154,0.0030303030303029943,0.4322766570605187,0.4331395348837209,-0.0008628778232022127,0.7141100382583349,0.7043207627375964,0.009789275520738494,0.4534410905413171,0.4531144138242312,0.0003266767170859164
Logistic Regression,momentum,0.5,2,17733827439107046703,0.6927710843373494,0.6882530120481928,0.004518072289156572,0.6536102508046395,0.645533491224874,0.008076759579765502,0.4148471615720524,0.40748898678414097,0.007358174787911453,0.5757575757575758,0.5606060606060606,0.015151515151515249,0.48223350253807107,0.4719387755102041,0.01029472702786699,0.7425669520859902,0.7341045727819275,0.008462379304062684,0.46684040472936406,0.46219968351625373,0.0046407212131103215
Random Forest,momentum,0.5,2,17733827439107046703,0.7033132530120482,0.7078313253012049,-0.004518072289156683,0.6200582984150118,0.621036011416773,-0.0009777130017611935,0.41208791208791207,0.4180790960451977,-0.005991183957285651,0.45454545454545453,0.4484848484848485,0.006060606060606044,0.4322766570605187,0.4327485380116959,-0.00047188095117717266,0.7141100382583349,0.7058905690168215,0.0082194692415134,0.4534410905413171,0.44439122292800975,0.009049867613307339
Logistic Regression,momentum,0.5,3,2964189939891098547,0.6927710843373494,0.7003012048192772,-0.0075301204819278045,0.6536102508046395,0.6636910184004372,-0.01008076759579768,0.4148471615720524,0.425764192139738,-0.01091703056768556,0.5757575757575758,0.5909090909090909,-0.015151515151515138,0.48223350253807107,0.4949238578680203,-0.012690355329949221,0.7425669520859902,0.7417410578733223,0.000825894212667877,0.46684040472936406,0.462136513431802,0.004703891297562046
Random Forest,momentum,0.5,3,2964189939891098547,0.7033132530120482,0.7063253012048193,-0.003012048192771122,0.6200582984150118,0.6220623064310439,-0.002004008016032066,0.41208791208791207,0.4166666666666667,-0.004578754578754618,0.45454545454545453,0.45454545454545453,0.0,0.4322766570605187,0.43478260869565216,-0.002505951635133452,0.7141100382583349,0.7107184065099896,0.003391631748345225,0.4534410905413171,0.44880619745182304,0.004634893089494052
Logistic Regression,momentum,0.5,4,798242144090954827,0.6927710843373494,0.7010542168674698,-0.008283132530120474,0.6536102508046395,0.6662203194267322,-0.012610068622092685,0.4148471615720524,0.42733188720173537,-0.012484725629682947,0.5757575757575758,0.5969696969696969,-0.021212121212121127,0.48223350253807107,0.49810366624525915,-0.01587016370718808,0.7425669520859902,0.7404141616566466,0.0021527904293435762,0.46684040472936406,0.46630956633574794,0.0005308383936161176
Random Forest,momentum,0.5,4,798242144090954827,0.7033132530120482,0.7070783132530121,-0.0037650602409639022,0.6200582984150118,0.6205350094127648,-0.00047671099775303816,0.41208791208791207,0.4169014084507042,-0.004813496362792158,0.45454545454545453,0.4484848484848485,0.006060606060606044,0.4322766570605187,0.4321167883211679,0.00015986873935081025,0.7141100382583349,0.7076273759640493,0.006482662294285513,0.4534410905413171,0.448564853815113,0.004876236726204075
Logistic Regression,momentum,0.5,5,14579601671196807479,0.6927710843373494,0.6920180722891566,0.0007530120481927804,0.6536102508046395,0.654123398311775,-0.0005131475071354918,0.4148471615720524,0.41431670281995664,0.000530458752095786,0.5757575757575758,0.5787878787878787,-0.003030303030302939,0.48223350253807107,0.4829329962073325,-0.0006994936692614195,0.7425669520859902,0.7393817938908118,0.0031851581951783947,0.46684040472936406,0.46250155170475593,0.004338853024608125
Random Forest,momentum,0.5,5,14579601671196807479,0.7033132530120482,0.7078313253012049,-0.004518072289156683,0.6200582984150118,0.6240784599502034,-0.00402016153519158,0.41208791208791207,0.41944444444444445,-0.007356532356532386,0.45454545454545453,0.4575757575757576,-0.00303030303030305,0.4322766570605187,0.43768115942028984,-0.005404502359771135,0.7141100382583349,0.7088024533916317,0.00530758486670313,0.4534410905413171,0.4487958954272353,0.00464519511408179
Logistic Regression,momentum,0.5,6,1321294967604821367,0.6927710843373494,0.6867469879518072,0.0060240963855421326,0.6536102508046395,0.6475739357502884,0.0060363150543510935,0.4148471615720524,0.4069264069264069,0.007920754645645511,0.5757575757575758,0.5696969696969697,0.0060606060606061,0.48223350253807107,0.47474747474747475,0.007486027790596317,0.7425669520859902,0.734933503370377,0.0076334487156132225,0.46684040472936406,0.4651930062637122,0.0016473984656518725
Random Forest,momentum,0.5,6,1321294967604821367,0.7033132530120482,0.7048192771084337,-0.001506024096385561,0.6200582984150118,0.6200461529118844,1.2145503127447554e-05,0.41208791208791207,0.41388888888888886,-0.0018009768009767946,0.45454545454545453,0.45151515151515154,0.0030303030303029943,0.4322766570605187,0.4318840579710145,0.00039259908950423084,0.7141100382583349,0.7006437116657557,0.01346632659257918,0.4534410905413171,0.44236748499378126,0.011073605547535836
Logistic Regression,momentum,0.5,7,3127324375683133997,0.6927710843373494,0.7003012048192772,-0.0075301204819278045,0.6536102508046395,0.6657193174227243,-0.012109066618084752,0.4148471615720524,0.4264069264069264,-0.011559764834873976,0.5757575757575758,0.5969696969696969,-0.021212121212121127,0.48223350253807107,0.49747474747474746,-0.01524124493667639,0.7425669520859902,0.7406601080949778,0.0019068439910123747,0.46684040472936406,0.4677627966046418,-0.0009223918752777616
Random Forest,momentum,0.5,7,3127324375683133997,0.7033132530120482,0.7078313253012049,-0.004518072289156683,0.6200582984150118,0.6281350579947774,-0.008076759579765613,0.41208791208791207,0.421195652173913,-0.00910774008600096,0.45454545454545453,0.4696969696969697,-0.015151515151515194,0.4322766570605187,0.44412607449856734,-0.011849417438048626,0.7141100382583349,0.708957308556507,0.005152729701827896,0.4534410905413171,0.45755981387209604,-0.004118723330778951
Logistic Regression,momentum,0.5,8,1647555754957719461,0.6927710843373494,0.6957831325301205,-0.003012048192771122,0.6536102508046395,0.6556142588206717,-0.002004008016032177,0.4148471615720524,0.4185022026431718,-0.003655041071119358,0.5757575757575758,0.5757575757575758,0.0,0.48223350253807107,0.4846938775510204,-0.002460375012949323,0.7425669520859902,0.7371136211817575,0.005453330904232723,0.46684040472936406,0.46677742268948164,6.29820398824199e-05
Random Forest,momentum,0.5,8,1647555754957719461,0.7033132530120482,0.7093373493975904,-0.006024096385542244,0.6200582984150118,0.62812291249165,-0.008064614076638166,0.41208791208791207,0.4230769230769231,-0.010989010989011005,0.45454545454545453,0.4666666666666667,-0.012121212121212144,0.4322766570605187,0.4438040345821326,-0.011527377521613869,0.7141100382583349,0.7077093581101597,0.006400680148175186,0.4534410905413171,0.45018755303110247,0.0032535375102146213
Logistic Regression,momentum,0.5,9,6192631360327062452,0.6927710843373494,0.6965361445783133,-0.0037650602409639022,0.6536102508046395,0.6622001578915406,-0.008589907086901105,0.4148471615720524,0.421505376344086,-0.006658214772033599,0.5757575757575758,0.593939393939394,-0.018181818181818188,0.48223350253807107,0.4930817610062893,-0.010848258468218241,0.7425669520859902,0.739764377239327,0.0028025748466632416,0.46684040472936406,0.46448970549661306,0.002350699232750997
Random Forest,momentum,0.5,9,6192631360327062452,0.7033132530120482,0.7085843373493976,-0.005271084337349463,0.6200582984150118,0.6266077609764984,-0.006549462561486585,0.41208791208791207,0.4214876033057851,-0.00939969121787304,0.45454545454545453,0.4636363636363636,-0.009090909090909094,0.4322766570605187,0.44155844155844154,-0.00928178449792283,0.7141100382583349,0.7097589117629197,0.004351126495415136,0.4534410905413171,0.4548548350646244,-0.001413744523307281
Logistic Regression,momentum,0.5,10,7111264634866772842,0.6927710843373494,0.6927710843373494,0.0,0.6536102508046395,0.6566526993380701,-0.0030424485334306084,0.4148471615720524,0.41594827586206895,-0.001101114290016525,0.5757575757575758,0.5848484848484848,-0.009090909090909038,0.48223350253807107,0.48614609571788414,-0.003912593179813073,0.7425669520859902,0.7336035707779196,0.008963381308070617,0.46684040472936406,0.4642623197347539,0.0025780849946101525
Random Forest,momentum,0.5,10,7111264634866772842,0.7033132530120482,0.7033132530120482,0.0,0.6200582984150118,0.6200582984150118,0.0,0.41208791208791207,0.41208791208791207,0.0,0.45454545454545453,0.45454545454545453,0.0,0.4322766570605187,0.4322766570605187,0.0,0.7141100382583349,0.7036102508046396,0.010499787453695286,0.4534410905413171,0.43796503505804935,0.015476055483267748
Logistic Regression,momentum,0.5,11,2150709829745171909,0.6927710843373494,0.6942771084337349,-0.001506024096385561,0.6536102508046395,0.6525839557903685,0.0010262950142709837,0.4148471615720524,0.415929203539823,-0.001082041967770564,0.5757575757575758,0.5696969696969697,0.0060606060606061,0.48223350253807107,0.48081841432225064,0.0014150882158204259,0.7425669520859902,0.7371379121880124,0.005429039897977828,0.46684040472936406,0.4636503630130059,0.003190041716358172
Random Forest,momentum,0.5,11,2150709829745171909,0.7033132530120482,0.7010542168674698,0.0022590361445783413,0.6200582984150118,0.6144986943584138,0.005559604056598055,0.41208791208791207,0.40668523676880225,0.005402675319109818,0.45454545454545453,0.44242424242424244,0.012121212121212088,0.4322766570605187,0.42380261248185774,0.008474044578660966,0.7141100382583349,0.711140462743669,0.002969575514665812,0.4534410905413171,0.4507813531993168,0.0026597373420003123
Logistic Regression,momentum,0.5,12,16191663150099227690,0.6927710843373494,0.704066265060241,-0.011295180722891596,0.6536102508046395,0.6732950749984818,-0.01968482419384232,0.4148471615720524,0.43254817987152033,-0.017701018299467908,0.5757575757575758,0.6121212121212121,-0.036363636363636265,0.48223350253807107,0.506900878293601,-0.024667375755529908,0.7425669520859902,0.7465446043602356,-0.003977652274245402,0.46684040472936406,0.4694717878666208,-0.0026313831372567487
Random Forest,momentum,0.5,12,16191663150099227690,0.7033132530120482,0.7108433734939759,-0.0075301204819276935,0.6200582984150118,0.6301390660108095,-0.01008076759579768,0.41208791208791207,0.4258241758241758,-0.013736263736263743,0.45454545454545453,0.4696969696969697,-0.015151515151515194,0.4322766570605187,0.44668587896253603,-0.014409221902017322,0.7141100382583349,0.7137153094066921,0.00039472885164271165,0.4534410905413171,0.4493806193758909,0.004060471165426183
Logistic Regression,momentum,0.5,13,15862210648857926593,0.6927710843373494,0.6912650602409639,0.0015060240963854499,0.6536102508046395,0.653622396307767,-1.2145503127447554e-05,0.4148471615720524,0.4134199134199134,0.0014272481521390157,0.5757575757575758,0.5787878787878787,-0.003030303030302939,0.48223350253807107,0.4823232323232323,-8.972978516125218e-05,0.7425669520859902,0.7370437845387746,0.005523167547215602,0.46684040472936406,0.4613757446201976,0.005464660109166464
Random Forest,momentum,0.5,13,15862210648857926593,0.7033132530120482,0.7100903614457831,-0.006777108433734913,0.6200582984150118,0.624567316451084,-0.0045090180360721765,0.41208791208791207,0.4225352112676056,-0.010447299179693559,0.45454545454545453,0.45454545454545453,0.0,0.4322766570605187,0.43795620437956206,-0.005679547319043354,0.7141100382583349,0.7065251715552318,0.007584866703103099,0.4534410905413171,0.44807762742717844,0.005363463114138656
Logistic Regression,momentum,0.5,14,3150180216889708918,0.6927710843373494,0.6927710843373494,0.0,0.6536102508046395,0.6525961012934961,0.0010141495111434251,0.4148471615720524,0.4144736842105263,0.0003734773615260978,0.5757575757575758,0.5727272727272728,0.00303030303030305,0.48223350253807107,0.48091603053435117,0.0013174720037198995,0.7425669520859902,0.7318698002064734,0.010697151879516809,0.46684040472936406,0.4588535255980046,0.007986879131359481
Random Forest,momentum,0.5,14,3150180216889708918,0.7033132530120482,0.7048192771084337,-0.001506024096385561,0.6200582984150118,0.6190320034007408,0.0010262950142709837,0.41208791208791207,0.4134078212290503,-0.0013199091411382202,0.45454545454545453,0.4484848484848485,0.006060606060606044,0.4322766570605187,0.43023255813953487,0.002044098920983839,0.7141100382583349,0.6993350337037711,0.014775004554563709,0.4534410905413171,0.443801170313339,0.009639920227978105
Logistic Regression,momentum,0.5,15,16256828323049158300,0.6927710843373494,0.6897590361445783,0.0030120481927710108,0.6536102508046395,0.656676990344325,-0.0030667395396855035,0.4148471615720524,0.413135593220339,0.0017115683517134328,0.5757575757575758,0.5909090909090909,-0.015151515151515138,0.48223350253807107,0.486284289276808,-0.004050786738736933,0.7425669520859902,0.7393180299993928,0.003248922086597439,0.46684040472936406,0.46606734602031946,0.000773058709044594
Random Forest,momentum,0.5,15,16256828323049158300,0.7033132530120482,0.7108433734939759,-0.0075301204819276935,0.6200582984150118,0.631153215521953,-0.011094917106941216,0.41208791208791207,0.4262295081967213,-0.014141596108809218,0.45454545454545453,0.4727272727272727,-0.018181818181818188,0.4322766570605187,0.4482758620689655,-0.015999205008446815,0.7141100382583349,0.7076243395882674,0.00648569867006743,0.4534410905413171,0.4546463782543656,-0.0012052877130485085
Logistic Regression,momentum,0.5,16,4314667221428113924,0.6927710843373494,0.6957831325301205,-0.003012048192771122,0.6536102508046395,0.6606850063763892,-0.007074755571749636,0.4148471615720524,0.4202586206896552,-0.005411459117602768,0.5757575757575758,0.5909090909090909,-0.015151515151515138,0.48223350253807107,0.491183879093199,-0.008950376555127926,0.7425669520859902,0.7447045606364244,-0.0021376085504342113,0.46684040472936406,0.4684849773196915,-0.0016445725903274644
Random Forest,momentum,0.5,16,4314667221428113924,0.7033132530120482,0.7100903614457831,-0.006777108433734913,0.6200582984150118,0.6316663630290885,-0.011608064614076707,0.41208791208791207,0.4254742547425474,-0.013386342654635341,0.45454545454545453,0.47575757575757577,-0.021212121212121238,0.4322766570605187,0.4492131616595136,-0.016936504598994873,0.7141100382583349,0.7094765288152062,0.0046335094431286805,0.4534410905413171,0.4584264105496503,-0.004985320008333183
Logistic Regression,momentum,0.5,17,18039844777060828648,0.6927710843373494,0.7025602409638554,-0.009789156626506035,0.6536102508046395,0.6631657253901743,-0.00955547458553474,0.4148471615720524,0.4279379157427938,-0.013090754170741348,0.5757575757575758,0.5848484848484848,-0.009090909090909038,0.48223350253807107,0.4942381562099872,-0.01200465367191611,0.7425669520859902,0.7387775551102205,0.003789396975769743,0.46684040472936406,0.46818664929259257,-0.0013462445632285158
Random Forest,momentum,0.5,17,18039844777060828648,0.7033132530120482,0.7033132530120482,0.0,0.6200582984150118,0.6200582984150118,0.0,0.41208791208791207,0.41208791208791207,0.0,0.45454545454545453,0.45454545454545453,0.0,0.4322766570605187,0.4322766570605187,0.0,0.7141100382583349,0.7092730916378212,0.004836946620513705,0.4534410905413171,0.45419290010814184,-0.000751809566824746
Logistic Regression,momentum,0.5,18,3266413441402382990,0.6927710843373494,0.6980421686746988,-0.005271084337349463,0.6536102508046395,0.6581314143438391,-0.004521163539199624,0.4148471615720524,0.4216335540838852,-0.006786392511832773,0.5757575757575758,0.5787878787878787,-0.003030303030302939,0.48223350253807107,0.4878671775223499,-0.005633674984278858,0.7425669520859902,0.7410669824497479,0.0014999696362423265,0.46684040472936406,0.45994228361293554,0.006898121116428513
Random Forest,momentum,0.5,18,3266413441402382990,0.7033132530120482,0.7063253012048193,-0.003012048192771122,0.6200582984150118,0.6210481569199005,-0.000989858504888641,0.41208791208791207,0.41620111731843573,-0.004113205230523664,0.45454545454545453,0.45151515151515154,0.0030303030303029943,0.4322766570605187,0.4331395348837209,-0.0008628778232022127,0.7141100382583349,0.7095311835792798,0.0045788546790550555,0.4534410905413171,0.44610694509576737,0.007334145445549722
Logistic Regression,momentum,0.5,19,8355592491218700742,0.6927710843373494,0.6905120481927711,0.0022590361445782303,0.6536102508046395,0.6521072447926155,0.0015030060120240218,0.4148471615720524,0.4121475054229935,0.0026996561490589266,0.5757575757575758,0.5757575757575758,0.0,0.48223350253807107,0.4804045512010114,0.001828951337059681,0.7425669520859902,0.7422208052468573,0.00034614683913292144,0.46684040472936406,0.46415700333507226,0.0026834013942917956
Random Forest,momentum,0.5,19,8355592491218700742,0.7033132530120482,0.7070783132530121,-0.0037650602409639022,0.6200582984150118,0.6235774579461955,-0.0035191595311836465,0.41208791208791207,0.4182825484764543,-0.0061946363885422295,0.45454545454545453,0.4575757575757576,-0.00303030303030305,0.4322766570605187,0.4370477568740955,-0.004771099813576818,0.7141100382583349,0.7143681301997935,-0.0002580919414586491,0.4534410905413171,0.45028871209153676,0.0031523784497803353
Logistic Regression,momentum,0.5,20,12883246034921371060,0.6927710843373494,0.6927710843373494,0.0,0.6536102508046395,0.6556385498269266,-0.0020282990222870723,0.4148471615720524,0.4155844155844156,-0.0007372540123631866,0.5757575757575758,0.5818181818181818,-0.006060606060605989,0.48223350253807107,0.48484848484848486,-0.0026149823104137937,0.7425669520859902,0.7346116475374993,0.007955304548490916,0.46684040472936406,0.4634784592085224,0.0033619455208416804
Random Forest,momentum,0.5,20,12883246034921371060,0.7033132530120482,0.7123493975903614,-0.009036144578313254,0.6200582984150118,0.6311410700188256,-0.011082771603813768,0.41208791208791207,0.4281767955801105,-0.016088883492198447,0.45454545454545453,0.4696969696969697,-0.015151515151515194,0.4322766570605187,0.4479768786127168,-0.01570022155219808,0.7141100382583349,0.7085413250743913,0.0055687131839435855,0.4534410905413171,0.45504567370809934,-0.0016045831667822474
Logistic Regression,momentum,0.5,21,545024716479459086,0.6927710843373494,0.6912650602409639,0.0015060240963854499,0.6536102508046395,0.655650695330054,-0.00204044452541452,0.4148471615720524,0.41416309012875535,0.000684071443297074,0.5757575757575758,0.5848484848484848,-0.009090909090909038,0.48223350253807107,0.4849246231155779,-0.0026911205775068114,0.7425669520859902,0.733044877634056,0.009522074451934204,0.46684040472936406,0.4576074674572843,0.009232937272079744
Random Forest,momentum,0.5,21,545024716479459086,0.7033132530120482,0.7033132530120482,0.0,0.6200582984150118,0.6190441489038683,0.0010141495111435361,0.41208791208791207,0.4116022099447514,0.0004857021431606823,0.45454545454545453,0.45151515151515154,0.0030303030303029943,0.4322766570605187,0.430635838150289,0.0016408189102297133,0.7141100382583349,0.7041112528086476,0.009998785449687242,0.4534410905413171,0.44746432273415593,0.005976767807161165
Logistic Regression,momentum,0.5,22,9474716376285057345,0.6927710843373494,0.697289156626506,-0.004518072289156683,0.6536102508046395,0.6586445618509746,-0.005034311046335116,0.4148471615720524,0.42105263157894735,-0.00620547000689492,0.5757575757575758,0.5818181818181818,-0.006060606060605989,0.48223350253807107,0.48854961832061067,-0.0063161157825396,0.7425669520859902,0.7420963138398009,0.0004706382461893144,0.46684040472936406,0.4692695908019778,-0.0024291860726137204
Random Forest,momentum,0.5,22,9474716376285057345,0.7033132530120482,0.7048192771084337,-0.001506024096385561,0.6200582984150118,0.6220744519341713,-0.0020161535191595137,0.41208791208791207,0.41483516483516486,-0.002747252747252793,0.45454545454545453,0.4575757575757576,-0.00303030303030305,0.4322766570605187,0.43515850144092216,-0.0028818443804034533,0.7141100382583349,0.7080797959555475,0.00603024230278737,0.4534410905413171,0.44933050931235013,0.0041105812289669585
Logistic Regression,momentum,0.5,23,10407078335325699423,0.6927710843373494,0.6942771084337349,-0.001506024096385561,0.6536102508046395,0.6627254509018036,-0.009115200097164045,0.4148471615720524,0.4194915254237288,-0.004644363851676381,0.5757575757575758,0.6,-0.024242424242424176,0.48223350253807107,0.4937655860349127,-0.01153208349684165,0.7425669520859902,0.7374597680208903,0.005107184065099912,0.46684040472936406,0.4664882992117896,0.0003521055175744747
Random Forest,momentum,0.5,23,10407078335325699423,0.7033132530120482,0.7115963855421686,-0.008283132530120474,0.6200582984150118,0.627597619481387,-0.007539321066375226,0.41208791208791207,0.4257703081232493,-0.013682396035337219,0.45454545454545453,0.46060606060606063,-0.0060606060606061,0.4322766570605187,0.44250363901018924,-0.010226981949670533,0.7141100382583349,0.7094734924394243,0.004636545818910598,0.4534410905413171,0.4496629716880842,0.0037781188532328702
Logistic Regression,momentum,0.5,24,5095753029052365199,0.6927710843373494,0.6935240963855421,-0.0007530120481927804,0.6536102508046395,0.6541112528086477,-0.0005010020040081553,0.4148471615720524,0.41575492341356673,-0.0009077618415143096,0.5757575757575758,0.5757575757575758,0.0,0.48223350253807107,0.48284625158831,-0.0006127490502389477,0.7425669520859902,0.7393180299993928,0.003248922086597439,0.46684040472936406,0.4602974605514707,0.006542944177893362
Random Forest,momentum,0.5,24,5095753029052365199,0.7033132530120482,0.7055722891566265,-0.0022590361445783413,0.6200582984150118,0.6256179024716099,-0.005559604056598055,0.41208791208791207,0.4173441734417344,-0.005256261353822345,0.45454545454545453,0.4666666666666667,-0.012121212121212144,0.4322766570605187,0.4406294706723891,-0.008352813611870402,0.7141100382583349,0.711055444221777,0.003054594036557834,0.4534410905413171,0.4504387253202493,0.003002365221067782
Logistic Regression,momentum,0.5,25,4403014434007639241,0.6927710843373494,0.6980421686746988,-0.005271084337349463,0.6536102508046395,0.6621880123884132,-0.008577761583773658,0.4148471615720524,0.4229934924078091,-0.008146330835756666,0.5757575757575758,0.5909090909090909,-0.015151515151515138,0.48223350253807107,0.49304677623261695,-0.010813273694545877,0.7425669520859902,0.7386561000789458,0.003910852007044441,0.46684040472936406,0.4570902835213621,0.00975012120800195
Random Forest,momentum,0.5,25,4403014434007639241,0.7033132530120482,0.7063253012048193,-0.003012048192771122,0.6200582984150118,0.6220623064310439,-0.002004008016032066,0.41208791208791207,0.4166666666666667,-0.004578754578754618,0.45454545454545453,0.45454545454545453,0.0,0.4322766570605187,0.43478260869565216,-0.002505951635133452,0.7141100382583349,0.7043329082407238,0.009777130017611046,0.4534410905413171,0.44464434285621746,0.008796747685099637
Logistic Regression,momentum,0.5,26,12491344380376219443,0.6927710843373494,0.7055722891566265,-0.012801204819277157,0.6536102508046395,0.6651697334062063,-0.011559482601566806,0.4148471615720524,0.4317673378076063,-0.016920176235553863,0.5757575757575758,0.5848484848484848,-0.009090909090909038,0.48223350253807107,0.4967824967824968,-0.01454899424442574,0.7425669520859902,0.7407572721199976,0.0018096799659925722,0.46684040472936406,0.4648640956368952,0.0019763090924688753
Random Forest,momentum,0.5,26,12491344380376219443,0.7033132530120482,0.7078313253012049,-0.004518072289156683,0.6200582984150118,0.6281350579947774,-0.008076759579765613,0.41208791208791207,0.421195652173913,-0.00910774008600096,0.45454545454545453,0.4696969696969697,-0.015151515151515194,0.4322766570605187,0.44412607449856734,-0.011849417438048626,0.7141100382583349,0.7055292402987794,0.008580797959555464,0.4534410905413171,0.453612900247215,-0.00017180970589791844
Logistic Regression,momentum,0.5,27,5526319817851330678,0.6927710843373494,0.6987951807228916,-0.006024096385542244,0.6536102508046395,0.6586324163478472,-0.005022165543207668,0.4148471615720524,0.4225663716814159,-0.007719210109363495,0.5757575757575758,0.5787878787878787,-0.003030303030302939,0.48223350253807107,0.4884910485933504,-0.006257546055279339,0.7425669520859902,0.7355013056415861,0.007065646444404106,0.46684040472936406,0.46242906851358645,0.004411336215777606
Random Forest,momentum,0.5,27,5526319817851330678,0.7033132530120482,0.7033132530120482,0.0,0.6200582984150118,0.6200582984150118,0.0,0.41208791208791207,0.41208791208791207,0.0,0.45454545454545453,0.45454545454545453,0.0,0.4322766570605187,0.4322766570605187,0.0,0.7141100382583349,0.7009534219955063,0.013156616262828602,0.4534410905413171,0.44143374473687197,0.012007345804445124
Logistic Regression,momentum,0.5,28,10487296181863451663,0.6927710843373494,0.6980421686746988,-0.005271084337349463,0.6536102508046395,0.6652304609218437,-0.011620210117204155,0.4148471615720524,0.42398286937901497,-0.009135707806962545,0.5757575757575758,0.6,-0.024242424242424176,0.48223350253807107,0.4968632371392723,-0.014629734601201205,0.7425669520859902,0.7403048521284994,0.0022620999574908263,0.46684040472936406,0.46089406346923517,0.0059463412601288845
Random Forest,momentum,0.5,28,10487296181863451663,0.7033132530120482,0.7010542168674698,0.0022590361445783413,0.6200582984150118,0.6205835914252747,-0.0005252930102629394,0.41208791208791207,0.40970350404312667,0.002384408044785402,0.45454545454545453,0.46060606060606063,-0.0060606060606061,0.4322766570605187,0.43366619115549215,-0.0013895340949734436,0.7141100382583349,0.7124612862087811,0.0016487520495537256,0.4534410905413171,0.4590162203230196,-0.0055751297817024925
Logistic Regression,momentum,0.5,29,16897668252743856082,0.6927710843373494,0.6987951807228916,-0.006024096385542244,0.6536102508046395,0.6647173134147082,-0.011107062610068663,0.4148471615720524,0.4245689655172414,-0.009721803945188956,0.5757575757575758,0.5969696969696969,-0.021212121212121127,0.48223350253807107,0.49622166246851385,-0.013988159930442778,0.7425669520859902,0.7392815934900103,0.0032853585959798925,0.46684040472936406,0.46225111841830735,0.004589286311056706
Random Forest,momentum,0.5,29,16897668252743856082,0.7033132530120482,0.7055722891566265,-0.0022590361445783413,0.6200582984150118,0.6195330054047489,0.0005252930102629394,0.41208791208791207,0.41456582633053224,-0.0024779142426201717,0.45454545454545453,0.4484848484848485,0.006060606060606044,0.4322766570605187,0.43085880640465796,0.0014178506558607529,0.7141100382583349,0.7024078459950204,0.011702192263314481,0.4534410905413171,0.44978192799949435,0.003659162541822747
Logistic Regression,momentum,1.0,0,505468754446332977,0.6927710843373494,0.6987951807228916,-0.006024096385542244,0.6536102508046395,0.6758729580372866,-0.022262707232647116,0.4148471615720524,0.4279835390946502,-0.013136377522597775,0.5757575757575758,0.6303030303030303,-0.05454545454545445,0.48223350253807107,0.5098039215686274,-0.027570419030556348,0.7425669520859902,0.7372229307099046,0.005344021376085584,0.46684040472936406,0.46412978188708864,0.002710622842275412
Random Forest,momentum,1.0,0,505468754446332977,0.7033132530120482,0.7063253012048193,-0.003012048192771122,0.6200582984150118,0.6291613530090484,-0.009103054594036597,0.41208791208791207,0.4197860962566845,-0.007698184168772437,0.45454545454545453,0.47575757575757577,-0.021212121212121238,0.4322766570605187,0.4460227272727273,-0.013746070212208583,0.7141100382583349,0.715039169247586,-0.0009291309892511812,0.4534410905413171,0.4598544090897895,-0.00641331854847238
Logistic Regression,momentum,1.0,1,16187624680780913364,0.6927710843373494,0.6822289156626506,0.010542168674698704,0.6536102508046395,0.6506528207931014,0.0029574300115381424,0.4148471615720524,0.4041666666666667,0.010680494905385751,0.5757575757575758,0.5878787878787879,-0.012121212121212088,0.48223350253807107,0.47901234567901235,0.003221156859058716,0.7425669520859902,0.7210845934292828,0.021482358656707445,0.46684040472936406,0.4425872148423722,0.024253189886991877
Random Forest,momentum,1.0,1,16187624680780913364,0.7033132530120482,0.7100903614457831,-0.006777108433734913,0.6200582984150118,0.6255814659622275,-0.005523167547215713,0.41208791208791207,0.42296918767507,-0.010881275587157957,0.45454545454545453,0.4575757575757576,-0.00303030303030305,0.4322766570605187,0.4395924308588064,-0.007315773798287684,0.7141100382583349,0.6947258152668974,0.019384222991437494,0.4534410905413171,0.4435908583977783,0.009850232143538806
Logistic Regression,momentum,1.0,2,9608059255090697254,0.6927710843373494,0.6792168674698795,0.013554216867469826,0.6536102508046395,0.6425639157102083,0.011046335094431203,0.4148471615720524,0.3983050847457627,0.01654207682628972,0.5757575757575758,0.5696969696969697,0.0060606060606061,0.48223350253807107,0.4688279301745636,0.013405572363507479,0.7425669520859902,0.7181544907997814,0.024412461286208775,0.46684040472936406,0.45320206275907915,0.013638341970284906
Random Forest,momentum,1.0,2,9608059255090697254,0.7033132530120482,0.6950301204819277,0.008283132530120474,0.6200582984150118,0.6115048278374932,0.008553470577518651,0.41208791208791207,0.3983739837398374,0.013713928348074667,0.45454545454545453,0.44545454545454544,0.009090909090909094,0.4322766570605187,0.4206008583690987,0.011675798691419992,0.7141100382583349,0.6980385012449141,0.01607153701342079,0.4534410905413171,0.4340492804663344,0.019391810074982696
Logistic Regression,momentum,1.0,3,12183088583607498320,0.6927710843373494,0.6950301204819277,-0.0022590361445783413,0.6536102508046395,0.6652547519280987,-0.011644501123459161,0.4148471615720524,0.42105263157894735,-0.00620547000689492,0.5757575757575758,0.6060606060606061,-0.030303030303030276,0.48223350253807107,0.4968944099378882,-0.014660907399817125,0.7425669520859902,0.7327230218011781,0.009843930284812119,0.46684040472936406,0.4567707651747944,0.010069639554569632
Random Forest,momentum,1.0,3,12183088583607498320,0.7033132530120482,0.7078313253012049,-0.004518072289156683,0.6200582984150118,0.6261067589724905,-0.006048460557478652,0.41208791208791207,0.42032967032967034,-0.008241758241758268,0.45454545454545453,0.4636363636363636,-0.009090909090909094,0.4322766570605187,0.4409221902017291,-0.008645533141210415,0.7141100382583349,0.703303576850671,0.010806461407663837,0.4534410905413171,0.44317100272174076,0.010270087819576335
Logistic Regression,momentum,1.0,4,12250458351807541429,0.6927710843373494,0.6875,0.005271084337349352,0.6536102508046395,0.6521315357988704,0.0014787150057691267,0.4148471615720524,0.4093816631130064,0.0054654984590460365,0.5757575757575758,0.5818181818181818,-0.006060606060605989,0.48223350253807107,0.4806007509386733,0.0016327515993977415,0.7425669520859902,0.7305945223780895,0.01197242970790069,0.46684040472936406,0.4603898142913845,0.006450590437979575
Random Forest,momentum,1.0,4,12250458351807541429,0.7033132530120482,0.7093373493975904,-0.006024096385542244,0.6200582984150118,0.62812291249165,-0.008064614076638166,0.41208791208791207,0.4230769230769231,-0.010989010989011005,0.45454545454545453,0.4666666666666667,-0.012121212121212144,0.4322766570605187,0.4438040345821326,-0.011527377521613869,0.7141100382583349,0.6988309953239813,0.01527904293435356,0.4534410905413171,0.4342014079712546,0.019239682570062477
Logistic Regression,momentum,1.0,5,9925275354510385361,0.6927710843373494,0.6905120481927711,0.0022590361445782303,0.6536102508046395,0.6561638428371895,-0.0025535920325500117,0.4148471615720524,0.4136460554371002,0.0012011061349522234,0.5757575757575758,0.5878787878787879,-0.012121212121212088,0.48223350253807107,0.4856070087609512,-0.0033735062228801294,0.7425669520859902,0.7311349972672617,0.011431954818728496,0.46684040472936406,0.4515624743288852,0.015277930400478867
Random Forest,momentum,1.0,5,9925275354510385361,0.7033132530120482,0.7063253012048193,-0.003012048192771122,0.6200582984150118,0.624090605453331,-0.004032307038319138,0.41208791208791207,0.4175824175824176,-0.0054945054945055305,0.45454545454545453,0.46060606060606063,-0.0060606060606061,0.4322766570605187,0.43804034582132567,-0.005763688760806962,0.7141100382583349,0.7048187283658225,0.009291309892512367,0.4534410905413171,0.45117393078138707,0.0022671597599300264
Logistic Regression,momentum,1.0,6,13209954283467664730,0.6927710843373494,0.6769578313253012,0.015813253012048167,0.6536102508046395,0.6420750592093278,0.011535191595311689,0.4148471615720524,0.39622641509433965,0.01862074647771278,0.5757575757575758,0.5727272727272728,0.00303030303030305,0.48223350253807107,0.4684014869888476,0.013832015549223475,0.7425669520859902,0.721512722414526,0.021054229671464197,0.46684040472936406,0.4558649184197746,0.010975486309589444
Random Forest,momentum,1.0,6,13209954283467664730,0.7033132530120482,0.7115963855421686,-0.008283132530120474,0.6200582984150118,0.6286117689925306,-0.008553470577518762,0.41208791208791207,0.42618384401114207,-0.014095931923229998,0.45454545454545453,0.4636363636363636,-0.009090909090909094,0.4322766570605187,0.444121915820029,-0.011845258759510313,0.7141100382583349,0.6927339527539929,0.021376085504342,0.4534410905413171,0.4333273920607035,0.020113698480613618
Logistic Regression,momentum,1.0,7,7856654571063337061,0.6927710843373494,0.6867469879518072,0.0060240963855421326,0.6536102508046395,0.6577154308617235,-0.004105180057083935,0.4148471615720524,0.4107883817427386,0.004058779829313852,0.5757575757575758,0.6,-0.024242424242424176,0.48223350253807107,0.4876847290640394,-0.005451226525968356,0.7425669520859902,0.7309649602234772,0.011601991862512984,0.46684040472936406,0.4618139037084024,0.005026501020961638
Random Forest,momentum,1.0,7,7856654571063337061,0.7033132530120482,0.7123493975903614,-0.009036144578313254,0.6200582984150118,0.634183518552256,-0.014125220137244154,0.41208791208791207,0.42934782608695654,-0.017259913999044474,0.45454545454545453,0.47878787878787876,-0.024242424242424232,0.4322766570605187,0.45272206303724927,-0.020445405976730557,0.7141100382583349,0.7023865913645473,0.01172344689378757,0.4534410905413171,0.45295189160636024,0.0004891989349568582
Logistic Regression,momentum,1.0,8,11735095282264959955,0.6927710843373494,0.6965361445783133,-0.0037650602409639022,0.6536102508046395,0.6601718588692537,-0.006561608064614144,0.4148471615720524,0.420824295010846,-0.00597713343879358,0.5757575757575758,0.5878787878787879,-0.012121212121212088,0.48223350253807107,0.49051833122629585,-0.008284828688224777,0.7425669520859902,0.7240572053197305,0.018509746766259716,0.46684040472936406,0.46228774932054495,0.004552655408819106
Random Forest,momentum,1.0,8,11735095282264959955,0.7033132530120482,0.7115963855421686,-0.008283132530120474,0.6200582984150118,0.6326683670371045,-0.012610068622092685,0.41208791208791207,0.42779291553133514,-0.01570500344342307,0.45454545454545453,0.47575757575757577,-0.021212121212121238,0.4322766570605187,0.45050215208034433,-0.01822549501982562,0.7141100382583349,0.6982419384222991,0.015868099836035765,0.4534410905413171,0.44317864216473024,0.010262448376586852
Logistic Regression,momentum,1.0,9,133352698022964842,0.6927710843373494,0.6784638554216867,0.014307228915662606,0.6536102508046395,0.6471336612619178,0.006476589542721678,0.4148471615720524,0.3995859213250518,0.015261240247000651,0.5757575757575758,0.5848484848484848,-0.009090909090909038,0.48223350253807107,0.4747847478474785,0.007448754690592585,0.7425669520859902,0.7310864152547519,0.011480536831238286,0.46684040472936406,0.45681996902467226,0.010020435704691799
Random Forest,momentum,1.0,9,133352698022964842,0.7033132530120482,0.7100903614457831,-0.006777108433734913,0.6200582984150118,0.6357229610736624,-0.01566466265865063,0.41208791208791207,0.4270557029177719,-0.014967790829859828,0.45454545454545453,0.48787878787878786,-0.033333333333333326,0.4322766570605187,0.45544554455445546,-0.02316888749393675,0.7141100382583349,0.6992591243092245,0.014850913949110311,0.4534410905413171,0.4565473181563875,-0.0031062276150704005
Logistic Regression,momentum,1.0,10,6799890529216134673,0.6927710843373494,0.6829819277108434,0.009789156626505924,0.6536102508046395,0.6531821218193964,0.0004281289852431369,0.4148471615720524,0.4057971014492754,0.009050060122777037,0.5757575757575758,0.593939393939394,-0.018181818181818188,0.48223350253807107,0.4821648216482165,6.868088985456655e-05,0.7425669520859902,0.7184854557600048,0.02408149632598544,0.46684040472936406,0.456489741142165,0.01035066358719905
Random Forest,momentum,1.0,10,6799890529216134673,0.7033132530120482,0.7025602409638554,0.0007530120481927804,0.6200582984150118,0.6215855954332908,-0.001527297018279028,0.41208791208791207,0.41192411924119243,0.0001637928467196348,0.45454545454545453,0.46060606060606063,-0.0060606060606061,0.4322766570605187,0.43490701001430615,-0.0026303529537874404,0.7141100382583349,0.6937966842776462,0.020313353980688675,0.4534410905413171,0.436135280826412,0.017305809714905085
Logistic Regression,momentum,1.0,11,16984245663453666315,0.6927710843373494,0.6920180722891566,0.0007530120481927804,0.6536102508046395,0.6551375478229186,-0.001527297018279028,0.4148471615720524,0.4146868250539957,0.0001603365180567473,0.5757575757575758,0.5818181818181818,-0.006060606060605989,0.48223350253807107,0.4842370744010088,-0.0020035718629377586,0.7425669520859902,0.7248800631566163,0.017686888929373867,0.46684040472936406,0.4542829668105107,0.012557437918853331
Random Forest,momentum,1.0,11,16984245663453666315,0.7033132530120482,0.697289156626506,0.0060240963855421326,0.6200582984150118,0.6160502823829477,0.004008016032064132,0.41208791208791207,0.4032258064516129,0.008862105636299189,0.45454545454545453,0.45454545454545453,0.0,0.4322766570605187,0.42735042735042733,0.004926229710091379,0.7141100382583349,0.7036891965749681,0.010420841683366766,0.4534410905413171,0.44547780586679014,0.00796328467452695
Logistic Regression,momentum,1.0,12,15746614559868939360,0.6927710843373494,0.6995481927710844,-0.006777108433735024,0.6536102508046395,0.6682607639521467,-0.014650513147507205,0.4148471615720524,0.42643923240938164,-0.011592070837329216,0.5757575757575758,0.6060606060606061,-0.030303030303030276,0.48223350253807107,0.5006257822277848,-0.018392279689713686,0.7425669520859902,0.743432319183822,-0.000865367097831804,0.46684040472936406,0.46560546719911045,0.0012349375302536103
Random Forest,momentum,1.0,12,15746614559868939360,0.7033132530120482,0.7078313253012049,-0.004518072289156683,0.6200582984150118,0.627120908483634,-0.007062610068622188,0.41208791208791207,0.4207650273224044,-0.008677115234492327,0.45454545454545453,0.4666666666666667,-0.012121212121212144,0.4322766570605187,0.4425287356321839,-0.010252078571665213,0.7141100382583349,0.7102720592700552,0.0038379789882796445,0.4534410905413171,0.44301451019256766,0.010426580348749437
Logistic Regression,momentum,1.0,13,11289502759427750706,0.6927710843373494,0.677710843373494,0.015060240963855387,0.6536102508046395,0.6425760612133358,0.011034189591303756,0.4148471615720524,0.39705882352941174,0.017788338042640683,0.5757575757575758,0.5727272727272728,0.00303030303030305,0.48223350253807107,0.46898263027295284,0.01325087226511823,0.7425669520859902,0.7239782595494018,0.018588692536588458,0.46684040472936406,0.4524372200905834,0.014403184638780653
Random Forest,momentum,1.0,13,11289502759427750706,0.7033132530120482,0.7085843373493976,-0.005271084337349463,0.6200582984150118,0.6286360599987855,-0.008577761583773658,0.41208791208791207,0.4223433242506812,-0.01025541216276915,0.45454545454545453,0.4696969696969697,-0.015151515151515194,0.4322766570605187,0.4447632711621234,-0.012486614101604676,0.7141100382583349,0.7070079553045484,0.007102082953786448,0.4534410905413171,0.45301259989411374,0.00042849064720335006
Logistic Regression,momentum,1.0,14,2517659908946924823,0.6927710843373494,0.6844879518072289,0.008283132530120474,0.6536102508046395,0.6480992287605514,0.005511022044088154,0.4148471615720524,0.4051172707889126,0.00972989078313985,0.5757575757575758,0.5757575757575758,0.0,0.48223350253807107,0.4755944931163955,0.006639009421675557,0.7425669520859902,0.7149905872350762,0.02757636485091397,0.46684040472936406,0.4457023500537546,0.021138054675609474
Random Forest,momentum,1.0,14,2517659908946924823,0.7033132530120482,0.7078313253012049,-0.004518072289156683,0.6200582984150118,0.627120908483634,-0.007062610068622188,0.41208791208791207,0.4207650273224044,-0.008677115234492327,0.45454545454545453,0.4666666666666667,-0.012121212121212144,0.4322766570605187,0.4425287356321839,-0.010252078571665213,0.7141100382583349,0.6884496265257789,0.025660411732555954,0.4534410905413171,0.43983875862554866,0.013602331915768429
Logistic Regression,momentum,1.0,15,16372694168862948136,0.6927710843373494,0.7003012048192772,-0.0075301204819278045,0.6536102508046395,0.6667334669338677,-0.013123216129228177,0.4148471615720524,0.4267241379310345,-0.01187697635898205,0.5757575757575758,0.6,-0.024242424242424176,0.48223350253807107,0.4987405541561713,-0.016507051618100232,0.7425669520859902,0.730151211513937,0.012415740572053191,0.46684040472936406,0.4605566591136257,0.0062837456157383564
Random Forest,momentum,1.0,15,16372694168862948136,0.7033132530120482,0.7070783132530121,-0.0037650602409639022,0.6200582984150118,0.6296623550130565,-0.009604056598044641,0.41208791208791207,0.42091152815013405,-0.008823616062221984,0.45454545454545453,0.47575757575757577,-0.021212121212121238,0.4322766570605187,0.4466571834992888,-0.01438052643877008,0.7141100382583349,0.702599137669278,0.011510900589056905,0.4534410905413171,0.4554161131433381,-0.0019750226020209816
Logistic Regression,momentum,1.0,16,4441290053441175222,0.6927710843373494,0.6920180722891566,0.0007530120481927804,0.6536102508046395,0.6632507439120665,-0.009640493107426984,0.4148471615720524,0.4175365344467641,-0.0026893728747116596,0.5757575757575758,0.6060606060606061,-0.030303030303030276,0.48223350253807107,0.49443757725587145,-0.012204074717800384,0.7425669520859902,0.7379425517702071,0.00462440031578315,0.46684040472936406,0.4638702012818815,0.0029702034474825556
Random Forest,momentum,1.0,16,4441290053441175222,0.7033132530120482,0.7070783132530121,-0.0037650602409639022,0.6200582984150118,0.6296623550130565,-0.009604056598044641,0.41208791208791207,0.42091152815013405,-0.008823616062221984,0.45454545454545453,0.47575757575757577,-0.021212121212121238,0.4322766570605187,0.4466571834992888,-0.01438052643877008,0.7141100382583349,0.70710815570535,0.007001882552984839,0.4534410905413171,0.4515213850905394,0.0019197054507776867
Logistic Regression,momentum,1.0,17,10932664195229625969,0.6927710843373494,0.6995481927710844,-0.006777108433735024,0.6536102508046395,0.6652183154187161,-0.011608064614076596,0.4148471615720524,0.42548596112311016,-0.010638799551057732,0.5757575757575758,0.5969696969696969,-0.021212121212121127,0.48223350253807107,0.4968474148802018,-0.01461391234213072,0.7425669520859902,0.7282929495354346,0.014274002550555664,0.46684040472936406,0.46366403558877645,0.0031763691405876093
Random Forest,momentum,1.0,17,10932664195229625969,0.7033132530120482,0.7055722891566265,-0.0022590361445783413,0.6200582984150118,0.6286603510050404,-0.008602052590028553,0.41208791208791207,0.4186666666666667,-0.00657875457875462,0.45454545454545453,0.47575757575757577,-0.021212121212121238,0.4322766570605187,0.4453900709219858,-0.013113413861467083,0.7141100382583349,0.6990192506224571,0.01509078763587779,0.4534410905413171,0.4410787119976946,0.012362378543622488
Logistic Regression,momentum,1.0,18,16476097643504370812,0.6927710843373494,0.6980421686746988,-0.005271084337349463,0.6536102508046395,0.6581314143438391,-0.004521163539199624,0.4148471615720524,0.4216335540838852,-0.006786392511832773,0.5757575757575758,0.5787878787878787,-0.003030303030302939,0.48223350253807107,0.4878671775223499,-0.005633674984278858,0.7425669520859902,0.7320064371166575,0.010560514969332746,0.46684040472936406,0.45000011731766115,0.016840287411702903
Random Forest,momentum,1.0,18,16476097643504370812,0.7033132530120482,0.7055722891566265,-0.0022590361445783413,0.6200582984150118,0.6256179024716099,-0.005559604056598055,0.41208791208791207,0.4173441734417344,-0.005256261353822345,0.45454545454545453,0.4666666666666667,-0.012121212121212144,0.4322766570605187,0.4406294706723891,-0.008352813611870402,0.7141100382583349,0.7039685431468999,0.010141495111434917,0.4534410905413171,0.4432679573076591,0.010173133233657983
Logistic Regression,momentum,1.0,19,14485022872238213182,0.6927710843373494,0.6920180722891566,0.0007530120481927804,0.6536102508046395,0.6622365944009231,-0.008626343596283559,0.4148471615720524,0.4171907756813417,-0.0023436141092892937,0.5757575757575758,0.603030303030303,-0.027272727272727226,0.48223350253807107,0.49318463444857497,-0.010951131910503897,0.7425669520859902,0.7349669035039776,0.007600048582012575,0.46684040472936406,0.45810719186434,0.008733212865024043
Random Forest,momentum,1.0,19,14485022872238213182,0.7033132530120482,0.7025602409638554,0.0007530120481927804,0.6200582984150118,0.6185431468998603,0.0015151515151514694,0.41208791208791207,0.41046831955922863,0.0016195925286834334,0.45454545454545453,0.45151515151515154,0.0030303030303029943,0.4322766570605187,0.43001443001443,0.002262227046088694,0.7141100382583349,0.7101141677293982,0.003995870528936685,0.4534410905413171,0.45164701330936285,0.0017940772319542386
Logistic Regression,momentum,1.0,20,16030319924835612857,0.6927710843373494,0.6942771084337349,-0.001506024096385561,0.6536102508046395,0.6606971518795166,-0.007086901074877083,0.4148471615720524,0.4188034188034188,-0.003956257231366389,0.5757575757575758,0.593939393939394,-0.018181818181818188,0.48223350253807107,0.49122807017543857,-0.008994567637367501,0.7425669520859902,0.7192688407117265,0.02329811137426374,0.46684040472936406,0.4542206636327969,0.01261974109656716
Random Forest,momentum,1.0,20,16030319924835612857,0.7033132530120482,0.704066265060241,-0.0007530120481927804,0.6200582984150118,0.6236017489524504,-0.0035434505374385417,0.41208791208791207,0.4146341463414634,-0.002546234253551327,0.45454545454545453,0.4636363636363636,-0.009090909090909094,0.4322766570605187,0.43776824034334766,-0.005491583282828949,0.7141100382583349,0.7005070747555716,0.013602963502763243,0.4534410905413171,0.44239673872796403,0.01104435181335306
Logistic Regression,momentum,1.0,21,13532499553362626423,0.6927710843373494,0.6927710843373494,0.0,0.6536102508046395,0.6576668488492136,-0.0040565980445740335,0.4148471615720524,0.41630901287553645,-0.0014618513034840297,0.5757575757575758,0.5878787878787879,-0.012121212121212088,0.48223350253807107,0.48743718592964824,-0.005203683391577174,0.7425669520859902,0.7169642314932897,0.025602720592700523,0.46684040472936406,0.4454638281408291,0.02137657658853498
Random Forest,momentum,1.0,21,13532499553362626423,0.7033132530120482,0.7018072289156626,0.001506024096385561,0.6200582984150118,0.6170279953847089,0.003030303030302939,0.41208791208791207,0.4088397790055249,0.0032481330823871946,0.45454545454545453,0.4484848484848485,0.006060606060606044,0.4322766570605187,0.4277456647398844,0.004530992320634308,0.7141100382583349,0.7019979352644683,0.012112102993866558,0.4534410905413171,0.44509135164885877,0.008349738892458325
Logistic Regression,momentum,1.0,22,5528065978435204510,0.6927710843373494,0.6942771084337349,-0.001506024096385561,0.6536102508046395,0.6606971518795166,-0.007086901074877083,0.4148471615720524,0.4188034188034188,-0.003956257231366389,0.5757575757575758,0.593939393939394,-0.018181818181818188,0.48223350253807107,0.49122807017543857,-0.008994567637367501,0.7425669520859902,0.731836400072873,0.010730552013117234,0.46684040472936406,0.46671241974784217,0.0001279849815218892
Random Forest,momentum,1.0,22,5528065978435204510,0.7033132530120482,0.7063253012048193,-0.003012048192771122,0.6200582984150118,0.624090605453331,-0.004032307038319138,0.41208791208791207,0.4175824175824176,-0.0054945054945055305,0.45454545454545453,0.46060606060606063,-0.0060606060606061,0.4322766570605187,0.43804034582132567,-0.005763688760806962,0.7141100382583349,0.6956002914920751,0.018509746766259716,0.4534410905413171,0.44348477005793324,0.009956320483383851
Logistic Regression,momentum,1.0,23,11279741803565965851,0.6927710843373494,0.697289156626506,-0.004518072289156683,0.6536102508046395,0.6708143559846966,-0.017204105180057105,0.4148471615720524,0.425,-0.010152838427947564,0.5757575757575758,0.6181818181818182,-0.042424242424242364,0.48223350253807107,0.5037037037037037,-0.021470201165632585,0.7425669520859902,0.7265105969514788,0.016056355134511424,0.46684040472936406,0.4616944110160292,0.005145993713334851
Random Forest,momentum,1.0,23,11279741803565965851,0.7033132530120482,0.7108433734939759,-0.0075301204819276935,0.6200582984150118,0.627096617477379,-0.007038319062367182,0.41208791208791207,0.4245810055865922,-0.012493093498680108,0.45454545454545453,0.46060606060606063,-0.0060606060606061,0.4322766570605187,0.4418604651162791,-0.009583808055760368,0.7141100382583349,0.7102508046395821,0.003859233618752733,0.4534410905413171,0.45486001524893915,-0.0014189247076220601
Logistic Regression,momentum,1.0,24,5324260845394031600,0.6927710843373494,0.6905120481927711,0.0022590361445782303,0.6536102508046395,0.6581921418594765,-0.004581891054836973,0.4148471615720524,0.4143763213530655,0.0004708402189869121,0.5757575757575758,0.593939393939394,-0.018181818181818188,0.48223350253807107,0.48816936488169366,-0.005935862343622589,0.7425669520859902,0.7290156069715188,0.013551345114471425,0.46684040472936406,0.452819035512511,0.014021369216853041
Random Forest,momentum,1.0,24,5324260845394031600,0.7033132530120482,0.7048192771084337,-0.001506024096385561,0.6200582984150118,0.6261310499787454,-0.006072751563733547,0.41208791208791207,0.4166666666666667,-0.004578754578754618,0.45454545454545453,0.4696969696969697,-0.015151515151515194,0.4322766570605187,0.4415954415954416,-0.009318784534922908,0.7141100382583349,0.7104481690654035,0.003661869192931322,0.4534410905413171,0.4504092989394616,0.0030317916018555158
Logistic Regression,momentum,1.0,25,8479586662680472228,0.6927710843373494,0.6890060240963856,0.003765060240963791,0.6536102508046395,0.6571901378514605,-0.0035798870468209953,0.4148471615720524,0.4126315789473684,0.0022155826246840205,0.5757575757575758,0.593939393939394,-0.018181818181818188,0.48223350253807107,0.48695652173913045,-0.004723019201059386,0.7425669520859902,0.725730248375539,0.016836703710451206,0.46684040472936406,0.4412986470992272,0.02554175763013683
Random Forest,momentum,1.0,25,8479586662680472228,0.7033132530120482,0.7033132530120482,0.0,0.6200582984150118,0.6261431954818728,-0.006084897066860995,0.41208791208791207,0.4148936170212766,-0.0028057049333645168,0.45454545454545453,0.4727272727272727,-0.018181818181818188,0.4322766570605187,0.44192634560906513,-0.00964968854854642,0.7141100382583349,0.7025718102872412,0.011538227971093606,0.4534410905413171,0.43987365332926687,0.013567437212050226
Logistic Regression,momentum,1.0,26,16627307414124170426,0.6927710843373494,0.7018072289156626,-0.009036144578313254,0.6536102508046395,0.6606364243638793,-0.0070261735592397345,0.4148471615720524,0.4263392857142857,-0.011492124142233273,0.5757575757575758,0.5787878787878787,-0.003030303030302939,0.48223350253807107,0.4910025706940874,-0.008769068156016357,0.7425669520859902,0.7299933199732799,0.012573632112710342,0.46684040472936406,0.4580545320184558,0.008785872710908249
Random Forest,momentum,1.0,26,16627307414124170426,0.7033132530120482,0.7010542168674698,0.0022590361445783413,0.6200582984150118,0.6236260399587052,-0.0035677415436934368,0.41208791208791207,0.41114058355437666,0.0009473285335354076,0.45454545454545453,0.4696969696969697,-0.015151515151515194,0.4322766570605187,0.43847241867043846,-0.006195761609919748,0.7141100382583349,0.7061729519645352,0.007937086293799633,0.4534410905413171,0.4500840012206305,0.003357089320686568
Logistic Regression,momentum,1.0,27,2320860151781715851,0.6927710843373494,0.6957831325301205,-0.003012048192771122,0.6536102508046395,0.6616991558875327,-0.008088905082893172,0.4148471615720524,0.4206008583690987,-0.005753696797046293,0.5757575757575758,0.593939393939394,-0.018181818181818188,0.48223350253807107,0.49246231155778897,-0.0102288090197179,0.7425669520859902,0.7225025809194145,0.020064371166575667,0.46684040472936406,0.45134512778151603,0.015495276947848025
Random Forest,momentum,1.0,27,2320860151781715851,0.7033132530120482,0.7055722891566265,-0.0022590361445783413,0.6200582984150118,0.6246037529604664,-0.00454545454545463,0.41208791208791207,0.41689373297002724,-0.004805820882115175,0.45454545454545453,0.4636363636363636,-0.009090909090909094,0.4322766570605187,0.43902439024390244,-0.006747733183383731,0.7141100382583349,0.6905933078277768,0.02351673043055802,0.4534410905413171,0.43657750502899273,0.016863585512324364
Logistic Regression,momentum,1.0,28,11743349010240191848,0.6927710843373494,0.6927710843373494,0.0,0.6536102508046395,0.6647658954272181,-0.011155644622578564,0.4148471615720524,0.41875,-0.003902838427947586,0.5757575757575758,0.6090909090909091,-0.033333333333333326,0.48223350253807107,0.4962962962962963,-0.014062793758225223,0.7425669520859902,0.7295135725997449,0.013053379486245298,0.46684040472936406,0.45099241022419456,0.015847994505169494
Random Forest,momentum,1.0,28,11743349010240191848,0.7033132530120482,0.6965361445783133,0.006777108433734913,0.6200582984150118,0.6145351308677962,0.005523167547215602,0.41208791208791207,0.40161725067385445,0.010470661414057614,0.45454545454545453,0.45151515151515154,0.0030303030303029943,0.4322766570605187,0.42510699001426533,0.007169667046253381,0.7141100382583349,0.7098074937754296,0.004302544482905235,0.4534410905413171,0.4539578484377983,-0.0005167578964812014
Logistic Regression,momentum,1.0,29,9407156759714298115,0.6927710843373494,0.6837349397590361,0.009036144578313254,0.6536102508046395,0.6526689743122609,0.0009412764923786288,0.4148471615720524,0.40625,0.008597161572052425,0.5757575757575758,0.5909090909090909,-0.015151515151515138,0.48223350253807107,0.48148148148148145,0.0007520210565896135,0.7425669520859902,0.7280652213517945,0.014501730734195695,0.46684040472936406,0.4526296468686332,0.014210757860730838
Random Forest,momentum,1.0,29,9407156759714298115,0.7033132530120482,0.704066265060241,-0.0007530120481927804,0.6200582984150118,0.6225875994413068,-0.0025293010262950055,0.41208791208791207,0.4141689373297003,-0.0020810252417882147,0.45454545454545453,0.46060606060606063,-0.0060606060606061,0.4322766570605187,0.43615494978479197,-0.003878292724273258,0.7141100382583349,0.6983208841926277,0.015789154065707134,0.4534410905413171,0.44612250708349255,0.007318583457824546
Logistic Regression,volume_and_range,0.05,0,10865742248070441136,0.6927710843373494,0.6935240963855421,-0.0007530120481927804,0.6536102508046395,0.6561395518309345,-0.0025293010262950055,0.4148471615720524,0.4164859002169197,-0.0016387386448672991,0.5757575757575758,0.5818181818181818,-0.006060606060605989,0.48223350253807107,0.4854614412136536,-0.00322793867558252,0.7425669520859902,0.7428250440274489,-0.0002580919414586491,0.46684040472936406,0.4670651742782429,-0.00022476954887884482
Random Forest,volume_and_range,0.05,0,10865742248070441136,0.7033132530120482,0.7055722891566265,-0.0022590361445783413,0.6200582984150118,0.6225754539381794,-0.002517155523167558,0.41208791208791207,0.41597796143250687,-0.0038900493445948037,0.45454545454545453,0.4575757575757576,-0.00303030303030305,0.4322766570605187,0.4357864357864358,-0.0035097787259170676,0.7141100382583349,0.7149298597194389,-0.0008198214611040422,0.4534410905413171,0.4542387619037483,-0.000797671362431196
Logistic Regression,volume_and_range,0.05,1,16269652570411735039,0.6927710843373494,0.6920180722891566,0.0007530120481927804,0.6536102508046395,0.6531092488006316,0.0005010020040079333,0.4148471615720524,0.4139433551198257,0.0009038064522267075,0.5757575757575758,0.5757575757575758,0.0,0.48223350253807107,0.4816223067173637,0.0006111958207073442,0.7425669520859902,0.7417289123701949,0.0008380397157953245,0.46684040472936406,0.46585878365907163,0.0009816210702924266
Random Forest,volume_and_range,0.05,1,16269652570411735039,0.7033132530120482,0.7033132530120482,0.0,0.6200582984150118,0.6200582984150118,0.0,0.41208791208791207,0.41208791208791207,0.0,0.45454545454545453,0.45454545454545453,0.0,0.4322766570605187,0.4322766570605187,0.0,0.7141100382583349,0.712397522317362,0.0017125159409728807,0.4534410905413171,0.4523404993202714,0.0011005912210456659
Logistic Regression,volume_and_range,0.05,2,17215664842600768074,0.6927710843373494,0.6950301204819277,-0.0022590361445783413,0.6536102508046395,0.6561274063278071,-0.002517155523167558,0.4148471615720524,0.4179431072210066,-0.003095945648954157,0.5757575757575758,0.5787878787878787,-0.003030303030302939,0.48223350253807107,0.48538754764930114,-0.003154045111230075,0.7425669520859902,0.7417987490131778,0.0007682030728124456,0.46684040472936406,0.4660601967228373,0.0007802080065267281
Random Forest,volume_and_range,0.05,2,17215664842600768074,0.7033132530120482,0.7025602409638554,0.0007530120481927804,0.6200582984150118,0.6195572964110038,0.0005010020040080443,0.41208791208791207,0.410958904109589,0.0011290079783230489,0.45454545454545453,0.45454545454545453,0.0,0.4322766570605187,0.4316546762589928,0.0006219808015259232,0.7141100382583349,0.7141555838950628,-4.554563672798384e-05,0.4534410905413171,0.4521589806135008,0.0012821099278162995
Logistic Regression,volume_and_range,0.05,3,9475016076500468784,0.6927710843373494,0.6935240963855421,-0.0007530120481927804,0.6536102508046395,0.6561395518309345,-0.0025293010262950055,0.4148471615720524,0.4164859002169197,-0.0016387386448672991,0.5757575757575758,0.5818181818181818,-0.006060606060605989,0.48223350253807107,0.4854614412136536,-0.00322793867558252,0.7425669520859902,0.7431104633509443,-0.0005435112649541107,0.46684040472936406,0.4677123180136291,-0.0008719132842650579
Random Forest,volume_and_range,0.05,3,9475016076500468784,0.7033132530120482,0.7033132530120482,0.0,0.6200582984150118,0.6190441489038683,0.0010141495111435361,0.41208791208791207,0.4116022099447514,0.0004857021431606823,0.45454545454545453,0.45151515151515154,0.0030303030303029943,0.4322766570605187,0.430635838150289,0.0016408189102297133,0.7141100382583349,0.7151454423999514,-0.0010354041416165138,0.4534410905413171,0.454074872235005,-0.0006337816936878848
Logistic Regression,volume_and_range,0.05,4,14347716731404867280,0.6927710843373494,0.6942771084337349,-0.001506024096385561,0.6536102508046395,0.6556264043237992,-0.0020161535191596247,0.4148471615720524,0.4170305676855895,-0.0021834061135370675,0.5757575757575758,0.5787878787878787,-0.003030303030302939,0.48223350253807107,0.4847715736040609,-0.0025380710659898553,0.7425669520859902,0.743140827108763,-0.0005738750227727296,0.46684040472936406,0.4671634990316414,-0.00032309430227733804
Random Forest,volume_and_range,0.05,4,14347716731404867280,0.7033132530120482,0.7025602409638554,0.0007530120481927804,0.6200582984150118,0.6185431468998603,0.0015151515151514694,0.41208791208791207,0.41046831955922863,0.0016195925286834334,0.45454545454545453,0.45151515151515154,0.0030303030303029943,0.4322766570605187,0.43001443001443,0.002262227046088694,0.7141100382583349,0.7148084046881642,-0.0006983664298293446,0.4534410905413171,0.45466510861192116,-0.0012240180706040715
Logistic Regression,volume_and_range,0.05,5,3541234505120191810,0.6927710843373494,0.6912650602409639,0.0015060240963854499,0.6536102508046395,0.6546365458189105,-0.0010262950142709837,0.4148471615720524,0.41379310344827586,0.001054058123776569,0.5757575757575758,0.5818181818181818,-0.006060606060605989,0.48223350253807107,0.4836272040302267,-0.001393701492155619,0.7425669520859902,0.7428159349001033,-0.00024898281411311896,0.46684040472936406,0.4673042022062111,-0.00046379747684704986
Random Forest,volume_and_range,0.05,5,3541234505120191810,0.7033132530120482,0.704066265060241,-0.0007530120481927804,0.6200582984150118,0.6215734499301634,-0.0015151515151515804,0.41208791208791207,0.4136986301369863,-0.0016107180490742556,0.45454545454545453,0.4575757575757576,-0.00303030303030305,0.4322766570605187,0.43453237410071943,-0.002255717040200722,0.7141100382583349,0.7146262221412522,-0.0005161838829172982,0.4534410905413171,0.4547756555712265,-0.001334565029909418
Logistic Regression,volume_and_range,0.05,6,18429216513966751964,0.6927710843373494,0.6927710843373494,0.0,0.6536102508046395,0.6566526993380701,-0.0030424485334306084,0.4148471615720524,0.41594827586206895,-0.001101114290016525,0.5757575757575758,0.5848484848484848,-0.009090909090909038,0.48223350253807107,0.48614609571788414,-0.003912593179813073,0.7425669520859902,0.7422663508835853,0.0003006012024049376,0.46684040472936406,0.46698343408968895,-0.00014302936032489777
Random Forest,volume_and_range,0.05,6,18429216513966751964,0.7033132530120482,0.7025602409638554,0.0007530120481927804,0.6200582984150118,0.6185431468998603,0.0015151515151514694,0.41208791208791207,0.41046831955922863,0.0016195925286834334,0.45454545454545453,0.45151515151515154,0.0030303030303029943,0.4322766570605187,0.43001443001443,0.002262227046088694,0.7141100382583349,0.7132203801542478,0.0008896581040870322,0.4534410905413171,0.45269245780250045,0.0007486327388166458
Logistic Regression,volume_and_range,0.05,7,2722161267734107194,0.6927710843373494,0.6950301204819277,-0.0022590361445783413,0.6536102508046395,0.6551132568166637,-0.0015030060120241329,0.4148471615720524,0.4175824175824176,-0.0027352560103651724,0.5757575757575758,0.5757575757575758,0.0,0.48223350253807107,0.4840764331210191,-0.0018429305829480436,0.7425669520859902,0.7426944798688285,-0.00012752778283831034,0.46684040472936406,0.466859709523451,-1.930479408696062e-05
Random Forest,volume_and_range,0.05,7,2722161267734107194,0.7033132530120482,0.7033132530120482,0.0,0.6200582984150118,0.6190441489038683,0.0010141495111435361,0.41208791208791207,0.4116022099447514,0.0004857021431606823,0.45454545454545453,0.45151515151515154,0.0030303030303029943,0.4322766570605187,0.430635838150289,0.0016408189102297133,0.7141100382583349,0.7136515455152729,0.00045849274306197785,0.4534410905413171,0.45247444376570767,0.0009666467756094255
Logistic Regression,volume_and_range,0.05,8,8253813194600890346,0.6927710843373494,0.6920180722891566,0.0007530120481927804,0.6536102508046395,0.6531092488006316,0.0005010020040079333,0.4148471615720524,0.4139433551198257,0.0009038064522267075,0.5757575757575758,0.5757575757575758,0.0,0.48223350253807107,0.4816223067173637,0.0006111958207073442,0.7425669520859902,0.7426944798688285,-0.00012752778283831034,0.46684040472936406,0.46680074154380474,3.966318555931325e-05
Random Forest,volume_and_range,0.05,8,8253813194600890346,0.7033132530120482,0.7048192771084337,-0.001506024096385561,0.6200582984150118,0.6210603024230279,-0.0010020040080160886,0.41208791208791207,0.4143646408839779,-0.00227672879606583,0.45454545454545453,0.45454545454545453,0.0,0.4322766570605187,0.43352601156069365,-0.0012493545001749373,0.7141100382583349,0.7143013299325924,-0.00019129167425757654,0.4534410905413171,0.4541336315514299,-0.0006925410101127905
Logistic Regression,volume_and_range,0.05,9,13670403212176861933,0.6927710843373494,0.6935240963855421,-0.0007530120481927804,0.6536102508046395,0.6561395518309345,-0.0025293010262950055,0.4148471615720524,0.4164859002169197,-0.0016387386448672991,0.5757575757575758,0.5818181818181818,-0.006060606060605989,0.48223350253807107,0.4854614412136536,-0.00322793867558252,0.7425669520859902,0.7424849699398797,8.198214611054855e-05,0.46684040472936406,0.4660405749708337,0.0007998297585303793
Random Forest,volume_and_range,0.05,9,13670403212176861933,0.7033132530120482,0.7003012048192772,0.0030120481927710108,0.6200582984150118,0.6170401408878363,0.0030181575271754912,0.41208791208791207,0.40710382513661203,0.004984086951300037,0.45454545454545453,0.45151515151515154,0.0030303030303029943,0.4322766570605187,0.4281609195402299,0.00411573752028882,0.7141100382583349,0.7123853768142345,0.0017246614441003283,0.4534410905413171,0.45184639759893397,0.0015946929423831246
Logistic Regression,volume_and_range,0.05,10,7588417395720767103,0.6927710843373494,0.6950301204819277,-0.0022590361445783413,0.6536102508046395,0.6571415558389506,-0.003531305034311094,0.4148471615720524,0.41830065359477125,-0.0034534920227188293,0.5757575757575758,0.5818181818181818,-0.006060606060605989,0.48223350253807107,0.4866920152091255,-0.004458512671054404,0.7425669520859902,0.7427703892633752,-0.0002034371773850241,0.46684040472936406,0.4671242670866579,-0.00028386235729382925
Random Forest,volume_and_range,0.05,10,7588417395720767103,0.7033132530120482,0.7048192771084337,-0.001506024096385561,0.6200582984150118,0.6200461529118844,1.2145503127447554e-05,0.41208791208791207,0.41388888888888886,-0.0018009768009767946,0.45454545454545453,0.45151515151515154,0.0030303030303029943,0.4322766570605187,0.4318840579710145,0.00039259908950423084,0.7141100382583349,0.715497661990648,-0.001387623732313159,0.4534410905413171,0.4542529267570935,-0.000811836215776407
Logistic Regression,volume_and_range,0.05,11,15263290585742996871,0.6927710843373494,0.6935240963855421,-0.0007530120481927804,0.6536102508046395,0.6541112528086477,-0.0005010020040081553,0.4148471615720524,0.41575492341356673,-0.0009077618415143096,0.5757575757575758,0.5757575757575758,0.0,0.48223350253807107,0.48284625158831,-0.0006127490502389477,0.7425669520859902,0.7426550069836643,-8.805489767405028e-05,0.46684040472936406,0.4669160517382692,-7.56470089051664e-05
Random Forest,volume_and_range,0.05,11,15263290585742996871,0.7033132530120482,0.7018072289156626,0.001506024096385561,0.6200582984150118,0.6180421448958523,0.0020161535191595137,0.41208791208791207,0.40934065934065933,0.0027472527472527375,0.45454545454545453,0.45151515151515154,0.0030303030303029943,0.4322766570605187,0.42939481268011526,0.0028818443804034533,0.7141100382583349,0.7149875508592943,-0.0008775126009594736,0.4534410905413171,0.4531462009018241,0.00029488963949297897
Logistic Regression,volume_and_range,0.05,12,12667382275293464049,0.6927710843373494,0.6920180722891566,0.0007530120481927804,0.6536102508046395,0.654123398311775,-0.0005131475071354918,0.4148471615720524,0.41431670281995664,0.000530458752095786,0.5757575757575758,0.5787878787878787,-0.003030303030302939,0.48223350253807107,0.4829329962073325,-0.0006994936692614195,0.7425669520859902,0.7419019857897613,0.0006649662962289193,0.46684040472936406,0.46627261717202206,0.0005677875573419922
Random Forest,volume_and_range,0.05,12,12667382275293464049,0.7033132530120482,0.7048192771084337,-0.001506024096385561,0.6200582984150118,0.6210603024230279,-0.0010020040080160886,0.41208791208791207,0.4143646408839779,-0.00227672879606583,0.45454545454545453,0.45454545454545453,0.0,0.4322766570605187,0.43352601156069365,-0.0012493545001749373,0.7141100382583349,0.7146414040201615,-0.0005313657618266632,0.4534410905413171,0.4544139427180546,-0.000972852176737482
Logistic Regression,volume_and_range,0.05,13,9510036418007706864,0.6927710843373494,0.6957831325301205,-0.003012048192771122,0.6536102508046395,0.6576425578429586,-0.004032307038319027,0.4148471615720524,0.4192139737991266,-0.0043668122270741905,0.5757575757575758,0.5818181818181818,-0.006060606060605989,0.48223350253807107,0.4873096446700508,-0.005076142131979711,0.7425669520859902,0.7429464990587236,-0.0003795469727333467,0.46684040472936406,0.4666182910104634,0.00022211371890062948
Random Forest,volume_and_range,0.05,13,9510036418007706864,0.7033132530120482,0.7018072289156626,0.001506024096385561,0.6200582984150118,0.6180421448958523,0.0020161535191595137,0.41208791208791207,0.40934065934065933,0.0027472527472527375,0.45454545454545453,0.45151515151515154,0.0030303030303029943,0.4322766570605187,0.42939481268011526,0.0028818443804034533,0.7141100382583349,0.7140037651059695,0.00010627315236533263,0.4534410905413171,0.45295111725185316,0.0004899732894639297
Logistic Regression,volume_and_range,0.05,14,10750109165895696922,0.6927710843373494,0.6920180722891566,0.0007530120481927804,0.6536102508046395,0.6531092488006316,0.0005010020040079333,0.4148471615720524,0.4139433551198257,0.0009038064522267075,0.5757575757575758,0.5757575757575758,0.0,0.48223350253807107,0.4816223067173637,0.0006111958207073442,0.7425669520859902,0.7422693872593673,0.0002975648266229092,0.46684040472936406,0.46648598017280957,0.000354424556554489
Random Forest,volume_and_range,0.05,14,10750109165895696922,0.7033132530120482,0.7025602409638554,0.0007530120481927804,0.6200582984150118,0.6195572964110038,0.0005010020040080443,0.41208791208791207,0.410958904109589,0.0011290079783230489,0.45454545454545453,0.45454545454545453,0.0,0.4322766570605187,0.4316546762589928,0.0006219808015259232,0.7141100382583349,0.7141889840286634,-7.894577032852013e-05,0.4534410905413171,0.4520679803955825,0.0013731101457346018
Logistic Regression,volume_and_range,0.05,15,6085547588729336530,0.6927710843373494,0.6950301204819277,-0.0022590361445783413,0.6536102508046395,0.6561274063278071,-0.002517155523167558,0.4148471615720524,0.4179431072210066,-0.003095945648954157,0.5757575757575758,0.5787878787878787,-0.003030303030302939,0.48223350253807107,0.48538754764930114,-0.003154045111230075,0.7425669520859902,0.7423240420234408,0.00024291006254939518,0.46684040472936406,0.46675599772675413,8.440700260992084e-05
Random Forest,volume_and_range,0.05,15,6085547588729336530,0.7033132530120482,0.7033132530120482,0.0,0.6200582984150118,0.6190441489038683,0.0010141495111435361,0.41208791208791207,0.4116022099447514,0.0004857021431606823,0.45454545454545453,0.45151515151515154,0.0030303030303029943,0.4322766570605187,0.430635838150289,0.0016408189102297133,0.7141100382583349,0.71380943705593,0.0003006012024048266,0.4534410905413171,0.45411974373633185,-0.0006786531950147556
Logistic Regression,volume_and_range,0.05,16,15419078944332574001,0.6927710843373494,0.6942771084337349,-0.001506024096385561,0.6536102508046395,0.6566405538349426,-0.00303030303030305,0.4148471615720524,0.41739130434782606,-0.002544142775773639,0.5757575757575758,0.5818181818181818,-0.006060606060605989,0.48223350253807107,0.4860759493670886,-0.0038424468290175207,0.7425669520859902,0.7426792979899193,-0.00011234590392905641,0.46684040472936406,0.46716397825407086,-0.00032357352470679945
Random Forest,volume_and_range,0.05,16,15419078944332574001,0.7033132530120482,0.7048192771084337,-0.001506024096385561,0.6200582984150118,0.6210603024230279,-0.0010020040080160886,0.41208791208791207,0.4143646408839779,-0.00227672879606583,0.45454545454545453,0.45454545454545453,0.0,0.4322766570605187,0.43352601156069365,-0.0012493545001749373,0.7141100382583349,0.7135968907511995,0.0005131475071353808,0.4534410905413171,0.4523228025550608,0.0011182879862562944
Logistic Regression,volume_and_range,0.05,17,8700423225990608464,0.6927710843373494,0.6920180722891566,0.0007530120481927804,0.6536102508046395,0.654123398311775,-0.0005131475071354918,0.4148471615720524,0.41431670281995664,0.000530458752095786,0.5757575757575758,0.5787878787878787,-0.003030303030302939,0.48223350253807107,0.4829329962073325,-0.0006994936692614195,0.7425669520859902,0.7425305155766079,3.643650938234266e-05,0.46684040472936406,0.46700904536065896,-0.00016864063129490292
Random Forest,volume_and_range,0.05,17,8700423225990608464,0.7033132530120482,0.7033132530120482,0.0,0.6200582984150118,0.6210724479261553,-0.0010141495111435361,0.41208791208791207,0.412568306010929,-0.00048039392301690853,0.45454545454545453,0.4575757575757576,-0.00303030303030305,0.4322766570605187,0.4339080459770115,-0.001631388916492782,0.7141100382583349,0.713651545515273,0.0004584927430618668,0.4534410905413171,0.45424331671847035,-0.0008022261771532535
Logistic Regression,volume_and_range,0.05,18,8159926286507788324,0.6927710843373494,0.6935240963855421,-0.0007530120481927804,0.6536102508046395,0.6541112528086477,-0.0005010020040081553,0.4148471615720524,0.41575492341356673,-0.0009077618415143096,0.5757575757575758,0.5757575757575758,0.0,0.48223350253807107,0.48284625158831,-0.0006127490502389477,0.7425669520859902,0.7427339527539929,-0.00016700066800268143,0.46684040472936406,0.46738687307607735,-0.0005464683467132914
Random Forest,volume_and_range,0.05,18,8159926286507788324,0.7033132530120482,0.704066265060241,-0.0007530120481927804,0.6200582984150118,0.6195451509078764,0.0005131475071353808,0.41208791208791207,0.41274238227146814,-0.0006544701835560773,0.45454545454545453,0.45151515151515154,0.0030303030303029943,0.4322766570605187,0.4312590448625181,0.001017612198000617,0.7141100382583349,0.714447075970122,-0.00033703771178716924,0.4534410905413171,0.45278050606707215,0.0006605844742449407
Logistic Regression,volume_and_range,0.05,19,5047185660835908268,0.6927710843373494,0.6942771084337349,-0.001506024096385561,0.6536102508046395,0.6576547033460861,-0.004044452541446586,0.4148471615720524,0.41774891774891776,-0.0029017561768653333,0.5757575757575758,0.5848484848484848,-0.009090909090909038,0.48223350253807107,0.48737373737373735,-0.00514023483566628,0.7425669520859902,0.742661079735228,-9.412764923777406e-05,0.46684040472936406,0.46611496752953424,0.0007254371998298148
Random Forest,volume_and_range,0.05,19,5047185660835908268,0.7033132530120482,0.7025602409638554,0.0007530120481927804,0.6200582984150118,0.6195572964110038,0.0005010020040080443,0.41208791208791207,0.410958904109589,0.0011290079783230489,0.45454545454545453,0.45454545454545453,0.0,0.4322766570605187,0.4316546762589928,0.0006219808015259232,0.7141100382583349,0.7135877816238537,0.000522256634481133,0.4534410905413171,0.4526027904967397,0.0008383000445774114
Logistic Regression,volume_and_range,0.05,20,7626403340145581885,0.6927710843373494,0.6905120481927711,0.0022590361445782303,0.6536102508046395,0.651093095281472,0.002517155523167558,0.4148471615720524,0.4117647058823529,0.0030824556896995037,0.5757575757575758,0.5727272727272728,0.00303030303030305,0.48223350253807107,0.4790874524714829,0.0031460500665881908,0.7425669520859902,0.7420659500819821,0.0005010020040081553,0.46684040472936406,0.46681705859890166,2.3346130462398307e-05
Random Forest,volume_and_range,0.05,20,7626403340145581885,0.7033132530120482,0.704066265060241,-0.0007530120481927804,0.6200582984150118,0.6215734499301634,-0.0015151515151515804,0.41208791208791207,0.4136986301369863,-0.0016107180490742556,0.45454545454545453,0.4575757575757576,-0.00303030303030305,0.4322766570605187,0.43453237410071943,-0.002255717040200722,0.7141100382583349,0.7143195481872836,-0.00020950992894874787,0.4534410905413171,0.4550058683614678,-0.0015647778201506868
Logistic Regression,volume_and_range,0.05,21,9804990017133464686,0.6927710843373494,0.6950301204819277,-0.0022590361445783413,0.6536102508046395,0.6571415558389506,-0.003531305034311094,0.4148471615720524,0.41830065359477125,-0.0034534920227188293,0.5757575757575758,0.5818181818181818,-0.006060606060605989,0.48223350253807107,0.4866920152091255,-0.004458512671054404,0.7425669520859902,0.7424546061820612,0.00011234590392905641,0.46684040472936406,0.46646788925155164,0.00037251547781241845
Random Forest,volume_and_range,0.05,21,9804990017133464686,0.7033132530120482,0.7010542168674698,0.0022590361445783413,0.6200582984150118,0.6165269933807007,0.003531305034311094,0.41208791208791207,0.40771349862258954,0.004374413465322524,0.45454545454545453,0.4484848484848485,0.006060606060606044,0.4322766570605187,0.42712842712842713,0.005148229932091575,0.7141100382583349,0.7137790732981114,0.00033096496022344546,0.4534410905413171,0.4534209173812699,2.0173160047209926e-05
Logistic Regression,volume_and_range,0.05,22,3243433959520564043,0.6927710843373494,0.6942771084337349,-0.001506024096385561,0.6536102508046395,0.6546122548126556,-0.0010020040080160886,0.4148471615720524,0.4166666666666667,-0.00181950509461426,0.5757575757575758,0.5757575757575758,0.0,0.48223350253807107,0.48346055979643765,-0.0012270572583665817,0.7425669520859902,0.7422815327624946,0.00028541932349557264,0.46684040472936406,0.46618278547229264,0.0006576192570714179
Random Forest,volume_and_range,0.05,22,3243433959520564043,0.7033132530120482,0.704066265060241,-0.0007530120481927804,0.6200582984150118,0.6215734499301634,-0.0015151515151515804,0.41208791208791207,0.4136986301369863,-0.0016107180490742556,0.45454545454545453,0.4575757575757576,-0.00303030303030305,0.4322766570605187,0.43453237410071943,-0.002255717040200722,0.7141100382583349,0.7143893848302666,-0.00027934657193173784,0.4534410905413171,0.4539744780917794,-0.0005333875504622831
Logistic Regression,volume_and_range,0.05,23,6640966724521248003,0.6927710843373494,0.6942771084337349,-0.001506024096385561,0.6536102508046395,0.6546122548126556,-0.0010020040080160886,0.4148471615720524,0.4166666666666667,-0.00181950509461426,0.5757575757575758,0.5757575757575758,0.0,0.48223350253807107,0.48346055979643765,-0.0012270572583665817,0.7425669520859902,0.7421114957187102,0.00045545636728006045,0.46684040472936406,0.46662089730406026,0.00021950742530379985
Random Forest,volume_and_range,0.05,23,6640966724521248003,0.7033132530120482,0.7033132530120482,0.0,0.6200582984150118,0.6200582984150118,0.0,0.41208791208791207,0.41208791208791207,0.0,0.45454545454545453,0.45454545454545453,0.0,0.4322766570605187,0.4322766570605187,0.0,0.7141100382583349,0.7139582194692414,0.0001518187890934275,0.4534410905413171,0.4535341037663446,-9.301322502752729e-05
Logistic Regression,volume_and_range,0.05,24,2666176640618197951,0.6927710843373494,0.6950301204819277,-0.0022590361445783413,0.6536102508046395,0.6571415558389506,-0.003531305034311094,0.4148471615720524,0.41830065359477125,-0.0034534920227188293,0.5757575757575758,0.5818181818181818,-0.006060606060605989,0.48223350253807107,0.4866920152091255,-0.004458512671054404,0.7425669520859902,0.7425548065828628,1.2145503127447554e-05,0.46684040472936406,0.46660240574442596,0.00023799898493809257
Random Forest,volume_and_range,0.05,24,2666176640618197951,0.7033132530120482,0.7070783132530121,-0.0037650602409639022,0.6200582984150118,0.6235774579461955,-0.0035191595311836465,0.41208791208791207,0.4182825484764543,-0.0061946363885422295,0.45454545454545453,0.4575757575757576,-0.00303030303030305,0.4322766570605187,0.4370477568740955,-0.004771099813576818,0.7141100382583349,0.7157770085625796,-0.0016669703042447859,0.4534410905413171,0.453765375666864,-0.00032428512554688593
Logistic Regression,volume_and_range,0.05,25,10506257703614117963,0.6927710843373494,0.6927710843373494,0.0,0.6536102508046395,0.6536102508046395,0.0,0.4148471615720524,0.4148471615720524,0.0,0.5757575757575758,0.5757575757575758,0.0,0.48223350253807107,0.48223350253807107,0.0,0.7425669520859902,0.7419384222991439,0.0006285297868463546,0.46684040472936406,0.46645420911030744,0.00038619561905661737
Random Forest,volume_and_range,0.05,25,10506257703614117963,0.7033132530120482,0.7018072289156626,0.001506024096385561,0.6200582984150118,0.6180421448958523,0.0020161535191595137,0.41208791208791207,0.40934065934065933,0.0027472527472527375,0.45454545454545453,0.45151515151515154,0.0030303030303029943,0.4322766570605187,0.42939481268011526,0.0028818443804034533,0.7141100382583349,0.7124521770814355,0.0016578611768993667,0.4534410905413171,0.45104885224910063,0.0023922382922164642
Logistic Regression,volume_and_range,0.05,26,3605540439937404841,0.6927710843373494,0.6920180722891566,0.0007530120481927804,0.6536102508046395,0.654123398311775,-0.0005131475071354918,0.4148471615720524,0.41431670281995664,0.000530458752095786,0.5757575757575758,0.5787878787878787,-0.003030303030302939,0.48223350253807107,0.4829329962073325,-0.0006994936692614195,0.7425669520859902,0.7422542053804578,0.00031274670553238515,0.46684040472936406,0.46620142755627214,0.0006389771730919147
Random Forest,volume_and_range,0.05,26,3605540439937404841,0.7033132530120482,0.704066265060241,-0.0007530120481927804,0.6200582984150118,0.6195451509078764,0.0005131475071353808,0.41208791208791207,0.41274238227146814,-0.0006544701835560773,0.45454545454545453,0.45151515151515154,0.0030303030303029943,0.4322766570605187,0.4312590448625181,0.001017612198000617,0.7141100382583349,0.7143863484544848,-0.00027631019614993146,0.4534410905413171,0.4526140464190923,0.0008270441222247849
Logistic Regression,volume_and_range,0.05,27,11139573026250460521,0.6927710843373494,0.6957831325301205,-0.003012048192771122,0.6536102508046395,0.6566284083318151,-0.0030181575271756023,0.4148471615720524,0.41885964912280704,-0.004012487550754618,0.5757575757575758,0.5787878787878787,-0.003030303030302939,0.48223350253807107,0.4860050890585242,-0.0037715865204531185,0.7425669520859902,0.742454606182061,0.00011234590392916743,0.46684040472936406,0.46669733849809547,0.00014306623126858486
Random Forest,volume_and_range,0.05,27,11139573026250460521,0.7033132530120482,0.7018072289156626,0.001506024096385561,0.6200582984150118,0.6180421448958523,0.0020161535191595137,0.41208791208791207,0.40934065934065933,0.0027472527472527375,0.45454545454545453,0.45151515151515154,0.0030303030303029943,0.4322766570605187,0.42939481268011526,0.0028818443804034533,0.7141100382583349,0.714040201615352,6.983664298287895e-05,0.4534410905413171,0.45452314558216067,-0.001082055040843577
Logistic Regression,volume_and_range,0.05,28,3470770005912494522,0.6927710843373494,0.6927710843373494,0.0,0.6536102508046395,0.6556385498269266,-0.0020282990222870723,0.4148471615720524,0.4155844155844156,-0.0007372540123631866,0.5757575757575758,0.5818181818181818,-0.006060606060605989,0.48223350253807107,0.48484848484848486,-0.0026149823104137937,0.7425669520859902,0.7426124977227182,-4.554563672798384e-05,0.46684040472936406,0.46636866242539704,0.00047174230396701544
Random Forest,volume_and_range,0.05,28,3470770005912494522,0.7033132530120482,0.7048192771084337,-0.001506024096385561,0.6200582984150118,0.6220744519341713,-0.0020161535191595137,0.41208791208791207,0.41483516483516486,-0.002747252747252793,0.45454545454545453,0.4575757575757576,-0.00303030303030305,0.4322766570605187,0.43515850144092216,-0.0028818443804034533,0.7141100382583349,0.715473370984393,-0.001363332726058153,0.4534410905413171,0.4540294364420936,-0.0005883459007764991
Logistic Regression,volume_and_range,0.05,29,15422312592598305986,0.6927710843373494,0.6980421686746988,-0.005271084337349463,0.6536102508046395,0.6601597133661261,-0.006549462561486585,0.4148471615720524,0.4223194748358862,-0.007472313263833796,0.5757575757575758,0.5848484848484848,-0.009090909090909038,0.48223350253807107,0.49047013977128334,-0.008236637233212274,0.7425669520859902,0.7426701888625736,-0.00010323677658341524,0.46684040472936406,0.4669380833884226,-9.767865905851991e-05
Random Forest,volume_and_range,0.05,29,15422312592598305986,0.7033132530120482,0.7010542168674698,0.0022590361445783413,0.6200582984150118,0.6185552924029878,0.0015030060120240218,0.41208791208791207,0.4087193460490463,0.0033685660388657612,0.45454545454545453,0.45454545454545453,0.0,0.4322766570605187,0.430416068866571,0.0018605881939476876,0.7141100382583349,0.715245642800753,-0.0011356045424181227,0.4534410905413171,0.4533596211653873,8.146937592978798e-05
Logistic Regression,volume_and_range,0.1,0,580576441518325175,0.6927710843373494,0.6965361445783133,-0.0037650602409639022,0.6536102508046395,0.6601718588692537,-0.006561608064614144,0.4148471615720524,0.420824295010846,-0.00597713343879358,0.5757575757575758,0.5878787878787879,-0.012121212121212088,0.48223350253807107,0.49051833122629585,-0.008284828688224777,0.7425669520859902,0.7430072265743608,-0.00044027448837058447,0.46684040472936406,0.4671608211275302,-0.00032041639816615675
Random Forest,volume_and_range,0.1,0,580576441518325175,0.7033132530120482,0.704066265060241,-0.0007530120481927804,0.6200582984150118,0.6205593004190199,-0.0005010020040080443,0.41208791208791207,0.4132231404958678,-0.001135228407955713,0.45454545454545453,0.45454545454545453,0.0,0.4322766570605187,0.4329004329004329,-0.0006237758399141868,0.7141100382583349,0.7150786421327503,-0.0009686038744154413,0.4534410905413171,0.45525839390912193,-0.0018173033678048345
Logistic Regression,volume_and_range,0.1,1,6323358490508351518,0.6927710843373494,0.6935240963855421,-0.0007530120481927804,0.6536102508046395,0.6530971032975041,0.0005131475071353808,0.4148471615720524,0.4153846153846154,-0.0005374538125629824,0.5757575757575758,0.5727272727272728,0.00303030303030305,0.48223350253807107,0.48152866242038217,0.0007048401176888985,0.7425669520859902,0.7408149632598531,0.0017519888261371408,0.46684040472936406,0.46417389368271106,0.0026665110466529973
Random Forest,volume_and_range,0.1,1,6323358490508351518,0.7033132530120482,0.7018072289156626,0.001506024096385561,0.6200582984150118,0.6190562944069958,0.0010020040080159776,0.41208791208791207,0.4098360655737705,0.0022518465141415644,0.45454545454545453,0.45454545454545453,0.0,0.4322766570605187,0.43103448275862066,0.001242174301898047,0.7141100382583349,0.7108064614076638,0.003303576850671064,0.4534410905413171,0.4502757217796934,0.0031653687616237103
Logistic Regression,volume_and_range,0.1,2,15511108940428497005,0.6927710843373494,0.6920180722891566,0.0007530120481927804,0.6536102508046395,0.6510809497783445,0.0025293010262950055,0.4148471615720524,0.41318681318681316,0.001660348385239263,0.5757575757575758,0.5696969696969697,0.0060606060606061,0.48223350253807107,0.4789808917197452,0.0032526108183258406,0.7425669520859902,0.7411884374810226,0.001378514604967629,0.46684040472936406,0.4660992207062419,0.0007411840231221767
Random Forest,volume_and_range,0.1,2,15511108940428497005,0.7033132530120482,0.7078313253012049,-0.004518072289156683,0.6200582984150118,0.6261067589724905,-0.006048460557478652,0.41208791208791207,0.42032967032967034,-0.008241758241758268,0.45454545454545453,0.4636363636363636,-0.009090909090909094,0.4322766570605187,0.4409221902017291,-0.008645533141210415,0.7141100382583349,0.7135543814902531,0.0005556567680817803,0.4534410905413171,0.45247210007796945,0.0009689904633476409
Logistic Regression,volume_and_range,0.1,3,17624737662957934261,0.6927710843373494,0.6957831325301205,-0.003012048192771122,0.6536102508046395,0.6586567073541021,-0.0050464565494625635,0.4148471615720524,0.41956521739130437,-0.004718055819251943,0.5757575757575758,0.5848484848484848,-0.009090909090909038,0.48223350253807107,0.48860759493670886,-0.006374092398637787,0.7425669520859902,0.7433078277767657,-0.0007408756907755221,0.46684040472936406,0.468797957277915,-0.001957552548550956
Random Forest,volume_and_range,0.1,3,17624737662957934261,0.7033132530120482,0.7063253012048193,-0.003012048192771122,0.6200582984150118,0.6220623064310439,-0.002004008016032066,0.41208791208791207,0.4166666666666667,-0.004578754578754618,0.45454545454545453,0.45454545454545453,0.0,0.4322766570605187,0.43478260869565216,-0.002505951635133452,0.7141100382583349,0.7158741725875994,-0.0017641343292645884,0.4534410905413171,0.45671357569391735,-0.0032724851526002574
Logistic Regression,volume_and_range,0.1,4,932578459655208882,0.6927710843373494,0.6980421686746988,-0.005271084337349463,0.6536102508046395,0.6581314143438391,-0.004521163539199624,0.4148471615720524,0.4216335540838852,-0.006786392511832773,0.5757575757575758,0.5787878787878787,-0.003030303030302939,0.48223350253807107,0.4878671775223499,-0.005633674984278858,0.7425669520859902,0.7439515394425215,-0.0013845873565312417,0.46684040472936406,0.4674731180302528,-0.0006327133008887653
Random Forest,volume_and_range,0.1,4,932578459655208882,0.7033132530120482,0.7048192771084337,-0.001506024096385561,0.6200582984150118,0.6210603024230279,-0.0010020040080160886,0.41208791208791207,0.4143646408839779,-0.00227672879606583,0.45454545454545453,0.45454545454545453,0.0,0.4322766570605187,0.43352601156069365,-0.0012493545001749373,0.7141100382583349,0.7167091759276129,-0.0025991376692779955,0.4534410905413171,0.45778695788210666,-0.0043458673407895665
Logistic Regression,volume_and_range,0.1,5,11777096387499825020,0.6927710843373494,0.6927710843373494,0.0,0.6536102508046395,0.6566526993380701,-0.0030424485334306084,0.4148471615720524,0.41594827586206895,-0.001101114290016525,0.5757575757575758,0.5848484848484848,-0.009090909090909038,0.48223350253807107,0.48614609571788414,-0.003912593179813073,0.7425669520859902,0.7428979170462137,-0.00033096496022344546,0.46684040472936406,0.46737097791221816,-0.0005305731828540994
Random Forest,volume_and_range,0.1,5,11777096387499825020,0.7033132530120482,0.7063253012048193,-0.003012048192771122,0.6200582984150118,0.6230764559421874,-0.0030181575271756023,0.41208791208791207,0.4171270718232044,-0.005039159735292342,0.45454545454545453,0.4575757575757576,-0.00303030303030305,0.4322766570605187,0.43641618497109824,-0.004139527910579532,0.7141100382583349,0.7145594218740511,-0.00044938361571622565,0.4534410905413171,0.4563350944253355,-0.0028940038840183924
Logistic Regression,volume_and_range,0.1,6,4605700690882775214,0.6927710843373494,0.697289156626506,-0.004518072289156683,0.6536102508046395,0.6627011598955487,-0.00909090909090915,0.4148471615720524,0.4224137931034483,-0.007566631531395862,0.5757575757575758,0.593939393939394,-0.018181818181818188,0.48223350253807107,0.49370277078085645,-0.01146926824278538,0.7425669520859902,0.7416469302240845,0.0009200218619057621,0.46684040472936406,0.46661030186358454,0.00023010286577951344
Random Forest,volume_and_range,0.1,6,4605700690882775214,0.7033132530120482,0.7033132530120482,0.0,0.6200582984150118,0.6190441489038683,0.0010141495111435361,0.41208791208791207,0.4116022099447514,0.0004857021431606823,0.45454545454545453,0.45151515151515154,0.0030303030303029943,0.4322766570605187,0.430635838150289,0.0016408189102297133,0.7141100382583349,0.7112528086475983,0.0028572296107365336,0.4534410905413171,0.45205180250466176,0.001389288036655334
Logistic Regression,volume_and_range,0.1,7,8078310211332491353,0.6927710843373494,0.6957831325301205,-0.003012048192771122,0.6536102508046395,0.6556142588206717,-0.002004008016032177,0.4148471615720524,0.4185022026431718,-0.003655041071119358,0.5757575757575758,0.5757575757575758,0.0,0.48223350253807107,0.4846938775510204,-0.002460375012949323,0.7425669520859902,0.7426671524867918,-0.00010020040080160886,0.46684040472936406,0.4670791842581109,-0.00023877952874684638
Random Forest,volume_and_range,0.1,7,8078310211332491353,0.7033132530120482,0.7033132530120482,0.0,0.6200582984150118,0.6180299993927248,0.0020282990222869612,0.41208791208791207,0.4111111111111111,0.0009768009768009733,0.45454545454545453,0.4484848484848485,0.006060606060606044,0.4322766570605187,0.4289855072463768,0.0032911498141419138,0.7141100382583349,0.7142740025505556,-0.00016396429222076403,0.4534410905413171,0.45346696580653334,-2.587526521624639e-05
Logistic Regression,volume_and_range,0.1,8,15798094224081236997,0.6927710843373494,0.6957831325301205,-0.003012048192771122,0.6536102508046395,0.6586567073541021,-0.0050464565494625635,0.4148471615720524,0.41956521739130437,-0.004718055819251943,0.5757575757575758,0.5848484848484848,-0.009090909090909038,0.48223350253807107,0.48860759493670886,-0.006374092398637787,0.7425669520859902,0.7426975162446106,-0.00013056415862033877,0.46684040472936406,0.4670005733910222,-0.00016016866165813326
Random Forest,volume_and_range,0.1,8,15798094224081236997,0.7033132530120482,0.7085843373493976,-0.005271084337349463,0.6200582984150118,0.6235653124430679,-0.003507014028056088,0.41208791208791207,0.42016806722689076,-0.008080155138978695,0.45454545454545453,0.45454545454545453,0.0,0.4322766570605187,0.4366812227074236,-0.00440456564690489,0.7141100382583349,0.7135057994777433,0.0006042387805915705,0.4534410905413171,0.4543281638080237,-0.0008870732667066172
Logistic Regression,volume_and_range,0.1,9,9170088099296983684,0.6927710843373494,0.6957831325301205,-0.003012048192771122,0.6536102508046395,0.6576425578429586,-0.004032307038319027,0.4148471615720524,0.4192139737991266,-0.0043668122270741905,0.5757575757575758,0.5818181818181818,-0.006060606060605989,0.48223350253807107,0.4873096446700508,-0.005076142131979711,0.7425669520859902,0.7424546061820612,0.00011234590392905641,0.46684040472936406,0.4653812335257811,0.0014591712035829651
Random Forest,volume_and_range,0.1,9,9170088099296983684,0.7033132530120482,0.7033132530120482,0.0,0.6200582984150118,0.6190441489038683,0.0010141495111435361,0.41208791208791207,0.4116022099447514,0.0004857021431606823,0.45454545454545453,0.45151515151515154,0.0030303030303029943,0.4322766570605187,0.430635838150289,0.0016408189102297133,0.7141100382583349,0.7112376267686888,0.0028724114896460096,0.4534410905413171,0.4510463180295135,0.002394772511803589
Logistic Regression,volume_and_range,0.1,10,13569692306271718421,0.6927710843373494,0.6965361445783133,-0.0037650602409639022,0.6536102508046395,0.6571294103358232,-0.0035191595311836465,0.4148471615720524,0.4197802197802198,-0.004933058208167362,0.5757575757575758,0.5787878787878787,-0.003030303030302939,0.48223350253807107,0.48662420382165605,-0.004390701283584986,0.7425669520859902,0.7425031881945711,6.376389141915517e-05,0.46684040472936406,0.46701416903733556,-0.00017376430797150233
Random Forest,volume_and_range,0.1,10,13569692306271718421,0.7033132530120482,0.7085843373493976,-0.005271084337349463,0.6200582984150118,0.6235653124430679,-0.003507014028056088,0.41208791208791207,0.42016806722689076,-0.008080155138978695,0.45454545454545453,0.45454545454545453,0.0,0.4322766570605187,0.4366812227074236,-0.00440456564690489,0.7141100382583349,0.7166939940487036,-0.0025839557903687416,0.4534410905413171,0.4552240036568766,-0.0017829131155595035
Logistic Regression,volume_and_range,0.1,11,12605279372939218920,0.6927710843373494,0.6942771084337349,-0.001506024096385561,0.6536102508046395,0.6546122548126556,-0.0010020040080160886,0.4148471615720524,0.4166666666666667,-0.00181950509461426,0.5757575757575758,0.5757575757575758,0.0,0.48223350253807107,0.48346055979643765,-0.0012270572583665817,0.7425669520859902,0.7424242424242424,0.00014270966174778632,0.46684040472936406,0.4659110391381237,0.0009293655912403498
Random Forest,volume_and_range,0.1,11,12605279372939218920,0.7033132530120482,0.7025602409638554,0.0007530120481927804,0.6200582984150118,0.6165148478775733,0.0035434505374385417,0.41208791208791207,0.40947075208913647,0.002617159998775598,0.45454545454545453,0.44545454545454544,0.009090909090909094,0.4322766570605187,0.42670537010159654,0.0055712869589221725,0.7141100382583349,0.7136879820246553,0.00042205623367952416,0.4534410905413171,0.45180815673385244,0.0016329338074646538
Logistic Regression,volume_and_range,0.1,12,8529734004454813028,0.6927710843373494,0.697289156626506,-0.004518072289156683,0.6536102508046395,0.6596587113621182,-0.006048460557478652,0.4148471615720524,0.42139737991266374,-0.0065502183406113135,0.5757575757575758,0.5848484848484848,-0.009090909090909038,0.48223350253807107,0.48984771573604063,-0.007614213197969566,0.7425669520859902,0.7407633448715613,0.0018036072144289594,0.46684040472936406,0.46572403429965126,0.0011163704297127985
Random Forest,volume_and_range,0.1,12,8529734004454813028,0.7033132530120482,0.704066265060241,-0.0007530120481927804,0.6200582984150118,0.6205593004190199,-0.0005010020040080443,0.41208791208791207,0.4132231404958678,-0.001135228407955713,0.45454545454545453,0.45454545454545453,0.0,0.4322766570605187,0.4329004329004329,-0.0006237758399141868,0.7141100382583349,0.7152547519280986,-0.0011447136697637639,0.4534410905413171,0.45557455323118895,-0.0021334626898718567
Logistic Regression,volume_and_range,0.1,13,10142137376105717038,0.6927710843373494,0.6942771084337349,-0.001506024096385561,0.6536102508046395,0.6556264043237992,-0.0020161535191596247,0.4148471615720524,0.4170305676855895,-0.0021834061135370675,0.5757575757575758,0.5787878787878787,-0.003030303030302939,0.48223350253807107,0.4847715736040609,-0.0025380710659898553,0.7425669520859902,0.7430254448290521,-0.0004584927430618668,0.46684040472936406,0.46625832903867986,0.0005820756906841917
Random Forest,volume_and_range,0.1,13,10142137376105717038,0.7033132530120482,0.7003012048192772,0.0030120481927710108,0.6200582984150118,0.6160259913766928,0.004032307038319027,0.41208791208791207,0.4065934065934066,0.005494505494505475,0.45454545454545453,0.4484848484848485,0.006060606060606044,0.4322766570605187,0.4265129682997118,0.0057636887608069065,0.7141100382583349,0.713651545515273,0.0004584927430618668,0.4534410905413171,0.4539222680153626,-0.00048117747404552436
Logistic Regression,volume_and_range,0.1,14,298554935177006547,0.6927710843373494,0.6950301204819277,-0.0022590361445783413,0.6536102508046395,0.6571415558389506,-0.003531305034311094,0.4148471615720524,0.41830065359477125,-0.0034534920227188293,0.5757575757575758,0.5818181818181818,-0.006060606060605989,0.48223350253807107,0.4866920152091255,-0.004458512671054404,0.7425669520859902,0.741750167000668,0.0008167850853222358,0.46684040472936406,0.46572559670954894,0.0011148080198151167
Random Forest,volume_and_range,0.1,14,298554935177006547,0.7033132530120482,0.7033132530120482,0.0,0.6200582984150118,0.6200582984150118,0.0,0.41208791208791207,0.41208791208791207,0.0,0.45454545454545453,0.45454545454545453,0.0,0.4322766570605187,0.4322766570605187,0.0,0.7141100382583349,0.7135725997449445,0.000537438513390387,0.4534410905413171,0.45053485196428045,0.002906238577036646
Logistic Regression,volume_and_range,0.1,15,5143081910072366497,0.6927710843373494,0.697289156626506,-0.004518072289156683,0.6536102508046395,0.6606728608732617,-0.007062610068622188,0.4148471615720524,0.4217391304347826,-0.006891968862730191,0.5757575757575758,0.5878787878787879,-0.012121212121212088,0.48223350253807107,0.4911392405063291,-0.008905737968258054,0.7425669520859902,0.7420598773304183,0.0005070747555718791,0.46684040472936406,0.4666753118550737,0.00016509287429034014
Random Forest,volume_and_range,0.1,15,5143081910072366497,0.7033132530120482,0.704066265060241,-0.0007530120481927804,0.6200582984150118,0.6215734499301634,-0.0015151515151515804,0.41208791208791207,0.4136986301369863,-0.0016107180490742556,0.45454545454545453,0.4575757575757576,-0.00303030303030305,0.4322766570605187,0.43453237410071943,-0.002255717040200722,0.7141100382583349,0.7137456731645108,0.00036436509382409277,0.4534410905413171,0.45494727612108343,-0.0015061855797663393
Logistic Regression,volume_and_range,0.1,16,12686991262321402158,0.6927710843373494,0.6957831325301205,-0.003012048192771122,0.6536102508046395,0.6576425578429586,-0.004032307038319027,0.4148471615720524,0.4192139737991266,-0.0043668122270741905,0.5757575757575758,0.5818181818181818,-0.006060606060605989,0.48223350253807107,0.4873096446700508,-0.005076142131979711,0.7425669520859902,0.7427005526203923,-0.00013360053440203412,0.46684040472936406,0.46704592011866075,-0.00020551538929669544
Random Forest,volume_and_range,0.1,16,12686991262321402158,0.7033132530120482,0.7048192771084337,-0.001506024096385561,0.6200582984150118,0.6210603024230279,-0.0010020040080160886,0.41208791208791207,0.4143646408839779,-0.00227672879606583,0.45454545454545453,0.45454545454545453,0.0,0.4322766570605187,0.43352601156069365,-0.0012493545001749373,0.7141100382583349,0.7148782413311471,-0.0007682030728122236,0.4534410905413171,0.45340433805295655,3.675248836054745e-05
Logistic Regression,volume_and_range,0.1,17,11001699095438827273,0.6927710843373494,0.6935240963855421,-0.0007530120481927804,0.6536102508046395,0.6561395518309345,-0.0025293010262950055,0.4148471615720524,0.4164859002169197,-0.0016387386448672991,0.5757575757575758,0.5818181818181818,-0.006060606060605989,0.48223350253807107,0.4854614412136536,-0.00322793867558252,0.7425669520859902,0.7419870043116537,0.0005799477743365644,0.46684040472936406,0.4663104699700551,0.0005299347593089587
Random Forest,volume_and_range,0.1,17,11001699095438827273,0.7033132530120482,0.7048192771084337,-0.001506024096385561,0.6200582984150118,0.6230886014453149,-0.00303030303030305,0.41208791208791207,0.41530054644808745,-0.0032126343601753815,0.45454545454545453,0.46060606060606063,-0.0060606060606061,0.4322766570605187,0.4367816091954023,-0.004504952134883611,0.7141100382583349,0.7132173437784661,0.0008926944798687275,0.4534410905413171,0.45491486123415464,-0.0014737706928375505
Logistic Regression,volume_and_range,0.1,18,9326751108675061833,0.6927710843373494,0.6935240963855421,-0.0007530120481927804,0.6536102508046395,0.6541112528086477,-0.0005010020040081553,0.4148471615720524,0.41575492341356673,-0.0009077618415143096,0.5757575757575758,0.5757575757575758,0.0,0.48223350253807107,0.48284625158831,-0.0006127490502389477,0.7425669520859902,0.7428007530211939,-0.00023380093520364298,0.46684040472936406,0.46771421655625417,-0.000873811826890114
Random Forest,volume_and_range,0.1,18,9326751108675061833,0.7033132530120482,0.7048192771084337,-0.001506024096385561,0.6200582984150118,0.6200461529118844,1.2145503127447554e-05,0.41208791208791207,0.41388888888888886,-0.0018009768009767946,0.45454545454545453,0.45151515151515154,0.0030303030303029943,0.4322766570605187,0.4318840579710145,0.00039259908950423084,0.7141100382583349,0.7138458735653124,0.0002641646930224839,0.4534410905413171,0.4538483090805622,-0.00040721853924508
Logistic Regression,volume_and_range,0.1,19,2797488661920661493,0.6927710843373494,0.6965361445783133,-0.0037650602409639022,0.6536102508046395,0.6591577093581101,-0.005547458553470608,0.4148471615720524,0.420479302832244,-0.00563214126019157,0.5757575757575758,0.5848484848484848,-0.009090909090909038,0.48223350253807107,0.4892268694550063,-0.006993366916935251,0.7425669520859902,0.742755207384466,-0.00018825529847577016,0.46684040472936406,0.46569215472281994,0.001148250006544116
Random Forest,volume_and_range,0.1,19,2797488661920661493,0.7033132530120482,0.7033132530120482,0.0,0.6200582984150118,0.6190441489038683,0.0010141495111435361,0.41208791208791207,0.4116022099447514,0.0004857021431606823,0.45454545454545453,0.45151515151515154,0.0030303030303029943,0.4322766570605187,0.430635838150289,0.0016408189102297133,0.7141100382583349,0.714380275702921,-0.00027023744458609666,0.4534410905413171,0.45244063740359985,0.0010004531377172388
Logistic Regression,volume_and_range,0.1,20,7362185332269727710,0.6927710843373494,0.6897590361445783,0.0030120481927710108,0.6536102508046395,0.6536345418108944,-2.429100625489511e-05,0.4148471615720524,0.41201716738197425,0.0028299941900781778,0.5757575757575758,0.5818181818181818,-0.006060606060605989,0.48223350253807107,0.4824120603015075,-0.0001785577634364488,0.7425669520859902,0.7415011841865549,0.0010657678994353548,0.46684040472936406,0.4662552777190252,0.0005851270103388595
Random Forest,volume_and_range,0.1,20,7362185332269727710,0.7033132530120482,0.704066265060241,-0.0007530120481927804,0.6200582984150118,0.6215734499301634,-0.0015151515151515804,0.41208791208791207,0.4136986301369863,-0.0016107180490742556,0.45454545454545453,0.4575757575757576,-0.00303030303030305,0.4322766570605187,0.43453237410071943,-0.002255717040200722,0.7141100382583349,0.7134207809558512,0.0006892573024837034,0.4534410905413171,0.45521238532249203,-0.0017712947811749369
Logistic Regression,volume_and_range,0.1,21,7838586312724767198,0.6927710843373494,0.6935240963855421,-0.0007530120481927804,0.6536102508046395,0.6561395518309345,-0.0025293010262950055,0.4148471615720524,0.4164859002169197,-0.0016387386448672991,0.5757575757575758,0.5818181818181818,-0.006060606060605989,0.48223350253807107,0.4854614412136536,-0.00322793867558252,0.7425669520859902,0.7423665512843869,0.00020040080160332874,0.46684040472936406,0.4666233023312961,0.00021710239806793652
Random Forest,volume_and_range,0.1,21,7838586312724767198,0.7033132530120482,0.7010542168674698,0.0022590361445783413,0.6200582984150118,0.6165269933807007,0.003531305034311094,0.41208791208791207,0.40771349862258954,0.004374413465322524,0.45454545454545453,0.4484848484848485,0.006060606060606044,0.4322766570605187,0.42712842712842713,0.005148229932091575,0.7141100382583349,0.7139126738325136,0.00019736442582130032,0.4534410905413171,0.45475150750930404,-0.0013104169679869493
Logistic Regression,volume_and_range,0.1,22,5000576690012714036,0.6927710843373494,0.6935240963855421,-0.0007530120481927804,0.6536102508046395,0.6541112528086477,-0.0005010020040081553,0.4148471615720524,0.41575492341356673,-0.0009077618415143096,0.5757575757575758,0.5757575757575758,0.0,0.48223350253807107,0.48284625158831,-0.0006127490502389477,0.7425669520859902,0.7419627133053988,0.0006042387805914595,0.46684040472936406,0.46585317659813585,0.0009872281312282016
Random Forest,volume_and_range,0.1,22,5000576690012714036,0.7033132530120482,0.7063253012048193,-0.003012048192771122,0.6200582984150118,0.624090605453331,-0.004032307038319138,0.41208791208791207,0.4175824175824176,-0.0054945054945055305,0.45454545454545453,0.46060606060606063,-0.0060606060606061,0.4322766570605187,0.43804034582132567,-0.005763688760806962,0.7141100382583349,0.7141373656403718,-2.732738203692353e-05,0.4534410905413171,0.45480999713219605,-0.00136890659087896
Logistic Regression,volume_and_range,0.1,23,12861695996302312449,0.6927710843373494,0.6950301204819277,-0.0022590361445783413,0.6536102508046395,0.6561274063278071,-0.002517155523167558,0.4148471615720524,0.4179431072210066,-0.003095945648954157,0.5757575757575758,0.5787878787878787,-0.003030303030302939,0.48223350253807107,0.48538754764930114,-0.003154045111230075,0.7425669520859902,0.741340256270116,0.0012266958158742014,0.46684040472936406,0.4659231346359093,0.0009172700934547695
Random Forest,volume_and_range,0.1,23,12861695996302312449,0.7033132530120482,0.7055722891566265,-0.0022590361445783413,0.6200582984150118,0.6225754539381794,-0.002517155523167558,0.41208791208791207,0.41597796143250687,-0.0038900493445948037,0.45454545454545453,0.4575757575757576,-0.00303030303030305,0.4322766570605187,0.4357864357864358,-0.0035097787259170676,0.7141100382583349,0.713605999878545,0.0005040383797898507,0.4534410905413171,0.45412712682068,-0.0006860362793629227
Logistic Regression,volume_and_range,0.1,24,13702539870877270458,0.6927710843373494,0.6965361445783133,-0.0037650602409639022,0.6536102508046395,0.6591577093581101,-0.005547458553470608,0.4148471615720524,0.420479302832244,-0.00563214126019157,0.5757575757575758,0.5848484848484848,-0.009090909090909038,0.48223350253807107,0.4892268694550063,-0.006993366916935251,0.7425669520859902,0.7424697880609705,9.716402501969146e-05,0.46684040472936406,0.46637439222393107,0.0004660125054329889
Random Forest,volume_and_range,0.1,24,13702539870877270458,0.7033132530120482,0.7108433734939759,-0.0075301204819276935,0.6200582984150118,0.625068318455092,-0.005010020040080221,0.41208791208791207,0.423728813559322,-0.011640901471409948,0.45454545454545453,0.45454545454545453,0.0,0.4322766570605187,0.43859649122807015,-0.006319834167551441,0.7141100382583349,0.7170644318940913,-0.002954393635756447,0.4534410905413171,0.4539618733705786,-0.0005207828292614902
Logistic Regression,volume_and_range,0.1,25,7980289259822350413,0.6927710843373494,0.6950301204819277,-0.0022590361445783413,0.6536102508046395,0.6571415558389506,-0.003531305034311094,0.4148471615720524,0.41830065359477125,-0.0034534920227188293,0.5757575757575758,0.5818181818181818,-0.006060606060605989,0.48223350253807107,0.4866920152091255,-0.004458512671054404,0.7425669520859902,0.7411307463411672,0.0014362057448230603,0.46684040472936406,0.4655014373544092,0.0013389673749548692
Random Forest,volume_and_range,0.1,25,7980289259822350413,0.7033132530120482,0.7025602409638554,0.0007530120481927804,0.6200582984150118,0.6195572964110038,0.0005010020040080443,0.41208791208791207,0.410958904109589,0.0011290079783230489,0.45454545454545453,0.45454545454545453,0.0,0.4322766570605187,0.4316546762589928,0.0006219808015259232,0.7141100382583349,0.7114380275702922,0.002672010688042681,0.4534410905413171,0.450985691013009,0.0024553995283080887
Logistic Regression,volume_and_range,0.1,26,14246493351004842679,0.6927710843373494,0.6920180722891566,0.0007530120481927804,0.6536102508046395,0.654123398311775,-0.0005131475071354918,0.4148471615720524,0.41431670281995664,0.000530458752095786,0.5757575757575758,0.5787878787878787,-0.003030303030302939,0.48223350253807107,0.4829329962073325,-0.0006994936692614195,0.7425669520859902,0.742044695451509,0.000522256634481244,0.46684040472936406,0.4657890559449079,0.0010513487844561742
Random Forest,volume_and_range,0.1,26,14246493351004842679,0.7033132530120482,0.7048192771084337,-0.001506024096385561,0.6200582984150118,0.6200461529118844,1.2145503127447554e-05,0.41208791208791207,0.41388888888888886,-0.0018009768009767946,0.45454545454545453,0.45151515151515154,0.0030303030303029943,0.4322766570605187,0.4318840579710145,0.00039259908950423084,0.7141100382583349,0.7143195481872837,-0.0002095099289488589,0.4534410905413171,0.45429501799985117,-0.0008539274585340761
Logistic Regression,volume_and_range,0.1,27,6405467758469570453,0.6927710843373494,0.6965361445783133,-0.0037650602409639022,0.6536102508046395,0.6571294103358232,-0.0035191595311836465,0.4148471615720524,0.4197802197802198,-0.004933058208167362,0.5757575757575758,0.5787878787878787,-0.003030303030302939,0.48223350253807107,0.48662420382165605,-0.004390701283584986,0.7425669520859902,0.7422663508835854,0.0003006012024048266,0.46684040472936406,0.46625831525066197,0.0005820894787020858
Random Forest,volume_and_range,0.1,27,6405467758469570453,0.7033132530120482,0.7033132530120482,0.0,0.6200582984150118,0.6180299993927248,0.0020282990222869612,0.41208791208791207,0.4111111111111111,0.0009768009768009733,0.45454545454545453,0.4484848484848485,0.006060606060606044,0.4322766570605187,0.4289855072463768,0.0032911498141419138,0.7141100382583349,0.7144410032185583,-0.00033096496022344546,0.4534410905413171,0.45434398095077216,-0.0009028904094550705
Logistic Regression,volume_and_range,0.1,28,18096805430795506542,0.6927710843373494,0.6912650602409639,0.0015060240963854499,0.6536102508046395,0.6546365458189105,-0.0010262950142709837,0.4148471615720524,0.41379310344827586,0.001054058123776569,0.5757575757575758,0.5818181818181818,-0.006060606060605989,0.48223350253807107,0.4836272040302267,-0.001393701492155619,0.7425669520859902,0.7427005526203924,-0.00013360053440214514,0.46684040472936406,0.4654971817086887,0.0013432230206753548
Random Forest,volume_and_range,0.1,28,18096805430795506542,0.7033132530120482,0.7048192771084337,-0.001506024096385561,0.6200582984150118,0.6210603024230279,-0.0010020040080160886,0.41208791208791207,0.4143646408839779,-0.00227672879606583,0.45454545454545453,0.45454545454545453,0.0,0.4322766570605187,0.43352601156069365,-0.0012493545001749373,0.7141100382583349,0.7155067711179937,-0.0013967328596588002,0.4534410905413171,0.45401084102182737,-0.0005697504805102782
Logistic Regression,volume_and_range,0.1,29,14380335444121253054,0.6927710843373494,0.697289156626506,-0.004518072289156683,0.6536102508046395,0.6606728608732617,-0.007062610068622188,0.4148471615720524,0.4217391304347826,-0.006891968862730191,0.5757575757575758,0.5878787878787879,-0.012121212121212088,0.48223350253807107,0.4911392405063291,-0.008905737968258054,0.7425669520859902,0.742454606182061,0.00011234590392916743,0.46684040472936406,0.46611602987596373,0.0007243748534003225
Random Forest,volume_and_range,0.1,29,14380335444121253054,0.7033132530120482,0.704066265060241,-0.0007530120481927804,0.6200582984150118,0.6225875994413068,-0.0025293010262950055,0.41208791208791207,0.4141689373297003,-0.0020810252417882147,0.45454545454545453,0.46060606060606063,-0.0060606060606061,0.4322766570605187,0.43615494978479197,-0.003878292724273258,0.7141100382583349,0.7152881520616992,-0.0011781138033643002,0.4534410905413171,0.4529986506941416,0.0004424398471755131
Logistic Regression,volume_and_range,0.2,0,11399035811714040990,0.6927710843373494,0.6995481927710844,-0.006777108433735024,0.6536102508046395,0.6631900163964293,-0.009579765591789746,0.4148471615720524,0.42483660130718953,-0.009989439735137107,0.5757575757575758,0.5909090909090909,-0.015151515151515138,0.48223350253807107,0.49429657794676807,-0.012063075408697,0.7425669520859902,0.7428705896641769,-0.00030363757818663295,0.46684040472936406,0.46697427760770427,-0.00013387287834021322
Random Forest,volume_and_range,0.2,0,11399035811714040990,0.7033132530120482,0.7070783132530121,-0.0037650602409639022,0.6200582984150118,0.6225633084350519,-0.0025050100200401104,0.41208791208791207,0.4178272980501393,-0.005739385962227228,0.45454545454545453,0.45454545454545453,0.0,0.4322766570605187,0.43541364296081275,-0.0031369859002940426,0.7141100382583349,0.7147355316693993,-0.0006254934110644372,0.4534410905413171,0.4573613393371005,-0.003920248795783399
Logistic Regression,volume_and_range,0.2,1,5185726543182614542,0.6927710843373494,0.697289156626506,-0.004518072289156683,0.6536102508046395,0.6556021133175443,-0.0019918625129047296,0.4148471615720524,0.42,-0.005152838427947559,0.5757575757575758,0.5727272727272728,0.00303030303030305,0.48223350253807107,0.4846153846153846,-0.0023818820773135463,0.7425669520859902,0.7384040808890509,0.004162871196939366,0.46684040472936406,0.46126426612376925,0.005576138605594805
Random Forest,volume_and_range,0.2,1,5185726543182614542,0.7033132530120482,0.6995481927710844,0.003765060240963791,0.6200582984150118,0.6145108398615413,0.005547458553470497,0.41208791208791207,0.4049586776859504,0.0071292344019616705,0.45454545454545453,0.44545454545454544,0.009090909090909094,0.4322766570605187,0.42424242424242425,0.008034232818094456,0.7141100382583349,0.7090878727151273,0.005022165543207557,0.4534410905413171,0.4474023199687437,0.006038770572573404
Logistic Regression,volume_and_range,0.2,2,591816420587233233,0.6927710843373494,0.6980421686746988,-0.005271084337349463,0.6536102508046395,0.6550889658104087,-0.0014787150057691267,0.4148471615720524,0.42058165548098436,-0.005734493908931937,0.5757575757575758,0.5696969696969697,0.0060606060606061,0.48223350253807107,0.4839124839124839,-0.0016789813744128579,0.7425669520859902,0.739269447986883,0.003297504099107229,0.46684040472936406,0.4639321550121455,0.002908249717218536
Random Forest,volume_and_range,0.2,2,591816420587233233,0.7033132530120482,0.7063253012048193,-0.003012048192771122,0.6200582984150118,0.624090605453331,-0.004032307038319138,0.41208791208791207,0.4175824175824176,-0.0054945054945055305,0.45454545454545453,0.46060606060606063,-0.0060606060606061,0.4322766570605187,0.43804034582132567,-0.005763688760806962,0.7141100382583349,0.7133175441792675,0.0007924940790673407,0.4534410905413171,0.4522949228197105,0.0011461677216065835
Logistic Regression,volume_and_range,0.2,3,5650258875890050610,0.6927710843373494,0.7033132530120482,-0.010542168674698815,0.6536102508046395,0.6656950264164694,-0.012084775611829857,0.4148471615720524,0.42951541850220265,-0.014668256930150225,0.5757575757575758,0.5909090909090909,-0.015151515151515138,0.48223350253807107,0.49744897959183676,-0.015215477053765691,0.7425669520859902,0.7434930466994595,-0.0009260946134692638,0.46684040472936406,0.4705959879398915,-0.0037555832105274356
Random Forest,volume_and_range,0.2,3,5650258875890050610,0.7033132530120482,0.7100903614457831,-0.006777108433734913,0.6200582984150118,0.624567316451084,-0.0045090180360721765,0.41208791208791207,0.4225352112676056,-0.010447299179693559,0.45454545454545453,0.45454545454545453,0.0,0.4322766570605187,0.43795620437956206,-0.005679547319043354,0.7141100382583349,0.7156403716523957,-0.0015303333940608344,0.4534410905413171,0.4574792577888861,-0.004038167247569002
Logistic Regression,volume_and_range,0.2,4,2101663389497114884,0.6927710843373494,0.6980421686746988,-0.005271084337349463,0.6536102508046395,0.6571172648326957,-0.003507014028056199,0.4148471615720524,0.4212860310421286,-0.006438869470076158,0.5757575757575758,0.5757575757575758,0.0,0.48223350253807107,0.48655569782330343,-0.004322195285232366,0.7425669520859902,0.744692415133297,-0.0021254630473067637,0.46684040472936406,0.4680470101608709,-0.0012066054315068575
Random Forest,volume_and_range,0.2,4,2101663389497114884,0.7033132530120482,0.7063253012048193,-0.003012048192771122,0.6200582984150118,0.6210481569199005,-0.000989858504888641,0.41208791208791207,0.41620111731843573,-0.004113205230523664,0.45454545454545453,0.45151515151515154,0.0030303030303029943,0.4322766570605187,0.4331395348837209,-0.0008628778232022127,0.7141100382583349,0.717410578733224,-0.0033005404748891465,0.4534410905413171,0.4588290310890416,-0.005387940547724512
Logistic Regression,volume_and_range,0.2,5,15813841842732667925,0.6927710843373494,0.6995481927710844,-0.006777108433735024,0.6536102508046395,0.6662324649298597,-0.012622214125220133,0.4148471615720524,0.4258064516129032,-0.010959290040850778,0.5757575757575758,0.6,-0.024242424242424176,0.48223350253807107,0.4981132075471698,-0.015879705009098743,0.7425669520859902,0.7428068257727576,-0.00023987368676736676,0.46684040472936406,0.46763189946879263,-0.0007914947394285776
Random Forest,volume_and_range,0.2,5,15813841842732667925,0.7033132530120482,0.7078313253012049,-0.004518072289156683,0.6200582984150118,0.6220501609279164,-0.0019918625129046186,0.41208791208791207,0.41853932584269665,-0.006451413754784585,0.45454545454545453,0.45151515151515154,0.0030303030303029943,0.4322766570605187,0.43440233236151604,-0.0021256753009973317,0.7141100382583349,0.7132294892815936,0.00088054897674128,0.4534410905413171,0.46012900954641894,-0.00668791900510185
Logistic Regression,volume_and_range,0.2,6,16602951585780110462,0.6927710843373494,0.7018072289156626,-0.009036144578313254,0.6536102508046395,0.6657071719195968,-0.012096921114957304,0.4148471615720524,0.4279475982532751,-0.013100436681222682,0.5757575757575758,0.593939393939394,-0.018181818181818188,0.48223350253807107,0.49746192893401014,-0.015228426395939076,0.7425669520859902,0.7402410882370802,0.0023258638489099814,0.46684040472936406,0.4663973681280138,0.00044303660135025513
Random Forest,volume_and_range,0.2,6,16602951585780110462,0.7033132530120482,0.7048192771084337,-0.001506024096385561,0.6200582984150118,0.6200461529118844,1.2145503127447554e-05,0.41208791208791207,0.41388888888888886,-0.0018009768009767946,0.45454545454545453,0.45151515151515154,0.0030303030303029943,0.4322766570605187,0.4318840579710145,0.00039259908950423084,0.7141100382583349,0.707727576364851,0.006382461893483904,0.4534410905413171,0.45271285524240235,0.0007282352989147478
Logistic Regression,volume_and_range,0.2,7,18345366306568030294,0.6927710843373494,0.6987951807228916,-0.006024096385542244,0.6536102508046395,0.6555899678144167,-0.001979717009777171,0.4148471615720524,0.42152466367713004,-0.006677502105077615,0.5757575757575758,0.5696969696969697,0.0060606060606061,0.48223350253807107,0.4845360824742268,-0.0023025799361557353,0.7425669520859902,0.7419414586749256,0.0006254934110646593,0.46684040472936406,0.4659812975654988,0.0008591071638652803
Random Forest,volume_and_range,0.2,7,18345366306568030294,0.7033132530120482,0.7093373493975904,-0.006024096385542244,0.6200582984150118,0.6230521649359324,-0.002993866520920596,0.41208791208791207,0.4209039548022599,-0.008816042714347827,0.45454545454545453,0.45151515151515154,0.0030303030303029943,0.4322766570605187,0.43567251461988304,-0.0033958575593643348,0.7141100382583349,0.7155098074937754,-0.0013997692354404956,0.4534410905413171,0.45659518429364443,-0.003154093752327336
Logistic Regression,volume_and_range,0.2,8,6666298052082158651,0.6927710843373494,0.6957831325301205,-0.003012048192771122,0.6536102508046395,0.6586567073541021,-0.0050464565494625635,0.4148471615720524,0.41956521739130437,-0.004718055819251943,0.5757575757575758,0.5848484848484848,-0.009090909090909038,0.48223350253807107,0.48860759493670886,-0.006374092398637787,0.7425669520859902,0.7420386226999452,0.0005283293860449678,0.46684040472936406,0.46644834681151454,0.0003920579178495198
Random Forest,volume_and_range,0.2,8,6666298052082158651,0.7033132530120482,0.713855421686747,-0.010542168674698815,0.6200582984150118,0.6301147750045546,-0.010056476589542784,0.41208791208791207,0.4297752808988764,-0.017687368810964332,0.45454545454545453,0.4636363636363636,-0.009090909090909094,0.4322766570605187,0.446064139941691,-0.013787482881172264,0.7141100382583349,0.7113924819335642,0.0027175563247706647,0.4534410905413171,0.4529713762347843,0.0004697143065328091
Logistic Regression,volume_and_range,0.2,9,6723046038775247593,0.6927710843373494,0.6965361445783133,-0.0037650602409639022,0.6536102508046395,0.6561152608246796,-0.0025050100200401104,0.4148471615720524,0.4194260485651214,-0.004578886993068965,0.5757575757575758,0.5757575757575758,0.0,0.48223350253807107,0.48531289910600256,-0.0030793965679314916,0.7425669520859902,0.7418959130381976,0.0006710390477926431,0.46684040472936406,0.46430576111904664,0.002534643610317411
Random Forest,volume_and_range,0.2,9,6723046038775247593,0.7033132530120482,0.7078313253012049,-0.004518072289156683,0.6200582984150118,0.6250926094613469,-0.005034311046335116,0.41208791208791207,0.4198895027624309,-0.007801590674518855,0.45454545454545453,0.46060606060606063,-0.0060606060606061,0.4322766570605187,0.4393063583815029,-0.007029701320984183,0.7141100382583349,0.7114775004554563,0.002632537802878532,0.4534410905413171,0.44898931934428554,0.004451771197031551
Logistic Regression,volume_and_range,0.2,10,7667489438126193019,0.6927710843373494,0.6995481927710844,-0.006777108433735024,0.6536102508046395,0.6621758668852857,-0.00856561608064621,0.4148471615720524,0.424507658643326,-0.009660497071273588,0.5757575757575758,0.5878787878787879,-0.012121212121212088,0.48223350253807107,0.49301143583227447,-0.010777933294203401,0.7425669520859902,0.7424515698062791,0.00011538227971108483,0.46684040472936406,0.4668862913568706,-4.588662750654171e-05
Random Forest,volume_and_range,0.2,10,7667489438126193019,0.7033132530120482,0.7123493975903614,-0.009036144578313254,0.6200582984150118,0.6250561729519646,-0.004997874536952773,0.41208791208791207,0.4257142857142857,-0.013626373626373645,0.45454545454545453,0.45151515151515154,0.0030303030303029943,0.4322766570605187,0.43823529411764706,-0.0059586370571283465,0.7141100382583349,0.7169126131049978,-0.0028025748466629086,0.4534410905413171,0.45431746960117064,-0.0008763790598535492
Logistic Regression,volume_and_range,0.2,11,11143803337455017245,0.6927710843373494,0.697289156626506,-0.004518072289156683,0.6536102508046395,0.6596587113621182,-0.006048460557478652,0.4148471615720524,0.42139737991266374,-0.0065502183406113135,0.5757575757575758,0.5848484848484848,-0.009090909090909038,0.48223350253807107,0.48984771573604063,-0.007614213197969566,0.7425669520859902,0.741889840286634,0.0006771117993562559,0.46684040472936406,0.4649608568022576,0.0018795479271064286
Random Forest,volume_and_range,0.2,11,11143803337455017245,0.7033132530120482,0.7025602409638554,0.0007530120481927804,0.6200582984150118,0.6155006983664298,0.004557600048581967,0.41208791208791207,0.40896358543417366,0.0031243266537384073,0.45454545454545453,0.44242424242424244,0.012121212121212088,0.4322766570605187,0.42503639010189226,0.007240266958626451,0.7141100382583349,0.7147628590514362,-0.0006528207931013608,0.4534410905413171,0.45106882817847654,0.0023722623628405493
Logistic Regression,volume_and_range,0.2,12,80466402595063136,0.6927710843373494,0.6995481927710844,-0.006777108433735024,0.6536102508046395,0.6601475678629987,-0.006537317058359138,0.4148471615720524,0.423841059602649,-0.008993898030596581,0.5757575757575758,0.5818181818181818,-0.006060606060605989,0.48223350253807107,0.4904214559386973,-0.008187953400626224,0.7425669520859902,0.7383251351187223,0.004241816967267886,0.46684040472936406,0.46433587152768996,0.0025045332016740973
Random Forest,volume_and_range,0.2,12,80466402595063136,0.7033132530120482,0.7100903614457831,-0.006777108433734913,0.6200582984150118,0.6255814659622275,-0.005523167547215713,0.41208791208791207,0.42296918767507,-0.010881275587157957,0.45454545454545453,0.4575757575757576,-0.00303030303030305,0.4322766570605187,0.4395924308588064,-0.007315773798287684,0.7141100382583349,0.7165846845205562,-0.0024746462622213805,0.4534410905413171,0.45759935212122194,-0.004158261579904843
Logistic Regression,volume_and_range,0.2,13,10214479294053287114,0.6927710843373494,0.6950301204819277,-0.0022590361445783413,0.6536102508046395,0.6561274063278071,-0.002517155523167558,0.4148471615720524,0.4179431072210066,-0.003095945648954157,0.5757575757575758,0.5787878787878787,-0.003030303030302939,0.48223350253807107,0.48538754764930114,-0.003154045111230075,0.7425669520859902,0.742913098925123,-0.0003461468391328104,0.46684040472936406,0.4658506840877781,0.0009897206415859783
Random Forest,volume_and_range,0.2,13,10214479294053287114,0.7033132530120482,0.7025602409638554,0.0007530120481927804,0.6200582984150118,0.6195572964110038,0.0005010020040080443,0.41208791208791207,0.410958904109589,0.0011290079783230489,0.45454545454545453,0.45454545454545453,0.0,0.4322766570605187,0.4316546762589928,0.0006219808015259232,0.7141100382583349,0.7120027934657193,0.0021072447926155924,0.4534410905413171,0.45569448005472907,-0.002253389513411974
Logistic Regression,volume_and_range,0.2,14,18446033624461737779,0.6927710843373494,0.697289156626506,-0.004518072289156683,0.6536102508046395,0.6586445618509746,-0.005034311046335116,0.4148471615720524,0.42105263157894735,-0.00620547000689492,0.5757575757575758,0.5818181818181818,-0.006060606060605989,0.48223350253807107,0.48854961832061067,-0.0063161157825396,0.7425669520859902,0.7402167972308253,0.0023501548551648765,0.46684040472936406,0.46371721755744855,0.003123187171915509
Random Forest,volume_and_range,0.2,14,18446033624461737779,0.7033132530120482,0.7033132530120482,0.0,0.6200582984150118,0.6190441489038683,0.0010141495111435361,0.41208791208791207,0.4116022099447514,0.0004857021431606823,0.45454545454545453,0.45151515151515154,0.0030303030303029943,0.4322766570605187,0.430635838150289,0.0016408189102297133,0.7141100382583349,0.7114289184429465,0.002681119815388322,0.4534410905413171,0.45144285445752885,0.0019982360837882407
Logistic Regression,volume_and_range,0.2,15,14514494634896544420,0.6927710843373494,0.6980421686746988,-0.005271084337349463,0.6536102508046395,0.6601597133661261,-0.006549462561486585,0.4148471615720524,0.4223194748358862,-0.007472313263833796,0.5757575757575758,0.5848484848484848,-0.009090909090909038,0.48223350253807107,0.49047013977128334,-0.008236637233212274,0.7425669520859902,0.7411064553349123,0.0014604967510779554,0.46684040472936406,0.4661653507031046,0.0006750540262594473
Random Forest,volume_and_range,0.2,15,14514494634896544420,0.7033132530120482,0.704066265060241,-0.0007530120481927804,0.6200582984150118,0.6215734499301634,-0.0015151515151515804,0.41208791208791207,0.4136986301369863,-0.0016107180490742556,0.45454545454545453,0.4575757575757576,-0.00303030303030305,0.4322766570605187,0.43453237410071943,-0.002255717040200722,0.7141100382583349,0.713536163235562,0.0005738750227728406,0.4534410905413171,0.4549826595839588,-0.0015415690426416884
Logistic Regression,volume_and_range,0.2,16,198395318959488799,0.6927710843373494,0.6987951807228916,-0.006024096385542244,0.6536102508046395,0.6606607153701343,-0.007050464565494741,0.4148471615720524,0.4232456140350877,-0.008398452463035277,0.5757575757575758,0.5848484848484848,-0.009090909090909038,0.48223350253807107,0.4910941475826972,-0.008860645044626136,0.7425669520859902,0.7422784963867128,0.000288455699277379,0.46684040472936406,0.4676916285632541,-0.0008512238338900247
Random Forest,volume_and_range,0.2,16,198395318959488799,0.7033132530120482,0.704066265060241,-0.0007530120481927804,0.6200582984150118,0.6175168518855894,0.002541446529422453,0.41208791208791207,0.4117647058823529,0.0003232062055591456,0.45454545454545453,0.44545454545454544,0.009090909090909094,0.4322766570605187,0.4279475982532751,0.004329058807243602,0.7141100382583349,0.7157618266836704,-0.001651788425335532,0.4534410905413171,0.4548020629075067,-0.0013609723661895945
Logistic Regression,volume_and_range,0.2,17,1194017550127565340,0.6927710843373494,0.6942771084337349,-0.001506024096385561,0.6536102508046395,0.6576547033460861,-0.004044452541446586,0.4148471615720524,0.41774891774891776,-0.0029017561768653333,0.5757575757575758,0.5848484848484848,-0.009090909090909038,0.48223350253807107,0.48737373737373735,-0.00514023483566628,0.7425669520859902,0.7410912734560029,0.0014756786299873204,0.46684040472936406,0.46579407417877616,0.0010463305505878928
Random Forest,volume_and_range,0.2,17,1194017550127565340,0.7033132530120482,0.7070783132530121,-0.0037650602409639022,0.6200582984150118,0.6235774579461955,-0.0035191595311836465,0.41208791208791207,0.4182825484764543,-0.0061946363885422295,0.45454545454545453,0.4575757575757576,-0.00303030303030305,0.4322766570605187,0.4370477568740955,-0.004771099813576818,0.7141100382583349,0.7121515758790308,0.0019584623793040823,0.4534410905413171,0.45653738906794467,-0.003096298526627572
Logistic Regression,volume_and_range,0.2,18,10385569796185492619,0.6927710843373494,0.6920180722891566,0.0007530120481927804,0.6536102508046395,0.656151697334062,-0.002541446529422453,0.4148471615720524,0.4150537634408602,-0.00020660186880777642,0.5757575757575758,0.5848484848484848,-0.009090909090909038,0.48223350253807107,0.48553459119496856,-0.0033010886568974884,0.7425669520859902,0.7429829355681059,-0.00041598348211568936,0.46684040472936406,0.46791670595619633,-0.001076301226832277
Random Forest,volume_and_range,0.2,18,10385569796185492619,0.7033132530120482,0.7010542168674698,0.0022590361445783413,0.6200582984150118,0.6155128438695573,0.004545454545454519,0.41208791208791207,0.407202216066482,0.004885696021430075,0.45454545454545453,0.44545454545454544,0.009090909090909094,0.4322766570605187,0.42547033285094066,0.006806324209578052,0.7141100382583349,0.7123003582923423,0.0018096799659925722,0.4534410905413171,0.45426547322710437,-0.0008243826857872727
Logistic Regression,volume_and_range,0.2,19,7237870261798007370,0.6927710843373494,0.6980421686746988,-0.005271084337349463,0.6536102508046395,0.6621880123884132,-0.008577761583773658,0.4148471615720524,0.4229934924078091,-0.008146330835756666,0.5757575757575758,0.5909090909090909,-0.015151515151515138,0.48223350253807107,0.49304677623261695,-0.010813273694545877,0.7425669520859902,0.7424576425578431,0.00010930952814713901,0.46684040472936406,0.46438631425974697,0.0024540904696170873
Random Forest,volume_and_range,0.2,19,7237870261798007370,0.7033132530120482,0.7070783132530121,-0.0037650602409639022,0.6200582984150118,0.6235774579461955,-0.0035191595311836465,0.41208791208791207,0.4182825484764543,-0.0061946363885422295,0.45454545454545453,0.4575757575757576,-0.00303030303030305,0.4322766570605187,0.4370477568740955,-0.004771099813576818,0.7141100382583349,0.7147507135483089,-0.0006406752899740242,0.4534410905413171,0.4534822806719388,-4.11901306217044e-05
Logistic Regression,volume_and_range,0.2,20,1633124093675109208,0.6927710843373494,0.6935240963855421,-0.0007530120481927804,0.6536102508046395,0.6571537013420781,-0.0035434505374385417,0.4148471615720524,0.4168466522678186,-0.0019994906957661596,0.5757575757575758,0.5848484848484848,-0.009090909090909038,0.48223350253807107,0.48675914249684743,-0.004525639958776362,0.7425669520859902,0.7395852310681971,0.0029817210177931486,0.46684040472936406,0.4650501168124951,0.0017902879168689712
Random Forest,volume_and_range,0.2,20,1633124093675109208,0.7033132530120482,0.7085843373493976,-0.005271084337349463,0.6200582984150118,0.625593611465355,-0.00553531305034316,0.41208791208791207,0.42105263157894735,-0.008964719491035278,0.45454545454545453,0.46060606060606063,-0.0060606060606061,0.4322766570605187,0.4399421128798842,-0.007665455819365508,0.7141100382583349,0.7110675897249045,0.0030424485334303863,0.4534410905413171,0.45629455347461345,-0.002853462933296358
Logistic Regression,volume_and_range,0.2,21,4880371292182738093,0.6927710843373494,0.6995481927710844,-0.006777108433735024,0.6536102508046395,0.6621758668852857,-0.00856561608064621,0.4148471615720524,0.424507658643326,-0.009660497071273588,0.5757575757575758,0.5878787878787879,-0.012121212121212088,0.48223350253807107,0.49301143583227447,-0.010777933294203401,0.7425669520859902,0.7417562397522319,0.00081071233375829,0.46684040472936406,0.46518126976646146,0.0016591349629025975
Random Forest,volume_and_range,0.2,21,4880371292182738093,0.7033132530120482,0.7003012048192772,0.0030120481927710108,0.6200582984150118,0.6150118418655492,0.0050464565494625635,0.41208791208791207,0.40607734806629836,0.006010564021613707,0.45454545454545453,0.44545454545454544,0.009090909090909094,0.4322766570605187,0.42485549132947975,0.007421165731038959,0.7141100382583349,0.7131080342503189,0.0010020040080159776,0.4534410905413171,0.4544029083192035,-0.0009618177778863979
Logistic Regression,volume_and_range,0.2,22,7826469520861847842,0.6927710843373494,0.6927710843373494,0.0,0.6536102508046395,0.6536102508046395,0.0,0.4148471615720524,0.4148471615720524,0.0,0.5757575757575758,0.5757575757575758,0.0,0.48223350253807107,0.48223350253807107,0.0,0.7425669520859902,0.7412582741240056,0.001308677961984639,0.46684040472936406,0.46475188830535247,0.0020885164240115883
Random Forest,volume_and_range,0.2,22,7826469520861847842,0.7033132530120482,0.7100903614457831,-0.006777108433734913,0.6200582984150118,0.6255814659622275,-0.005523167547215713,0.41208791208791207,0.42296918767507,-0.010881275587157957,0.45454545454545453,0.4575757575757576,-0.00303030303030305,0.4322766570605187,0.4395924308588064,-0.007315773798287684,0.7141100382583349,0.7131778708933019,0.0009321673650329876,0.4534410905413171,0.4544703948600468,-0.001029304318729718
Logistic Regression,volume_and_range,0.2,23,2645965009029806281,0.6927710843373494,0.6890060240963856,0.003765060240963791,0.6536102508046395,0.650091091273456,0.0035191595311835355,0.4148471615720524,0.40997830802603036,0.004868853546022067,0.5757575757575758,0.5727272727272728,0.00303030303030305,0.48223350253807107,0.4778761061946903,0.004357396343380782,0.7425669520859902,0.7400710511932957,0.0024959008926944692,0.46684040472936406,0.46445654061351616,0.0023838641158479
Random Forest,volume_and_range,0.2,23,2645965009029806281,0.7033132530120482,0.7115963855421686,-0.008283132530120474,0.6200582984150118,0.6255693204591,-0.005511022044088154,0.41208791208791207,0.42492917847025496,-0.012841266382342897,0.45454545454545453,0.45454545454545453,0.0,0.4322766570605187,0.43923865300146414,-0.006961995940945431,0.7141100382583349,0.7107275156373353,0.003382522620999584,0.4534410905413171,0.452677138373067,0.0007639521682500927
Logistic Regression,volume_and_range,0.2,24,3441415364240325478,0.6927710843373494,0.6965361445783133,-0.0037650602409639022,0.6536102508046395,0.6591577093581101,-0.005547458553470608,0.4148471615720524,0.420479302832244,-0.00563214126019157,0.5757575757575758,0.5848484848484848,-0.009090909090909038,0.48223350253807107,0.4892268694550063,-0.006993366916935251,0.7425669520859902,0.7423179692718771,0.00024898281411311896,0.46684040472936406,0.46640945070256756,0.00043095402679649286
Random Forest,volume_and_range,0.2,24,3441415364240325478,0.7033132530120482,0.7108433734939759,-0.0075301204819276935,0.6200582984150118,0.623040019432805,-0.0029817210177931486,0.41208791208791207,0.4228571428571429,-0.010769230769230809,0.45454545454545453,0.4484848484848485,0.006060606060606044,0.4322766570605187,0.43529411764705883,-0.0030174605865401216,0.7141100382583349,0.7172678690714763,-0.003157830813141471,0.4534410905413171,0.45406578587706586,-0.0006246953357487706
Logistic Regression,volume_and_range,0.2,25,15716953461211944677,0.6927710843373494,0.6987951807228916,-0.006024096385542244,0.6536102508046395,0.6616748648812777,-0.008064614076638166,0.4148471615720524,0.42358078602620086,-0.008733624454148436,0.5757575757575758,0.5878787878787879,-0.012121212121212088,0.48223350253807107,0.49238578680203043,-0.010152284263959366,0.7425669520859902,0.739336248254084,0.0032307038319062675,0.46684040472936406,0.46303505667229206,0.003805348057072
Random Forest,volume_and_range,0.2,25,15716953461211944677,0.7033132530120482,0.7063253012048193,-0.003012048192771122,0.6200582984150118,0.6220623064310439,-0.002004008016032066,0.41208791208791207,0.4166666666666667,-0.004578754578754618,0.45454545454545453,0.45454545454545453,0.0,0.4322766570605187,0.43478260869565216,-0.002505951635133452,0.7141100382583349,0.7099137669277948,0.0041962713305400134,0.4534410905413171,0.4515274853611956,0.0019136051801215137
Logistic Regression,volume_and_range,0.2,26,17890685989598147239,0.6927710843373494,0.6875,0.005271084337349352,0.6536102508046395,0.6480749377542965,0.005535313050343049,0.4148471615720524,0.4078091106290672,0.007038050942985208,0.5757575757575758,0.5696969696969697,0.0060606060606061,0.48223350253807107,0.47534766118836913,0.006885841349701938,0.7425669520859902,0.7410396550677112,0.001527297018279028,0.46684040472936406,0.46541807835094806,0.0014223263784159945
Random Forest,volume_and_range,0.2,26,17890685989598147239,0.7033132530120482,0.704066265060241,-0.0007530120481927804,0.6200582984150118,0.6205593004190199,-0.0005010020040080443,0.41208791208791207,0.4132231404958678,-0.001135228407955713,0.45454545454545453,0.45454545454545453,0.0,0.4322766570605187,0.4329004329004329,-0.0006237758399141868,0.7141100382583349,0.7133630898159956,0.0007469484423392458,0.4534410905413171,0.4566893099354349,-0.0032482193941177906
Logistic Regression,volume_and_range,0.2,27,1988247652590164609,0.6927710843373494,0.6987951807228916,-0.006024096385542244,0.6536102508046395,0.6586324163478472,-0.005022165543207668,0.4148471615720524,0.4225663716814159,-0.007719210109363495,0.5757575757575758,0.5787878787878787,-0.003030303030302939,0.48223350253807107,0.4884910485933504,-0.006257546055279339,0.7425669520859902,0.7414009837857535,0.0011659683002367416,0.46684040472936406,0.4656275084841139,0.0012128962452501724
Random Forest,volume_and_range,0.2,27,1988247652590164609,0.7033132530120482,0.7070783132530121,-0.0037650602409639022,0.6200582984150118,0.6205350094127648,-0.00047671099775303816,0.41208791208791207,0.4169014084507042,-0.004813496362792158,0.45454545454545453,0.4484848484848485,0.006060606060606044,0.4322766570605187,0.4321167883211679,0.00015986873935081025,0.7141100382583349,0.7163721382158257,-0.0022620999574908263,0.4534410905413171,0.45527304277362485,-0.0018319522323077542
Logistic Regression,volume_and_range,0.2,28,13575349353978369076,0.6927710843373494,0.6942771084337349,-0.001506024096385561,0.6536102508046395,0.6566405538349426,-0.00303030303030305,0.4148471615720524,0.41739130434782606,-0.002544142775773639,0.5757575757575758,0.5818181818181818,-0.006060606060605989,0.48223350253807107,0.4860759493670886,-0.0038424468290175207,0.7425669520859902,0.7424333515515881,0.00013360053440214514,0.46684040472936406,0.4643193668320016,0.002521037897362466
Random Forest,volume_and_range,0.2,28,13575349353978369076,0.7033132530120482,0.7048192771084337,-0.001506024096385561,0.6200582984150118,0.6200461529118844,1.2145503127447554e-05,0.41208791208791207,0.41388888888888886,-0.0018009768009767946,0.45454545454545453,0.45151515151515154,0.0030303030303029943,0.4322766570605187,0.4318840579710145,0.00039259908950423084,0.7141100382583349,0.7149207505920934,-0.000810712333758512,0.4534410905413171,0.4577916802263173,-0.0043505896850001835
Logistic Regression,volume_and_range,0.2,29,1451678788618065231,0.6927710843373494,0.6935240963855421,-0.0007530120481927804,0.6536102508046395,0.6591820003643651,-0.005571749559725614,0.4148471615720524,0.41755888650963596,-0.0027117249375835373,0.5757575757575758,0.5909090909090909,-0.015151515151515138,0.48223350253807107,0.4893350062735257,-0.007101503735454651,0.7425669520859902,0.7416226392178296,0.0009443128681606572,0.46684040472936406,0.4648343187620308,0.00200608596733326
Random Forest,volume_and_range,0.2,29,1451678788618065231,0.7033132530120482,0.7033132530120482,0.0,0.6200582984150118,0.6190441489038683,0.0010141495111435361,0.41208791208791207,0.4116022099447514,0.0004857021431606823,0.45454545454545453,0.45151515151515154,0.0030303030303029943,0.4322766570605187,0.430635838150289,0.0016408189102297133,0.7141100382583349,0.7131566162628287,0.0009534219955061873,0.4534410905413171,0.45126500537040465,0.002176085170912445
Logistic Regression,volume_and_range,0.5,0,13242870994529037759,0.6927710843373494,0.6912650602409639,0.0015060240963854499,0.6536102508046395,0.6515940972854801,0.0020161535191594027,0.4148471615720524,0.4126637554585153,0.002183406113537123,0.5757575757575758,0.5727272727272728,0.00303030303030305,0.48223350253807107,0.4796954314720812,0.0025380710659898553,0.7425669520859902,0.7408605088965811,0.001706443189409157,0.46684040472936406,0.46542611538613354,0.0014142893432305126
Random Forest,volume_and_range,0.5,0,13242870994529037759,0.7033132530120482,0.7055722891566265,-0.0022590361445783413,0.6200582984150118,0.6195330054047489,0.0005252930102629394,0.41208791208791207,0.41456582633053224,-0.0024779142426201717,0.45454545454545453,0.4484848484848485,0.006060606060606044,0.4322766570605187,0.43085880640465796,0.0014178506558607529,0.7141100382583349,0.7090787635877817,0.0050312746705531985,0.4534410905413171,0.45207140534083656,0.0013696852004805304
Logistic Regression,volume_and_range,0.5,1,16305470112524662479,0.6927710843373494,0.6987951807228916,-0.006024096385542244,0.6536102508046395,0.6576182668367037,-0.004008016032064132,0.4148471615720524,0.4222222222222222,-0.007375060650169796,0.5757575757575758,0.5757575757575758,0.0,0.48223350253807107,0.48717948717948717,-0.004945984641416101,0.7425669520859902,0.7302635574178661,0.012303394668124135,0.46684040472936406,0.4551521538964045,0.011688250832959546
Random Forest,volume_and_range,0.5,1,16305470112524662479,0.7033132530120482,0.7063253012048193,-0.003012048192771122,0.6200582984150118,0.6159774093641829,0.004080889050828929,0.41208791208791207,0.41379310344827586,-0.0017051913603637892,0.45454545454545453,0.43636363636363634,0.018181818181818188,0.4322766570605187,0.4247787610619469,0.007497895998571813,0.7141100382583349,0.7072053197303698,0.006904718527965037,0.4534410905413171,0.4414866114803719,0.011954479060945211
Logistic Regression,volume_and_range,0.5,2,10854246080297607290,0.6927710843373494,0.6912650602409639,0.0015060240963854499,0.6536102508046395,0.6465233497297626,0.007086901074876972,0.4148471615720524,0.4107142857142857,0.004132875857766727,0.5757575757575758,0.5575757575757576,0.018181818181818188,0.48223350253807107,0.4730077120822622,0.009225790455808847,0.7425669520859902,0.7316268901439241,0.010940061942066093,0.46684040472936406,0.45985910964070614,0.006981295088657913
Random Forest,volume_and_range,0.5,2,10854246080297607290,0.7033132530120482,0.7055722891566265,-0.0022590361445783413,0.6200582984150118,0.6164905568713184,0.0035677415436934368,0.41208791208791207,0.4131054131054131,-0.0010175010175010324,0.45454545454545453,0.4393939393939394,0.015151515151515138,0.4322766570605187,0.42584434654919234,0.006432310511326367,0.7141100382583349,0.7082771603813689,0.005832877876965958,0.4534410905413171,0.44472506181102767,0.008716028730289427
Logistic Regression,volume_and_range,0.5,3,9772284604885921207,0.6927710843373494,0.7048192771084337,-0.012048192771084376,0.6536102508046395,0.6666970304244854,-0.013086779619845834,0.4148471615720524,0.4314159292035398,-0.016568767631487402,0.5757575757575758,0.5909090909090909,-0.015151515151515138,0.48223350253807107,0.49872122762148335,-0.016487725083412286,0.7425669520859902,0.7431134997267261,-0.0005465476407359171,0.46684040472936406,0.4732895212036231,-0.006449116474259053
Random Forest,volume_and_range,0.5,3,9772284604885921207,0.7033132530120482,0.7161144578313253,-0.012801204819277157,0.6200582984150118,0.6285753324831481,-0.008517034068136309,0.41208791208791207,0.4322766570605187,-0.020188744972606643,0.45454545454545453,0.45454545454545453,0.0,0.4322766570605187,0.4431314623338257,-0.010854805273307011,0.7141100382583349,0.7149754053561669,-0.000865367097832026,0.4534410905413171,0.45431521199435365,-0.0008741214530365582
Logistic Regression,volume_and_range,0.5,4,6286791850743176369,0.6927710843373494,0.7010542168674698,-0.008283132530120474,0.6536102508046395,0.6621637213821583,-0.008553470577518762,0.4148471615720524,0.4260485651214128,-0.01120140354936039,0.5757575757575758,0.5848484848484848,-0.009090909090909038,0.48223350253807107,0.4929757343550447,-0.010742231816973646,0.7425669520859902,0.7444130685613651,-0.0018461164753749149,0.46684040472936406,0.47073417301128645,-0.003893768281922394
Random Forest,volume_and_range,0.5,4,6286791850743176369,0.7033132530120482,0.7070783132530121,-0.0037650602409639022,0.6200582984150118,0.6154642618570474,0.0045940365579644205,0.41208791208791207,0.4144927536231884,-0.002404841535276314,0.45454545454545453,0.43333333333333335,0.021212121212121182,0.4322766570605187,0.4237037037037037,0.008572953356815016,0.7141100382583349,0.7167122123033948,-0.002602174045059913,0.4534410905413171,0.4595212610764832,-0.0060801705351661295
Logistic Regression,volume_and_range,0.5,5,5361398034748390950,0.6927710843373494,0.7003012048192772,-0.0075301204819278045,0.6536102508046395,0.6687617659561547,-0.015151515151515138,0.4148471615720524,0.42735042735042733,-0.012503265778374906,0.5757575757575758,0.6060606060606061,-0.030303030303030276,0.48223350253807107,0.5012531328320802,-0.019019630294009104,0.7425669520859902,0.739424303151758,0.0031426489342322173,0.46684040472936406,0.4686857826559466,-0.0018453779265825698
Random Forest,volume_and_range,0.5,5,5361398034748390950,0.7033132530120482,0.7078313253012049,-0.004518072289156683,0.6200582984150118,0.621036011416773,-0.0009777130017611935,0.41208791208791207,0.4180790960451977,-0.005991183957285651,0.45454545454545453,0.4484848484848485,0.006060606060606044,0.4322766570605187,0.4327485380116959,-0.00047188095117717266,0.7141100382583349,0.7082771603813688,0.005832877876966069,0.4534410905413171,0.45683325746452,-0.0033921669232029328
Logistic Regression,volume_and_range,0.5,6,17894520491988779616,0.6927710843373494,0.7003012048192772,-0.0075301204819278045,0.6536102508046395,0.6636910184004372,-0.01008076759579768,0.4148471615720524,0.425764192139738,-0.01091703056768556,0.5757575757575758,0.5909090909090909,-0.015151515151515138,0.48223350253807107,0.4949238578680203,-0.012690355329949221,0.7425669520859902,0.733594461650574,0.008972490435416258,0.46684040472936406,0.46431510008615234,0.002525304643211712
Random Forest,volume_and_range,0.5,6,17894520491988779616,0.7033132530120482,0.704066265060241,-0.0007530120481927804,0.6200582984150118,0.6144744033521589,0.0055838950628529505,0.41208791208791207,0.41025641025641024,0.001831501831501825,0.45454545454545453,0.43636363636363634,0.018181818181818188,0.4322766570605187,0.42290748898678415,0.009369168073734557,0.7141100382583349,0.7030242302787393,0.011085807979595574,0.4534410905413171,0.4509922771001335,0.002448813441183584
Logistic Regression,volume_and_range,0.5,7,15206501643063733733,0.6927710843373494,0.7048192771084337,-0.012048192771084376,0.6536102508046395,0.6606121333576244,-0.007001882552984839,0.4148471615720524,0.42954545454545456,-0.014698292973402138,0.5757575757575758,0.5727272727272728,0.00303030303030305,0.48223350253807107,0.4909090909090909,-0.008675588371019838,0.7425669520859902,0.7378089512358049,0.0047580008501852955,0.46684040472936406,0.4644139474978682,0.002426457231495871
Random Forest,volume_and_range,0.5,7,15206501643063733733,0.7033132530120482,0.7153614457831325,-0.012048192771084376,0.6200582984150118,0.6260460314568531,-0.005987733041841303,0.41208791208791207,0.43023255813953487,-0.018144646051622804,0.45454545454545453,0.4484848484848485,0.006060606060606044,0.4322766570605187,0.4391691394658754,-0.00689248240535667,0.7141100382583349,0.710575696848242,0.0035343414100929005,0.4534410905413171,0.4530268753478184,0.0004142151934987126
Logistic Regression,volume_and_range,0.5,8,3606315309022896103,0.6927710843373494,0.6875,0.005271084337349352,0.6536102508046395,0.6470607882431529,0.006549462561486585,0.4148471615720524,0.4074074074074074,0.0074397541646450405,0.5757575757575758,0.5666666666666667,0.00909090909090915,0.48223350253807107,0.4740177439797212,0.008215758558349884,0.7425669520859902,0.7387897006133479,0.0037772514726422957,0.46684040472936406,0.4621237868314456,0.00471661789791844
Random Forest,volume_and_range,0.5,8,3606315309022896103,0.7033132530120482,0.7161144578313253,-0.012801204819277157,0.6200582984150118,0.6255328839497176,-0.0054745855347058114,0.41208791208791207,0.4310850439882698,-0.018997131900357733,0.45454545454545453,0.44545454545454544,0.009090909090909094,0.4322766570605187,0.43815201192250375,-0.005875354861985038,0.7141100382583349,0.7052013117143378,0.008908726543997103,0.4534410905413171,0.4465610359592481,0.006880054582068973
Logistic Regression,volume_and_range,0.5,9,10165498468531801102,0.6927710843373494,0.7010542168674698,-0.008283132530120474,0.6536102508046395,0.6662203194267322,-0.012610068622092685,0.4148471615720524,0.42733188720173537,-0.012484725629682947,0.5757575757575758,0.5969696969696969,-0.021212121212121127,0.48223350253807107,0.49810366624525915,-0.01587016370718808,0.7425669520859902,0.7382279710937026,0.004338980992287578,0.46684040472936406,0.4589610456219873,0.007879359107376749
Random Forest,volume_and_range,0.5,9,10165498468531801102,0.7033132530120482,0.7078313253012049,-0.004518072289156683,0.6200582984150118,0.6240784599502034,-0.00402016153519158,0.41208791208791207,0.41944444444444445,-0.007356532356532386,0.45454545454545453,0.4575757575757576,-0.00303030303030305,0.4322766570605187,0.43768115942028984,-0.005404502359771135,0.7141100382583349,0.707885467905508,0.006224570352826864,0.4534410905413171,0.44359429791526206,0.009846792626055034
Logistic Regression,volume_and_range,0.5,10,2315695624988187753,0.6927710843373494,0.6957831325301205,-0.003012048192771122,0.6536102508046395,0.6616991558875327,-0.008088905082893172,0.4148471615720524,0.4206008583690987,-0.005753696797046293,0.5757575757575758,0.593939393939394,-0.018181818181818188,0.48223350253807107,0.49246231155778897,-0.0102288090197179,0.7425669520859902,0.7390326106758973,0.0035343414100929005,0.46684040472936406,0.46474644478639093,0.0020939599429731226
Random Forest,volume_and_range,0.5,10,2315695624988187753,0.7033132530120482,0.7183734939759037,-0.015060240963855498,0.6200582984150118,0.6229792919171677,-0.002920993502155911,0.41208791208791207,0.43333333333333335,-0.02124542124542128,0.45454545454545453,0.43333333333333335,0.021212121212121182,0.4322766570605187,0.43333333333333335,-0.0010566762728146384,0.7141100382583349,0.7115928827351673,0.002517155523167558,0.4534410905413171,0.4531835559933437,0.0002575345479733926
Logistic Regression,volume_and_range,0.5,11,8856349212027636181,0.6927710843373494,0.6957831325301205,-0.003012048192771122,0.6536102508046395,0.6596708568652456,-0.0060606060606061,0.4148471615720524,0.4199134199134199,-0.00506625834136748,0.5757575757575758,0.5878787878787879,-0.012121212121212088,0.48223350253807107,0.4898989898989899,-0.007665487360918821,0.7425669520859902,0.7382917349851218,0.0042752171008684225,0.46684040472936406,0.46382976472991194,0.003010639999452114
Random Forest,volume_and_range,0.5,11,8856349212027636181,0.7033132530120482,0.7055722891566265,-0.0022590361445783413,0.6200582984150118,0.6134481083378879,0.006610190077123934,0.41208791208791207,0.4115942028985507,0.0004937091893613688,0.45454545454545453,0.4303030303030303,0.024242424242424232,0.4322766570605187,0.42074074074074075,0.011535916319777961,0.7141100382583349,0.7088479990283597,0.005262039229975146,0.4534410905413171,0.4410340460858402,0.012407044455476912
Logistic Regression,volume_and_range,0.5,12,8193664115443636837,0.6927710843373494,0.6957831325301205,-0.003012048192771122,0.6536102508046395,0.6576425578429586,-0.004032307038319027,0.4148471615720524,0.4192139737991266,-0.0043668122270741905,0.5757575757575758,0.5818181818181818,-0.006060606060605989,0.48223350253807107,0.4873096446700508,-0.005076142131979711,0.7425669520859902,0.7293799720653429,0.013186980020647332,0.46684040472936406,0.4586178306693213,0.008222574060042731
Random Forest,volume_and_range,0.5,12,8193664115443636837,0.7033132530120482,0.7085843373493976,-0.005271084337349463,0.6200582984150118,0.6215370134207809,-0.0014787150057691267,0.41208791208791207,0.4192634560906516,-0.007175544002739509,0.45454545454545453,0.4484848484848485,0.006060606060606044,0.4322766570605187,0.4333821376281113,-0.001105480567592576,0.7141100382583349,0.7090423270783992,0.005067711179935652,0.4534410905413171,0.45326164585247536,0.00017944468884173448
Logistic Regression,volume_and_range,0.5,13,6571057988578571494,0.6927710843373494,0.6965361445783133,-0.0037650602409639022,0.6536102508046395,0.6601718588692537,-0.006561608064614144,0.4148471615720524,0.420824295010846,-0.00597713343879358,0.5757575757575758,0.5878787878787879,-0.012121212121212088,0.48223350253807107,0.49051833122629585,-0.008284828688224777,0.7425669520859902,0.7404171980324284,0.00214975405356177,0.46684040472936406,0.4618931915061449,0.004947213223219171
Random Forest,volume_and_range,0.5,13,6571057988578571494,0.7033132530120482,0.7108433734939759,-0.0075301204819276935,0.6200582984150118,0.623040019432805,-0.0029817210177931486,0.41208791208791207,0.4228571428571429,-0.010769230769230809,0.45454545454545453,0.4484848484848485,0.006060606060606044,0.4322766570605187,0.43529411764705883,-0.0030174605865401216,0.7141100382583349,0.7067437906115261,0.00736624764680871,0.4534410905413171,0.4545939358574395,-0.0011528453161224195
Logistic Regression,volume_and_range,0.5,14,13229226699206908013,0.6927710843373494,0.6927710843373494,0.0,0.6536102508046395,0.6607092973826441,-0.007099046578004531,0.4148471615720524,0.4173728813559322,-0.0025257197838797762,0.5757575757575758,0.5969696969696969,-0.021212121212121127,0.48223350253807107,0.4912718204488778,-0.009038317910806726,0.7425669520859902,0.7350185218922693,0.0075484301937208675,0.46684040472936406,0.4583229450051509,0.008517459724213139
Random Forest,volume_and_range,0.5,14,13229226699206908013,0.7033132530120482,0.7078313253012049,-0.004518072289156683,0.6200582984150118,0.621036011416773,-0.0009777130017611935,0.41208791208791207,0.4180790960451977,-0.005991183957285651,0.45454545454545453,0.4484848484848485,0.006060606060606044,0.4322766570605187,0.4327485380116959,-0.00047188095117717266,0.7141100382583349,0.7069867006740754,0.007123337584259426,0.4534410905413171,0.4469120695051416,0.006529021036175475
Logistic Regression,volume_and_range,0.5,15,14925348087921888740,0.6927710843373494,0.6912650602409639,0.0015060240963854499,0.6536102508046395,0.6526082467966235,0.0010020040080159776,0.4148471615720524,0.41304347826086957,0.0018036833111828576,0.5757575757575758,0.5757575757575758,0.0,0.48223350253807107,0.4810126582278481,0.0012208443102229571,0.7425669520859902,0.7366308374324406,0.005936114653549596,0.46684040472936406,0.46390275955496796,0.0029376451743960974
Random Forest,volume_and_range,0.5,15,14925348087921888740,0.7033132530120482,0.7078313253012049,-0.004518072289156683,0.6200582984150118,0.6220501609279164,-0.0019918625129046186,0.41208791208791207,0.41853932584269665,-0.006451413754784585,0.45454545454545453,0.45151515151515154,0.0030303030303029943,0.4322766570605187,0.43440233236151604,-0.0021256753009973317,0.7141100382583349,0.7113256816663631,0.0027843565919717372,0.4534410905413171,0.4528046814625717,0.0006364090787454035
Logistic Regression,volume_and_range,0.5,16,14268562580242066340,0.6927710843373494,0.6905120481927711,0.0022590361445782303,0.6536102508046395,0.6521072447926155,0.0015030060120240218,0.4148471615720524,0.4121475054229935,0.0026996561490589266,0.5757575757575758,0.5757575757575758,0.0,0.48223350253807107,0.4804045512010114,0.001828951337059681,0.7425669520859902,0.7392907026173559,0.0032762494686343624,0.46684040472936406,0.4666983972787987,0.00014200745056536235
Random Forest,volume_and_range,0.5,16,14268562580242066340,0.7033132530120482,0.7085843373493976,-0.005271084337349463,0.6200582984150118,0.6225511629319245,-0.002492864516912663,0.41208791208791207,0.4197183098591549,-0.007630397771242858,0.45454545454545453,0.45151515151515154,0.0030303030303029943,0.4322766570605187,0.43503649635036495,-0.0027598392898462443,0.7141100382583349,0.7135543814902532,0.0005556567680816693,0.4534410905413171,0.45695996419263507,-0.0035188736513179775
Logistic Regression,volume_and_range,0.5,17,17194164599430348115,0.6927710843373494,0.6935240963855421,-0.0007530120481927804,0.6536102508046395,0.6571537013420781,-0.0035434505374385417,0.4148471615720524,0.4168466522678186,-0.0019994906957661596,0.5757575757575758,0.5848484848484848,-0.009090909090909038,0.48223350253807107,0.48675914249684743,-0.004525639958776362,0.7425669520859902,0.7371743486973948,0.005392603388595374,0.46684040472936406,0.46333181340093654,0.0035085913284275128
Random Forest,volume_and_range,0.5,17,17194164599430348115,0.7033132530120482,0.7146084337349398,-0.011295180722891596,0.6200582984150118,0.6296016274974191,-0.009543329082407292,0.41208791208791207,0.43059490084985835,-0.018506988761946286,0.45454545454545453,0.46060606060606063,-0.0060606060606061,0.4322766570605187,0.445095168374817,-0.012818511314298286,0.7141100382583349,0.7061608064614076,0.007949231796927303,0.4534410905413171,0.45583552084892476,-0.0023944303076076645
Logistic Regression,volume_and_range,0.5,18,16368626280972445913,0.6927710843373494,0.6890060240963856,0.003765060240963791,0.6536102508046395,0.65414768931803,-0.000537438513390498,0.4148471615720524,0.4115138592750533,0.00333330229699913,0.5757575757575758,0.5848484848484848,-0.009090909090909038,0.48223350253807107,0.4831038798498123,-0.0008703773117412217,0.7425669520859902,0.7399829962956215,0.0025839557903687416,0.46684040472936406,0.4664856993578152,0.00035470537154885795
Random Forest,volume_and_range,0.5,18,16368626280972445913,0.7033132530120482,0.7115963855421686,-0.008283132530120474,0.6200582984150118,0.6245551709479565,-0.004496872532944729,0.41208791208791207,0.42450142450142453,-0.012413512413512462,0.45454545454545453,0.45151515151515154,0.0030303030303029943,0.4322766570605187,0.43759177679882527,-0.005315119738306562,0.7141100382583349,0.7107275156373353,0.003382522620999584,0.4534410905413171,0.45222348465481954,0.0012176058864975525
Logistic Regression,volume_and_range,0.5,19,8876756896281741980,0.6927710843373494,0.6957831325301205,-0.003012048192771122,0.6536102508046395,0.6596708568652456,-0.0060606060606061,0.4148471615720524,0.4199134199134199,-0.00506625834136748,0.5757575757575758,0.5878787878787879,-0.012121212121212088,0.48223350253807107,0.4898989898989899,-0.007665487360918821,0.7425669520859902,0.7386166271937815,0.003950324892208701,0.46684040472936406,0.4568557101897059,0.009984694539658168
Random Forest,volume_and_range,0.5,19,8876756896281741980,0.7033132530120482,0.7093373493975904,-0.006024096385542244,0.6200582984150118,0.6240663144470759,-0.004008016032064132,0.41208791208791207,0.42134831460674155,-0.00926040251882948,0.45454545454545453,0.45454545454545453,0.0,0.4322766570605187,0.43731778425655976,-0.005041127196041051,0.7141100382583349,0.7078125948867432,0.00629744337159166,0.4534410905413171,0.4450965809474075,0.008344509593909588
Logistic Regression,volume_and_range,0.5,20,263795069435323825,0.6927710843373494,0.6957831325301205,-0.003012048192771122,0.6536102508046395,0.6525718102872411,0.0010384405173984312,0.4148471615720524,0.4174107142857143,-0.0025635527136618763,0.5757575757575758,0.5666666666666667,0.00909090909090915,0.48223350253807107,0.480719794344473,0.0015137081935980845,0.7425669520859902,0.7324193842229915,0.010147567862998752,0.46684040472936406,0.4594860714528351,0.007354333276528957
Random Forest,volume_and_range,0.5,20,263795069435323825,0.7033132530120482,0.7055722891566265,-0.0022590361445783413,0.6200582984150118,0.6175047063824619,0.0025535920325499006,0.41208791208791207,0.41359773371104813,-0.001509821623136065,0.45454545454545453,0.44242424242424244,0.012121212121212088,0.4322766570605187,0.42752562225475843,0.004751034805760279,0.7141100382583349,0.70779134025627,0.00631869800206486,0.4534410905413171,0.4586695291093509,-0.005228438568033789
Logistic Regression,volume_and_range,0.5,21,18067592454590017038,0.6927710843373494,0.6935240963855421,-0.0007530120481927804,0.6536102508046395,0.655125402319791,-0.0015151515151514694,0.4148471615720524,0.41612200435729846,-0.0012748427852460331,0.5757575757575758,0.5787878787878787,-0.003030303030302939,0.48223350253807107,0.4841571609632446,-0.0019236584251735578,0.7425669520859902,0.7374992409060545,0.005067711179935763,0.46684040472936406,0.46114914360094456,0.0056912611284195
Random Forest,volume_and_range,0.5,21,18067592454590017038,0.7033132530120482,0.7123493975903614,-0.009036144578313254,0.6200582984150118,0.624042023440821,-0.003983725025809237,0.41208791208791207,0.42528735632183906,-0.013199444233926994,0.45454545454545453,0.4484848484848485,0.006060606060606044,0.4322766570605187,0.4365781710914454,-0.004301514030926712,0.7141100382583349,0.715588753264104,-0.0014787150057691267,0.4534410905413171,0.45755418012155125,-0.004113089580234153
Logistic Regression,volume_and_range,0.5,22,8016874515679590361,0.6927710843373494,0.6950301204819277,-0.0022590361445783413,0.6536102508046395,0.6642406024169552,-0.010630351612315625,0.4148471615720524,0.42071881606765327,-0.005871654495600842,0.5757575757575758,0.603030303030303,-0.027272727272727226,0.48223350253807107,0.49564134495641343,-0.013407842418342364,0.7425669520859902,0.735571142284569,0.006995809801421227,0.46684040472936406,0.4602627875335272,0.006577617195836882
Random Forest,volume_and_range,0.5,22,8016874515679590361,0.7033132530120482,0.7153614457831325,-0.012048192771084376,0.6200582984150118,0.6290884799902836,-0.0090301815752718,0.41208791208791207,0.43142857142857144,-0.019340659340659372,0.45454545454545453,0.4575757575757576,-0.00303030303030305,0.4322766570605187,0.4441176470588235,-0.011840989998304796,0.7141100382583349,0.7073176656342989,0.0067923726240359805,0.4534410905413171,0.44954287084108435,0.0038982197002327412
Logistic Regression,volume_and_range,0.5,23,16978422693724429052,0.6927710843373494,0.697289156626506,-0.004518072289156683,0.6536102508046395,0.6606728608732617,-0.007062610068622188,0.4148471615720524,0.4217391304347826,-0.006891968862730191,0.5757575757575758,0.5878787878787879,-0.012121212121212088,0.48223350253807107,0.4911392405063291,-0.008905737968258054,0.7425669520859902,0.7333910244731888,0.009175927612801393,0.46684040472936406,0.4600273070677513,0.006813097661612755
Random Forest,volume_and_range,0.5,23,16978422693724429052,0.7033132530120482,0.7100903614457831,-0.006777108433734913,0.6200582984150118,0.6174682698730796,0.0025900285419322433,0.41208791208791207,0.41935483870967744,-0.007266926621765368,0.45454545454545453,0.43333333333333335,0.021212121212121182,0.4322766570605187,0.4262295081967213,0.006047148863797425,0.7141100382583349,0.7033521588631809,0.010757879395153935,0.4534410905413171,0.4469686005177086,0.0064724900236085015
Logistic Regression,volume_and_range,0.5,24,18389927497522692178,0.6927710843373494,0.6935240963855421,-0.0007530120481927804,0.6536102508046395,0.6530971032975041,0.0005131475071353808,0.4148471615720524,0.4153846153846154,-0.0005374538125629824,0.5757575757575758,0.5727272727272728,0.00303030303030305,0.48223350253807107,0.48152866242038217,0.0007048401176888985,0.7425669520859902,0.738601445314872,0.003965506771118177,0.46684040472936406,0.4626139912629482,0.004226413466415835
Random Forest,volume_and_range,0.5,24,18389927497522692178,0.7033132530120482,0.7146084337349398,-0.011295180722891596,0.6200582984150118,0.6255450294528451,-0.005486731037833259,0.41208791208791207,0.4289855072463768,-0.01689759515846473,0.45454545454545453,0.4484848484848485,0.006060606060606044,0.4322766570605187,0.43851851851851853,-0.00624186145799982,0.7141100382583349,0.712758851035404,0.0013511872229308164,0.4534410905413171,0.4543862998479203,-0.0009452093066031897
Logistic Regression,volume_and_range,0.5,25,3204752304221290215,0.6927710843373494,0.6965361445783133,-0.0037650602409639022,0.6536102508046395,0.6571294103358232,-0.0035191595311836465,0.4148471615720524,0.4197802197802198,-0.004933058208167362,0.5757575757575758,0.5787878787878787,-0.003030303030302939,0.48223350253807107,0.48662420382165605,-0.004390701283584986,0.7425669520859902,0.7323556203315722,0.010211331754418018,0.46684040472936406,0.4568111777924472,0.01002922693691688
Random Forest,volume_and_range,0.5,25,3204752304221290215,0.7033132530120482,0.7108433734939759,-0.0075301204819276935,0.6200582984150118,0.623040019432805,-0.0029817210177931486,0.41208791208791207,0.4228571428571429,-0.010769230769230809,0.45454545454545453,0.4484848484848485,0.006060606060606044,0.4322766570605187,0.43529411764705883,-0.0030174605865401216,0.7141100382583349,0.7014270966174774,0.012682941640857481,0.4534410905413171,0.44067189662354544,0.012769193917771648
Logistic Regression,volume_and_range,0.5,26,14954798246996302131,0.6927710843373494,0.6950301204819277,-0.0022590361445783413,0.6536102508046395,0.6581557053500942,-0.00454545454545463,0.4148471615720524,0.41865509761388287,-0.0038079360418304398,0.5757575757575758,0.5848484848484848,-0.009090909090909038,0.48223350253807107,0.4879898862199747,-0.005756383681903621,0.7425669520859902,0.735850488856501,0.006716463229489267,0.46684040472936406,0.4617566041163609,0.005083800613003175
Random Forest,volume_and_range,0.5,26,14954798246996302131,0.7033132530120482,0.7070783132530121,-0.0037650602409639022,0.6200582984150118,0.6174925608793345,0.002565737535677348,0.41208791208791207,0.4154727793696275,-0.0033848672817154424,0.45454545454545453,0.4393939393939394,0.015151515151515138,0.4322766570605187,0.4270986745213549,0.005177982539163795,0.7141100382583349,0.7091698548612375,0.004940183397097342,0.4534410905413171,0.4562230003360329,-0.00278190979471582
Logistic Regression,volume_and_range,0.5,27,5050423831891135450,0.6927710843373494,0.6950301204819277,-0.0022590361445783413,0.6536102508046395,0.6510566587720896,0.0025535920325499006,0.4148471615720524,0.4161073825503356,-0.0012602209782831553,0.5757575757575758,0.5636363636363636,0.0121212121212122,0.48223350253807107,0.47876447876447875,0.003469023773592317,0.7425669520859902,0.7372168579583409,0.0053500941276493075,0.46684040472936406,0.46174050229854247,0.00509990243082159
Random Forest,volume_and_range,0.5,27,5050423831891135450,0.7033132530120482,0.7078313253012049,-0.004518072289156683,0.6200582984150118,0.6190077123944859,0.0010505860205258788,0.41208791208791207,0.41714285714285715,-0.005054945054945081,0.45454545454545453,0.44242424242424244,0.012121212121212088,0.4322766570605187,0.4294117647058823,0.0028648923546363836,0.7141100382583349,0.7146839132811077,-0.0005738750227728406,0.4534410905413171,0.4541881784392143,-0.0007470878978971807
Logistic Regression,volume_and_range,0.5,28,5399305875892873146,0.6927710843373494,0.6905120481927711,0.0022590361445782303,0.6536102508046395,0.651093095281472,0.002517155523167558,0.4148471615720524,0.4117647058823529,0.0030824556896995037,0.5757575757575758,0.5727272727272728,0.00303030303030305,0.48223350253807107,0.4790874524714829,0.0031460500665881908,0.7425669520859902,0.7399769235440576,0.0025900285419325764,0.46684040472936406,0.4590963792275258,0.007744025501838281
Random Forest,volume_and_range,0.5,28,5399305875892873146,0.7033132530120482,0.7123493975903614,-0.009036144578313254,0.6200582984150118,0.6280986214853951,-0.00804032307038327,0.41208791208791207,0.42696629213483145,-0.014878380046919382,0.45454545454545453,0.46060606060606063,-0.0060606060606061,0.4322766570605187,0.44314868804664725,-0.010872030986128545,0.7141100382583349,0.7111951175077428,0.002914920750592076,0.4534410905413171,0.4514688464684348,0.0019722440728822677
Logistic Regression,volume_and_range,0.5,29,2661199184955790520,0.6927710843373494,0.6995481927710844,-0.006777108433735024,0.6536102508046395,0.6672466144410032,-0.013636363636363669,0.4148471615720524,0.4261241970021413,-0.0112770354300889,0.5757575757575758,0.603030303030303,-0.027272727272727226,0.48223350253807107,0.4993726474278545,-0.01713914488978341,0.7425669520859902,0.7372775854739784,0.005289366612011848,0.46684040472936406,0.4589124600696158,0.007927944659748276
Random Forest,volume_and_range,0.5,29,2661199184955790520,0.7033132530120482,0.7018072289156626,0.001506024096385561,0.6200582984150118,0.6139855468512783,0.006072751563733547,0.41208791208791207,0.40730337078651685,0.004784541301395218,0.45454545454545453,0.4393939393939394,0.015151515151515138,0.4322766570605187,0.4227405247813411,0.0095361322791776,0.7141100382583349,0.7076334487156131,0.006476589542721789,0.4534410905413171,0.44933897608786677,0.004102114453450323
Logistic Regression,volume_and_range,1.0,0,7702334913699640783,0.6927710843373494,0.6837349397590361,0.009036144578313254,0.6536102508046395,0.6496265257788304,0.003983725025809126,0.4148471615720524,0.4050632911392405,0.009783870432811925,0.5757575757575758,0.5818181818181818,-0.006060606060605989,0.48223350253807107,0.47761194029850745,0.004621562239563615,0.7425669520859902,0.7303485759397583,0.01221837614623189,0.46684040472936406,0.45720007822192527,0.00964032650743879
Random Forest,volume_and_range,1.0,0,7702334913699640783,0.7033132530120482,0.7010542168674698,0.0022590361445783413,0.6200582984150118,0.6104420963138397,0.009616202101172089,0.41208791208791207,0.4045584045584046,0.007529507529507484,0.45454545454545453,0.4303030303030303,0.024242424242424232,0.4322766570605187,0.4170337738619677,0.015242883198550994,0.7141100382583349,0.7002732738203679,0.013836764437966997,0.4534410905413171,0.44372318945034567,0.009717901090971426
Logistic Regression,volume_and_range,1.0,1,5646892752622188810,0.6927710843373494,0.6814759036144579,0.011295180722891485,0.6536102508046395,0.6389961741665149,0.01461407663812464,0.4148471615720524,0.39869281045751637,0.01615435111453606,0.5757575757575758,0.5545454545454546,0.021212121212121238,0.48223350253807107,0.46387832699619774,0.018355175541873325,0.7425669520859902,0.7129835428432624,0.029583409242727843,0.46684040472936406,0.43756579835165643,0.029274606377707624
Random Forest,volume_and_range,1.0,1,5646892752622188810,0.7033132530120482,0.7108433734939759,-0.0075301204819276935,0.6200582984150118,0.6098560757879395,0.010202222627072266,0.41208791208791207,0.4166666666666667,-0.004578754578754618,0.45454545454545453,0.4090909090909091,0.045454545454545414,0.4322766570605187,0.41284403669724773,0.01943262036327098,0.7141100382583349,0.7014938968846784,0.012616141373656409,0.4534410905413171,0.4294522158159262,0.023988874725390907
Logistic Regression,volume_and_range,1.0,2,3502902815991932105,0.6927710843373494,0.6784638554216867,0.014307228915662606,0.6536102508046395,0.6390204651727698,0.014589785631869745,0.4148471615720524,0.3961456102783726,0.01870155129367984,0.5757575757575758,0.5606060606060606,0.015151515151515249,0.48223350253807107,0.4642409033877039,0.01799259915036716,0.7425669520859902,0.7166393392846299,0.025927612801360356,0.46684040472936406,0.44576024550351745,0.021080159225846606
Random Forest,volume_and_range,1.0,2,3502902815991932105,0.7033132530120482,0.7003012048192772,0.0030120481927710108,0.6200582984150118,0.6058844962652578,0.014173802149754056,0.41208791208791207,0.4011627906976744,0.010925121390237658,0.45454545454545453,0.41818181818181815,0.036363636363636376,0.4322766570605187,0.4094955489614243,0.022781108099094394,0.7141100382583349,0.7002672010688042,0.01384283718953061,0.4534410905413171,0.4291546199823254,0.02428647055899169
Logistic Regression,volume_and_range,1.0,3,3599805278713363234,0.6927710843373494,0.6957831325301205,-0.003012048192771122,0.6536102508046395,0.6647416044209631,-0.011131353616323558,0.4148471615720524,0.4216101694915254,-0.006763007919472985,0.5757575757575758,0.603030303030303,-0.027272727272727226,0.48223350253807107,0.49625935162094764,-0.014025849082876574,0.7425669520859902,0.7345387745187345,0.008028177567255712,0.46684040472936406,0.4683224174443536,-0.0014820127149895446
Random Forest,volume_and_range,1.0,3,3599805278713363234,0.7033132530120482,0.7228915662650602,-0.01957831325301207,0.6200582984150118,0.6330843505192203,-0.013026052104208485,0.41208791208791207,0.4437869822485207,-0.03169907016060863,0.45454545454545453,0.45454545454545453,0.0,0.4322766570605187,0.4491017964071856,-0.016825139346666906,0.7141100382583349,0.7118175745430254,0.002292463715309445,0.4534410905413171,0.4495960270942498,0.0038450634470673095
Logistic Regression,volume_and_range,1.0,4,12962538153453348871,0.6927710843373494,0.6859939759036144,0.006777108433734913,0.6536102508046395,0.6551861298354285,-0.0015758790307889292,0.4148471615720524,0.4091858037578288,0.005661357814223611,0.5757575757575758,0.593939393939394,-0.018181818181818188,0.48223350253807107,0.484548825710754,-0.0023153231726829593,0.7425669520859902,0.7375781866763831,0.004988765409607132,0.46684040472936406,0.46673493186979176,0.00010547285957229757
Random Forest,volume_and_range,1.0,4,12962538153453348871,0.7033132530120482,0.7115963855421686,-0.008283132530120474,0.6200582984150118,0.6164419748588086,0.003616323556203227,0.41208791208791207,0.4208955223880597,-0.00880761030014765,0.45454545454545453,0.42727272727272725,0.027272727272727282,0.4322766570605187,0.42406015037593986,0.00821650668457885,0.7141100382583349,0.7146110402623428,-0.0005010020040079333,0.4534410905413171,0.4561624029496101,-0.0027213124082929863
Logistic Regression,volume_and_range,1.0,5,17666322632904172825,0.6927710843373494,0.6807228915662651,0.012048192771084265,0.6536102508046395,0.6537074148296593,-9.716402501980248e-05,0.4148471615720524,0.40408163265306124,0.010765528918991185,0.5757575757575758,0.6,-0.024242424242424176,0.48223350253807107,0.48292682926829267,-0.0006933267302215995,0.7425669520859902,0.7273911459282201,0.015175806157770144,0.46684040472936406,0.4646065149055799,0.002233889823784141
Random Forest,volume_and_range,1.0,5,17666322632904172825,0.7033132530120482,0.7131024096385542,-0.009789156626506035,0.6200582984150118,0.618458128377968,0.0016001700370438243,0.41208791208791207,0.42388059701492536,-0.011792684927013297,0.45454545454545453,0.4303030303030303,0.024242424242424232,0.4322766570605187,0.4270676691729323,0.0052089878875863915,0.7141100382583349,0.7049553652760066,0.009154672982328305,0.4534410905413171,0.4537096494250994,-0.0002685588837822994
Logistic Regression,volume_and_range,1.0,6,13652009343355916637,0.6927710843373494,0.6844879518072289,0.008283132530120474,0.6536102508046395,0.6521558268051254,0.0014544239995141206,0.4148471615720524,0.40670859538784065,0.00813856618421177,0.5757575757575758,0.5878787878787879,-0.012121212121212088,0.48223350253807107,0.48079306071871125,0.0014404418193598167,0.7425669520859902,0.7180087447622518,0.024558207323738368,0.46684040472936406,0.45200346386886425,0.014836940860499803
Random Forest,volume_and_range,1.0,6,13652009343355916637,0.7033132530120482,0.7003012048192772,0.0030120481927710108,0.6200582984150118,0.6038561972429708,0.016202101172041017,0.41208791208791207,0.4,0.012087912087912045,0.45454545454545453,0.4121212121212121,0.04242424242424242,0.4322766570605187,0.4059701492537313,0.026306507806787394,0.7141100382583349,0.6934444646869496,0.02066557357138521,0.4534410905413171,0.44519832031312084,0.00824277022819625
Logistic Regression,volume_and_range,1.0,7,8810444054893402799,0.6927710843373494,0.6987951807228916,-0.006024096385542244,0.6536102508046395,0.6545758183032733,-0.0009655674986337459,0.4148471615720524,0.42117117117117114,-0.006324009599118718,0.5757575757575758,0.5666666666666667,0.00909090909090915,0.48223350253807107,0.48320413436692505,-0.000970631828853985,0.7425669520859902,0.7233618752656829,0.019205076820307365,0.46684040472936406,0.45341455616818016,0.013425848561183895
Random Forest,volume_and_range,1.0,7,8810444054893402799,0.7033132530120482,0.7153614457831325,-0.012048192771084376,0.6200582984150118,0.6189469848788486,0.0011113135361632276,0.41208791208791207,0.42727272727272725,-0.015184815184815181,0.45454545454545453,0.42727272727272725,0.027272727272727282,0.4322766570605187,0.42727272727272725,0.005003929787791461,0.7141100382583349,0.7036649055687132,0.010445132689621661,0.4534410905413171,0.4443018716509102,0.00913921889040692
Logistic Regression,volume_and_range,1.0,8,14135593973569845035,0.6927710843373494,0.6829819277108434,0.009789156626505924,0.6536102508046395,0.6481113742636788,0.0054988765409607065,0.4148471615720524,0.40380549682875266,0.011041664743299762,0.5757575757575758,0.5787878787878787,-0.003030303030302939,0.48223350253807107,0.47571606475716066,0.006517437780910407,0.7425669520859902,0.7280105665877209,0.01455638549826932,0.46684040472936406,0.4529006979648663,0.013939706764497739
Random Forest,volume_and_range,1.0,8,14135593973569845035,0.7033132530120482,0.7085843373493976,-0.005271084337349463,0.6200582984150118,0.6124096678204894,0.007648630594522365,0.41208791208791207,0.41492537313432837,-0.002837461046416301,0.45454545454545453,0.4212121212121212,0.033333333333333326,0.4322766570605187,0.4180451127819549,0.014231544278563824,0.7141100382583349,0.6982176474160442,0.01589239084229066,0.4534410905413171,0.44185787478132205,0.011583215759995047
Logistic Regression,volume_and_range,1.0,9,1736967273214922599,0.6927710843373494,0.6942771084337349,-0.001506024096385561,0.6536102508046395,0.6657678994352341,-0.012157648630594542,0.4148471615720524,0.4205020920502092,-0.005654930478156794,0.5757575757575758,0.6090909090909091,-0.033333333333333326,0.48223350253807107,0.4975247524752475,-0.015291249937176454,0.7425669520859902,0.7256179024716101,0.01694904961438015,0.46684040472936406,0.448512943407291,0.01832746132207308
Random Forest,volume_and_range,1.0,9,1736967273214922599,0.7033132530120482,0.7100903614457831,-0.006777108433734913,0.6200582984150118,0.6235531669399406,-0.0034948685249287514,0.41208791208791207,0.42209631728045327,-0.010008405192541203,0.45454545454545453,0.45151515151515154,0.0030303030303029943,0.4322766570605187,0.4363103953147877,-0.004033738254269004,0.7141100382583349,0.699383615716281,0.014726422542053808,0.4534410905413171,0.43103205491048324,0.02240903563083385
Logistic Regression,volume_and_range,1.0,10,12336205451202431633,0.6927710843373494,0.6927710843373494,0.0,0.6536102508046395,0.6627375964049311,-0.009127345600291603,0.4148471615720524,0.4180672268907563,-0.003220065318703891,0.5757575757575758,0.603030303030303,-0.027272727272727226,0.48223350253807107,0.49379652605459057,-0.0115630235165195,0.7425669520859902,0.7276947835064067,0.014872168579583511,0.46684040472936406,0.45711847217431983,0.009721932555044221
Random Forest,volume_and_range,1.0,10,12336205451202431633,0.7033132530120482,0.7228915662650602,-0.01957831325301207,0.6200582984150118,0.6219287058966417,-0.001870407481629921,0.41208791208791207,0.439873417721519,-0.027785505633606933,0.45454545454545453,0.4212121212121212,0.033333333333333326,0.4322766570605187,0.43034055727554177,0.0019360997849769412,0.7141100382583349,0.7055747859355075,0.008535252322827369,0.4534410905413171,0.4483769286493901,0.005064161891926988
Logistic Regression,volume_and_range,1.0,11,800994574403889396,0.6927710843373494,0.6716867469879518,0.02108433734939752,0.6536102508046395,0.6385680451812716,0.015042205623367888,0.4148471615720524,0.390495867768595,0.024351293803457408,0.5757575757575758,0.5727272727272728,0.00303030303030305,0.48223350253807107,0.4643734643734644,0.017860038164606684,0.7425669520859902,0.7263709236655128,0.016196028420477404,0.46684040472936406,0.45704213706312996,0.009798267666234095
Random Forest,volume_and_range,1.0,11,800994574403889396,0.7033132530120482,0.7070783132530121,-0.0037650602409639022,0.6200582984150118,0.6083652152790429,0.011693083135968951,0.41208791208791207,0.4108761329305136,0.0012117791573984515,0.45454545454545453,0.4121212121212121,0.04242424242424242,0.4322766570605187,0.4114977307110439,0.020778926349474813,0.7141100382583349,0.6981781745308799,0.01593186372745492,0.4534410905413171,0.4295201649642404,0.0239209255770767
Logistic Regression,volume_and_range,1.0,12,15567251344624325085,0.6927710843373494,0.6807228915662651,0.012048192771084265,0.6536102508046395,0.6516791158073724,0.0019311349972671588,0.4148471615720524,0.40329218106995884,0.011554980502093581,0.5757575757575758,0.593939393939394,-0.018181818181818188,0.48223350253807107,0.4803921568627451,0.001841345675325956,0.7425669520859902,0.7100109309528148,0.03255602113317546,0.46684040472936406,0.44518926045887963,0.021651144270484424
Random Forest,volume_and_range,1.0,12,15567251344624325085,0.7033132530120482,0.7078313253012049,-0.004518072289156683,0.6200582984150118,0.6179935628833424,0.002064735531669415,0.41208791208791207,0.4166666666666667,-0.004578754578754618,0.45454545454545453,0.4393939393939394,0.015151515151515138,0.4322766570605187,0.4277286135693215,0.004548043491197196,0.7141100382583349,0.7032276674561244,0.01088237080221044,0.4534410905413171,0.44444627679392706,0.00899481374739003
Logistic Regression,volume_and_range,1.0,13,11211037505799207489,0.6927710843373494,0.6920180722891566,0.0007530120481927804,0.6536102508046395,0.6652790429343536,-0.011668792129714056,0.4148471615720524,0.41821946169772256,-0.0033723001256701357,0.5757575757575758,0.6121212121212121,-0.036363636363636265,0.48223350253807107,0.4969249692496925,-0.014691466711621415,0.7425669520859902,0.7291734985121758,0.013393453573814385,0.46684040472936406,0.4496810944774655,0.01715931025189854
Random Forest,volume_and_range,1.0,13,11211037505799207489,0.7033132530120482,0.7146084337349398,-0.011295180722891596,0.6200582984150118,0.6225025809194146,-0.0024442825044027616,0.41208791208791207,0.4277286135693215,-0.015640701481409447,0.45454545454545453,0.4393939393939394,0.015151515151515138,0.4322766570605187,0.4334828101644245,-0.001206153103905816,0.7141100382583349,0.7017671707050465,0.012342867553288395,0.4534410905413171,0.4468853438246439,0.006555746716673194
Logistic Regression,volume_and_range,1.0,14,2566607362456416171,0.6927710843373494,0.6784638554216867,0.014307228915662606,0.6536102508046395,0.6471336612619178,0.006476589542721678,0.4148471615720524,0.3995859213250518,0.015261240247000651,0.5757575757575758,0.5848484848484848,-0.009090909090909038,0.48223350253807107,0.4747847478474785,0.007448754690592585,0.7425669520859902,0.7209084836339346,0.021658468452055657,0.46684040472936406,0.445062993707244,0.021777411022120052
Random Forest,volume_and_range,1.0,14,2566607362456416171,0.7033132530120482,0.7055722891566265,-0.0022590361445783413,0.6200582984150118,0.6134481083378879,0.006610190077123934,0.41208791208791207,0.4115942028985507,0.0004937091893613688,0.45454545454545453,0.4303030303030303,0.024242424242424232,0.4322766570605187,0.42074074074074075,0.011535916319777961,0.7141100382583349,0.7008350033400133,0.013275034918321604,0.4534410905413171,0.43592155356840073,0.01751953697291636
Logistic Regression,volume_and_range,1.0,15,4672744336788755799,0.6927710843373494,0.6859939759036144,0.006777108433734913,0.6536102508046395,0.658228578368859,-0.004618327564219427,0.4148471615720524,0.41030927835051545,0.004537883221536976,0.5757575757575758,0.603030303030303,-0.027272727272727226,0.48223350253807107,0.4883435582822086,-0.0061100557441375325,0.7425669520859902,0.7244580069229367,0.018108945163053503,0.46684040472936406,0.45261439955123856,0.0142260051781255
Random Forest,volume_and_range,1.0,15,4672744336788755799,0.7033132530120482,0.704066265060241,-0.0007530120481927804,0.6200582984150118,0.6124461043298719,0.007612194085139912,0.41208791208791207,0.4092219020172911,0.0028660100706209835,0.45454545454545453,0.4303030303030303,0.024242424242424232,0.4322766570605187,0.4194977843426883,0.012778872717830403,0.7141100382583349,0.7039655067711179,0.010144531487216946,0.4534410905413171,0.4429402035490809,0.01050088699223617
Logistic Regression,volume_and_range,1.0,16,949057175539883433,0.6927710843373494,0.6807228915662651,0.012048192771084265,0.6536102508046395,0.6506649662962288,0.002945284508410695,0.4148471615720524,0.40289256198347106,0.01195459958858136,0.5757575757575758,0.5909090909090909,-0.015151515151515138,0.48223350253807107,0.47911547911547914,0.003118023422591931,0.7425669520859902,0.7287666241574058,0.013800327928584433,0.46684040472936406,0.45835224024349913,0.008488164485864924
Random Forest,volume_and_range,1.0,16,949057175539883433,0.7033132530120482,0.7146084337349398,-0.011295180722891596,0.6200582984150118,0.6245308799417015,-0.004472581526689723,0.41208791208791207,0.42857142857142855,-0.01648351648351648,0.45454545454545453,0.44545454545454544,0.009090909090909094,0.4322766570605187,0.43684992570579495,-0.0045732686452762406,0.7141100382583349,0.7095433290824074,0.004566709175927497,0.4534410905413171,0.45122447880058925,0.0022166117407278474
Logistic Regression,volume_and_range,1.0,17,11739724080818552732,0.6927710843373494,0.6762048192771084,0.016566265060240948,0.6536102508046395,0.6517155523167547,0.001894698487884816,0.4148471615720524,0.39959839357429716,0.015248767997755264,0.5757575757575758,0.603030303030303,-0.027272727272727226,0.48223350253807107,0.4806763285024155,0.001557174035655584,0.7425669520859902,0.7241422238416226,0.018424728244367583,0.46684040472936406,0.4517067836701395,0.015133621059224556
Random Forest,volume_and_range,1.0,17,11739724080818552732,0.7033132530120482,0.7070783132530121,-0.0037650602409639022,0.6200582984150118,0.6144501123459039,0.005608186069107957,0.41208791208791207,0.4139941690962099,-0.0019062570082978292,0.45454545454545453,0.4303030303030303,0.024242424242424232,0.4322766570605187,0.42199108469539376,0.010285572365124951,0.7141100382583349,0.7060180967996599,0.008091941458674978,0.4534410905413171,0.45006294124505763,0.0033781492962594584
Logistic Regression,volume_and_range,1.0,18,9705683144681073609,0.6927710843373494,0.6859939759036144,0.006777108433734913,0.6536102508046395,0.6602568773911459,-0.006646626586506388,0.4148471615720524,0.4110429447852761,0.0038042167867763377,0.5757575757575758,0.6090909090909091,-0.033333333333333326,0.48223350253807107,0.4908424908424908,-0.008608988304419751,0.7425669520859902,0.727166454120362,0.015400497965628257,0.46684040472936406,0.45787411821619295,0.008966286513171107
Random Forest,volume_and_range,1.0,18,9705683144681073609,0.7033132530120482,0.7123493975903614,-0.009036144578313254,0.6200582984150118,0.619985425396247,7.287301876479635e-05,0.41208791208791207,0.4235294117647059,-0.01144149967679381,0.45454545454545453,0.43636363636363634,0.018181818181818188,0.4322766570605187,0.4298507462686567,0.002425910791861996,0.7141100382583349,0.7091546729823283,0.004955365276006596,0.4534410905413171,0.44629254120411066,0.0071485493372064335
Logistic Regression,volume_and_range,1.0,19,16511841477186492101,0.6927710843373494,0.6882530120481928,0.004518072289156572,0.6536102508046395,0.653646687314022,-3.6436509382453686e-05,0.4148471615720524,0.4106382978723404,0.004208863699712018,0.5757575757575758,0.5848484848484848,-0.009090909090909038,0.48223350253807107,0.4825,-0.0002664974619289162,0.7425669520859902,0.7247403898706504,0.017826562215339847,0.46684040472936406,0.44170507212555654,0.025135332603807514
Random Forest,volume_and_range,1.0,19,16511841477186492101,0.7033132530120482,0.7063253012048193,-0.003012048192771122,0.6200582984150118,0.6129349608307524,0.007123337584259426,0.41208791208791207,0.41228070175438597,-0.0001927896664739026,0.45454545454545453,0.42727272727272725,0.027272727272727282,0.4322766570605187,0.41964285714285715,0.012633799917661559,0.7141100382583349,0.7041932349547579,0.009916803303576915,0.4534410905413171,0.43531489044748883,0.01812620009382826
Logistic Regression,volume_and_range,1.0,20,3047555967409522452,0.6927710843373494,0.6837349397590361,0.009036144578313254,0.6536102508046395,0.6445557782231128,0.009054472581526696,0.4148471615720524,0.40301724137931033,0.011829920192742094,0.5757575757575758,0.5666666666666667,0.00909090909090915,0.48223350253807107,0.47103274559193953,0.01120075694613154,0.7425669520859902,0.7167091759276127,0.025857776158377477,0.46684040472936406,0.44463747844282886,0.022202926286535196
Random Forest,volume_and_range,1.0,20,3047555967409522452,0.7033132530120482,0.7025602409638554,0.0007530120481927804,0.6200582984150118,0.6063733527661384,0.013684945648873459,0.41208791208791207,0.40412979351032446,0.007958118577587603,0.45454545454545453,0.41515151515151516,0.03939393939393937,0.4322766570605187,0.40956651718983555,0.022710139870683155,0.7141100382583349,0.7005829841501184,0.013527054108216419,0.4534410905413171,0.45157598018757406,0.001865110353743038
Logistic Regression,volume_and_range,1.0,21,3640370534488346187,0.6927710843373494,0.6852409638554217,0.0075301204819276935,0.6536102508046395,0.6516426792979899,0.0019675715066496124,0.4148471615720524,0.40717299578059074,0.0076741657914616845,0.5757575757575758,0.5848484848484848,-0.009090909090909038,0.48223350253807107,0.48009950248756217,0.0021340000505088996,0.7425669520859902,0.7245369526932655,0.01802999939272476,0.46684040472936406,0.4494356858379817,0.017404718891382343
Random Forest,volume_and_range,1.0,21,3640370534488346187,0.7033132530120482,0.7123493975903614,-0.009036144578313254,0.6200582984150118,0.6209995749073906,-0.0009412764923787398,0.41208791208791207,0.4239766081871345,-0.01188869609922244,0.45454545454545453,0.4393939393939394,0.015151515151515138,0.4322766570605187,0.43154761904761907,0.000729038012899641,0.7141100382583349,0.7068925730248377,0.0072174652334972,0.4534410905413171,0.45002164600589983,0.00341944453541726
Logistic Regression,volume_and_range,1.0,22,11144181506531134430,0.6927710843373494,0.6844879518072289,0.008283132530120474,0.6536102508046395,0.6602690228942734,-0.006658772089633835,0.4148471615720524,0.40973630831643004,0.005110853255622383,0.5757575757575758,0.6121212121212121,-0.036363636363636265,0.48223350253807107,0.4908869987849332,-0.008653496246862125,0.7425669520859902,0.7242211696119512,0.018345782474039063,0.46684040472936406,0.4494055408415755,0.017434863887788532
Random Forest,volume_and_range,1.0,22,11144181506531134430,0.7033132530120482,0.7153614457831325,-0.012048192771084376,0.6200582984150118,0.6250318819457096,-0.004973583530697767,0.41208791208791207,0.4298245614035088,-0.01773664931559671,0.45454545454545453,0.44545454545454544,0.009090909090909094,0.4322766570605187,0.4375,-0.00522334293948129,0.7141100382583349,0.699180178538896,0.014929859719438832,0.4534410905413171,0.437902134815216,0.015538955726101089
Logistic Regression,volume_and_range,1.0,23,5572478305125863905,0.6927710843373494,0.6935240963855421,-0.0007530120481927804,0.6536102508046395,0.6591820003643651,-0.005571749559725614,0.4148471615720524,0.41755888650963596,-0.0027117249375835373,0.5757575757575758,0.5909090909090909,-0.015151515151515138,0.48223350253807107,0.4893350062735257,-0.007101503735454651,0.7425669520859902,0.7185552924029878,0.02401165968300245,0.46684040472936406,0.4459066082986516,0.02093379643071247
Random Forest,volume_and_range,1.0,23,5572478305125863905,0.7033132530120482,0.7078313253012049,-0.004518072289156683,0.6200582984150118,0.6058237687496204,0.014234529665391404,0.41208791208791207,0.4104938271604938,0.001594084927418249,0.45454545454545453,0.403030303030303,0.051515151515151514,0.4322766570605187,0.40672782874617736,0.025548828314341354,0.7141100382583349,0.7,0.0141100382583349,0.4534410905413171,0.4418936948149639,0.011547395726353216
Logistic Regression,volume_and_range,1.0,24,15310005448745509491,0.6927710843373494,0.6762048192771084,0.016566265060240948,0.6536102508046395,0.6466448047610373,0.006965446043602275,0.4148471615720524,0.3975409836065574,0.01730617796549505,0.5757575757575758,0.5878787878787879,-0.012121212121212088,0.48223350253807107,0.4743276283618582,0.007905874176212857,0.7425669520859902,0.7263527054108216,0.016214246675168575,0.46684040472936406,0.4533460810871708,0.013494323642193273
Random Forest,volume_and_range,1.0,24,15310005448745509491,0.7033132530120482,0.7108433734939759,-0.0075301204819276935,0.6200582984150118,0.616955122365944,0.003103176049067846,0.41208791208791207,0.42011834319526625,-0.008030431107354186,0.45454545454545453,0.4303030303030303,0.024242424242424232,0.4322766570605187,0.4251497005988024,0.007126956461716294,0.7141100382583349,0.7062761887411186,0.007833849517216218,0.4534410905413171,0.4507679894687683,0.0026731010725488114
Logistic Regression,volume_and_range,1.0,25,11816918169666835561,0.6927710843373494,0.6890060240963856,0.003765060240963791,0.6536102508046395,0.658204287362604,-0.0045940365579644205,0.4148471615720524,0.4129979035639413,0.0018492580081111432,0.5757575757575758,0.5969696969696969,-0.021212121212121127,0.48223350253807107,0.4882280049566295,-0.005994502418558423,0.7425669520859902,0.7155401712515941,0.027026780834396136,0.46684040472936406,0.43860875358172313,0.028231651147640924
Random Forest,volume_and_range,1.0,25,11816918169666835561,0.7033132530120482,0.7108433734939759,-0.0075301204819276935,0.6200582984150118,0.6179692718770875,0.00208902653792431,0.41208791208791207,0.42058823529411765,-0.008500323206205584,0.45454545454545453,0.43333333333333335,0.021212121212121182,0.4322766570605187,0.42686567164179107,0.005410985418727643,0.7141100382583349,0.6913220380154248,0.022788000242910056,0.4534410905413171,0.43026025027036363,0.023180840270953462
Logistic Regression,volume_and_range,1.0,26,17910315603238907883,0.6927710843373494,0.6807228915662651,0.012048192771084265,0.6536102508046395,0.6537074148296593,-9.716402501980248e-05,0.4148471615720524,0.40408163265306124,0.010765528918991185,0.5757575757575758,0.6,-0.024242424242424176,0.48223350253807107,0.48292682926829267,-0.0006933267302215995,0.7425669520859902,0.7241574057205319,0.01840954636545833,0.46684040472936406,0.4509629665730756,0.015877438156288448
Random Forest,volume_and_range,1.0,26,17910315603238907883,0.7033132530120482,0.7100903614457831,-0.006777108433734913,0.6200582984150118,0.6154399708507925,0.0046183275642193156,0.41208791208791207,0.41839762611275966,-0.00630971402484759,0.45454545454545453,0.42727272727272725,0.027272727272727282,0.4322766570605187,0.42278860569715143,0.009488051363367278,0.7141100382583349,0.7056446225784905,0.00846541567984438,0.4534410905413171,0.4548363789486046,-0.0013952884072875316
Logistic Regression,volume_and_range,1.0,27,15363832686584919586,0.6927710843373494,0.6814759036144579,0.011295180722891485,0.6536102508046395,0.6379820246553713,0.015628226149268176,0.4148471615720524,0.3982494529540481,0.016597708618004303,0.5757575757575758,0.5515151515151515,0.024242424242424288,0.48223350253807107,0.4625158831003812,0.01971761943768985,0.7425669520859902,0.7239448594158013,0.018622092670188883,0.46684040472936406,0.45451809950768624,0.01232230522167782
Random Forest,volume_and_range,1.0,27,15363832686584919586,0.7033132530120482,0.7063253012048193,-0.003012048192771122,0.6200582984150118,0.6109066618084654,0.009151636606546387,0.41208791208791207,0.41124260355029585,0.0008453085376162184,0.45454545454545453,0.4212121212121212,0.033333333333333326,0.4322766570605187,0.4161676646706587,0.016108992389860022,0.7141100382583349,0.7093611465354951,0.004748891722839765,0.4534410905413171,0.4529876424102499,0.00045344813106718007
Logistic Regression,volume_and_range,1.0,28,15734859472363421356,0.6927710843373494,0.6852409638554217,0.0075301204819276935,0.6536102508046395,0.6577275763648509,-0.004117325560211382,0.4148471615720524,0.4094650205761317,0.0053821409959207145,0.5757575757575758,0.603030303030303,-0.027272727272727226,0.48223350253807107,0.4877450980392157,-0.005511595501144606,0.7425669520859902,0.7306613226452906,0.011905629440699617,0.46684040472936406,0.4486348244568722,0.01820558027249186
Random Forest,volume_and_range,1.0,28,15734859472363421356,0.7033132530120482,0.7070783132530121,-0.0037650602409639022,0.6200582984150118,0.6185067103904779,0.001551588024533923,0.41208791208791207,0.41595441595441596,-0.0038665038665038898,0.45454545454545453,0.44242424242424244,0.012121212121212088,0.4322766570605187,0.4287812041116006,0.0034954529489181208,0.7141100382583349,0.7066860994716706,0.0074239387866642526,0.4534410905413171,0.43880851857962655,0.014632571961690544
Logistic Regression,volume_and_range,1.0,29,16939452366336191396,0.6927710843373494,0.6829819277108434,0.009789156626505924,0.6536102508046395,0.6552104208416833,-0.0016001700370438243,0.4148471615720524,0.406570841889117,0.008276319682935407,0.5757575757575758,0.6,-0.024242424242424176,0.48223350253807107,0.4847001223990208,-0.002466619860949759,0.7425669520859902,0.7251533369769843,0.017413615109005964,0.46684040472936406,0.44516888104941854,0.021671523679945515
Random Forest,volume_and_range,1.0,29,16939452366336191396,0.7033132530120482,0.6987951807228916,0.004518072289156572,0.6200582984150118,0.5998117447015242,0.020246553713487603,0.41208791208791207,0.3958333333333333,0.016254578754578752,0.45454545454545453,0.403030303030303,0.051515151515151514,0.4322766570605187,0.3993993993993994,0.03287725766111932,0.7141100382583349,0.7023805186129835,0.011729519645351405,0.4534410905413171,0.4427373869531912,0.01070370358812589
Logistic Regression,all_predictors,0.05,0,8957669199552175479,0.6927710843373494,0.6980421686746988,-0.005271084337349463,0.6536102508046395,0.6581314143438391,-0.004521163539199624,0.4148471615720524,0.4216335540838852,-0.006786392511832773,0.5757575757575758,0.5787878787878787,-0.003030303030302939,0.48223350253807107,0.4878671775223499,-0.005633674984278858,0.7425669520859902,0.7410092913098925,0.0015576607760977579,0.46684040472936406,0.466170498549104,0.0006699061802600825
Random Forest,all_predictors,0.05,0,8957669199552175479,0.7033132530120482,0.7063253012048193,-0.003012048192771122,0.6200582984150118,0.6149632598530395,0.005095038561972354,0.41208791208791207,0.41329479768786126,-0.0012068855999491923,0.45454545454545453,0.43333333333333335,0.021212121212121182,0.4322766570605187,0.4230769230769231,0.009199733983595637,0.7141100382583349,0.7134055990769418,0.0007044391813930684,0.4534410905413171,0.4539371084602518,-0.0004960179189347214
Logistic Regression,all_predictors,0.05,1,3482911054123876642,0.6927710843373494,0.7003012048192772,-0.0075301204819278045,0.6536102508046395,0.6586202708447197,-0.005010020040080221,0.4148471615720524,0.42410714285714285,-0.009259981285090424,0.5757575757575758,0.5757575757575758,0.0,0.48223350253807107,0.4884318766066838,-0.006198374068612733,0.7425669520859902,0.7411398554685129,0.001427096617477308,0.46684040472936406,0.46635941171676487,0.0004809930125991846
Random Forest,all_predictors,0.05,1,3482911054123876642,0.7033132530120482,0.7048192771084337,-0.001506024096385561,0.6200582984150118,0.6200461529118844,1.2145503127447554e-05,0.41208791208791207,0.41388888888888886,-0.0018009768009767946,0.45454545454545453,0.45151515151515154,0.0030303030303029943,0.4322766570605187,0.4318840579710145,0.00039259908950423084,0.7141100382583349,0.7165391388838283,-0.0024291006254933967,0.4534410905413171,0.4546454394373658,-0.0012043488960487014
Logistic Regression,all_predictors,0.05,2,14219269136928347479,0.6927710843373494,0.6950301204819277,-0.0022590361445783413,0.6536102508046395,0.6581557053500942,-0.00454545454545463,0.4148471615720524,0.41865509761388287,-0.0038079360418304398,0.5757575757575758,0.5848484848484848,-0.009090909090909038,0.48223350253807107,0.4879898862199747,-0.005756383681903621,0.7425669520859902,0.7421752596101293,0.0003916924758609053,0.46684040472936406,0.4662693811031382,0.0005710236262258528
Random Forest,all_predictors,0.05,2,14219269136928347479,0.7033132530120482,0.7078313253012049,-0.004518072289156683,0.6200582984150118,0.62306431043906,-0.0030060120240481547,0.41208791208791207,0.41899441340782123,-0.006906501319909164,0.45454545454545453,0.45454545454545453,0.0,0.4322766570605187,0.436046511627907,-0.0037698545673882644,0.7141100382583349,0.7161353009048399,-0.002025262646505044,0.4534410905413171,0.4528697924219688,0.0005712981193483069
Logistic Regression,all_predictors,0.05,3,16803961318963679488,0.6927710843373494,0.6950301204819277,-0.0022590361445783413,0.6536102508046395,0.6571415558389506,-0.003531305034311094,0.4148471615720524,0.41830065359477125,-0.0034534920227188293,0.5757575757575758,0.5818181818181818,-0.006060606060605989,0.48223350253807107,0.4866920152091255,-0.004458512671054404,0.7425669520859902,0.7429222080524684,-0.00035525596647822955,0.46684040472936406,0.466251751743587,0.0005886529857770384
Random Forest,all_predictors,0.05,3,16803961318963679488,0.7033132530120482,0.7018072289156626,0.001506024096385561,0.6200582984150118,0.6170279953847089,0.003030303030302939,0.41208791208791207,0.4088397790055249,0.0032481330823871946,0.45454545454545453,0.4484848484848485,0.006060606060606044,0.4322766570605187,0.4277456647398844,0.004530992320634308,0.7141100382583349,0.7155128438695573,-0.001402805611222413,0.4534410905413171,0.4551924818337471,-0.0017513912924300157
Logistic Regression,all_predictors,0.05,4,8654071739748424121,0.6927710843373494,0.6957831325301205,-0.003012048192771122,0.6536102508046395,0.6556142588206717,-0.002004008016032177,0.4148471615720524,0.4185022026431718,-0.003655041071119358,0.5757575757575758,0.5757575757575758,0.0,0.48223350253807107,0.4846938775510204,-0.002460375012949323,0.7425669520859902,0.7413341835185522,0.0012327685674380362,0.46684040472936406,0.4663660214399381,0.0004743832894259503
Random Forest,all_predictors,0.05,4,8654071739748424121,0.7033132530120482,0.7033132530120482,0.0,0.6200582984150118,0.6180299993927248,0.0020282990222869612,0.41208791208791207,0.4111111111111111,0.0009768009768009733,0.45454545454545453,0.4484848484848485,0.006060606060606044,0.4322766570605187,0.4289855072463768,0.0032911498141419138,0.7141100382583349,0.7140675289973888,4.250926094606644e-05,0.4534410905413171,0.4530295131144567,0.0004115774268603767
Logistic Regression,all_predictors,0.05,5,8325104909307221902,0.6927710843373494,0.7003012048192772,-0.0075301204819278045,0.6536102508046395,0.6606485698670067,-0.007038319062367182,0.4148471615720524,0.4247787610619469,-0.009931599489894471,0.5757575757575758,0.5818181818181818,-0.006060606060605989,0.48223350253807107,0.49104859335038364,-0.008815090812312576,0.7425669520859902,0.7412825651302605,0.0012843869557297438,0.46684040472936406,0.46588994611108037,0.0009504586182836894
Random Forest,all_predictors,0.05,5,8325104909307221902,0.7033132530120482,0.7085843373493976,-0.005271084337349463,0.6200582984150118,0.6245794619542114,-0.004521163539199624,0.41208791208791207,0.4206128133704735,-0.008524901282561448,0.45454545454545453,0.4575757575757576,-0.00303030303030305,0.4322766570605187,0.43831640058055155,-0.006039743520032836,0.7141100382583349,0.7130108702252991,0.00109916803303578,0.4534410905413171,0.45018159610700126,0.003259494434315835
Logistic Regression,all_predictors,0.05,6,6129590263590449622,0.6927710843373494,0.6995481927710844,-0.006777108433735024,0.6536102508046395,0.6621758668852857,-0.00856561608064621,0.4148471615720524,0.424507658643326,-0.009660497071273588,0.5757575757575758,0.5878787878787879,-0.012121212121212088,0.48223350253807107,0.49301143583227447,-0.010777933294203401,0.7425669520859902,0.7430952814720351,-0.0005283293860448568,0.46684040472936406,0.4665427529170713,0.00029765181229274296
Random Forest,all_predictors,0.05,6,6129590263590449622,0.7033132530120482,0.7108433734939759,-0.0075301204819276935,0.6200582984150118,0.627096617477379,-0.007038319062367182,0.41208791208791207,0.4245810055865922,-0.012493093498680108,0.45454545454545453,0.46060606060606063,-0.0060606060606061,0.4322766570605187,0.4418604651162791,-0.009583808055760368,0.7141100382583349,0.7158346997024352,-0.0017246614441003283,0.4534410905413171,0.45240780716717,0.0010332833741470981
Logistic Regression,all_predictors,0.05,7,7447453932068928430,0.6927710843373494,0.697289156626506,-0.004518072289156683,0.6536102508046395,0.6586445618509746,-0.005034311046335116,0.4148471615720524,0.42105263157894735,-0.00620547000689492,0.5757575757575758,0.5818181818181818,-0.006060606060605989,0.48223350253807107,0.48854961832061067,-0.0063161157825396,0.7425669520859902,0.7407876358778163,0.0017793162081739533,0.46684040472936406,0.46465036422107986,0.0021900405082841967
Random Forest,all_predictors,0.05,7,7447453932068928430,0.7033132530120482,0.7048192771084337,-0.001506024096385561,0.6200582984150118,0.6139612558450234,0.006097042569988442,0.41208791208791207,0.4109195402298851,0.0011683718580269842,0.45454545454545453,0.43333333333333335,0.021212121212121182,0.4322766570605187,0.4218289085545723,0.01044774850594643,0.7141100382583349,0.7103874415497662,0.0037225967085686706,0.4534410905413171,0.44879063243734135,0.004650458103975741
Logistic Regression,all_predictors,0.05,8,17310527382799962796,0.6927710843373494,0.6957831325301205,-0.003012048192771122,0.6536102508046395,0.6586567073541021,-0.0050464565494625635,0.4148471615720524,0.41956521739130437,-0.004718055819251943,0.5757575757575758,0.5848484848484848,-0.009090909090909038,0.48223350253807107,0.48860759493670886,-0.006374092398637787,0.7425669520859902,0.7426792979899193,-0.00011234590392905641,0.46684040472936406,0.46547276046841546,0.0013676442609485973
Random Forest,all_predictors,0.05,8,17310527382799962796,0.7033132530120482,0.7146084337349398,-0.011295180722891596,0.6200582984150118,0.6255450294528451,-0.005486731037833259,0.41208791208791207,0.4289855072463768,-0.01689759515846473,0.45454545454545453,0.4484848484848485,0.006060606060606044,0.4322766570605187,0.43851851851851853,-0.00624186145799982,0.7141100382583349,0.713490617598834,0.0006194206595008245,0.4534410905413171,0.45706778808207316,-0.003626697540756063
Logistic Regression,all_predictors,0.05,9,6217887678526899301,0.6927710843373494,0.6927710843373494,0.0,0.6536102508046395,0.6556385498269266,-0.0020282990222870723,0.4148471615720524,0.4155844155844156,-0.0007372540123631866,0.5757575757575758,0.5818181818181818,-0.006060606060605989,0.48223350253807107,0.48484848484848486,-0.0026149823104137937,0.7425669520859902,0.7426519706078825,-8.50185218922439e-05,0.46684040472936406,0.46444706650472317,0.002393338224640884
Random Forest,all_predictors,0.05,9,6217887678526899301,0.7033132530120482,0.7093373493975904,-0.006024096385542244,0.6200582984150118,0.6230521649359324,-0.002993866520920596,0.41208791208791207,0.4209039548022599,-0.008816042714347827,0.45454545454545453,0.45151515151515154,0.0030303030303029943,0.4322766570605187,0.43567251461988304,-0.0033958575593643348,0.7141100382583349,0.7132143074026842,0.0008957308556506449,0.4534410905413171,0.44939182275584055,0.00404926778547654
Logistic Regression,all_predictors,0.05,10,2326724565149359300,0.6927710843373494,0.6950301204819277,-0.0022590361445783413,0.6536102508046395,0.6571415558389506,-0.003531305034311094,0.4148471615720524,0.41830065359477125,-0.0034534920227188293,0.5757575757575758,0.5818181818181818,-0.006060606060605989,0.48223350253807107,0.4866920152091255,-0.004458512671054404,0.7425669520859902,0.7418351855225603,0.0007317665634298809,0.46684040472936406,0.4638957459129753,0.002944658816388779
Random Forest,all_predictors,0.05,10,2326724565149359300,0.7033132530120482,0.7070783132530121,-0.0037650602409639022,0.6200582984150118,0.6205350094127648,-0.00047671099775303816,0.41208791208791207,0.4169014084507042,-0.004813496362792158,0.45454545454545453,0.4484848484848485,0.006060606060606044,0.4322766570605187,0.4321167883211679,0.00015986873935081025,0.7141100382583349,0.714380275702921,-0.00027023744458609666,0.4534410905413171,0.4545325176247228,-0.001091427083405705
Logistic Regression,all_predictors,0.05,11,12996402791038745166,0.6927710843373494,0.6965361445783133,-0.0037650602409639022,0.6536102508046395,0.6581435598469667,-0.004533309042327183,0.4148471615720524,0.4201312910284464,-0.005284129456393949,0.5757575757575758,0.5818181818181818,-0.006060606060605989,0.48223350253807107,0.48792884371029227,-0.005695341172221202,0.7425669520859902,0.7419505678022712,0.0006163842837190181,0.46684040472936406,0.4640418391230174,0.00279856560634667
Random Forest,all_predictors,0.05,11,12996402791038745166,0.7033132530120482,0.6995481927710844,0.003765060240963791,0.6200582984150118,0.6104542418169673,0.00960405659804453,0.41208791208791207,0.4028169014084507,0.009271010679461344,0.45454545454545453,0.43333333333333335,0.021212121212121182,0.4322766570605187,0.41751824817518246,0.01475840888533625,0.7141100382583349,0.7149207505920933,-0.000810712333758401,0.4534410905413171,0.4508994051940519,0.002541685347265177
Logistic Regression,all_predictors,0.05,12,1208004519724123752,0.6927710843373494,0.6987951807228916,-0.006024096385542244,0.6536102508046395,0.6576182668367037,-0.004008016032064132,0.4148471615720524,0.4222222222222222,-0.007375060650169796,0.5757575757575758,0.5757575757575758,0.0,0.48223350253807107,0.48717948717948717,-0.004945984641416101,0.7425669520859902,0.7411732556021134,0.0013936964838767718,0.46684040472936406,0.46555844237740596,0.0012819623519580992
Random Forest,all_predictors,0.05,12,1208004519724123752,0.7033132530120482,0.7055722891566265,-0.0022590361445783413,0.6200582984150118,0.6195330054047489,0.0005252930102629394,0.41208791208791207,0.41456582633053224,-0.0024779142426201717,0.45454545454545453,0.4484848484848485,0.006060606060606044,0.4322766570605187,0.43085880640465796,0.0014178506558607529,0.7141100382583349,0.7134389992105423,0.0006710390477925321,0.4534410905413171,0.4529402872162485,0.0005008033250685773
Logistic Regression,all_predictors,0.05,13,3779559533385305805,0.6927710843373494,0.697289156626506,-0.004518072289156683,0.6536102508046395,0.6616870103844052,-0.008076759579765724,0.4148471615720524,0.42207792207792205,-0.007230760505869627,0.5757575757575758,0.5909090909090909,-0.015151515151515138,0.48223350253807107,0.49242424242424243,-0.010190739886171363,0.7425669520859902,0.7425912430922451,-2.429100625489511e-05,0.46684040472936406,0.4661960321256309,0.0006443726037331787
Random Forest,all_predictors,0.05,13,3779559533385305805,0.7033132530120482,0.704066265060241,-0.0007530120481927804,0.6200582984150118,0.6195451509078764,0.0005131475071353808,0.41208791208791207,0.41274238227146814,-0.0006544701835560773,0.45454545454545453,0.45151515151515154,0.0030303030303029943,0.4322766570605187,0.4312590448625181,0.001017612198000617,0.7141100382583349,0.7202010080767596,-0.0060909698184247185,0.4534410905413171,0.45937721741246035,-0.005936126871143255
Logistic Regression,all_predictors,0.05,14,17558386320071208593,0.6927710843373494,0.6980421686746988,-0.005271084337349463,0.6536102508046395,0.6581314143438391,-0.004521163539199624,0.4148471615720524,0.4216335540838852,-0.006786392511832773,0.5757575757575758,0.5787878787878787,-0.003030303030302939,0.48223350253807107,0.4878671775223499,-0.005633674984278858,0.7425669520859902,0.7415619117021923,0.001005040383797895,0.46684040472936406,0.4669000668346285,-5.966210526442417e-05
Random Forest,all_predictors,0.05,14,17558386320071208593,0.7033132530120482,0.7055722891566265,-0.0022590361445783413,0.6200582984150118,0.6175047063824619,0.0025535920325499006,0.41208791208791207,0.41359773371104813,-0.001509821623136065,0.45454545454545453,0.44242424242424244,0.012121212121212088,0.4322766570605187,0.42752562225475843,0.004751034805760279,0.7141100382583349,0.711510900589057,0.0025991376692778845,0.4534410905413171,0.4514992439986758,0.00194184654264129
Logistic Regression,all_predictors,0.05,15,83388534587794159,0.6927710843373494,0.6905120481927711,0.0022590361445782303,0.6536102508046395,0.649064796259185,0.004545454545454519,0.4148471615720524,0.41098901098901097,0.003858150583041453,0.5757575757575758,0.5666666666666667,0.00909090909090915,0.48223350253807107,0.4764331210191083,0.005800381518962783,0.7425669520859902,0.7404627436691567,0.002104208416833564,0.46684040472936406,0.4659266361440388,0.0009137685853252697
Random Forest,all_predictors,0.05,15,83388534587794159,0.7033132530120482,0.7063253012048193,-0.003012048192771122,0.6200582984150118,0.6210481569199005,-0.000989858504888641,0.41208791208791207,0.41620111731843573,-0.004113205230523664,0.45454545454545453,0.45151515151515154,0.0030303030303029943,0.4322766570605187,0.4331395348837209,-0.0008628778232022127,0.7141100382583349,0.7119177749438271,0.0021922633145077253,0.4534410905413171,0.4489524001056302,0.004488690435686893
Logistic Regression,all_predictors,0.05,16,1154178110176119889,0.6927710843373494,0.6995481927710844,-0.006777108433735024,0.6536102508046395,0.6621758668852857,-0.00856561608064621,0.4148471615720524,0.424507658643326,-0.009660497071273588,0.5757575757575758,0.5878787878787879,-0.012121212121212088,0.48223350253807107,0.49301143583227447,-0.010777933294203401,0.7425669520859902,0.7407299447379607,0.0018370073480294957,0.46684040472936406,0.46663146279590645,0.00020894193345760703
Random Forest,all_predictors,0.05,16,1154178110176119889,0.7033132530120482,0.7085843373493976,-0.005271084337349463,0.6200582984150118,0.6215370134207809,-0.0014787150057691267,0.41208791208791207,0.4192634560906516,-0.007175544002739509,0.45454545454545453,0.4484848484848485,0.006060606060606044,0.4322766570605187,0.4333821376281113,-0.001105480567592576,0.7141100382583349,0.7118023926641162,0.002307645594218699,0.4534410905413171,0.456704789862453,-0.0032636993211359044
Logistic Regression,all_predictors,0.05,17,3983793336422967485,0.6927710843373494,0.6980421686746988,-0.005271084337349463,0.6536102508046395,0.6571172648326957,-0.003507014028056199,0.4148471615720524,0.4212860310421286,-0.006438869470076158,0.5757575757575758,0.5757575757575758,0.0,0.48223350253807107,0.48655569782330343,-0.004322195285232366,0.7425669520859902,0.7441337219894334,-0.001566769903443177,0.46684040472936406,0.4685569544516265,-0.0017165497222624282
Random Forest,all_predictors,0.05,17,3983793336422967485,0.7033132530120482,0.7131024096385542,-0.009789156626506035,0.6200582984150118,0.628599623489403,-0.008541325074391204,0.41208791208791207,0.428169014084507,-0.01608110199659496,0.45454545454545453,0.46060606060606063,-0.0060606060606061,0.4322766570605187,0.44379562043795623,-0.011518963377437519,0.7141100382583349,0.7150361328718041,-0.0009260946134692638,0.4534410905413171,0.45790964186325867,-0.004468551321941572
Logistic Regression,all_predictors,0.05,18,11946711120841416957,0.6927710843373494,0.6942771084337349,-0.001506024096385561,0.6536102508046395,0.6576547033460861,-0.004044452541446586,0.4148471615720524,0.41774891774891776,-0.0029017561768653333,0.5757575757575758,0.5848484848484848,-0.009090909090909038,0.48223350253807107,0.48737373737373735,-0.00514023483566628,0.7425669520859902,0.7418625129045971,0.0007044391813930684,0.46684040472936406,0.46585375931672524,0.0009866454126388202
Random Forest,all_predictors,0.05,18,11946711120841416957,0.7033132530120482,0.7100903614457831,-0.006777108433734913,0.6200582984150118,0.624567316451084,-0.0045090180360721765,0.41208791208791207,0.4225352112676056,-0.010447299179693559,0.45454545454545453,0.45454545454545453,0.0,0.4322766570605187,0.43795620437956206,-0.005679547319043354,0.7141100382583349,0.7106850063763891,0.0034250318819457615,0.4534410905413171,0.4541608445577011,-0.0007197540163840221
Logistic Regression,all_predictors,0.05,19,2475109709363323965,0.6927710843373494,0.7010542168674698,-0.008283132530120474,0.6536102508046395,0.6601354223598712,-0.00652517155523169,0.4148471615720524,0.42538975501113585,-0.010542593439083425,0.5757575757575758,0.5787878787878787,-0.003030303030302939,0.48223350253807107,0.49037227214377405,-0.008138769605702978,0.7425669520859902,0.7405143620574482,0.0020525900285419674,0.46684040472936406,0.4644374527925623,0.002402951936801734
Random Forest,all_predictors,0.05,19,2475109709363323965,0.7033132530120482,0.7070783132530121,-0.0037650602409639022,0.6200582984150118,0.6195208599016214,0.000537438513390387,0.41208791208791207,0.4164305949008499,-0.004342682812937815,0.45454545454545453,0.44545454545454544,0.009090909090909094,0.4322766570605187,0.43045387994143486,0.0018227771190838515,0.7141100382583349,0.712099957490739,0.002010080767595901,0.4534410905413171,0.449056720616243,0.004384369925074072
Logistic Regression,all_predictors,0.05,20,12286146150313656003,0.6927710843373494,0.6920180722891566,0.0007530120481927804,0.6536102508046395,0.654123398311775,-0.0005131475071354918,0.4148471615720524,0.41431670281995664,0.000530458752095786,0.5757575757575758,0.5787878787878787,-0.003030303030302939,0.48223350253807107,0.4829329962073325,-0.0006994936692614195,0.7425669520859902,0.7390569016821521,0.0035100504038381164,0.46684040472936406,0.4638670927724119,0.0029733119569521627
Random Forest,all_predictors,0.05,20,12286146150313656003,0.7033132530120482,0.7055722891566265,-0.0022590361445783413,0.6200582984150118,0.6205471549158924,-0.0004888565008805967,0.41208791208791207,0.415041782729805,-0.002953870641892953,0.45454545454545453,0.45151515151515154,0.0030303030303029943,0.4322766570605187,0.432510885341074,-0.0002342282805553042,0.7141100382583349,0.7070929738264408,0.007017064431894093,0.4534410905413171,0.4491592983785719,0.004281792162745213
Logistic Regression,all_predictors,0.05,21,17535424638657198521,0.6927710843373494,0.6897590361445783,0.0030120481927710108,0.6536102508046395,0.650592093277464,0.0030181575271754912,0.4148471615720524,0.4108695652173913,0.003977596354661106,0.5757575757575758,0.5727272727272728,0.00303030303030305,0.48223350253807107,0.47848101265822784,0.003752489879843224,0.7425669520859902,0.7418048217647416,0.0007621303212486108,0.46684040472936406,0.4657245840611541,0.001115820668209977
Random Forest,all_predictors,0.05,21,17535424638657198521,0.7033132530120482,0.704066265060241,-0.0007530120481927804,0.6200582984150118,0.6205593004190199,-0.0005010020040080443,0.41208791208791207,0.4132231404958678,-0.001135228407955713,0.45454545454545453,0.45454545454545453,0.0,0.4322766570605187,0.4329004329004329,-0.0006237758399141868,0.7141100382583349,0.7129622882127893,0.0011477500455455703,0.4534410905413171,0.45610062524253253,-0.002659534701215438
Logistic Regression,all_predictors,0.05,22,16142889699518214355,0.6927710843373494,0.697289156626506,-0.004518072289156683,0.6536102508046395,0.6596587113621182,-0.006048460557478652,0.4148471615720524,0.42139737991266374,-0.0065502183406113135,0.5757575757575758,0.5848484848484848,-0.009090909090909038,0.48223350253807107,0.48984771573604063,-0.007614213197969566,0.7425669520859902,0.7428068257727577,-0.00023987368676747778,0.46684040472936406,0.4661961792880715,0.0006442254412925563
Random Forest,all_predictors,0.05,22,16142889699518214355,0.7033132530120482,0.7100903614457831,-0.006777108433734913,0.6200582984150118,0.6235531669399406,-0.0034948685249287514,0.41208791208791207,0.42209631728045327,-0.010008405192541203,0.45454545454545453,0.45151515151515154,0.0030303030303029943,0.4322766570605187,0.4363103953147877,-0.004033738254269004,0.7141100382583349,0.7116536102508046,0.002456428007530209,0.4534410905413171,0.4490326496246289,0.004408440916688183
Logistic Regression,all_predictors,0.05,23,14590679484364693138,0.6927710843373494,0.6897590361445783,0.0030120481927710108,0.6536102508046395,0.650592093277464,0.0030181575271754912,0.4148471615720524,0.4108695652173913,0.003977596354661106,0.5757575757575758,0.5727272727272728,0.00303030303030305,0.48223350253807107,0.47848101265822784,0.003752489879843224,0.7425669520859902,0.7431499362361085,-0.0005829841501182598,0.46684040472936406,0.467577229874788,-0.0007368251454239472
Random Forest,all_predictors,0.05,23,14590679484364693138,0.7033132530120482,0.7070783132530121,-0.0037650602409639022,0.6200582984150118,0.6256057569684824,-0.005547458553470608,0.41208791208791207,0.4191780821917808,-0.007090170103868754,0.45454545454545453,0.4636363636363636,-0.009090909090909094,0.4322766570605187,0.44028776978417267,-0.008011112723653957,0.7141100382583349,0.7137092366551285,0.0004008016032063244,0.4534410905413171,0.45189167662030644,0.0015494139210106561
Logistic Regression,all_predictors,0.05,24,13566734798786746652,0.6927710843373494,0.7025602409638554,-0.009789156626506035,0.6536102508046395,0.6631657253901743,-0.00955547458553474,0.4148471615720524,0.4279379157427938,-0.013090754170741348,0.5757575757575758,0.5848484848484848,-0.009090909090909038,0.48223350253807107,0.4942381562099872,-0.01200465367191611,0.7425669520859902,0.7407299447379607,0.0018370073480294957,0.46684040472936406,0.4660397455323387,0.0008006591970253774
Random Forest,all_predictors,0.05,24,13566734798786746652,0.7033132530120482,0.7108433734939759,-0.0075301204819276935,0.6200582984150118,0.623040019432805,-0.0029817210177931486,0.41208791208791207,0.4228571428571429,-0.010769230769230809,0.45454545454545453,0.4484848484848485,0.006060606060606044,0.4322766570605187,0.43529411764705883,-0.0030174605865401216,0.7141100382583349,0.714058419870043,5.161838829181864e-05,0.4534410905413171,0.4540736803429756,-0.0006325898016585341
Logistic Regression,all_predictors,0.05,25,6737385702852545725,0.6927710843373494,0.6987951807228916,-0.006024096385542244,0.6536102508046395,0.6616748648812777,-0.008064614076638166,0.4148471615720524,0.42358078602620086,-0.008733624454148436,0.5757575757575758,0.5878787878787879,-0.012121212121212088,0.48223350253807107,0.49238578680203043,-0.010152284263959366,0.7425669520859902,0.7415649480779742,0.0010020040080159776,0.46684040472936406,0.465785586497799,0.0010548182315650578
Random Forest,all_predictors,0.05,25,6737385702852545725,0.7033132530120482,0.7048192771084337,-0.001506024096385561,0.6200582984150118,0.6190320034007408,0.0010262950142709837,0.41208791208791207,0.4134078212290503,-0.0013199091411382202,0.45454545454545453,0.4484848484848485,0.006060606060606044,0.4322766570605187,0.43023255813953487,0.002044098920983839,0.7141100382583349,0.712828687678387,0.0012813505799478264,0.4534410905413171,0.44628832988690775,0.00715276065440934
Logistic Regression,all_predictors,0.05,26,484002553269986245,0.6927710843373494,0.6920180722891566,0.0007530120481927804,0.6536102508046395,0.6551375478229186,-0.001527297018279028,0.4148471615720524,0.4146868250539957,0.0001603365180567473,0.5757575757575758,0.5818181818181818,-0.006060606060605989,0.48223350253807107,0.4842370744010088,-0.0020035718629377586,0.7425669520859902,0.7421327503491831,0.00043420173680708274,0.46684040472936406,0.4661152088730674,0.0007251958562966565
Random Forest,all_predictors,0.05,26,484002553269986245,0.7033132530120482,0.7108433734939759,-0.0075301204819276935,0.6200582984150118,0.6220258699216614,-0.0019675715066496124,0.41208791208791207,0.4224137931034483,-0.01032588101553622,0.45454545454545453,0.44545454545454544,0.009090909090909094,0.4322766570605187,0.4336283185840708,-0.0013516615235520946,0.7141100382583349,0.7135209813566527,0.0005890569016822056,0.4534410905413171,0.45060985616309246,0.002831234378224634
Logistic Regression,all_predictors,0.05,27,6359138364400689496,0.6927710843373494,0.6950301204819277,-0.0022590361445783413,0.6536102508046395,0.6561274063278071,-0.002517155523167558,0.4148471615720524,0.4179431072210066,-0.003095945648954157,0.5757575757575758,0.5787878787878787,-0.003030303030302939,0.48223350253807107,0.48538754764930114,-0.003154045111230075,0.7425669520859902,0.7426003522195905,-3.340013360031424e-05,0.46684040472936406,0.46857134409361595,-0.0017309393642518933
Random Forest,all_predictors,0.05,27,6359138364400689496,0.7033132530120482,0.7063253012048193,-0.003012048192771122,0.6200582984150118,0.6210481569199005,-0.000989858504888641,0.41208791208791207,0.41620111731843573,-0.004113205230523664,0.45454545454545453,0.45151515151515154,0.0030303030303029943,0.4322766570605187,0.4331395348837209,-0.0008628778232022127,0.7141100382583349,0.7177202890629745,-0.0036102508046396142,0.4534410905413171,0.45584304363942896,-0.002401953098111864
Logistic Regression,all_predictors,0.05,28,3819638089750200573,0.6927710843373494,0.6957831325301205,-0.003012048192771122,0.6536102508046395,0.6556142588206717,-0.002004008016032177,0.4148471615720524,0.4185022026431718,-0.003655041071119358,0.5757575757575758,0.5757575757575758,0.0,0.48223350253807107,0.4846938775510204,-0.002460375012949323,0.7425669520859902,0.7421448958523107,0.00042205623367952416,0.46684040472936406,0.46798516013506775,-0.0011447554057036902
Random Forest,all_predictors,0.05,28,3819638089750200573,0.7033132530120482,0.7108433734939759,-0.0075301204819276935,0.6200582984150118,0.625068318455092,-0.005010020040080221,0.41208791208791207,0.423728813559322,-0.011640901471409948,0.45454545454545453,0.45454545454545453,0.0,0.4322766570605187,0.43859649122807015,-0.006319834167551441,0.7141100382583349,0.7142011295317908,-9.109127345596768e-05,0.4534410905413171,0.4563482296266905,-0.0029071390853734336
Logistic Regression,all_predictors,0.05,29,12966686193001815007,0.6927710843373494,0.6890060240963856,0.003765060240963791,0.6536102508046395,0.6511052407845995,0.0025050100200399994,0.4148471615720524,0.4103671706263499,0.0044799909457025056,0.5757575757575758,0.5757575757575758,0.0,0.48223350253807107,0.4791929382093317,0.0030405643287393924,0.7425669520859902,0.740496143802757,0.0020708082832332497,0.46684040472936406,0.46601586730703193,0.0008245374223321278
Random Forest,all_predictors,0.05,29,12966686193001815007,0.7033132530120482,0.7070783132530121,-0.0037650602409639022,0.6200582984150118,0.6215491589239084,-0.0014908605088965743,0.41208791208791207,0.4173669467787115,-0.0052790346907994334,0.45454545454545453,0.45151515151515154,0.0030303030303029943,0.4322766570605187,0.43377001455604075,-0.0014933574955220408,0.7141100382583349,0.7149480779741301,-0.0008380397157952135,0.4534410905413171,0.45660198141919,-0.003160890877872913
Logistic Regression,all_predictors,0.1,0,10966960781752008103,0.6927710843373494,0.697289156626506,-0.004518072289156683,0.6536102508046395,0.6556021133175443,-0.0019918625129047296,0.4148471615720524,0.42,-0.005152838427947559,0.5757575757575758,0.5727272727272728,0.00303030303030305,0.48223350253807107,0.4846153846153846,-0.0023818820773135463,0.7425669520859902,0.7382917349851217,0.004275217100868534,0.46684040472936406,0.46413877289606986,0.0027016318332941935
Random Forest,all_predictors,0.1,0,10966960781752008103,0.7033132530120482,0.7100903614457831,-0.006777108433734913,0.6200582984150118,0.618482419384223,0.0015758790307888182,0.41208791208791207,0.4198250728862974,-0.007737160798385323,0.45454545454545453,0.43636363636363634,0.018181818181818188,0.4322766570605187,0.4279346210995542,0.0043420359609644965,0.7141100382583349,0.7104390599380579,0.003670978320276963,0.4534410905413171,0.4550296394733613,-0.001588548932044187
Logistic Regression,all_predictors,0.1,1,15781066770375296329,0.6927710843373494,0.6987951807228916,-0.006024096385542244,0.6536102508046395,0.6555899678144167,-0.001979717009777171,0.4148471615720524,0.42152466367713004,-0.006677502105077615,0.5757575757575758,0.5696969696969697,0.0060606060606061,0.48223350253807107,0.4845360824742268,-0.0023025799361557353,0.7425669520859902,0.7386925365883282,0.003874415497661987,0.46684040472936406,0.4654463626497699,0.0013940420795941488
Random Forest,all_predictors,0.1,1,15781066770375296329,0.7033132530120482,0.7115963855421686,-0.008283132530120474,0.6200582984150118,0.6286117689925306,-0.008553470577518762,0.41208791208791207,0.42618384401114207,-0.014095931923229998,0.45454545454545453,0.4636363636363636,-0.009090909090909094,0.4322766570605187,0.444121915820029,-0.011845258759510313,0.7141100382583349,0.720100807675958,-0.00599076941762311,0.4534410905413171,0.4588632604938418,-0.0054221699525247025
Logistic Regression,all_predictors,0.1,2,12737943239220186578,0.6927710843373494,0.6987951807228916,-0.006024096385542244,0.6536102508046395,0.6667456124369953,-0.013135361632355735,0.4148471615720524,0.4252136752136752,-0.010366513641622777,0.5757575757575758,0.603030303030303,-0.027272727272727226,0.48223350253807107,0.49874686716791977,-0.016513364629848704,0.7425669520859902,0.7409910730552014,0.0015758790307888182,0.46684040472936406,0.4674201914653927,-0.0005797867360286535
Random Forest,all_predictors,0.1,2,12737943239220186578,0.7033132530120482,0.7146084337349398,-0.011295180722891596,0.6200582984150118,0.6306157770085625,-0.010557478593550718,0.41208791208791207,0.4309859154929577,-0.01889800340504566,0.45454545454545453,0.4636363636363636,-0.009090909090909094,0.4322766570605187,0.4467153284671533,-0.014438671406634573,0.7141100382583349,0.7123732313111071,0.0017368069472277758,0.4534410905413171,0.45151290126019056,0.0019281892811265355
Logistic Regression,all_predictors,0.1,3,457592963774262609,0.6927710843373494,0.6950301204819277,-0.0022590361445783413,0.6536102508046395,0.6571415558389506,-0.003531305034311094,0.4148471615720524,0.41830065359477125,-0.0034534920227188293,0.5757575757575758,0.5818181818181818,-0.006060606060605989,0.48223350253807107,0.4866920152091255,-0.004458512671054404,0.7425669520859902,0.7420538045788546,0.0005131475071356029,0.46684040472936406,0.46598553457465014,0.0008548701547139159
Random Forest,all_predictors,0.1,3,457592963774262609,0.7033132530120482,0.7085843373493976,-0.005271084337349463,0.6200582984150118,0.6266077609764984,-0.006549462561486585,0.41208791208791207,0.4214876033057851,-0.00939969121787304,0.45454545454545453,0.4636363636363636,-0.009090909090909094,0.4322766570605187,0.44155844155844154,-0.00928178449792283,0.7141100382583349,0.7146171130139066,-0.0005070747555717681,0.4534410905413171,0.4637656875976952,-0.010324597056378115
Logistic Regression,all_predictors,0.1,4,9672890153036968825,0.6927710843373494,0.6935240963855421,-0.0007530120481927804,0.6536102508046395,0.6541112528086477,-0.0005010020040081553,0.4148471615720524,0.41575492341356673,-0.0009077618415143096,0.5757575757575758,0.5757575757575758,0.0,0.48223350253807107,0.48284625158831,-0.0006127490502389477,0.7425669520859902,0.738765409607093,0.0038015424788971908,0.46684040472936406,0.46473232039820134,0.0021080843311627184
Random Forest,all_predictors,0.1,4,9672890153036968825,0.7033132530120482,0.7100903614457831,-0.006777108433734913,0.6200582984150118,0.624567316451084,-0.0045090180360721765,0.41208791208791207,0.4225352112676056,-0.010447299179693559,0.45454545454545453,0.45454545454545453,0.0,0.4322766570605187,0.43795620437956206,-0.005679547319043354,0.7141100382583349,0.7142284569138276,-0.00011841865549278019,0.4534410905413171,0.45439787915832563,-0.0009567886170085416
Logistic Regression,all_predictors,0.1,5,5749469977039975317,0.6927710843373494,0.7018072289156626,-0.009036144578313254,0.6536102508046395,0.6616505738750227,-0.00804032307038316,0.4148471615720524,0.4266666666666667,-0.011819505094614269,0.5757575757575758,0.5818181818181818,-0.006060606060605989,0.48223350253807107,0.49230769230769234,-0.010074189769621267,0.7425669520859902,0.7390629744337159,0.0035039776522742816,0.46684040472936406,0.4639823796553396,0.0028580250740244395
Random Forest,all_predictors,0.1,5,5749469977039975317,0.7033132530120482,0.7108433734939759,-0.0075301204819276935,0.6200582984150118,0.6240541689439485,-0.003995870528936685,0.41208791208791207,0.42329545454545453,-0.011207542457542463,0.45454545454545453,0.45151515151515154,0.0030303030303029943,0.4322766570605187,0.436950146627566,-0.004673489567047273,0.7141100382583349,0.711462318576547,0.0026477196817878967,0.4534410905413171,0.4502500522414731,0.003191038299844018
Logistic Regression,all_predictors,0.1,6,9906649432289664590,0.6927710843373494,0.7003012048192772,-0.0075301204819278045,0.6536102508046395,0.6616627193781502,-0.008052468573510718,0.4148471615720524,0.4251101321585903,-0.010262970586537856,0.5757575757575758,0.5848484848484848,-0.009090909090909038,0.48223350253807107,0.4923469387755102,-0.010113436237439155,0.7425669520859902,0.7420811319608914,0.00048582012509879036,0.46684040472936406,0.4656593710753669,0.0011810336539971322
Random Forest,all_predictors,0.1,6,9906649432289664590,0.7033132530120482,0.7048192771084337,-0.001506024096385561,0.6200582984150118,0.6200461529118844,1.2145503127447554e-05,0.41208791208791207,0.41388888888888886,-0.0018009768009767946,0.45454545454545453,0.45151515151515154,0.0030303030303029943,0.4322766570605187,0.4318840579710145,0.00039259908950423084,0.7141100382583349,0.7194904961438028,-0.005380457885467926,0.4534410905413171,0.4583555866442607,-0.0049144961029435885
Logistic Regression,all_predictors,0.1,7,6708137182003005127,0.6927710843373494,0.6935240963855421,-0.0007530120481927804,0.6536102508046395,0.655125402319791,-0.0015151515151514694,0.4148471615720524,0.41612200435729846,-0.0012748427852460331,0.5757575757575758,0.5787878787878787,-0.003030303030302939,0.48223350253807107,0.4841571609632446,-0.0019236584251735578,0.7425669520859902,0.7381368798202466,0.004430072265743656,0.46684040472936406,0.46452881245463457,0.0023115922747294904
Random Forest,all_predictors,0.1,7,6708137182003005127,0.7033132530120482,0.7010542168674698,0.0022590361445783413,0.6200582984150118,0.6073996477804093,0.012658650634602475,0.41208791208791207,0.4028985507246377,0.009189361363274362,0.45454545454545453,0.4212121212121212,0.033333333333333326,0.4322766570605187,0.41185185185185186,0.020424805208666852,0.7141100382583349,0.7082984150118419,0.005811623246492981,0.4534410905413171,0.448136361003483,0.005304729537834119
Logistic Regression,all_predictors,0.1,8,2121944777215741810,0.6927710843373494,0.6927710843373494,0.0,0.6536102508046395,0.6505678022712091,0.0030424485334303863,0.4148471615720524,0.413716814159292,0.001130347412760413,0.5757575757575758,0.5666666666666667,0.00909090909090915,0.48223350253807107,0.4782608695652174,0.0039726329728536625,0.7425669520859902,0.7412764923786969,0.0012904597072933566,0.46684040472936406,0.46245967702004237,0.004380727709321686
Random Forest,all_predictors,0.1,8,2121944777215741810,0.7033132530120482,0.7153614457831325,-0.012048192771084376,0.6200582984150118,0.6311167790125706,-0.011058480597558762,0.41208791208791207,0.4322033898305085,-0.02011547774259642,0.45454545454545453,0.4636363636363636,-0.009090909090909094,0.4322766570605187,0.4473684210526316,-0.015091763992112872,0.7141100382583349,0.7154096070929739,-0.0012995688346389977,0.4534410905413171,0.46525442383787374,-0.01181333329655665
Logistic Regression,all_predictors,0.1,9,10034668875485231853,0.6927710843373494,0.6905120481927711,0.0022590361445782303,0.6536102508046395,0.6541355438149026,-0.0005252930102630504,0.4148471615720524,0.4129032258064516,0.0019439357656008127,0.5757575757575758,0.5818181818181818,-0.006060606060605989,0.48223350253807107,0.4830188679245283,-0.0007853653864572374,0.7425669520859902,0.741792676261614,0.0007742758243761694,0.46684040472936406,0.4636056895301883,0.0032347151991757306
Random Forest,all_predictors,0.1,9,10034668875485231853,0.7033132530120482,0.7085843373493976,-0.005271084337349463,0.6200582984150118,0.6235653124430679,-0.003507014028056088,0.41208791208791207,0.42016806722689076,-0.008080155138978695,0.45454545454545453,0.45454545454545453,0.0,0.4322766570605187,0.4366812227074236,-0.00440456564690489,0.7141100382583349,0.7144986943584138,-0.0003886561000789879,0.4534410905413171,0.4493804734933004,0.00406061704801669
Logistic Regression,all_predictors,0.1,10,9766769054693715485,0.6927710843373494,0.6942771084337349,-0.001506024096385561,0.6536102508046395,0.6546122548126556,-0.0010020040080160886,0.4148471615720524,0.4166666666666667,-0.00181950509461426,0.5757575757575758,0.5757575757575758,0.0,0.48223350253807107,0.48346055979643765,-0.0012270572583665817,0.7425669520859902,0.7398220683791827,0.002744883706807477,0.46684040472936406,0.46088681526696124,0.00595358946240282
Random Forest,all_predictors,0.1,10,9766769054693715485,0.7033132530120482,0.7033132530120482,0.0,0.6200582984150118,0.6160017003704379,0.0040565980445739225,0.41208791208791207,0.4101123595505618,0.001975552537350267,0.45454545454545453,0.44242424242424244,0.012121212121212088,0.4322766570605187,0.42565597667638483,0.006620680384133881,0.7141100382583349,0.7100048582012509,0.004105180057083935,0.4534410905413171,0.45133345638371647,0.002107634157600624
Logistic Regression,all_predictors,0.1,11,16333401083886834760,0.6927710843373494,0.6957831325301205,-0.003012048192771122,0.6536102508046395,0.6546001093095282,-0.000989858504888641,0.4148471615720524,0.41814159292035397,-0.003294431348301541,0.5757575757575758,0.5727272727272728,0.00303030303030305,0.48223350253807107,0.4833759590792839,-0.0011424565412128107,0.7425669520859902,0.740520434809012,0.0020465172769782436,0.46684040472936406,0.46152410402810806,0.005316300701255994
Random Forest,all_predictors,0.1,11,16333401083886834760,0.7033132530120482,0.7033132530120482,0.0,0.6200582984150118,0.6170158498815813,0.0030424485334304974,0.41208791208791207,0.4106145251396648,0.0014733869482472794,0.45454545454545453,0.44545454545454544,0.009090909090909094,0.4322766570605187,0.4273255813953488,0.004951075665169891,0.7141100382583349,0.7150604238780592,-0.000950385619724381,0.4534410905413171,0.4523323117293004,0.0011087788120167086
Logistic Regression,all_predictors,0.1,12,551866386058425351,0.6927710843373494,0.6980421686746988,-0.005271084337349463,0.6536102508046395,0.6581314143438391,-0.004521163539199624,0.4148471615720524,0.4216335540838852,-0.006786392511832773,0.5757575757575758,0.5787878787878787,-0.003030303030302939,0.48223350253807107,0.4878671775223499,-0.005633674984278858,0.7425669520859902,0.7388838282625858,0.0036831238234044106,0.46684040472936406,0.46400776422999535,0.0028326404993687104
Random Forest,all_predictors,0.1,12,551866386058425351,0.7033132530120482,0.7100903614457831,-0.006777108433734913,0.6200582984150118,0.622539017428797,-0.0024807190137852153,0.41208791208791207,0.42165242165242167,-0.009564509564509605,0.45454545454545453,0.4484848484848485,0.006060606060606044,0.4322766570605187,0.434654919236417,-0.002378262175898316,0.7141100382583349,0.7119815388352462,0.002128499423088681,0.4534410905413171,0.45229154065418453,0.0011495498871325616
Logistic Regression,all_predictors,0.1,13,4745399663787118429,0.6927710843373494,0.6912650602409639,0.0015060240963854499,0.6536102508046395,0.6546365458189105,-0.0010262950142709837,0.4148471615720524,0.41379310344827586,0.001054058123776569,0.5757575757575758,0.5818181818181818,-0.006060606060605989,0.48223350253807107,0.4836272040302267,-0.001393701492155619,0.7425669520859902,0.7417167668670673,0.0008501852189228831,0.46684040472936406,0.4650723757349996,0.0017680289943644567
Random Forest,all_predictors,0.1,13,4745399663787118429,0.7033132530120482,0.7070783132530121,-0.0037650602409639022,0.6200582984150118,0.6256057569684824,-0.005547458553470608,0.41208791208791207,0.4191780821917808,-0.007090170103868754,0.45454545454545453,0.4636363636363636,-0.009090909090909094,0.4322766570605187,0.44028776978417267,-0.008011112723653957,0.7141100382583349,0.7192870589664178,-0.005177020708082902,0.4534410905413171,0.4635447568711062,-0.010103666329789096
Logistic Regression,all_predictors,0.1,14,13170936792624861447,0.6927710843373494,0.6927710843373494,0.0,0.6536102508046395,0.6536102508046395,0.0,0.4148471615720524,0.4148471615720524,0.0,0.5757575757575758,0.5757575757575758,0.0,0.48223350253807107,0.48223350253807107,0.0,0.7425669520859902,0.7393453573814295,0.0032215947045607374,0.46684040472936406,0.4651322724206768,0.0017081323086872713
Random Forest,all_predictors,0.1,14,13170936792624861447,0.7033132530120482,0.7085843373493976,-0.005271084337349463,0.6200582984150118,0.625593611465355,-0.00553531305034316,0.41208791208791207,0.42105263157894735,-0.008964719491035278,0.45454545454545453,0.46060606060606063,-0.0060606060606061,0.4322766570605187,0.4399421128798842,-0.007665455819365508,0.7141100382583349,0.7146231857654703,-0.0005131475071354918,0.4534410905413171,0.45410086262151117,-0.0006597720801940765
Logistic Regression,all_predictors,0.1,15,16773542636268732443,0.6927710843373494,0.6935240963855421,-0.0007530120481927804,0.6536102508046395,0.6581678508532216,-0.004557600048582078,0.4148471615720524,0.4172043010752688,-0.0023571395032163656,0.5757575757575758,0.5878787878787879,-0.012121212121212088,0.48223350253807107,0.4880503144654088,-0.0058168119273377394,0.7425669520859902,0.736078217040141,0.0064887350458492365,0.46684040472936406,0.46477260080491034,0.002067803924453715
Random Forest,all_predictors,0.1,15,16773542636268732443,0.7033132530120482,0.7093373493975904,-0.006024096385542244,0.6200582984150118,0.6230521649359324,-0.002993866520920596,0.41208791208791207,0.4209039548022599,-0.008816042714347827,0.45454545454545453,0.45151515151515154,0.0030303030303029943,0.4322766570605187,0.43567251461988304,-0.0033958575593643348,0.7141100382583349,0.7102325863848911,0.0038774518734437935,0.4534410905413171,0.45287139272787186,0.0005696978134452357
Logistic Regression,all_predictors,0.1,16,7659312135388943971,0.6927710843373494,0.6920180722891566,0.0007530120481927804,0.6536102508046395,0.6531092488006316,0.0005010020040079333,0.4148471615720524,0.4139433551198257,0.0009038064522267075,0.5757575757575758,0.5757575757575758,0.0,0.48223350253807107,0.4816223067173637,0.0006111958207073442,0.7425669520859902,0.7379061152608246,0.004660836825165604,0.46684040472936406,0.46576902054590297,0.0010713841834610882
Random Forest,all_predictors,0.1,16,7659312135388943971,0.7033132530120482,0.7108433734939759,-0.0075301204819276935,0.6200582984150118,0.623040019432805,-0.0029817210177931486,0.41208791208791207,0.4228571428571429,-0.010769230769230809,0.45454545454545453,0.4484848484848485,0.006060606060606044,0.4322766570605187,0.43529411764705883,-0.0030174605865401216,0.7141100382583349,0.7121029938665209,0.0020070443918139835,0.4534410905413171,0.4583241939825852,-0.004883103441268133
Logistic Regression,all_predictors,0.1,17,4711382995004635090,0.6927710843373494,0.6942771084337349,-0.001506024096385561,0.6536102508046395,0.6505556567680816,0.003054594036557945,0.4148471615720524,0.41517857142857145,-0.0003314098565190271,0.5757575757575758,0.5636363636363636,0.0121212121212122,0.48223350253807107,0.4781491002570694,0.004084402281001653,0.7425669520859902,0.7451630533794862,-0.002596101293495967,0.46684040472936406,0.4697124987129684,-0.002872093983604329
Random Forest,all_predictors,0.1,17,4711382995004635090,0.7033132530120482,0.713855421686747,-0.010542168674698815,0.6200582984150118,0.6270723264711241,-0.007014028056112287,0.41208791208791207,0.42857142857142855,-0.01648351648351648,0.45454545454545453,0.45454545454545453,0.0,0.4322766570605187,0.4411764705882353,-0.008899813527716571,0.7141100382583349,0.7201068804275217,-0.0059968421691868334,0.4534410905413171,0.46498732757758265,-0.01154623703626556
Logistic Regression,all_predictors,0.1,18,10920783833072924993,0.6927710843373494,0.6927710843373494,0.0,0.6536102508046395,0.6546244003157831,-0.0010141495111435361,0.4148471615720524,0.4152173913043478,-0.0003702297322953907,0.5757575757575758,0.5787878787878787,-0.003030303030302939,0.48223350253807107,0.4835443037974684,-0.0013108012593973095,0.7425669520859902,0.7398858322706018,0.002681119815388433,0.46684040472936406,0.46424453704619406,0.0025958676831699945
Random Forest,all_predictors,0.1,18,10920783833072924993,0.7033132530120482,0.7131024096385542,-0.009789156626506035,0.6200582984150118,0.626571324467116,-0.006513026052104243,0.41208791208791207,0.42735042735042733,-0.015262515262515264,0.45454545454545453,0.45454545454545453,0.0,0.4322766570605187,0.44052863436123346,-0.008251977300714752,0.7141100382583349,0.7118115017914617,0.002298536466873169,0.4534410905413171,0.45418186962503043,-0.0007407790837133388
Logistic Regression,all_predictors,0.1,19,1103706731577949292,0.6927710843373494,0.7010542168674698,-0.008283132530120474,0.6536102508046395,0.6601354223598712,-0.00652517155523169,0.4148471615720524,0.42538975501113585,-0.010542593439083425,0.5757575757575758,0.5787878787878787,-0.003030303030302939,0.48223350253807107,0.49037227214377405,-0.008138769605702978,0.7425669520859902,0.7377330418412582,0.004833910244732009,0.46684040472936406,0.4615193988516517,0.005321005877712337
Random Forest,all_predictors,0.1,19,1103706731577949292,0.7033132530120482,0.7093373493975904,-0.006024096385542244,0.6200582984150118,0.620009716402502,4.858201250979022e-05,0.41208791208791207,0.41954022988505746,-0.007452317797145391,0.45454545454545453,0.44242424242424244,0.012121212121212088,0.4322766570605187,0.4306784660766962,0.0015981909838225228,0.7141100382583349,0.7087447622517763,0.005365276006558561,0.4534410905413171,0.4449583932844364,0.008482697256880667
Logistic Regression,all_predictors,0.1,20,642331111905973683,0.6927710843373494,0.6920180722891566,0.0007530120481927804,0.6536102508046395,0.654123398311775,-0.0005131475071354918,0.4148471615720524,0.41431670281995664,0.000530458752095786,0.5757575757575758,0.5787878787878787,-0.003030303030302939,0.48223350253807107,0.4829329962073325,-0.0006994936692614195,0.7425669520859902,0.7347847209570657,0.0077822311289245105,0.46684040472936406,0.45996991814265764,0.006870486586706415
Random Forest,all_predictors,0.1,20,642331111905973683,0.7033132530120482,0.7003012048192772,0.0030120481927710108,0.6200582984150118,0.6129835428432623,0.007074755571749525,0.41208791208791207,0.40502793296089384,0.007059979127018223,0.45454545454545453,0.4393939393939394,0.015151515151515138,0.4322766570605187,0.42151162790697677,0.010765029153541938,0.7141100382583349,0.7051193295682273,0.00899070869010754,0.4534410905413171,0.4462325071401907,0.0072085834011264005
Logistic Regression,all_predictors,0.1,21,8475421518929020453,0.6927710843373494,0.6950301204819277,-0.0022590361445783413,0.6536102508046395,0.6642406024169552,-0.010630351612315625,0.4148471615720524,0.42071881606765327,-0.005871654495600842,0.5757575757575758,0.603030303030303,-0.027272727272727226,0.48223350253807107,0.49564134495641343,-0.013407842418342364,0.7425669520859902,0.7397309771057266,0.002835974980263667,0.46684040472936406,0.46561971906097016,0.001220685668393895
Random Forest,all_predictors,0.1,21,8475421518929020453,0.7033132530120482,0.7070783132530121,-0.0037650602409639022,0.6200582984150118,0.6185067103904779,0.001551588024533923,0.41208791208791207,0.41595441595441596,-0.0038665038665038898,0.45454545454545453,0.44242424242424244,0.012121212121212088,0.4322766570605187,0.4287812041116006,0.0034954529489181208,0.7141100382583349,0.7129987247221716,0.0011113135361632276,0.4534410905413171,0.4547484883232689,-0.0013073977819518245
Logistic Regression,all_predictors,0.1,22,13680080866536845759,0.6927710843373494,0.6995481927710844,-0.006777108433735024,0.6536102508046395,0.6621758668852857,-0.00856561608064621,0.4148471615720524,0.424507658643326,-0.009660497071273588,0.5757575757575758,0.5878787878787879,-0.012121212121212088,0.48223350253807107,0.49301143583227447,-0.010777933294203401,0.7425669520859902,0.7414920750592093,0.001074877026780885,0.46684040472936406,0.46545313663533244,0.0013872680940316129
Random Forest,all_predictors,0.1,22,13680080866536845759,0.7033132530120482,0.7085843373493976,-0.005271084337349463,0.6200582984150118,0.6205228639096374,-0.0004645654946255906,0.41208791208791207,0.4188034188034188,-0.006715506715506747,0.45454545454545453,0.44545454545454544,0.009090909090909094,0.4322766570605187,0.43171806167400884,0.0005585953865098747,0.7141100382583349,0.7169733406206351,-0.0028633023623002574,0.4534410905413171,0.4566325502891492,-0.0031914597478320816
Logistic Regression,all_predictors,0.1,23,7945448427035314324,0.6927710843373494,0.6957831325301205,-0.003012048192771122,0.6536102508046395,0.6606850063763892,-0.007074755571749636,0.4148471615720524,0.4202586206896552,-0.005411459117602768,0.5757575757575758,0.5909090909090909,-0.015151515151515138,0.48223350253807107,0.491183879093199,-0.008950376555127926,0.7425669520859902,0.7421540049796562,0.000412947106333994,0.46684040472936406,0.46576498762633306,0.0010754171030309956
Random Forest,all_predictors,0.1,23,7945448427035314324,0.7033132530120482,0.7063253012048193,-0.003012048192771122,0.6200582984150118,0.6220623064310439,-0.002004008016032066,0.41208791208791207,0.4166666666666667,-0.004578754578754618,0.45454545454545453,0.45454545454545453,0.0,0.4322766570605187,0.43478260869565216,-0.002505951635133452,0.7141100382583349,0.7106758972490436,0.0034341410092912916,0.4534410905413171,0.4501533670749466,0.003287723466370518
Logistic Regression,all_predictors,0.1,24,16167576418581175095,0.6927710843373494,0.6965361445783133,-0.0037650602409639022,0.6536102508046395,0.6571294103358232,-0.0035191595311836465,0.4148471615720524,0.4197802197802198,-0.004933058208167362,0.5757575757575758,0.5787878787878787,-0.003030303030302939,0.48223350253807107,0.48662420382165605,-0.004390701283584986,0.7425669520859902,0.7379759519038077,0.004591000182182503,0.46684040472936406,0.4644101761726872,0.00243022855667685
Random Forest,all_predictors,0.1,24,16167576418581175095,0.7033132530120482,0.7161144578313253,-0.012801204819277157,0.6200582984150118,0.6326319305277222,-0.012573632112710342,0.41208791208791207,0.43380281690140843,-0.02171490481349636,0.45454545454545453,0.4666666666666667,-0.012121212121212144,0.4322766570605187,0.44963503649635034,-0.017358379435831628,0.7141100382583349,0.71408574725208,2.429100625489511e-05,0.4534410905413171,0.4533291960156288,0.00011189452568827196
Logistic Regression,all_predictors,0.1,25,8975276641167281773,0.6927710843373494,0.6950301204819277,-0.0022590361445783413,0.6536102508046395,0.6581557053500942,-0.00454545454545463,0.4148471615720524,0.41865509761388287,-0.0038079360418304398,0.5757575757575758,0.5848484848484848,-0.009090909090909038,0.48223350253807107,0.4879898862199747,-0.005756383681903621,0.7425669520859902,0.7392117568470273,0.0033551952389628825,0.46684040472936406,0.46460262482750403,0.0022377799018600264
Random Forest,all_predictors,0.1,25,8975276641167281773,0.7033132530120482,0.7100903614457831,-0.006777108433734913,0.6200582984150118,0.624567316451084,-0.0045090180360721765,0.41208791208791207,0.4225352112676056,-0.010447299179693559,0.45454545454545453,0.45454545454545453,0.0,0.4322766570605187,0.43795620437956206,-0.005679547319043354,0.7141100382583349,0.7115503734742211,0.0025596647841137354,0.4534410905413171,0.44758012353280263,0.005860967008514462
Logistic Regression,all_predictors,0.1,26,2794022933429851672,0.6927710843373494,0.6912650602409639,0.0015060240963854499,0.6536102508046395,0.6526082467966235,0.0010020040080159776,0.4148471615720524,0.41304347826086957,0.0018036833111828576,0.5757575757575758,0.5757575757575758,0.0,0.48223350253807107,0.4810126582278481,0.0012208443102229571,0.7425669520859902,0.7404263071597741,0.0021406449262161287,0.46684040472936406,0.4634639841833147,0.0033764205460493635
Random Forest,all_predictors,0.1,26,2794022933429851672,0.7033132530120482,0.7048192771084337,-0.001506024096385561,0.6200582984150118,0.6159895548673103,0.004068743547701481,0.41208791208791207,0.4119318181818182,0.0001560939060938904,0.45454545454545453,0.4393939393939394,0.015151515151515138,0.4322766570605187,0.4252199413489736,0.007056715711545092,0.7141100382583349,0.7161231554017126,-0.0020131171433777073,0.4534410905413171,0.45041534970343866,0.0030257408378784323
Logistic Regression,all_predictors,0.1,27,4918006733259990310,0.6927710843373494,0.6905120481927711,0.0022590361445782303,0.6536102508046395,0.6561638428371895,-0.0025535920325500117,0.4148471615720524,0.4136460554371002,0.0012011061349522234,0.5757575757575758,0.5878787878787879,-0.012121212121212088,0.48223350253807107,0.4856070087609512,-0.0033735062228801294,0.7425669520859902,0.7411125280864761,0.0014544239995141206,0.46684040472936406,0.46895240219355927,-0.0021119974641952144
Random Forest,all_predictors,0.1,27,4918006733259990310,0.7033132530120482,0.7033132530120482,0.0,0.6200582984150118,0.6180299993927248,0.0020282990222869612,0.41208791208791207,0.4111111111111111,0.0009768009768009733,0.45454545454545453,0.4484848484848485,0.006060606060606044,0.4322766570605187,0.4289855072463768,0.0032911498141419138,0.7141100382583349,0.7214337766441975,-0.007323738385862644,0.4534410905413171,0.46212096465135555,-0.008679874110038455
Logistic Regression,all_predictors,0.1,28,13624780479311571612,0.6927710843373494,0.6942771084337349,-0.001506024096385561,0.6536102508046395,0.6505556567680816,0.003054594036557945,0.4148471615720524,0.41517857142857145,-0.0003314098565190271,0.5757575757575758,0.5636363636363636,0.0121212121212122,0.48223350253807107,0.4781491002570694,0.004084402281001653,0.7425669520859902,0.7405022165543207,0.002064735531669526,0.46684040472936406,0.46790525902787633,-0.0010648542985122744
Random Forest,all_predictors,0.1,28,13624780479311571612,0.7033132530120482,0.7093373493975904,-0.006024096385542244,0.6200582984150118,0.6271087629805064,-0.00705046456549463,0.41208791208791207,0.42265193370165743,-0.010564021613745367,0.45454545454545453,0.4636363636363636,-0.009090909090909094,0.4322766570605187,0.4421965317919075,-0.009919874731388778,0.7141100382583349,0.71567984453756,-0.0015698062792250944,0.4534410905413171,0.4605614802430384,-0.007120389701721297
Logistic Regression,all_predictors,0.1,29,2420902280064156354,0.6927710843373494,0.6859939759036144,0.006777108433734913,0.6536102508046395,0.6460587842351369,0.007551466569502674,0.4148471615720524,0.40563991323210413,0.009207248339948293,0.5757575757575758,0.5666666666666667,0.00909090909090915,0.48223350253807107,0.47281921618204803,0.009414286356023038,0.7425669520859902,0.7377876966053318,0.004779255480658384,0.46684040472936406,0.4652236453186563,0.0016167594107077687
Random Forest,all_predictors,0.1,29,2420902280064156354,0.7033132530120482,0.7055722891566265,-0.0022590361445783413,0.6200582984150118,0.6205471549158924,-0.0004888565008805967,0.41208791208791207,0.415041782729805,-0.002953870641892953,0.45454545454545453,0.45151515151515154,0.0030303030303029943,0.4322766570605187,0.432510885341074,-0.0002342282805553042,0.7141100382583349,0.7140037651059694,0.00010627315236544366,0.4534410905413171,0.45953037685619647,-0.006089286314879372
Logistic Regression,all_predictors,0.2,0,3940079333141724387,0.6927710843373494,0.7010542168674698,-0.008283132530120474,0.6536102508046395,0.6591212728487278,-0.005511022044088265,0.4148471615720524,0.4250559284116331,-0.010208766839580663,0.5757575757575758,0.5757575757575758,0.0,0.48223350253807107,0.48906048906048905,-0.006826986522417977,0.7425669520859902,0.7303212485577215,0.012245703528268703,0.46684040472936406,0.45860576909558365,0.008234635633780407
Random Forest,all_predictors,0.2,0,3940079333141724387,0.7033132530120482,0.7025602409638554,0.0007530120481927804,0.6200582984150118,0.6094158012995688,0.010642497115442962,0.41208791208791207,0.4057971014492754,0.006290810638636679,0.45454545454545453,0.42424242424242425,0.030303030303030276,0.4322766570605187,0.4148148148148148,0.017461842245703907,0.7141100382583349,0.7026264650513147,0.011483573207020203,0.4534410905413171,0.45902539917708385,-0.005584308635766755
Logistic Regression,all_predictors,0.2,1,16178203566566861184,0.6927710843373494,0.7003012048192772,-0.0075301204819278045,0.6536102508046395,0.6606485698670067,-0.007038319062367182,0.4148471615720524,0.4247787610619469,-0.009931599489894471,0.5757575757575758,0.5818181818181818,-0.006060606060605989,0.48223350253807107,0.49104859335038364,-0.008815090812312576,0.7425669520859902,0.7304609218436875,0.012106030242302723,0.46684040472936406,0.46156455459348034,0.0052758501358837195
Random Forest,all_predictors,0.2,1,16178203566566861184,0.7033132530120482,0.7131024096385542,-0.009789156626506035,0.6200582984150118,0.626571324467116,-0.006513026052104243,0.41208791208791207,0.42735042735042733,-0.015262515262515264,0.45454545454545453,0.45454545454545453,0.0,0.4322766570605187,0.44052863436123346,-0.008251977300714752,0.7141100382583349,0.7197668063399527,-0.005656768081617858,0.4534410905413171,0.4642275588063064,-0.010786468264989302
Logistic Regression,all_predictors,0.2,2,12130354032918929276,0.6927710843373494,0.7010542168674698,-0.008283132530120474,0.6536102508046395,0.6702769174713062,-0.01666666666666672,0.4148471615720524,0.42857142857142855,-0.013724266999376122,0.5757575757575758,0.6090909090909091,-0.033333333333333326,0.48223350253807107,0.5031289111389237,-0.020895408600852594,0.7425669520859902,0.7350792494079067,0.007487702678083519,0.46684040472936406,0.46311683699659634,0.0037235677327677186
Random Forest,all_predictors,0.2,2,12130354032918929276,0.7033132530120482,0.7191265060240963,-0.015813253012048167,0.6200582984150118,0.6366642375660412,-0.01660593915102937,0.41208791208791207,0.4394366197183099,-0.027348707630397817,0.45454545454545453,0.4727272727272727,-0.018181818181818188,0.4322766570605187,0.4554744525547445,-0.023197795494225792,0.7141100382583349,0.7169490496143802,-0.0028390113560453623,0.4534410905413171,0.45940935512776954,-0.005968264586452443
Logistic Regression,all_predictors,0.2,3,13821269659617052727,0.6927710843373494,0.6957831325301205,-0.003012048192771122,0.6536102508046395,0.6596708568652456,-0.0060606060606061,0.4148471615720524,0.4199134199134199,-0.00506625834136748,0.5757575757575758,0.5878787878787879,-0.012121212121212088,0.48223350253807107,0.4898989898989899,-0.007665487360918821,0.7425669520859902,0.7360205259002854,0.006546426185704779,0.46684040472936406,0.46125784363169003,0.005582561097674021
Random Forest,all_predictors,0.2,3,13821269659617052727,0.7033132530120482,0.713855421686747,-0.010542168674698815,0.6200582984150118,0.6361996720714156,-0.01614137365640378,0.41208791208791207,0.4320652173913043,-0.019977305303392257,0.45454545454545453,0.4818181818181818,-0.027272727272727282,0.4322766570605187,0.45558739255014324,-0.023310735489624534,0.7141100382583349,0.7191109491710693,-0.005000910912734469,0.4534410905413171,0.46518574142003766,-0.011744650878720564
Logistic Regression,all_predictors,0.2,4,12731473562108421594,0.6927710843373494,0.6890060240963856,0.003765060240963791,0.6536102508046395,0.652119390295743,0.0014908605088965743,0.4148471615720524,0.410752688172043,0.004094473400009402,0.5757575757575758,0.5787878787878787,-0.003030303030302939,0.48223350253807107,0.48050314465408805,0.0017303578839830136,0.7425669520859902,0.7305125402319793,0.012054411854010905,0.46684040472936406,0.4593573875460305,0.007483017183333551
Random Forest,all_predictors,0.2,4,12731473562108421594,0.7033132530120482,0.7055722891566265,-0.0022590361445783413,0.6200582984150118,0.6195330054047489,0.0005252930102629394,0.41208791208791207,0.41456582633053224,-0.0024779142426201717,0.45454545454545453,0.4484848484848485,0.006060606060606044,0.4322766570605187,0.43085880640465796,0.0014178506558607529,0.7141100382583349,0.7131232161292281,0.0009868221291067236,0.4534410905413171,0.4548193676529904,-0.0013782771116733206
Logistic Regression,all_predictors,0.2,5,13585141596259953176,0.6927710843373494,0.7070783132530121,-0.014307228915662717,0.6536102508046395,0.6661717374142224,-0.012561486609582895,0.4148471615720524,0.4337078651685393,-0.018860703596486894,0.5757575757575758,0.5848484848484848,-0.009090909090909038,0.48223350253807107,0.49806451612903224,-0.015831013590961174,0.7425669520859902,0.7317270905447256,0.010839861541264595,0.46684040472936406,0.45848667926075515,0.008353725468608908
Random Forest,all_predictors,0.2,5,13585141596259953176,0.7033132530120482,0.7198795180722891,-0.016566265060240948,0.6200582984150118,0.6341227910366187,-0.014064492621606917,0.41208791208791207,0.4396551724137931,-0.027567260325881027,0.45454545454545453,0.4636363636363636,-0.009090909090909094,0.4322766570605187,0.45132743362831856,-0.019050776567799854,0.7141100382583349,0.7115716281046942,0.0025384101536406467,0.4534410905413171,0.4456962269679699,0.007744863573347194
Logistic Regression,all_predictors,0.2,6,3566902812830933840,0.6927710843373494,0.6980421686746988,-0.005271084337349463,0.6536102508046395,0.6632021618995567,-0.009591911094917194,0.4148471615720524,0.42332613390928725,-0.008478972337234825,0.5757575757575758,0.593939393939394,-0.018181818181818188,0.48223350253807107,0.4943253467843632,-0.012091844246292116,0.7425669520859902,0.736415254751928,0.006151697334062178,0.46684040472936406,0.4609529588659853,0.0058874458633787485
Random Forest,all_predictors,0.2,6,3566902812830933840,0.7033132530120482,0.7108433734939759,-0.0075301204819276935,0.6200582984150118,0.6301390660108095,-0.01008076759579768,0.41208791208791207,0.4258241758241758,-0.013736263736263743,0.45454545454545453,0.4696969696969697,-0.015151515151515194,0.4322766570605187,0.44668587896253603,-0.014409221902017322,0.7141100382583349,0.7188801846116475,-0.004770146353312632,0.4534410905413171,0.46784165651996346,-0.014400565978646362
Logistic Regression,all_predictors,0.2,7,3241885684834070111,0.6927710843373494,0.6859939759036144,0.006777108433734913,0.6536102508046395,0.6491012327685675,0.0045090180360720655,0.4148471615720524,0.4068522483940043,0.007994913178048124,0.5757575757575758,0.5757575757575758,0.0,0.48223350253807107,0.4767879548306148,0.005445547707456255,0.7425669520859902,0.7285419323495477,0.014025019736442546,0.46684040472936406,0.45595642607530945,0.010883978654054605
Random Forest,all_predictors,0.2,7,3241885684834070111,0.7033132530120482,0.7018072289156626,0.001506024096385561,0.6200582984150118,0.6099289488067043,0.01012934960830747,0.41208791208791207,0.4051724137931034,0.006915498294808642,0.45454545454545453,0.42727272727272725,0.027272727272727282,0.4322766570605187,0.415929203539823,0.01634745352069572,0.7141100382583349,0.7030849577943766,0.011025080463958226,0.4534410905413171,0.44351345117315966,0.009927639368157437
Logistic Regression,all_predictors,0.2,8,12294716303080971833,0.6927710843373494,0.7003012048192772,-0.0075301204819278045,0.6536102508046395,0.6657193174227243,-0.012109066618084752,0.4148471615720524,0.4264069264069264,-0.011559764834873976,0.5757575757575758,0.5969696969696969,-0.021212121212121127,0.48223350253807107,0.49747474747474746,-0.01524124493667639,0.7425669520859902,0.7348788486063035,0.0076881034796867365,0.46684040472936406,0.4573790837936873,0.009461320935676754
Random Forest,all_predictors,0.2,8,12294716303080971833,0.7033132530120482,0.7115963855421686,-0.008283132530120474,0.6200582984150118,0.621512722414526,-0.0014544239995142316,0.41208791208791207,0.42318840579710143,-0.011100493709189363,0.45454545454545453,0.44242424242424244,0.012121212121212088,0.4322766570605187,0.4325925925925926,-0.00031593553207387437,0.7141100382583349,0.7181544907997813,-0.004044452541446475,0.4534410905413171,0.4666175394319651,-0.013176448890648007
Logistic Regression,all_predictors,0.2,9,9627150232742926238,0.6927710843373494,0.6927710843373494,0.0,0.6536102508046395,0.6586809983603571,-0.00507074755571757,0.4148471615720524,0.4166666666666667,-0.00181950509461426,0.5757575757575758,0.5909090909090909,-0.015151515151515138,0.48223350253807107,0.48872180451127817,-0.0064883019732071,0.7425669520859902,0.7358565616080648,0.006710390477925432,0.46684040472936406,0.4546565377324284,0.012183866996935633
Random Forest,all_predictors,0.2,9,9627150232742926238,0.7033132530120482,0.7198795180722891,-0.016566265060240948,0.6200582984150118,0.6442642861480536,-0.024205987733041834,0.41208791208791207,0.4429347826086957,-0.03084687052078361,0.45454545454545453,0.49393939393939396,-0.039393939393939426,0.4322766570605187,0.4670487106017192,-0.0347720535412005,0.7141100382583349,0.7155826805125403,-0.001472642254205403,0.4534410905413171,0.45214193689582816,0.0012991536454889374
Logistic Regression,all_predictors,0.2,10,8073664248664935204,0.6927710843373494,0.6792168674698795,0.013554216867469826,0.6536102508046395,0.6344507196210603,0.01915953118357927,0.4148471615720524,0.39473684210526316,0.02011031946678926,0.5757575757575758,0.5454545454545454,0.030303030303030387,0.48223350253807107,0.4580152671755725,0.024218235362498564,0.7425669520859902,0.7327564219347787,0.009810530151211472,0.46684040472936406,0.4535697399019163,0.013270664827447765
Random Forest,all_predictors,0.2,10,8073664248664935204,0.7033132530120482,0.7123493975903614,-0.009036144578313254,0.6200582984150118,0.6250561729519646,-0.004997874536952773,0.41208791208791207,0.4257142857142857,-0.013626373626373645,0.45454545454545453,0.45151515151515154,0.0030303030303029943,0.4322766570605187,0.43823529411764706,-0.0059586370571283465,0.7141100382583349,0.7118783020586628,0.0022317361996720964,0.4534410905413171,0.45322374508732555,0.00021734545399154648
Logistic Regression,all_predictors,0.2,11,12476900828306897265,0.6927710843373494,0.6935240963855421,-0.0007530120481927804,0.6536102508046395,0.655125402319791,-0.0015151515151514694,0.4148471615720524,0.41612200435729846,-0.0012748427852460331,0.5757575757575758,0.5787878787878787,-0.003030303030302939,0.48223350253807107,0.4841571609632446,-0.0019236584251735578,0.7425669520859902,0.734593429282808,0.007973522803182198,0.46684040472936406,0.4543507506423063,0.012489654087057767
Random Forest,all_predictors,0.2,11,12476900828306897265,0.7033132530120482,0.7100903614457831,-0.006777108433734913,0.6200582984150118,0.626595615473371,-0.006537317058359138,0.41208791208791207,0.4233983286908078,-0.011310416602895723,0.45454545454545453,0.46060606060606063,-0.0060606060606061,0.4322766570605187,0.4412191582002903,-0.008942501139771575,0.7141100382583349,0.7218254691200583,-0.007715430861723438,0.4534410905413171,0.4615622759995186,-0.008121185458201508
Logistic Regression,all_predictors,0.2,12,13580825514391517183,0.6927710843373494,0.6890060240963856,0.003765060240963791,0.6536102508046395,0.6511052407845995,0.0025050100200399994,0.4148471615720524,0.4103671706263499,0.0044799909457025056,0.5757575757575758,0.5757575757575758,0.0,0.48223350253807107,0.4791929382093317,0.0030405643287393924,0.7425669520859902,0.7301087022529908,0.012458249832999369,0.46684040472936406,0.4570795153221973,0.00976088940716674
Random Forest,all_predictors,0.2,12,13580825514391517183,0.7033132530120482,0.7100903614457831,-0.006777108433734913,0.6200582984150118,0.622539017428797,-0.0024807190137852153,0.41208791208791207,0.42165242165242167,-0.009564509564509605,0.45454545454545453,0.4484848484848485,0.006060606060606044,0.4322766570605187,0.434654919236417,-0.002378262175898316,0.7141100382583349,0.7123125037954697,0.0017975344628651246,0.4534410905413171,0.4516369285970755,0.0018041619442416001
Logistic Regression,all_predictors,0.2,13,15479661720535694674,0.6927710843373494,0.6890060240963856,0.003765060240963791,0.6536102508046395,0.6551618388291736,-0.001551588024534034,0.4148471615720524,0.4118895966029724,0.0029575649690800065,0.5757575757575758,0.5878787878787879,-0.012121212121212088,0.48223350253807107,0.484394506866417,-0.002161004328345928,0.7425669520859902,0.7359597983846481,0.006607153701342128,0.46684040472936406,0.4600316397554027,0.006808764973961379
Random Forest,all_predictors,0.2,13,15479661720535694674,0.7033132530120482,0.7093373493975904,-0.006024096385542244,0.6200582984150118,0.6311653610250805,-0.011107062610068663,0.41208791208791207,0.4243243243243243,-0.012236412236412253,0.45454545454545453,0.47575757575757577,-0.021212121212121238,0.4322766570605187,0.44857142857142857,-0.016294771510909856,0.7141100382583349,0.7222384162263923,-0.008128377968057432,0.4534410905413171,0.46674506516281433,-0.013303974621497239
Logistic Regression,all_predictors,0.2,14,8458358997907162386,0.6927710843373494,0.6912650602409639,0.0015060240963854499,0.6536102508046395,0.6576789943523411,-0.004068743547701592,0.4148471615720524,0.4148936170212766,-4.6455449224158674e-05,0.5757575757575758,0.5909090909090909,-0.015151515151515138,0.48223350253807107,0.4875,-0.005266497461928921,0.7425669520859902,0.732452784356592,0.010114167729398216,0.46684040472936406,0.4582027806198068,0.008637624109557263
Random Forest,all_predictors,0.2,14,8458358997907162386,0.7033132530120482,0.7115963855421686,-0.008283132530120474,0.6200582984150118,0.629625918503674,-0.009567620088662188,0.41208791208791207,0.4265927977839335,-0.01450488569602143,0.45454545454545453,0.4666666666666667,-0.012121212121212144,0.4322766570605187,0.44573082489146165,-0.013454167830942942,0.7141100382583349,0.7100807675957977,0.00402927066253711,0.4534410905413171,0.45276396576655065,0.0006771247747664466
Logistic Regression,all_predictors,0.2,15,16500113985742536648,0.6927710843373494,0.6905120481927711,0.0022590361445782303,0.6536102508046395,0.6612345903929071,-0.007624339588267581,0.4148471615720524,0.4154488517745303,-0.0006016902024778559,0.5757575757575758,0.603030303030303,-0.027272727272727226,0.48223350253807107,0.4919653893695921,-0.009731886831521042,0.7425669520859902,0.7244337159166818,0.018133236169308398,0.46684040472936406,0.4584322489268696,0.008408155802494433
Random Forest,all_predictors,0.2,15,16500113985742536648,0.7033132530120482,0.7131024096385542,-0.009789156626506035,0.6200582984150118,0.6296137730005466,-0.00955547458553474,0.41208791208791207,0.42857142857142855,-0.01648351648351648,0.45454545454545453,0.4636363636363636,-0.009090909090909094,0.4322766570605187,0.44541484716157204,-0.013138190101053326,0.7141100382583349,0.7100382583348515,0.0040717799234833985,0.4534410905413171,0.45411498720634785,-0.0006738966650307598
Logistic Regression,all_predictors,0.2,16,12748391203106031902,0.6927710843373494,0.6875,0.005271084337349352,0.6536102508046395,0.6470607882431529,0.006549462561486585,0.4148471615720524,0.4074074074074074,0.0074397541646450405,0.5757575757575758,0.5666666666666667,0.00909090909090915,0.48223350253807107,0.4740177439797212,0.008215758558349884,0.7425669520859902,0.7276158377360782,0.014951114349912031,0.46684040472936406,0.4602897124687701,0.00655069226059396
Random Forest,all_predictors,0.2,16,12748391203106031902,0.7033132530120482,0.713855421686747,-0.010542168674698815,0.6200582984150118,0.6361996720714156,-0.01614137365640378,0.41208791208791207,0.4320652173913043,-0.019977305303392257,0.45454545454545453,0.4818181818181818,-0.027272727272727282,0.4322766570605187,0.45558739255014324,-0.023310735489624534,0.7141100382583349,0.7105574785935507,0.003552559664784183,0.4534410905413171,0.4639374313255524,-0.01049634078423528
Logistic Regression,all_predictors,0.2,17,7170896603366775916,0.6927710843373494,0.7025602409638554,-0.009789156626506035,0.6536102508046395,0.6631657253901743,-0.00955547458553474,0.4148471615720524,0.4279379157427938,-0.013090754170741348,0.5757575757575758,0.5848484848484848,-0.009090909090909038,0.48223350253807107,0.4942381562099872,-0.01200465367191611,0.7425669520859902,0.7437541750167002,-0.0011872229307099413,0.46684040472936406,0.46930269765555044,-0.0024622929261863824
Random Forest,all_predictors,0.2,17,7170896603366775916,0.7033132530120482,0.7131024096385542,-0.009789156626506035,0.6200582984150118,0.6215005769113986,-0.001442278496386784,0.41208791208791207,0.4252199413489736,-0.01313202926106155,0.45454545454545453,0.4393939393939394,0.015151515151515138,0.4322766570605187,0.43219076005961254,8.589700090616548e-05,0.7141100382583349,0.7230764559421874,-0.008966417683852534,0.4534410905413171,0.4661422722606072,-0.012701181719290133
Logistic Regression,all_predictors,0.2,18,2160154430860557761,0.6927710843373494,0.6920180722891566,0.0007530120481927804,0.6536102508046395,0.656151697334062,-0.002541446529422453,0.4148471615720524,0.4150537634408602,-0.00020660186880777642,0.5757575757575758,0.5848484848484848,-0.009090909090909038,0.48223350253807107,0.48553459119496856,-0.0033010886568974884,0.7425669520859902,0.7318910548369467,0.010675897249043498,0.46684040472936406,0.4569675147016714,0.009872890027692649
Random Forest,all_predictors,0.2,18,2160154430860557761,0.7033132530120482,0.7153614457831325,-0.012048192771084376,0.6200582984150118,0.6361875265682881,-0.01612922815327633,0.41208791208791207,0.4340659340659341,-0.02197802197802201,0.45454545454545453,0.47878787878787876,-0.024242424242424232,0.4322766570605187,0.4553314121037464,-0.02305475504322768,0.7141100382583349,0.7102842047731828,0.003825833485152086,0.4534410905413171,0.45412072773512163,-0.0006796371938045387
Logistic Regression,all_predictors,0.2,19,14862758381452940491,0.6927710843373494,0.7010542168674698,-0.008283132530120474,0.6536102508046395,0.6611495718710148,-0.007539321066375226,0.4148471615720524,0.42572062084257206,-0.010873459270519636,0.5757575757575758,0.5818181818181818,-0.006060606060605989,0.48223350253807107,0.49167733674775926,-0.009443834209688196,0.7425669520859902,0.7282959859112164,0.014270966174773858,0.46684040472936406,0.452972672182979,0.01386773254638507
Random Forest,all_predictors,0.2,19,14862758381452940491,0.7033132530120482,0.7055722891566265,-0.0022590361445783413,0.6200582984150118,0.6205471549158924,-0.0004888565008805967,0.41208791208791207,0.415041782729805,-0.002953870641892953,0.45454545454545453,0.45151515151515154,0.0030303030303029943,0.4322766570605187,0.432510885341074,-0.0002342282805553042,0.7141100382583349,0.7071871014756785,0.006922936782656319,0.4534410905413171,0.4464879144883621,0.006953176052954979
Logistic Regression,all_predictors,0.2,20,16277125707734821044,0.6927710843373494,0.6897590361445783,0.0030120481927710108,0.6536102508046395,0.650592093277464,0.0030181575271754912,0.4148471615720524,0.4108695652173913,0.003977596354661106,0.5757575757575758,0.5727272727272728,0.00303030303030305,0.48223350253807107,0.47848101265822784,0.003752489879843224,0.7425669520859902,0.7222293070990465,0.02033764498694368,0.46684040472936406,0.4516761306999606,0.015164274029403457
Random Forest,all_predictors,0.2,20,16277125707734821044,0.7033132530120482,0.7146084337349398,-0.011295180722891596,0.6200582984150118,0.6326440760308496,-0.01258577761583779,0.41208791208791207,0.43175487465181056,-0.019666962563898494,0.45454545454545453,0.4696969696969697,-0.015151515151515194,0.4322766570605187,0.44992743105950656,-0.017650773998987845,0.7141100382583349,0.697813809437056,0.016296228821278902,0.4534410905413171,0.44231525632452784,0.011125834216789254
Logistic Regression,all_predictors,0.2,21,16931657997042905867,0.6927710843373494,0.6882530120481928,0.004518072289156572,0.6536102508046395,0.659731584380883,-0.006121333576243448,0.4148471615720524,0.41286307053941906,0.0019840910326333616,0.5757575757575758,0.603030303030303,-0.027272727272727226,0.48223350253807107,0.49014778325123154,-0.007914280713160471,0.7425669520859902,0.7309558510961316,0.011611100989858625,0.46684040472936406,0.4589768711341195,0.007863533595244554
Random Forest,all_predictors,0.2,21,16931657997042905867,0.7033132530120482,0.6965361445783133,0.006777108433734913,0.6200582984150118,0.6084502338009352,0.011608064614076596,0.41208791208791207,0.3983286908077994,0.013759221280112643,0.45454545454545453,0.43333333333333335,0.021212121212121182,0.4322766570605187,0.41509433962264153,0.01718231743787718,0.7141100382583349,0.709388473917532,0.004721564340802842,0.4534410905413171,0.4545192483957846,-0.0010781578544675208
Logistic Regression,all_predictors,0.2,22,18054706806489833986,0.6927710843373494,0.6935240963855421,-0.0007530120481927804,0.6536102508046395,0.6541112528086477,-0.0005010020040081553,0.4148471615720524,0.41575492341356673,-0.0009077618415143096,0.5757575757575758,0.5757575757575758,0.0,0.48223350253807107,0.48284625158831,-0.0006127490502389477,0.7425669520859902,0.7356288334244245,0.006938118661565684,0.46684040472936406,0.46152021032821644,0.0053201944011476154
Random Forest,all_predictors,0.2,22,18054706806489833986,0.7033132530120482,0.7093373493975904,-0.006024096385542244,0.6200582984150118,0.6210238659136454,-0.0009655674986336349,0.41208791208791207,0.42,-0.007912087912087917,0.45454545454545453,0.44545454545454544,0.009090909090909094,0.4322766570605187,0.4323529411764706,-7.628411595189677e-05,0.7141100382583349,0.7235470941883766,-0.009437055930041738,0.4534410905413171,0.4601683587625172,-0.006727268221200122
Logistic Regression,all_predictors,0.2,23,6867929120790771001,0.6927710843373494,0.6905120481927711,0.0022590361445782303,0.6536102508046395,0.6561638428371895,-0.0025535920325500117,0.4148471615720524,0.4136460554371002,0.0012011061349522234,0.5757575757575758,0.5878787878787879,-0.012121212121212088,0.48223350253807107,0.4856070087609512,-0.0033735062228801294,0.7425669520859902,0.736463836764438,0.006103115321552166,0.46684040472936406,0.4609941004817597,0.00584630424760435
Random Forest,all_predictors,0.2,23,6867929120790771001,0.7033132530120482,0.7003012048192772,0.0030120481927710108,0.6200582984150118,0.6170401408878363,0.0030181575271754912,0.41208791208791207,0.40710382513661203,0.004984086951300037,0.45454545454545453,0.45151515151515154,0.0030303030303029943,0.4322766570605187,0.4281609195402299,0.00411573752028882,0.7141100382583349,0.7110736624764681,0.0030363757818667736,0.4534410905413171,0.4499582894079156,0.003482801133401492
Logistic Regression,all_predictors,0.2,24,14498437212515376575,0.6927710843373494,0.6897590361445783,0.0030120481927710108,0.6536102508046395,0.656676990344325,-0.0030667395396855035,0.4148471615720524,0.413135593220339,0.0017115683517134328,0.5757575757575758,0.5909090909090909,-0.015151515151515138,0.48223350253807107,0.486284289276808,-0.004050786738736933,0.7425669520859902,0.7285631869800205,0.014003765105969679,0.46684040472936406,0.45719669945496677,0.009643705274397285
Random Forest,all_predictors,0.2,24,14498437212515376575,0.7033132530120482,0.7191265060240963,-0.015813253012048167,0.6200582984150118,0.6356500880548976,-0.015591789639885834,0.41208791208791207,0.43909348441926344,-0.02700557233135137,0.45454545454545453,0.4696969696969697,-0.015151515151515194,0.4322766570605187,0.4538799414348463,-0.02160328437432757,0.7141100382583349,0.7102750956458371,0.003834942612497727,0.4534410905413171,0.45322943421117423,0.000211656330142862
Logistic Regression,all_predictors,0.2,25,15925393536573030805,0.6927710843373494,0.6912650602409639,0.0015060240963854499,0.6536102508046395,0.6586931438634845,-0.005082893058845017,0.4148471615720524,0.4152542372881356,-0.0004070757160831717,0.5757575757575758,0.593939393939394,-0.018181818181818188,0.48223350253807107,0.48877805486284287,-0.006544552324771802,0.7425669520859902,0.731059087872715,0.01150786421327521,0.46684040472936406,0.455979933585739,0.010860471143625039
Random Forest,all_predictors,0.2,25,15925393536573030805,0.7033132530120482,0.7115963855421686,-0.008283132530120474,0.6200582984150118,0.6265834699702435,-0.00652517155523169,0.41208791208791207,0.4253521126760563,-0.01326420058814426,0.45454545454545453,0.4575757575757576,-0.00303030303030305,0.4322766570605187,0.4408759124087591,-0.008599255348240409,0.7141100382583349,0.7088328171494505,0.0052772211088844,0.4534410905413171,0.45516301435567547,-0.0017219238143583726
Logistic Regression,all_predictors,0.2,26,8835872163609025138,0.6927710843373494,0.6882530120481928,0.004518072289156572,0.6536102508046395,0.6566891358474525,-0.003078885042812951,0.4148471615720524,0.4117647058823529,0.0030824556896995037,0.5757575757575758,0.593939393939394,-0.018181818181818188,0.48223350253807107,0.48635235732009924,-0.00411885478202817,0.7425669520859902,0.7341258274124005,0.008441124673589706,0.46684040472936406,0.4589852886493055,0.007855116080058566
Random Forest,all_predictors,0.2,26,8835872163609025138,0.7033132530120482,0.7010542168674698,0.0022590361445783413,0.6200582984150118,0.6073996477804093,0.012658650634602475,0.41208791208791207,0.4028985507246377,0.009189361363274362,0.45454545454545453,0.4212121212121212,0.033333333333333326,0.4322766570605187,0.41185185185185186,0.020424805208666852,0.7141100382583349,0.7140948563794255,1.5181878909364954e-05,0.4534410905413171,0.4543790856624253,-0.0009379951211082038
Logistic Regression,all_predictors,0.2,27,15093041551840673539,0.6927710843373494,0.6905120481927711,0.0022590361445782303,0.6536102508046395,0.6521072447926155,0.0015030060120240218,0.4148471615720524,0.4121475054229935,0.0026996561490589266,0.5757575757575758,0.5757575757575758,0.0,0.48223350253807107,0.4804045512010114,0.001828951337059681,0.7425669520859902,0.7350579947774336,0.0075089573085566075,0.46684040472936406,0.4679568398160186,-0.0011164350866545436
Random Forest,all_predictors,0.2,27,15093041551840673539,0.7033132530120482,0.7168674698795181,-0.013554216867469937,0.6200582984150118,0.6341470820428736,-0.014088783627861812,0.41208791208791207,0.4353932584269663,-0.023305346339054234,0.45454545454545453,0.4696969696969697,-0.015151515151515194,0.4322766570605187,0.4518950437317784,-0.019618386671259702,0.7141100382583349,0.7236290763344873,-0.009519038076152397,0.4534410905413171,0.46721897933160017,-0.013777888790283077
Logistic Regression,all_predictors,0.2,28,16792493439759906968,0.6927710843373494,0.6965361445783133,-0.0037650602409639022,0.6536102508046395,0.6561152608246796,-0.0025050100200401104,0.4148471615720524,0.4194260485651214,-0.004578886993068965,0.5757575757575758,0.5757575757575758,0.0,0.48223350253807107,0.48531289910600256,-0.0030793965679314916,0.7425669520859902,0.7335792797716645,0.008987672314325734,0.46684040472936406,0.4656675438520499,0.0011728608773141636
Random Forest,all_predictors,0.2,28,16792493439759906968,0.7033132530120482,0.7198795180722891,-0.016566265060240948,0.6200582984150118,0.6361510900589057,-0.016092791643893878,0.41208791208791207,0.4403409090909091,-0.02825299700299705,0.45454545454545453,0.4696969696969697,-0.015151515151515194,0.4322766570605187,0.45454545454545453,-0.02226879748493582,0.7141100382583349,0.7106516062427887,0.0034584320155461867,0.4534410905413171,0.4697160585395429,-0.01627496799822581
Logistic Regression,all_predictors,0.2,29,8182824713376801081,0.6927710843373494,0.6859939759036144,0.006777108433734913,0.6536102508046395,0.6470729337462804,0.006537317058359138,0.4148471615720524,0.4060475161987041,0.00879964537334832,0.5757575757575758,0.5696969696969697,0.0060606060606061,0.48223350253807107,0.47414880201765447,0.008084700520416599,0.7425669520859902,0.7282959859112164,0.014270966174773858,0.46684040472936406,0.4593213259199088,0.007519078809455237
Random Forest,all_predictors,0.2,29,8182824713376801081,0.7033132530120482,0.7183734939759037,-0.015060240963855498,0.6200582984150118,0.6270358899617416,-0.006977591546729833,0.41208791208791207,0.4349112426035503,-0.02282333051563823,0.45454545454545453,0.44545454545454544,0.009090909090909094,0.4322766570605187,0.44011976047904194,-0.007843103418523234,0.7141100382583349,0.7123003582923422,0.0018096799659926832,0.4534410905413171,0.4638009956890791,-0.010359905147762027
Logistic Regression,all_predictors,0.5,0,15996217891155315244,0.6927710843373494,0.6754518072289156,0.017319277108433728,0.6536102508046395,0.6441155037347421,0.009494747069897391,0.4148471615720524,0.3958762886597938,0.01897087291225863,0.5757575757575758,0.5818181818181818,-0.006060606060605989,0.48223350253807107,0.47116564417177914,0.011067858366291927,0.7425669520859902,0.688401044513269,0.05416590757272122,0.46684040472936406,0.4300332154030927,0.03680718932627136
Random Forest,all_predictors,0.5,0,15996217891155315244,0.7033132530120482,0.6897590361445783,0.013554216867469826,0.6200582984150118,0.6079978138094371,0.01206048460557474,0.41208791208791207,0.39095744680851063,0.021130465279401434,0.45454545454545453,0.44545454545454544,0.009090909090909094,0.4322766570605187,0.4164305949008499,0.015846062159668828,0.7141100382583349,0.6743426246432259,0.03976741361510894,0.4534410905413171,0.4450198022582844,0.00842128828303268
Logistic Regression,all_predictors,0.5,1,15388304359594695503,0.6927710843373494,0.6731927710843374,0.01957831325301196,0.6536102508046395,0.6405841987004313,0.013026052104208263,0.4148471615720524,0.3925619834710744,0.02228517810097802,0.5757575757575758,0.5757575757575758,0.0,0.48223350253807107,0.4668304668304668,0.015403035707604262,0.7425669520859902,0.6917683852553592,0.050798566830631,0.46684040472936406,0.4351986865046612,0.03164171822470285
Random Forest,all_predictors,0.5,1,15388304359594695503,0.7033132530120482,0.6995481927710844,0.003765060240963791,0.6200582984150118,0.6084259427946803,0.011632355620331492,0.41208791208791207,0.4017094017094017,0.010378510378510342,0.45454545454545453,0.42727272727272725,0.027272727272727282,0.4322766570605187,0.41409691629955947,0.01817974076095924,0.7141100382583349,0.6865276006558572,0.027582437602477694,0.4534410905413171,0.4425565003635581,0.010884590177759002
Logistic Regression,all_predictors,0.5,2,39796846713570772,0.6927710843373494,0.6686746987951807,0.02409638554216864,0.6536102508046395,0.6527904293435356,0.0008198214611039312,0.4148471615720524,0.3942307692307692,0.020616392341283207,0.5757575757575758,0.6212121212121212,-0.045454545454545414,0.48223350253807107,0.4823529411764706,-0.00011943863839952717,0.7425669520859902,0.7036193599319853,0.038947592154004895,0.46684040472936406,0.4375298118557862,0.029310592873577845
Random Forest,all_predictors,0.5,2,39796846713570772,0.7033132530120482,0.7228915662650602,-0.01957831325301207,0.6200582984150118,0.6493107426975162,-0.029252444282504397,0.41208791208791207,0.4486486486486487,-0.036560736560736606,0.45454545454545453,0.503030303030303,-0.04848484848484852,0.4322766570605187,0.4742857142857143,-0.0420090572251956,0.7141100382583349,0.6959494747069898,0.0181605635513451,0.4534410905413171,0.43365569447540947,0.019785396065907623
Logistic Regression,all_predictors,0.5,3,17298265266908175047,0.6927710843373494,0.6664156626506024,0.026355421686746983,0.6536102508046395,0.644188376753507,0.009421874051132484,0.4148471615720524,0.3889980353634578,0.02584912620859464,0.5757575757575758,0.6,-0.024242424242424176,0.48223350253807107,0.4719904648390942,0.010243037698976887,0.7425669520859902,0.7040231979109736,0.03854375417501665,0.46684040472936406,0.4347145671598758,0.03212583756948828
Random Forest,all_predictors,0.5,3,17298265266908175047,0.7033132530120482,0.7048192771084337,-0.001506024096385561,0.6200582984150118,0.6362725450901804,-0.016214246675168575,0.41208791208791207,0.42091836734693877,-0.008830455259026704,0.45454545454545453,0.5,-0.04545454545454547,0.4322766570605187,0.45706371191135736,-0.024787054850838652,0.7141100382583349,0.6972763709236655,0.0168336673346694,0.4534410905413171,0.4514920472685158,0.0019490432728013207
Logistic Regression,all_predictors,0.5,4,9326616461873302585,0.6927710843373494,0.6558734939759037,0.03689759036144569,0.6536102508046395,0.6310894516305338,0.022520799174105766,0.4148471615720524,0.37573385518590996,0.039113306386142466,0.5757575757575758,0.5818181818181818,-0.006060606060605989,0.48223350253807107,0.45659928656361476,0.02563421597445631,0.7425669520859902,0.6920477318272911,0.05051922025869915,0.46684040472936406,0.4333973953143798,0.03344300941498424
Random Forest,all_predictors,0.5,4,9326616461873302585,0.7033132530120482,0.7093373493975904,-0.006024096385542244,0.6200582984150118,0.6271087629805064,-0.00705046456549463,0.41208791208791207,0.42265193370165743,-0.010564021613745367,0.45454545454545453,0.4636363636363636,-0.009090909090909094,0.4322766570605187,0.4421965317919075,-0.009919874731388778,0.7141100382583349,0.6921752596101293,0.02193477864820559,0.4534410905413171,0.43496316959426273,0.01847792094705436
Logistic Regression,all_predictors,0.5,5,17470396410114329436,0.6927710843373494,0.6731927710843374,0.01957831325301196,0.6536102508046395,0.6466690957672923,0.006941155037347269,0.4148471615720524,0.3951612903225806,0.019685871249471798,0.5757575757575758,0.593939393939394,-0.018181818181818188,0.48223350253807107,0.4745762711864407,0.007657231351630378,0.7425669520859902,0.6979595554745854,0.04460739661140478,0.46684040472936406,0.4270073937065924,0.03983301102277165
Random Forest,all_predictors,0.5,5,17470396410114329436,0.7033132530120482,0.6995481927710844,0.003765060240963791,0.6200582984150118,0.6256664844841198,-0.005608186069107957,0.41208791208791207,0.4103896103896104,0.001698301698301652,0.45454545454545453,0.47878787878787876,-0.024242424242424232,0.4322766570605187,0.44195804195804195,-0.009681384897523237,0.7141100382583349,0.6938057934049918,0.020304244853343034,0.4534410905413171,0.4377985310751035,0.015642559466213568
Logistic Regression,all_predictors,0.5,6,15102612234106692793,0.6927710843373494,0.6724397590361446,0.02033132530120474,0.6536102508046395,0.6502246918078581,0.0033855589967813904,0.4148471615720524,0.39603960396039606,0.018807557611656367,0.5757575757575758,0.6060606060606061,-0.030303030303030276,0.48223350253807107,0.47904191616766467,0.0031915863704063963,0.7425669520859902,0.7053592032549949,0.03720774883099531,0.46684040472936406,0.43652339116394745,0.030317013565416606
Random Forest,all_predictors,0.5,6,15102612234106692793,0.7033132530120482,0.7033132530120482,0.0,0.6200582984150118,0.6291856440153034,-0.009127345600291603,0.41208791208791207,0.4162303664921466,-0.004142454404234552,0.45454545454545453,0.4818181818181818,-0.027272727272727282,0.4322766570605187,0.44662921348314605,-0.014352556422627338,0.7141100382583349,0.6877542964717314,0.026355741786603493,0.4534410905413171,0.43536928889491666,0.01807180164640043
Logistic Regression,all_predictors,0.5,7,6438023015835844566,0.6927710843373494,0.6528614457831325,0.03990963855421681,0.6536102508046395,0.6199580980142103,0.03365215279042921,0.4148471615720524,0.3682092555331992,0.046637906038853205,0.5757575757575758,0.5545454545454546,0.021212121212121238,0.48223350253807107,0.44256348246674726,0.03967002007132381,0.7425669520859902,0.6823343657010991,0.06023258638489115,0.46684040472936406,0.42456574892845983,0.042274655800904226
Random Forest,all_predictors,0.5,7,6438023015835844566,0.7033132530120482,0.6987951807228916,0.004518072289156572,0.6200582984150118,0.6180664359021072,0.0019918625129046186,0.41208791208791207,0.40591397849462363,0.006173933593288439,0.45454545454545453,0.4575757575757576,-0.00303030303030305,0.4322766570605187,0.4301994301994302,0.0020772268610885214,0.7141100382583349,0.6710208295378636,0.043089208720471284,0.4534410905413171,0.4220216692078534,0.031419421333463704
Logistic Regression,all_predictors,0.5,8,12842075613877270307,0.6927710843373494,0.6566265060240963,0.03614457831325302,0.6536102508046395,0.6326046031456853,0.021005647658954185,0.4148471615720524,0.376953125,0.037894036572052425,0.5757575757575758,0.5848484848484848,-0.009090909090909038,0.48223350253807107,0.4584323040380047,0.023801198500066345,0.7425669520859902,0.699681180542904,0.04288577154308626,0.46684040472936406,0.42435473520839817,0.042485669520965885
Random Forest,all_predictors,0.5,8,12842075613877270307,0.7033132530120482,0.7115963855421686,-0.008283132530120474,0.6200582984150118,0.633682516548248,-0.013624218133236221,0.41208791208791207,0.4281842818428184,-0.01609636975490636,0.45454545454545453,0.47878787878787876,-0.024242424242424232,0.4322766570605187,0.4520743919885551,-0.01979773492803638,0.7141100382583349,0.6928614805368314,0.02124855772150347,0.4534410905413171,0.44362789430653515,0.00981319623478194
Logistic Regression,all_predictors,0.5,9,7449567508140839752,0.6927710843373494,0.6679216867469879,0.02484939759036142,0.6536102508046395,0.64721867978381,0.006391571020829545,0.4148471615720524,0.3913894324853229,0.02345772908672955,0.5757575757575758,0.6060606060606061,-0.030303030303030276,0.48223350253807107,0.4756242568370987,0.006609245700972377,0.7425669520859902,0.700570838646991,0.04199611343899923,0.46684040472936406,0.4224324919526734,0.04440791277669065
Random Forest,all_predictors,0.5,9,7449567508140839752,0.7033132530120482,0.6995481927710844,0.003765060240963791,0.6200582984150118,0.6236381854618328,-0.0035798870468209953,0.41208791208791207,0.4094488188976378,0.0026390931902742776,0.45454545454545453,0.4727272727272727,-0.018181818181818188,0.4322766570605187,0.4388185654008439,-0.006541908340325198,0.7141100382583349,0.6977166454120362,0.016393392846298704,0.4534410905413171,0.43331681246853054,0.02012427807278655
Logistic Regression,all_predictors,0.5,10,14654577015264640575,0.6927710843373494,0.6536144578313253,0.03915662650602403,0.6536102508046395,0.6113317544179268,0.04227849638671277,0.4148471615720524,0.36401673640167365,0.05083042517037878,0.5757575757575758,0.5272727272727272,0.048484848484848575,0.48223350253807107,0.4306930693069307,0.05154043323114038,0.7425669520859902,0.6936327199854253,0.04893423210056491,0.46684040472936406,0.4160444451114717,0.05079595961789235
Random Forest,all_predictors,0.5,10,14654577015264640575,0.7033132530120482,0.7033132530120482,0.0,0.6200582984150118,0.6251290459707293,-0.005070747555717459,0.41208791208791207,0.4144385026737968,-0.0023505905858847154,0.45454545454545453,0.4696969696969697,-0.015151515151515194,0.4322766570605187,0.4403409090909091,-0.008064252030390406,0.7141100382583349,0.6928918442946499,0.02121819396368496,0.4534410905413171,0.4354786118037563,0.017962478737560794
Logistic Regression,all_predictors,0.5,11,5781001570520746680,0.6927710843373494,0.6814759036144579,0.011295180722891485,0.6536102508046395,0.6511659683002369,0.0024442825044026506,0.4148471615720524,0.40372670807453415,0.011120453497518279,0.5757575757575758,0.5909090909090909,-0.015151515151515138,0.48223350253807107,0.4797047970479705,0.002528705490100591,0.7425669520859902,0.6973522803182122,0.04521467176777805,0.46684040472936406,0.4203355167856744,0.04650488794368968
Random Forest,all_predictors,0.5,11,5781001570520746680,0.7033132530120482,0.7010542168674698,0.0022590361445783413,0.6200582984150118,0.6256543389809923,-0.005596040565980509,0.41208791208791207,0.4120734908136483,1.442127426376505e-05,0.45454545454545453,0.47575757575757577,-0.021212121212121238,0.4322766570605187,0.44163150492264414,-0.009354847862125426,0.7141100382583349,0.6934657193174227,0.02064431894091212,0.4534410905413171,0.4436763094769112,0.00976478106440587
Logistic Regression,all_predictors,0.5,12,10232978832389134274,0.6927710843373494,0.6573795180722891,0.03539156626506024,0.6536102508046395,0.6300631566162629,0.023547094188376638,0.4148471615720524,0.37623762376237624,0.03860953780967619,0.5757575757575758,0.5757575757575758,0.0,0.48223350253807107,0.4550898203592814,0.027143682178789652,0.7425669520859902,0.690225906358171,0.05234104572781917,0.46684040472936406,0.42399682696752516,0.04284357776183889
Random Forest,all_predictors,0.5,12,10232978832389134274,0.7033132530120482,0.6935240963855421,0.009789156626506035,0.6200582984150118,0.6044179267626162,0.015640371652395624,0.41208791208791207,0.39275766016713093,0.01933025192078114,0.45454545454545453,0.42727272727272725,0.027272727272727282,0.4322766570605187,0.409288824383164,0.022987832677354714,0.7141100382583349,0.6823009655674986,0.031809072690836215,0.4534410905413171,0.4218731349924912,0.03156795554882591
Logistic Regression,all_predictors,0.5,13,15581948922997639518,0.6927710843373494,0.6551204819277109,0.03765060240963847,0.6536102508046395,0.6346450476710999,0.018965203133539665,0.4148471615720524,0.3769230769230769,0.03792408464897551,0.5757575757575758,0.593939393939394,-0.018181818181818188,0.48223350253807107,0.4611764705882353,0.02105703194983577,0.7425669520859902,0.7045849274306188,0.03798202465537137,0.46684040472936406,0.4321042268660677,0.03473617786329636
Random Forest,all_predictors,0.5,13,15581948922997639518,0.7033132530120482,0.6837349397590361,0.01957831325301207,0.6200582984150118,0.6161595919110949,0.0038987065039168822,0.41208791208791207,0.3897058823529412,0.022382029734970887,0.45454545454545453,0.4818181818181818,-0.027272727272727282,0.4322766570605187,0.43089430894308944,0.0013823481174292662,0.7141100382583349,0.6805307584866704,0.033579279771664416,0.4534410905413171,0.4257152859655602,0.027725804575756907
Logistic Regression,all_predictors,0.5,14,1904513488370642797,0.6927710843373494,0.6671686746987951,0.025602409638554202,0.6536102508046395,0.6375903321795104,0.01601991862512908,0.4148471615720524,0.3866396761133603,0.028207485458692116,0.5757575757575758,0.5787878787878787,-0.003030303030302939,0.48223350253807107,0.46359223300970875,0.018641269528362314,0.7425669520859902,0.6965112042266351,0.04605574785935507,0.46684040472936406,0.42664423633323983,0.04019616839612422
Random Forest,all_predictors,0.5,14,1904513488370642797,0.7033132530120482,0.7055722891566265,-0.0022590361445783413,0.6200582984150118,0.6225754539381794,-0.002517155523167558,0.41208791208791207,0.41597796143250687,-0.0038900493445948037,0.45454545454545453,0.4575757575757576,-0.00303030303030305,0.4322766570605187,0.4357864357864358,-0.0035097787259170676,0.7141100382583349,0.6878939697576971,0.026216068500637735,0.4534410905413171,0.430562495067243,0.022878595474074115
Logistic Regression,all_predictors,0.5,15,9402948333023297161,0.6927710843373494,0.6596385542168675,0.033132530120481896,0.6536102508046395,0.6427218072508654,0.010888443553774163,0.4148471615720524,0.383587786259542,0.03125937531251044,0.5757575757575758,0.6090909090909091,-0.033333333333333326,0.48223350253807107,0.4707259953161593,0.011507507221911795,0.7425669520859902,0.6831693690411125,0.059397583044877744,0.46684040472936406,0.4277481972917103,0.039092207437653737
Random Forest,all_predictors,0.5,15,9402948333023297161,0.7033132530120482,0.6942771084337349,0.009036144578313254,0.6200582984150118,0.6211453209449201,-0.0010870225299083325,0.41208791208791207,0.4025641025641026,0.00952380952380949,0.45454545454545453,0.47575757575757577,-0.021212121212121238,0.4322766570605187,0.4361111111111111,-0.0038344540505924063,0.7141100382583349,0.6718315418716221,0.04227849638671277,0.4534410905413171,0.4217958979474268,0.031645192593890314
Logistic Regression,all_predictors,0.5,16,7177371985116229970,0.6927710843373494,0.6588855421686747,0.033885542168674676,0.6536102508046395,0.6249802635574179,0.028629987247221655,0.4148471615720524,0.37474541751527496,0.040101744056777466,0.5757575757575758,0.5575757575757576,0.018181818181818188,0.48223350253807107,0.4482338611449452,0.03399964139312589,0.7425669520859902,0.6844962652577883,0.058070686828201934,0.46684040472936406,0.4361177478663983,0.03072265686296577
Random Forest,all_predictors,0.5,16,7177371985116229970,0.7033132530120482,0.6980421686746988,0.005271084337349352,0.6200582984150118,0.6226361814538167,-0.0025778830388049068,0.41208791208791207,0.4073107049608355,0.004777207127076577,0.45454545454545453,0.4727272727272727,-0.018181818181818188,0.4322766570605187,0.4375876577840112,-0.005311000723492498,0.7141100382583349,0.6920629137062003,0.022047124552134534,0.4534410905413171,0.4535117997307594,-7.070918944229732e-05
Logistic Regression,all_predictors,0.5,17,17141713092350530519,0.6927710843373494,0.677710843373494,0.015060240963855387,0.6536102508046395,0.6486609582801968,0.004949292524442761,0.4148471615720524,0.39959016393442626,0.015256997637626168,0.5757575757575758,0.5909090909090909,-0.015151515151515138,0.48223350253807107,0.4767726161369193,0.005460886401151777,0.7425669520859902,0.7218588692536588,0.020708082832331387,0.46684040472936406,0.45255407681250964,0.014286327916854413
Random Forest,all_predictors,0.5,17,17141713092350530519,0.7033132530120482,0.7146084337349398,-0.011295180722891596,0.6200582984150118,0.6285874779862756,-0.008529179571263756,0.41208791208791207,0.4301994301994302,-0.01811151811151812,0.45454545454545453,0.4575757575757576,-0.00303030303030305,0.4322766570605187,0.4434654919236417,-0.011188834863122998,0.7141100382583349,0.7065828626950872,0.007527175563247668,0.4534410905413171,0.44959667447768564,0.0038444160636314506
Logistic Regression,all_predictors,0.5,18,233765316075485820,0.6927710843373494,0.6558734939759037,0.03689759036144569,0.6536102508046395,0.6331177506528207,0.020492500151818804,0.4148471615720524,0.3766990291262136,0.03814813244583881,0.5757575757575758,0.5878787878787879,-0.012121212121212088,0.48223350253807107,0.4591715976331361,0.023061904904934982,0.7425669520859902,0.6948594158012995,0.04770753628469071,0.46684040472936406,0.425298483153571,0.04154192157579306
Random Forest,all_predictors,0.5,18,233765316075485820,0.7033132530120482,0.7010542168674698,0.0022590361445783413,0.6200582984150118,0.6246401894698488,-0.004581891054836973,0.41208791208791207,0.41160949868073876,0.00047841340717330594,0.45454545454545453,0.4727272727272727,-0.018181818181818188,0.4322766570605187,0.4400564174894217,-0.007779760428902993,0.7141100382583349,0.6882765531062125,0.02583348515212236,0.4534410905413171,0.4344200021218042,0.019021088419512888
Logistic Regression,all_predictors,0.5,19,8363807576087012926,0.6927710843373494,0.670933734939759,0.0218373493975903,0.6536102508046395,0.6360387441549766,0.017571506649662894,0.4148471615720524,0.3887733887733888,0.02607377279866363,0.5757575757575758,0.5666666666666667,0.00909090909090915,0.48223350253807107,0.46115906288532676,0.021074439652744303,0.7425669520859902,0.6858201250986823,0.05674682698730793,0.46684040472936406,0.4124506803562788,0.05438972437308526
Random Forest,all_predictors,0.5,19,8363807576087012926,0.7033132530120482,0.7063253012048193,-0.003012048192771122,0.6200582984150118,0.6251047549644744,-0.0050464565494625635,0.41208791208791207,0.4180327868852459,-0.0059448747973338545,0.45454545454545453,0.4636363636363636,-0.009090909090909094,0.4322766570605187,0.4396551724137931,-0.007378515353274384,0.7141100382583349,0.6795257181028724,0.03458432015546242,0.4534410905413171,0.42308311034481316,0.03035798019650393
Logistic Regression,all_predictors,0.5,20,14031642931696913639,0.6927710843373494,0.6543674698795181,0.03840361445783125,0.6536102508046395,0.6250167000668003,0.028593550737839202,0.4148471615720524,0.3717693836978131,0.04307777787423933,0.5757575757575758,0.5666666666666667,0.00909090909090915,0.48223350253807107,0.4489795918367347,0.033253910701336375,0.7425669520859902,0.6738234043845266,0.06874354770146363,0.46684040472936406,0.4178870887134113,0.048953316015952764
Random Forest,all_predictors,0.5,20,14031642931696913639,0.7033132530120482,0.6965361445783133,0.006777108433734913,0.6200582984150118,0.6185917289123701,0.0014665695026416792,0.41208791208791207,0.40369393139841686,0.008393980689495206,0.45454545454545453,0.4636363636363636,-0.009090909090909094,0.4322766570605187,0.4315937940761636,0.0006828629843551037,0.7141100382583349,0.6594856379425518,0.054624400315783084,0.4534410905413171,0.4205713497182172,0.0328697408230999
Logistic Regression,all_predictors,0.5,21,9457550271052459345,0.6927710843373494,0.6536144578313253,0.03915662650602403,0.6536102508046395,0.6336430436630838,0.019967207141555754,0.4148471615720524,0.37547892720306514,0.03936823436898729,0.5757575757575758,0.593939393939394,-0.018181818181818188,0.48223350253807107,0.460093896713615,0.022139605824456066,0.7425669520859902,0.6929100625493412,0.04965688953664904,0.46684040472936406,0.4303176919512326,0.03652271277813146
Random Forest,all_predictors,0.5,21,9457550271052459345,0.7033132530120482,0.6965361445783133,0.006777108433734913,0.6200582984150118,0.6196058784235137,0.00045241999149814305,0.41208791208791207,0.4041994750656168,0.007888437022295247,0.45454545454545453,0.4666666666666667,-0.012121212121212144,0.4322766570605187,0.43319268635724334,-0.0009160292967246297,0.7141100382583349,0.6880245339163176,0.026085504342017285,0.4534410905413171,0.4473131717797039,0.006127918761613171
Logistic Regression,all_predictors,0.5,22,16833649631216057647,0.6927710843373494,0.6664156626506024,0.026355421686746983,0.6536102508046395,0.644188376753507,0.009421874051132484,0.4148471615720524,0.3889980353634578,0.02584912620859464,0.5757575757575758,0.6,-0.024242424242424176,0.48223350253807107,0.4719904648390942,0.010243037698976887,0.7425669520859902,0.7009169854861238,0.04164996659986642,0.46684040472936406,0.44079201248569766,0.026048392243666396
Random Forest,all_predictors,0.5,22,16833649631216057647,0.7033132530120482,0.7100903614457831,-0.006777108433734913,0.6200582984150118,0.6326805125402319,-0.012622214125220133,0.41208791208791207,0.42587601078167114,-0.013788098693759077,0.45454545454545453,0.47878787878787876,-0.024242424242424232,0.4322766570605187,0.4507845934379458,-0.018507936377427092,0.7141100382583349,0.7034584320155463,0.010651606242788603,0.4534410905413171,0.43287688779393474,0.020564202747382354
Logistic Regression,all_predictors,0.5,23,11262742844538678237,0.6927710843373494,0.6731927710843374,0.01957831325301196,0.6536102508046395,0.6426124977227181,0.010997753081921413,0.4148471615720524,0.39344262295081966,0.02140453862123276,0.5757575757575758,0.5818181818181818,-0.006060606060605989,0.48223350253807107,0.46943765281173594,0.012795849726335129,0.7425669520859902,0.7058571688832209,0.0367097832027693,0.46684040472936406,0.43675409537539395,0.03008630935397011
Random Forest,all_predictors,0.5,23,11262742844538678237,0.7033132530120482,0.6957831325301205,0.0075301204819276935,0.6200582984150118,0.6160624278860752,0.003995870528936574,0.41208791208791207,0.4015957446808511,0.010492167407060993,0.45454545454545453,0.4575757575757576,-0.00303030303030305,0.4322766570605187,0.42776203966005666,0.004514617400462051,0.7141100382583349,0.6960041294710635,0.018105908787271363,0.4534410905413171,0.43548052359208134,0.017960566949235757
Logistic Regression,all_predictors,0.5,24,14473556896962158869,0.6927710843373494,0.6656626506024096,0.027108433734939763,0.6536102508046395,0.641659075727212,0.01195117507742749,0.4148471615720524,0.38735177865612647,0.02749538291592596,0.5757575757575758,0.593939393939394,-0.018181818181818188,0.48223350253807107,0.4688995215311005,0.013333981006970586,0.7425669520859902,0.6896004129471064,0.05296653913888383,0.46684040472936406,0.4252096889794313,0.04163071574993277
Random Forest,all_predictors,0.5,24,14473556896962158869,0.7033132530120482,0.7025602409638554,0.0007530120481927804,0.6200582984150118,0.6236138944555778,-0.003555596040565989,0.41208791208791207,0.4128686327077748,-0.0007807206198627292,0.45454545454545453,0.4666666666666667,-0.012121212121212144,0.4322766570605187,0.43812233285917496,-0.005845675798656247,0.7141100382583349,0.6780561122244488,0.03605392603388602,0.4534410905413171,0.43181921754253094,0.02162187299878615
Logistic Regression,all_predictors,0.5,25,6205100215444412699,0.6927710843373494,0.6581325301204819,0.034638554216867457,0.6536102508046395,0.6356349061759883,0.017975344628651246,0.4148471615720524,0.37937743190661477,0.035469729665437655,0.5757575757575758,0.5909090909090909,-0.015151515151515138,0.48223350253807107,0.46208530805687204,0.020148194481199033,0.7425669520859902,0.6959525110827716,0.046614441003218654,0.46684040472936406,0.4269723206186079,0.03986808411075615
Random Forest,all_predictors,0.5,25,6205100215444412699,0.7033132530120482,0.7018072289156626,0.001506024096385561,0.6200582984150118,0.6231128924515699,-0.003054594036558056,0.41208791208791207,0.4117647058823529,0.0003232062055591456,0.45454545454545453,0.4666666666666667,-0.012121212121212144,0.4322766570605187,0.4375,-0.00522334293948129,0.7141100382583349,0.681584380882978,0.03252565737535684,0.4534410905413171,0.4345495242224628,0.018891566318854303
Logistic Regression,all_predictors,0.5,26,5227350959738024974,0.6927710843373494,0.6626506024096386,0.030120481927710774,0.6536102508046395,0.63965506771118,0.013955183093459556,0.4148471615720524,0.3843137254901961,0.030533436081856324,0.5757575757575758,0.593939393939394,-0.018181818181818188,0.48223350253807107,0.4666666666666667,0.015566835871404394,0.7425669520859902,0.6979018643347301,0.0446650877512601,0.46684040472936406,0.4290484202263043,0.03779198450305976
Random Forest,all_predictors,0.5,26,5227350959738024974,0.7033132530120482,0.697289156626506,0.0060240963855421326,0.6200582984150118,0.6130078338495172,0.00705046456549463,0.41208791208791207,0.4016393442622951,0.010448567825616983,0.45454545454545453,0.44545454545454544,0.009090909090909094,0.4322766570605187,0.4224137931034483,0.009862863957070422,0.7141100382583349,0.6793769356895609,0.03473310256877393,0.4534410905413171,0.42976553951830043,0.02367555102301666
Logistic Regression,all_predictors,0.5,27,14499316095545148136,0.6927710843373494,0.6664156626506024,0.026355421686746983,0.6536102508046395,0.638103479686646,0.015506771117993479,0.4148471615720524,0.386317907444668,0.02852925412738444,0.5757575757575758,0.5818181818181818,-0.006060606060605989,0.48223350253807107,0.46432889963724305,0.017904602900828015,0.7425669520859902,0.7021072447926155,0.04045970729337467,0.46684040472936406,0.4497614050881262,0.01707899964123788
Random Forest,all_predictors,0.5,27,14499316095545148136,0.7033132530120482,0.7123493975903614,-0.009036144578313254,0.6200582984150118,0.6351976680633995,-0.01513936964838769,0.41208791208791207,0.4297297297297297,-0.01764181764181766,0.45454545454545453,0.4818181818181818,-0.027272727272727282,0.4322766570605187,0.4542857142857143,-0.022009057225195583,0.7141100382583349,0.6966660593915102,0.017443978866824694,0.4534410905413171,0.45344136381665096,-2.7327533386189984e-07
Logistic Regression,all_predictors,0.5,28,3417814268222680600,0.6927710843373494,0.6671686746987951,0.025602409638554202,0.6536102508046395,0.644689378757515,0.00892087204712455,0.4148471615720524,0.38976377952755903,0.025083382044493396,0.5757575757575758,0.6,-0.024242424242424176,0.48223350253807107,0.47255369928400953,0.009679803254061536,0.7425669520859902,0.7005070747555717,0.042059877330418494,0.46684040472936406,0.4435164826964349,0.023323922032929156
Random Forest,all_predictors,0.5,28,3417814268222680600,0.7033132530120482,0.7093373493975904,-0.006024096385542244,0.6200582984150118,0.6352219590696544,-0.015163660654642586,0.41208791208791207,0.42592592592592593,-0.013838013838013863,0.45454545454545453,0.48787878787878786,-0.033333333333333326,0.4322766570605187,0.4548022598870056,-0.022525602826486912,0.7141100382583349,0.6976225177627983,0.01648752049553659,0.4534410905413171,0.4593823872199396,-0.005941296678622532
Logistic Regression,all_predictors,0.5,29,13390371540924961350,0.6927710843373494,0.6656626506024096,0.027108433734939763,0.6536102508046395,0.639630776704925,0.013979474099714562,0.4148471615720524,0.38645418326693226,0.028392978305120165,0.5757575757575758,0.5878787878787879,-0.012121212121212088,0.48223350253807107,0.46634615384615385,0.015887348691917214,0.7425669520859902,0.6895579036861603,0.053009048399829894,0.46684040472936406,0.4307350659581055,0.036105338771258544
Random Forest,all_predictors,0.5,29,13390371540924961350,0.7033132530120482,0.7055722891566265,-0.0022590361445783413,0.6200582984150118,0.6215613044270358,-0.0015030060120240218,0.41208791208791207,0.4155124653739612,-0.0034245532860491257,0.45454545454545453,0.45454545454545453,0.0,0.4322766570605187,0.4341534008683068,-0.0018767438077880727,0.7141100382583349,0.6783445679237262,0.03576547033460864,0.4534410905413171,0.43413661504167966,0.01930447549963743
Logistic Regression,all_predictors,1.0,0,15832707619974487275,0.6927710843373494,0.608433734939759,0.0843373493975903,0.6536102508046395,0.6025687739114594,0.05104147689318017,0.4148471615720524,0.33620689655172414,0.07864026502032828,0.5757575757575758,0.5909090909090909,-0.015151515151515138,0.48223350253807107,0.42857142857142855,0.05366207396664252,0.7425669520859902,0.6281836400072873,0.11438331207870289,0.46684040472936406,0.38181857821379495,0.08502182651556911
Random Forest,all_predictors,1.0,0,15832707619974487275,0.7033132530120482,0.6618975903614458,0.04141566265060237,0.6200582984150118,0.6077154308617234,0.012342867553288395,0.41208791208791207,0.3674832962138085,0.04460461587410358,0.45454545454545453,0.5,-0.04545454545454547,0.4322766570605187,0.42362002567394097,0.00865663138657774,0.7141100382583349,0.6225724175623976,0.0915376206959373,0.4534410905413171,0.398955757764827,0.05448533277649009
Logistic Regression,all_predictors,1.0,1,7615497055248950518,0.6927710843373494,0.6242469879518072,0.06852409638554213,0.6536102508046395,0.6080190684399102,0.045591182364729366,0.4148471615720524,0.3460837887067395,0.06876337286531292,0.5757575757575758,0.5757575757575758,0.0,0.48223350253807107,0.4323094425483504,0.04992405998972066,0.7425669520859902,0.6360144531487217,0.10655249893726848,0.46684040472936406,0.3843143061180466,0.08252609861131743
Random Forest,all_predictors,1.0,1,7615497055248950518,0.7033132530120482,0.6686746987951807,0.034638554216867457,0.6200582984150118,0.6051254023197911,0.014932896095220749,0.41208791208791207,0.37089201877934275,0.04119589330856932,0.45454545454545453,0.47878787878787876,-0.024242424242424232,0.4322766570605187,0.41798941798941797,0.014287239071100744,0.7141100382583349,0.647835064067529,0.06627497419080586,0.4534410905413171,0.39828809406261795,0.055152996478699146
Logistic Regression,all_predictors,1.0,2,6670558589131893872,0.6927710843373494,0.588855421686747,0.10391566265060237,0.6536102508046395,0.5976559178963988,0.0559543329082407,0.4148471615720524,0.32636655948553056,0.08848060208652186,0.5757575757575758,0.6151515151515151,-0.039393939393939315,0.48223350253807107,0.4264705882352941,0.05576291430277697,0.7425669520859902,0.6529969028967025,0.08957004918928768,0.46684040472936406,0.39003103018836205,0.076809374541002
Random Forest,all_predictors,1.0,2,6670558589131893872,0.7033132530120482,0.6506024096385542,0.052710843373493965,0.6200582984150118,0.6022286998238902,0.017829598591121654,0.41208791208791207,0.35683760683760685,0.05525030525030522,0.45454545454545453,0.5060606060606061,-0.05151515151515157,0.4322766570605187,0.41854636591478694,0.013730291145731766,0.7141100382583349,0.6421236412218376,0.07198639703649723,0.4534410905413171,0.3794438828524189,0.07399720768889817
Logistic Regression,all_predictors,1.0,3,12782770801940638366,0.6927710843373494,0.6212349397590361,0.07153614457831325,0.6536102508046395,0.614128256513026,0.039481994291613476,0.4148471615720524,0.34797891036906853,0.0668682512029839,0.5757575757575758,0.6,-0.024242424242424176,0.48223350253807107,0.44048943270300334,0.04174406983506773,0.7425669520859902,0.6516700066800267,0.09089694540596349,0.46684040472936406,0.387708168224956,0.07913223650440804
Random Forest,all_predictors,1.0,3,12782770801940638366,0.7033132530120482,0.6558734939759037,0.0474397590361445,0.6200582984150118,0.6057357138519464,0.014322584563065455,0.41208791208791207,0.36225596529284165,0.049831946795070414,0.45454545454545453,0.5060606060606061,-0.05151515151515157,0.4322766570605187,0.4222503160556258,0.010026341004892914,0.7141100382583349,0.65136636910184,0.06274366915649487,0.4534410905413171,0.3969289290131386,0.056512161528178506
Logistic Regression,all_predictors,1.0,4,16676974314749409960,0.6927710843373494,0.5978915662650602,0.09487951807228912,0.6536102508046395,0.5864274002550556,0.06718285054958395,0.4148471615720524,0.3229166666666667,0.09193049490538574,0.5757575757575758,0.5636363636363636,0.0121212121212122,0.48223350253807107,0.4105960264900662,0.07163747604800486,0.7425669520859902,0.636460800388656,0.10610615169733417,0.46684040472936406,0.3818749870652186,0.08496541766414545
Random Forest,all_predictors,1.0,4,16676974314749409960,0.7033132530120482,0.641566265060241,0.06174698795180722,0.6200582984150118,0.586075180664359,0.03398311775065277,0.41208791208791207,0.34130434782608693,0.07078356426182514,0.45454545454545453,0.47575757575757577,-0.021212121212121238,0.4322766570605187,0.39746835443037976,0.034808302630138954,0.7141100382583349,0.6440122669581588,0.07009777130017603,0.4534410905413171,0.3958024932547005,0.05763859728661658
Logistic Regression,all_predictors,1.0,5,12886387281291315269,0.6927710843373494,0.6121987951807228,0.08057228915662651,0.6536102508046395,0.6071020829537863,0.04650816785085321,0.4148471615720524,0.34024179620034545,0.07460536537170698,0.5757575757575758,0.5969696969696969,-0.021212121212121127,0.48223350253807107,0.43344334433443343,0.048790158203637635,0.7425669520859902,0.6415436934475011,0.10102325863848916,0.46684040472936406,0.376573396737139,0.09026700799222503
Random Forest,all_predictors,1.0,5,12886387281291315269,0.7033132530120482,0.6573795180722891,0.04593373493975905,0.6200582984150118,0.6047094188376754,0.015348879577336438,0.41208791208791207,0.3626373626373626,0.04945054945054944,0.45454545454545453,0.5,-0.04545454545454547,0.4322766570605187,0.42038216560509556,0.01189449145542315,0.7141100382583349,0.6446984878848605,0.06941155037347435,0.4534410905413171,0.39476437598783914,0.05867671455347795
Logistic Regression,all_predictors,1.0,6,4352055604479623349,0.6927710843373494,0.6197289156626506,0.0730421686746987,0.6536102508046395,0.615154551527297,0.03845569927734249,0.4148471615720524,0.34782608695652173,0.0670210746155307,0.5757575757575758,0.6060606060606061,-0.030303030303030276,0.48223350253807107,0.4419889502762431,0.04024455226182799,0.7425669520859902,0.6545333090423271,0.08803364304366312,0.46684040472936406,0.3917905282712059,0.07504987645815814
Random Forest,all_predictors,1.0,6,4352055604479623349,0.7033132530120482,0.6558734939759037,0.0474397590361445,0.6200582984150118,0.6016791158073723,0.018379182607639488,0.41208791208791207,0.3598233995584989,0.052264512529413165,0.45454545454545453,0.49393939393939396,-0.039393939393939426,0.4322766570605187,0.4163473818646232,0.015929275195895487,0.7141100382583349,0.6368433837371713,0.07726665452116355,0.4534410905413171,0.3823692405595096,0.07107184998180749
Logistic Regression,all_predictors,1.0,7,2022198620612977469,0.6927710843373494,0.5971385542168675,0.0956325301204819,0.6536102508046395,0.5818698002064735,0.07174045059816603,0.4148471615720524,0.31985940246045697,0.09498775911159546,0.5757575757575758,0.5515151515151515,0.024242424242424288,0.48223350253807107,0.40489432703003336,0.0773391755080377,0.7425669520859902,0.6172192870589664,0.12534766502702377,0.46684040472936406,0.3693530788068617,0.09748732592250237
Random Forest,all_predictors,1.0,7,2022198620612977469,0.7033132530120482,0.6400602409638554,0.06325301204819278,0.6200582984150118,0.5820307281229125,0.038027570292099355,0.41208791208791207,0.33771929824561403,0.07436861384229804,0.45454545454545453,0.4666666666666667,-0.012121212121212144,0.4322766570605187,0.39185750636132316,0.04041915069919555,0.7141100382583349,0.6154338980992288,0.09867614015910608,0.4534410905413171,0.3667001003147634,0.08674099022655368
Logistic Regression,all_predictors,1.0,8,4915993761133857909,0.6927710843373494,0.6054216867469879,0.08734939759036142,0.6536102508046395,0.6036072144288578,0.05000303637578174,0.4148471615720524,0.33559322033898303,0.07925394123306939,0.5757575757575758,0.6,-0.024242424242424176,0.48223350253807107,0.43043478260869567,0.0517987199293754,0.7425669520859902,0.6417774943827047,0.10078945770328551,0.46684040472936406,0.37117826953551414,0.09566213519384992
Random Forest,all_predictors,1.0,8,4915993761133857909,0.7033132530120482,0.6566265060240963,0.04668674698795183,0.6200582984150118,0.6001518187890933,0.019906479625918516,0.41208791208791207,0.359375,0.05271291208791207,0.45454545454545453,0.48787878787878786,-0.033333333333333326,0.4322766570605187,0.4138817480719794,0.018394908988539294,0.7141100382583349,0.6454454363271999,0.068664601931135,0.4534410905413171,0.38149821414998447,0.07194287639133262
Logistic Regression,all_predictors,1.0,9,16049672834185873804,0.6927710843373494,0.6069277108433735,0.08584337349397586,0.6536102508046395,0.6106941155037348,0.04291613530090477,0.4148471615720524,0.34,0.0748471615720524,0.5757575757575758,0.6181818181818182,-0.042424242424242364,0.48223350253807107,0.43870967741935485,0.04352382511871622,0.7425669520859902,0.6444464686949657,0.09812048339102453,0.46684040472936406,0.3722627308145252,0.09457767391483884
Random Forest,all_predictors,1.0,9,16049672834185873804,0.7033132530120482,0.6573795180722891,0.04593373493975905,0.6200582984150118,0.6047094188376754,0.015348879577336438,0.41208791208791207,0.3626373626373626,0.04945054945054944,0.45454545454545453,0.5,-0.04545454545454547,0.4322766570605187,0.42038216560509556,0.01189449145542315,0.7141100382583349,0.6472429707900649,0.06686706746826998,0.4534410905413171,0.38300153823410704,0.07043955230721005
Logistic Regression,all_predictors,1.0,10,13334480229782321096,0.6927710843373494,0.598644578313253,0.09412650602409633,0.6536102508046395,0.581857654703346,0.07175259610129348,0.4148471615720524,0.32035398230088497,0.09449317927116746,0.5757575757575758,0.5484848484848485,0.027272727272727337,0.48223350253807107,0.4044692737430168,0.07776422879505429,0.7425669520859902,0.6289396975769721,0.11362725450901812,0.46684040472936406,0.3599429368492375,0.10689746788012655
Random Forest,all_predictors,1.0,10,13334480229782321096,0.7033132530120482,0.6453313253012049,0.05798192771084332,0.6200582984150118,0.5946650877512601,0.025393210663751664,0.41208791208791207,0.3490364025695932,0.0630515095183189,0.45454545454545453,0.49393939393939396,-0.039393939393939426,0.4322766570605187,0.4090338770388959,0.023242780021622833,0.7141100382583349,0.6271360903625433,0.0869739478957916,0.4534410905413171,0.3747542703987199,0.0786868201425972
Logistic Regression,all_predictors,1.0,11,1281040740131660354,0.6927710843373494,0.6189759036144579,0.07379518072289148,0.6536102508046395,0.6116111009898585,0.041999149814781034,0.4148471615720524,0.3456140350877193,0.06923312648433311,0.5757575757575758,0.5969696969696969,-0.021212121212121127,0.48223350253807107,0.43777777777777777,0.0444557247602933,0.7425669520859902,0.6408240723871987,0.10174287969879148,0.46684040472936406,0.365490086085484,0.10135031864388006
Random Forest,all_predictors,1.0,11,1281040740131660354,0.7033132530120482,0.6573795180722891,0.04593373493975905,0.6200582984150118,0.6067377178599624,0.013320580555049366,0.41208791208791207,0.3638344226579521,0.048253489429959995,0.45454545454545453,0.5060606060606061,-0.05151515151515157,0.4322766570605187,0.4233206590621039,0.008955997998414789,0.7141100382583349,0.6471154430072266,0.06699459525110829,0.4534410905413171,0.3974538269786455,0.055987263562671585
Logistic Regression,all_predictors,1.0,12,13286035376439945489,0.6927710843373494,0.5858433734939759,0.10692771084337349,0.6536102508046395,0.5763830691686403,0.07722718163599918,0.4148471615720524,0.3129251700680272,0.1019219915040252,0.5757575757575758,0.5575757575757576,0.018181818181818188,0.48223350253807107,0.4008714596949891,0.08136204284308196,0.7425669520859902,0.6316208173923605,0.11094613469362968,0.46684040472936406,0.37217451277736235,0.0946658919520017
Random Forest,all_predictors,1.0,12,13286035376439945489,0.7033132530120482,0.6475903614457831,0.05572289156626509,0.6200582984150118,0.5961680937632842,0.023890204651727642,0.41208791208791207,0.35129310344827586,0.06079480863963621,0.45454545454545453,0.49393939393939396,-0.039393939393939426,0.4322766570605187,0.4105793450881612,0.021697311972357525,0.7141100382583349,0.6258638489099412,0.08824618934839368,0.4534410905413171,0.3597592569129226,0.0936818336283945
Logistic Regression,all_predictors,1.0,13,13439619144903100736,0.6927710843373494,0.6061746987951807,0.08659638554216864,0.6536102508046395,0.6061365154551528,0.047473735349486734,0.4148471615720524,0.3372681281618887,0.0775790334101637,0.5757575757575758,0.6060606060606061,-0.030303030303030276,0.48223350253807107,0.4333694474539545,0.048864055084116564,0.7425669520859902,0.6511325681666362,0.09143438391935399,0.46684040472936406,0.37671313817880114,0.09012726655056291
Random Forest,all_predictors,1.0,13,13439619144903100736,0.7033132530120482,0.6362951807228916,0.06701807228915657,0.6200582984150118,0.5845964656585899,0.035461832756421896,0.41208791208791207,0.3375796178343949,0.07450829425351718,0.45454545454545453,0.4818181818181818,-0.027272727272727282,0.4322766570605187,0.3970037453183521,0.035272911742166624,0.7141100382583349,0.6227971093702558,0.09131292888807907,0.4534410905413171,0.363153519967131,0.09028757057418607
Logistic Regression,all_predictors,1.0,14,5768278873165838577,0.6927710843373494,0.6054216867469879,0.08734939759036142,0.6536102508046395,0.5965081678508533,0.05710208295378627,0.4148471615720524,0.3315972222222222,0.08324993934983022,0.5757575757575758,0.5787878787878787,-0.003030303030302939,0.48223350253807107,0.4216335540838852,0.06059994845418587,0.7425669520859902,0.6379121880123884,0.10465476407360186,0.46684040472936406,0.37562885108352645,0.0912115536458376
Random Forest,all_predictors,1.0,14,5768278873165838577,0.7033132530120482,0.6490963855421686,0.054216867469879526,0.6200582984150118,0.5850003036375782,0.035057994777433654,0.41208791208791207,0.3447488584474886,0.06733905364042347,0.45454545454545453,0.4575757575757576,-0.00303030303030305,0.4322766570605187,0.3932291666666667,0.039047490393852025,0.7141100382583349,0.649250015181879,0.06486002307645589,0.4534410905413171,0.3872690184183747,0.0661720721229424
Logistic Regression,all_predictors,1.0,15,6044272083691252835,0.6927710843373494,0.6137048192771084,0.07906626506024095,0.6536102508046395,0.6172314325620939,0.03637881824254563,0.4148471615720524,0.346218487394958,0.06862867417709445,0.5757575757575758,0.6242424242424243,-0.048484848484848464,0.48223350253807107,0.4454054054054054,0.03682809713266566,0.7425669520859902,0.622948928159349,0.11961802392664123,0.46684040472936406,0.37240603686557694,0.09443436786378712
Random Forest,all_predictors,1.0,15,6044272083691252835,0.7033132530120482,0.6490963855421686,0.054216867469879526,0.6200582984150118,0.5931134997267262,0.026944798688285587,0.41208791208791207,0.3502202643171806,0.06186764777073145,0.45454545454545453,0.4818181818181818,-0.027272727272727282,0.4322766570605187,0.40561224489795916,0.026664412162559548,0.7141100382583349,0.6147962591850367,0.09931377907329819,0.4534410905413171,0.3570209991381603,0.09642009140315677
Logistic Regression,all_predictors,1.0,16,12294001838919441942,0.6927710843373494,0.5978915662650602,0.09487951807228912,0.6536102508046395,0.5823708022104815,0.07123944859415798,0.4148471615720524,0.3204225352112676,0.0944246263607848,0.5757575757575758,0.5515151515151515,0.024242424242424288,0.48223350253807107,0.4053452115812918,0.07688829095677929,0.7425669520859902,0.6258456306552499,0.11672132143074032,0.46684040472936406,0.39291760050358826,0.0739228042257758
Random Forest,all_predictors,1.0,16,12294001838919441942,0.7033132530120482,0.6475903614457831,0.05572289156626509,0.6200582984150118,0.5880548976741362,0.0320034007408756,0.41208791208791207,0.34598214285714285,0.06610576923076922,0.45454545454545453,0.4696969696969697,-0.015151515151515194,0.4322766570605187,0.39845758354755784,0.03381907351296087,0.7141100382583349,0.6400224691807859,0.07408756907754899,0.4534410905413171,0.4104059078260015,0.04303518271531559
Logistic Regression,all_predictors,1.0,17,8321512218586805939,0.6927710843373494,0.6385542168674698,0.054216867469879526,0.6536102508046395,0.6307220501609279,0.022888200643711665,0.4148471615720524,0.36510791366906475,0.04973924790298767,0.5757575757575758,0.6151515151515151,-0.039393939393939315,0.48223350253807107,0.4582392776523702,0.023994224885700854,0.7425669520859902,0.6785267504706383,0.06404020161535195,0.46684040472936406,0.40472571308187905,0.06211469164748501
Random Forest,all_predictors,1.0,17,8321512218586805939,0.7033132530120482,0.670933734939759,0.032379518072289115,0.6200582984150118,0.6106850063763891,0.009373292038622694,0.41208791208791207,0.37587006960556846,0.03621784248234361,0.45454545454545453,0.4909090909090909,-0.036363636363636376,0.4322766570605187,0.42575558475689884,0.006521072303619868,0.7141100382583349,0.6628377968057327,0.05127224145260212,0.4534410905413171,0.4020529014929269,0.05138818904839021
Logistic Regression,all_predictors,1.0,18,10911510111661414335,0.6927710843373494,0.5993975903614458,0.09337349397590355,0.6536102508046395,0.5935143013299327,0.06009594947470687,0.4148471615720524,0.32764505119453924,0.08720211037751319,0.5757575757575758,0.5818181818181818,-0.006060606060605989,0.48223350253807107,0.4192139737991266,0.06301952873894445,0.7425669520859902,0.640292706625372,0.10227424546061825,0.46684040472936406,0.3743072349283764,0.09253316980098764
Random Forest,all_predictors,1.0,18,10911510111661414335,0.7033132530120482,0.6498493975903614,0.053463855421686746,0.6200582984150118,0.6037559968421692,0.016302301572842626,0.41208791208791207,0.3572938689217759,0.054794043166136175,0.45454545454545453,0.5121212121212121,-0.05757575757575756,0.4322766570605187,0.42092154420921546,0.01135511285130325,0.7141100382583349,0.6502520191898948,0.06385801906844002,0.4534410905413171,0.3986566604056065,0.054784430135710604
Logistic Regression,all_predictors,1.0,19,3887567693075521415,0.6927710843373494,0.6009036144578314,0.091867469879518,0.6536102508046395,0.5914738568045181,0.06213639400012139,0.4148471615720524,0.32698961937716264,0.08785754219488978,0.5757575757575758,0.5727272727272728,0.00303030303030305,0.48223350253807107,0.41629955947136565,0.06593394306670541,0.7425669520859902,0.623814295257181,0.1187526568288092,0.46684040472936406,0.3502443748223346,0.11659602990702944
Random Forest,all_predictors,1.0,19,3887567693075521415,0.7033132530120482,0.6498493975903614,0.053463855421686746,0.6200582984150118,0.5855013056415862,0.03455699277342561,0.41208791208791207,0.34553775743707094,0.06655015465084113,0.45454545454545453,0.4575757575757576,-0.00303030303030305,0.4322766570605187,0.39374185136897,0.03853480569154871,0.7141100382583349,0.6245673164510839,0.08954272180725098,0.4534410905413171,0.3703824686629562,0.08305862187836088
Logistic Regression,all_predictors,1.0,20,18257471166557399321,0.6927710843373494,0.5753012048192772,0.1174698795180722,0.6536102508046395,0.5642982935568106,0.08931195724782892,0.4148471615720524,0.30236486486486486,0.11248229670718757,0.5757575757575758,0.5424242424242425,0.033333333333333326,0.48223350253807107,0.3882863340563991,0.09394716848167195,0.7425669520859902,0.6067650452419991,0.13580190684399107,0.46684040472936406,0.3638739812112897,0.10296642351807433
Random Forest,all_predictors,1.0,20,18257471166557399321,0.7033132530120482,0.6378012048192772,0.06551204819277101,0.6200582984150118,0.5825560211331754,0.037502277281836416,0.41208791208791207,0.3369330453563715,0.07515486673154059,0.45454545454545453,0.4727272727272727,-0.018181818181818188,0.4322766570605187,0.39344262295081966,0.038834034109699045,0.7141100382583349,0.6009412764923787,0.11316876176595614,0.4534410905413171,0.36609795789893906,0.08734313264237803
Logistic Regression,all_predictors,1.0,21,16271857221200379224,0.6927710843373494,0.598644578313253,0.09412650602409633,0.6536102508046395,0.5980840468816421,0.05552620392299745,0.4148471615720524,0.32998324958123953,0.08486391199081289,0.5757575757575758,0.5969696969696969,-0.021212121212121127,0.48223350253807107,0.4250269687162891,0.05720653382178198,0.7425669520859902,0.638425335519524,0.10414161656646626,0.46684040472936406,0.38650791641941273,0.08033248830995132
Random Forest,all_predictors,1.0,21,16271857221200379224,0.7033132530120482,0.6370481927710844,0.06626506024096379,0.6200582984150118,0.5932106637517459,0.026847634663265896,0.41208791208791207,0.3436213991769547,0.06846651291095734,0.45454545454545453,0.5060606060606061,-0.05151515151515157,0.4322766570605187,0.40931372549019607,0.022962931570322642,0.7141100382583349,0.6375964049310743,0.07651363332726058,0.4534410905413171,0.3998368430234369,0.05360424751788018
Logistic Regression,all_predictors,1.0,22,10104783846510331853,0.6927710843373494,0.615210843373494,0.07756024096385539,0.6536102508046395,0.6070777919475314,0.046532458857108105,0.4148471615720524,0.3415061295971979,0.07334103197485453,0.5757575757575758,0.5909090909090909,-0.015151515151515138,0.48223350253807107,0.4328523862375139,0.04938111630055719,0.7425669520859902,0.6456033278678568,0.09696362421813343,0.46684040472936406,0.39446281360024193,0.07237759112912212
Random Forest,all_predictors,1.0,22,10104783846510331853,0.7033132530120482,0.6686746987951807,0.034638554216867457,0.6200582984150118,0.6101961498755086,0.00986214853950318,0.41208791208791207,0.3738532110091743,0.038234701078737776,0.45454545454545453,0.49393939393939396,-0.039393939393939426,0.4322766570605187,0.4255874673629243,0.006689189697594411,0.7141100382583349,0.6565767899435235,0.057533248314811325,0.4534410905413171,0.39961713617378014,0.05382395436753695
Logistic Regression,all_predictors,1.0,23,16202550418574462167,0.6927710843373494,0.6174698795180723,0.07530120481927705,0.6536102508046395,0.6055383494261249,0.04807190137851458,0.4148471615720524,0.3416370106761566,0.07321015089589583,0.5757575757575758,0.5818181818181818,-0.006060606060605989,0.48223350253807107,0.4304932735426009,0.05174022899547015,0.7425669520859902,0.6540505252930103,0.08851642679297989,0.46684040472936406,0.3816105527266427,0.08522985200272137
Random Forest,all_predictors,1.0,23,16202550418574462167,0.7033132530120482,0.651355421686747,0.051957831325301185,0.6200582984150118,0.5783901135604542,0.04166818485455759,0.41208791208791207,0.3412887828162291,0.07079912927168297,0.45454545454545453,0.43333333333333335,0.021212121212121182,0.4322766570605187,0.3818424566088118,0.050434200451706934,0.7141100382583349,0.6471245521345722,0.06698548612376265,0.4534410905413171,0.38230575255341404,0.07113533798790306
Logistic Regression,all_predictors,1.0,24,8979779204813297506,0.6927710843373494,0.608433734939759,0.0843373493975903,0.6536102508046395,0.5964838768445984,0.057126373960041166,0.4148471615720524,0.33274647887323944,0.08210068269881299,0.5757575757575758,0.5727272727272728,0.00303030303030305,0.48223350253807107,0.4209354120267261,0.061298090511344994,0.7425669520859902,0.6362057448229793,0.1063612072630109,0.46684040472936406,0.3756082291889607,0.09123217554040336
Random Forest,all_predictors,1.0,24,8979779204813297506,0.7033132530120482,0.6370481927710844,0.06626506024096379,0.6200582984150118,0.5891540657071719,0.03090423270783993,0.41208791208791207,0.3410041841004184,0.07108372798749368,0.45454545454545453,0.49393939393939396,-0.039393939393939426,0.4322766570605187,0.4034653465346535,0.02881131052586522,0.7141100382583349,0.6240086233072204,0.09010141495111446,0.4534410905413171,0.3725482666636794,0.08089282387763769
Logistic Regression,all_predictors,1.0,25,16479852584712872935,0.6927710843373494,0.6167168674698795,0.07605421686746983,0.6536102508046395,0.6040231979109734,0.04958705289366616,0.4148471615720524,0.3404634581105169,0.0743837034615355,0.5757575757575758,0.5787878787878787,-0.003030303030302939,0.48223350253807107,0.4287317620650954,0.05350174047297568,0.7425669520859902,0.64425821339649,0.09830873868950019,0.46684040472936406,0.3822689936820909,0.08457141104727317
Random Forest,all_predictors,1.0,25,16479852584712872935,0.7033132530120482,0.6551204819277109,0.04819277108433728,0.6200582984150118,0.6042205623367949,0.015837736078216924,0.41208791208791207,0.36086956521739133,0.05121834687052074,0.45454545454545453,0.503030303030303,-0.04848484848484852,0.4322766570605187,0.42025316455696204,0.012023492503556665,0.7141100382583349,0.6421904414890387,0.07191959676929616,0.4534410905413171,0.3741867595752363,0.07925433096608081
Logistic Regression,all_predictors,1.0,26,8269626768685897261,0.6927710843373494,0.6182228915662651,0.07454819277108427,0.6536102508046395,0.6131383980081375,0.040471852796502006,0.4148471615720524,0.34608695652173915,0.06876020505031327,0.5757575757575758,0.603030303030303,-0.027272727272727226,0.48223350253807107,0.4397790055248619,0.04245449701320919,0.7425669520859902,0.6433958826744398,0.0991710694115504,0.46684040472936406,0.3787651110062844,0.08807529372307965
Random Forest,all_predictors,1.0,26,8269626768685897261,0.7033132530120482,0.6679216867469879,0.03539156626506024,0.6200582984150118,0.6157800449383616,0.004278253476650229,0.41208791208791207,0.37639198218262804,0.03569592990528403,0.45454545454545453,0.5121212121212121,-0.05757575757575756,0.4322766570605187,0.4338896020539153,-0.0016129449933965923,0.7141100382583349,0.6484210845934293,0.06568895366490557,0.4534410905413171,0.4059765516434194,0.0474645388978977
Logistic Regression,all_predictors,1.0,27,6063508306426943623,0.6927710843373494,0.6144578313253012,0.07831325301204817,0.6536102508046395,0.6045484909212364,0.04906175988340311,0.4148471615720524,0.3397887323943662,0.07505842917768624,0.5757575757575758,0.5848484848484848,-0.009090909090909038,0.48223350253807107,0.4298440979955457,0.052389404542525386,0.7425669520859902,0.6520040080160321,0.09056294406995813,0.46684040472936406,0.4024849014148445,0.06435550331451956
Random Forest,all_predictors,1.0,27,6063508306426943623,0.7033132530120482,0.661144578313253,0.04216867469879515,0.6200582984150118,0.6092427278800024,0.010815570535009367,0.41208791208791207,0.36784140969163,0.044246502396282084,0.45454545454545453,0.5060606060606061,-0.05151515151515157,0.4322766570605187,0.4260204081632653,0.0062562488972534025,0.7141100382583349,0.646353312685978,0.0677567255723569,0.4534410905413171,0.39785065959504606,0.05559043094627103
Logistic Regression,all_predictors,1.0,28,6942731480382941405,0.6927710843373494,0.6174698795180723,0.07530120481927705,0.6536102508046395,0.6116232464929859,0.041987004311653586,0.4148471615720524,0.34494773519163763,0.0698994263804148,0.5757575757575758,0.6,-0.024242424242424176,0.48223350253807107,0.43805309734513276,0.04418040519293831,0.7425669520859902,0.6499301633570169,0.0926367887289733,0.46684040472936406,0.3978294134107502,0.06901099131861388
Random Forest,all_predictors,1.0,28,6942731480382941405,0.7033132530120482,0.6701807228915663,0.033132530120481896,0.6200582984150118,0.6162689014392421,0.003789396975769743,0.41208791208791207,0.3783783783783784,0.03370953370953367,0.45454545454545453,0.509090909090909,-0.05454545454545451,0.4322766570605187,0.43410852713178294,-0.00183187007126423,0.7141100382583349,0.6428462986579219,0.07126373960041299,0.4534410905413171,0.4057739346153372,0.04766715592597992
Logistic Regression,all_predictors,1.0,29,11559539444749557198,0.6927710843373494,0.6001506024096386,0.09262048192771077,0.6536102508046395,0.6031426489342322,0.05046760187040733,0.4148471615720524,0.3333333333333333,0.08151382823871911,0.5757575757575758,0.6090909090909091,-0.033333333333333326,0.48223350253807107,0.43086816720257237,0.051365335335498696,0.7425669520859902,0.6326592579097589,0.10990769417623136,0.46684040472936406,0.37721550697440687,0.08962489775495719
Random Forest,all_predictors,1.0,29,11559539444749557198,0.7033132530120482,0.6566265060240963,0.04668674698795183,0.6200582984150118,0.6001518187890933,0.019906479625918516,0.41208791208791207,0.359375,0.05271291208791207,0.45454545454545453,0.48787878787878786,-0.033333333333333326,0.4322766570605187,0.4138817480719794,0.018394908988539294,0.7141100382583349,0.6389688467844781,0.07514119147385678,0.4534410905413171,0.38256448221495576,0.07087660832636133
