model,feature_group,noise_intensity,seed,dataset_signature,clean_accuracy,noisy_accuracy,accuracy_degradation,clean_balanced_accuracy,noisy_balanced_accuracy,balanced_accuracy_degradation,clean_precision,noisy_precision,precision_degradation,clean_recall,noisy_recall,recall_degradation,clean_f1_score,noisy_f1_score,f1_score_degradation,clean_roc_auc,noisy_roc_auc,roc_auc_degradation,clean_average_precision,noisy_average_precision,average_precision_degradation
Logistic Regression,returns,0.05,0,16120295443214530689,0.848644578313253,0.8471385542168675,0.001506024096385561,0.6827353045846292,0.6818739781419074,0.0008613264427217437,0.4095744680851064,0.4052631578947368,0.004311310190369566,0.46107784431137727,0.46107784431137727,0.0,0.43380281690140843,0.43137254901960786,0.002430267881800563,0.802286899070077,0.8016525089356171,0.0006343901344598724,0.3884203679084427,0.38926421370514835,-0.0008438457967056556
Random Forest,returns,0.05,0,16120295443214530689,0.8524096385542169,0.8539156626506024,-0.0015060240963854499,0.6336216455976935,0.6344829720404153,-0.0008613264427217437,0.3986013986013986,0.40425531914893614,-0.00565392054753755,0.3413173652694611,0.3413173652694611,0.0,0.36774193548387096,0.37012987012987014,-0.002387934645999179,0.7735124067111256,0.7730636917379711,0.00044871497315457365,0.3864464632234789,0.3867887026264677,-0.0003422394029887754
Logistic Regression,returns,0.05,1,11719706453875934965,0.848644578313253,0.848644578313253,0.0,0.6827353045846292,0.6827353045846292,0.0,0.4095744680851064,0.4095744680851064,0.0,0.46107784431137727,0.46107784431137727,0.0,0.43380281690140843,0.43380281690140843,0.0,0.802286899070077,0.8014204149839855,0.000866484086091468,0.3884203679084427,0.3882532594266477,0.0001671084817950197
Random Forest,returns,0.05,1,11719706453875934965,0.8524096385542169,0.8539156626506024,-0.0015060240963854499,0.6336216455976935,0.6344829720404153,-0.0008613264427217437,0.3986013986013986,0.40425531914893614,-0.00565392054753755,0.3413173652694611,0.3413173652694611,0.0,0.36774193548387096,0.37012987012987014,-0.002387934645999179,0.7735124067111256,0.7705725499904583,0.002939856720667322,0.3864464632234789,0.3833329259713675,0.0031135372521114424
Logistic Regression,returns,0.05,2,12739064544286042710,0.848644578313253,0.8493975903614458,-0.0007530120481927804,0.6827353045846292,0.6831659678059901,-0.0004306632213609829,0.4095744680851064,0.4117647058823529,-0.0021902377972465303,0.46107784431137727,0.46107784431137727,0.0,0.43380281690140843,0.4350282485875706,-0.0012254316861621817,0.802286899070077,0.8021424850557283,0.00014441401434872603,0.3884203679084427,0.3890681605393291,-0.0006477926308863791
Random Forest,returns,0.05,2,12739064544286042710,0.8524096385542169,0.8539156626506024,-0.0015060240963854499,0.6336216455976935,0.6370463207951023,-0.003424675197408744,0.3986013986013986,0.40559440559440557,-0.006993006993006978,0.3413173652694611,0.3473053892215569,-0.0059880239520958,0.36774193548387096,0.3741935483870968,-0.006451612903225823,0.7735124067111256,0.7740333286914542,-0.0005209219803286036,0.3864464632234789,0.3875400541845132,-0.0010935909610342853
Logistic Regression,returns,0.05,3,11945451720616435153,0.848644578313253,0.848644578313253,0.0,0.6827353045846292,0.6801719558299422,0.0025633487546870004,0.4095744680851064,0.40860215053763443,0.000972317547471957,0.46107784431137727,0.4550898203592814,0.005988023952095856,0.43380281690140843,0.43059490084985835,0.003207916051550075,0.802286899070077,0.8025499388819262,-0.0002630398118491639,0.3884203679084427,0.3885698134706213,-0.00014944556217860727
Random Forest,returns,0.05,3,11945451720616435153,0.8524096385542169,0.8546686746987951,-0.0022590361445782303,0.6336216455976935,0.6349136352617761,-0.0012919896640826156,0.3986013986013986,0.40714285714285714,-0.008541458541458546,0.3413173652694611,0.3413173652694611,0.0,0.36774193548387096,0.3713355048859935,-0.0035935694021225206,0.7735124067111256,0.772305518162641,0.0012068885484846081,0.3864464632234789,0.38336396644483406,0.003082496778644861
Logistic Regression,returns,0.05,4,9509893655632201310,0.848644578313253,0.8471385542168675,0.001506024096385561,0.6827353045846292,0.6767472806325334,0.0059880239520957446,0.4095744680851064,0.4032258064516129,0.006348661633493513,0.46107784431137727,0.4491017964071856,0.011976047904191656,0.43380281690140843,0.42492917847025496,0.008873638431153463,0.802286899070077,0.8024364707277951,-0.0001495716577181172,0.3884203679084427,0.3886707929644195,-0.00025042505597677733
Random Forest,returns,0.05,4,9509893655632201310,0.8524096385542169,0.8546686746987951,-0.0022590361445782303,0.6336216455976935,0.6400403327711501,-0.0064186871734566164,0.3986013986013986,0.4097222222222222,-0.011120823620823617,0.3413173652694611,0.3532934131736527,-0.0119760479041916,0.36774193548387096,0.37942122186495175,-0.011679286381080789,0.7735124067111256,0.7727284449189478,0.0007839617921778785,0.3864464632234789,0.3859289189963062,0.000517544227172706
Logistic Regression,returns,0.05,5,6291224483020896536,0.848644578313253,0.8463855421686747,0.0022590361445783413,0.6827353045846292,0.6814433149205466,0.0012919896640826156,0.4095744680851064,0.4031413612565445,0.0064331068285619075,0.46107784431137727,0.46107784431137727,0.0,0.43380281690140843,0.4301675977653631,0.003635219136045309,0.802286899070077,0.8017505041596393,0.0005363949104376653,0.3884203679084427,0.38876130271194975,-0.00034093480350705363
Random Forest,returns,0.05,5,6291224483020896536,0.8524096385542169,0.8561746987951807,-0.003765060240963791,0.6336216455976935,0.643465007968559,-0.009843362370865472,0.3986013986013986,0.4166666666666667,-0.018065268065268092,0.3413173652694611,0.3592814371257485,-0.0179640718562874,0.36774193548387096,0.3858520900321543,-0.018110154548283353,0.7735124067111256,0.7748791822040674,-0.0013667754929417297,0.3864464632234789,0.387447429391188,-0.0010009661677090609
Logistic Regression,returns,0.05,6,5546666734333797435,0.848644578313253,0.8471385542168675,0.001506024096385561,0.6827353045846292,0.6793106293872204,0.003424675197408744,0.4095744680851064,0.40425531914893614,0.005319148936170248,0.46107784431137727,0.4550898203592814,0.005988023952095856,0.43380281690140843,0.428169014084507,0.005633802816901401,0.802286899070077,0.8024055248675774,-0.00011862579750043789,0.3884203679084427,0.38872638359651934,-0.00030601568807664403
Random Forest,returns,0.05,6,5546666734333797435,0.8524096385542169,0.8546686746987951,-0.0022590361445782303,0.6336216455976935,0.6349136352617761,-0.0012919896640826156,0.3986013986013986,0.40714285714285714,-0.008541458541458546,0.3413173652694611,0.3413173652694611,0.0,0.36774193548387096,0.3713355048859935,-0.0035935694021225206,0.7735124067111256,0.77320294810895,0.0003094586021756829,0.3864464632234789,0.38383563883267785,0.0026108243908010698
Logistic Regression,returns,0.05,7,2581907026347343318,0.848644578313253,0.8471385542168675,0.001506024096385561,0.6827353045846292,0.6818739781419074,0.0008613264427217437,0.4095744680851064,0.4052631578947368,0.004311310190369566,0.46107784431137727,0.46107784431137727,0.0,0.43380281690140843,0.43137254901960786,0.002430267881800563,0.802286899070077,0.803143067869429,-0.0008561687993520195,0.3884203679084427,0.38923814821753155,-0.0008177803090888558
Random Forest,returns,0.05,7,2581907026347343318,0.8524096385542169,0.8546686746987951,-0.0022590361445782303,0.6336216455976935,0.6374769840164632,-0.003855338418769727,0.3986013986013986,0.4084507042253521,-0.00984930562395353,0.3413173652694611,0.3473053892215569,-0.0059880239520958,0.36774193548387096,0.37540453074433655,-0.007662595260465588,0.7735124067111256,0.7721972076518796,0.0013151990592460416,0.3864464632234789,0.38587164504249893,0.0005748181809799857
Logistic Regression,returns,0.05,8,10705141525178270459,0.848644578313253,0.8463855421686747,0.0022590361445783413,0.6827353045846292,0.6814433149205466,0.0012919896640826156,0.4095744680851064,0.4031413612565445,0.0064331068285619075,0.46107784431137727,0.46107784431137727,0.0,0.43380281690140843,0.4301675977653631,0.003635219136045309,0.802286899070077,0.8021528003424675,0.0001340987276094996,0.3884203679084427,0.3887958743112774,-0.00037550640283467995
Random Forest,returns,0.05,8,10705141525178270459,0.8524096385542169,0.8569277108433735,-0.004518072289156572,0.6336216455976935,0.641332322435233,-0.007710676837539454,0.3986013986013986,0.41843971631205673,-0.019838317710658138,0.3413173652694611,0.3532934131736527,-0.0119760479041916,0.36774193548387096,0.38311688311688313,-0.01537494763301217,0.7735124067111256,0.774745083476458,-0.0012326767653323412,0.3864464632234789,0.3847618637887664,0.001684599434712497
Logistic Regression,returns,0.05,9,13677531179418871555,0.848644578313253,0.8471385542168675,0.001506024096385561,0.6827353045846292,0.6818739781419074,0.0008613264427217437,0.4095744680851064,0.4052631578947368,0.004311310190369566,0.46107784431137727,0.46107784431137727,0.0,0.43380281690140843,0.43137254901960786,0.002430267881800563,0.802286899070077,0.8023333178604033,-4.641879032629692e-05,0.3884203679084427,0.3877734133652903,0.0006469545431523893
Random Forest,returns,0.05,9,13677531179418871555,0.8524096385542169,0.8531626506024096,-0.0007530120481926694,0.6336216455976935,0.6391790063284284,-0.005557360730734873,0.3986013986013986,0.4041095890410959,-0.0055081904396973025,0.3413173652694611,0.3532934131736527,-0.0119760479041916,0.36774193548387096,0.3769968051118211,-0.009254869627950135,0.7735124067111256,0.7752453748833084,-0.001732968172182714,0.3864464632234789,0.38697588665097776,-0.000529423427498843
Logistic Regression,returns,0.05,10,13542737650596311711,0.848644578313253,0.8478915662650602,0.0007530120481927804,0.6827353045846292,0.6797412926085813,0.0029940119760478723,0.4095744680851064,0.40641711229946526,0.003157355785641136,0.46107784431137727,0.4550898203592814,0.005988023952095856,0.43380281690140843,0.4293785310734463,0.0044242858279621156,0.802286899070077,0.8019929133980103,0.0002939856720667322,0.3884203679084427,0.38907564521036075,-0.0006552773019180558
Random Forest,returns,0.05,10,13542737650596311711,0.8524096385542169,0.8546686746987951,-0.0022590361445782303,0.6336216455976935,0.6374769840164632,-0.003855338418769727,0.3986013986013986,0.4084507042253521,-0.00984930562395353,0.3413173652694611,0.3473053892215569,-0.0059880239520958,0.36774193548387096,0.37540453074433655,-0.007662595260465588,0.7735124067111256,0.7757766121503762,-0.002264205439250544,0.3864464632234789,0.3863138005850721,0.000132662638406833
Logistic Regression,returns,0.05,11,8995521516930911601,0.848644578313253,0.8478915662650602,0.0007530120481927804,0.6827353045846292,0.6823046413632683,0.00043066322136087187,0.4095744680851064,0.4074074074074074,0.0021670606776990065,0.46107784431137727,0.46107784431137727,0.0,0.43380281690140843,0.43258426966292135,0.0012185472384870777,0.802286899070077,0.8027201411131226,-0.00043324204304562297,0.3884203679084427,0.3887585974106022,-0.00033822950215950387
Random Forest,returns,0.05,11,8995521516930911601,0.8524096385542169,0.8554216867469879,-0.0030120481927710108,0.6336216455976935,0.6379076472378241,-0.004286001640130599,0.3986013986013986,0.41134751773049644,-0.012746119129097844,0.3413173652694611,0.3473053892215569,-0.0059880239520958,0.36774193548387096,0.37662337662337664,-0.008881441139505675,0.7735124067111256,0.773543352571343,-3.0945860217346244e-05,0.3864464632234789,0.3834970867677513,0.002949376455727626
Logistic Regression,returns,0.05,12,5003509243158988156,0.848644578313253,0.8471385542168675,0.001506024096385561,0.6827353045846292,0.6793106293872204,0.003424675197408744,0.4095744680851064,0.40425531914893614,0.005319148936170248,0.46107784431137727,0.4550898203592814,0.005988023952095856,0.43380281690140843,0.428169014084507,0.005633802816901401,0.802286899070077,0.8018742876005097,0.0004126114695672811,0.3884203679084427,0.3872439314635487,0.0011764364448940134
Random Forest,returns,0.05,12,5003509243158988156,0.8524096385542169,0.8539156626506024,-0.0015060240963854499,0.6336216455976935,0.6370463207951023,-0.003424675197408744,0.3986013986013986,0.40559440559440557,-0.006993006993006978,0.3413173652694611,0.3473053892215569,-0.0059880239520958,0.36774193548387096,0.3741935483870968,-0.006451612903225823,0.7735124067111256,0.7752144290230908,-0.0017020223119651456,0.3864464632234789,0.38631348682011,0.0001329764033689007
Logistic Regression,returns,0.05,13,6353772572472471813,0.848644578313253,0.8463855421686747,0.0022590361445783413,0.6827353045846292,0.6788799661658594,0.003855338418769727,0.4095744680851064,0.4021164021164021,0.007458065968704297,0.46107784431137727,0.4550898203592814,0.005988023952095856,0.43380281690140843,0.42696629213483145,0.006836524766576979,0.802286899070077,0.8025963576722525,-0.00030945860217546084,0.3884203679084427,0.38848287248563645,-6.250457719375602e-05
Random Forest,returns,0.05,13,6353772572472471813,0.8524096385542169,0.8546686746987951,-0.0022590361445782303,0.6336216455976935,0.6374769840164632,-0.003855338418769727,0.3986013986013986,0.4084507042253521,-0.00984930562395353,0.3413173652694611,0.3473053892215569,-0.0059880239520958,0.36774193548387096,0.37540453074433655,-0.007662595260465588,0.7735124067111256,0.7738579688168882,-0.0003455621057625313,0.3864464632234789,0.3855290316478129,0.0009174315756660389
Logistic Regression,returns,0.05,14,10268534232197027874,0.848644578313253,0.848644578313253,0.0,0.6827353045846292,0.6801719558299422,0.0025633487546870004,0.4095744680851064,0.40860215053763443,0.000972317547471957,0.46107784431137727,0.4550898203592814,0.005988023952095856,0.43380281690140843,0.43059490084985835,0.003207916051550075,0.802286899070077,0.8020290169015973,0.0002578821684796617,0.3884203679084427,0.3883653534511291,5.501445731359578e-05
Random Forest,returns,0.05,14,10268534232197027874,0.8524096385542169,0.8539156626506024,-0.0015060240963854499,0.6336216455976935,0.6396096695497893,-0.0059880239520957446,0.3986013986013986,0.4068965517241379,-0.008295153122739318,0.3413173652694611,0.3532934131736527,-0.0119760479041916,0.36774193548387096,0.3782051282051282,-0.01046319272125723,0.7735124067111256,0.772511823897425,0.0010005828137006345,0.3864464632234789,0.3830829820570931,0.0033634811663857955
Logistic Regression,returns,0.05,15,15649655467848516071,0.848644578313253,0.8493975903614458,-0.0007530120481927804,0.6827353045846292,0.6831659678059901,-0.0004306632213609829,0.4095744680851064,0.4117647058823529,-0.0021902377972465303,0.46107784431137727,0.46107784431137727,0.0,0.43380281690140843,0.4350282485875706,-0.0012254316861621817,0.802286899070077,0.8009717000108311,0.0013151990592459306,0.3884203679084427,0.3877029101137106,0.0007174577947320904
Random Forest,returns,0.05,15,15649655467848516071,0.8524096385542169,0.8531626506024096,-0.0007530120481926694,0.6336216455976935,0.6391790063284284,-0.005557360730734873,0.3986013986013986,0.4041095890410959,-0.0055081904396973025,0.3413173652694611,0.3532934131736527,-0.0119760479041916,0.36774193548387096,0.3769968051118211,-0.009254869627950135,0.7735124067111256,0.7742912108599339,-0.0007788041488082653,0.3864464632234789,0.3853597056898757,0.001086757533603211
Logistic Regression,returns,0.05,16,17071987332839777701,0.848644578313253,0.8478915662650602,0.0007530120481927804,0.6827353045846292,0.6823046413632683,0.00043066322136087187,0.4095744680851064,0.4074074074074074,0.0021670606776990065,0.46107784431137727,0.46107784431137727,0.0,0.43380281690140843,0.43258426966292135,0.0012185472384870777,0.802286899070077,0.8020754356919237,0.00021146337815325378,0.3884203679084427,0.3878393149648267,0.0005810529436159895
Random Forest,returns,0.05,16,17071987332839777701,0.8524096385542169,0.8524096385542169,0.0,0.6336216455976935,0.6361849943523805,-0.0025633487546870004,0.3986013986013986,0.4,-0.001398601398601429,0.3413173652694611,0.3473053892215569,-0.0059880239520958,0.36774193548387096,0.3717948717948718,-0.004052936311000843,0.7735124067111256,0.7718516455461171,0.001660761165008573,0.3864464632234789,0.3836479226909998,0.0027985405324791324
Logistic Regression,returns,0.05,17,9515220776673258697,0.848644578313253,0.848644578313253,0.0,0.6827353045846292,0.6827353045846292,0.0,0.4095744680851064,0.4095744680851064,0.0,0.46107784431137727,0.46107784431137727,0.0,0.43380281690140843,0.43380281690140843,0.0,0.802286899070077,0.8020548051184453,0.00023209395163170665,0.3884203679084427,0.3881554705541708,0.0002648973542718758
Random Forest,returns,0.05,17,9515220776673258697,0.8524096385542169,0.8546686746987951,-0.0022590361445782303,0.6336216455976935,0.6374769840164632,-0.003855338418769727,0.3986013986013986,0.4084507042253521,-0.00984930562395353,0.3413173652694611,0.3473053892215569,-0.0059880239520958,0.36774193548387096,0.37540453074433655,-0.007662595260465588,0.7735124067111256,0.7713719847127452,0.002140421998380493,0.3864464632234789,0.3836409877837576,0.0028054754397213166
Logistic Regression,returns,0.05,18,5898740913614430173,0.848644578313253,0.8493975903614458,-0.0007530120481927804,0.6827353045846292,0.6831659678059901,-0.0004306632213609829,0.4095744680851064,0.4117647058823529,-0.0021902377972465303,0.46107784431137727,0.46107784431137727,0.0,0.43380281690140843,0.4350282485875706,-0.0012254316861621817,0.802286899070077,0.8018897605306183,0.0003971385394586635,0.3884203679084427,0.3876527744064481,0.0007675935019946234
Random Forest,returns,0.05,18,5898740913614430173,0.8524096385542169,0.8539156626506024,-0.0015060240963854499,0.6336216455976935,0.6370463207951023,-0.003424675197408744,0.3986013986013986,0.40559440559440557,-0.006993006993006978,0.3413173652694611,0.3473053892215569,-0.0059880239520958,0.36774193548387096,0.3741935483870968,-0.006451612903225823,0.7735124067111256,0.7736207172218869,-0.00010831051076121145,0.3864464632234789,0.38605353745622967,0.00039292576724925254
Logistic Regression,returns,0.05,19,13192205369410899433,0.848644578313253,0.8493975903614458,-0.0007530120481927804,0.6827353045846292,0.685729316560677,-0.0029940119760478723,0.4095744680851064,0.4126984126984127,-0.0031239446133062843,0.46107784431137727,0.46706586826347307,-0.0059880239520958,0.43380281690140843,0.43820224719101125,-0.004399430289602824,0.802286899070077,0.802653091749318,-0.0003661926792409842,0.3884203679084427,0.3887357158651178,-0.00031534795667509385
Random Forest,returns,0.05,19,13192205369410899433,0.8524096385542169,0.8546686746987951,-0.0022590361445782303,0.6336216455976935,0.6400403327711501,-0.0064186871734566164,0.3986013986013986,0.4097222222222222,-0.011120823620823617,0.3413173652694611,0.3532934131736527,-0.0119760479041916,0.36774193548387096,0.37942122186495175,-0.011679286381080789,0.7735124067111256,0.7756528287095061,-0.002140421998380493,0.3864464632234789,0.38425530491170656,0.0021911583117723565
Logistic Regression,returns,0.05,20,8704633944163055390,0.848644578313253,0.8471385542168675,0.001506024096385561,0.6827353045846292,0.6818739781419074,0.0008613264427217437,0.4095744680851064,0.4052631578947368,0.004311310190369566,0.46107784431137727,0.46107784431137727,0.0,0.43380281690140843,0.43137254901960786,0.002430267881800563,0.802286899070077,0.8023694213639904,-8.25222939133674e-05,0.3884203679084427,0.3888859641810413,-0.0004655962725986229
Random Forest,returns,0.05,20,8704633944163055390,0.8524096385542169,0.8531626506024096,-0.0007530120481926694,0.6336216455976935,0.6391790063284284,-0.005557360730734873,0.3986013986013986,0.4041095890410959,-0.0055081904396973025,0.3413173652694611,0.3532934131736527,-0.0119760479041916,0.36774193548387096,0.3769968051118211,-0.009254869627950135,0.7735124067111256,0.7741983732792812,-0.0006859665681555605,0.3864464632234789,0.38752851963277246,-0.0010820564092935414
Logistic Regression,returns,0.05,21,10753182564096317437,0.848644578313253,0.8471385542168675,0.001506024096385561,0.6827353045846292,0.6818739781419074,0.0008613264427217437,0.4095744680851064,0.4052631578947368,0.004311310190369566,0.46107784431137727,0.46107784431137727,0.0,0.43380281690140843,0.43137254901960786,0.002430267881800563,0.802286899070077,0.8020651204051844,0.00022177866489259124,0.3884203679084427,0.38877011011580387,-0.00034974220736117
Random Forest,returns,0.05,21,10753182564096317437,0.8524096385542169,0.8539156626506024,-0.0015060240963854499,0.6336216455976935,0.6370463207951023,-0.003424675197408744,0.3986013986013986,0.40559440559440557,-0.006993006993006978,0.3413173652694611,0.3473053892215569,-0.0059880239520958,0.36774193548387096,0.3741935483870968,-0.006451612903225823,0.7735124067111256,0.7737857618097138,-0.0002733550985881683,0.3864464632234789,0.3860383639451114,0.00040809927836754634
Logistic Regression,returns,0.05,22,11302242656095504081,0.848644578313253,0.8471385542168675,0.001506024096385561,0.6827353045846292,0.6793106293872204,0.003424675197408744,0.4095744680851064,0.40425531914893614,0.005319148936170248,0.46107784431137727,0.4550898203592814,0.005988023952095856,0.43380281690140843,0.428169014084507,0.005633802816901401,0.802286899070077,0.8015184102080077,0.0007684888620692609,0.3884203679084427,0.387932472824203,0.00048789508423968675
Random Forest,returns,0.05,22,11302242656095504081,0.8524096385542169,0.8546686746987951,-0.0022590361445782303,0.6336216455976935,0.6400403327711501,-0.0064186871734566164,0.3986013986013986,0.4097222222222222,-0.011120823620823617,0.3413173652694611,0.3532934131736527,-0.0119760479041916,0.36774193548387096,0.37942122186495175,-0.011679286381080789,0.7735124067111256,0.7741777427058028,-0.0006653359946771076,0.3864464632234789,0.3848521180842254,0.0015943451392534946
Logistic Regression,returns,0.05,23,18382443707239272462,0.848644578313253,0.8471385542168675,0.001506024096385561,0.6827353045846292,0.6793106293872204,0.003424675197408744,0.4095744680851064,0.40425531914893614,0.005319148936170248,0.46107784431137727,0.4550898203592814,0.005988023952095856,0.43380281690140843,0.428169014084507,0.005633802816901401,0.802286899070077,0.8021940614894243,9.283758065270487e-05,0.3884203679084427,0.3884623914035914,-4.202349514870196e-05
Random Forest,returns,0.05,23,18382443707239272462,0.8524096385542169,0.8554216867469879,-0.0030120481927710108,0.6336216455976935,0.6379076472378241,-0.004286001640130599,0.3986013986013986,0.41134751773049644,-0.012746119129097844,0.3413173652694611,0.3473053892215569,-0.0059880239520958,0.36774193548387096,0.37662337662337664,-0.008881441139505675,0.7735124067111256,0.7747553987631972,-0.0012429920520715676,0.3864464632234789,0.3833956847638509,0.003050778459628034
Logistic Regression,returns,0.05,24,12738799571994698265,0.848644578313253,0.848644578313253,0.0,0.6827353045846292,0.6827353045846292,0.0,0.4095744680851064,0.4095744680851064,0.0,0.46107784431137727,0.46107784431137727,0.0,0.43380281690140843,0.43380281690140843,0.0,0.802286899070077,0.801858814670401,0.00042808439967600975,0.3884203679084427,0.38803873916542914,0.0003816287430135623
Random Forest,returns,0.05,24,12738799571994698265,0.8524096385542169,0.8539156626506024,-0.0015060240963854499,0.6336216455976935,0.6370463207951023,-0.003424675197408744,0.3986013986013986,0.40559440559440557,-0.006993006993006978,0.3413173652694611,0.3473053892215569,-0.0059880239520958,0.36774193548387096,0.3741935483870968,-0.006451612903225823,0.7735124067111256,0.7744253095875432,-0.0009129028764175429,0.3864464632234789,0.38701375042822617,-0.0005672872047472466
Logistic Regression,returns,0.05,25,222602721627545516,0.848644578313253,0.8463855421686747,0.0022590361445783413,0.6827353045846292,0.6763166174111725,0.0064186871734566164,0.4095744680851064,0.40106951871657753,0.008504949368528858,0.46107784431137727,0.4491017964071856,0.011976047904191656,0.43380281690140843,0.423728813559322,0.010074003342086413,0.802286899070077,0.802096066265402,0.00019083280467502295,0.3884203679084427,0.3877886074787314,0.0006317604297113033
Random Forest,returns,0.05,25,222602721627545516,0.8524096385542169,0.8539156626506024,-0.0015060240963854499,0.6336216455976935,0.6344829720404153,-0.0008613264427217437,0.3986013986013986,0.40425531914893614,-0.00565392054753755,0.3413173652694611,0.3413173652694611,0.0,0.36774193548387096,0.37012987012987014,-0.002387934645999179,0.7735124067111256,0.7723570945963371,0.001155312114788587,0.3864464632234789,0.3864227518882071,2.3711335271792144e-05
Logistic Regression,returns,0.05,26,15973308595951281553,0.848644578313253,0.8478915662650602,0.0007530120481927804,0.6827353045846292,0.6823046413632683,0.00043066322136087187,0.4095744680851064,0.4074074074074074,0.0021670606776990065,0.46107784431137727,0.46107784431137727,0.0,0.43380281690140843,0.43258426966292135,0.0012185472384870777,0.802286899070077,0.8022765837833377,1.031528673933746e-05,0.3884203679084427,0.38845306708470134,-3.2699176258643714e-05
Random Forest,returns,0.05,26,15973308595951281553,0.8524096385542169,0.8516566265060241,0.0007530120481927804,0.6336216455976935,0.6383176798857066,-0.004696034288013129,0.3986013986013986,0.39864864864864863,-4.72500472500359e-05,0.3413173652694611,0.3532934131736527,-0.0119760479041916,0.36774193548387096,0.3746031746031746,-0.0068612391193036415,0.7735124067111256,0.7718671184762257,0.0016452882348999553,0.3864464632234789,0.3833722158768004,0.0030742473466784936
Logistic Regression,returns,0.05,27,1042876616384030007,0.848644578313253,0.8471385542168675,0.001506024096385561,0.6827353045846292,0.6818739781419074,0.0008613264427217437,0.4095744680851064,0.4052631578947368,0.004311310190369566,0.46107784431137727,0.46107784431137727,0.0,0.43380281690140843,0.43137254901960786,0.002430267881800563,0.802286899070077,0.8020599627618149,0.00022693630826209343,0.3884203679084427,0.38843532963273325,-1.4961724290551981e-05
Random Forest,returns,0.05,27,1042876616384030007,0.8524096385542169,0.8546686746987951,-0.0022590361445782303,0.6336216455976935,0.6374769840164632,-0.003855338418769727,0.3986013986013986,0.4084507042253521,-0.00984930562395353,0.3413173652694611,0.3473053892215569,-0.0059880239520958,0.36774193548387096,0.37540453074433655,-0.007662595260465588,0.7735124067111256,0.7735588255014518,-4.64187903261859e-05,0.3864464632234789,0.3853107613808853,0.001135701842593595
Logistic Regression,returns,0.05,28,1076830389157067900,0.848644578313253,0.8478915662650602,0.0007530120481927804,0.6827353045846292,0.6823046413632683,0.00043066322136087187,0.4095744680851064,0.4074074074074074,0.0021670606776990065,0.46107784431137727,0.46107784431137727,0.0,0.43380281690140843,0.43258426966292135,0.0012185472384870777,0.802286899070077,0.8018536570270313,0.000433242043045734,0.3884203679084427,0.388715460684292,-0.00029509277584932603
Random Forest,returns,0.05,28,1076830389157067900,0.8524096385542169,0.8516566265060241,0.0007530120481927804,0.6336216455976935,0.6306276336216456,0.0029940119760478723,0.3986013986013986,0.39436619718309857,0.0042352014183000275,0.3413173652694611,0.33532934131736525,0.005988023952095856,0.36774193548387096,0.36245954692556637,0.005282388558304596,0.7735124067111256,0.7714957681536153,0.0020166385575103307,0.3864464632234789,0.38589401230439324,0.0005524509190856786
Logistic Regression,returns,0.05,29,2225137010142720181,0.848644578313253,0.8471385542168675,0.001506024096385561,0.6827353045846292,0.6793106293872204,0.003424675197408744,0.4095744680851064,0.40425531914893614,0.005319148936170248,0.46107784431137727,0.4550898203592814,0.005988023952095856,0.43380281690140843,0.428169014084507,0.005633802816901401,0.802286899070077,0.8025550965252957,-0.0002681974552186661,0.3884203679084427,0.38810885993769445,0.0003115079707482482
Random Forest,returns,0.05,29,2225137010142720181,0.8524096385542169,0.8561746987951807,-0.003765060240963791,0.6336216455976935,0.638338310459185,-0.004716664861491471,0.3986013986013986,0.4142857142857143,-0.01568431568431572,0.3413173652694611,0.3473053892215569,-0.0059880239520958,0.36774193548387096,0.3778501628664495,-0.01010822738257855,0.7735124067111256,0.7752556901700475,-0.0017432834589218293,0.3864464632234789,0.38565334683390073,0.0007931163895781856
Logistic Regression,returns,0.1,0,11677709847769334638,0.848644578313253,0.8456325301204819,0.003012048192771122,0.6827353045846292,0.6784493029444986,0.004286001640130599,0.4095744680851064,0.4,0.009574468085106369,0.46107784431137727,0.4550898203592814,0.005988023952095856,0.43380281690140843,0.4257703081232493,0.008032508778159142,0.802286899070077,0.8008014977796345,0.0014854012904425007,0.3884203679084427,0.38905348279813023,-0.000633114889687536
Random Forest,returns,0.1,0,11677709847769334638,0.8524096385542169,0.8546686746987951,-0.0022590361445782303,0.6336216455976935,0.6349136352617761,-0.0012919896640826156,0.3986013986013986,0.40714285714285714,-0.008541458541458546,0.3413173652694611,0.3413173652694611,0.0,0.36774193548387096,0.3713355048859935,-0.0035935694021225206,0.7735124067111256,0.7740591169083022,-0.0005467101971765587,0.3864464632234789,0.3870916125864711,-0.0006451493629922034
Logistic Regression,returns,0.1,1,4802497695052991384,0.848644578313253,0.8478915662650602,0.0007530120481927804,0.6827353045846292,0.6797412926085813,0.0029940119760478723,0.4095744680851064,0.40641711229946526,0.003157355785641136,0.46107784431137727,0.4550898203592814,0.005988023952095856,0.43380281690140843,0.4293785310734463,0.0044242858279621156,0.802286899070077,0.8006725566953946,0.001614342374682387,0.3884203679084427,0.3879397716518131,0.00048059625662960626
Random Forest,returns,0.1,1,4802497695052991384,0.8524096385542169,0.8531626506024096,-0.0007530120481926694,0.6336216455976935,0.6340523088190544,-0.00043066322136087187,0.3986013986013986,0.4014084507042254,-0.002807052102826779,0.3413173652694611,0.3413173652694611,0.0,0.36774193548387096,0.36893203883495146,-0.001190103351080496,0.7735124067111256,0.7689066311820802,0.004605775529045397,0.3864464632234789,0.38254349213628397,0.003902971087194951
Logistic Regression,returns,0.1,2,17140840222027250122,0.848644578313253,0.8463855421686747,0.0022590361445783413,0.6827353045846292,0.6788799661658594,0.003855338418769727,0.4095744680851064,0.4021164021164021,0.007458065968704297,0.46107784431137727,0.4550898203592814,0.005988023952095856,0.43380281690140843,0.42696629213483145,0.006836524766576979,0.802286899070077,0.8017247159427914,0.0005621831272856204,0.3884203679084427,0.3892771084308632,-0.0008567405224205182
Random Forest,returns,0.1,2,17140840222027250122,0.8524096385542169,0.8546686746987951,-0.0022590361445782303,0.6336216455976935,0.6374769840164632,-0.003855338418769727,0.3986013986013986,0.4084507042253521,-0.00984930562395353,0.3413173652694611,0.3473053892215569,-0.0059880239520958,0.36774193548387096,0.37540453074433655,-0.007662595260465588,0.7735124067111256,0.775792085080485,-0.0022796783693593836,0.3864464632234789,0.3888929688217466,-0.002446505598267701
Logistic Regression,returns,0.1,3,15068143854944392997,0.848644578313253,0.8463855421686747,0.0022590361445783413,0.6827353045846292,0.6737532686564854,0.008982035928143728,0.4095744680851064,0.4,0.009574468085106369,0.46107784431137727,0.4431137724550898,0.017964071856287456,0.43380281690140843,0.42045454545454547,0.013348271446862958,0.802286899070077,0.802575727098774,-0.00028882802869700797,0.3884203679084427,0.3885445302304456,-0.00012416232200290755
Random Forest,returns,0.1,3,15068143854944392997,0.8524096385542169,0.8569277108433735,-0.004518072289156572,0.6336216455976935,0.6387689736805459,-0.005147328082852343,0.3986013986013986,0.4172661870503597,-0.018664788448961134,0.3413173652694611,0.3473053892215569,-0.0059880239520958,0.36774193548387096,0.3790849673202614,-0.01134303183639046,0.7735124067111256,0.7713874576428538,0.0021249490682718752,0.3864464632234789,0.3841150821146624,0.0023313811088165326
Logistic Regression,returns,0.1,4,5821911584532973886,0.848644578313253,0.8478915662650602,0.0007530120481927804,0.6827353045846292,0.6771779438538943,0.005557360730734873,0.4095744680851064,0.40540540540540543,0.004169062679700963,0.46107784431137727,0.4491017964071856,0.011976047904191656,0.43380281690140843,0.42613636363636365,0.007666453265044781,0.802286899070077,0.8027252987564922,-0.0004383996864152362,0.3884203679084427,0.38975664512152813,-0.001336277213085435
Random Forest,returns,0.1,4,5821911584532973886,0.8524096385542169,0.8531626506024096,-0.0007530120481926694,0.6336216455976935,0.6340523088190544,-0.00043066322136087187,0.3986013986013986,0.4014084507042254,-0.002807052102826779,0.3413173652694611,0.3413173652694611,0.0,0.36774193548387096,0.36893203883495146,-0.001190103351080496,0.7735124067111256,0.7725788732612293,0.0009335334498963288,0.3864464632234789,0.38446746281087135,0.0019790004126075678
Logistic Regression,returns,0.1,5,12589483347190219243,0.848644578313253,0.8456325301204819,0.003012048192771122,0.6827353045846292,0.6810126516991856,0.0017226528854435985,0.4095744680851064,0.4010416666666667,0.008532801418439706,0.46107784431137727,0.46107784431137727,0.0,0.43380281690140843,0.42896935933147634,0.004833457569932087,0.802286899070077,0.8013791538370287,0.0009077452330482627,0.3884203679084427,0.38921110132731895,-0.0007907334188762549
Random Forest,returns,0.1,5,12589483347190219243,0.8524096385542169,0.8569277108433735,-0.004518072289156572,0.6336216455976935,0.6490223686992939,-0.015400723101600344,0.3986013986013986,0.4217687074829932,-0.023167308881594628,0.3413173652694611,0.3712574850299401,-0.029940119760479,0.36774193548387096,0.39490445859872614,-0.027162523114855175,0.7735124067111256,0.77547746883494,-0.0019650621238143096,0.3864464632234789,0.3898713529982835,-0.003424889774804596
Logistic Regression,returns,0.1,6,14376940223700254807,0.848644578313253,0.8463855421686747,0.0022590361445783413,0.6827353045846292,0.6788799661658594,0.003855338418769727,0.4095744680851064,0.4021164021164021,0.007458065968704297,0.46107784431137727,0.4550898203592814,0.005988023952095856,0.43380281690140843,0.42696629213483145,0.006836524766576979,0.802286899070077,0.8022301649930115,5.673407706552336e-05,0.3884203679084427,0.38891759886410765,-0.0004972309556649512
Random Forest,returns,0.1,6,14376940223700254807,0.8524096385542169,0.8531626506024096,-0.0007530120481926694,0.6336216455976935,0.6314889600643674,0.0021326855333261285,0.3986013986013986,0.4,-0.001398601398601429,0.3413173652694611,0.33532934131736525,0.005988023952095856,0.36774193548387096,0.36482084690553745,0.0029210885783335083,0.7735124067111256,0.7720270054206831,0.0014854012904425007,0.3864464632234789,0.3803384527678934,0.006108010455585511
Logistic Regression,returns,0.1,7,8076091649487049719,0.848644578313253,0.8471385542168675,0.001506024096385561,0.6827353045846292,0.6818739781419074,0.0008613264427217437,0.4095744680851064,0.4052631578947368,0.004311310190369566,0.46107784431137727,0.46107784431137727,0.0,0.43380281690140843,0.43137254901960786,0.002430267881800563,0.802286899070077,0.8041797541867169,-0.0018928551166399465,0.3884203679084427,0.39026863871478035,-0.0018482708063376485
Random Forest,returns,0.1,7,8076091649487049719,0.8524096385542169,0.8539156626506024,-0.0015060240963854499,0.6336216455976935,0.6370463207951023,-0.003424675197408744,0.3986013986013986,0.40559440559440557,-0.006993006993006978,0.3413173652694611,0.3473053892215569,-0.0059880239520958,0.36774193548387096,0.3741935483870968,-0.006451612903225823,0.7735124067111256,0.7708252745155684,0.0026871321955572736,0.3864464632234789,0.3851274867531347,0.0013189764703442353
Logistic Regression,returns,0.1,8,1264703036401301356,0.848644578313253,0.8456325301204819,0.003012048192771122,0.6827353045846292,0.6810126516991856,0.0017226528854435985,0.4095744680851064,0.4010416666666667,0.008532801418439706,0.46107784431137727,0.46107784431137727,0.0,0.43380281690140843,0.42896935933147634,0.004833457569932087,0.802286899070077,0.8020651204051844,0.00022177866489259124,0.3884203679084427,0.3892633882943218,-0.0008430203858790786
Random Forest,returns,0.1,8,1264703036401301356,0.8524096385542169,0.858433734939759,-0.0060240963855421326,0.6336216455976935,0.6447569976326417,-0.011135352034948198,0.3986013986013986,0.425531914893617,-0.02693051629221843,0.3413173652694611,0.3592814371257485,-0.0179640718562874,0.36774193548387096,0.38961038961038963,-0.021868454126518666,0.7735124067111256,0.7739972251878671,-0.0004848184767414221,0.3864464632234789,0.38493792447332736,0.0015085387501515557
Logistic Regression,returns,0.1,9,9010268622110028027,0.848644578313253,0.8433734939759037,0.005271084337349352,0.6827353045846292,0.6745939645257288,0.008141340058900326,0.4095744680851064,0.39267015706806285,0.01690431101704354,0.46107784431137727,0.4491017964071856,0.011976047904191656,0.43380281690140843,0.41899441340782123,0.014808403493587197,0.802286899070077,0.8022146920629026,7.220700717436301e-05,0.3884203679084427,0.38679988766704976,0.0016204802413929409
Random Forest,returns,0.1,9,9010268622110028027,0.8524096385542169,0.8516566265060241,0.0007530120481927804,0.6336216455976935,0.6383176798857066,-0.004696034288013129,0.3986013986013986,0.39864864864864863,-4.72500472500359e-05,0.3413173652694611,0.3532934131736527,-0.0119760479041916,0.36774193548387096,0.3746031746031746,-0.0068612391193036415,0.7735124067111256,0.7754568382614616,-0.0019444315503359677,0.3864464632234789,0.3904926253656919,-0.004046162142212983
Logistic Regression,returns,0.1,10,15287305199450102486,0.848644578313253,0.8463855421686747,0.0022590361445783413,0.6827353045846292,0.6814433149205466,0.0012919896640826156,0.4095744680851064,0.4031413612565445,0.0064331068285619075,0.46107784431137727,0.46107784431137727,0.0,0.43380281690140843,0.4301675977653631,0.003635219136045309,0.802286899070077,0.8015132525646382,0.0007736465054387631,0.3884203679084427,0.3900807878791762,-0.0016604199707335177
Random Forest,returns,0.1,10,15287305199450102486,0.8524096385542169,0.8524096385542169,0.0,0.6336216455976935,0.6361849943523805,-0.0025633487546870004,0.3986013986013986,0.4,-0.001398601398601429,0.3413173652694611,0.3473053892215569,-0.0059880239520958,0.36774193548387096,0.3717948717948718,-0.004052936311000843,0.7735124067111256,0.7757405086467891,-0.0022281019356634735,0.3864464632234789,0.38710046927230707,-0.0006540060488281485
Logistic Regression,returns,0.1,11,12805315035451295054,0.848644578313253,0.8493975903614458,-0.0007530120481927804,0.6827353045846292,0.685729316560677,-0.0029940119760478723,0.4095744680851064,0.4126984126984127,-0.0031239446133062843,0.46107784431137727,0.46706586826347307,-0.0059880239520958,0.43380281690140843,0.43820224719101125,-0.004399430289602824,0.802286899070077,0.8027614022600794,-0.0004745031900024177,0.3884203679084427,0.3892531644071065,-0.0008327964986638015
Random Forest,returns,0.1,11,12805315035451295054,0.8524096385542169,0.8539156626506024,-0.0015060240963854499,0.6336216455976935,0.6344829720404153,-0.0008613264427217437,0.3986013986013986,0.40425531914893614,-0.00565392054753755,0.3413173652694611,0.3413173652694611,0.0,0.36774193548387096,0.37012987012987014,-0.002387934645999179,0.7735124067111256,0.773873441746997,-0.000361035035871371,0.3864464632234789,0.38298612463592074,0.003460338587558176
Logistic Regression,returns,0.1,12,3154426553249134112,0.848644578313253,0.8448795180722891,0.0037650602409639022,0.6827353045846292,0.6728919422137637,0.009843362370865472,0.4095744680851064,0.39572192513368987,0.013852542951416524,0.46107784431137727,0.4431137724550898,0.017964071856287456,0.43380281690140843,0.4180790960451977,0.01572372085621071,0.802286899070077,0.8010851681649621,0.001201730905114884,0.3884203679084427,0.3859936632494498,0.0024267046589929175
Random Forest,returns,0.1,12,3154426553249134112,0.8524096385542169,0.8539156626506024,-0.0015060240963854499,0.6336216455976935,0.6396096695497893,-0.0059880239520957446,0.3986013986013986,0.4068965517241379,-0.008295153122739318,0.3413173652694611,0.3532934131736527,-0.0119760479041916,0.36774193548387096,0.3782051282051282,-0.01046319272125723,0.7735124067111256,0.7770453924192959,-0.0035329857081702887,0.3864464632234789,0.3893284838713768,-0.002882020647897887
Logistic Regression,returns,0.1,13,630065383520466843,0.848644578313253,0.8448795180722891,0.0037650602409639022,0.6827353045846292,0.6754552909684507,0.007280013616178471,0.4095744680851064,0.3968253968253968,0.012749071259709588,0.46107784431137727,0.4491017964071856,0.011976047904191656,0.43380281690140843,0.42134831460674155,0.01245450229466688,0.802286899070077,0.8026169882457308,-0.0003300891756538027,0.3884203679084427,0.388161124817325,0.00025924309111768906
Random Forest,returns,0.1,13,630065383520466843,0.8524096385542169,0.8539156626506024,-0.0015060240963854499,0.6336216455976935,0.6344829720404153,-0.0008613264427217437,0.3986013986013986,0.40425531914893614,-0.00565392054753755,0.3413173652694611,0.3413173652694611,0.0,0.36774193548387096,0.37012987012987014,-0.002387934645999179,0.7735124067111256,0.774389206083956,-0.0008767993728303614,0.3864464632234789,0.3851517752717581,0.0012946879517208298
Logistic Regression,returns,0.1,14,8680876748885833482,0.848644578313253,0.8471385542168675,0.001506024096385561,0.6827353045846292,0.6767472806325334,0.0059880239520957446,0.4095744680851064,0.4032258064516129,0.006348661633493513,0.46107784431137727,0.4491017964071856,0.011976047904191656,0.43380281690140843,0.42492917847025496,0.008873638431153463,0.802286899070077,0.8018484993836617,0.0004383996864153472,0.3884203679084427,0.38748251458425687,0.0009378533241858333
Random Forest,returns,0.1,14,8680876748885833482,0.8524096385542169,0.8546686746987951,-0.0022590361445782303,0.6336216455976935,0.6400403327711501,-0.0064186871734566164,0.3986013986013986,0.4097222222222222,-0.011120823620823617,0.3413173652694611,0.3532934131736527,-0.0119760479041916,0.36774193548387096,0.37942122186495175,-0.011679286381080789,0.7735124067111256,0.772155946504923,0.0013564602062026143,0.3864464632234789,0.38419276806101976,0.0022536951624591572
Logistic Regression,returns,0.1,15,8152212760369808289,0.848644578313253,0.848644578313253,0.0,0.6827353045846292,0.6827353045846292,0.0,0.4095744680851064,0.4095744680851064,0.0,0.46107784431137727,0.46107784431137727,0.0,0.43380281690140843,0.43380281690140843,0.0,0.802286899070077,0.7995636633709325,0.002723235699144455,0.3884203679084427,0.3865252654915024,0.0018951024169402975
Random Forest,returns,0.1,15,8152212760369808289,0.8524096385542169,0.8546686746987951,-0.0022590361445782303,0.6336216455976935,0.6426036815258372,-0.008982035928143728,0.3986013986013986,0.410958904109589,-0.012357505508190425,0.3413173652694611,0.3592814371257485,-0.0179640718562874,0.36774193548387096,0.38338658146964855,-0.015644645985777583,0.7735124067111256,0.7746367729656964,-0.0011243662545707966,0.3864464632234789,0.3873483138706951,-0.0009018506472162069
Logistic Regression,returns,0.1,16,15561439267792709728,0.848644578313253,0.8471385542168675,0.001506024096385561,0.6827353045846292,0.6793106293872204,0.003424675197408744,0.4095744680851064,0.40425531914893614,0.005319148936170248,0.46107784431137727,0.4550898203592814,0.005988023952095856,0.43380281690140843,0.428169014084507,0.005633802816901401,0.802286899070077,0.8017608194463787,0.0005260796236983278,0.3884203679084427,0.3878597785043258,0.0005605894041169068
Random Forest,returns,0.1,16,15561439267792709728,0.8524096385542169,0.8531626506024096,-0.0007530120481926694,0.6336216455976935,0.6366156575737414,-0.0029940119760478723,0.3986013986013986,0.4027777777777778,-0.004176379176379197,0.3413173652694611,0.3473053892215569,-0.0059880239520958,0.36774193548387096,0.3729903536977492,-0.005248418213878225,0.7735124067111256,0.7684991773558826,0.005013229355243065,0.3864464632234789,0.38471757323823874,0.0017288899852401785
Logistic Regression,returns,0.1,17,12886343731082059313,0.848644578313253,0.8471385542168675,0.001506024096385561,0.6827353045846292,0.6767472806325334,0.0059880239520957446,0.4095744680851064,0.4032258064516129,0.006348661633493513,0.46107784431137727,0.4491017964071856,0.011976047904191656,0.43380281690140843,0.42492917847025496,0.008873638431153463,0.802286899070077,0.8014204149839855,0.000866484086091468,0.3884203679084427,0.38810984645274094,0.00031052145570176215
Random Forest,returns,0.1,17,12886343731082059313,0.8524096385542169,0.8561746987951807,-0.003765060240963791,0.6336216455976935,0.640901659213872,-0.007280013616178471,0.3986013986013986,0.4154929577464789,-0.01689155914508028,0.3413173652694611,0.3532934131736527,-0.0119760479041916,0.36774193548387096,0.3818770226537217,-0.014135087169850735,0.7735124067111256,0.7702527761015439,0.0032596306095817873,0.3864464632234789,0.38024477265518764,0.006201690568291285
Logistic Regression,returns,0.1,18,5485277370940265202,0.848644578313253,0.8478915662650602,0.0007530120481927804,0.6827353045846292,0.6771779438538943,0.005557360730734873,0.4095744680851064,0.40540540540540543,0.004169062679700963,0.46107784431137727,0.4491017964071856,0.011976047904191656,0.43380281690140843,0.42613636363636365,0.007666453265044781,0.802286899070077,0.8016267207187692,0.0006601783513078274,0.3884203679084427,0.38730156089695017,0.0011188070114925286
Random Forest,returns,0.1,18,5485277370940265202,0.8524096385542169,0.8539156626506024,-0.0015060240963854499,0.6336216455976935,0.6396096695497893,-0.0059880239520957446,0.3986013986013986,0.4068965517241379,-0.008295153122739318,0.3413173652694611,0.3532934131736527,-0.0119760479041916,0.36774193548387096,0.3782051282051282,-0.01046319272125723,0.7735124067111256,0.7742190038527595,-0.0007065971416339023,0.3864464632234789,0.3866335288891386,-0.0001870656656596803
Logistic Regression,returns,0.1,19,4817372128660586040,0.848644578313253,0.848644578313253,0.0,0.6827353045846292,0.6827353045846292,0.0,0.4095744680851064,0.4095744680851064,0.0,0.46107784431137727,0.46107784431137727,0.0,0.43380281690140843,0.43380281690140843,0.0,0.802286899070077,0.8031482255127987,-0.0008613264427217437,0.3884203679084427,0.38956420918080464,-0.001143841272361945
Random Forest,returns,0.1,19,4817372128660586040,0.8524096385542169,0.8569277108433735,-0.004518072289156572,0.6336216455976935,0.641332322435233,-0.007710676837539454,0.3986013986013986,0.41843971631205673,-0.019838317710658138,0.3413173652694611,0.3532934131736527,-0.0119760479041916,0.36774193548387096,0.38311688311688313,-0.01537494763301217,0.7735124067111256,0.7771640182167965,-0.0036516115056708376,0.3864464632234789,0.38430663859974556,0.002139824623733355
Logistic Regression,returns,0.1,20,7298575940466934970,0.848644578313253,0.8471385542168675,0.001506024096385561,0.6827353045846292,0.6844373268965944,-0.0017020223119652567,0.4095744680851064,0.40625,0.0033244680851063912,0.46107784431137727,0.46706586826347307,-0.0059880239520958,0.43380281690140843,0.43454038997214484,-0.0007375730707364081,0.802286899070077,0.8021166968388804,0.00017020223119657008,0.3884203679084427,0.3882906020340384,0.00012976587440427512
Random Forest,returns,0.1,20,7298575940466934970,0.8524096385542169,0.8546686746987951,-0.0022590361445782303,0.6336216455976935,0.6400403327711501,-0.0064186871734566164,0.3986013986013986,0.4097222222222222,-0.011120823620823617,0.3413173652694611,0.3532934131736527,-0.0119760479041916,0.36774193548387096,0.37942122186495175,-0.011679286381080789,0.7735124067111256,0.7741932156359117,-0.0006808089247860583,0.3864464632234789,0.38549372415546257,0.0009527390680163506
Logistic Regression,returns,0.1,21,9429644954938436182,0.848644578313253,0.8463855421686747,0.0022590361445783413,0.6827353045846292,0.6788799661658594,0.003855338418769727,0.4095744680851064,0.4021164021164021,0.007458065968704297,0.46107784431137727,0.4550898203592814,0.005988023952095856,0.43380281690140843,0.42696629213483145,0.006836524766576979,0.802286899070077,0.8019671251811622,0.0003197738889147983,0.3884203679084427,0.38999675765714253,-0.0015763897486998357
Random Forest,returns,0.1,21,9429644954938436182,0.8524096385542169,0.8561746987951807,-0.003765060240963791,0.6336216455976935,0.638338310459185,-0.004716664861491471,0.3986013986013986,0.4142857142857143,-0.01568431568431572,0.3413173652694611,0.3473053892215569,-0.0059880239520958,0.36774193548387096,0.3778501628664495,-0.01010822738257855,0.7735124067111256,0.7738218653133011,-0.00030945860217546084,0.3864464632234789,0.3876570866838372,-0.0012106234603582733
Logistic Regression,returns,0.1,22,5019117097117884442,0.848644578313253,0.8471385542168675,0.001506024096385561,0.6827353045846292,0.6767472806325334,0.0059880239520957446,0.4095744680851064,0.4032258064516129,0.006348661633493513,0.46107784431137727,0.4491017964071856,0.011976047904191656,0.43380281690140843,0.42492917847025496,0.008873638431153463,0.802286899070077,0.8008943353602872,0.0013925637097897958,0.3884203679084427,0.38914177701016234,-0.0007214091017196389
Random Forest,returns,0.1,22,5019117097117884442,0.8524096385542169,0.8576807228915663,-0.005271084337349352,0.6336216455976935,0.6417629856565938,-0.008141340058900326,0.3986013986013986,0.42142857142857143,-0.022827172827172837,0.3413173652694611,0.3532934131736527,-0.0119760479041916,0.36774193548387096,0.38436482084690554,-0.01662288536303458,0.7735124067111256,0.7726820261286212,0.0008303805825043975,0.3864464632234789,0.3834715541304818,0.0029749090929971356
Logistic Regression,returns,0.1,23,17011517821402366849,0.848644578313253,0.8471385542168675,0.001506024096385561,0.6827353045846292,0.6793106293872204,0.003424675197408744,0.4095744680851064,0.40425531914893614,0.005319148936170248,0.46107784431137727,0.4550898203592814,0.005988023952095856,0.43380281690140843,0.428169014084507,0.005633802816901401,0.802286899070077,0.8016370360055083,0.000649863064568712,0.3884203679084427,0.3889382869307198,-0.0005179190222771024
Random Forest,returns,0.1,23,17011517821402366849,0.8524096385542169,0.8569277108433735,-0.004518072289156572,0.6336216455976935,0.641332322435233,-0.007710676837539454,0.3986013986013986,0.41843971631205673,-0.019838317710658138,0.3413173652694611,0.3532934131736527,-0.0119760479041916,0.36774193548387096,0.38311688311688313,-0.01537494763301217,0.7735124067111256,0.7728728589332963,0.0006395477778293746,0.3864464632234789,0.3804192062372759,0.0060272569862030445
Logistic Regression,returns,0.1,24,9806742164989212076,0.848644578313253,0.848644578313253,0.0,0.6827353045846292,0.6827353045846292,0.0,0.4095744680851064,0.4095744680851064,0.0,0.46107784431137727,0.46107784431137727,0.0,0.43380281690140843,0.43380281690140843,0.0,0.802286899070077,0.8015493560682252,0.0007375430018518037,0.3884203679084427,0.38796580980687606,0.0004545581015666378
Random Forest,returns,0.1,24,9806742164989212076,0.8524096385542169,0.8539156626506024,-0.0015060240963854499,0.6336216455976935,0.6370463207951023,-0.003424675197408744,0.3986013986013986,0.40559440559440557,-0.006993006993006978,0.3413173652694611,0.3473053892215569,-0.0059880239520958,0.36774193548387096,0.3741935483870968,-0.006451612903225823,0.7735124067111256,0.7728161248562306,0.0006962818548950089,0.3864464632234789,0.3858617626621012,0.0005847005613777156
Logistic Regression,returns,0.1,25,5935826867228874936,0.848644578313253,0.8448795180722891,0.0037650602409639022,0.6827353045846292,0.6728919422137637,0.009843362370865472,0.4095744680851064,0.39572192513368987,0.013852542951416524,0.46107784431137727,0.4431137724550898,0.017964071856287456,0.43380281690140843,0.4180790960451977,0.01572372085621071,0.802286899070077,0.8018742876005095,0.00041261146956750316,0.3884203679084427,0.3871739030515574,0.0012464648568852876
Random Forest,returns,0.1,25,5935826867228874936,0.8524096385542169,0.8569277108433735,-0.004518072289156572,0.6336216455976935,0.641332322435233,-0.007710676837539454,0.3986013986013986,0.41843971631205673,-0.019838317710658138,0.3413173652694611,0.3532934131736527,-0.0119760479041916,0.36774193548387096,0.38311688311688313,-0.01537494763301217,0.7735124067111256,0.770159938520891,0.003352468190234603,0.3864464632234789,0.38842387216416435,-0.0019774089406854323
Logistic Regression,returns,0.1,26,16734833133734919965,0.848644578313253,0.8478915662650602,0.0007530120481927804,0.6827353045846292,0.6823046413632683,0.00043066322136087187,0.4095744680851064,0.4074074074074074,0.0021670606776990065,0.46107784431137727,0.46107784431137727,0.0,0.43380281690140843,0.43258426966292135,0.0012185472384870777,0.802286899070077,0.8019722828245318,0.0003146162455451851,0.3884203679084427,0.388016571251309,0.0004037966571336926
Random Forest,returns,0.1,26,16734833133734919965,0.8524096385542169,0.8524096385542169,0.0,0.6336216455976935,0.6387483431070675,-0.005126697509374001,0.3986013986013986,0.4013605442176871,-0.002759145616288483,0.3413173652694611,0.3532934131736527,-0.0119760479041916,0.36774193548387096,0.37579617834394907,-0.008054242860078109,0.7735124067111256,0.7702682490316526,0.0032441576794730587,0.3864464632234789,0.38253362599326873,0.003912837230210187
Logistic Regression,returns,0.1,27,13099957085486735667,0.848644578313253,0.8471385542168675,0.001506024096385561,0.6827353045846292,0.6818739781419074,0.0008613264427217437,0.4095744680851064,0.4052631578947368,0.004311310190369566,0.46107784431137727,0.46107784431137727,0.0,0.43380281690140843,0.43137254901960786,0.002430267881800563,0.802286899070077,0.8017762923764874,0.0005106066935895992,0.3884203679084427,0.38866720392721643,-0.00024683601877373285
Random Forest,returns,0.1,27,13099957085486735667,0.8524096385542169,0.8546686746987951,-0.0022590361445782303,0.6336216455976935,0.6374769840164632,-0.003855338418769727,0.3986013986013986,0.4084507042253521,-0.00984930562395353,0.3413173652694611,0.3473053892215569,-0.0059880239520958,0.36774193548387096,0.37540453074433655,-0.007662595260465588,0.7735124067111256,0.7730121153042753,0.0005002914068503728,0.3864464632234789,0.38701536049035157,-0.0005688972668726477
Logistic Regression,returns,0.1,28,13137579112931456194,0.848644578313253,0.8471385542168675,0.001506024096385561,0.6827353045846292,0.6818739781419074,0.0008613264427217437,0.4095744680851064,0.4052631578947368,0.004311310190369566,0.46107784431137727,0.46107784431137727,0.0,0.43380281690140843,0.43137254901960786,0.002430267881800563,0.802286899070077,0.801451360844203,0.0008355382258740107,0.3884203679084427,0.3892967479977179,-0.0008763800892752083
Random Forest,returns,0.1,28,13137579112931456194,0.8524096385542169,0.8531626506024096,-0.0007530120481926694,0.6336216455976935,0.6366156575737414,-0.0029940119760478723,0.3986013986013986,0.4027777777777778,-0.004176379176379197,0.3413173652694611,0.3473053892215569,-0.0059880239520958,0.36774193548387096,0.3729903536977492,-0.005248418213878225,0.7735124067111256,0.7711037872575263,0.002408619453599381,0.3864464632234789,0.382380803411291,0.004065659812187927
Logistic Regression,returns,0.1,29,1335778147252425749,0.848644578313253,0.8463855421686747,0.0022590361445783413,0.6827353045846292,0.6788799661658594,0.003855338418769727,0.4095744680851064,0.4021164021164021,0.007458065968704297,0.46107784431137727,0.4550898203592814,0.005988023952095856,0.43380281690140843,0.42696629213483145,0.006836524766576979,0.802286899070077,0.8027510869733401,-0.00046418790326308024,0.3884203679084427,0.3880546217722796,0.00036574613616308094
Random Forest,returns,0.1,29,1335778147252425749,0.8524096385542169,0.8591867469879518,-0.006777108433734913,0.6336216455976935,0.6451876608540026,-0.01156601525630907,0.3986013986013986,0.42857142857142855,-0.029970029970029954,0.3413173652694611,0.3592814371257485,-0.0179640718562874,0.36774193548387096,0.39087947882736157,-0.023137543343490607,0.7735124067111256,0.774832763413741,-0.0013203567026153218,0.3864464632234789,0.38543624311199104,0.0010102201114878806
Logistic Regression,returns,0.2,0,12261782075735383397,0.848644578313253,0.8463855421686747,0.0022590361445783413,0.6827353045846292,0.6814433149205466,0.0012919896640826156,0.4095744680851064,0.4031413612565445,0.0064331068285619075,0.46107784431137727,0.46107784431137727,0.0,0.43380281690140843,0.4301675977653631,0.003635219136045309,0.802286899070077,0.7989292732364727,0.0033576258336043274,0.3884203679084427,0.3897348368764132,-0.0013144689679704946
Random Forest,returns,0.2,0,12261782075735383397,0.8524096385542169,0.8531626506024096,-0.0007530120481926694,0.6336216455976935,0.6366156575737414,-0.0029940119760478723,0.3986013986013986,0.4027777777777778,-0.004176379176379197,0.3413173652694611,0.3473053892215569,-0.0059880239520958,0.36774193548387096,0.3729903536977492,-0.005248418213878225,0.7735124067111256,0.7729708541573184,0.0005415525538072785,0.3864464632234789,0.3867570843639319,-0.0003106211404529935
Logistic Regression,returns,0.2,1,7750293876220710928,0.848644578313253,0.848644578313253,0.0,0.6827353045846292,0.6827353045846292,0.0,0.4095744680851064,0.4095744680851064,0.0,0.46107784431137727,0.46107784431137727,0.0,0.43380281690140843,0.43380281690140843,0.0,0.802286899070077,0.7990943178242997,0.0031925812457772595,0.3884203679084427,0.389220539955717,-0.0008001720472742835
Random Forest,returns,0.2,1,7750293876220710928,0.8524096385542169,0.8606927710843374,-0.008283132530120474,0.6336216455976935,0.6511756848060984,-0.017554039208404926,0.3986013986013986,0.43661971830985913,-0.038018319708460535,0.3413173652694611,0.3712574850299401,-0.029940119760479,0.36774193548387096,0.40129449838187703,-0.033552562898006066,0.7735124067111256,0.7692676662179516,0.004244740493174026,0.3864464632234789,0.38306527217107406,0.003381191052404864
Logistic Regression,returns,0.2,2,5204898785390063956,0.848644578313253,0.8441265060240963,0.004518072289156683,0.6827353045846292,0.6775879765017768,0.005147328082852343,0.4095744680851064,0.3958333333333333,0.013741134751773076,0.46107784431137727,0.4550898203592814,0.005988023952095856,0.43380281690140843,0.4233983286908078,0.010404488210600638,0.802286899070077,0.8008066554230041,0.0014802436470728875,0.3884203679084427,0.38922220410928304,-0.0008018362008403446
Random Forest,returns,0.2,2,5204898785390063956,0.8524096385542169,0.8561746987951807,-0.003765060240963791,0.6336216455976935,0.638338310459185,-0.004716664861491471,0.3986013986013986,0.4142857142857143,-0.01568431568431572,0.3413173652694611,0.3473053892215569,-0.0059880239520958,0.36774193548387096,0.3778501628664495,-0.01010822738257855,0.7735124067111256,0.7763130070608137,-0.0028006003496880982,0.3864464632234789,0.3900156999245623,-0.003569236701083389
Logistic Regression,returns,0.2,3,3480587819962822147,0.848644578313253,0.8448795180722891,0.0037650602409639022,0.6827353045846292,0.6703285934590767,0.012406711125552472,0.4095744680851064,0.3945945945945946,0.014979873490511775,0.46107784431137727,0.437125748502994,0.023952095808383256,0.43380281690140843,0.4147727272727273,0.019030089628681135,0.802286899070077,0.8027252987564921,-0.00043839968641512517,0.3884203679084427,0.3889697466372118,-0.0005493787287690899
Random Forest,returns,0.2,3,3480587819962822147,0.8524096385542169,0.8554216867469879,-0.0030120481927710108,0.6336216455976935,0.6430343447471981,-0.0094126991495046,0.3986013986013986,0.41379310344827586,-0.015191704846877263,0.3413173652694611,0.3592814371257485,-0.0179640718562874,0.36774193548387096,0.38461538461538464,-0.016873449131513674,0.7735124067111256,0.7711502060478526,0.002362200663273084,0.3864464632234789,0.38215628878462843,0.0042901744388504914
Logistic Regression,returns,0.2,4,4366705693223242883,0.848644578313253,0.8463855421686747,0.0022590361445783413,0.6827353045846292,0.6737532686564854,0.008982035928143728,0.4095744680851064,0.4,0.009574468085106369,0.46107784431137727,0.4431137724550898,0.017964071856287456,0.43380281690140843,0.42045454545454547,0.013348271446862958,0.802286899070077,0.8027356140432313,-0.0004487149731543516,0.3884203679084427,0.3900648788631692,-0.001644510954726508
Random Forest,returns,0.2,4,4366705693223242883,0.8524096385542169,0.8554216867469879,-0.0030120481927710108,0.6336216455976935,0.6379076472378241,-0.004286001640130599,0.3986013986013986,0.41134751773049644,-0.012746119129097844,0.3413173652694611,0.3473053892215569,-0.0059880239520958,0.36774193548387096,0.37662337662337664,-0.008881441139505675,0.7735124067111256,0.7743531025803689,-0.0008406958692432909,0.3864464632234789,0.3854325759157605,0.0010138873077183974
Logistic Regression,returns,0.2,5,17440425897878730296,0.848644578313253,0.8441265060240963,0.004518072289156683,0.6827353045846292,0.6775879765017768,0.005147328082852343,0.4095744680851064,0.3958333333333333,0.013741134751773076,0.46107784431137727,0.4550898203592814,0.005988023952095856,0.43380281690140843,0.4233983286908078,0.010404488210600638,0.802286899070077,0.8001825805752835,0.0021043184947935334,0.3884203679084427,0.39056232313639866,-0.0021419552279559606
Random Forest,returns,0.2,5,17440425897878730296,0.8524096385542169,0.8569277108433735,-0.004518072289156572,0.6336216455976935,0.641332322435233,-0.007710676837539454,0.3986013986013986,0.41843971631205673,-0.019838317710658138,0.3413173652694611,0.3532934131736527,-0.0119760479041916,0.36774193548387096,0.38311688311688313,-0.01537494763301217,0.7735124067111256,0.7747605564065666,-0.0012481496954409588,0.3864464632234789,0.3915302892529106,-0.005083826029431693
Logistic Regression,returns,0.2,6,3795465060059943595,0.848644578313253,0.8433734939759037,0.005271084337349352,0.6827353045846292,0.677157313280416,0.0055779913042132145,0.4095744680851064,0.39378238341968913,0.01579208466541726,0.46107784431137727,0.4550898203592814,0.005988023952095856,0.43380281690140843,0.4222222222222222,0.011580594679186207,0.802286899070077,0.8018433417402919,0.00044355732978507145,0.3884203679084427,0.38853841374131404,-0.00011804583287133852
Random Forest,returns,0.2,6,3795465060059943595,0.8524096385542169,0.8531626506024096,-0.0007530120481926694,0.6336216455976935,0.6340523088190544,-0.00043066322136087187,0.3986013986013986,0.4014084507042254,-0.002807052102826779,0.3413173652694611,0.3413173652694611,0.0,0.36774193548387096,0.36893203883495146,-0.001190103351080496,0.7735124067111256,0.7705828652771975,0.0029295414339280956,0.3864464632234789,0.37943202005073645,0.007014443172742468
Logistic Regression,returns,0.2,7,16227048606748368725,0.848644578313253,0.8456325301204819,0.003012048192771122,0.6827353045846292,0.6835760004538727,-0.0008406958692435129,0.4095744680851064,0.4020618556701031,0.007512612415003284,0.46107784431137727,0.46706586826347307,-0.0059880239520958,0.43380281690140843,0.43213296398891965,0.0016698529124887784,0.802286899070077,0.8061448163105314,-0.003857917240454367,0.3884203679084427,0.39302337666650344,-0.004603008758060745
Random Forest,returns,0.2,7,16227048606748368725,0.8524096385542169,0.8554216867469879,-0.0030120481927710108,0.6336216455976935,0.6404709959925111,-0.006849350394817599,0.3986013986013986,0.4125874125874126,-0.013986013986014012,0.3413173652694611,0.3532934131736527,-0.0119760479041916,0.36774193548387096,0.38064516129032255,-0.01290322580645159,0.7735124067111256,0.7690716757699072,0.00444073094121844,0.3864464632234789,0.38664231458225684,-0.00019585135877792093
Logistic Regression,returns,0.2,8,4548217593347096340,0.848644578313253,0.8463855421686747,0.0022590361445783413,0.6827353045846292,0.6865700124299206,-0.003834707845291385,0.4095744680851064,0.40512820512820513,0.004446262956901259,0.46107784431137727,0.47305389221556887,-0.0119760479041916,0.43380281690140843,0.43646408839779005,-0.002661271496381623,0.802286899070077,0.8019516522510534,0.00033524681902363795,0.3884203679084427,0.3897326722592181,-0.001312304350775395
Random Forest,returns,0.2,8,4548217593347096340,0.8524096385542169,0.8561746987951807,-0.003765060240963791,0.6336216455976935,0.646028356723246,-0.012406711125552472,0.3986013986013986,0.4178082191780822,-0.019206820576683603,0.3413173652694611,0.3652694610778443,-0.0239520958083832,0.36774193548387096,0.38977635782747605,-0.022034422343605087,0.7735124067111256,0.7730275882343838,0.0004848184767418662,0.3864464632234789,0.3839210707363056,0.002525392487173317
Logistic Regression,returns,0.2,9,9464716132785264348,0.848644578313253,0.8448795180722891,0.0037650602409639022,0.6827353045846292,0.6831453372325118,-0.00041003264788264104,0.4095744680851064,0.4,0.009574468085106369,0.46107784431137727,0.46706586826347307,-0.0059880239520958,0.43380281690140843,0.430939226519337,0.0028635903820714015,0.802286899070077,0.8021424850557284,0.000144414014348615,0.3884203679084427,0.3862294683131701,0.0021908995952725774
Random Forest,returns,0.2,9,9464716132785264348,0.8524096385542169,0.8561746987951807,-0.003765060240963791,0.6336216455976935,0.640901659213872,-0.007280013616178471,0.3986013986013986,0.4154929577464789,-0.01689155914508028,0.3413173652694611,0.3532934131736527,-0.0119760479041916,0.36774193548387096,0.3818770226537217,-0.014135087169850735,0.7735124067111256,0.7724241439601418,0.0010882627509838372,0.3864464632234789,0.39054100298473915,-0.00409453976126023
Logistic Regression,returns,0.2,10,6252137554787123852,0.848644578313253,0.8456325301204819,0.003012048192771122,0.6827353045846292,0.6810126516991856,0.0017226528854435985,0.4095744680851064,0.4010416666666667,0.008532801418439706,0.46107784431137727,0.46107784431137727,0.0,0.43380281690140843,0.42896935933147634,0.004833457569932087,0.802286899070077,0.8002289993656098,0.0020578997044672365,0.3884203679084427,0.39085099597783085,-0.002430628069388152
Random Forest,returns,0.2,10,6252137554787123852,0.8524096385542169,0.8546686746987951,-0.0022590361445782303,0.6336216455976935,0.6451670302805242,-0.011545384682830728,0.3986013986013986,0.41216216216216217,-0.013560763560763578,0.3413173652694611,0.3652694610778443,-0.0239520958083832,0.36774193548387096,0.3873015873015873,-0.01955965181771635,0.7735124067111256,0.7745748812452614,-0.001062474534135771,0.3864464632234789,0.39019268528517137,-0.00374622206169245
Logistic Regression,returns,0.2,11,9333979665935608424,0.848644578313253,0.8478915662650602,0.0007530120481927804,0.6827353045846292,0.6848679901179553,-0.0021326855333261285,0.4095744680851064,0.4083769633507853,0.0011975047343210643,0.46107784431137727,0.46706586826347307,-0.0059880239520958,0.43380281690140843,0.43575418994413406,-0.0019513730427256348,0.802286899070077,0.8029677079948628,-0.0006808089247858362,0.3884203679084427,0.39057998666182164,-0.0021596187533789446
Random Forest,returns,0.2,11,9333979665935608424,0.8524096385542169,0.8531626506024096,-0.0007530120481926694,0.6336216455976935,0.6340523088190544,-0.00043066322136087187,0.3986013986013986,0.4014084507042254,-0.002807052102826779,0.3413173652694611,0.3413173652694611,0.0,0.36774193548387096,0.36893203883495146,-0.001190103351080496,0.7735124067111256,0.7724550898203593,0.00105731689076638,0.3864464632234789,0.37996352480649276,0.0064829384169861615
Logistic Regression,returns,0.2,12,10503284791130351055,0.848644578313253,0.8441265060240963,0.004518072289156683,0.6827353045846292,0.6698979302377157,0.012837374346913455,0.4095744680851064,0.3924731182795699,0.017101349805536514,0.46107784431137727,0.437125748502994,0.023952095808383256,0.43380281690140843,0.41359773371104813,0.020205083190360296,0.802286899070077,0.7995224022239757,0.00276449684610125,0.3884203679084427,0.3843949905518159,0.00402537735662678
Random Forest,returns,0.2,12,10503284791130351055,0.8524096385542169,0.8576807228915663,-0.005271084337349352,0.6336216455976935,0.6391996369019068,-0.0055779913042133256,0.3986013986013986,0.42028985507246375,-0.021688456471065154,0.3413173652694611,0.3473053892215569,-0.0059880239520958,0.36774193548387096,0.380327868852459,-0.012585933368588043,0.7735124067111256,0.7780717634498446,-0.004559356738718989,0.3864464632234789,0.38639411380881306,5.234941466586429e-05
Logistic Regression,returns,0.2,13,6276519153845938642,0.848644578313253,0.8448795180722891,0.0037650602409639022,0.6827353045846292,0.6754552909684507,0.007280013616178471,0.4095744680851064,0.3968253968253968,0.012749071259709588,0.46107784431137727,0.4491017964071856,0.011976047904191656,0.43380281690140843,0.42134831460674155,0.01245450229466688,0.802286899070077,0.8029212892045366,-0.0006343901344596503,0.3884203679084427,0.38772191064038874,0.0006984572680539536
Random Forest,returns,0.2,13,6276519153845938642,0.8524096385542169,0.8561746987951807,-0.003765060240963791,0.6336216455976935,0.648591705477933,-0.014970059880239472,0.3986013986013986,0.4189189189189189,-0.02031752031752032,0.3413173652694611,0.3712574850299401,-0.029940119760479,0.36774193548387096,0.39365079365079364,-0.025908858166922677,0.7735124067111256,0.7774012698117976,-0.0038888631006719354,0.3864464632234789,0.3824066899688682,0.004039773254610746
Logistic Regression,returns,0.2,14,18313031956262637409,0.848644578313253,0.848644578313253,0.0,0.6827353045846292,0.6801719558299422,0.0025633487546870004,0.4095744680851064,0.40860215053763443,0.000972317547471957,0.46107784431137727,0.4550898203592814,0.005988023952095856,0.43380281690140843,0.43059490084985835,0.003207916051550075,0.802286899070077,0.8010800105215925,0.0012068885484844971,0.3884203679084427,0.38716281018413395,0.0012575577243087444
Random Forest,returns,0.2,14,18313031956262637409,0.8524096385542169,0.8599397590361446,-0.0075301204819276935,0.6336216455976935,0.6507450215847375,-0.017123375987043943,0.3986013986013986,0.43356643356643354,-0.03496503496503495,0.3413173652694611,0.3712574850299401,-0.029940119760479,0.36774193548387096,0.4,-0.03225806451612906,0.7735124067111256,0.7704900276965448,0.0030223790145808005,0.3864464632234789,0.38603031991492803,0.000416143308550887
Logistic Regression,returns,0.2,15,15522295225744598783,0.848644578313253,0.8471385542168675,0.001506024096385561,0.6827353045846292,0.6767472806325334,0.0059880239520957446,0.4095744680851064,0.4032258064516129,0.006348661633493513,0.46107784431137727,0.4491017964071856,0.011976047904191656,0.43380281690140843,0.42492917847025496,0.008873638431153463,0.802286899070077,0.7970673639800503,0.005219535090026706,0.3884203679084427,0.38381159006536236,0.004608777843080336
Random Forest,returns,0.2,15,15522295225744598783,0.8524096385542169,0.8561746987951807,-0.003765060240963791,0.6336216455976935,0.648591705477933,-0.014970059880239472,0.3986013986013986,0.4189189189189189,-0.02031752031752032,0.3413173652694611,0.3712574850299401,-0.029940119760479,0.36774193548387096,0.39365079365079364,-0.025908858166922677,0.7735124067111256,0.775467153548201,-0.001954746837075305,0.3864464632234789,0.38493350846582536,0.0015129547576535618
Logistic Regression,returns,0.2,16,1244641640708860640,0.848644578313253,0.8471385542168675,0.001506024096385561,0.6827353045846292,0.6818739781419074,0.0008613264427217437,0.4095744680851064,0.4052631578947368,0.004311310190369566,0.46107784431137727,0.46107784431137727,0.0,0.43380281690140843,0.43137254901960786,0.002430267881800563,0.802286899070077,0.8004662509606111,0.0018206481094659166,0.3884203679084427,0.3874143001952465,0.0010060677131962237
Random Forest,returns,0.2,16,1244641640708860640,0.8524096385542169,0.8539156626506024,-0.0015060240963854499,0.6336216455976935,0.6319196232857283,0.0017020223119652567,0.3986013986013986,0.4028776978417266,-0.004276299240328019,0.3413173652694611,0.33532934131736525,0.005988023952095856,0.36774193548387096,0.3660130718954248,0.00172886358844615,0.7735124067111256,0.7689272617555586,0.004585144955567055,0.3864464632234789,0.3835986824176951,0.002847780805783795
Logistic Regression,returns,0.2,17,4602650501177953103,0.848644578313253,0.8456325301204819,0.003012048192771122,0.6827353045846292,0.6733226054351246,0.0094126991495046,0.4095744680851064,0.3978494623655914,0.011725005719515014,0.46107784431137727,0.4431137724550898,0.017964071856287456,0.43380281690140843,0.4192634560906516,0.014539360810756852,0.802286899070077,0.7996771315250636,0.0026097675450134084,0.3884203679084427,0.3870696468833479,0.0013507210250948143
Random Forest,returns,0.2,17,4602650501177953103,0.8524096385542169,0.8561746987951807,-0.003765060240963791,0.6336216455976935,0.635774961704498,-0.0021533161068044704,0.3986013986013986,0.41304347826086957,-0.014442079659470974,0.3413173652694611,0.3413173652694611,0.0,0.36774193548387096,0.3737704918032787,-0.006028556319407741,0.7735124067111256,0.7699845786463247,0.0035278280648008975,0.3864464632234789,0.378784785567577,0.007661677655901922
Logistic Regression,returns,0.2,18,5949273711466823272,0.848644578313253,0.8448795180722891,0.0037650602409639022,0.6827353045846292,0.6754552909684507,0.007280013616178471,0.4095744680851064,0.3968253968253968,0.012749071259709588,0.46107784431137727,0.4491017964071856,0.011976047904191656,0.43380281690140843,0.42134831460674155,0.01245450229466688,0.802286899070077,0.8006158226183292,0.0016710764517477994,0.3884203679084427,0.3854499463855028,0.0029704215229399145
Random Forest,returns,0.2,18,5949273711466823272,0.8524096385542169,0.8539156626506024,-0.0015060240963854499,0.6336216455976935,0.6370463207951023,-0.003424675197408744,0.3986013986013986,0.40559440559440557,-0.006993006993006978,0.3413173652694611,0.3473053892215569,-0.0059880239520958,0.36774193548387096,0.3741935483870968,-0.006451612903225823,0.7735124067111256,0.7733112586197115,0.00020114809141413836,0.3864464632234789,0.38635122955639223,9.523366708669156e-05
Logistic Regression,returns,0.2,19,7686924345172938849,0.848644578313253,0.848644578313253,0.0,0.6827353045846292,0.6852986533393162,-0.0025633487546870004,0.4095744680851064,0.4105263157894737,-0.0009518477043672924,0.46107784431137727,0.46706586826347307,-0.0059880239520958,0.43380281690140843,0.4369747899159664,-0.0031719730145579605,0.802286899070077,0.8035144181920396,-0.001227519121962617,0.3884203679084427,0.39050981095526227,-0.0020894430468195724
Random Forest,returns,0.2,19,7686924345172938849,0.8524096385542169,0.858433734939759,-0.0060240963855421326,0.6336216455976935,0.6447569976326417,-0.011135352034948198,0.3986013986013986,0.425531914893617,-0.02693051629221843,0.3413173652694611,0.3592814371257485,-0.0179640718562874,0.36774193548387096,0.38961038961038963,-0.021868454126518666,0.7735124067111256,0.778216177464193,-0.004703770753067382,0.3864464632234789,0.3824355754813093,0.004010887742169622
Logistic Regression,returns,0.2,20,16386680259929520868,0.848644578313253,0.848644578313253,0.0,0.6827353045846292,0.6904253508486902,-0.007690046264061001,0.4095744680851064,0.41237113402061853,-0.0027966659355121437,0.46107784431137727,0.47904191616766467,-0.0179640718562874,0.43380281690140843,0.44321329639889195,-0.009410479497483526,0.802286899070077,0.8010696952348533,0.0012172038352237236,0.3884203679084427,0.3873430391313537,0.0010773287770889928
Random Forest,returns,0.2,20,16386680259929520868,0.8524096385542169,0.8554216867469879,-0.0030120481927710108,0.6336216455976935,0.6430343447471981,-0.0094126991495046,0.3986013986013986,0.41379310344827586,-0.015191704846877263,0.3413173652694611,0.3592814371257485,-0.0179640718562874,0.36774193548387096,0.38461538461538464,-0.016873449131513674,0.7735124067111256,0.7769473971952735,-0.0034349904841478596,0.3864464632234789,0.3901533931522014,-0.0037069299287224577
Logistic Regression,returns,0.2,21,6831896737577004745,0.848644578313253,0.8456325301204819,0.003012048192771122,0.6827353045846292,0.6810126516991856,0.0017226528854435985,0.4095744680851064,0.4010416666666667,0.008532801418439706,0.46107784431137727,0.46107784431137727,0.0,0.43380281690140843,0.42896935933147634,0.004833457569932087,0.802286899070077,0.801312104473224,0.0009747945968530125,0.3884203679084427,0.3901870665698013,-0.00176669866135859
Random Forest,returns,0.2,21,6831896737577004745,0.8524096385542169,0.8546686746987951,-0.0022590361445782303,0.6336216455976935,0.6374769840164632,-0.003855338418769727,0.3986013986013986,0.4084507042253521,-0.00984930562395353,0.3413173652694611,0.3473053892215569,-0.0059880239520958,0.36774193548387096,0.37540453074433655,-0.007662595260465588,0.7735124067111256,0.7734608302774296,5.157643369602116e-05,0.3864464632234789,0.38216587296265264,0.004280590260826278
Logistic Regression,returns,0.2,22,12997966658903455496,0.848644578313253,0.8456325301204819,0.003012048192771122,0.6827353045846292,0.6707592566804376,0.0119760479041916,0.4095744680851064,0.3967391304347826,0.012835337650323797,0.46107784431137727,0.437125748502994,0.023952095808383256,0.43380281690140843,0.41595441595441596,0.01784840094699247,0.802286899070077,0.7990840025375606,0.003202896532516375,0.3884203679084427,0.3887568909152239,-0.0003365230067812197
Random Forest,returns,0.2,22,12997966658903455496,0.8524096385542169,0.8576807228915663,-0.005271084337349352,0.6336216455976935,0.6417629856565938,-0.008141340058900326,0.3986013986013986,0.42142857142857143,-0.022827172827172837,0.3413173652694611,0.3532934131736527,-0.0119760479041916,0.36774193548387096,0.38436482084690554,-0.01662288536303458,0.7735124067111256,0.7722539417289452,0.0012584649821804073,0.3864464632234789,0.3862611564103152,0.00018530681316369924
Logistic Regression,returns,0.2,23,157593433447748201,0.848644578313253,0.8478915662650602,0.0007530120481927804,0.6827353045846292,0.6823046413632683,0.00043066322136087187,0.4095744680851064,0.4074074074074074,0.0021670606776990065,0.46107784431137727,0.46107784431137727,0.0,0.43380281690140843,0.43258426966292135,0.0012185472384870777,0.802286899070077,0.8005745614713725,0.001712337598704483,0.3884203679084427,0.38890797995452414,-0.0004876120460814426
Random Forest,returns,0.2,23,157593433447748201,0.8524096385542169,0.8569277108433735,-0.004518072289156572,0.6336216455976935,0.6438956711899199,-0.010274025592226343,0.3986013986013986,0.4195804195804196,-0.02097902097902099,0.3413173652694611,0.3592814371257485,-0.0179640718562874,0.36774193548387096,0.3870967741935484,-0.019354838709677413,0.7735124067111256,0.7718774337629651,0.0016349729481605069,0.3864464632234789,0.3815393376576502,0.004907125565828729
Logistic Regression,returns,0.2,24,2742729750381990877,0.848644578313253,0.8471385542168675,0.001506024096385561,0.6827353045846292,0.6818739781419074,0.0008613264427217437,0.4095744680851064,0.4052631578947368,0.004311310190369566,0.46107784431137727,0.46107784431137727,0.0,0.43380281690140843,0.43137254901960786,0.002430267881800563,0.802286899070077,0.8006467684785467,0.0016401305915303421,0.3884203679084427,0.38648962803700054,0.0019307398714421553
Random Forest,returns,0.2,24,2742729750381990877,0.8524096385542169,0.8531626506024096,-0.0007530120481926694,0.6336216455976935,0.6391790063284284,-0.005557360730734873,0.3986013986013986,0.4041095890410959,-0.0055081904396973025,0.3413173652694611,0.3532934131736527,-0.0119760479041916,0.36774193548387096,0.3769968051118211,-0.009254869627950135,0.7735124067111256,0.7713926152862235,0.002119791424902151,0.3864464632234789,0.38375092779203573,0.0026955354314431856
Logistic Regression,returns,0.2,25,12461418475470375440,0.848644578313253,0.8448795180722891,0.0037650602409639022,0.6827353045846292,0.6703285934590767,0.012406711125552472,0.4095744680851064,0.3945945945945946,0.014979873490511775,0.46107784431137727,0.437125748502994,0.023952095808383256,0.43380281690140843,0.4147727272727273,0.019030089628681135,0.802286899070077,0.8007344484158297,0.0015524506542472505,0.3884203679084427,0.38588024048835134,0.0025401274200913537
Random Forest,returns,0.2,25,12461418475470375440,0.8524096385542169,0.8561746987951807,-0.003765060240963791,0.6336216455976935,0.643465007968559,-0.009843362370865472,0.3986013986013986,0.4166666666666667,-0.018065268065268092,0.3413173652694611,0.3592814371257485,-0.0179640718562874,0.36774193548387096,0.3858520900321543,-0.018110154548283353,0.7735124067111256,0.7746006694621095,-0.0010882627509838372,0.3864464632234789,0.39309378786885046,-0.006647324645371544
Logistic Regression,returns,0.2,26,8293497337412781256,0.848644578313253,0.8463855421686747,0.0022590361445783413,0.6827353045846292,0.6788799661658594,0.003855338418769727,0.4095744680851064,0.4021164021164021,0.007458065968704297,0.46107784431137727,0.4550898203592814,0.005988023952095856,0.43380281690140843,0.42696629213483145,0.006836524766576979,0.802286899070077,0.8017762923764872,0.0005106066935898212,0.3884203679084427,0.38743705887831875,0.0009833090301239467
Random Forest,returns,0.2,26,8293497337412781256,0.8524096385542169,0.8509036144578314,0.001506024096385561,0.6336216455976935,0.6301969704002848,0.003424675197408744,0.3986013986013986,0.3916083916083916,0.006993006993006978,0.3413173652694611,0.33532934131736525,0.005988023952095856,0.36774193548387096,0.36129032258064514,0.006451612903225823,0.7735124067111256,0.7678080531443573,0.00570435356676835,0.3864464632234789,0.37700056935866255,0.009445893864816368
Logistic Regression,returns,0.2,27,6318364009346101865,0.848644578313253,0.8463855421686747,0.0022590361445783413,0.6827353045846292,0.6840066636752336,-0.0012713590906043848,0.4095744680851064,0.40414507772020725,0.005429390364899145,0.46107784431137727,0.46706586826347307,-0.0059880239520958,0.43380281690140843,0.43333333333333335,0.00046948356807507974,0.802286899070077,0.801147059885397,0.0011398391846799694,0.3884203679084427,0.3900591543540956,-0.0016387864456529067
Random Forest,returns,0.2,27,6318364009346101865,0.8524096385542169,0.8546686746987951,-0.0022590361445782303,0.6336216455976935,0.6374769840164632,-0.003855338418769727,0.3986013986013986,0.4084507042253521,-0.00984930562395353,0.3413173652694611,0.3473053892215569,-0.0059880239520958,0.36774193548387096,0.37540453074433655,-0.007662595260465588,0.7735124067111256,0.7719238525532914,0.00158855415783421,0.3864464632234789,0.38586840221406743,0.0005780610094114902
Logistic Regression,returns,0.2,28,9957764223919875122,0.848644578313253,0.8463855421686747,0.0022590361445783413,0.6827353045846292,0.6763166174111725,0.0064186871734566164,0.4095744680851064,0.40106951871657753,0.008504949368528858,0.46107784431137727,0.4491017964071856,0.011976047904191656,0.43380281690140843,0.423728813559322,0.010074003342086413,0.802286899070077,0.7997699691057163,0.0025169299643607035,0.3884203679084427,0.38919220677685773,-0.0007718388684150312
Random Forest,returns,0.2,28,9957764223919875122,0.8524096385542169,0.8546686746987951,-0.0022590361445782303,0.6336216455976935,0.6400403327711501,-0.0064186871734566164,0.3986013986013986,0.4097222222222222,-0.011120823620823617,0.3413173652694611,0.3532934131736527,-0.0119760479041916,0.36774193548387096,0.37942122186495175,-0.011679286381080789,0.7735124067111256,0.7709335850263298,0.00257882168479584,0.3864464632234789,0.38274424888296305,0.0037022143405158747
Logistic Regression,returns,0.2,29,7397160994516524138,0.848644578313253,0.8433734939759037,0.005271084337349352,0.6827353045846292,0.6745939645257288,0.008141340058900326,0.4095744680851064,0.39267015706806285,0.01690431101704354,0.46107784431137727,0.4491017964071856,0.011976047904191656,0.43380281690140843,0.41899441340782123,0.014808403493587197,0.802286899070077,0.8025550965252957,-0.0002681974552186661,0.3884203679084427,0.3877459508178069,0.0006744170906358149
Random Forest,returns,0.2,29,7397160994516524138,0.8524096385542169,0.8614457831325302,-0.009036144578313254,0.6336216455976935,0.6490429992727722,-0.015421353675078686,0.3986013986013986,0.43884892086330934,-0.04024752226191075,0.3413173652694611,0.3652694610778443,-0.0239520958083832,0.36774193548387096,0.39869281045751637,-0.030950874973645404,0.7735124067111256,0.7798511504123535,-0.006338743701227889,0.3864464632234789,0.3864277216014462,1.874162203274743e-05
Logistic Regression,returns,0.5,0,6748665288326357557,0.848644578313253,0.8403614457831325,0.008283132530120474,0.6827353045846292,0.6831247066590334,-0.00038940207440418817,0.4095744680851064,0.3891625615763547,0.020411906508751687,0.46107784431137727,0.47305389221556887,-0.0119760479041916,0.43380281690140843,0.42702702702702705,0.006775789874381377,0.802286899070077,0.7895062588002291,0.012780640269847932,0.3884203679084427,0.3862086116158213,0.0022117562926213807
Random Forest,returns,0.5,0,6748665288326357557,0.8524096385542169,0.8569277108433735,-0.004518072289156572,0.6336216455976935,0.651585717453981,-0.017964071856287456,0.3986013986013986,0.4228187919463087,-0.024217393344910132,0.3413173652694611,0.3772455089820359,-0.0359281437125748,0.36774193548387096,0.3987341772151899,-0.030992241731318926,0.7735124067111256,0.7790568733334365,-0.005544466622310895,0.3864464632234789,0.38655928098551445,-0.00011281776203553306
Logistic Regression,returns,0.5,1,15033407380292915991,0.848644578313253,0.8456325301204819,0.003012048192771122,0.6827353045846292,0.6810126516991856,0.0017226528854435985,0.4095744680851064,0.4010416666666667,0.008532801418439706,0.46107784431137727,0.46107784431137727,0.0,0.43380281690140843,0.42896935933147634,0.004833457569932087,0.802286899070077,0.7900890725009928,0.012197826569084191,0.3884203679084427,0.38751209286294697,0.0009082750454957322
Random Forest,returns,0.5,1,15033407380292915991,0.8524096385542169,0.8561746987951807,-0.003765060240963791,0.6336216455976935,0.646028356723246,-0.012406711125552472,0.3986013986013986,0.4178082191780822,-0.019206820576683603,0.3413173652694611,0.3652694610778443,-0.0239520958083832,0.36774193548387096,0.38977635782747605,-0.022034422343605087,0.7735124067111256,0.7702166725979565,0.003295734113169191,0.3864464632234789,0.3826455320449456,0.0038009311785333066
Logistic Regression,returns,0.5,2,4234877982560881748,0.848644578313253,0.8441265060240963,0.004518072289156683,0.6827353045846292,0.6801513252564638,0.0025839793281653423,0.4095744680851064,0.39690721649484534,0.012667251590261053,0.46107784431137727,0.46107784431137727,0.0,0.43380281690140843,0.4265927977839335,0.007210019117474931,0.802286899070077,0.7954066028150417,0.006880296255035279,0.3884203679084427,0.38454715840979925,0.0038732094986434484
Random Forest,returns,0.5,2,4234877982560881748,0.8524096385542169,0.8539156626506024,-0.0015060240963854499,0.6336216455976935,0.6396096695497893,-0.0059880239520957446,0.3986013986013986,0.4068965517241379,-0.008295153122739318,0.3413173652694611,0.3532934131736527,-0.0119760479041916,0.36774193548387096,0.3782051282051282,-0.01046319272125723,0.7735124067111256,0.7706911757879589,0.002821230923166773,0.3864464632234789,0.3860312845838377,0.0004151786396412449
Logistic Regression,returns,0.5,3,6004541881002995382,0.848644578313253,0.8441265060240963,0.004518072289156683,0.6827353045846292,0.6750246277470897,0.007710676837539454,0.4095744680851064,0.39473684210526316,0.014837625979843228,0.46107784431137727,0.4491017964071856,0.011976047904191656,0.43380281690140843,0.42016806722689076,0.013634749674517666,0.802286899070077,0.7992232589085395,0.003063640161537484,0.3884203679084427,0.3860366734272792,0.0023836944811634897
Random Forest,returns,0.5,3,6004541881002995382,0.8524096385542169,0.8599397590361446,-0.0075301204819276935,0.6336216455976935,0.6507450215847375,-0.017123375987043943,0.3986013986013986,0.43356643356643354,-0.03496503496503495,0.3413173652694611,0.3712574850299401,-0.029940119760479,0.36774193548387096,0.4,-0.03225806451612906,0.7735124067111256,0.7715060834403544,0.0020063232707712153,0.3864464632234789,0.38377955687860155,0.0026669063448773733
Logistic Regression,returns,0.5,4,11058517349307455767,0.848644578313253,0.8441265060240963,0.004518072289156683,0.6827353045846292,0.6801513252564638,0.0025839793281653423,0.4095744680851064,0.39690721649484534,0.012667251590261053,0.46107784431137727,0.46107784431137727,0.0,0.43380281690140843,0.4265927977839335,0.007210019117474931,0.802286899070077,0.8006364531918078,0.0016504458782692355,0.3884203679084427,0.3907653003420752,-0.002344932433632485
Random Forest,returns,0.5,4,11058517349307455767,0.8524096385542169,0.8599397590361446,-0.0075301204819276935,0.6336216455976935,0.6481816728300505,-0.014560027232356942,0.3986013986013986,0.4326241134751773,-0.034022714873778725,0.3413173652694611,0.3652694610778443,-0.0239520958083832,0.36774193548387096,0.3961038961038961,-0.02836196062002516,0.7735124067111256,0.7734350420605817,7.736465054397623e-05,0.3864464632234789,0.3786640447623129,0.0077824184611660074
Logistic Regression,returns,0.5,5,353332008325737172,0.848644578313253,0.8441265060240963,0.004518072289156683,0.6827353045846292,0.6827146740111508,2.063057347834185e-05,0.4095744680851064,0.3979591836734694,0.011615284411637006,0.46107784431137727,0.46706586826347307,-0.0059880239520958,0.43380281690140843,0.4297520661157025,0.004050750785705937,0.802286899070077,0.7939727779582954,0.008314121111781647,0.3884203679084427,0.3887199489836405,-0.00029958107519778565
Random Forest,returns,0.5,5,353332008325737172,0.8524096385542169,0.8561746987951807,-0.003765060240963791,0.6336216455976935,0.648591705477933,-0.014970059880239472,0.3986013986013986,0.4189189189189189,-0.02031752031752032,0.3413173652694611,0.3712574850299401,-0.029940119760479,0.36774193548387096,0.39365079365079364,-0.025908858166922677,0.7735124067111256,0.7696338588971928,0.00387854781393282,0.3864464632234789,0.3876867181027438,-0.0012402548792648793
Logistic Regression,returns,0.5,6,4572059280222301326,0.848644578313253,0.8396084337349398,0.009036144578313254,0.6827353045846292,0.6775673459282985,0.0051679586563306845,0.4095744680851064,0.385,0.024574468085106382,0.46107784431137727,0.46107784431137727,0.0,0.43380281690140843,0.4196185286103542,0.014184288291054226,0.802286899070077,0.7970003146162457,0.0052865844538313445,0.3884203679084427,0.3849089436346935,0.003511424273749175
Random Forest,returns,0.5,6,4572059280222301326,0.8524096385542169,0.8546686746987951,-0.0022590361445782303,0.6336216455976935,0.6451670302805242,-0.011545384682830728,0.3986013986013986,0.41216216216216217,-0.013560763560763578,0.3413173652694611,0.3652694610778443,-0.0239520958083832,0.36774193548387096,0.3873015873015873,-0.01955965181771635,0.7735124067111256,0.768442443278817,0.0050699634323086995,0.3864464632234789,0.3841732913351321,0.0022731718883468033
Logistic Regression,returns,0.5,7,17036141332990197430,0.848644578313253,0.8411144578313253,0.0075301204819276935,0.6827353045846292,0.6758653236163332,0.006869980968295941,0.4095744680851064,0.3877551020408163,0.02181936604429008,0.46107784431137727,0.4550898203592814,0.005988023952095856,0.43380281690140843,0.418732782369146,0.01507003453226241,0.802286899070077,0.8075941140973866,-0.005307215027309575,0.3884203679084427,0.39561843798902524,-0.0071980700805825415
Random Forest,returns,0.5,7,17036141332990197430,0.8524096385542169,0.8539156626506024,-0.0015060240963854499,0.6336216455976935,0.6498630645685373,-0.016241418970843746,0.3986013986013986,0.4117647058823529,-0.013163307280954328,0.3413173652694611,0.3772455089820359,-0.0359281437125748,0.36774193548387096,0.39375,-0.026008064516129026,0.7735124067111256,0.7680968811730544,0.005415525538071231,0.3864464632234789,0.3916967039810506,-0.005250240757571689
Logistic Regression,returns,0.5,8,12623249004100505073,0.848644578313253,0.8471385542168675,0.001506024096385561,0.6827353045846292,0.6921273731606554,-0.009392068576026258,0.4095744680851064,0.4090909090909091,0.0004835589941972751,0.46107784431137727,0.48502994011976047,-0.0239520958083832,0.43380281690140843,0.4438356164383562,-0.010032799536947745,0.802286899070077,0.798496031193427,0.0037908678766499504,0.3884203679084427,0.387139508967639,0.0012808589408037085
Random Forest,returns,0.5,8,12623249004100505073,0.8524096385542169,0.8569277108433735,-0.004518072289156572,0.6336216455976935,0.654149066208668,-0.020527420610974456,0.3986013986013986,0.423841059602649,-0.025239661001250413,0.3413173652694611,0.38323353293413176,-0.041916167664670656,0.36774193548387096,0.4025157232704403,-0.03477378778656931,0.7735124067111256,0.7694275531624091,0.004084853548716572,0.3864464632234789,0.377401090385,0.009045372838478893
Logistic Regression,returns,0.5,9,15538744472385340965,0.848644578313253,0.8365963855421686,0.012048192771084376,0.6827353045846292,0.6758446930428549,0.006890611541774283,0.4095744680851064,0.37745098039215685,0.03212348769294954,0.46107784431137727,0.46107784431137727,0.0,0.43380281690140843,0.41509433962264153,0.0187084772787669,0.802286899070077,0.7981607843744036,0.004126114695673366,0.3884203679084427,0.3795112666113061,0.008909101297136623
Random Forest,returns,0.5,9,15538744472385340965,0.8524096385542169,0.8554216867469879,-0.0030120481927710108,0.6336216455976935,0.6507243910112591,-0.0171027454135656,0.3986013986013986,0.41721854304635764,-0.018617144444959044,0.3413173652694611,0.3772455089820359,-0.0359281437125748,0.36774193548387096,0.39622641509433965,-0.028484479610468683,0.7735124067111256,0.7682980292644686,0.0052143774466570925,0.3864464632234789,0.38176503863268924,0.0046814245907896845
Logistic Regression,returns,0.5,10,144107856268096495,0.848644578313253,0.8418674698795181,0.006777108433734913,0.6827353045846292,0.6865493818564421,-0.0038140772718129323,0.4095744680851064,0.39408866995073893,0.015485798134367457,0.46107784431137727,0.47904191616766467,-0.0179640718562874,0.43380281690140843,0.43243243243243246,0.0013703844689759714,0.802286899070077,0.7931836585227477,0.00910324054732925,0.3884203679084427,0.38966245604274263,-0.0012420881342999346
Random Forest,returns,0.5,10,144107856268096495,0.8524096385542169,0.8599397590361446,-0.0075301204819276935,0.6336216455976935,0.6635617653581726,-0.029940119760479056,0.3986013986013986,0.43790849673202614,-0.03930709813062755,0.3413173652694611,0.40119760479041916,-0.059880239520958056,0.36774193548387096,0.41875,-0.05100806451612905,0.7735124067111256,0.7664980117284811,0.007014394982644556,0.3864464632234789,0.39280495394300535,-0.006358490719526433
Logistic Regression,returns,0.5,11,3125687883383200707,0.848644578313253,0.8456325301204819,0.003012048192771122,0.6827353045846292,0.6963927442273077,-0.013657439642678515,0.4095744680851064,0.4068627450980392,0.0027117229870671777,0.46107784431137727,0.49700598802395207,-0.0359281437125748,0.43380281690140843,0.4474393530997305,-0.013636536198322058,0.802286899070077,0.8010181188011574,0.0012687802689196337,0.3884203679084427,0.3913208251467282,-0.0029004572382855254
Random Forest,returns,0.5,11,3125687883383200707,0.8524096385542169,0.8531626506024096,-0.0007530120481926694,0.6336216455976935,0.6468690525924894,-0.013247406994795874,0.3986013986013986,0.40789473684210525,-0.009293338240706661,0.3413173652694611,0.3712574850299401,-0.029940119760479,0.36774193548387096,0.3887147335423197,-0.02097279805844876,0.7735124067111256,0.7679008907250099,0.005611515986115756,0.3864464632234789,0.3832769334502376,0.0031695297732413086
Logistic Regression,returns,0.5,12,6272417250506740143,0.848644578313253,0.8365963855421686,0.012048192771084376,0.6827353045846292,0.6579012517600458,0.024834052824583397,0.4095744680851064,0.3684210526315789,0.041153415453527464,0.46107784431137727,0.41916167664670656,0.04191616766467071,0.43380281690140843,0.39215686274509803,0.041645954156310394,0.802286899070077,0.7929721951445946,0.009314703925482393,0.3884203679084427,0.37485862906158174,0.01356173884686096
Random Forest,returns,0.5,12,6272417250506740143,0.8524096385542169,0.8576807228915663,-0.005271084337349352,0.6336216455976935,0.6571430781847158,-0.02352143258702233,0.3986013986013986,0.4276315789473684,-0.029030180345969825,0.3413173652694611,0.38922155688622756,-0.047904191616766456,0.36774193548387096,0.40752351097178685,-0.03978157548791589,0.7735124067111256,0.7779067188620177,-0.004394312150892032,0.3864464632234789,0.38526952605092407,0.0011769371725548483
Logistic Regression,returns,0.5,13,17045162205560971092,0.848644578313253,0.8403614457831325,0.008283132530120474,0.6827353045846292,0.6703079628855984,0.012427341699030814,0.4095744680851064,0.38341968911917096,0.026154778965935432,0.46107784431137727,0.4431137724550898,0.017964071856287456,0.43380281690140843,0.4111111111111111,0.022691705790297334,0.802286899070077,0.800744763702569,0.001542135367508024,0.3884203679084427,0.3828517061103865,0.005568661798056207
Random Forest,returns,0.5,13,17045162205560971092,0.8524096385542169,0.8554216867469879,-0.0030120481927710108,0.6336216455976935,0.6558510885206331,-0.022229442922939602,0.3986013986013986,0.41935483870967744,-0.020753440108278842,0.3413173652694611,0.38922155688622756,-0.047904191616766456,0.36774193548387096,0.40372670807453415,-0.03598477259066318,0.7735124067111256,0.7783915373387593,-0.0048791306276336766,0.3864464632234789,0.38542132916982175,0.001025134053657173
Logistic Regression,returns,0.5,14,8177296426860581889,0.848644578313253,0.848644578313253,0.0,0.6827353045846292,0.6750452583205682,0.007690046264061001,0.4095744680851064,0.4065934065934066,0.002981061491699799,0.46107784431137727,0.4431137724550898,0.017964071856287456,0.43380281690140843,0.42406876790830944,0.009734048993098987,0.802286899070077,0.7962008798939588,0.006086019176118174,0.3884203679084427,0.38333558861480344,0.005084779293639263
Random Forest,returns,0.5,14,8177296426860581889,0.8524096385542169,0.8569277108433735,-0.004518072289156572,0.6336216455976935,0.654149066208668,-0.020527420610974456,0.3986013986013986,0.423841059602649,-0.025239661001250413,0.3413173652694611,0.38323353293413176,-0.041916167664670656,0.36774193548387096,0.4025157232704403,-0.03477378778656931,0.7735124067111256,0.7698350069886067,0.0036773997225189037,0.3864464632234789,0.3863584375419544,8.802568152449508e-05
Logistic Regression,returns,0.5,15,12779323882971020360,0.848644578313253,0.8441265060240963,0.004518072289156683,0.6827353045846292,0.6827146740111508,2.063057347834185e-05,0.4095744680851064,0.3979591836734694,0.011615284411637006,0.46107784431137727,0.46706586826347307,-0.0059880239520958,0.43380281690140843,0.4297520661157025,0.004050750785705937,0.802286899070077,0.7848231186206399,0.017463780449437083,0.3884203679084427,0.37457078723614406,0.013849580672298634
Random Forest,returns,0.5,15,12779323882971020360,0.8524096385542169,0.8531626506024096,-0.0007530120481926694,0.6336216455976935,0.6545590988565505,-0.020937453258856986,0.3986013986013986,0.41139240506329117,-0.012791006461892573,0.3413173652694611,0.38922155688622756,-0.047904191616766456,0.36774193548387096,0.4,-0.03225806451612906,0.7735124067111256,0.7693398732251261,0.004172533485999552,0.3864464632234789,0.3799510916345269,0.006495371588952026
Logistic Regression,returns,0.5,16,16701878353907445153,0.848644578313253,0.8426204819277109,0.0060240963855421326,0.6827353045846292,0.6792899988137421,0.003445305770887086,0.4095744680851064,0.39285714285714285,0.016717325227963542,0.46107784431137727,0.46107784431137727,0.0,0.43380281690140843,0.42424242424242425,0.009560392658984174,0.802286899070077,0.7936633193561198,0.008623579713957219,0.3884203679084427,0.38258943557716185,0.005830932331280847
Random Forest,returns,0.5,16,16701878353907445153,0.8524096385542169,0.8509036144578314,0.001506024096385561,0.6336216455976935,0.6301969704002848,0.003424675197408744,0.3986013986013986,0.3916083916083916,0.006993006993006978,0.3413173652694611,0.33532934131736525,0.005988023952095856,0.36774193548387096,0.36129032258064514,0.006451612903225823,0.7735124067111256,0.7716195515944854,0.0018928551166402796,0.3864464632234789,0.38273371772893094,0.0037127454945479754
Logistic Regression,returns,0.5,17,13881367285148521849,0.848644578313253,0.8441265060240963,0.004518072289156683,0.6827353045846292,0.6673345814830288,0.015400723101600344,0.4095744680851064,0.391304347826087,0.018270120259019418,0.46107784431137727,0.4311377245508982,0.029940119760479056,0.43380281690140843,0.41025641025641024,0.023546406644998186,0.802286899070077,0.7938180486572076,0.008468850412869378,0.3884203679084427,0.38062988128817843,0.00779048662026427
Random Forest,returns,0.5,17,13881367285148521849,0.8524096385542169,0.8539156626506024,-0.0015060240963854499,0.6336216455976935,0.6498630645685373,-0.016241418970843746,0.3986013986013986,0.4117647058823529,-0.013163307280954328,0.3413173652694611,0.3772455089820359,-0.0359281437125748,0.36774193548387096,0.39375,-0.026008064516129026,0.7735124067111256,0.7697163811911062,0.0037960255200194526,0.3864464632234789,0.37636781462997315,0.010078648593505768
Logistic Regression,returns,0.5,18,7531794226522191970,0.848644578313253,0.8411144578313253,0.0075301204819276935,0.6827353045846292,0.6733019748616462,0.009433329722982942,0.4095744680851064,0.3865979381443299,0.02297652994077648,0.46107784431137727,0.4491017964071856,0.011976047904191656,0.43380281690140843,0.4155124653739612,0.018290351527447235,0.802286899070077,0.7948392620443867,0.00744763702569029,0.3884203679084427,0.37937497741789694,0.009045390490545757
Random Forest,returns,0.5,18,7531794226522191970,0.8524096385542169,0.8546686746987951,-0.0022590361445782303,0.6336216455976935,0.6502937277898982,-0.01667208219220473,0.3986013986013986,0.4144736842105263,-0.015872285609127734,0.3413173652694611,0.3772455089820359,-0.0359281437125748,0.36774193548387096,0.3949843260188088,-0.02724239053493782,0.7735124067111256,0.7808775214429022,-0.00736511473177659,0.3864464632234789,0.385322644127567,0.0011238190959119154
Logistic Regression,returns,0.5,19,97725976393942968,0.848644578313253,0.8456325301204819,0.003012048192771122,0.6827353045846292,0.6861393492085597,-0.0034040446239305133,0.4095744680851064,0.4030612244897959,0.0065132435953104695,0.46107784431137727,0.47305389221556887,-0.0119760479041916,0.43380281690140843,0.43526170798898073,-0.0014588910875723005,0.802286899070077,0.8014307302707246,0.0008561687993523526,0.3884203679084427,0.3887344406139726,-0.00031407270552991085
Random Forest,returns,0.5,19,97725976393942968,0.8524096385542169,0.8569277108433735,-0.004518072289156572,0.6336216455976935,0.6490223686992939,-0.015400723101600344,0.3986013986013986,0.4217687074829932,-0.023167308881594628,0.3413173652694611,0.3712574850299401,-0.029940119760479,0.36774193548387096,0.39490445859872614,-0.027162523114855175,0.7735124067111256,0.7889440756729434,-0.015431668961817802,0.3864464632234789,0.38707096762203613,-0.000624504398557213
Logistic Regression,returns,0.5,20,6789209150790317349,0.848644578313253,0.8441265060240963,0.004518072289156683,0.6827353045846292,0.6878413715205248,-0.005106066935895659,0.4095744680851064,0.4,0.009574468085106369,0.46107784431137727,0.47904191616766467,-0.0179640718562874,0.43380281690140843,0.4359673024523161,-0.0021644855509076466,0.802286899070077,0.7969126346789626,0.005374264391114436,0.3884203679084427,0.38441916923055747,0.0040011986778852315
Random Forest,returns,0.5,20,6789209150790317349,0.8524096385542169,0.8561746987951807,-0.003765060240963791,0.6336216455976935,0.6537184029873071,-0.020096757389613584,0.3986013986013986,0.42105263157894735,-0.022451232977548752,0.3413173652694611,0.38323353293413176,-0.041916167664670656,0.36774193548387096,0.4012539184952978,-0.03351198301142683,0.7735124067111256,0.7778035659946257,-0.004291159283500101,0.3864464632234789,0.39563263434908696,-0.009186171125608045
Logistic Regression,returns,0.5,21,13343602711680592842,0.848644578313253,0.8411144578313253,0.0075301204819276935,0.6827353045846292,0.6784286723710202,0.004306632213608941,0.4095744680851064,0.3888888888888889,0.020685579196217496,0.46107784431137727,0.46107784431137727,0.0,0.43380281690140843,0.42191780821917807,0.011885008682230358,0.802286899070077,0.7975315518833135,0.004755347186763514,0.3884203679084427,0.39017773363571456,-0.0017573657272718646
Random Forest,returns,0.5,21,13343602711680592842,0.8524096385542169,0.8524096385542169,0.0,0.6336216455976935,0.6361849943523805,-0.0025633487546870004,0.3986013986013986,0.4,-0.001398601398601429,0.3413173652694611,0.3473053892215569,-0.0059880239520958,0.36774193548387096,0.3717948717948718,-0.004052936311000843,0.7735124067111256,0.7762201694801611,-0.0027077627690355044,0.3864464632234789,0.3762354874456127,0.010210975777866227
Logistic Regression,returns,0.5,22,15136379208319785070,0.848644578313253,0.8411144578313253,0.0075301204819276935,0.6827353045846292,0.6656119285975852,0.017123375987043943,0.4095744680851064,0.3829787234042553,0.026595744680851074,0.46107784431137727,0.4311377245508982,0.029940119760479056,0.43380281690140843,0.4056338028169014,0.028169014084507005,0.802286899070077,0.7920025581911114,0.01028434087896557,0.3884203679084427,0.3856162635321957,0.0028041043762470075
Random Forest,returns,0.5,22,15136379208319785070,0.8524096385542169,0.8606927710843374,-0.008283132530120474,0.6336216455976935,0.6537390335607853,-0.020117387963091815,0.3986013986013986,0.4375,-0.03889860139860141,0.3413173652694611,0.3772455089820359,-0.0359281437125748,0.36774193548387096,0.40514469453376206,-0.0374027590498911,0.7735124067111256,0.7723364640228587,0.0011759426882669288,0.3864464632234789,0.38381792761473604,0.002628535608742877
Logistic Regression,returns,0.5,23,2307171684825209483,0.848644578313253,0.8403614457831325,0.008283132530120474,0.6827353045846292,0.6754346603949724,0.007300644189656813,0.4095744680851064,0.38578680203045684,0.023787666054649548,0.46107784431137727,0.4550898203592814,0.005988023952095856,0.43380281690140843,0.4175824175824176,0.01622039931899083,0.802286899070077,0.7954427063186289,0.006844192751448097,0.3884203679084427,0.38738903166154504,0.0010313362468976628
Random Forest,returns,0.5,23,2307171684825209483,0.8524096385542169,0.8576807228915663,-0.005271084337349352,0.6336216455976935,0.6520163806753418,-0.018394735077648328,0.3986013986013986,0.42567567567567566,-0.027074277074277064,0.3413173652694611,0.3772455089820359,-0.0359281437125748,0.36774193548387096,0.4,-0.03225806451612906,0.7735124067111256,0.771423561146441,0.0020888455646846937,0.3864464632234789,0.3744127554980277,0.012033707725451204
Logistic Regression,returns,0.5,24,13681005878984791986,0.848644578313253,0.8441265060240963,0.004518072289156683,0.6827353045846292,0.6750246277470897,0.007710676837539454,0.4095744680851064,0.39473684210526316,0.014837625979843228,0.46107784431137727,0.4491017964071856,0.011976047904191656,0.43380281690140843,0.42016806722689076,0.013634749674517666,0.802286899070077,0.7949114690515608,0.007375430018516149,0.3884203679084427,0.38242181900658,0.005998548901862688
Random Forest,returns,0.5,24,13681005878984791986,0.8524096385542169,0.8554216867469879,-0.0030120481927710108,0.6336216455976935,0.6507243910112591,-0.0171027454135656,0.3986013986013986,0.41721854304635764,-0.018617144444959044,0.3413173652694611,0.3772455089820359,-0.0359281437125748,0.36774193548387096,0.39622641509433965,-0.028484479610468683,0.7735124067111256,0.7669260961281571,0.0065863105829685464,0.3864464632234789,0.38490743809575334,0.0015390251277255795
Logistic Regression,returns,0.5,25,459181352569240031,0.848644578313253,0.8381024096385542,0.010542168674698815,0.6827353045846292,0.6664526244668286,0.01628268011780054,0.4095744680851064,0.37628865979381443,0.03328580829129196,0.46107784431137727,0.437125748502994,0.023952095808383256,0.43380281690140843,0.40443213296398894,0.029370683937419484,0.802286899070077,0.7948186314709084,0.007468267599168632,0.3884203679084427,0.3808637560431609,0.0075566118652817815
Random Forest,returns,0.5,25,459181352569240031,0.8524096385542169,0.8576807228915663,-0.005271084337349352,0.6336216455976935,0.6545797294300288,-0.020958083832335328,0.3986013986013986,0.4266666666666667,-0.0280652680652681,0.3413173652694611,0.38323353293413176,-0.041916167664670656,0.36774193548387096,0.4037854889589905,-0.03604355347511956,0.7735124067111256,0.781450019856927,-0.007937613145801325,0.3864464632234789,0.39408777731090355,-0.007641314087424633
Logistic Regression,returns,0.5,26,16939858816649384139,0.848644578313253,0.8448795180722891,0.0037650602409639022,0.6827353045846292,0.6780186397231377,0.004716664861491471,0.4095744680851064,0.39790575916230364,0.01166870892280275,0.46107784431137727,0.4550898203592814,0.005988023952095856,0.43380281690140843,0.4245810055865922,0.009221811314816253,0.802286899070077,0.7979905821432071,0.004296316926869936,0.3884203679084427,0.3809277130051974,0.007492654903245299
Random Forest,returns,0.5,26,16939858816649384139,0.8524096385542169,0.8561746987951807,-0.003765060240963791,0.6336216455976935,0.643465007968559,-0.009843362370865472,0.3986013986013986,0.4166666666666667,-0.018065268065268092,0.3413173652694611,0.3592814371257485,-0.0179640718562874,0.36774193548387096,0.3858520900321543,-0.018110154548283353,0.7735124067111256,0.7701135197305646,0.003398886980561011,0.3864464632234789,0.3708192999192386,0.0156271633042403
Logistic Regression,returns,0.5,27,15454774720935713604,0.848644578313253,0.8441265060240963,0.004518072289156683,0.6827353045846292,0.6852780227658378,-0.0025427181812086586,0.4095744680851064,0.398989898989899,0.010584569095207386,0.46107784431137727,0.47305389221556887,-0.0119760479041916,0.43380281690140843,0.4328767123287671,0.0009261045726413064,0.802286899070077,0.7961544611036326,0.00613243796644436,0.3884203679084427,0.3890177282826616,-0.0005973603742189248
Random Forest,returns,0.5,27,15454774720935713604,0.8524096385542169,0.8569277108433735,-0.004518072289156572,0.6336216455976935,0.6438956711899199,-0.010274025592226343,0.3986013986013986,0.4195804195804196,-0.02097902097902099,0.3413173652694611,0.3592814371257485,-0.0179640718562874,0.36774193548387096,0.3870967741935484,-0.019354838709677413,0.7735124067111256,0.7625111534037867,0.01100125330733892,0.3864464632234789,0.3866335330548818,-0.00018706983140287514
Logistic Regression,returns,0.5,28,3607289727707656216,0.848644578313253,0.8456325301204819,0.003012048192771122,0.6827353045846292,0.6810126516991856,0.0017226528854435985,0.4095744680851064,0.4010416666666667,0.008532801418439706,0.46107784431137727,0.46107784431137727,0.0,0.43380281690140843,0.42896935933147634,0.004833457569932087,0.802286899070077,0.7928123082001373,0.009474590869939736,0.3884203679084427,0.3874623788579524,0.0009579890504902711
Random Forest,returns,0.5,28,3607289727707656216,0.8524096385542169,0.8516566265060241,0.0007530120481927804,0.6336216455976935,0.6460077261497676,-0.01238608055207413,0.3986013986013986,0.4025974025974026,-0.003996003996004027,0.3413173652694611,0.3712574850299401,-0.029940119760479,0.36774193548387096,0.3862928348909657,-0.018550899407094756,0.7735124067111256,0.7565386023817998,0.016973804329325826,0.3864464632234789,0.37831232831966954,0.008134134903809376
Logistic Regression,returns,0.5,29,8406078370471410643,0.848644578313253,0.8343373493975904,0.014307228915662606,0.6827353045846292,0.6642993083600242,0.01843599622460501,0.4095744680851064,0.36683417085427134,0.042740297230835056,0.46107784431137727,0.437125748502994,0.023952095808383256,0.43380281690140843,0.3989071038251366,0.03489571307627182,0.802286899070077,0.7992593624121266,0.0030275366579504137,0.3884203679084427,0.3828852937220219,0.005535074186420796
Random Forest,returns,0.5,29,8406078370471410643,0.8524096385542169,0.8546686746987951,-0.0022590361445782303,0.6336216455976935,0.6477303790352112,-0.014108733437517729,0.3986013986013986,0.41333333333333333,-0.014731934731934737,0.3413173652694611,0.3712574850299401,-0.029940119760479,0.36774193548387096,0.3911671924290221,-0.02342525694515113,0.7735124067111256,0.7820070453408429,-0.008494638629717222,0.3864464632234789,0.3826567006912631,0.0037897625322158013
Logistic Regression,returns,1.0,0,8989443565367545265,0.848644578313253,0.8418674698795181,0.006777108433734913,0.6827353045846292,0.6942394281205032,-0.011504123535874045,0.4095744680851064,0.39712918660287083,0.01244528148223556,0.46107784431137727,0.49700598802395207,-0.0359281437125748,0.43380281690140843,0.44148936170212766,-0.0076865448007192305,0.802286899070077,0.7702269878846957,0.03205991118538132,0.3884203679084427,0.37703415437148047,0.01138621353696223
Random Forest,returns,1.0,0,8989443565367545265,0.8524096385542169,0.8554216867469879,-0.0030120481927710108,0.6336216455976935,0.6661044835393812,-0.032482837941687714,0.3986013986013986,0.4233128834355828,-0.024711484834184227,0.3413173652694611,0.41317365269461076,-0.07185628742514966,0.36774193548387096,0.41818181818181815,-0.05043988269794719,0.7735124067111256,0.7816717985218193,-0.008159391810693695,0.3864464632234789,0.38717806417431194,-0.0007316009508330223
Logistic Regression,returns,1.0,1,9588271985041054223,0.848644578313253,0.8320783132530121,0.016566265060240948,0.6827353045846292,0.6706973649600024,0.012037939624626737,0.4095744680851064,0.36538461538461536,0.04418985270049103,0.46107784431137727,0.4550898203592814,0.005988023952095856,0.43380281690140843,0.4053333333333333,0.028469483568075105,0.802286899070077,0.7680298318092497,0.034257067260827334,0.3884203679084427,0.3742291180369888,0.014191249871453926
Random Forest,returns,1.0,1,9588271985041054223,0.8524096385542169,0.8576807228915663,-0.005271084337349352,0.6336216455976935,0.6597064269394028,-0.02608478134170933,0.3986013986013986,0.42857142857142855,-0.029970029970029954,0.3413173652694611,0.39520958083832336,-0.053892215568862256,0.36774193548387096,0.411214953271028,-0.043473017787157064,0.7735124067111256,0.7706086534940455,0.0029037532170801406,0.3864464632234789,0.37814723022359775,0.008299232999881168
Logistic Regression,returns,1.0,2,9529740756743981238,0.848644578313253,0.8418674698795181,0.006777108433734913,0.6827353045846292,0.6891127306111292,-0.006377426026500044,0.4095744680851064,0.3951219512195122,0.014452516865594178,0.46107784431137727,0.48502994011976047,-0.0239520958083832,0.43380281690140843,0.43548387096774194,-0.0016810540663335094,0.802286899070077,0.7810889848210556,0.0211979142490214,0.3884203679084427,0.3725937196023361,0.015826648306106583
Random Forest,returns,1.0,2,9529740756743981238,0.8524096385542169,0.8509036144578314,0.001506024096385561,0.6336216455976935,0.6481404116830938,-0.014518766085400259,0.3986013986013986,0.4012738853503185,-0.0026724867489199,0.3413173652694611,0.3772455089820359,-0.0359281437125748,0.36774193548387096,0.3888888888888889,-0.021146953405017932,0.7735124067111256,0.7784998478495206,-0.004987441138394999,0.3864464632234789,0.3851490272136025,0.0012974360098764182
Logistic Regression,returns,1.0,3,5802423658743977347,0.848644578313253,0.8403614457831325,0.008283132530120474,0.6827353045846292,0.6805613579043464,0.0021739466802828122,0.4095744680851064,0.3880597014925373,0.021514766592569068,0.46107784431137727,0.46706586826347307,-0.0059880239520958,0.43380281690140843,0.42391304347826086,0.009889773423147563,0.802286899070077,0.7870924817032602,0.015194417366816815,0.3884203679084427,0.37588724221021946,0.012533125698223235
Random Forest,returns,1.0,3,5802423658743977347,0.8524096385542169,0.8554216867469879,-0.0030120481927710108,0.6336216455976935,0.6609777860300071,-0.027356140432313603,0.3986013986013986,0.42138364779874216,-0.022782249197343563,0.3413173652694611,0.40119760479041916,-0.059880239520958056,0.36774193548387096,0.4110429447852761,-0.043301009301405124,0.7735124067111256,0.7725324544709032,0.0009799522402224037,0.3864464632234789,0.3793964552077697,0.007050008015709208
Logistic Regression,returns,1.0,4,6707898883674941599,0.848644578313253,0.8313253012048193,0.017319277108433728,0.6827353045846292,0.6753933992480157,0.007341905336613497,0.4095744680851064,0.36619718309859156,0.04337728498651483,0.46107784431137727,0.46706586826347307,-0.0059880239520958,0.43380281690140843,0.4105263157894737,0.023276501111934744,0.802286899070077,0.7880260151531562,0.014260883916920819,0.3884203679084427,0.3860805585146223,0.002339809393820391
Random Forest,returns,1.0,4,6707898883674941599,0.8524096385542169,0.8606927710843374,-0.008283132530120474,0.6336216455976935,0.6639924285795334,-0.030370782981839928,0.3986013986013986,0.4407894736842105,-0.042188075082811916,0.3413173652694611,0.40119760479041916,-0.059880239520958056,0.36774193548387096,0.4200626959247649,-0.052320760440893954,0.7735124067111256,0.772723287275578,0.0007891194355476028,0.3864464632234789,0.3802565466973098,0.006189916526169126
Logistic Regression,returns,1.0,5,12118085615794060756,0.848644578313253,0.8365963855421686,0.012048192771084376,0.6827353045846292,0.6758446930428549,0.006890611541774283,0.4095744680851064,0.37745098039215685,0.03212348769294954,0.46107784431137727,0.46107784431137727,0.0,0.43380281690140843,0.41509433962264153,0.0187084772787669,0.802286899070077,0.7786236312903908,0.023663267779686192,0.3884203679084427,0.377496405823733,0.010923962084709693
Random Forest,returns,1.0,5,12118085615794060756,0.8524096385542169,0.8606927710843374,-0.008283132530120474,0.6336216455976935,0.6665557773342204,-0.03293413173652693,0.3986013986013986,0.44155844155844154,-0.042957042957042946,0.3413173652694611,0.40718562874251496,-0.06586826347305386,0.36774193548387096,0.4236760124610592,-0.05593407697718822,0.7735124067111256,0.7674779639687033,0.0060344427424223746,0.3864464632234789,0.38524880026734315,0.00119766295613577
Logistic Regression,returns,1.0,6,4283905932620267876,0.848644578313253,0.8313253012048193,0.017319277108433728,0.6827353045846292,0.6753933992480157,0.007341905336613497,0.4095744680851064,0.36619718309859156,0.04337728498651483,0.46107784431137727,0.46706586826347307,-0.0059880239520958,0.43380281690140843,0.4105263157894737,0.023276501111934744,0.802286899070077,0.7841113638356363,0.01817553523444071,0.3884203679084427,0.37550064528032817,0.012919722628114527
Random Forest,returns,1.0,6,4283905932620267876,0.8524096385542169,0.8561746987951807,-0.003765060240963791,0.6336216455976935,0.6562817517419941,-0.022660106144300585,0.3986013986013986,0.42207792207792205,-0.02347652347652346,0.3413173652694611,0.38922155688622756,-0.047904191616766456,0.36774193548387096,0.40498442367601245,-0.03724248819214149,0.7735124067111256,0.7740023828312367,-0.0004899761201110353,0.3864464632234789,0.38541757224214257,0.00102889098133635
Logistic Regression,returns,1.0,7,2514526420987553168,0.848644578313253,0.829066265060241,0.01957831325301207,0.6827353045846292,0.6664113633198718,0.016323941264757336,0.4095744680851064,0.35714285714285715,0.05243161094224924,0.46107784431137727,0.4491017964071856,0.011976047904191656,0.43380281690140843,0.3978779840848806,0.03592483281652781,0.802286899070077,0.801425572627355,0.0008613264427219658,0.3884203679084427,0.39274693356725693,-0.00432656565881423
Random Forest,returns,1.0,7,2514526420987553168,0.8524096385542169,0.8546686746987951,-0.0022590361445782303,0.6336216455976935,0.6708005178273944,-0.03717887222970084,0.3986013986013986,0.4226190476190476,-0.024017649017649023,0.3413173652694611,0.4251497005988024,-0.08383233532934131,0.36774193548387096,0.42388059701492536,-0.0561386615310544,0.7735124067111256,0.7702837219617612,0.003228684749364441,0.3864464632234789,0.3975125301685157,-0.011066066945036757
Logistic Regression,returns,1.0,8,11876389201189530780,0.848644578313253,0.8328313253012049,0.015813253012048167,0.6827353045846292,0.6839447719547984,-0.0012094673701692482,0.4095744680851064,0.37327188940092165,0.03630257868418474,0.46107784431137727,0.48502994011976047,-0.0239520958083832,0.43380281690140843,0.421875,0.011927816901408428,0.802286899070077,0.7864529339254307,0.0158339651446463,0.3884203679084427,0.37663288011139906,0.011787487797043639
Random Forest,returns,1.0,8,11876389201189530780,0.8524096385542169,0.8516566265060241,0.0007530120481927804,0.6336216455976935,0.6613878186778896,-0.027766173080196133,0.3986013986013986,0.40963855421686746,-0.011037155615468863,0.3413173652694611,0.40718562874251496,-0.06586826347305386,0.36774193548387096,0.4084084084084084,-0.040666472924537456,0.7735124067111256,0.7682722410476206,0.0052401656635050475,0.3864464632234789,0.3782550341720867,0.008191429051392196
Logistic Regression,returns,1.0,9,14951558273733766464,0.848644578313253,0.8268072289156626,0.02183734939759041,0.6827353045846292,0.6651193736557892,0.01761593092883995,0.4095744680851064,0.352112676056338,0.05746179202876839,0.46107784431137727,0.4491017964071856,0.011976047904191656,0.43380281690140843,0.39473684210526316,0.039065974796145264,0.802286899070077,0.7853388829575989,0.016948016112478093,0.3884203679084427,0.35969877119484167,0.028721596713601028
Random Forest,returns,1.0,9,14951558273733766464,0.8524096385542169,0.8531626506024096,-0.0007530120481926694,0.6336216455976935,0.6545590988565505,-0.020937453258856986,0.3986013986013986,0.41139240506329117,-0.012791006461892573,0.3413173652694611,0.38922155688622756,-0.047904191616766456,0.36774193548387096,0.4,-0.03225806451612906,0.7735124067111256,0.7632125929020512,0.01029981380907441,0.3864464632234789,0.38001119982278514,0.00643526340069378
Logistic Regression,returns,1.0,10,7438735538064330388,0.848644578313253,0.8358433734939759,0.012801204819277157,0.6827353045846292,0.69592081985899,-0.013185515274360848,0.4095744680851064,0.38461538461538464,0.024959083469721755,0.46107784431137727,0.5089820359281437,-0.047904191616766456,0.43380281690140843,0.4381443298969072,-0.004341512995498786,0.802286899070077,0.7757095627865715,0.02657733628350545,0.3884203679084427,0.3859374777367693,0.002482890171673413
Random Forest,returns,1.0,10,7438735538064330388,0.8524096385542169,0.8621987951807228,-0.009789156626505924,0.6336216455976935,0.6827971963050643,-0.049175550707370785,0.3986013986013986,0.45121951219512196,-0.05261811359372337,0.3413173652694611,0.4431137724550898,-0.10179640718562871,0.36774193548387096,0.4471299093655589,-0.07938797388168795,0.7735124067111256,0.772181734721771,0.0013306719893546592,0.3864464632234789,0.39312880090531505,-0.006682337681836126
Logistic Regression,returns,1.0,11,259137871005138007,0.848644578313253,0.8448795180722891,0.0037650602409639022,0.6827353045846292,0.6985254297606338,-0.015790125176004643,0.4095744680851064,0.4057971014492754,0.003777366635831003,0.46107784431137727,0.5029940119760479,-0.0419161676646706,0.43380281690140843,0.44919786096256686,-0.015395044061158436,0.802286899070077,0.7900013925637097,0.012285506506367283,0.3884203679084427,0.3821945355789216,0.006225832329521119
Random Forest,returns,1.0,11,259137871005138007,0.8524096385542169,0.848644578313253,0.0037650602409639022,0.6336216455976935,0.641721724509637,-0.008100078911943531,0.3986013986013986,0.391025641025641,0.007575757575757569,0.3413173652694611,0.3652694610778443,-0.0239520958083832,0.36774193548387096,0.37770897832817335,-0.009967042844302387,0.7735124067111256,0.7591586852135522,0.014353721497573413,0.3864464632234789,0.371903273906891,0.014543189316587934
Logistic Regression,returns,1.0,12,17404088507166700521,0.848644578313253,0.8207831325301205,0.027861445783132543,0.6827353045846292,0.653984021620841,0.02875128296378815,0.4095744680851064,0.33488372093023255,0.07469074715487384,0.46107784431137727,0.4311377245508982,0.029940119760479056,0.43380281690140843,0.3769633507853403,0.056839466116068105,0.802286899070077,0.7741158509853677,0.02817104808470927,0.3884203679084427,0.35499053056570845,0.03342983734273425
Random Forest,returns,1.0,12,17404088507166700521,0.8524096385542169,0.8554216867469879,-0.0030120481927710108,0.6336216455976935,0.6635411347846942,-0.029919489187000714,0.3986013986013986,0.422360248447205,-0.023758849845806396,0.3413173652694611,0.40718562874251496,-0.06586826347305386,0.36774193548387096,0.4146341463414634,-0.04689221085759243,0.7735124067111256,0.7717278621052469,0.001784544605878735,0.3864464632234789,0.3842750175505855,0.0021714456728934017
Logistic Regression,returns,1.0,13,7442296060760130368,0.848644578313253,0.8298192771084337,0.01882530120481929,0.6827353045846292,0.6770954215599808,0.005639883024648351,0.4095744680851064,0.3640552995391705,0.045519168545935906,0.46107784431137727,0.47305389221556887,-0.0119760479041916,0.43380281690140843,0.4114583333333333,0.022344483568075113,0.802286899070077,0.7877423447678287,0.014544554302248325,0.3884203679084427,0.3669441135081502,0.021476254400292494
Random Forest,returns,1.0,13,7442296060760130368,0.8524096385542169,0.858433734939759,-0.0060240963855421326,0.6336216455976935,0.6524470438967027,-0.0188253982990092,0.3986013986013986,0.42857142857142855,-0.029970029970029954,0.3413173652694611,0.3772455089820359,-0.0359281437125748,0.36774193548387096,0.4012738853503185,-0.03353194986644753,0.7735124067111256,0.7825021791043236,-0.008989772393197981,0.3864464632234789,0.37902271763925266,0.00742374558422626
Logistic Regression,returns,1.0,14,17245933584113203730,0.848644578313253,0.8268072289156626,0.02183734939759041,0.6827353045846292,0.6599926761464152,0.022742628438213952,0.4095744680851064,0.3492822966507177,0.0602921714343887,0.46107784431137727,0.437125748502994,0.023952095808383256,0.43380281690140843,0.3882978723404255,0.04550494456098292,0.802286899070077,0.7807021615683363,0.021584737501740725,0.3884203679084427,0.3730449117544915,0.015375456153951195
Random Forest,returns,1.0,14,17245933584113203730,0.8524096385542169,0.8576807228915663,-0.005271084337349352,0.6336216455976935,0.6699598219581508,-0.03633817636045733,0.3986013986013986,0.43209876543209874,-0.03349736683070015,0.3413173652694611,0.41916167664670656,-0.07784431137724546,0.36774193548387096,0.425531914893617,-0.05778997940974606,0.7735124067111256,0.7737960770964531,-0.00028367038532750577,0.3864464632234789,0.37837107638233597,0.00807538684114295
Logistic Regression,returns,1.0,15,7566764071287456541,0.848644578313253,0.8313253012048193,0.017319277108433728,0.6827353045846292,0.6702667017386416,0.012468602845987609,0.4095744680851064,0.36363636363636365,0.045938104448742745,0.46107784431137727,0.4550898203592814,0.005988023952095856,0.43380281690140843,0.40425531914893614,0.029547497752472285,0.802286899070077,0.758782177247572,0.04350472182250498,0.3884203679084427,0.35319077377045266,0.03522959413799004
Random Forest,returns,1.0,15,7566764071287456541,0.8524096385542169,0.8561746987951807,-0.003765060240963791,0.6336216455976935,0.6665351467607421,-0.032913501163048586,0.3986013986013986,0.42592592592592593,-0.027324527324527337,0.3413173652694611,0.41317365269461076,-0.07185628742514966,0.36774193548387096,0.4194528875379939,-0.05171095205412296,0.7735124067111256,0.7666836868897863,0.0068287198213393685,0.3864464632234789,0.37949069625914644,0.006955766964332477
Logistic Regression,returns,1.0,16,9319446386950293846,0.848644578313253,0.8343373493975904,0.014307228915662606,0.6827353045846292,0.6822427496428332,0.0004925549417960084,0.4095744680851064,0.3755868544600939,0.033987613625012514,0.46107784431137727,0.47904191616766467,-0.0179640718562874,0.43380281690140843,0.42105263157894735,0.012750185322461083,0.802286899070077,0.775513572338527,0.026773326731549973,0.3884203679084427,0.3698209308826334,0.018599437025809296
Random Forest,returns,1.0,16,9319446386950293846,0.8524096385542169,0.8516566265060241,0.0007530120481927804,0.6336216455976935,0.6536977724138286,-0.02007612681613513,0.3986013986013986,0.40625,-0.007648601398601407,0.3413173652694611,0.38922155688622756,-0.047904191616766456,0.36774193548387096,0.39755351681957185,-0.029811581335700887,0.7735124067111256,0.7858649625812975,-0.01235255587017181,0.3864464632234789,0.38077812782778137,0.005668335395697555
Logistic Regression,returns,1.0,17,7965975370373877414,0.848644578313253,0.8335843373493976,0.015060240963855387,0.6827353045846292,0.6510519013652282,0.031683403219400996,0.4095744680851064,0.35789473684210527,0.051679731243001126,0.46107784431137727,0.40718562874251496,0.05389221556886231,0.43380281690140843,0.38095238095238093,0.0528504359490275,0.802286899070077,0.7764677363619015,0.025819162708175525,0.3884203679084427,0.3637876753585425,0.024632692549900193
Random Forest,returns,1.0,17,7965975370373877414,0.8524096385542169,0.8539156626506024,-0.0015060240963854499,0.6336216455976935,0.6524264133232244,-0.018804767725530858,0.3986013986013986,0.4129032258064516,-0.01430182720505302,0.3413173652694611,0.38323353293413176,-0.041916167664670656,0.36774193548387096,0.39751552795031053,-0.02977359246643957,0.7735124067111256,0.773001800017536,0.0005106066935895992,0.3864464632234789,0.37629513799639586,0.010151325227083063
Logistic Regression,returns,1.0,18,10032540303921768595,0.848644578313253,0.829066265060241,0.01957831325301207,0.6827353045846292,0.6715380608292459,0.011197243755383224,0.4095744680851064,0.3598130841121495,0.049761383972956874,0.46107784431137727,0.46107784431137727,0.0,0.43380281690140843,0.4041994750656168,0.029603341835791608,0.802286899070077,0.7776127331899509,0.024674165880126053,0.3884203679084427,0.36160798969824587,0.02681237821019683
Random Forest,returns,1.0,18,10032540303921768595,0.8524096385542169,0.8471385542168675,0.005271084337349463,0.6336216455976935,0.6485504443309763,-0.014928798733282789,0.3986013986013986,0.3902439024390244,0.00835749616237419,0.3413173652694611,0.38323353293413176,-0.041916167664670656,0.36774193548387096,0.3867069486404834,-0.01896501315661242,0.7735124067111256,0.7785514242832166,-0.005039017572090909,0.3864464632234789,0.38654170210841593,-9.523888493701005e-05
Logistic Regression,returns,1.0,19,242452793679557184,0.848644578313253,0.8426204819277109,0.0060240963855421326,0.6827353045846292,0.671599952549681,0.011135352034948198,0.4095744680851064,0.3894736842105263,0.020100783874580086,0.46107784431137727,0.4431137724550898,0.017964071856287456,0.43380281690140843,0.41456582633053224,0.01923699057087619,0.802286899070077,0.7899446584866442,0.012342240583432806,0.3884203679084427,0.3780931990721521,0.01032716883629059
Random Forest,returns,1.0,19,242452793679557184,0.8524096385542169,0.8591867469879518,-0.006777108433734913,0.6336216455976935,0.6605677533821246,-0.026946107784431073,0.3986013986013986,0.4342105263157895,-0.0356091277143909,0.3413173652694611,0.39520958083832336,-0.053892215568862256,0.36774193548387096,0.41379310344827586,-0.04605116796440489,0.7735124067111256,0.7865251409326051,-0.013012734221479416,0.3864464632234789,0.3839580023448628,0.0024884608786160944
Logistic Regression,returns,1.0,20,17013359554559278055,0.848644578313253,0.8320783132530121,0.016566265060240948,0.6827353045846292,0.6809507599787505,0.001784544605878624,0.4095744680851064,0.37037037037037035,0.03920409771473604,0.46107784431137727,0.47904191616766467,-0.0179640718562874,0.43380281690140843,0.4177545691906005,0.016048247710807928,0.802286899070077,0.7821359864250828,0.020150912644994246,0.3884203679084427,0.37629951957491325,0.012120848333529444
Random Forest,returns,1.0,20,17013359554559278055,0.8524096385542169,0.8531626506024096,-0.0007530120481926694,0.6336216455976935,0.6648124938752985,-0.031190848277604988,0.3986013986013986,0.41566265060240964,-0.01706125200101105,0.3413173652694611,0.41317365269461076,-0.07185628742514966,0.36774193548387096,0.4144144144144144,-0.04667247893054344,0.7735124067111256,0.777989241155931,-0.0044768344448054,0.3864464632234789,0.39047415709909045,-0.004027693875611527
Logistic Regression,returns,1.0,21,7979026390396694989,0.848644578313253,0.8335843373493976,0.015060240963855387,0.6827353045846292,0.6741220401574113,0.008613264427217882,0.4095744680851064,0.3701923076923077,0.03938216039279868,0.46107784431137727,0.46107784431137727,0.0,0.43380281690140843,0.4106666666666667,0.023136150234741748,0.802286899070077,0.7854626663984692,0.01682423267160782,0.3884203679084427,0.38388807948386444,0.004532288424578257
Random Forest,returns,1.0,21,7979026390396694989,0.8524096385542169,0.8531626506024096,-0.0007530120481926694,0.6336216455976935,0.6443057038378024,-0.010684058240108874,0.3986013986013986,0.4066666666666667,-0.008065268065268083,0.3413173652694611,0.3652694610778443,-0.0239520958083832,0.36774193548387096,0.38485804416403785,-0.017116108680166886,0.7735124067111256,0.7851686807264026,-0.011656274015276913,0.3864464632234789,0.38377843309430937,0.002668030129169552
Logistic Regression,returns,1.0,22,5633921023213874687,0.848644578313253,0.8335843373493976,0.015060240963855387,0.6827353045846292,0.6689953426480373,0.013739961936591882,0.4095744680851064,0.36764705882352944,0.04192740926157695,0.46107784431137727,0.4491017964071856,0.011976047904191656,0.43380281690140843,0.40431266846361186,0.02949014843779657,0.802286899070077,0.7736516630821045,0.028635235987972463,0.3884203679084427,0.3769607079278334,0.011459659980609271
Random Forest,returns,1.0,22,5633921023213874687,0.8524096385542169,0.8554216867469879,-0.0030120481927710108,0.6336216455976935,0.6532877397659462,-0.019666094168252712,0.3986013986013986,0.41830065359477125,-0.01969925499337266,0.3413173652694611,0.38323353293413176,-0.041916167664670656,0.36774193548387096,0.4,-0.03225806451612906,0.7735124067111256,0.7645123190311882,0.00900008767993743,0.3864464632234789,0.3768148239881546,0.00963163923532434
Logistic Regression,returns,1.0,23,9631903705388797297,0.848644578313253,0.8381024096385542,0.010542168674698815,0.6827353045846292,0.6843960657496377,-0.001660761165008573,0.4095744680851064,0.38461538461538464,0.024959083469721755,0.46107784431137727,0.47904191616766467,-0.0179640718562874,0.43380281690140843,0.4266666666666667,0.007136150234741734,0.802286899070077,0.7799130421327887,0.022373856937288328,0.3884203679084427,0.3728453446686482,0.015575023239794483
Random Forest,returns,1.0,23,9631903705388797297,0.8524096385542169,0.8546686746987951,-0.0022590361445782303,0.6336216455976935,0.6528570765445852,-0.01923543094689173,0.3986013986013986,0.4155844155844156,-0.01698301698301702,0.3413173652694611,0.38323353293413176,-0.041916167664670656,0.36774193548387096,0.3987538940809969,-0.03101195859712591,0.7735124067111256,0.7670653524991361,0.006447054211989545,0.3864464632234789,0.36743468295745324,0.01901178026602568
Logistic Regression,returns,1.0,24,8445162268527057303,0.848644578313253,0.8343373493975904,0.014307228915662606,0.6827353045846292,0.6719893546240852,0.01074594996054401,0.4095744680851064,0.37073170731707317,0.038842760768033224,0.46107784431137727,0.4550898203592814,0.005988023952095856,0.43380281690140843,0.40860215053763443,0.025200666363773994,0.802286899070077,0.7790568733334364,0.02323002573664057,0.3884203679084427,0.366059895676668,0.022360472231774675
Random Forest,returns,1.0,24,8445162268527057303,0.8524096385542169,0.8569277108433735,-0.004518072289156572,0.6336216455976935,0.661839112472729,-0.028217466875035457,0.3986013986013986,0.4267515923566879,-0.02815019375528932,0.3413173652694611,0.40119760479041916,-0.059880239520958056,0.36774193548387096,0.41358024691358025,-0.04583831142970929,0.7735124067111256,0.7558165323100569,0.01769587440106879,0.3864464632234789,0.37998436482781583,0.006462098395663085
Logistic Regression,returns,1.0,25,17383819350268922612,0.848644578313253,0.829066265060241,0.01957831325301207,0.6827353045846292,0.6638480145651848,0.018887290019444336,0.4095744680851064,0.3557692307692308,0.05380523731587561,0.46107784431137727,0.4431137724550898,0.017964071856287456,0.43380281690140843,0.39466666666666667,0.03913615023474176,0.802286899070077,0.7758385038708113,0.026448395199265673,0.3884203679084427,0.36191956375549783,0.026500804152944868
Random Forest,returns,1.0,25,17383819350268922612,0.8524096385542169,0.8539156626506024,-0.0015060240963854499,0.6336216455976935,0.6626798083419724,-0.02905816274427886,0.3986013986013986,0.4171779141104294,-0.018576515509030833,0.3413173652694611,0.40718562874251496,-0.06586826347305386,0.36774193548387096,0.4121212121212121,-0.04437927663734115,0.7735124067111256,0.7810683542475773,-0.007555947536451613,0.3864464632234789,0.38668048803488797,-0.0002340248114090504
Logistic Regression,returns,1.0,26,16420789017730888304,0.848644578313253,0.8328313253012049,0.015813253012048167,0.6827353045846292,0.6660013306719893,0.016733973912639866,0.4095744680851064,0.3645320197044335,0.045042448380672895,0.46107784431137727,0.4431137724550898,0.017964071856287456,0.43380281690140843,0.4,0.033802816901408406,0.802286899070077,0.7863910422049957,0.015895856865081326,0.3884203679084427,0.36448513775879704,0.02393523014964566
Random Forest,returns,1.0,26,16420789017730888304,0.8524096385542169,0.858433734939759,-0.0060240963855421326,0.6336216455976935,0.6575737414060767,-0.0239520958083832,0.3986013986013986,0.4304635761589404,-0.03186217755754178,0.3413173652694611,0.38922155688622756,-0.047904191616766456,0.36774193548387096,0.4088050314465409,-0.04106309596266994,0.7735124067111256,0.7726974990587301,0.0008149076523955578,0.3864464632234789,0.36619782874493456,0.02024863447854436
Logistic Regression,returns,1.0,27,441519190033227376,0.848644578313253,0.838855421686747,0.009789156626506035,0.6827353045846292,0.6745733339522505,0.008161970632378668,0.4095744680851064,0.38190954773869346,0.027664920346412936,0.46107784431137727,0.4550898203592814,0.005988023952095856,0.43380281690140843,0.41530054644808745,0.01850227045332098,0.802286899070077,0.7798408351256143,0.02244606394446269,0.3884203679084427,0.37842199302711577,0.009998374881326932
Random Forest,returns,1.0,27,441519190033227376,0.8524096385542169,0.8606927710843374,-0.008283132530120474,0.6336216455976935,0.6614290798248464,-0.027807434227152927,0.3986013986013986,0.44,-0.04139860139860141,0.3413173652694611,0.39520958083832336,-0.053892215568862256,0.36774193548387096,0.416403785488959,-0.04866185000508805,0.7735124067111256,0.7726665531985126,0.0008458535126130151,0.3864464632234789,0.38809862371620807,-0.0016521604927291489
Logistic Regression,returns,1.0,28,4120658745681080901,0.848644578313253,0.8381024096385542,0.010542168674698815,0.6827353045846292,0.6741426707308896,0.00859263385373954,0.4095744680851064,0.38,0.029574468085106387,0.46107784431137727,0.4550898203592814,0.005988023952095856,0.43380281690140843,0.4141689373297003,0.019633879571708146,0.802286899070077,0.7759261838080944,0.02636071526198258,0.3884203679084427,0.3752752353377709,0.013145132570671791
Random Forest,returns,1.0,28,4120658745681080901,0.8524096385542169,0.8509036144578314,0.001506024096385561,0.6336216455976935,0.6609571554565288,-0.02733550985883526,0.3986013986013986,0.40718562874251496,-0.008584230141116367,0.3413173652694611,0.40718562874251496,-0.06586826347305386,0.36774193548387096,0.40718562874251496,-0.039443693258644,0.7735124067111256,0.7490239159923049,0.024488490718820755,0.3864464632234789,0.3652566658392604,0.0211897973842185
Logistic Regression,returns,1.0,29,3178977716036546275,0.848644578313253,0.8260542168674698,0.02259036144578319,0.6827353045846292,0.6595620129250543,0.023173291659574824,0.4095744680851064,0.3476190476190476,0.061955420466058786,0.46107784431137727,0.437125748502994,0.023952095808383256,0.43380281690140843,0.38726790450928383,0.046534912392124594,0.802286899070077,0.7868552301082591,0.015431668961817913,0.3884203679084427,0.36800856804277654,0.020411799865666158
Random Forest,returns,1.0,29,3178977716036546275,0.8524096385542169,0.8509036144578314,0.001506024096385561,0.6336216455976935,0.6609571554565288,-0.02733550985883526,0.3986013986013986,0.40718562874251496,-0.008584230141116367,0.3413173652694611,0.40718562874251496,-0.06586826347305386,0.36774193548387096,0.40718562874251496,-0.039443693258644,0.7735124067111256,0.7806557427780099,-0.0071433360668842205,0.3864464632234789,0.3777168423813643,0.008729620842114594
Logistic Regression,volatility,0.05,0,12464922137869383233,0.848644578313253,0.8456325301204819,0.003012048192771122,0.6827353045846292,0.6784493029444986,0.004286001640130599,0.4095744680851064,0.4,0.009574468085106369,0.46107784431137727,0.4550898203592814,0.005988023952095856,0.43380281690140843,0.4257703081232493,0.008032508778159142,0.802286899070077,0.7984083512561441,0.003878547813932931,0.3884203679084427,0.3855120990331064,0.002908268875336295
Random Forest,volatility,0.05,0,12464922137869383233,0.8524096385542169,0.8569277108433735,-0.004518072289156572,0.6336216455976935,0.6438956711899199,-0.010274025592226343,0.3986013986013986,0.4195804195804196,-0.02097902097902099,0.3413173652694611,0.3592814371257485,-0.0179640718562874,0.36774193548387096,0.3870967741935484,-0.019354838709677413,0.7735124067111256,0.7743892060839561,-0.0008767993728304724,0.3864464632234789,0.38898969543553924,-0.00254323221206032
Logistic Regression,volatility,0.05,1,178996082439301282,0.848644578313253,0.848644578313253,0.0,0.6827353045846292,0.6801719558299422,0.0025633487546870004,0.4095744680851064,0.40860215053763443,0.000972317547471957,0.46107784431137727,0.4550898203592814,0.005988023952095856,0.43380281690140843,0.43059490084985835,0.003207916051550075,0.802286899070077,0.8018330264535529,0.00045387261652407584,0.3884203679084427,0.3892440297655545,-0.0008236618571118015
Random Forest,volatility,0.05,1,178996082439301282,0.8524096385542169,0.8554216867469879,-0.0030120481927710108,0.6336216455976935,0.6404709959925111,-0.006849350394817599,0.3986013986013986,0.4125874125874126,-0.013986013986014012,0.3413173652694611,0.3532934131736527,-0.0119760479041916,0.36774193548387096,0.38064516129032255,-0.01290322580645159,0.7735124067111256,0.7701805690943694,0.0033318376167562613,0.3864464632234789,0.387670514494568,-0.0012240512710890994
Logistic Regression,volatility,0.05,2,12834544711205800098,0.848644578313253,0.8471385542168675,0.001506024096385561,0.6827353045846292,0.6767472806325334,0.0059880239520957446,0.4095744680851064,0.4032258064516129,0.006348661633493513,0.46107784431137727,0.4491017964071856,0.011976047904191656,0.43380281690140843,0.42492917847025496,0.008873638431153463,0.802286899070077,0.8001928958620228,0.002094003208054196,0.3884203679084427,0.3883534900521502,6.687785629250209e-05
Random Forest,volatility,0.05,2,12834544711205800098,0.8524096385542169,0.8591867469879518,-0.006777108433734913,0.6336216455976935,0.6451876608540026,-0.01156601525630907,0.3986013986013986,0.42857142857142855,-0.029970029970029954,0.3413173652694611,0.3592814371257485,-0.0179640718562874,0.36774193548387096,0.39087947882736157,-0.023137543343490607,0.7735124067111256,0.7786494195072388,-0.005137012796113116,0.3864464632234789,0.3943229065743182,-0.007876443350839257
Logistic Regression,volatility,0.05,3,4190181553091543291,0.848644578313253,0.8478915662650602,0.0007530120481927804,0.6827353045846292,0.6771779438538943,0.005557360730734873,0.4095744680851064,0.40540540540540543,0.004169062679700963,0.46107784431137727,0.4491017964071856,0.011976047904191656,0.43380281690140843,0.42613636363636365,0.007666453265044781,0.802286899070077,0.8037929309339976,-0.0015060318639206205,0.3884203679084427,0.39259178235168013,-0.004171414443237431
Random Forest,volatility,0.05,3,4190181553091543291,0.8524096385542169,0.8561746987951807,-0.003765060240963791,0.6336216455976935,0.635774961704498,-0.0021533161068044704,0.3986013986013986,0.41304347826086957,-0.014442079659470974,0.3413173652694611,0.3413173652694611,0.0,0.36774193548387096,0.3737704918032787,-0.006028556319407741,0.7735124067111256,0.7763955293547273,-0.0028831226436016877,0.3864464632234789,0.3904373478314204,-0.003990884607941503
Logistic Regression,volatility,0.05,4,14178372817398588401,0.848644578313253,0.8471385542168675,0.001506024096385561,0.6827353045846292,0.6818739781419074,0.0008613264427217437,0.4095744680851064,0.4052631578947368,0.004311310190369566,0.46107784431137727,0.46107784431137727,0.0,0.43380281690140843,0.43137254901960786,0.002430267881800563,0.802286899070077,0.8020083863281189,0.0002785127419581146,0.3884203679084427,0.38559995119651524,0.0028204167119274537
Random Forest,volatility,0.05,4,14178372817398588401,0.8524096385542169,0.8539156626506024,-0.0015060240963854499,0.6336216455976935,0.6421730183044764,-0.008551372706782856,0.3986013986013986,0.40816326530612246,-0.009561866704723865,0.3413173652694611,0.3592814371257485,-0.0179640718562874,0.36774193548387096,0.3821656050955414,-0.014423669611670464,0.7735124067111256,0.7743634178671082,-0.0008510111559825173,0.3864464632234789,0.3908051388846274,-0.004358675661148503
Logistic Regression,volatility,0.05,5,10158324255208515263,0.848644578313253,0.8463855421686747,0.0022590361445783413,0.6827353045846292,0.6865700124299206,-0.003834707845291385,0.4095744680851064,0.40512820512820513,0.004446262956901259,0.46107784431137727,0.47305389221556887,-0.0119760479041916,0.43380281690140843,0.43646408839779005,-0.002661271496381623,0.802286899070077,0.7999711171971302,0.002315781872946787,0.3884203679084427,0.3896112439736369,-0.0011908760651941908
Random Forest,volatility,0.05,5,10158324255208515263,0.8524096385542169,0.8599397590361446,-0.0075301204819276935,0.6336216455976935,0.6558717190941115,-0.022250073496417944,0.3986013986013986,0.43537414965986393,-0.036772751058465336,0.3413173652694611,0.38323353293413176,-0.041916167664670656,0.36774193548387096,0.40764331210191085,-0.039901376618039885,0.7735124067111256,0.7720218477773135,0.001490558933812114,0.3864464632234789,0.39455547866318713,-0.008109015439708211
Logistic Regression,volatility,0.05,6,13344773659965705571,0.848644578313253,0.8463855421686747,0.0022590361445783413,0.6827353045846292,0.6763166174111725,0.0064186871734566164,0.4095744680851064,0.40106951871657753,0.008504949368528858,0.46107784431137727,0.4491017964071856,0.011976047904191656,0.43380281690140843,0.423728813559322,0.010074003342086413,0.802286899070077,0.7977636458349451,0.004523253235131919,0.3884203679084427,0.38659627289669113,0.0018240950117515697
Random Forest,volatility,0.05,6,13344773659965705571,0.8524096385542169,0.8569277108433735,-0.004518072289156572,0.6336216455976935,0.646459019944607,-0.012837374346913455,0.3986013986013986,0.4206896551724138,-0.022088256571015208,0.3413173652694611,0.3652694610778443,-0.0239520958083832,0.36774193548387096,0.391025641025641,-0.02328370554177006,0.7735124067111256,0.7761789083332044,-0.0026665016220787097,0.3864464632234789,0.3888406257665038,-0.0023941625430248803
Logistic Regression,volatility,0.05,7,5738518874480473407,0.848644578313253,0.8441265060240963,0.004518072289156683,0.6827353045846292,0.6801513252564638,0.0025839793281653423,0.4095744680851064,0.39690721649484534,0.012667251590261053,0.46107784431137727,0.46107784431137727,0.0,0.43380281690140843,0.4265927977839335,0.007210019117474931,0.802286899070077,0.8024055248675775,-0.00011862579750054891,0.3884203679084427,0.3874448385252652,0.0009755293831775202
Random Forest,volatility,0.05,7,5738518874480473407,0.8524096385542169,0.858433734939759,-0.0060240963855421326,0.6336216455976935,0.6421936488779547,-0.008572003280261198,0.3986013986013986,0.4244604316546763,-0.02585903305327769,0.3413173652694611,0.3532934131736527,-0.0119760479041916,0.36774193548387096,0.38562091503267976,-0.017878979548808793,0.7735124067111256,0.7700928891570864,0.003419517554039242,0.3864464632234789,0.38526556741206036,0.0011808958114185586
Logistic Regression,volatility,0.05,8,12671553504731826105,0.848644578313253,0.8441265060240963,0.004518072289156683,0.6827353045846292,0.6827146740111508,2.063057347834185e-05,0.4095744680851064,0.3979591836734694,0.011615284411637006,0.46107784431137727,0.46706586826347307,-0.0059880239520958,0.43380281690140843,0.4297520661157025,0.004050750785705937,0.802286899070077,0.8043396411311743,-0.00205274206109729,0.3884203679084427,0.3899935127612119,-0.001573144852769215
Random Forest,volatility,0.05,8,12671553504731826105,0.8524096385542169,0.8561746987951807,-0.003765060240963791,0.6336216455976935,0.635774961704498,-0.0021533161068044704,0.3986013986013986,0.41304347826086957,-0.014442079659470974,0.3413173652694611,0.3413173652694611,0.0,0.36774193548387096,0.3737704918032787,-0.006028556319407741,0.7735124067111256,0.7799646185664846,-0.006452211855358936,0.3864464632234789,0.3970442927566289,-0.010597829533149972
Logistic Regression,volatility,0.05,9,17641096822498264778,0.848644578313253,0.8433734939759037,0.005271084337349352,0.6827353045846292,0.68228401078979,0.0004512937948392137,0.4095744680851064,0.39593908629441626,0.013635381790690126,0.46107784431137727,0.46706586826347307,-0.0059880239520958,0.43380281690140843,0.42857142857142855,0.00523138832997988,0.802286899070077,0.8005281426810462,0.00175875638903078,0.3884203679084427,0.38374812572263994,0.004672242185802755
Random Forest,volatility,0.05,9,17641096822498264778,0.8524096385542169,0.8531626506024096,-0.0007530120481926694,0.6336216455976935,0.6417423550831154,-0.008120709485421873,0.3986013986013986,0.40540540540540543,-0.006804006804006835,0.3413173652694611,0.3592814371257485,-0.0179640718562874,0.36774193548387096,0.38095238095238093,-0.013210445468509968,0.7735124067111256,0.7793766472223511,-0.005864240511225471,0.3864464632234789,0.39265611855643096,-0.006209655332952035
Logistic Regression,volatility,0.05,10,15157202331871684334,0.848644578313253,0.8456325301204819,0.003012048192771122,0.6827353045846292,0.6758859541898116,0.006849350394817599,0.4095744680851064,0.39893617021276595,0.010638297872340441,0.46107784431137727,0.4491017964071856,0.011976047904191656,0.43380281690140843,0.4225352112676056,0.011267605633802802,0.802286899070077,0.7995275598673455,0.0027593392027315256,0.3884203679084427,0.3876297448950713,0.0007906230133714054
Random Forest,volatility,0.05,10,15157202331871684334,0.8524096385542169,0.8539156626506024,-0.0015060240963854499,0.6336216455976935,0.6421730183044764,-0.008551372706782856,0.3986013986013986,0.40816326530612246,-0.009561866704723865,0.3413173652694611,0.3592814371257485,-0.0179640718562874,0.36774193548387096,0.3821656050955414,-0.014423669611670464,0.7735124067111256,0.7738631264602578,-0.00035071974913214454,0.3864464632234789,0.3854575941305196,0.0009888690929593102
Logistic Regression,volatility,0.05,11,11679123091181733793,0.848644578313253,0.8493975903614458,-0.0007530120481927804,0.6827353045846292,0.6882926653153641,-0.005557360730734984,0.4095744680851064,0.41361256544502617,-0.004038097359919779,0.46107784431137727,0.47305389221556887,-0.0119760479041916,0.43380281690140843,0.441340782122905,-0.007537965221496579,0.802286899070077,0.8058147271348776,-0.0035278280648005644,0.3884203679084427,0.3954357427125398,-0.007015374804097085
Random Forest,volatility,0.05,11,11679123091181733793,0.8524096385542169,0.8599397590361446,-0.0075301204819276935,0.6336216455976935,0.6533083703394245,-0.019686724741730943,0.3986013986013986,0.43448275862068964,-0.03588136001929104,0.3413173652694611,0.3772455089820359,-0.0359281437125748,0.36774193548387096,0.40384615384615385,-0.03610421836228289,0.7735124067111256,0.7760138637453774,-0.002501457034251753,0.3864464632234789,0.3920910638817168,-0.005644600658237853
Logistic Regression,volatility,0.05,12,4080606703318517776,0.848644578313253,0.8448795180722891,0.0037650602409639022,0.6827353045846292,0.6780186397231377,0.004716664861491471,0.4095744680851064,0.39790575916230364,0.01166870892280275,0.46107784431137727,0.4550898203592814,0.005988023952095856,0.43380281690140843,0.4245810055865922,0.009221811314816253,0.802286899070077,0.8014771490610509,0.0008097500090260557,0.3884203679084427,0.38338224704025803,0.00503812086818467
Random Forest,volatility,0.05,12,4080606703318517776,0.8524096385542169,0.8524096385542169,0.0,0.6336216455976935,0.6284949480883195,0.005126697509374001,0.3986013986013986,0.39568345323741005,0.002917945363988539,0.3413173652694611,0.32934131736526945,0.011976047904191656,0.36774193548387096,0.35947712418300654,0.008264811300864428,0.7735124067111256,0.7683083445512077,0.005204062159917977,0.3864464632234789,0.3836431084407402,0.002803354782738743
Logistic Regression,volatility,0.05,13,112202544535791719,0.848644578313253,0.8441265060240963,0.004518072289156683,0.6827353045846292,0.6827146740111508,2.063057347834185e-05,0.4095744680851064,0.3979591836734694,0.011615284411637006,0.46107784431137727,0.46706586826347307,-0.0059880239520958,0.43380281690140843,0.4297520661157025,0.004050750785705937,0.802286899070077,0.7999762748404999,0.002310624229577063,0.3884203679084427,0.38838149615330286,3.887175513983543e-05
Random Forest,volatility,0.05,13,112202544535791719,0.8524096385542169,0.8576807228915663,-0.005271084337349352,0.6336216455976935,0.6443263344112808,-0.010704688813587326,0.3986013986013986,0.4225352112676056,-0.023933812666207033,0.3413173652694611,0.3592814371257485,-0.0179640718562874,0.36774193548387096,0.3883495145631068,-0.020607579079235827,0.7735124067111256,0.7690149416928417,0.004497465018283964,0.3864464632234789,0.38690864596318414,-0.00046218273970521917
Logistic Regression,volatility,0.05,14,4689995575807627778,0.848644578313253,0.8456325301204819,0.003012048192771122,0.6827353045846292,0.6733226054351246,0.0094126991495046,0.4095744680851064,0.3978494623655914,0.011725005719515014,0.46107784431137727,0.4431137724550898,0.017964071856287456,0.43380281690140843,0.4192634560906516,0.014539360810756852,0.802286899070077,0.8003682557365889,0.0019186433334881237,0.3884203679084427,0.38609171670412135,0.0023286512043213525
Random Forest,volatility,0.05,14,4689995575807627778,0.8524096385542169,0.8569277108433735,-0.004518072289156572,0.6336216455976935,0.641332322435233,-0.007710676837539454,0.3986013986013986,0.41843971631205673,-0.019838317710658138,0.3413173652694611,0.3532934131736527,-0.0119760479041916,0.36774193548387096,0.38311688311688313,-0.01537494763301217,0.7735124067111256,0.7718980643364434,0.001614342374682276,0.3864464632234789,0.3862101825051829,0.00023628071829601138
Logistic Regression,volatility,0.05,15,12212809964719937845,0.848644578313253,0.8448795180722891,0.0037650602409639022,0.6827353045846292,0.6754552909684507,0.007280013616178471,0.4095744680851064,0.3968253968253968,0.012749071259709588,0.46107784431137727,0.4491017964071856,0.011976047904191656,0.43380281690140843,0.42134831460674155,0.01245450229466688,0.802286899070077,0.7993367270626706,0.0029501720074064375,0.3884203679084427,0.38538928772097264,0.003031080187470059
Random Forest,volatility,0.05,15,12212809964719937845,0.8524096385542169,0.8606927710843374,-0.008283132530120474,0.6336216455976935,0.6486123360514113,-0.014990690453717814,0.3986013986013986,0.4357142857142857,-0.03711288711288713,0.3413173652694611,0.3652694610778443,-0.0239520958083832,0.36774193548387096,0.3973941368078176,-0.029652201323946636,0.7735124067111256,0.7765657315859238,-0.0030533248747981467,0.3864464632234789,0.38670703581509236,-0.0002605725916134394
Logistic Regression,volatility,0.05,16,6256342380875598049,0.848644578313253,0.8426204819277109,0.0060240963855421326,0.6827353045846292,0.676726650059055,0.0060086545255741974,0.4095744680851064,0.3917525773195876,0.017821890765518766,0.46107784431137727,0.4550898203592814,0.005988023952095856,0.43380281690140843,0.42105263157894735,0.012750185322461083,0.802286899070077,0.7974490295893999,0.004837869480677104,0.3884203679084427,0.3876082919797744,0.0008120759286682766
Random Forest,volatility,0.05,16,6256342380875598049,0.8524096385542169,0.8561746987951807,-0.003765060240963791,0.6336216455976935,0.640901659213872,-0.007280013616178471,0.3986013986013986,0.4154929577464789,-0.01689155914508028,0.3413173652694611,0.3532934131736527,-0.0119760479041916,0.36774193548387096,0.3818770226537217,-0.014135087169850735,0.7735124067111256,0.7710006343901344,0.0025117723209912013,0.3864464632234789,0.3938064849937738,-0.007360021770294878
Logistic Regression,volatility,0.05,17,4786342021785114117,0.848644578313253,0.8478915662650602,0.0007530120481927804,0.6827353045846292,0.6797412926085813,0.0029940119760478723,0.4095744680851064,0.40641711229946526,0.003157355785641136,0.46107784431137727,0.4550898203592814,0.005988023952095856,0.43380281690140843,0.4293785310734463,0.0044242858279621156,0.802286899070077,0.7999401713369128,0.0023467277331642444,0.3884203679084427,0.38708935118876014,0.001331016719682554
Random Forest,volatility,0.05,17,4786342021785114117,0.8524096385542169,0.8599397590361446,-0.0075301204819276935,0.6336216455976935,0.6456183240753635,-0.011996678477669942,0.3986013986013986,0.4316546762589928,-0.03305327765759419,0.3413173652694611,0.3592814371257485,-0.0179640718562874,0.36774193548387096,0.39215686274509803,-0.02441492726122707,0.7735124067111256,0.7725272968275335,0.000985109883592128,0.3864464632234789,0.3903995008658354,-0.003953037642356494
Logistic Regression,volatility,0.05,18,891370489108980226,0.848644578313253,0.8448795180722891,0.0037650602409639022,0.6827353045846292,0.6754552909684507,0.007280013616178471,0.4095744680851064,0.3968253968253968,0.012749071259709588,0.46107784431137727,0.4491017964071856,0.011976047904191656,0.43380281690140843,0.42134831460674155,0.01245450229466688,0.802286899070077,0.8012347398226802,0.0010521592473967667,0.3884203679084427,0.38689703646984,0.0015233314386026708
Random Forest,volatility,0.05,18,891370489108980226,0.8524096385542169,0.8576807228915663,-0.005271084337349352,0.6336216455976935,0.6417629856565938,-0.008141340058900326,0.3986013986013986,0.42142857142857143,-0.022827172827172837,0.3413173652694611,0.3532934131736527,-0.0119760479041916,0.36774193548387096,0.38436482084690554,-0.01662288536303458,0.7735124067111256,0.7753897888976568,-0.0018773821865311069,0.3864464632234789,0.39322582462204736,-0.00677936139856844
Logistic Regression,volatility,0.05,19,14559533696824214289,0.848644578313253,0.848644578313253,0.0,0.6827353045846292,0.6878620020940032,-0.005126697509374001,0.4095744680851064,0.4114583333333333,-0.0018838652482269236,0.46107784431137727,0.47305389221556887,-0.0119760479041916,0.43380281690140843,0.4401114206128134,-0.006308603711404959,0.802286899070077,0.807135083837493,-0.004848184767415997,0.3884203679084427,0.3922938440428192,-0.0038734761343764967
Random Forest,volatility,0.05,19,14559533696824214289,0.8524096385542169,0.8546686746987951,-0.0022590361445782303,0.6336216455976935,0.6374769840164632,-0.003855338418769727,0.3986013986013986,0.4084507042253521,-0.00984930562395353,0.3413173652694611,0.3473053892215569,-0.0059880239520958,0.36774193548387096,0.37540453074433655,-0.007662595260465588,0.7735124067111256,0.77686487490136,-0.003352468190234381,0.3864464632234789,0.39680729071300347,-0.010360827489524549
Logistic Regression,volatility,0.05,20,8184218487355471174,0.848644578313253,0.8456325301204819,0.003012048192771122,0.6827353045846292,0.6861393492085597,-0.0034040446239305133,0.4095744680851064,0.4030612244897959,0.0065132435953104695,0.46107784431137727,0.47305389221556887,-0.0119760479041916,0.43380281690140843,0.43526170798898073,-0.0014588910875723005,0.802286899070077,0.7996100821612588,0.002676816908818158,0.3884203679084427,0.3886327577504956,-0.0002123898420529069
Random Forest,volatility,0.05,20,8184218487355471174,0.8524096385542169,0.8531626506024096,-0.0007530120481926694,0.6336216455976935,0.6391790063284284,-0.005557360730734873,0.3986013986013986,0.4041095890410959,-0.0055081904396973025,0.3413173652694611,0.3532934131736527,-0.0119760479041916,0.36774193548387096,0.3769968051118211,-0.009254869627950135,0.7735124067111256,0.771511241083724,0.002001165627401602,0.3864464632234789,0.3881331465292534,-0.0016866833057744834
Logistic Regression,volatility,0.05,21,6128548641475981425,0.848644578313253,0.8463855421686747,0.0022590361445783413,0.6827353045846292,0.6840066636752336,-0.0012713590906043848,0.4095744680851064,0.40414507772020725,0.005429390364899145,0.46107784431137727,0.46706586826347307,-0.0059880239520958,0.43380281690140843,0.43333333333333335,0.00046948356807507974,0.802286899070077,0.7981143655840773,0.004172533485999663,0.3884203679084427,0.38809928042604164,0.0003210874824010612
Random Forest,volatility,0.05,21,6128548641475981425,0.8524096385542169,0.8614457831325302,-0.009036144578313254,0.6336216455976935,0.6464796505180853,-0.012858004920391797,0.3986013986013986,0.43795620437956206,-0.03935480577816347,0.3413173652694611,0.3592814371257485,-0.0179640718562874,0.36774193548387096,0.39473684210526316,-0.0269949066213922,0.7735124067111256,0.769706065904367,0.003806340806758679,0.3864464632234789,0.39140499965654435,-0.00495853643306543
Logistic Regression,volatility,0.05,22,16116263965226067034,0.848644578313253,0.8493975903614458,-0.0007530120481927804,0.6827353045846292,0.685729316560677,-0.0029940119760478723,0.4095744680851064,0.4126984126984127,-0.0031239446133062843,0.46107784431137727,0.46706586826347307,-0.0059880239520958,0.43380281690140843,0.43820224719101125,-0.004399430289602824,0.802286899070077,0.7988467509425593,0.003440148127517695,0.3884203679084427,0.38741102239108843,0.0010093455173542654
Random Forest,volatility,0.05,22,16116263965226067034,0.8524096385542169,0.8546686746987951,-0.0022590361445782303,0.6336216455976935,0.6400403327711501,-0.0064186871734566164,0.3986013986013986,0.4097222222222222,-0.011120823620823617,0.3413173652694611,0.3532934131736527,-0.0119760479041916,0.36774193548387096,0.37942122186495175,-0.011679286381080789,0.7735124067111256,0.7775405261827766,-0.004028119471650937,0.3864464632234789,0.3898647163766304,-0.0034182531531514737
Logistic Regression,volatility,0.05,23,1000580095827922015,0.848644578313253,0.8448795180722891,0.0037650602409639022,0.6827353045846292,0.6805819884778247,0.0021533161068044704,0.4095744680851064,0.39896373056994816,0.01061073751515823,0.46107784431137727,0.46107784431137727,0.0,0.43380281690140843,0.42777777777777776,0.006025039123630671,0.802286899070077,0.8004095168835457,0.001877382186531329,0.3884203679084427,0.3870716897177554,0.0013486781906872913
Random Forest,volatility,0.05,23,1000580095827922015,0.8524096385542169,0.8531626506024096,-0.0007530120481926694,0.6336216455976935,0.6468690525924894,-0.013247406994795874,0.3986013986013986,0.40789473684210525,-0.009293338240706661,0.3413173652694611,0.3712574850299401,-0.029940119760479,0.36774193548387096,0.3887147335423197,-0.02097279805844876,0.7735124067111256,0.7764419481450535,-0.0029295414339278736,0.3864464632234789,0.39339476004945567,-0.006948296825976752
Logistic Regression,volatility,0.05,24,13514202338763692462,0.848644578313253,0.8463855421686747,0.0022590361445783413,0.6827353045846292,0.6788799661658594,0.003855338418769727,0.4095744680851064,0.4021164021164021,0.007458065968704297,0.46107784431137727,0.4550898203592814,0.005988023952095856,0.43380281690140843,0.42696629213483145,0.006836524766576979,0.802286899070077,0.8011006410950708,0.0011862579750061553,0.3884203679084427,0.3878146461609658,0.0006057217474769172
Random Forest,volatility,0.05,24,13514202338763692462,0.8524096385542169,0.8591867469879518,-0.006777108433734913,0.6336216455976935,0.6451876608540026,-0.01156601525630907,0.3986013986013986,0.42857142857142855,-0.029970029970029954,0.3413173652694611,0.3592814371257485,-0.0179640718562874,0.36774193548387096,0.39087947882736157,-0.023137543343490607,0.7735124067111256,0.7802225007349641,-0.0067100940238384865,0.3864464632234789,0.39388689701395446,-0.007440433790475542
Logistic Regression,volatility,0.05,25,7826887524408339781,0.848644578313253,0.8433734939759037,0.005271084337349352,0.6827353045846292,0.6694672670163548,0.013268037568274327,0.4095744680851064,0.39037433155080214,0.019200136534304246,0.46107784431137727,0.437125748502994,0.023952095808383256,0.43380281690140843,0.4124293785310734,0.021373438370335007,0.802286899070077,0.7990582143207126,0.003228684749364441,0.3884203679084427,0.3842004190040573,0.004219948904385373
Random Forest,volatility,0.05,25,7826887524408339781,0.8524096385542169,0.8569277108433735,-0.004518072289156572,0.6336216455976935,0.6490223686992939,-0.015400723101600344,0.3986013986013986,0.4217687074829932,-0.023167308881594628,0.3413173652694611,0.3712574850299401,-0.029940119760479,0.36774193548387096,0.39490445859872614,-0.027162523114855175,0.7735124067111256,0.7757456662901588,-0.0022332595790331977,0.3864464632234789,0.3938328434770605,-0.00738638025358157
Logistic Regression,volatility,0.05,26,12892871427023667081,0.848644578313253,0.8493975903614458,-0.0007530120481927804,0.6827353045846292,0.6831659678059901,-0.0004306632213609829,0.4095744680851064,0.4117647058823529,-0.0021902377972465303,0.46107784431137727,0.46107784431137727,0.0,0.43380281690140843,0.4350282485875706,-0.0012254316861621817,0.802286899070077,0.8011161140251796,0.0011707850448974266,0.3884203679084427,0.38930113633087327,-0.0008807684224305667
Random Forest,volatility,0.05,26,12892871427023667081,0.8524096385542169,0.8569277108433735,-0.004518072289156572,0.6336216455976935,0.646459019944607,-0.012837374346913455,0.3986013986013986,0.4206896551724138,-0.022088256571015208,0.3413173652694611,0.3652694610778443,-0.0239520958083832,0.36774193548387096,0.391025641025641,-0.02328370554177006,0.7735124067111256,0.7772104370071228,-0.0036980302959971345,0.3864464632234789,0.3915432832784176,-0.005096820054938667
Logistic Regression,volatility,0.05,27,12579031275113623325,0.848644578313253,0.8471385542168675,0.001506024096385561,0.6827353045846292,0.6870006756512814,-0.004265371066652257,0.4095744680851064,0.4072164948453608,0.00235797323974557,0.46107784431137727,0.47305389221556887,-0.0119760479041916,0.43380281690140843,0.4376731301939058,-0.0038703132924973738,0.802286899070077,0.8027304563998617,-0.0004435573297847384,0.3884203679084427,0.3903143042255353,-0.001893936317092615
Random Forest,volatility,0.05,27,12579031275113623325,0.8524096385542169,0.8576807228915663,-0.005271084337349352,0.6336216455976935,0.6494530319206548,-0.015831386322961327,0.3986013986013986,0.4246575342465753,-0.026056135645176726,0.3413173652694611,0.3712574850299401,-0.029940119760479,0.36774193548387096,0.3961661341853035,-0.028424198701432535,0.7735124067111256,0.772914120080253,0.0005982866308726908,0.3864464632234789,0.3875121291981607,-0.0010656659746817732
Logistic Regression,volatility,0.05,28,17171329310301075413,0.848644578313253,0.8493975903614458,-0.0007530120481927804,0.6827353045846292,0.6882926653153641,-0.005557360730734984,0.4095744680851064,0.41361256544502617,-0.004038097359919779,0.46107784431137727,0.47305389221556887,-0.0119760479041916,0.43380281690140843,0.441340782122905,-0.007537965221496579,0.802286899070077,0.8010284340878967,0.0012584649821802962,0.3884203679084427,0.39062863629037303,-0.002208268381930334
Random Forest,volatility,0.05,28,17171329310301075413,0.8524096385542169,0.858433734939759,-0.0060240963855421326,0.6336216455976935,0.6524470438967027,-0.0188253982990092,0.3986013986013986,0.42857142857142855,-0.029970029970029954,0.3413173652694611,0.3772455089820359,-0.0359281437125748,0.36774193548387096,0.4012738853503185,-0.03353194986644753,0.7735124067111256,0.7750029656449374,-0.0014905589338117808,0.3864464632234789,0.38754572113443336,-0.0010992579109544431
Logistic Regression,volatility,0.05,29,9668777750535917014,0.848644578313253,0.8463855421686747,0.0022590361445783413,0.6827353045846292,0.6763166174111725,0.0064186871734566164,0.4095744680851064,0.40106951871657753,0.008504949368528858,0.46107784431137727,0.4491017964071856,0.011976047904191656,0.43380281690140843,0.423728813559322,0.010074003342086413,0.802286899070077,0.8016525089356171,0.0006343901344598724,0.3884203679084427,0.38788159188942084,0.0005387760190218582
Random Forest,volatility,0.05,29,9668777750535917014,0.8524096385542169,0.8554216867469879,-0.0030120481927710108,0.6336216455976935,0.6353442984831371,-0.0017226528854435985,0.3986013986013986,0.41007194244604317,-0.011470543844644576,0.3413173652694611,0.3413173652694611,0.0,0.36774193548387096,0.37254901960784315,-0.004807084123972183,0.7735124067111256,0.781651167948341,-0.008138761237215353,0.3864464632234789,0.39178633729325113,-0.00533987406977221
Logistic Regression,volatility,0.1,0,2333121443096780640,0.848644578313253,0.8381024096385542,0.010542168674698815,0.6827353045846292,0.6715793219762026,0.01115598260842654,0.4095744680851064,0.3787878787878788,0.030786589297227607,0.46107784431137727,0.4491017964071856,0.011976047904191656,0.43380281690140843,0.410958904109589,0.02284391279181941,0.802286899070077,0.7915796314348048,0.010707267635272188,0.3884203679084427,0.38104809708144277,0.007372270826999927
Random Forest,volatility,0.1,0,2333121443096780640,0.8524096385542169,0.8599397590361446,-0.0075301204819276935,0.6336216455976935,0.6430549753206765,-0.009433329722982942,0.3986013986013986,0.4306569343065693,-0.032055535705170723,0.3413173652694611,0.3532934131736527,-0.0119760479041916,0.36774193548387096,0.3881578947368421,-0.020415959252971128,0.7735124067111256,0.7818265278229072,-0.008314121111781536,0.3864464632234789,0.3919421972007271,-0.005495733977248174
Logistic Regression,volatility,0.1,1,3441723965597708129,0.848644578313253,0.8403614457831325,0.008283132530120474,0.6827353045846292,0.6703079628855984,0.012427341699030814,0.4095744680851064,0.38341968911917096,0.026154778965935432,0.46107784431137727,0.4431137724550898,0.017964071856287456,0.43380281690140843,0.4111111111111111,0.022691705790297334,0.802286899070077,0.7991923130483218,0.0030945860217551635,0.3884203679084427,0.3873200072336072,0.0011003606748354877
Random Forest,volatility,0.1,1,3441723965597708129,0.8524096385542169,0.8599397590361446,-0.0075301204819276935,0.6336216455976935,0.6584350678487986,-0.024813422251105055,0.3986013986013986,0.436241610738255,-0.03764021213685642,0.3413173652694611,0.38922155688622756,-0.047904191616766456,0.36774193548387096,0.41139240506329117,-0.043650469579420204,0.7735124067111256,0.7742860532165643,-0.0007736465054386521,0.3864464632234789,0.39050746969521183,-0.004061006471732909
Logistic Regression,volatility,0.1,2,16194217747103999049,0.848644578313253,0.8396084337349398,0.009036144578313254,0.6827353045846292,0.6647506021548634,0.017984702429765798,0.4095744680851064,0.37894736842105264,0.030627099664053747,0.46107784431137727,0.4311377245508982,0.029940119760479056,0.43380281690140843,0.40336134453781514,0.03044147236359329,0.802286899070077,0.796768220664614,0.005518678405463051,0.3884203679084427,0.3855967836309987,0.0028235842774440023
Random Forest,volatility,0.1,2,16194217747103999049,0.8524096385542169,0.8606927710843374,-0.008283132530120474,0.6336216455976935,0.6460489872967243,-0.012427341699030814,0.3986013986013986,0.43478260869565216,-0.03618121009425357,0.3413173652694611,0.3592814371257485,-0.0179640718562874,0.36774193548387096,0.39344262295081966,-0.025700687466948702,0.7735124067111256,0.7770660229927742,-0.0035536162816485195,0.3864464632234789,0.39186106693384604,-0.005414603710367116
Logistic Regression,volatility,0.1,3,14191907926896584214,0.848644578313253,0.8448795180722891,0.0037650602409639022,0.6827353045846292,0.6728919422137637,0.009843362370865472,0.4095744680851064,0.39572192513368987,0.013852542951416524,0.46107784431137727,0.4431137724550898,0.017964071856287456,0.43380281690140843,0.4180790960451977,0.01572372085621071,0.802286899070077,0.8022146920629025,7.220700717447404e-05,0.3884203679084427,0.39381301750066167,-0.005392649592218968
Random Forest,volatility,0.1,3,14191907926896584214,0.8524096385542169,0.8554216867469879,-0.0030120481927710108,0.6336216455976935,0.6379076472378241,-0.004286001640130599,0.3986013986013986,0.41134751773049644,-0.012746119129097844,0.3413173652694611,0.3473053892215569,-0.0059880239520958,0.36774193548387096,0.37662337662337664,-0.008881441139505675,0.7735124067111256,0.7783090150448457,-0.004796608333720087,0.3864464632234789,0.39491699602932423,-0.00847053280584531
Logistic Regression,volatility,0.1,4,14029692808824514116,0.848644578313253,0.8426204819277109,0.0060240963855421326,0.6827353045846292,0.6792899988137421,0.003445305770887086,0.4095744680851064,0.39285714285714285,0.016717325227963542,0.46107784431137727,0.46107784431137727,0.0,0.43380281690140843,0.42424242424242425,0.009560392658984174,0.802286899070077,0.7986301299210365,0.003656769149040451,0.3884203679084427,0.38180590774739237,0.006614460161050328
Random Forest,volatility,0.1,4,14029692808824514116,0.8524096385542169,0.8546686746987951,-0.0022590361445782303,0.6336216455976935,0.6477303790352112,-0.014108733437517729,0.3986013986013986,0.41333333333333333,-0.014731934731934737,0.3413173652694611,0.3712574850299401,-0.029940119760479,0.36774193548387096,0.3911671924290221,-0.02342525694515113,0.7735124067111256,0.7825331249645412,-0.00902071825341555,0.3864464632234789,0.385986440223338,0.0004600230001409189
Logistic Regression,volatility,0.1,5,11931157376059832871,0.848644578313253,0.8456325301204819,0.003012048192771122,0.6827353045846292,0.6835760004538727,-0.0008406958692435129,0.4095744680851064,0.4020618556701031,0.007512612415003284,0.46107784431137727,0.46706586826347307,-0.0059880239520958,0.43380281690140843,0.43213296398891965,0.0016698529124887784,0.802286899070077,0.795164193576671,0.00712270549340599,0.3884203679084427,0.3891574978323239,-0.0007371299238811968
Random Forest,volatility,0.1,5,11931157376059832871,0.8524096385542169,0.8599397590361446,-0.0075301204819276935,0.6336216455976935,0.6481816728300505,-0.014560027232356942,0.3986013986013986,0.4326241134751773,-0.034022714873778725,0.3413173652694611,0.3652694610778443,-0.0239520958083832,0.36774193548387096,0.3961038961038961,-0.02836196062002516,0.7735124067111256,0.7736207172218871,-0.0001083105107614335,0.3864464632234789,0.3956053906689898,-0.00915892744551089
Logistic Regression,volatility,0.1,6,10460706638400945194,0.848644578313253,0.838855421686747,0.009789156626506035,0.6827353045846292,0.6694466364428765,0.013288668141752669,0.4095744680851064,0.37948717948717947,0.03008728859792692,0.46107784431137727,0.4431137724550898,0.017964071856287456,0.43380281690140843,0.4088397790055249,0.024963037895883555,0.802286899070077,0.7899137126264267,0.012373186443650264,0.3884203679084427,0.38396610359151473,0.004454264316927969
Random Forest,volatility,0.1,6,10460706638400945194,0.8524096385542169,0.8546686746987951,-0.0022590361445782303,0.6336216455976935,0.6451670302805242,-0.011545384682830728,0.3986013986013986,0.41216216216216217,-0.013560763560763578,0.3413173652694611,0.3652694610778443,-0.0239520958083832,0.36774193548387096,0.3873015873015873,-0.01955965181771635,0.7735124067111256,0.7755393605553751,-0.002026953844249446,0.3864464632234789,0.3808980054194438,0.005548457804035123
Logistic Regression,volatility,0.1,7,5882908453262669333,0.848644578313253,0.8418674698795181,0.006777108433734913,0.6827353045846292,0.6814226843470681,0.0013126202375610685,0.4095744680851064,0.39195979899497485,0.01761466909013154,0.46107784431137727,0.46706586826347307,-0.0059880239520958,0.43380281690140843,0.4262295081967213,0.007573308704687143,0.802286899070077,0.7999556442670216,0.0023312548030554048,0.3884203679084427,0.38443750148130684,0.003982866427135856
Random Forest,volatility,0.1,7,5882908453262669333,0.8524096385542169,0.8554216867469879,-0.0030120481927710108,0.6336216455976935,0.6455976935018851,-0.0119760479041916,0.3986013986013986,0.41496598639455784,-0.016364587793159246,0.3413173652694611,0.3652694610778443,-0.0239520958083832,0.36774193548387096,0.3885350318471338,-0.02079309636326282,0.7735124067111256,0.7685868572931656,0.0049255494179600845,0.3864464632234789,0.3830937401633085,0.003352723060170426
Logistic Regression,volatility,0.1,8,11788904980773063646,0.848644578313253,0.8433734939759037,0.005271084337349352,0.6827353045846292,0.689974057053851,-0.0072387524692217875,0.4095744680851064,0.39901477832512317,0.010559689759983226,0.46107784431137727,0.48502994011976047,-0.0239520958083832,0.43380281690140843,0.43783783783783786,-0.004035020936429434,0.802286899070077,0.8047625678874808,-0.0024756688174037977,0.3884203679084427,0.38962020909081857,-0.0011998411823758715
Random Forest,volatility,0.1,8,11788904980773063646,0.8524096385542169,0.8554216867469879,-0.0030120481927710108,0.6336216455976935,0.6379076472378241,-0.004286001640130599,0.3986013986013986,0.41134751773049644,-0.012746119129097844,0.3413173652694611,0.3473053892215569,-0.0059880239520958,0.36774193548387096,0.37662337662337664,-0.008881441139505675,0.7735124067111256,0.7866695549469537,-0.013157148235828031,0.3864464632234789,0.400759168886563,-0.014312705663084069
Logistic Regression,volatility,0.1,9,18350402011701006742,0.848644578313253,0.8403614457831325,0.008283132530120474,0.6827353045846292,0.6805613579043464,0.0021739466802828122,0.4095744680851064,0.3880597014925373,0.021514766592569068,0.46107784431137727,0.46706586826347307,-0.0059880239520958,0.43380281690140843,0.42391304347826086,0.009889773423147563,0.802286899070077,0.7958295295713483,0.00645736949872866,0.3884203679084427,0.3762953391141299,0.01212502879431282
Random Forest,volatility,0.1,9,18350402011701006742,0.8524096385542169,0.858433734939759,-0.0060240963855421326,0.6336216455976935,0.6524470438967027,-0.0188253982990092,0.3986013986013986,0.42857142857142855,-0.029970029970029954,0.3413173652694611,0.3772455089820359,-0.0359281437125748,0.36774193548387096,0.4012738853503185,-0.03353194986644753,0.7735124067111256,0.7765863621594021,-0.0030739554482764886,0.3864464632234789,0.3897465226685588,-0.0033000594450798837
Logistic Regression,volatility,0.1,10,11000075547283456324,0.848644578313253,0.8381024096385542,0.010542168674698815,0.6827353045846292,0.6638892757121416,0.01884602887248754,0.4095744680851064,0.375,0.03457446808510639,0.46107784431137727,0.4311377245508982,0.029940119760479056,0.43380281690140843,0.4011142061281337,0.03268861077327473,0.802286899070077,0.7950507254225401,0.007236173647536925,0.3884203679084427,0.385579720441873,0.0028406474665697012
Random Forest,volatility,0.1,10,11000075547283456324,0.8524096385542169,0.8554216867469879,-0.0030120481927710108,0.6336216455976935,0.6404709959925111,-0.006849350394817599,0.3986013986013986,0.4125874125874126,-0.013986013986014012,0.3413173652694611,0.3532934131736527,-0.0119760479041916,0.36774193548387096,0.38064516129032255,-0.01290322580645159,0.7735124067111256,0.7755342029120054,-0.002021796200879722,0.3864464632234789,0.3905819450953431,-0.004135481871864188
Logistic Regression,volatility,0.1,11,15427865868730806730,0.848644578313253,0.8493975903614458,-0.0007530120481927804,0.6827353045846292,0.690856014070051,-0.008120709485421873,0.4095744680851064,0.41450777202072536,-0.004933303935618971,0.46107784431137727,0.47904191616766467,-0.0179640718562874,0.43380281690140843,0.4444444444444444,-0.010641627543035992,0.802286899070077,0.8077436857551049,-0.0054567866850279145,0.3884203679084427,0.4015770518793948,-0.013156683970952099
Random Forest,volatility,0.1,11,15427865868730806730,0.8524096385542169,0.8606927710843374,-0.008283132530120474,0.6336216455976935,0.6486123360514113,-0.014990690453717814,0.3986013986013986,0.4357142857142857,-0.03711288711288713,0.3413173652694611,0.3652694610778443,-0.0239520958083832,0.36774193548387096,0.3973941368078176,-0.029652201323946636,0.7735124067111256,0.7794075930825687,-0.00589518637144304,0.3864464632234789,0.3955882550307982,-0.009141791807319277
Logistic Regression,volatility,0.1,12,16394257241001228184,0.848644578313253,0.8426204819277109,0.0060240963855421326,0.6827353045846292,0.674163301304368,0.008572003280261198,0.4095744680851064,0.390625,0.01894946808510639,0.46107784431137727,0.4491017964071856,0.011976047904191656,0.43380281690140843,0.4178272980501393,0.015975518851269133,0.802286899070077,0.7975006060230959,0.004786293046981083,0.3884203679084427,0.3769160337096258,0.011504334198816912
Random Forest,volatility,0.1,12,16394257241001228184,0.8524096385542169,0.8554216867469879,-0.0030120481927710108,0.6336216455976935,0.6353442984831371,-0.0017226528854435985,0.3986013986013986,0.41007194244604317,-0.011470543844644576,0.3413173652694611,0.3413173652694611,0.0,0.36774193548387096,0.37254901960784315,-0.004807084123972183,0.7735124067111256,0.771980586630357,0.0015318200807686866,0.3864464632234789,0.37902556095566065,0.0074209022678182746
Logistic Regression,volatility,0.1,13,169303891118899261,0.848644578313253,0.8441265060240963,0.004518072289156683,0.6827353045846292,0.6801513252564638,0.0025839793281653423,0.4095744680851064,0.39690721649484534,0.012667251590261053,0.46107784431137727,0.46107784431137727,0.0,0.43380281690140843,0.4265927977839335,0.007210019117474931,0.802286899070077,0.796123515243415,0.006163383826662039,0.3884203679084427,0.3843929974070934,0.0040273705013493255
Random Forest,volatility,0.1,13,169303891118899261,0.8524096385542169,0.8599397590361446,-0.0075301204819276935,0.6336216455976935,0.6456183240753635,-0.011996678477669942,0.3986013986013986,0.4316546762589928,-0.03305327765759419,0.3413173652694611,0.3592814371257485,-0.0179640718562874,0.36774193548387096,0.39215686274509803,-0.02441492726122707,0.7735124067111256,0.7730894799548191,0.00042292675630650756,0.3864464632234789,0.3873139944128309,-0.0008675311893519555
Logistic Regression,volatility,0.1,14,12422650280574237488,0.848644578313253,0.8426204819277109,0.0060240963855421326,0.6827353045846292,0.669036603794994,0.013698700789635199,0.4095744680851064,0.3882978723404255,0.021276595744680882,0.46107784431137727,0.437125748502994,0.023952095808383256,0.43380281690140843,0.4112676056338028,0.022535211267605604,0.802286899070077,0.7952725040874324,0.007014394982644556,0.3884203679084427,0.37945112725518315,0.008969240653259547
Random Forest,volatility,0.1,14,12422650280574237488,0.8524096385542169,0.8554216867469879,-0.0030120481927710108,0.6336216455976935,0.6379076472378241,-0.004286001640130599,0.3986013986013986,0.41134751773049644,-0.012746119129097844,0.3413173652694611,0.3473053892215569,-0.0059880239520958,0.36774193548387096,0.37662337662337664,-0.008881441139505675,0.7735124067111256,0.7703610866123052,0.003151320098820465,0.3864464632234789,0.3855532164522451,0.0008932467712338132
Logistic Regression,volatility,0.1,15,12917751875937827738,0.848644578313253,0.8403614457831325,0.008283132530120474,0.6827353045846292,0.6728713116402854,0.009863992944343813,0.4095744680851064,0.38461538461538464,0.024959083469721755,0.46107784431137727,0.4491017964071856,0.011976047904191656,0.43380281690140843,0.4143646408839779,0.01943817601743053,0.802286899070077,0.7936426887826414,0.00864421028743556,0.3884203679084427,0.3796436330369149,0.008776734871527803
Random Forest,volatility,0.1,15,12917751875937827738,0.8524096385542169,0.8629518072289156,-0.010542168674698704,0.6336216455976935,0.6575943719795552,-0.023972726381861653,0.3986013986013986,0.44755244755244755,-0.04895104895104896,0.3413173652694611,0.38323353293413176,-0.041916167664670656,0.36774193548387096,0.4129032258064516,-0.04516129032258065,0.7735124067111256,0.7821411440684524,-0.008628737357326721,0.3864464632234789,0.3886256696875347,-0.002179206464055783
Logistic Regression,volatility,0.1,16,10622810483873844427,0.848644578313253,0.8426204819277109,0.0060240963855421326,0.6827353045846292,0.676726650059055,0.0060086545255741974,0.4095744680851064,0.3917525773195876,0.017821890765518766,0.46107784431137727,0.4550898203592814,0.005988023952095856,0.43380281690140843,0.42105263157894735,0.012750185322461083,0.802286899070077,0.7908472460763228,0.011439652993754157,0.3884203679084427,0.386120196824923,0.0023001710835197087
Random Forest,volatility,0.1,16,10622810483873844427,0.8524096385542169,0.858433734939759,-0.0060240963855421326,0.6336216455976935,0.6524470438967027,-0.0188253982990092,0.3986013986013986,0.42857142857142855,-0.029970029970029954,0.3413173652694611,0.3772455089820359,-0.0359281437125748,0.36774193548387096,0.4012738853503185,-0.03353194986644753,0.7735124067111256,0.7690768334132768,0.004435573297848827,0.3864464632234789,0.3960699001859267,-0.009623436962447773
Logistic Regression,volatility,0.1,17,5907304215481075505,0.848644578313253,0.8441265060240963,0.004518072289156683,0.6827353045846292,0.6775879765017768,0.005147328082852343,0.4095744680851064,0.3958333333333333,0.013741134751773076,0.46107784431137727,0.4550898203592814,0.005988023952095856,0.43380281690140843,0.4233983286908078,0.010404488210600638,0.802286899070077,0.7955664897594992,0.006720409310577824,0.3884203679084427,0.38515006157945997,0.0032703063289827305
Random Forest,volatility,0.1,17,5907304215481075505,0.8524096385542169,0.8576807228915663,-0.005271084337349352,0.6336216455976935,0.6520163806753418,-0.018394735077648328,0.3986013986013986,0.42567567567567566,-0.027074277074277064,0.3413173652694611,0.3772455089820359,-0.0359281437125748,0.36774193548387096,0.4,-0.03225806451612906,0.7735124067111256,0.7741055356986285,-0.0005931289875028556,0.3864464632234789,0.38837998732649176,-0.0019335241030128403
Logistic Regression,volatility,0.1,18,15760628546227531379,0.848644578313253,0.8403614457831325,0.008283132530120474,0.6827353045846292,0.6728713116402854,0.009863992944343813,0.4095744680851064,0.38461538461538464,0.024959083469721755,0.46107784431137727,0.4491017964071856,0.011976047904191656,0.43380281690140843,0.4143646408839779,0.01943817601743053,0.802286899070077,0.7982742525285347,0.00401264654154232,0.3884203679084427,0.38408493362355617,0.00433543428488653
Random Forest,volatility,0.1,18,15760628546227531379,0.8524096385542169,0.8621987951807228,-0.009789156626505924,0.6336216455976935,0.6520370112488202,-0.01841536565112667,0.3986013986013986,0.44285714285714284,-0.044255744255744245,0.3413173652694611,0.3712574850299401,-0.029940119760479,0.36774193548387096,0.40390879478827363,-0.036166859304402665,0.7735124067111256,0.7770505500626654,-0.003538143351539791,0.3864464632234789,0.3898741700989426,-0.0034277068754636764
Logistic Regression,volatility,0.1,19,714148984620543782,0.848644578313253,0.8433734939759037,0.005271084337349352,0.6827353045846292,0.684847359544477,-0.0021120549598477867,0.4095744680851064,0.3969849246231156,0.012589543461990815,0.46107784431137727,0.47305389221556887,-0.0119760479041916,0.43380281690140843,0.43169398907103823,0.002108827830370197,0.802286899070077,0.8098531618932677,-0.007566262823190728,0.3884203679084427,0.3964924004891652,-0.008072032580722477
Random Forest,volatility,0.1,19,714148984620543782,0.8524096385542169,0.8554216867469879,-0.0030120481927710108,0.6336216455976935,0.6353442984831371,-0.0017226528854435985,0.3986013986013986,0.41007194244604317,-0.011470543844644576,0.3413173652694611,0.3413173652694611,0.0,0.36774193548387096,0.37254901960784315,-0.004807084123972183,0.7735124067111256,0.7766637268099461,-0.003151320098820465,0.3864464632234789,0.39767383121432265,-0.011227367990843728
Logistic Regression,volatility,0.1,20,8837712024452722760,0.848644578313253,0.8441265060240963,0.004518072289156683,0.6827353045846292,0.6878413715205248,-0.005106066935895659,0.4095744680851064,0.4,0.009574468085106369,0.46107784431137727,0.47904191616766467,-0.0179640718562874,0.43380281690140843,0.4359673024523161,-0.0021644855509076466,0.802286899070077,0.7949011537648218,0.007385745305255154,0.3884203679084427,0.3866389631102674,0.00178140479817529
Random Forest,volatility,0.1,20,8837712024452722760,0.8524096385542169,0.8531626506024096,-0.0007530120481926694,0.6336216455976935,0.6417423550831154,-0.008120709485421873,0.3986013986013986,0.40540540540540543,-0.006804006804006835,0.3413173652694611,0.3592814371257485,-0.0179640718562874,0.36774193548387096,0.38095238095238093,-0.013210445468509968,0.7735124067111256,0.7674263875350075,0.006086019176118174,0.3864464632234789,0.3831671419239782,0.0032793212995007037
Logistic Regression,volatility,0.1,21,8893745821521636541,0.848644578313253,0.838855421686747,0.009789156626506035,0.6827353045846292,0.6797000314616246,0.003035273123004556,0.4095744680851064,0.3842364532019704,0.025338014883135973,0.46107784431137727,0.46706586826347307,-0.0059880239520958,0.43380281690140843,0.42162162162162165,0.012181195279786783,0.802286899070077,0.7915486855745871,0.010738213495489868,0.3884203679084427,0.3862600425031946,0.002160325405248076
Random Forest,volatility,0.1,21,8893745821521636541,0.8524096385542169,0.8637048192771084,-0.011295180722891485,0.6336216455976935,0.658025035200916,-0.024403389603222525,0.3986013986013986,0.4507042253521127,-0.05210282675071409,0.3413173652694611,0.38323353293413176,-0.041916167664670656,0.36774193548387096,0.41423948220064727,-0.046497546716776306,0.7735124067111256,0.773342204479929,0.0001702022311966811,0.3864464632234789,0.3914711063239758,-0.005024643100496884
Logistic Regression,volatility,0.1,22,2387258763049737536,0.848644578313253,0.8463855421686747,0.0022590361445783413,0.6827353045846292,0.6788799661658594,0.003855338418769727,0.4095744680851064,0.4021164021164021,0.007458065968704297,0.46107784431137727,0.4550898203592814,0.005988023952095856,0.43380281690140843,0.42696629213483145,0.006836524766576979,0.802286899070077,0.7938335215873165,0.008453377482760538,0.3884203679084427,0.38639607756102357,0.002024290347419133
Random Forest,volatility,0.1,22,2387258763049737536,0.8524096385542169,0.858433734939759,-0.0060240963855421326,0.6336216455976935,0.6447569976326417,-0.011135352034948198,0.3986013986013986,0.425531914893617,-0.02693051629221843,0.3413173652694611,0.3592814371257485,-0.0179640718562874,0.36774193548387096,0.38961038961038963,-0.021868454126518666,0.7735124067111256,0.7734711455641687,4.126114695690575e-05,0.3864464632234789,0.3845112035947213,0.001935259628757624
Logistic Regression,volatility,0.1,23,4316288057308461624,0.848644578313253,0.8396084337349398,0.009036144578313254,0.6827353045846292,0.6801306946829855,0.002604609901643684,0.4095744680851064,0.38613861386138615,0.023435854223720243,0.46107784431137727,0.46706586826347307,-0.0059880239520958,0.43380281690140843,0.42276422764227645,0.011038589259131981,0.802286899070077,0.7959481553688489,0.006338743701228111,0.3884203679084427,0.38464199071411287,0.0037783771943298294
Random Forest,volatility,0.1,23,4316288057308461624,0.8524096385542169,0.8524096385542169,0.0,0.6336216455976935,0.6541284356351896,-0.020506790037496114,0.3986013986013986,0.4088050314465409,-0.010203632845142308,0.3413173652694611,0.38922155688622756,-0.047904191616766456,0.36774193548387096,0.3987730061349693,-0.031031070651098336,0.7735124067111256,0.7762408000536396,-0.0027283933425139573,0.3864464632234789,0.39914412384187953,-0.012697660618400608
Logistic Regression,volatility,0.1,24,7154462111462299146,0.848644578313253,0.8418674698795181,0.006777108433734913,0.6827353045846292,0.6737326380830071,0.00900266650162207,0.4095744680851064,0.38860103626943004,0.020973431815676347,0.46107784431137727,0.4491017964071856,0.011976047904191656,0.43380281690140843,0.4166666666666667,0.017136150234741743,0.802286899070077,0.7977739611216842,0.004512937948392803,0.3884203679084427,0.38444623362539077,0.003974134283051933
Random Forest,volatility,0.1,24,7154462111462299146,0.8524096385542169,0.8576807228915663,-0.005271084337349352,0.6336216455976935,0.6468896831659678,-0.013268037568274327,0.3986013986013986,0.4236111111111111,-0.02500971250971251,0.3413173652694611,0.3652694610778443,-0.0239520958083832,0.36774193548387096,0.39228295819935693,-0.02454102271548597,0.7735124067111256,0.7823216615863879,-0.008809254875262296,0.3864464632234789,0.3881349037268598,-0.0016884405033809058
Logistic Regression,volatility,0.1,25,113394501394334205,0.848644578313253,0.8403614457831325,0.008283132530120474,0.6827353045846292,0.6651812653762244,0.017554039208404815,0.4095744680851064,0.38095238095238093,0.02862208713272546,0.46107784431137727,0.4311377245508982,0.029940119760479056,0.43380281690140843,0.4044943820224719,0.02930843487893653,0.802286899070077,0.7934518559779665,0.008835043092110473,0.3884203679084427,0.3766486929830876,0.01177167492535508
Random Forest,volatility,0.1,25,113394501394334205,0.8524096385542169,0.8599397590361446,-0.0075301204819276935,0.6336216455976935,0.6533083703394245,-0.019686724741730943,0.3986013986013986,0.43448275862068964,-0.03588136001929104,0.3413173652694611,0.3772455089820359,-0.0359281437125748,0.36774193548387096,0.40384615384615385,-0.03610421836228289,0.7735124067111256,0.7842145167030281,-0.010702109991902464,0.3864464632234789,0.39947028520049715,-0.013023821977018235
Logistic Regression,volatility,0.1,26,6547970549854953727,0.848644578313253,0.8426204819277109,0.0060240963855421326,0.6827353045846292,0.674163301304368,0.008572003280261198,0.4095744680851064,0.390625,0.01894946808510639,0.46107784431137727,0.4491017964071856,0.011976047904191656,0.43380281690140843,0.4178272980501393,0.015975518851269133,0.802286899070077,0.7981349961575557,0.004151902912521321,0.3884203679084427,0.38633495257514966,0.002085415333293039
Random Forest,volatility,0.1,26,6547970549854953727,0.8524096385542169,0.858433734939759,-0.0060240963855421326,0.6336216455976935,0.6550103926513897,-0.0213887470536962,0.3986013986013986,0.42953020134228187,-0.030928802740883277,0.3413173652694611,0.38323353293413176,-0.041916167664670656,0.36774193548387096,0.4050632911392405,-0.03732135565536954,0.7735124067111256,0.7786803653674563,-0.0051679586563306845,0.3864464632234789,0.39783494428740596,-0.011388481063927036
Logistic Regression,volatility,0.1,27,16395475155070570213,0.848644578313253,0.8448795180722891,0.0037650602409639022,0.6827353045846292,0.6857086859871987,-0.0029733814025695304,0.4095744680851064,0.4010152284263959,0.008559239658710471,0.46107784431137727,0.47305389221556887,-0.0119760479041916,0.43380281690140843,0.4340659340659341,-0.00026311716452565026,0.802286899070077,0.800177422931914,0.0021094761381630356,0.3884203679084427,0.38775849437529264,0.0006618735331500591
Random Forest,volatility,0.1,27,16395475155070570213,0.8524096385542169,0.8561746987951807,-0.003765060240963791,0.6336216455976935,0.6588451004966811,-0.025223454898987585,0.3986013986013986,0.4230769230769231,-0.02447552447552448,0.3413173652694611,0.39520958083832336,-0.053892215568862256,0.36774193548387096,0.4086687306501548,-0.040926795166283836,0.7735124067111256,0.7699742633595859,0.003538143351539791,0.3864464632234789,0.3921017252331284,-0.005655262009649498
Logistic Regression,volatility,0.1,28,16480628847678697441,0.848644578313253,0.8478915662650602,0.0007530120481927804,0.6827353045846292,0.6899946876273293,-0.007259383042700129,0.4095744680851064,0.41025641025641024,-0.0006819421713038509,0.46107784431137727,0.47904191616766467,-0.0179640718562874,0.43380281690140843,0.4419889502762431,-0.008186133374834648,0.802286899070077,0.797057048693311,0.005229850376766043,0.3884203679084427,0.39257587383508086,-0.004155505926638159
Random Forest,volatility,0.1,28,16480628847678697441,0.8524096385542169,0.8629518072289156,-0.010542168674698704,0.6336216455976935,0.6550310232248681,-0.021409377627174542,0.3986013986013986,0.44680851063829785,-0.04820711203689926,0.3413173652694611,0.3772455089820359,-0.0359281437125748,0.36774193548387096,0.4090909090909091,-0.04134897360703815,0.7735124067111256,0.7797686281184402,-0.006256221407314522,0.3864464632234789,0.39914137937178246,-0.012694916148303537
Logistic Regression,volatility,0.1,29,9211993727904270109,0.848644578313253,0.8448795180722891,0.0037650602409639022,0.6827353045846292,0.6805819884778247,0.0021533161068044704,0.4095744680851064,0.39896373056994816,0.01061073751515823,0.46107784431137727,0.46107784431137727,0.0,0.43380281690140843,0.42777777777777776,0.006025039123630671,0.802286899070077,0.7980060550733158,0.004280843996761208,0.3884203679084427,0.38512992101728616,0.00329044689115654
Random Forest,volatility,0.1,29,9211993727904270109,0.8524096385542169,0.8554216867469879,-0.0030120481927710108,0.6336216455976935,0.6379076472378241,-0.004286001640130599,0.3986013986013986,0.41134751773049644,-0.012746119129097844,0.3413173652694611,0.3473053892215569,-0.0059880239520958,0.36774193548387096,0.37662337662337664,-0.008881441139505675,0.7735124067111256,0.7781181822401707,-0.004605775529045064,0.3864464632234789,0.3898441182674204,-0.003397655043941461
Logistic Regression,volatility,0.2,0,3925723573466395972,0.848644578313253,0.8373493975903614,0.011295180722891596,0.6827353045846292,0.6916554487923378,-0.008920144207708591,0.4095744680851064,0.386046511627907,0.023527956457199406,0.46107784431137727,0.49700598802395207,-0.0359281437125748,0.43380281690140843,0.43455497382198954,-0.0007521569205811152,0.802286899070077,0.7734453573473208,0.028841541722756214,0.3884203679084427,0.36785315150596465,0.02056721640247805
Random Forest,volatility,0.2,0,3925723573466395972,0.8524096385542169,0.8591867469879518,-0.006777108433734913,0.6336216455976935,0.6528777071180636,-0.01925606152037007,0.3986013986013986,0.4315068493150685,-0.032905450713669904,0.3413173652694611,0.3772455089820359,-0.0359281437125748,0.36774193548387096,0.402555910543131,-0.03481397505926004,0.7735124067111256,0.7736980818724308,-0.00018567516130518769,0.3864464632234789,0.3837950942441317,0.0026513689793472017
Logistic Regression,volatility,0.2,1,15069748878014859969,0.848644578313253,0.8373493975903614,0.011295180722891596,0.6827353045846292,0.6634586124907808,0.019276692093848413,0.4095744680851064,0.37305699481865284,0.03651747326645355,0.46107784431137727,0.4311377245508982,0.029940119760479056,0.43380281690140843,0.4,0.033802816901408406,0.802286899070077,0.7870770087731515,0.015209890296925543,0.3884203679084427,0.3809895839279004,0.00743078398054231
Random Forest,volatility,0.2,1,15069748878014859969,0.8524096385542169,0.8569277108433735,-0.004518072289156572,0.6336216455976935,0.6490223686992939,-0.015400723101600344,0.3986013986013986,0.4217687074829932,-0.023167308881594628,0.3413173652694611,0.3712574850299401,-0.029940119760479,0.36774193548387096,0.39490445859872614,-0.027162523114855175,0.7735124067111256,0.7746109847488485,-0.0010985780377228416,0.3864464632234789,0.38851258660350974,-0.0020661233800308154
Logistic Regression,volatility,0.2,2,9139405934946550880,0.848644578313253,0.8320783132530121,0.016566265060240948,0.6827353045846292,0.6630073186959414,0.019727985888687738,0.4095744680851064,0.3613861386138614,0.04818832947124502,0.46107784431137727,0.437125748502994,0.023952095808383256,0.43380281690140843,0.3956639566395664,0.038138860261842045,0.802286899070077,0.7835955994986771,0.018691299571399922,0.3884203679084427,0.37588481547914204,0.012535552429300656
Random Forest,volatility,0.2,2,9139405934946550880,0.8524096385542169,0.8591867469879518,-0.006777108433734913,0.6336216455976935,0.6477510096086896,-0.01412936401099607,0.3986013986013986,0.4295774647887324,-0.030976066187333784,0.3413173652694611,0.3652694610778443,-0.0239520958083832,0.36774193548387096,0.3948220064724919,-0.02708007098862092,0.7735124067111256,0.7604841995595373,0.013028207151588367,0.3864464632234789,0.38741299031315146,-0.000966527089672542
Logistic Regression,volatility,0.2,3,9137029550525643238,0.848644578313253,0.8350903614457831,0.013554216867469937,0.6827353045846292,0.674983366600133,0.007751937984496138,0.4095744680851064,0.3737864077669903,0.0357880603181161,0.46107784431137727,0.46107784431137727,0.0,0.43380281690140843,0.4128686327077748,0.02093418419363363,0.802286899070077,0.7940037238185128,0.00828317525156419,0.3884203679084427,0.39121572253271847,-0.00279535462427577
Random Forest,volatility,0.2,3,9137029550525643238,0.8524096385542169,0.8621987951807228,-0.009789156626505924,0.6336216455976935,0.6469103137394462,-0.013288668141752669,0.3986013986013986,0.4411764705882353,-0.04257507198683669,0.3413173652694611,0.3592814371257485,-0.0179640718562874,0.36774193548387096,0.39603960396039606,-0.028297668476525095,0.7735124067111256,0.7694894448828442,0.004022961828281435,0.3864464632234789,0.39924094532841825,-0.012794482104939331
Logistic Regression,volatility,0.2,4,6623725387285411898,0.848644578313253,0.8320783132530121,0.016566265060240948,0.6827353045846292,0.6783874112240635,0.0043478933605656245,0.4095744680851064,0.3691588785046729,0.04041558958043351,0.46107784431137727,0.47305389221556887,-0.0119760479041916,0.43380281690140843,0.4146981627296588,0.019104654171749613,0.802286899070077,0.7858598049379277,0.016427094132149267,0.3884203679084427,0.3692702517210565,0.019150116187386212
Random Forest,volatility,0.2,4,6623725387285411898,0.8524096385542169,0.8539156626506024,-0.0015060240963854499,0.6336216455976935,0.6498630645685373,-0.016241418970843746,0.3986013986013986,0.4117647058823529,-0.013163307280954328,0.3413173652694611,0.3772455089820359,-0.0359281437125748,0.36774193548387096,0.39375,-0.026008064516129026,0.7735124067111256,0.7853027794540118,-0.01179037274288619,0.3864464632234789,0.3871979542015366,-0.0007514909780576562
Logistic Regression,volatility,0.2,5,2318724059171011570,0.848644578313253,0.8335843373493976,0.015060240963855387,0.6827353045846292,0.6766853889120983,0.006049915672530881,0.4095744680851064,0.37142857142857144,0.03814589665653495,0.46107784431137727,0.46706586826347307,-0.0059880239520958,0.43380281690140843,0.41379310344827586,0.02000971345313257,0.802286899070077,0.7811921376884473,0.02109476138162969,0.3884203679084427,0.37898959482479483,0.00943077308364787
Random Forest,volatility,0.2,5,2318724059171011570,0.8524096385542169,0.8614457831325302,-0.009036144578313254,0.6336216455976935,0.6516063480274593,-0.017984702429765798,0.3986013986013986,0.4397163120567376,-0.04111491345533902,0.3413173652694611,0.3712574850299401,-0.029940119760479,0.36774193548387096,0.4025974025974026,-0.03485546711353166,0.7735124067111256,0.7812746599823609,-0.007762253271235253,0.3864464632234789,0.40433812964196375,-0.01789166641848483
Logistic Regression,volatility,0.2,6,14707551704922212476,0.848644578313253,0.8320783132530121,0.016566265060240948,0.6827353045846292,0.6706973649600024,0.012037939624626737,0.4095744680851064,0.36538461538461536,0.04418985270049103,0.46107784431137727,0.4550898203592814,0.005988023952095856,0.43380281690140843,0.4053333333333333,0.028469483568075105,0.802286899070077,0.7700516280101295,0.0322352710599475,0.3884203679084427,0.3724748165845961,0.01594555132384662
Random Forest,volatility,0.2,6,14707551704922212476,0.8524096385542169,0.8637048192771084,-0.011295180722891485,0.6336216455976935,0.665715081464977,-0.032093435867283526,0.3986013986013986,0.4527027027027027,-0.05410130410130409,0.3413173652694611,0.40119760479041916,-0.059880239520958056,0.36774193548387096,0.4253968253968254,-0.05765488991295442,0.7735124067111256,0.7637489878124887,0.009763418898636966,0.3864464632234789,0.3692590076991932,0.017187455524285744
Logistic Regression,volatility,0.2,7,1105800320496159891,0.848644578313253,0.8335843373493976,0.015060240963855387,0.6827353045846292,0.6715586914027243,0.011176613181904882,0.4095744680851064,0.36893203883495146,0.04064242925015493,0.46107784431137727,0.4550898203592814,0.005988023952095856,0.43380281690140843,0.4075067024128686,0.0262961144885398,0.802286899070077,0.7885005183431586,0.013786380726918401,0.3884203679084427,0.3714577804748281,0.016962587433614618
Random Forest,volatility,0.2,7,1105800320496159891,0.8524096385542169,0.8561746987951807,-0.003765060240963791,0.6336216455976935,0.646028356723246,-0.012406711125552472,0.3986013986013986,0.4178082191780822,-0.019206820576683603,0.3413173652694611,0.3652694610778443,-0.0239520958083832,0.36774193548387096,0.38977635782747605,-0.022034422343605087,0.7735124067111256,0.7681948763970766,0.005317530314049024,0.3864464632234789,0.3782606741691704,0.008185789054308501
Logistic Regression,volatility,0.2,8,1726613626673819771,0.848644578313253,0.8313253012048193,0.017319277108433728,0.6827353045846292,0.6753933992480157,0.007341905336613497,0.4095744680851064,0.36619718309859156,0.04337728498651483,0.46107784431137727,0.46706586826347307,-0.0059880239520958,0.43380281690140843,0.4105263157894737,0.023276501111934744,0.802286899070077,0.798372247752557,0.0039146513175200015,0.3884203679084427,0.3788068427651008,0.009613525143341906
Random Forest,volatility,0.2,8,1726613626673819771,0.8524096385542169,0.8576807228915663,-0.005271084337349352,0.6336216455976935,0.6366362881472198,-0.003014642549526325,0.3986013986013986,0.41911764705882354,-0.020516248457424946,0.3413173652694611,0.3413173652694611,0.0,0.36774193548387096,0.37623762376237624,-0.008495688278505276,0.7735124067111256,0.7863549387014086,-0.012842531990282957,0.3864464632234789,0.40529136994927506,-0.01884490672579614
Logistic Regression,volatility,0.2,9,10664368072226553560,0.848644578313253,0.8335843373493976,0.015060240963855387,0.6827353045846292,0.6741220401574113,0.008613264427217882,0.4095744680851064,0.3701923076923077,0.03938216039279868,0.46107784431137727,0.46107784431137727,0.0,0.43380281690140843,0.4106666666666667,0.023136150234741748,0.802286899070077,0.7824299720971494,0.019856926972927624,0.3884203679084427,0.35613018408488994,0.032290183823552754
Random Forest,volatility,0.2,9,10664368072226553560,0.8524096385542169,0.8637048192771084,-0.011295180722891485,0.6336216455976935,0.675968476483725,-0.04234683088603153,0.3986013986013986,0.4551282051282051,-0.05652680652680653,0.3413173652694611,0.4251497005988024,-0.08383233532934131,0.36774193548387096,0.43962848297213625,-0.07188654748826528,0.7735124067111256,0.7674521757518554,0.006060230959270219,0.3864464632234789,0.38076329948866,0.005683163734818919
Logistic Regression,volatility,0.2,10,13034199403490651821,0.848644578313253,0.8298192771084337,0.01882530120481929,0.6827353045846292,0.6642786777865458,0.018456626798083353,0.4095744680851064,0.357487922705314,0.052086545379792404,0.46107784431137727,0.4431137724550898,0.017964071856287456,0.43380281690140843,0.39572192513368987,0.03808089176771856,0.802286899070077,0.7790156121864799,0.023271286883597142,0.3884203679084427,0.37562646441780917,0.01279390349063353
Random Forest,volatility,0.2,10,13034199403490651821,0.8524096385542169,0.8531626506024096,-0.0007530120481926694,0.6336216455976935,0.6340523088190544,-0.00043066322136087187,0.3986013986013986,0.4014084507042254,-0.002807052102826779,0.3413173652694611,0.3413173652694611,0.0,0.36774193548387096,0.36893203883495146,-0.001190103351080496,0.7735124067111256,0.759086478206378,0.014425928504747665,0.3864464632234789,0.3761829611435824,0.010263502079896514
Logistic Regression,volatility,0.2,11,6793907298927897141,0.848644578313253,0.8448795180722891,0.0037650602409639022,0.6827353045846292,0.6985254297606338,-0.015790125176004643,0.4095744680851064,0.4057971014492754,0.003777366635831003,0.46107784431137727,0.5029940119760479,-0.0419161676646706,0.43380281690140843,0.44919786096256686,-0.015395044061158436,0.802286899070077,0.8033493736042128,-0.001062474534135771,0.3884203679084427,0.4043325485755556,-0.01591218066711292
Random Forest,volatility,0.2,11,6793907298927897141,0.8524096385542169,0.8659638554216867,-0.013554216867469826,0.6336216455976935,0.6644437223743727,-0.03082207677667914,0.3986013986013986,0.46153846153846156,-0.06293706293706297,0.3413173652694611,0.39520958083832336,-0.053892215568862256,0.36774193548387096,0.4258064516129032,-0.05806451612903224,0.7735124067111256,0.7783038574014762,-0.004791450690350585,0.3864464632234789,0.39412079119660975,-0.0076743279731308345
Logistic Regression,volatility,0.2,12,17403177189705185657,0.848644578313253,0.8245481927710844,0.02409638554216864,0.6827353045846292,0.6663907327463935,0.016344571838235677,0.4095744680851064,0.3486238532110092,0.0609506148740972,0.46107784431137727,0.4550898203592814,0.005988023952095856,0.43380281690140843,0.3948051948051948,0.0389976220962136,0.802286899070077,0.7821153558516043,0.0201715432184727,0.3884203679084427,0.3585964447772374,0.0298239231312053
Random Forest,volatility,0.2,12,17403177189705185657,0.8524096385542169,0.8531626506024096,-0.0007530120481926694,0.6336216455976935,0.6391790063284284,-0.005557360730734873,0.3986013986013986,0.4041095890410959,-0.0055081904396973025,0.3413173652694611,0.3532934131736527,-0.0119760479041916,0.36774193548387096,0.3769968051118211,-0.009254869627950135,0.7735124067111256,0.7685559114329481,0.004956495278177542,0.3864464632234789,0.37644419369471577,0.010002269528763152
Logistic Regression,volatility,0.2,13,5425416115566286877,0.848644578313253,0.838855421686747,0.009789156626506035,0.6827353045846292,0.6617565901788155,0.02097871440581367,0.4095744680851064,0.37566137566137564,0.03391309242373075,0.46107784431137727,0.4251497005988024,0.035928143712574856,0.43380281690140843,0.398876404494382,0.03492641240702643,0.802286899070077,0.7821772475720394,0.020109651498037562,0.3884203679084427,0.37018609319434914,0.018234274714093557
Random Forest,volatility,0.2,13,5425416115566286877,0.8524096385542169,0.8667168674698795,-0.014307228915662606,0.6336216455976935,0.6623110368410466,-0.028689391243353124,0.3986013986013986,0.4642857142857143,-0.06568431568431571,0.3413173652694611,0.38922155688622756,-0.047904191616766456,0.36774193548387096,0.4234527687296417,-0.05571083324577075,0.7735124067111256,0.7633879527766173,0.010124453934508337,0.3864464632234789,0.3744319663187748,0.01201449690470413
Logistic Regression,volatility,0.2,14,7857887158345802376,0.848644578313253,0.8268072289156626,0.02183734939759041,0.6827353045846292,0.6574293273917282,0.025305977192900952,0.4095744680851064,0.34782608695652173,0.06174838112858466,0.46107784431137727,0.4311377245508982,0.029940119760479056,0.43380281690140843,0.3850267379679144,0.048776078933494005,0.802286899070077,0.7792167602778939,0.023070138792183115,0.3884203679084427,0.36446131445129776,0.02395905345714494
Random Forest,volatility,0.2,14,7857887158345802376,0.8524096385542169,0.8524096385542169,0.0,0.6336216455976935,0.6387483431070675,-0.005126697509374001,0.3986013986013986,0.4013605442176871,-0.002759145616288483,0.3413173652694611,0.3532934131736527,-0.0119760479041916,0.36774193548387096,0.37579617834394907,-0.008054242860078109,0.7735124067111256,0.7595351931795324,0.013977213531593202,0.3864464632234789,0.3686680431039919,0.017778420119486993
Logistic Regression,volatility,0.2,15,18242381097706014646,0.848644578313253,0.8275602409638554,0.02108433734939763,0.6827353045846292,0.6629866881224631,0.01974861646216608,0.4095744680851064,0.3523809523809524,0.057193515704153985,0.46107784431137727,0.4431137724550898,0.017964071856287456,0.43380281690140843,0.3925729442970822,0.0412298726043262,0.802286899070077,0.7771021264963613,0.025184772573715652,0.3884203679084427,0.364510548282226,0.02390981962621669
Random Forest,volatility,0.2,15,18242381097706014646,0.8524096385542169,0.8576807228915663,-0.005271084337349352,0.6336216455976935,0.6520163806753418,-0.018394735077648328,0.3986013986013986,0.42567567567567566,-0.027074277074277064,0.3413173652694611,0.3772455089820359,-0.0359281437125748,0.36774193548387096,0.4,-0.03225806451612906,0.7735124067111256,0.7785772125000645,-0.005064805788938864,0.3864464632234789,0.3775219434814766,0.008924519742002313
Logistic Regression,volatility,0.2,16,1179812342108173851,0.848644578313253,0.8268072289156626,0.02183734939759041,0.6827353045846292,0.6599926761464152,0.022742628438213952,0.4095744680851064,0.3492822966507177,0.0602921714343887,0.46107784431137727,0.437125748502994,0.023952095808383256,0.43380281690140843,0.3882978723404255,0.04550494456098292,0.802286899070077,0.772119843001336,0.03016705606874104,0.3884203679084427,0.37560873702613073,0.012811630882311964
Random Forest,volatility,0.2,16,1179812342108173851,0.8524096385542169,0.8539156626506024,-0.0015060240963854499,0.6336216455976935,0.6549897620779114,-0.021368116480217858,0.3986013986013986,0.4140127388535032,-0.01541134025210461,0.3413173652694611,0.38922155688622756,-0.047904191616766456,0.36774193548387096,0.4012345679012346,-0.03349263241736361,0.7735124067111256,0.7589008030450728,0.014611603666052853,0.3864464632234789,0.38963294412671506,-0.003186480903236144
Logistic Regression,volatility,0.2,17,9606720726442449344,0.848644578313253,0.8358433734939759,0.012801204819277157,0.6827353045846292,0.6728506810668069,0.009884623517822266,0.4095744680851064,0.37438423645320196,0.035190231631904434,0.46107784431137727,0.4550898203592814,0.005988023952095856,0.43380281690140843,0.41081081081081083,0.022992006090597594,0.802286899070077,0.7820018876974733,0.020285011372603745,0.3884203679084427,0.3698766253172299,0.018543742591212775
Random Forest,volatility,0.2,17,9606720726442449344,0.8524096385542169,0.8644578313253012,-0.012048192771084265,0.6336216455976935,0.6687090934410249,-0.0350874478433314,0.3986013986013986,0.4563758389261745,-0.05777444032477591,0.3413173652694611,0.40718562874251496,-0.06586826347305386,0.36774193548387096,0.43037974683544306,-0.06263781135157209,0.7735124067111256,0.7653065961101052,0.008205810601020436,0.3864464632234789,0.39718213295751004,-0.010735669734031117
Logistic Regression,volatility,0.2,18,16421682842003774994,0.848644578313253,0.8320783132530121,0.016566265060240948,0.6827353045846292,0.6783874112240635,0.0043478933605656245,0.4095744680851064,0.3691588785046729,0.04041558958043351,0.46107784431137727,0.47305389221556887,-0.0119760479041916,0.43380281690140843,0.4146981627296588,0.019104654171749613,0.802286899070077,0.7852873065239031,0.01699959254617389,0.3884203679084427,0.37076271981111986,0.017657648097322842
Random Forest,volatility,0.2,18,16421682842003774994,0.8524096385542169,0.8606927710843374,-0.008283132530120474,0.6336216455976935,0.6511756848060984,-0.017554039208404926,0.3986013986013986,0.43661971830985913,-0.038018319708460535,0.3413173652694611,0.3712574850299401,-0.029940119760479,0.36774193548387096,0.40129449838187703,-0.033552562898006066,0.7735124067111256,0.7729244353669921,0.0005879713441335754,0.3864464632234789,0.3903656010219048,-0.003919137798425898
Logistic Regression,volatility,0.2,19,14471745861907746707,0.848644578313253,0.8433734939759037,0.005271084337349352,0.6827353045846292,0.684847359544477,-0.0021120549598477867,0.4095744680851064,0.3969849246231156,0.012589543461990815,0.46107784431137727,0.47305389221556887,-0.0119760479041916,0.43380281690140843,0.43169398907103823,0.002108827830370197,0.802286899070077,0.8083419723859775,-0.006055073315900494,0.3884203679084427,0.3933146173065418,-0.004894249398099126
Random Forest,volatility,0.2,19,14471745861907746707,0.8524096385542169,0.8606927710843374,-0.008283132530120474,0.6336216455976935,0.6537390335607853,-0.020117387963091815,0.3986013986013986,0.4375,-0.03889860139860141,0.3413173652694611,0.3772455089820359,-0.0359281437125748,0.36774193548387096,0.40514469453376206,-0.0374027590498911,0.7735124067111256,0.7824299720971495,-0.00891756538602384,0.3864464632234789,0.4128021120214064,-0.026355648797927456
Logistic Regression,volatility,0.2,20,12118872335363582148,0.848644578313253,0.8403614457831325,0.008283132530120474,0.6827353045846292,0.6831247066590334,-0.00038940207440418817,0.4095744680851064,0.3891625615763547,0.020411906508751687,0.46107784431137727,0.47305389221556887,-0.0119760479041916,0.43380281690140843,0.42702702702702705,0.006775789874381377,0.802286899070077,0.7816047491580147,0.020682149912062298,0.3884203679084427,0.379363592309314,0.009056775599128708
Random Forest,volatility,0.2,20,12118872335363582148,0.8524096385542169,0.8539156626506024,-0.0015060240963854499,0.6336216455976935,0.6447363670591633,-0.011114721461469745,0.3986013986013986,0.40939597315436244,-0.010794574552963843,0.3413173652694611,0.3652694610778443,-0.0239520958083832,0.36774193548387096,0.3860759493670886,-0.018334013883217648,0.7735124067111256,0.7599890657960565,0.013523340915069126,0.3864464632234789,0.3848403828007352,0.0016060804227437386
Logistic Regression,volatility,0.2,21,3960131730282202147,0.848644578313253,0.8343373493975904,0.014307228915662606,0.6827353045846292,0.6796794008881462,0.003055903696483009,0.4095744680851064,0.3744075829383886,0.035166885146717786,0.46107784431137727,0.47305389221556887,-0.0119760479041916,0.43380281690140843,0.41798941798941797,0.01581339891199046,0.802286899070077,0.7732957856896027,0.02899111338047433,0.3884203679084427,0.3770519715240594,0.011368396384383306
Random Forest,volatility,0.2,21,3960131730282202147,0.8524096385542169,0.8644578313253012,-0.012048192771084265,0.6336216455976935,0.6661457446863379,-0.0325240990886444,0.3986013986013986,0.4557823129251701,-0.05718091432377148,0.3413173652694611,0.40119760479041916,-0.059880239520958056,0.36774193548387096,0.4267515923566879,-0.05900965687281695,0.7735124067111256,0.7713513541392666,0.0021610525718590567,0.3864464632234789,0.3915418703410591,-0.005095407117580164
Logistic Regression,volatility,0.2,22,3321682011624752353,0.848644578313253,0.8403614457831325,0.008283132530120474,0.6827353045846292,0.6703079628855984,0.012427341699030814,0.4095744680851064,0.38341968911917096,0.026154778965935432,0.46107784431137727,0.4431137724550898,0.017964071856287456,0.43380281690140843,0.4111111111111111,0.022691705790297334,0.802286899070077,0.7774012698117976,0.024885629258279418,0.3884203679084427,0.37397221889986215,0.014448149008580546
Random Forest,volatility,0.2,22,3321682011624752353,0.8524096385542169,0.8569277108433735,-0.004518072289156572,0.6336216455976935,0.6438956711899199,-0.010274025592226343,0.3986013986013986,0.4195804195804196,-0.02097902097902099,0.3413173652694611,0.3592814371257485,-0.0179640718562874,0.36774193548387096,0.3870967741935484,-0.019354838709677413,0.7735124067111256,0.759199946360509,0.014312460350616618,0.3864464632234789,0.37318542022543755,0.013261042998041372
Logistic Regression,volatility,0.2,23,9815244456700399279,0.848644578313253,0.829066265060241,0.01957831325301207,0.6827353045846292,0.6792281070933069,0.0035071974913222226,0.4095744680851064,0.36363636363636365,0.045938104448742745,0.46107784431137727,0.47904191616766467,-0.0179640718562874,0.43380281690140843,0.4134366925064599,0.020366124394948504,0.802286899070077,0.7811199306812732,0.02116696838880383,0.3884203679084427,0.3714579619058544,0.016962406002588304
Random Forest,volatility,0.2,23,9815244456700399279,0.8524096385542169,0.8539156626506024,-0.0015060240963854499,0.6336216455976935,0.6549897620779114,-0.021368116480217858,0.3986013986013986,0.4140127388535032,-0.01541134025210461,0.3413173652694611,0.38922155688622756,-0.047904191616766456,0.36774193548387096,0.4012345679012346,-0.03349263241736361,0.7735124067111256,0.7697627999814325,0.0037496067296931557,0.3864464632234789,0.40137119944915417,-0.01492473622567525
Logistic Regression,volatility,0.2,24,8497183999859867152,0.848644578313253,0.8298192771084337,0.01882530120481929,0.6827353045846292,0.6617153290318587,0.021019975552770465,0.4095744680851064,0.35609756097560974,0.05347690710949665,0.46107784431137727,0.437125748502994,0.023952095808383256,0.43380281690140843,0.3924731182795699,0.04132969862183855,0.802286899070077,0.7854059323214037,0.016880966748673343,0.3884203679084427,0.3721629857863559,0.016257382122086772
Random Forest,volatility,0.2,24,8497183999859867152,0.8524096385542169,0.858433734939759,-0.0060240963855421326,0.6336216455976935,0.6447569976326417,-0.011135352034948198,0.3986013986013986,0.425531914893617,-0.02693051629221843,0.3413173652694611,0.3592814371257485,-0.0179640718562874,0.36774193548387096,0.38961038961038963,-0.021868454126518666,0.7735124067111256,0.7726974990587302,0.0008149076523954468,0.3864464632234789,0.3847663126631246,0.0016801505603543099
Logistic Regression,volatility,0.2,25,4444926489507830532,0.848644578313253,0.8237951807228916,0.02484939759036142,0.6827353045846292,0.6557066745062846,0.02702863007834455,0.4095744680851064,0.3412322274881517,0.0683422405969547,0.46107784431137727,0.4311377245508982,0.029940119760479056,0.43380281690140843,0.38095238095238093,0.0528504359490275,0.802286899070077,0.7756321981360277,0.026654700934049314,0.3884203679084427,0.355503414600245,0.032916953308197716
Random Forest,volatility,0.2,25,4444926489507830532,0.8524096385542169,0.858433734939759,-0.0060240963855421326,0.6336216455976935,0.6550103926513897,-0.0213887470536962,0.3986013986013986,0.42953020134228187,-0.030928802740883277,0.3413173652694611,0.38323353293413176,-0.041916167664670656,0.36774193548387096,0.4050632911392405,-0.03732135565536954,0.7735124067111256,0.7760035484586381,-0.0024911417475124153,0.3864464632234789,0.3872949910753306,-0.0008485278518516881
Logistic Regression,volatility,0.2,26,2008635435107743922,0.848644578313253,0.8350903614457831,0.013554216867469937,0.6827353045846292,0.667293320336072,0.015441984248557139,0.4095744680851064,0.37,0.039574468085106396,0.46107784431137727,0.4431137724550898,0.017964071856287456,0.43380281690140843,0.4032697547683924,0.030533062133016042,0.802286899070077,0.7868603877516286,0.01542651131844841,0.3884203679084427,0.3746940212765587,0.01372634663188399
Random Forest,volatility,0.2,26,2008635435107743922,0.8524096385542169,0.8621987951807228,-0.009789156626505924,0.6336216455976935,0.6725438012863163,-0.038922155688622784,0.3986013986013986,0.44871794871794873,-0.05011655011655014,0.3413173652694611,0.41916167664670656,-0.07784431137724546,0.36774193548387096,0.43343653250773995,-0.06569459702386898,0.7735124067111256,0.7649300881441251,0.008582318567000535,0.3864464632234789,0.39704721757604305,-0.010600754352564135
Logistic Regression,volatility,0.2,27,12742482629999054643,0.848644578313253,0.8365963855421686,0.012048192771084376,0.6827353045846292,0.6809713905522289,0.0017639140324002822,0.4095744680851064,0.3798076923076923,0.0297667757774141,0.46107784431137727,0.47305389221556887,-0.0119760479041916,0.43380281690140843,0.42133333333333334,0.01246948356807509,0.802286899070077,0.7898827667662092,0.012404132303867832,0.3884203679084427,0.379981825994547,0.008438541913895703
Random Forest,volatility,0.2,27,12742482629999054643,0.8524096385542169,0.865210843373494,-0.012801204819277046,0.6336216455976935,0.6793931516811339,-0.04577150608344038,0.3986013986013986,0.46153846153846156,-0.06293706293706297,0.3413173652694611,0.4311377245508982,-0.08982035928143711,0.36774193548387096,0.4458204334365325,-0.07807849795266153,0.7735124067111256,0.7677925802142485,0.0057198264968771895,0.3864464632234789,0.39997370977890384,-0.013527246555424921
Logistic Regression,volatility,0.2,28,8787016442761399123,0.848644578313253,0.8365963855421686,0.012048192771084376,0.6827353045846292,0.6809713905522289,0.0017639140324002822,0.4095744680851064,0.3798076923076923,0.0297667757774141,0.46107784431137727,0.47305389221556887,-0.0119760479041916,0.43380281690140843,0.42133333333333334,0.01246948356807509,0.802286899070077,0.7846838622496608,0.017603036820416196,0.3884203679084427,0.3880000275862542,0.00042034032218851713
Random Forest,volatility,0.2,28,8787016442761399123,0.8524096385542169,0.8644578313253012,-0.012048192771084265,0.6336216455976935,0.6661457446863379,-0.0325240990886444,0.3986013986013986,0.4557823129251701,-0.05718091432377148,0.3413173652694611,0.40119760479041916,-0.059880239520958056,0.36774193548387096,0.4267515923566879,-0.05900965687281695,0.7735124067111256,0.769530706029801,0.00398170068132464,0.3864464632234789,0.3990144731585945,-0.012568009935115587
Logistic Regression,volatility,0.2,29,17307359266289872470,0.848644578313253,0.8298192771084337,0.01882530120481929,0.6827353045846292,0.6617153290318587,0.021019975552770465,0.4095744680851064,0.35609756097560974,0.05347690710949665,0.46107784431137727,0.437125748502994,0.023952095808383256,0.43380281690140843,0.3924731182795699,0.04132969862183855,0.802286899070077,0.7841938861295497,0.018093012940527342,0.3884203679084427,0.37571508593197644,0.012705281976466254
Random Forest,volatility,0.2,29,17307359266289872470,0.8524096385542169,0.8509036144578314,0.001506024096385561,0.6336216455976935,0.6378870166643458,-0.004265371066652257,0.3986013986013986,0.3959731543624161,0.0026282442389825023,0.3413173652694611,0.3532934131736527,-0.0119760479041916,0.36774193548387096,0.37341772151898733,-0.00567578603511637,0.7735124067111256,0.7678028955009878,0.005709511210137852,0.3864464632234789,0.3900502697852355,-0.003603806561756573
Logistic Regression,volatility,0.5,0,16419851262246054024,0.848644578313253,0.7891566265060241,0.05948795180722888,0.6827353045846292,0.6820364439080495,0.000698860676579649,0.4095744680851064,0.30716723549488056,0.10240723259022583,0.46107784431137727,0.5389221556886228,-0.07784431137724551,0.43380281690140843,0.391304347826087,0.042498469075321454,0.802286899070077,0.7163863487495293,0.08590055032054766,0.3884203679084427,0.3075037580685571,0.08091660983988558
Random Forest,volatility,0.5,0,16419851262246054024,0.8524096385542169,0.8358433734939759,0.01656626506024106,0.6336216455976935,0.6292737522371279,0.0043478933605656245,0.3986013986013986,0.34911242603550297,0.04948897256589563,0.3413173652694611,0.3532934131736527,-0.0119760479041916,0.36774193548387096,0.35119047619047616,0.0165514592933948,0.7735124067111256,0.7304821880786231,0.04303021863250256,0.3864464632234789,0.33706581926032464,0.04938064396315428
Logistic Regression,volatility,0.5,1,6298630579942825963,0.848644578313253,0.8042168674698795,0.04442771084337349,0.6827353045846292,0.6727062670524584,0.01002903753217077,0.4095744680851064,0.3204633204633205,0.0891111476217859,0.46107784431137727,0.49700598802395207,-0.0359281437125748,0.43380281690140843,0.38967136150234744,0.04413145539906099,0.802286899070077,0.7270265670209968,0.07526033204908023,0.3884203679084427,0.33038282330269575,0.05803754460574695
Random Forest,volatility,0.5,1,6298630579942825963,0.8524096385542169,0.8448795180722891,0.0075301204819278045,0.6336216455976935,0.6498218034215806,-0.016200157823887062,0.3986013986013986,0.38461538461538464,0.013986013986013957,0.3413173652694611,0.38922155688622756,-0.047904191616766456,0.36774193548387096,0.3869047619047619,-0.019162826420890955,0.7735124067111256,0.7581787329733299,0.015333673737795706,0.3864464632234789,0.3850026007218447,0.0014438625016341966
Logistic Regression,volatility,0.5,2,9637007511011165183,0.848644578313253,0.7891566265060241,0.05948795180722888,0.6827353045846292,0.6358961663236834,0.04683913826094577,0.4095744680851064,0.2801556420233463,0.12941882606176008,0.46107784431137727,0.4311377245508982,0.029940119760479056,0.43380281690140843,0.33962264150943394,0.09418017539197449,0.802286899070077,0.7272999221195852,0.07498697695049183,0.3884203679084427,0.3171426462760002,0.0712777216324425
Random Forest,volatility,0.5,2,9637007511011165183,0.8524096385542169,0.8426204819277109,0.009789156626506035,0.6336216455976935,0.6280230237200018,0.005598621877691667,0.3986013986013986,0.36538461538461536,0.03321678321678323,0.3413173652694611,0.3413173652694611,0.0,0.36774193548387096,0.35294117647058826,0.014800759013282705,0.7735124067111256,0.7216523026298824,0.0518601040812432,0.3864464632234789,0.34293488484551354,0.043511578377965376
Logistic Regression,volatility,0.5,3,8803552406452976300,0.848644578313253,0.7868975903614458,0.06174698795180722,0.6827353045846292,0.6525476179424098,0.03018768664221938,0.4095744680851064,0.28832116788321166,0.12125330020189473,0.46107784431137727,0.47305389221556887,-0.0119760479041916,0.43380281690140843,0.35827664399092973,0.0755261729104787,0.802286899070077,0.7519225115660153,0.05036438750406169,0.3884203679084427,0.35176398581695306,0.03665638209148964
Random Forest,volatility,0.5,3,8803552406452976300,0.8524096385542169,0.8433734939759037,0.009036144578313254,0.6336216455976935,0.6463971282241718,-0.012775482626478318,0.3986013986013986,0.378698224852071,0.019903173749327596,0.3413173652694611,0.38323353293413176,-0.041916167664670656,0.36774193548387096,0.38095238095238093,-0.013210445468509968,0.7735124067111256,0.7410811452031337,0.032431261507991915,0.3864464632234789,0.3792013980010038,0.007245065222475144
Logistic Regression,volatility,0.5,4,12357726148424167490,0.848644578313253,0.795933734939759,0.052710843373493965,0.6827353045846292,0.6679689716174885,0.014766332967140694,0.4095744680851064,0.3074074074074074,0.10216706067769898,0.46107784431137727,0.49700598802395207,-0.0359281437125748,0.43380281690140843,0.37986270022883295,0.05394011667257548,0.802286899070077,0.7342163218782074,0.0680705771918696,0.3884203679084427,0.3073238178487429,0.08109655005969979
Random Forest,volatility,0.5,4,12357726148424167490,0.8524096385542169,0.8418674698795181,0.010542168674698815,0.6336216455976935,0.6532258480455111,-0.019604202447817576,0.3986013986013986,0.3785310734463277,0.0200703251550709,0.3413173652694611,0.40119760479041916,-0.059880239520958056,0.36774193548387096,0.38953488372093026,-0.021792948237059295,0.7735124067111256,0.7367899859196336,0.036722420791492016,0.3864464632234789,0.3424858551423327,0.04396060808114621
Logistic Regression,volatility,0.5,5,18442612511298842185,0.848644578313253,0.7853915662650602,0.06325301204819278,0.6827353045846292,0.677319779046558,0.00541552553807112,0.4095744680851064,0.30067567567567566,0.10889879240943073,0.46107784431137727,0.5329341317365269,-0.07185628742514966,0.43380281690140843,0.38444924406047515,0.04935357284093328,0.802286899070077,0.7278156864565444,0.07447121261353262,0.3884203679084427,0.3219041319169433,0.06651623599149942
Random Forest,volatility,0.5,5,18442612511298842185,0.8524096385542169,0.8418674698795181,0.010542168674698815,0.6336216455976935,0.6634792430642591,-0.029857597466565577,0.3986013986013986,0.3837837837837838,0.014817614817614788,0.3413173652694611,0.4251497005988024,-0.08383233532934131,0.36774193548387096,0.4034090909090909,-0.03566715542521992,0.7735124067111256,0.7568067998370184,0.01670560687410727,0.3864464632234789,0.3739784298741641,0.012468033349314844
Logistic Regression,volatility,0.5,6,18221334473072882590,0.848644578313253,0.7718373493975904,0.0768072289156626,0.6827353045846292,0.6336809584964438,0.049054346088185374,0.4095744680851064,0.26223776223776224,0.14733670584734415,0.46107784431137727,0.4491017964071856,0.011976047904191656,0.43380281690140843,0.33112582781456956,0.10267698908683887,0.802286899070077,0.704394827915229,0.09789207115484799,0.3884203679084427,0.31670368234197055,0.07171668556647215
Random Forest,volatility,0.5,6,18221334473072882590,0.8524096385542169,0.8441265060240963,0.008283132530120585,0.6336216455976935,0.6417010939361587,-0.00807944833846519,0.3986013986013986,0.3780487804878049,0.020552618113593712,0.3413173652694611,0.3712574850299401,-0.029940119760479,0.36774193548387096,0.37462235649546827,-0.006880421011597304,0.7735124067111256,0.7102384378529762,0.0632739688581494,0.3864464632234789,0.32927901220447425,0.05716745101900467
Logistic Regression,volatility,0.5,7,7968714883242642908,0.848644578313253,0.7846385542168675,0.06400602409638556,0.6827353045846292,0.6486922795236401,0.03404302506098911,0.4095744680851064,0.28363636363636363,0.12593810444874276,0.46107784431137727,0.46706586826347307,-0.0059880239520958,0.43380281690140843,0.35294117647058826,0.08086164043082017,0.802286899070077,0.7337160304713571,0.06857086859871986,0.3884203679084427,0.3155116662111769,0.07290870169726582
Random Forest,volatility,0.5,7,7968714883242642908,0.8524096385542169,0.8350903614457831,0.01731927710843384,0.6336216455976935,0.646786530298576,-0.013164884700882507,0.3986013986013986,0.358695652173913,0.03990574642748557,0.3413173652694611,0.39520958083832336,-0.053892215568862256,0.36774193548387096,0.37606837606837606,-0.008326440584505101,0.7735124067111256,0.7276351689386087,0.045877237772516954,0.3864464632234789,0.3503683805102517,0.03607808271322721
Logistic Regression,volatility,0.5,8,2506833300382434029,0.848644578313253,0.776355421686747,0.07228915662650603,0.6827353045846292,0.6490816815980442,0.03365362298658492,0.4095744680851064,0.27586206896551724,0.13371239911958915,0.46107784431137727,0.47904191616766467,-0.0179640718562874,0.43380281690140843,0.350109409190372,0.08369340771103645,0.802286899070077,0.7528302567990633,0.04945664227101365,0.3884203679084427,0.3210890170554895,0.06733135085295322
Random Forest,volatility,0.5,8,2506833300382434029,0.8524096385542169,0.8456325301204819,0.006777108433735024,0.6336216455976935,0.6476891178882545,-0.014067472290560934,0.3986013986013986,0.3855421686746988,0.013059229926699778,0.3413173652694611,0.38323353293413176,-0.041916167664670656,0.36774193548387096,0.3843843843843844,-0.016642448900513418,0.7735124067111256,0.7594423555988798,0.014070051112245796,0.3864464632234789,0.37139689234112,0.01504957088235892
Logistic Regression,volatility,0.5,9,9356759945433075444,0.848644578313253,0.7786144578313253,0.0700301204819277,0.6827353045846292,0.6478103225074399,0.034924982077189304,0.4095744680851064,0.2771929824561403,0.13238148562896607,0.46107784431137727,0.47305389221556887,-0.0119760479041916,0.43380281690140843,0.3495575221238938,0.08424529477751463,0.802286899070077,0.7315085591091718,0.07077833996090521,0.3884203679084427,0.28223434564606353,0.10618602226237916
Random Forest,volatility,0.5,9,9356759945433075444,0.8524096385542169,0.8418674698795181,0.010542168674698815,0.6336216455976935,0.6583525455548851,-0.024730899957191577,0.3986013986013986,0.3812154696132597,0.0173859289881389,0.3413173652694611,0.41317365269461076,-0.07185628742514966,0.36774193548387096,0.39655172413793105,-0.028809788654060087,0.7735124067111256,0.7337108728279874,0.03980153388313823,0.3864464632234789,0.3385508390683623,0.04789562415511661
Logistic Regression,volatility,0.5,10,6660759083359331339,0.848644578313253,0.7891566265060241,0.05948795180722888,0.6827353045846292,0.6384595150783704,0.04427578950625877,0.4095744680851064,0.28185328185328185,0.12772118623182455,0.46107784431137727,0.437125748502994,0.023952095808383256,0.43380281690140843,0.3427230046948357,0.09107981220657274,0.802286899070077,0.7191972643859567,0.08308963468412034,0.3884203679084427,0.3165260239658265,0.07189434394261618
Random Forest,volatility,0.5,10,6660759083359331339,0.8524096385542169,0.8501506024096386,0.0022590361445783413,0.6336216455976935,0.6400197021976718,-0.006398056599978275,0.3986013986013986,0.39473684210526316,0.0038645564961354295,0.3413173652694611,0.3592814371257485,-0.0179640718562874,0.36774193548387096,0.3761755485893417,-0.00843361310547075,0.7735124067111256,0.7193107325400877,0.05420167417103794,0.3864464632234789,0.3537015306970213,0.032744932526457604
Logistic Regression,volatility,0.5,11,14733778586881292689,0.848644578313253,0.8042168674698795,0.04442771084337349,0.6827353045846292,0.7034664521087025,-0.020731147524073346,0.4095744680851064,0.33568904593639576,0.07388542214871063,0.46107784431137727,0.5688622754491018,-0.10778443113772457,0.43380281690140843,0.4222222222222222,0.011580594679186207,0.802286899070077,0.7722384687988364,0.0300484302712406,0.3884203679084427,0.36866224164119393,0.019758126267248766
Random Forest,volatility,0.5,11,14733778586881292689,0.8524096385542169,0.8448795180722891,0.0075301204819278045,0.6336216455976935,0.6600751984403286,-0.026453552842635064,0.3986013986013986,0.3898305084745763,0.008770890126822306,0.3413173652694611,0.41317365269461076,-0.07185628742514966,0.36774193548387096,0.4011627906976744,-0.033420855213803446,0.7735124067111256,0.7417258506243328,0.031786556086792817,0.3864464632234789,0.3895052216608598,-0.003058758437380904
Logistic Regression,volatility,0.5,12,2192555267933697511,0.848644578313253,0.7831325301204819,0.06551204819277112,0.6827353045846292,0.6427042555715442,0.04003104901308496,0.4095744680851064,0.2783882783882784,0.131186189696828,0.46107784431137727,0.4550898203592814,0.005988023952095856,0.43380281690140843,0.34545454545454546,0.08834827144686297,0.802286899070077,0.7211623265097711,0.08112457256030592,0.3884203679084427,0.2998942641176302,0.0885261037908125
Random Forest,volatility,0.5,12,2192555267933697511,0.8524096385542169,0.8426204819277109,0.009789156626506035,0.6336216455976935,0.6305863724746888,0.003035273123004667,0.3986013986013986,0.3670886075949367,0.03151279100646187,0.3413173652694611,0.3473053892215569,-0.0059880239520958,0.36774193548387096,0.3569230769230769,0.010818858560794065,0.7735124067111256,0.7542434510823314,0.01926895562879427,0.3864464632234789,0.35239674408483335,0.03404971913864557
Logistic Regression,volatility,0.5,13,7078701410235352687,0.848644578313253,0.7914156626506024,0.05722891566265065,0.6827353045846292,0.6397515047424531,0.04298379984217604,0.4095744680851064,0.28515625,0.12441821808510639,0.46107784431137727,0.437125748502994,0.023952095808383256,0.43380281690140843,0.34515366430260047,0.08864915259880796,0.802286899070077,0.7190580080149778,0.08322889105509923,0.3884203679084427,0.305766603586246,0.08265376432219668
Random Forest,volatility,0.5,13,7078701410235352687,0.8524096385542169,0.8501506024096386,0.0022590361445783413,0.6336216455976935,0.6605264922351679,-0.02690484663747439,0.3986013986013986,0.40476190476190477,-0.006160506160506174,0.3413173652694611,0.40718562874251496,-0.06586826347305386,0.36774193548387096,0.4059701492537313,-0.03822821376986035,0.7735124067111256,0.7322306291809146,0.041281777530211006,0.3864464632234789,0.3435821588315333,0.04286430439194561
Logistic Regression,volatility,0.5,14,14331424508051206381,0.848644578313253,0.786144578313253,0.0625,0.6827353045846292,0.6418635597023008,0.040871744882328365,0.4095744680851064,0.2808988764044944,0.128675591680612,0.46107784431137727,0.4491017964071856,0.011976047904191656,0.43380281690140843,0.3456221198156682,0.08818069708574022,0.802286899070077,0.7122963375574433,0.08999056151263374,0.3884203679084427,0.2960896842517464,0.09233068365669628
Random Forest,volatility,0.5,14,14331424508051206381,0.8524096385542169,0.8358433734939759,0.01656626506024106,0.6336216455976935,0.6344004497465019,-0.0007788041488083763,0.3986013986013986,0.35260115606936415,0.04600024253203444,0.3413173652694611,0.3652694610778443,-0.0239520958083832,0.36774193548387096,0.3588235294117647,0.008918406072106255,0.7735124067111256,0.7253245447090316,0.04818786200209402,0.3864464632234789,0.33440058657421795,0.05204587664926097
Logistic Regression,volatility,0.5,15,13836490175473578313,0.848644578313253,0.7695783132530121,0.07906626506024095,0.6827353045846292,0.6246989225683001,0.0580363820163291,0.4095744680851064,0.254416961130742,0.15515750695436437,0.46107784431137727,0.4311377245508982,0.029940119760479056,0.43380281690140843,0.32,0.11380281690140842,0.802286899070077,0.7166287579879003,0.08565814108217673,0.3884203679084427,0.30229594607537036,0.08612442183307234
Random Forest,volatility,0.5,15,13836490175473578313,0.8524096385542169,0.8313253012048193,0.02108433734939763,0.6336216455976935,0.6292531216636494,0.004368523934044077,0.3986013986013986,0.3389830508474576,0.05961834775394098,0.3413173652694611,0.3592814371257485,-0.0179640718562874,0.36774193548387096,0.3488372093023256,0.018904726181545373,0.7735124067111256,0.7406066420131313,0.03290576469799433,0.3864464632234789,0.3341554660591872,0.0522909971642917
Logistic Regression,volatility,0.5,16,6535816764736001925,0.848644578313253,0.7771084337349398,0.07153614457831325,0.6827353045846292,0.6418222985553441,0.04091300602928505,0.4095744680851064,0.27208480565371024,0.13748966243139615,0.46107784431137727,0.46107784431137727,0.0,0.43380281690140843,0.3422222222222222,0.09158059467918622,0.802286899070077,0.707386261069592,0.09490063800048498,0.3884203679084427,0.326922477596247,0.06149789031219571
Random Forest,volatility,0.5,16,6535816764736001925,0.8524096385542169,0.8403614457831325,0.012048192771084376,0.6336216455976935,0.6446744753387282,-0.01105282974103472,0.3986013986013986,0.3699421965317919,0.028659202069606704,0.3413173652694611,0.38323353293413176,-0.041916167664670656,0.36774193548387096,0.3764705882352941,-0.00872865275142315,0.7735124067111256,0.7222557469041246,0.051256659807001004,0.3864464632234789,0.35107077509411194,0.03537568812936698
Logistic Regression,volatility,0.5,17,2935380033595496804,0.848644578313253,0.7906626506024096,0.05798192771084343,0.6827353045846292,0.6470108877851531,0.03572441679947602,0.4095744680851064,0.2889733840304182,0.12060108405468817,0.46107784431137727,0.4550898203592814,0.005988023952095856,0.43380281690140843,0.35348837209302325,0.08031444480838518,0.802286899070077,0.726619113194799,0.075667785875278,0.3884203679084427,0.31061502928064316,0.07780533862779954
Random Forest,volatility,0.5,17,2935380033595496804,0.8524096385542169,0.8411144578313253,0.011295180722891596,0.6336216455976935,0.6630485798428982,-0.029426934245204706,0.3986013986013986,0.3817204301075269,0.016880968493871717,0.3413173652694611,0.4251497005988024,-0.08383233532934131,0.36774193548387096,0.40226628895184136,-0.03452435346797039,0.7735124067111256,0.7318283329980865,0.04168407371303917,0.3864464632234789,0.36965253889751265,0.01679392432596627
Logistic Regression,volatility,0.5,18,14631160519145524571,0.848644578313253,0.7838855421686747,0.06475903614457834,0.6827353045846292,0.6482616163022792,0.03447368828234998,0.4095744680851064,0.2826086956521739,0.1269657724329325,0.46107784431137727,0.46706586826347307,-0.0059880239520958,0.43380281690140843,0.35214446952595935,0.08165834737544908,0.802286899070077,0.7361865416453913,0.06610035742468567,0.3884203679084427,0.302510825947732,0.08590954196071071
Random Forest,volatility,0.5,18,14631160519145524571,0.8524096385542169,0.8478915662650602,0.004518072289156683,0.6336216455976935,0.6412910612882762,-0.007669415690582659,0.3986013986013986,0.3885350318471338,0.01006636675426481,0.3413173652694611,0.3652694610778443,-0.0239520958083832,0.36774193548387096,0.3765432098765432,-0.008801274392672254,0.7735124067111256,0.7524692217631919,0.02104318494793378,0.3864464632234789,0.3513803871734686,0.03506607605001033
Logistic Regression,volatility,0.5,19,9134201121703148315,0.848644578313253,0.8004518072289156,0.048192771084337394,0.6827353045846292,0.6731162997003409,0.00961900488428824,0.4095744680851064,0.3157894736842105,0.09378499440089588,0.46107784431137727,0.5029940119760479,-0.0419161676646706,0.43380281690140843,0.38799076212471134,0.045812054776697086,0.802286899070077,0.7759003955912465,0.026386503478830536,0.3884203679084427,0.35099664586009677,0.03742372204834593
Random Forest,volatility,0.5,19,9134201121703148315,0.8524096385542169,0.8516566265060241,0.0007530120481927804,0.6336216455976935,0.6562611211685156,-0.022639475570822132,0.3986013986013986,0.4074074074074074,-0.008806008806008792,0.3413173652694611,0.39520958083832336,-0.053892215568862256,0.36774193548387096,0.4012158054711246,-0.03347386998725366,0.7735124067111256,0.76802467416588,0.005487732545245594,0.3864464632234789,0.3814431512429029,0.0050033119805760196
Logistic Regression,volatility,0.5,20,12142697513400205436,0.848644578313253,0.7816265060240963,0.06701807228915668,0.6827353045846292,0.6315895341100745,0.05114577047455471,0.4095744680851064,0.2696629213483146,0.1399115467367918,0.46107784431137727,0.4311377245508982,0.029940119760479056,0.43380281690140843,0.3317972350230415,0.10200558187836695,0.802286899070077,0.7219411306585795,0.08034576841149754,0.3884203679084427,0.32557256794922906,0.06284779995921363
Random Forest,volatility,0.5,20,12142697513400205436,0.8524096385542169,0.8418674698795181,0.010542168674698815,0.6336216455976935,0.640409104272076,-0.006787458674382463,0.3986013986013986,0.3712574850299401,0.02734391357145849,0.3413173652694611,0.3712574850299401,-0.029940119760479,0.36774193548387096,0.3712574850299401,-0.003515549546069141,0.7735124067111256,0.7250254013935953,0.04848700531753036,0.3864464632234789,0.36905242459849363,0.017394038624985286
Logistic Regression,volatility,0.5,21,10623777004095606853,0.848644578313253,0.7853915662650602,0.06325301204819278,0.6827353045846292,0.6645030352731229,0.018232269311506233,0.4095744680851064,0.2937062937062937,0.1158681743788127,0.46107784431137727,0.5029940119760479,-0.0419161676646706,0.43380281690140843,0.3708609271523179,0.06294188974909054,0.802286899070077,0.7141376162403874,0.08814928282968959,0.3884203679084427,0.32683213136976885,0.061588236538673846
Random Forest,volatility,0.5,21,10623777004095606853,0.8524096385542169,0.8396084337349398,0.012801204819277157,0.6336216455976935,0.6570605558908024,-0.02343891029310885,0.3986013986013986,0.375,0.023601398601398593,0.3413173652694611,0.41317365269461076,-0.07185628742514966,0.36774193548387096,0.39316239316239315,-0.02542045767852219,0.7735124067111256,0.7405138044324786,0.03299860227864704,0.3864464632234789,0.35163018152277964,0.03481628170069928
Logistic Regression,volatility,0.5,22,8888626089081012532,0.848644578313253,0.7884036144578314,0.06024096385542166,0.6827353045846292,0.6508455956304445,0.03188970895418464,0.4095744680851064,0.28888888888888886,0.12068557919621753,0.46107784431137727,0.46706586826347307,-0.0059880239520958,0.43380281690140843,0.35697940503432496,0.07682341186708347,0.802286899070077,0.7189858010078035,0.08330109806227348,0.3884203679084427,0.31919057585276395,0.06922979205567875
Random Forest,volatility,0.5,22,8888626089081012532,0.8524096385542169,0.8471385542168675,0.005271084337349463,0.6336216455976935,0.6511137930856633,-0.01749214748796979,0.3986013986013986,0.39156626506024095,0.0070351335411576454,0.3413173652694611,0.38922155688622756,-0.047904191616766456,0.36774193548387096,0.39039039039039036,-0.0226484549065194,0.7735124067111256,0.7350054413137548,0.03850696539737086,0.3864464632234789,0.3440024300758994,0.042444033147579496
Logistic Regression,volatility,0.5,23,16938746380545620912,0.848644578313253,0.7740963855421686,0.07454819277108438,0.6827353045846292,0.6503530406886485,0.032382263895980645,0.4095744680851064,0.2745762711864407,0.1349981968986657,0.46107784431137727,0.48502994011976047,-0.0239520958083832,0.43380281690140843,0.35064935064935066,0.08315346625205777,0.802286899070077,0.7215491497624905,0.08073774930758648,0.3884203679084427,0.31046087264047634,0.07795949526796636
Random Forest,volatility,0.5,23,16938746380545620912,0.8524096385542169,0.8350903614457831,0.01731927710843384,0.6336216455976935,0.654476576562637,-0.020854930964943508,0.3986013986013986,0.3631578947368421,0.03544350386455647,0.3413173652694611,0.41317365269461076,-0.07185628742514966,0.36774193548387096,0.3865546218487395,-0.018812686364868547,0.7735124067111256,0.7377080464394209,0.03580436027170475,0.3864464632234789,0.3503778151719632,0.03606864805151572
Logistic Regression,volatility,0.5,24,5300189625878309773,0.848644578313253,0.7838855421686747,0.06475903614457834,0.6827353045846292,0.6380082212835311,0.04472708330109809,0.4095744680851064,0.27611940298507465,0.13345506510003174,0.46107784431137727,0.4431137724550898,0.017964071856287456,0.43380281690140843,0.34022988505747126,0.09357293184393717,0.802286899070077,0.7247984650853332,0.07748843398474381,0.3884203679084427,0.31487478709925576,0.07354558080918694
Random Forest,volatility,0.5,24,5300189625878309773,0.8524096385542169,0.8554216867469879,-0.0030120481927710108,0.6336216455976935,0.6584144372753202,-0.024792791677626713,0.3986013986013986,0.42038216560509556,-0.021780767003696966,0.3413173652694611,0.39520958083832336,-0.053892215568862256,0.36774193548387096,0.4074074074074074,-0.03966547192353642,0.7735124067111256,0.7426645417175983,0.03084786499352732,0.3864464632234789,0.3755482527027821,0.010898210520696838
Logistic Regression,volatility,0.5,25,9855127015157513819,0.848644578313253,0.7718373493975904,0.0768072289156626,0.6827353045846292,0.6490610510245659,0.03367425356006326,0.4095744680851064,0.27181208053691275,0.13776238754819364,0.46107784431137727,0.48502994011976047,-0.0239520958083832,0.43380281690140843,0.34838709677419355,0.08541572012721488,0.802286899070077,0.7092120668224275,0.09307483224764945,0.3884203679084427,0.29153775663783277,0.09688261127060993
Random Forest,volatility,0.5,25,9855127015157513819,0.8524096385542169,0.8478915662650602,0.004518072289156683,0.6336216455976935,0.6541078050617113,-0.020486159464017772,0.3986013986013986,0.39520958083832336,0.0033918177630752333,0.3413173652694611,0.39520958083832336,-0.053892215568862256,0.36774193548387096,0.39520958083832336,-0.027467645354452397,0.7735124067111256,0.7403023410543252,0.0332100656568004,0.3864464632234789,0.3633099697295377,0.0231364934939412
Logistic Regression,volatility,0.5,26,6039608119613690912,0.848644578313253,0.7944277108433735,0.054216867469879526,0.6827353045846292,0.6517275526466447,0.03100775193798444,0.4095744680851064,0.29615384615384616,0.11342062193126023,0.46107784431137727,0.46107784431137727,0.0,0.43380281690140843,0.36065573770491804,0.07314707919649038,0.802286899070077,0.7384146435810549,0.06387225548902209,0.3884203679084427,0.31910726419656527,0.06931310371187743
Random Forest,volatility,0.5,26,6039608119613690912,0.8524096385542169,0.8546686746987951,-0.0022590361445782303,0.6336216455976935,0.6682371690727074,-0.03461552347501384,0.3986013986013986,0.42168674698795183,-0.02308534838655324,0.3413173652694611,0.41916167664670656,-0.07784431137724546,0.36774193548387096,0.42042042042042044,-0.052678484936549475,0.7735124067111256,0.7482347965567573,0.025277610154368357,0.3864464632234789,0.3764993393538471,0.009947123869631813
Logistic Regression,volatility,0.5,27,6696752188566035166,0.848644578313253,0.7816265060240963,0.06701807228915668,0.6827353045846292,0.6572230216569446,0.025512282927684593,0.4095744680851064,0.2857142857142857,0.12386018237082069,0.46107784431137727,0.49101796407185627,-0.029940119760479,0.43380281690140843,0.36123348017621143,0.072569336725197,0.802286899070077,0.7434691340832547,0.05881776498682234,0.3884203679084427,0.3203866840438613,0.06803368386458142
Random Forest,volatility,0.5,27,6696752188566035166,0.8524096385542169,0.8403614457831325,0.012048192771084376,0.6336216455976935,0.6728713116402854,-0.039249666042591835,0.3986013986013986,0.38461538461538464,0.013986013986013957,0.3413173652694611,0.4491017964071856,-0.10778443113772451,0.36774193548387096,0.4143646408839779,-0.046622705400106934,0.7735124067111256,0.7418805799254204,0.0316318267857052,0.3864464632234789,0.35211394453741407,0.03433251868606485
Logistic Regression,volatility,0.5,28,4835032029380631645,0.848644578313253,0.7899096385542169,0.0587349397590361,0.6827353045846292,0.6773404096200364,0.005394894964592778,0.4095744680851064,0.3055555555555556,0.10401891252955081,0.46107784431137727,0.5269461077844312,-0.06586826347305391,0.43380281690140843,0.3868131868131868,0.0469896300882216,0.802286899070077,0.7421590926673785,0.06012780640269855,0.3884203679084427,0.33561963420200563,0.052800733706437064
Random Forest,volatility,0.5,28,4835032029380631645,0.8524096385542169,0.8539156626506024,-0.0015060240963854499,0.6336216455976935,0.6729332033607204,-0.03931155776302686,0.3986013986013986,0.42105263157894735,-0.022451232977548752,0.3413173652694611,0.4311377245508982,-0.08982035928143711,0.36774193548387096,0.4260355029585799,-0.05829356747470893,0.7735124067111256,0.7545425943977677,0.018969812313357926,0.3864464632234789,0.36953248322231574,0.016913980001163176
Logistic Regression,volatility,0.5,29,9904631306564492120,0.848644578313253,0.786144578313253,0.0625,0.6827353045846292,0.6393002109476138,0.043435093637015365,0.4095744680851064,0.2792452830188679,0.13032918506623847,0.46107784431137727,0.4431137724550898,0.017964071856287456,0.43380281690140843,0.3425925925925926,0.09121022430881581,0.802286899070077,0.7282386132128508,0.07404828585722623,0.3884203679084427,0.3306547923664458,0.057765575541996905
Random Forest,volatility,0.5,29,9904631306564492120,0.8524096385542169,0.8463855421686747,0.006024096385542244,0.6336216455976935,0.6429930836002413,-0.009371438002547805,0.3986013986013986,0.38509316770186336,0.013508230899535234,0.3413173652694611,0.3712574850299401,-0.029940119760479,0.36774193548387096,0.3780487804878049,-0.010306845003933918,0.7735124067111256,0.7307658584639506,0.042746548247175054,0.3864464632234789,0.3579223015315425,0.028524161691936445
Logistic Regression,volatility,1.0,0,8243303457382230582,0.848644578313253,0.6784638554216867,0.17018072289156627,0.6827353045846292,0.5905321140664408,0.09220319051818837,0.4095744680851064,0.18899521531100477,0.22057925277410162,0.46107784431137727,0.47305389221556887,-0.0119760479041916,0.43380281690140843,0.27008547008547007,0.16371734681593836,0.802286899070077,0.6430033988869805,0.15928350018309645,0.3884203679084427,0.2287365800573607,0.159683787851082
Random Forest,volatility,1.0,0,8243303457382230582,0.8524096385542169,0.7936746987951807,0.05873493975903621,0.6336216455976935,0.6256634018784137,0.007958243719279778,0.3986013986013986,0.27800829875518673,0.12059309984621186,0.3413173652694611,0.40119760479041916,-0.059880239520958056,0.36774193548387096,0.3284313725490196,0.039310562934851356,0.7735124067111256,0.6822530649295724,0.09125934178155326,0.3864464632234789,0.2778079486882877,0.10863851453519124
Logistic Regression,volatility,1.0,1,10413419006457660009,0.848644578313253,0.7078313253012049,0.14081325301204817,0.6827353045846292,0.6124546772088897,0.07028062737573948,0.4095744680851064,0.21148825065274152,0.19808621743236488,0.46107784431137727,0.48502994011976047,-0.0239520958083832,0.43380281690140843,0.29454545454545455,0.13925736235595387,0.802286899070077,0.6592448178578244,0.1430420812122526,0.3884203679084427,0.2545249356952104,0.1338954322132323
Random Forest,volatility,1.0,1,10413419006457660009,0.8524096385542169,0.8185240963855421,0.03388554216867479,0.6336216455976935,0.6629454269755063,-0.029323781377812774,0.3986013986013986,0.336283185840708,0.062318212760690606,0.3413173652694611,0.4550898203592814,-0.11377245508982031,0.36774193548387096,0.38676844783715014,-0.01902651235327918,0.7735124067111256,0.7273050797629547,0.04620732694817098,0.3864464632234789,0.3447084685947159,0.04173799462876304
Logistic Regression,volatility,1.0,2,8323884126582767638,0.848644578313253,0.7010542168674698,0.1475903614457832,0.6827353045846292,0.5906352669338326,0.09210003765079655,0.4095744680851064,0.19576719576719576,0.21380727231791063,0.46107784431137727,0.4431137724550898,0.017964071856287456,0.43380281690140843,0.27155963302752295,0.16224318387388548,0.802286899070077,0.6636597605821948,0.13862713848788222,0.3884203679084427,0.23990542365890188,0.14851494424954081
Random Forest,volatility,1.0,2,8323884126582767638,0.8524096385542169,0.7981927710843374,0.054216867469879526,0.6336216455976935,0.6205573349425181,0.013064310655175437,0.3986013986013986,0.2794759825327511,0.11912541606864752,0.3413173652694611,0.38323353293413176,-0.041916167664670656,0.36774193548387096,0.32323232323232326,0.0445096122515477,0.7735124067111256,0.6935173580487604,0.07999504866236529,0.3864464632234789,0.30243315689617684,0.08401330632730208
Logistic Regression,volatility,1.0,3,5220183398410005510,0.848644578313253,0.6987951807228916,0.14984939759036142,0.6827353045846292,0.627793508590055,0.05494179599457416,0.4095744680851064,0.21654501216545013,0.19302945591965626,0.46107784431137727,0.5329341317365269,-0.07185628742514966,0.43380281690140843,0.3079584775086505,0.1258443393927579,0.802286899070077,0.695719671767576,0.10656722730250101,0.3884203679084427,0.26708628538574786,0.12133408252269484
Random Forest,volatility,1.0,3,5220183398410005510,0.8524096385542169,0.8094879518072289,0.04292168674698804,0.6336216455976935,0.6603408170738626,-0.02671917147616909,0.3986013986013986,0.32083333333333336,0.07776806526806523,0.3413173652694611,0.46107784431137727,-0.11976047904191617,0.36774193548387096,0.3783783783783784,-0.010636442894507436,0.7735124067111256,0.718170893355408,0.055341513355717686,0.3864464632234789,0.35015249214606325,0.036293971077415665
Logistic Regression,volatility,1.0,4,18307103023074638506,0.848644578313253,0.6987951807228916,0.14984939759036142,0.6827353045846292,0.627793508590055,0.05494179599457416,0.4095744680851064,0.21654501216545013,0.19302945591965626,0.46107784431137727,0.5329341317365269,-0.07185628742514966,0.43380281690140843,0.3079584775086505,0.1258443393927579,0.802286899070077,0.6676517765502586,0.13463512251981835,0.3884203679084427,0.2353444832286966,0.1530758846797461
Random Forest,volatility,1.0,4,18307103023074638506,0.8524096385542169,0.7966867469879518,0.05572289156626509,0.6336216455976935,0.6427661472919793,-0.009144501694285823,0.3986013986013986,0.2931726907630522,0.1054287078383464,0.3413173652694611,0.437125748502994,-0.09580838323353291,0.36774193548387096,0.35096153846153844,0.016780397022332527,0.7735124067111256,0.7087891400661209,0.06472326664500472,0.3864464632234789,0.293018208318795,0.09342825490468393
Logistic Regression,volatility,1.0,5,9651079640495993031,0.848644578313253,0.6965361445783133,0.15210843373493976,0.6827353045846292,0.6265015189259724,0.056233785658656776,0.4095744680851064,0.21497584541062803,0.19459862267447836,0.46107784431137727,0.5329341317365269,-0.07185628742514966,0.43380281690140843,0.306368330464716,0.12743448643669242,0.802286899070077,0.6693434835754847,0.13294341549459232,0.3884203679084427,0.24618982903843423,0.14223053887000847
Random Forest,volatility,1.0,5,9651079640495993031,0.8524096385542169,0.7996987951807228,0.052710843373494076,0.6336216455976935,0.6521788464414839,-0.018557200843790422,0.3986013986013986,0.30278884462151395,0.09581255397988464,0.3413173652694611,0.4550898203592814,-0.11377245508982031,0.36774193548387096,0.36363636363636365,0.004105571847507317,0.7735124067111256,0.7280271498346976,0.045485256876428015,0.3864464632234789,0.3384404794702513,0.04800598375322762
Logistic Regression,volatility,1.0,6,9425765355160127452,0.848644578313253,0.6626506024096386,0.18599397590361444,0.6827353045846292,0.5789248376631749,0.10381046692145424,0.4095744680851064,0.17848970251716248,0.2310847655679439,0.46107784431137727,0.46706586826347307,-0.0059880239520958,0.43380281690140843,0.2582781456953642,0.1755246712060442,0.802286899070077,0.6379695389582591,0.16431736011181786,0.3884203679084427,0.2384225801053677,0.149997787803075
Random Forest,volatility,1.0,6,9425765355160127452,0.8524096385542169,0.7936746987951807,0.05873493975903621,0.6336216455976935,0.6333534481424747,0.00026819745521877714,0.3986013986013986,0.2834008097165992,0.1152005888847994,0.3413173652694611,0.41916167664670656,-0.07784431137724546,0.36774193548387096,0.33816425120772947,0.02957768427614149,0.7735124067111256,0.6664706762186221,0.10704173049250354,0.3864464632234789,0.2898353065686262,0.0966111566548527
Logistic Regression,volatility,1.0,7,15092472767342042070,0.848644578313253,0.6927710843373494,0.15587349397590367,0.6827353045846292,0.6089681102910458,0.07376719429358336,0.4095744680851064,0.20393120393120392,0.20564326415390247,0.46107784431137727,0.49700598802395207,-0.0359281437125748,0.43380281690140843,0.289198606271777,0.1446042106296314,0.802286899070077,0.6776576046872663,0.12462929438281067,0.3884203679084427,0.2323873735231219,0.1560329943853208
Random Forest,volatility,1.0,7,15092472767342042070,0.8524096385542169,0.802710843373494,0.049698795180722954,0.6336216455976935,0.6257046630253704,0.007916982572323095,0.3986013986013986,0.28888888888888886,0.10971250971250973,0.3413173652694611,0.38922155688622756,-0.047904191616766456,0.36774193548387096,0.33163265306122447,0.036109282422646494,0.7735124067111256,0.6848009407541507,0.08871146595697499,0.3864464632234789,0.30020270764295004,0.08624375558052888
Logistic Regression,volatility,1.0,8,2482917723376561840,0.848644578313253,0.6995481927710844,0.14909638554216864,0.6827353045846292,0.6154074280379809,0.06732787654664829,0.4095744680851064,0.21,0.1995744680851064,0.46107784431137727,0.5029940119760479,-0.0419161676646706,0.43380281690140843,0.2962962962962963,0.13750652060511215,0.802286899070077,0.692588982242234,0.10969791682784302,0.3884203679084427,0.23824520130713622,0.15017516660130648
Random Forest,volatility,1.0,8,2482917723376561840,0.8524096385542169,0.8019578313253012,0.050451807228915735,0.6336216455976935,0.6175839535399485,0.016037692057744968,0.3986013986013986,0.2818181818181818,0.11678321678321679,0.3413173652694611,0.3712574850299401,-0.029940119760479,0.36774193548387096,0.32041343669250644,0.047328498791364526,0.7735124067111256,0.7394977486886691,0.03401465802245651,0.3864464632234789,0.32332491137580366,0.06312155184767526
Logistic Regression,volatility,1.0,9,10405776616943034014,0.848644578313253,0.6799698795180723,0.1686746987951807,0.6827353045846292,0.6093368817919715,0.07339842279265762,0.4095744680851064,0.2,0.20957446808510638,0.46107784431137727,0.5149700598802395,-0.0538922155688622,0.43380281690140843,0.288107202680067,0.14569561422134142,0.802286899070077,0.6597451092646747,0.14254178980540233,0.3884203679084427,0.19820731980738482,0.19021304810105788
Random Forest,volatility,1.0,9,10405776616943034014,0.8524096385542169,0.8034638554216867,0.048945783132530174,0.6336216455976935,0.6517688137936014,-0.018147168195907892,0.3986013986013986,0.3073770491803279,0.09122434942107072,0.3413173652694611,0.4491017964071856,-0.10778443113772451,0.36774193548387096,0.36496350364963503,0.002778431834235928,0.7735124067111256,0.6986853167050912,0.07482709000603449,0.3864464632234789,0.29698382611340934,0.08946263711006958
Logistic Regression,volatility,1.0,10,14060476145142116815,0.848644578313253,0.6995481927710844,0.14909638554216864,0.6827353045846292,0.5872105917364239,0.0955247128482053,0.4095744680851064,0.1931216931216931,0.21645277496341328,0.46107784431137727,0.437125748502994,0.023952095808383256,0.43380281690140843,0.26788990825688075,0.16591290864452768,0.802286899070077,0.6544585248108434,0.14782837425923356,0.3884203679084427,0.23725928884458003,0.15116107906386267
Random Forest,volatility,1.0,10,14060476145142116815,0.8524096385542169,0.8019578313253012,0.050451807228915735,0.6336216455976935,0.6201473022946355,0.013474343303057967,0.3986013986013986,0.28378378378378377,0.11481761481761482,0.3413173652694611,0.3772455089820359,-0.0359281437125748,0.36774193548387096,0.32390745501285345,0.04383448047101751,0.7735124067111256,0.6884061334694951,0.08510627324163056,0.3864464632234789,0.2994935753380584,0.0869528878854205
Logistic Regression,volatility,1.0,11,958762019535645631,0.848644578313253,0.7063253012048193,0.14231927710843373,0.6827353045846292,0.6577336283505341,0.025001676234095105,0.4095744680851064,0.23515439429928742,0.17442007378581897,0.46107784431137727,0.592814371257485,-0.13173652694610777,0.43380281690140843,0.336734693877551,0.09706812302385742,0.802286899070077,0.7191817914558479,0.08310510761422907,0.3884203679084427,0.2889261654071494,0.09949420250129332
Random Forest,volatility,1.0,11,958762019535645631,0.8524096385542169,0.8072289156626506,0.04518072289156627,0.6336216455976935,0.664175524919154,-0.030553879321460475,0.3986013986013986,0.31983805668016196,0.07876334192123663,0.3413173652694611,0.47305389221556887,-0.13173652694610777,0.36774193548387096,0.38164251207729466,-0.013900576593423697,0.7735124067111256,0.7346392486345139,0.038873158076611736,0.3864464632234789,0.35950848388848605,0.026937979334992868
Logistic Regression,volatility,1.0,12,10562131318708636957,0.848644578313253,0.6814759036144579,0.16716867469879515,0.6827353045846292,0.5896914181971973,0.09304388638743188,0.4095744680851064,0.18932038834951456,0.22025407973559183,0.46107784431137727,0.46706586826347307,-0.0059880239520958,0.43380281690140843,0.2694300518134715,0.1643727650879369,0.802286899070077,0.6461959801327578,0.1560909189373192,0.3884203679084427,0.21996142561466614,0.16845894229377656
Random Forest,volatility,1.0,12,10562131318708636957,0.8524096385542169,0.8094879518072289,0.04292168674698804,0.6336216455976935,0.6347073295269925,-0.001085683929298975,0.3986013986013986,0.30454545454545456,0.09405594405594403,0.3413173652694611,0.40119760479041916,-0.059880239520958056,0.36774193548387096,0.3462532299741602,0.02148870550971077,0.7735124067111256,0.7091140715984052,0.06439833511272042,0.3864464632234789,0.29898161881803836,0.08746484440544056
Logistic Regression,volatility,1.0,13,2340577889647848734,0.848644578313253,0.6935240963855421,0.15512048192771088,0.6827353045846292,0.6017087272483457,0.08102657733628349,0.4095744680851064,0.2,0.20957446808510638,0.46107784431137727,0.47904191616766467,-0.0179640718562874,0.43380281690140843,0.2821869488536155,0.15161586804779292,0.802286899070077,0.6402904784745753,0.16199642059550168,0.3884203679084427,0.23064280078821156,0.15777756712023114
Random Forest,volatility,1.0,13,2340577889647848734,0.8524096385542169,0.8102409638554217,0.04216867469879526,0.6336216455976935,0.6505180852764755,-0.01689643967878196,0.3986013986013986,0.31601731601731603,0.08258408258408256,0.3413173652694611,0.437125748502994,-0.09580838323353291,0.36774193548387096,0.36683417085427134,0.0009077646295996278,0.7735124067111256,0.7015117052716273,0.07200070143949833,0.3864464632234789,0.31003553168767417,0.07641093153580475
Logistic Regression,volatility,1.0,14,6585564213555696139,0.848644578313253,0.6942771084337349,0.1543674698795181,0.6827353045846292,0.5867592979415845,0.09597600664304462,0.4095744680851064,0.19121447028423771,0.21835999780086868,0.46107784431137727,0.4431137724550898,0.017964071856287456,0.43380281690140843,0.26714801444043323,0.1666548024609752,0.802286899070077,0.6444217508136183,0.1578651482564587,0.3884203679084427,0.2164881444685686,0.1719322234398741
Random Forest,volatility,1.0,14,6585564213555696139,0.8524096385542169,0.7989457831325302,0.053463855421686746,0.6336216455976935,0.6261146956732531,0.007506949924440454,0.3986013986013986,0.28448275862068967,0.11411863998070892,0.3413173652694611,0.39520958083832336,-0.053892215568862256,0.36774193548387096,0.3308270676691729,0.03691486781469805,0.7735124067111256,0.6843831716412138,0.08912923506991188,0.3864464632234789,0.2757135566176304,0.1107329066058485
Logistic Regression,volatility,1.0,15,5780611730129292810,0.848644578313253,0.6875,0.16114457831325302,0.6827353045846292,0.5905733752133975,0.09216192937123169,0.4095744680851064,0.19154228855721392,0.21803217952789247,0.46107784431137727,0.46107784431137727,0.0,0.43380281690140843,0.27065026362038663,0.1631525532810218,0.802286899070077,0.6520911665042008,0.15019573256587615,0.3884203679084427,0.22323847453376588,0.1651818933746768
Random Forest,volatility,1.0,15,5780611730129292810,0.8524096385542169,0.7974397590361446,0.05496987951807231,0.6336216455976935,0.6278167179852182,0.005804927612475308,0.3986013986013986,0.2838983050847458,0.11470309351665281,0.3413173652694611,0.40119760479041916,-0.059880239520958056,0.36774193548387096,0.3325062034739454,0.03523573200992558,0.7735124067111256,0.715354820075611,0.058157586635514624,0.3864464632234789,0.30981032565788885,0.07663613756559007
Logistic Regression,volatility,1.0,16,2589245576207030076,0.848644578313253,0.6807228915662651,0.16792168674698793,0.6827353045846292,0.5764440112024014,0.10629129338222776,0.4095744680851064,0.18114143920595532,0.22843302887915107,0.46107784431137727,0.437125748502994,0.023952095808383256,0.43380281690140843,0.256140350877193,0.17766246602421543,0.802286899070077,0.631795839844858,0.170491059225219,0.3884203679084427,0.25007959788623146,0.13834077002221123
Random Forest,volatility,1.0,16,2589245576207030076,0.8524096385542169,0.7944277108433735,0.05798192771084343,0.6336216455976935,0.6235307163450876,0.010090929252605907,0.3986013986013986,0.2773109243697479,0.12129047423165068,0.3413173652694611,0.39520958083832336,-0.053892215568862256,0.36774193548387096,0.32592592592592595,0.04181600955794501,0.7735124067111256,0.6813659502700027,0.09214645644112296,0.3864464632234789,0.32321179817692686,0.06323466504655206
Logistic Regression,volatility,1.0,17,5473413421647656817,0.848644578313253,0.6980421686746988,0.1506024096385542,0.6827353045846292,0.606856055331198,0.07587924925343115,0.4095744680851064,0.20454545454545456,0.20502901353965183,0.46107784431137727,0.48502994011976047,-0.0239520958083832,0.43380281690140843,0.2877442273534636,0.14605858954794482,0.802286899070077,0.658099821029775,0.14418707804030195,0.3884203679084427,0.2273708157225462,0.1610495521858965
Random Forest,volatility,1.0,17,5473413421647656817,0.8524096385542169,0.8004518072289156,0.051957831325301296,0.6336216455976935,0.6500461609081578,-0.016424515310464294,0.3986013986013986,0.3024193548387097,0.0961820437626889,0.3413173652694611,0.4491017964071856,-0.10778443113772451,0.36774193548387096,0.3614457831325301,0.006296152351340845,0.7735124067111256,0.7016715922160845,0.0718408144950411,0.3864464632234789,0.30461808166972376,0.08182838155375516
Logistic Regression,volatility,1.0,18,15325029701195069484,0.848644578313253,0.6942771084337349,0.1543674698795181,0.6827353045846292,0.6252095292618897,0.0575257753227395,0.4095744680851064,0.21342925659472423,0.19614521149038217,0.46107784431137727,0.5329341317365269,-0.07185628742514966,0.43380281690140843,0.3047945205479452,0.12900829635346323,0.802286899070077,0.6778174916317237,0.12446940743835333,0.3884203679084427,0.21838048313986502,0.17003988476857768
Random Forest,volatility,1.0,18,15325029701195069484,0.8524096385542169,0.8087349397590361,0.04367469879518082,0.6336216455976935,0.6368400150603186,-0.0032183694626251036,0.3986013986013986,0.30493273542600896,0.09366866317538963,0.3413173652694611,0.40718562874251496,-0.06586826347305386,0.36774193548387096,0.3487179487179487,0.019023986765922263,0.7735124067111256,0.7283056625766555,0.04520674413447012,0.3864464632234789,0.309481061084327,0.07696540213915193
Logistic Regression,volatility,1.0,19,14443770412303613216,0.848644578313253,0.723644578313253,0.125,0.6827353045846292,0.6420053948949647,0.0407299096896645,0.4095744680851064,0.23544973544973544,0.17412473263537095,0.46107784431137727,0.5329341317365269,-0.07185628742514966,0.43380281690140843,0.326605504587156,0.10719731231425245,0.802286899070077,0.7136321671901674,0.08865473187990958,0.3884203679084427,0.2670113562153929,0.1214090116930498
Random Forest,volatility,1.0,19,14443770412303613216,0.8524096385542169,0.8170180722891566,0.03539156626506035,0.6336216455976935,0.6800275418155937,-0.046405896217900144,0.3986013986013986,0.34297520661157027,0.05562619198982832,0.3413173652694611,0.49700598802395207,-0.15568862275449097,0.36774193548387096,0.4058679706601467,-0.03812603517627572,0.7735124067111256,0.7632332234755296,0.010279183235596068,0.3864464632234789,0.346105324856965,0.04034113836651393
Logistic Regression,volatility,1.0,20,3450062767671974845,0.848644578313253,0.6814759036144579,0.16716867469879515,0.6827353045846292,0.5691846281597013,0.11355067642492789,0.4095744680851064,0.17676767676767677,0.23280679131742962,0.46107784431137727,0.41916167664670656,0.04191616766467071,0.43380281690140843,0.24866785079928952,0.1851349661021189,0.802286899070077,0.6514155152227844,0.1508713838472926,0.3884203679084427,0.23841704496204386,0.15000332294639884
Random Forest,volatility,1.0,20,3450062767671974845,0.8524096385542169,0.7951807228915663,0.05722891566265065,0.6336216455976935,0.6239613795664485,0.009660266031245035,0.3986013986013986,0.27848101265822783,0.12012038594317076,0.3413173652694611,0.39520958083832336,-0.053892215568862256,0.36774193548387096,0.32673267326732675,0.04100926221654422,0.7735124067111256,0.6782507336747693,0.09526167303635635,0.3864464632234789,0.306713999128949,0.07973246409452994
Logistic Regression,volatility,1.0,21,7625080171326854539,0.848644578313253,0.6814759036144579,0.16716867469879515,0.6827353045846292,0.6204516032534415,0.06228370133118766,0.4095744680851064,0.20642201834862386,0.20315244973648253,0.46107784431137727,0.5389221556886228,-0.07784431137724551,0.43380281690140843,0.29850746268656714,0.1352953542148413,0.802286899070077,0.6534115232068163,0.14887537586326072,0.3884203679084427,0.24383486167377313,0.14458550623466956
Random Forest,volatility,1.0,21,7625080171326854539,0.8524096385542169,0.7989457831325302,0.053463855421686746,0.6336216455976935,0.6568748807294971,-0.02325323513180355,0.3986013986013986,0.3046875,0.0939138986013986,0.3413173652694611,0.46706586826347307,-0.12574850299401197,0.36774193548387096,0.36879432624113473,-0.0010523907572637659,0.7735124067111256,0.7116516321362443,0.06186077457488137,0.3864464632234789,0.2994496771004138,0.0869967861230651
Logistic Regression,volatility,1.0,22,2251566026812115421,0.848644578313253,0.6875,0.16114457831325302,0.6827353045846292,0.6033901189868325,0.07934518559779669,0.4095744680851064,0.19902912621359223,0.21054534187151416,0.46107784431137727,0.49101796407185627,-0.029940119760479,0.43380281690140843,0.28324697754749567,0.15055583935391276,0.802286899070077,0.6546235693986703,0.14766332967140672,0.3884203679084427,0.2381450831565805,0.1502752847518622
Random Forest,volatility,1.0,22,2251566026812115421,0.8524096385542169,0.8019578313253012,0.050451807228915735,0.6336216455976935,0.6329640460680706,0.0006575995296229653,0.3986013986013986,0.29310344827586204,0.10549795032553655,0.3413173652694611,0.40718562874251496,-0.06586826347305386,0.36774193548387096,0.3408521303258145,0.026889805158056446,0.7735124067111256,0.698989617663897,0.07452278904722864,0.3864464632234789,0.29602681020684385,0.09041965301663507
Logistic Regression,volatility,1.0,23,2985876763765092395,0.848644578313253,0.6724397590361446,0.1762048192771084,0.6827353045846292,0.6075935983330496,0.07514170625157957,0.4095744680851064,0.19683257918552036,0.21274188889958603,0.46107784431137727,0.5209580838323353,-0.059880239520958056,0.43380281690140843,0.2857142857142857,0.14808853118712273,0.802286899070077,0.6538911840401884,0.14839571502988858,0.3884203679084427,0.2260769762541549,0.1623433916542878
Random Forest,volatility,1.0,23,2985876763765092395,0.8524096385542169,0.7868975903614458,0.06551204819277112,0.6336216455976935,0.6320408279049137,0.0015808176927798456,0.3986013986013986,0.2751937984496124,0.1234076001517862,0.3413173652694611,0.4251497005988024,-0.08383233532934131,0.36774193548387096,0.3341176470588235,0.033624288425047444,0.7735124067111256,0.7023420858541316,0.07117032085699404,0.3864464632234789,0.30350026744920916,0.08294619577426976
Logistic Regression,volatility,1.0,24,14417452538504938322,0.848644578313253,0.6875,0.16114457831325302,0.6827353045846292,0.6085168164962065,0.07421848808842268,0.4095744680851064,0.20192307692307693,0.20765139116202946,0.46107784431137727,0.5029940119760479,-0.0419161676646706,0.43380281690140843,0.2881646655231561,0.1456381513782523,0.802286899070077,0.6587393688076044,0.14354753026247258,0.3884203679084427,0.2323291901934268,0.1560911777150159
Random Forest,volatility,1.0,24,14417452538504938322,0.8524096385542169,0.8034638554216867,0.048945783132530174,0.6336216455976935,0.6543321625482884,-0.020710516950594893,0.3986013986013986,0.3089430894308943,0.08965830917050427,0.3413173652694611,0.4550898203592814,-0.11377245508982031,0.36774193548387096,0.36803874092009686,-0.00029680543622589983,0.7735124067111256,0.7226064666532567,0.05090594005786897,0.3864464632234789,0.3353041111177643,0.051142352105714606
Logistic Regression,volatility,1.0,25,14496723224864483837,0.848644578313253,0.6626506024096386,0.18599397590361444,0.6827353045846292,0.5814881864178619,0.10124711816676724,0.4095744680851064,0.17995444191343962,0.22962002617166677,0.46107784431137727,0.47305389221556887,-0.0119760479041916,0.43380281690140843,0.2607260726072607,0.1730767442941477,0.802286899070077,0.641517997596538,0.16076890147353895,0.3884203679084427,0.22058805949840124,0.16783230841004146
Random Forest,volatility,1.0,25,14496723224864483837,0.8524096385542169,0.7884036144578314,0.06400602409638556,0.6336216455976935,0.6277754568382614,0.005846188759432103,0.3986013986013986,0.27380952380952384,0.12479187479187476,0.3413173652694611,0.41317365269461076,-0.07185628742514966,0.36774193548387096,0.32935560859188545,0.03838632689198551,0.7735124067111256,0.707804030182529,0.06570837652859662,0.3864464632234789,0.31520482884174345,0.07124163438173547
Logistic Regression,volatility,1.0,26,8679846853261560387,0.848644578313253,0.6987951807228916,0.14984939759036142,0.6827353045846292,0.599596672288498,0.08313863229613117,0.4095744680851064,0.20051413881748073,0.20906032926762566,0.46107784431137727,0.46706586826347307,-0.0059880239520958,0.43380281690140843,0.2805755395683453,0.15322727733306313,0.802286899070077,0.6749034231279044,0.12738347594217259,0.3884203679084427,0.23974435562506374,0.14867601228337896
Random Forest,volatility,1.0,26,8679846853261560387,0.8524096385542169,0.8125,0.03990963855421692,0.6336216455976935,0.6569367724499322,-0.023315126852238688,0.3986013986013986,0.3232758620689655,0.07532553653243307,0.3413173652694611,0.4491017964071856,-0.10778443113772451,0.36774193548387096,0.37593984962406013,-0.008197914140189166,0.7735124067111256,0.7052561543579506,0.068256252353175,0.3864464632234789,0.3266072359091786,0.0598392273143003
Logistic Regression,volatility,1.0,27,5552129832671839449,0.848644578313253,0.6784638554216867,0.17018072289156627,0.6827353045846292,0.6084755553492498,0.07425974923537937,0.4095744680851064,0.19907407407407407,0.21050039401103232,0.46107784431137727,0.5149700598802395,-0.0538922155688622,0.43380281690140843,0.2871452420701169,0.14665757483129155,0.802286899070077,0.6768891158251972,0.12539778324487982,0.3884203679084427,0.23026806338884803,0.15815230451959467
Random Forest,volatility,1.0,27,5552129832671839449,0.8524096385542169,0.7981927710843374,0.054216867469879526,0.6336216455976935,0.6641342637721972,-0.03051261817450368,0.3986013986013986,0.30798479087452474,0.09061660772687385,0.3413173652694611,0.48502994011976047,-0.14371257485029937,0.36774193548387096,0.3767441860465116,-0.009002250562640646,0.7735124067111256,0.7280684109816542,0.04544399572947144,0.3864464632234789,0.31902080569977626,0.06742565752370266
Logistic Regression,volatility,1.0,28,12347745275853688403,0.848644578313253,0.6927710843373494,0.15587349397590367,0.6827353045846292,0.6474183416113509,0.03531696297327824,0.4095744680851064,0.2242562929061785,0.1853181751789279,0.46107784431137727,0.5868263473053892,-0.1257485029940119,0.43380281690140843,0.32450331125827814,0.10929950564313029,0.802286899070077,0.6824645283077256,0.11982237076235136,0.3884203679084427,0.2558151658444404,0.13260520206400228
Random Forest,volatility,1.0,28,12347745275853688403,0.8524096385542169,0.8072289156626506,0.04518072289156627,0.6336216455976935,0.664175524919154,-0.030553879321460475,0.3986013986013986,0.31983805668016196,0.07876334192123663,0.3413173652694611,0.47305389221556887,-0.13173652694610777,0.36774193548387096,0.38164251207729466,-0.013900576593423697,0.7735124067111256,0.7284913377379607,0.045021068973164935,0.3864464632234789,0.32929275660470386,0.05715370661877506
Logistic Regression,volatility,1.0,29,10841507084908280203,0.848644578313253,0.6980421686746988,0.1506024096385542,0.6827353045846292,0.601729357821824,0.08100594676280515,0.4095744680851064,0.20153061224489796,0.20804385584020843,0.46107784431137727,0.47305389221556887,-0.0119760479041916,0.43380281690140843,0.2826475849731664,0.15115523192824204,0.802286899070077,0.6620196299906647,0.14026726907941234,0.3884203679084427,0.27108240155488106,0.11733796635356164
Random Forest,volatility,1.0,29,10841507084908280203,0.8524096385542169,0.7936746987951807,0.05873493975903621,0.6336216455976935,0.6077199605956046,0.025901685002088892,0.3986013986013986,0.2643171806167401,0.1342842179846585,0.3413173652694611,0.3592814371257485,-0.0179640718562874,0.36774193548387096,0.30456852791878175,0.06317340756508921,0.7735124067111256,0.6898760618298286,0.08363634488129701,0.3864464632234789,0.31076977552384133,0.07567668769963759
Logistic Regression,momentum,0.05,0,3835144853280164966,0.848644578313253,0.8456325301204819,0.003012048192771122,0.6827353045846292,0.6810126516991856,0.0017226528854435985,0.4095744680851064,0.4010416666666667,0.008532801418439706,0.46107784431137727,0.46107784431137727,0.0,0.43380281690140843,0.42896935933147634,0.004833457569932087,0.802286899070077,0.8017298735861611,0.0005570254839158961,0.3884203679084427,0.3894436014309701,-0.0010232335225274225
Random Forest,momentum,0.05,0,3835144853280164966,0.8524096385542169,0.8539156626506024,-0.0015060240963854499,0.6336216455976935,0.6344829720404153,-0.0008613264427217437,0.3986013986013986,0.40425531914893614,-0.00565392054753755,0.3413173652694611,0.3413173652694611,0.0,0.36774193548387096,0.37012987012987014,-0.002387934645999179,0.7735124067111256,0.7769422395519039,-0.0034298328407782464,0.3864464632234789,0.3887614247965037,-0.0023149615730247985
Logistic Regression,momentum,0.05,1,10629734026629757280,0.848644578313253,0.8493975903614458,-0.0007530120481927804,0.6827353045846292,0.6831659678059901,-0.0004306632213609829,0.4095744680851064,0.4117647058823529,-0.0021902377972465303,0.46107784431137727,0.46107784431137727,0.0,0.43380281690140843,0.4350282485875706,-0.0012254316861621817,0.802286899070077,0.8010078035144182,0.001279095555658749,0.3884203679084427,0.3879208946228392,0.0004994732856035133
Random Forest,momentum,0.05,1,10629734026629757280,0.8524096385542169,0.8554216867469879,-0.0030120481927710108,0.6336216455976935,0.6430343447471981,-0.0094126991495046,0.3986013986013986,0.41379310344827586,-0.015191704846877263,0.3413173652694611,0.3592814371257485,-0.0179640718562874,0.36774193548387096,0.38461538461538464,-0.016873449131513674,0.7735124067111256,0.773393780913625,0.00011862579750065994,0.3864464632234789,0.38970535964352904,-0.003258896420050117
Logistic Regression,momentum,0.05,2,3612545513057223623,0.848644578313253,0.848644578313253,0.0,0.6827353045846292,0.6801719558299422,0.0025633487546870004,0.4095744680851064,0.40860215053763443,0.000972317547471957,0.46107784431137727,0.4550898203592814,0.005988023952095856,0.43380281690140843,0.43059490084985835,0.003207916051550075,0.802286899070077,0.8022095344195329,7.736465054408725e-05,0.3884203679084427,0.3901836857095815,-0.0017633178011388084
Random Forest,momentum,0.05,2,3612545513057223623,0.8524096385542169,0.8516566265060241,0.0007530120481927804,0.6336216455976935,0.6331909823763326,0.00043066322136087187,0.3986013986013986,0.3958333333333333,0.0027680652680652784,0.3413173652694611,0.3413173652694611,0.0,0.36774193548387096,0.3665594855305466,0.0011824499533243382,0.7735124067111256,0.7746316153223269,-0.0011192086112012944,0.3864464632234789,0.38726180741700594,-0.0008153441935270234
Logistic Regression,momentum,0.05,3,7064386125352899609,0.848644578313253,0.848644578313253,0.0,0.6827353045846292,0.6801719558299422,0.0025633487546870004,0.4095744680851064,0.40860215053763443,0.000972317547471957,0.46107784431137727,0.4550898203592814,0.005988023952095856,0.43380281690140843,0.43059490084985835,0.003207916051550075,0.802286899070077,0.8023023720001856,-1.547293010861761e-05,0.3884203679084427,0.38980292754711443,-0.001382559638671732
Random Forest,momentum,0.05,3,7064386125352899609,0.8524096385542169,0.8546686746987951,-0.0022590361445782303,0.6336216455976935,0.6374769840164632,-0.003855338418769727,0.3986013986013986,0.4084507042253521,-0.00984930562395353,0.3413173652694611,0.3473053892215569,-0.0059880239520958,0.36774193548387096,0.37540453074433655,-0.007662595260465588,0.7735124067111256,0.7726974990587301,0.0008149076523955578,0.3864464632234789,0.38729599499985834,-0.0008495317763794197
Logistic Regression,momentum,0.05,4,11808581599849588426,0.848644578313253,0.8456325301204819,0.003012048192771122,0.6827353045846292,0.6758859541898116,0.006849350394817599,0.4095744680851064,0.39893617021276595,0.010638297872340441,0.46107784431137727,0.4491017964071856,0.011976047904191656,0.43380281690140843,0.4225352112676056,0.011267605633802802,0.802286899070077,0.8025086777349693,-0.00022177866489225817,0.3884203679084427,0.38874464738942716,-0.00032427948098445736
Random Forest,momentum,0.05,4,11808581599849588426,0.8524096385542169,0.8531626506024096,-0.0007530120481926694,0.6336216455976935,0.6340523088190544,-0.00043066322136087187,0.3986013986013986,0.4014084507042254,-0.002807052102826779,0.3413173652694611,0.3413173652694611,0.0,0.36774193548387096,0.36893203883495146,-0.001190103351080496,0.7735124067111256,0.7734247267738426,8.767993728309165e-05,0.3864464632234789,0.38553022913268586,0.0009162340907930555
Logistic Regression,momentum,0.05,5,7422645914824921273,0.848644578313253,0.8478915662650602,0.0007530120481927804,0.6827353045846292,0.6823046413632683,0.00043066322136087187,0.4095744680851064,0.4074074074074074,0.0021670606776990065,0.46107784431137727,0.46107784431137727,0.0,0.43380281690140843,0.43258426966292135,0.0012185472384870777,0.802286899070077,0.8021889038460546,9.79952240224291e-05,0.3884203679084427,0.3889607200634254,-0.000540352154982715
Random Forest,momentum,0.05,5,7422645914824921273,0.8524096385542169,0.8524096385542169,0.0,0.6336216455976935,0.6336216455976935,0.0,0.3986013986013986,0.3986013986013986,0.0,0.3413173652694611,0.3413173652694611,0.0,0.36774193548387096,0.36774193548387096,0.0,0.7735124067111256,0.7725891885479687,0.0009232181631569913,0.3864464632234789,0.3871008401176406,-0.0006543768941617012
Logistic Regression,momentum,0.05,6,3063775207668334774,0.848644578313253,0.8463855421686747,0.0022590361445783413,0.6827353045846292,0.6788799661658594,0.003855338418769727,0.4095744680851064,0.4021164021164021,0.007458065968704297,0.46107784431137727,0.4550898203592814,0.005988023952095856,0.43380281690140843,0.42696629213483145,0.006836524766576979,0.802286899070077,0.8017711347331178,0.0005157643369592124,0.3884203679084427,0.38794266231217917,0.0004777055962635335
Random Forest,momentum,0.05,6,3063775207668334774,0.8524096385542169,0.8531626506024096,-0.0007530120481926694,0.6336216455976935,0.6366156575737414,-0.0029940119760478723,0.3986013986013986,0.4027777777777778,-0.004176379176379197,0.3413173652694611,0.3473053892215569,-0.0059880239520958,0.36774193548387096,0.3729903536977492,-0.005248418213878225,0.7735124067111256,0.7727284449189475,0.0007839617921781006,0.3864464632234789,0.38975935448217247,-0.003312891258693551
Logistic Regression,momentum,0.05,7,16222757197391765465,0.848644578313253,0.8478915662650602,0.0007530120481927804,0.6827353045846292,0.6823046413632683,0.00043066322136087187,0.4095744680851064,0.4074074074074074,0.0021670606776990065,0.46107784431137727,0.46107784431137727,0.0,0.43380281690140843,0.43258426966292135,0.0012185472384870777,0.802286899070077,0.803282324240408,-0.0009954251703310213,0.3884203679084427,0.3893024125452862,-0.0008820446368434931
Random Forest,momentum,0.05,7,16222757197391765465,0.8524096385542169,0.8524096385542169,0.0,0.6336216455976935,0.6361849943523805,-0.0025633487546870004,0.3986013986013986,0.4,-0.001398601398601429,0.3413173652694611,0.3473053892215569,-0.0059880239520958,0.36774193548387096,0.3717948717948718,-0.004052936311000843,0.7735124067111256,0.7743118414334123,-0.0007994347222866072,0.3864464632234789,0.38623236443113407,0.0002140987923448523
Logistic Regression,momentum,0.05,8,10784480145121598127,0.848644578313253,0.8471385542168675,0.001506024096385561,0.6827353045846292,0.6844373268965944,-0.0017020223119652567,0.4095744680851064,0.40625,0.0033244680851063912,0.46107784431137727,0.46706586826347307,-0.0059880239520958,0.43380281690140843,0.43454038997214484,-0.0007375730707364081,0.802286899070077,0.8016473512922475,0.0006395477778294856,0.3884203679084427,0.38816433729040284,0.0002560306180398597
Random Forest,momentum,0.05,8,10784480145121598127,0.8524096385542169,0.8554216867469879,-0.0030120481927710108,0.6336216455976935,0.6353442984831371,-0.0017226528854435985,0.3986013986013986,0.41007194244604317,-0.011470543844644576,0.3413173652694611,0.3413173652694611,0.0,0.36774193548387096,0.37254901960784315,-0.004807084123972183,0.7735124067111256,0.7736671360122134,-0.00015472930108773042,0.3864464632234789,0.38888921911237223,-0.002442755888893311
Logistic Regression,momentum,0.05,9,393593817820085090,0.848644578313253,0.8441265060240963,0.004518072289156683,0.6827353045846292,0.6750246277470897,0.007710676837539454,0.4095744680851064,0.39473684210526316,0.014837625979843228,0.46107784431137727,0.4491017964071856,0.011976047904191656,0.43380281690140843,0.42016806722689076,0.013634749674517666,0.802286899070077,0.8019568098944229,0.00033008917565413576,0.3884203679084427,0.38647786025646913,0.0019425076519735684
Random Forest,momentum,0.05,9,393593817820085090,0.8524096385542169,0.8546686746987951,-0.0022590361445782303,0.6336216455976935,0.6426036815258372,-0.008982035928143728,0.3986013986013986,0.410958904109589,-0.012357505508190425,0.3413173652694611,0.3592814371257485,-0.0179640718562874,0.36774193548387096,0.38338658146964855,-0.015644645985777583,0.7735124067111256,0.7742344767828682,-0.0007220700717425199,0.3864464632234789,0.3893987817196813,-0.0029523184962023663
Logistic Regression,momentum,0.05,10,2776751782912921024,0.848644578313253,0.8478915662650602,0.0007530120481927804,0.6827353045846292,0.6797412926085813,0.0029940119760478723,0.4095744680851064,0.40641711229946526,0.003157355785641136,0.46107784431137727,0.4550898203592814,0.005988023952095856,0.43380281690140843,0.4293785310734463,0.0044242858279621156,0.802286899070077,0.8018330264535529,0.00045387261652407584,0.3884203679084427,0.3894433333629896,-0.001022965454546887
Random Forest,momentum,0.05,10,2776751782912921024,0.8524096385542169,0.8546686746987951,-0.0022590361445782303,0.6336216455976935,0.6374769840164632,-0.003855338418769727,0.3986013986013986,0.4084507042253521,-0.00984930562395353,0.3413173652694611,0.3473053892215569,-0.0059880239520958,0.36774193548387096,0.37540453074433655,-0.007662595260465588,0.7735124067111256,0.7724602474637289,0.0010521592473967667,0.3864464632234789,0.385760893017754,0.0006855702057249058
Logistic Regression,momentum,0.05,11,1202917811364626479,0.848644578313253,0.8493975903614458,-0.0007530120481927804,0.6827353045846292,0.685729316560677,-0.0029940119760478723,0.4095744680851064,0.4126984126984127,-0.0031239446133062843,0.46107784431137727,0.46706586826347307,-0.0059880239520958,0.43380281690140843,0.43820224719101125,-0.004399430289602824,0.802286899070077,0.8027201411131227,-0.000433242043045734,0.3884203679084427,0.3884304888274976,-1.0120919054890098e-05
Random Forest,momentum,0.05,11,1202917811364626479,0.8524096385542169,0.8546686746987951,-0.0022590361445782303,0.6336216455976935,0.6400403327711501,-0.0064186871734566164,0.3986013986013986,0.4097222222222222,-0.011120823620823617,0.3413173652694611,0.3532934131736527,-0.0119760479041916,0.36774193548387096,0.37942122186495175,-0.011679286381080789,0.7735124067111256,0.7731513716752542,0.000361035035871482,0.3864464632234789,0.3879275203965028,-0.0014810571730238808
Logistic Regression,momentum,0.05,12,12244331110222288474,0.848644578313253,0.8471385542168675,0.001506024096385561,0.6827353045846292,0.6767472806325334,0.0059880239520957446,0.4095744680851064,0.4032258064516129,0.006348661633493513,0.46107784431137727,0.4491017964071856,0.011976047904191656,0.43380281690140843,0.42492917847025496,0.008873638431153463,0.802286899070077,0.8018175535234441,0.0004693455466329155,0.3884203679084427,0.38649793716138625,0.0019224307470564472
Random Forest,momentum,0.05,12,12244331110222288474,0.8524096385542169,0.8554216867469879,-0.0030120481927710108,0.6336216455976935,0.6404709959925111,-0.006849350394817599,0.3986013986013986,0.4125874125874126,-0.013986013986014012,0.3413173652694611,0.3532934131736527,-0.0119760479041916,0.36774193548387096,0.38064516129032255,-0.01290322580645159,0.7735124067111256,0.7747553987631972,-0.0012429920520715676,0.3864464632234789,0.3874539304843946,-0.001007467260915662
Logistic Regression,momentum,0.05,13,7249552455422113174,0.848644578313253,0.8471385542168675,0.001506024096385561,0.6827353045846292,0.6818739781419074,0.0008613264427217437,0.4095744680851064,0.4052631578947368,0.004311310190369566,0.46107784431137727,0.46107784431137727,0.0,0.43380281690140843,0.43137254901960786,0.002430267881800563,0.802286899070077,0.8019155487474663,0.00037135032261070844,0.3884203679084427,0.3882602648450092,0.00016010306343350322
Random Forest,momentum,0.05,13,7249552455422113174,0.8524096385542169,0.8531626506024096,-0.0007530120481926694,0.6336216455976935,0.6366156575737414,-0.0029940119760478723,0.3986013986013986,0.4027777777777778,-0.004176379176379197,0.3413173652694611,0.3473053892215569,-0.0059880239520958,0.36774193548387096,0.3729903536977492,-0.005248418213878225,0.7735124067111256,0.774100378055259,-0.0005879713441333534,0.3864464632234789,0.38761398562894417,-0.0011675224054652489
Logistic Regression,momentum,0.05,14,4392484007154904555,0.848644578313253,0.8493975903614458,-0.0007530120481927804,0.6827353045846292,0.6831659678059901,-0.0004306632213609829,0.4095744680851064,0.4117647058823529,-0.0021902377972465303,0.46107784431137727,0.46107784431137727,0.0,0.43380281690140843,0.4350282485875706,-0.0012254316861621817,0.802286899070077,0.8025035200915996,-0.00021662102152264495,0.3884203679084427,0.3886324871301133,-0.0002121192216705814
Random Forest,momentum,0.05,14,4392484007154904555,0.8524096385542169,0.8554216867469879,-0.0030120481927710108,0.6336216455976935,0.6404709959925111,-0.006849350394817599,0.3986013986013986,0.4125874125874126,-0.013986013986014012,0.3413173652694611,0.3532934131736527,-0.0119760479041916,0.36774193548387096,0.38064516129032255,-0.01290322580645159,0.7735124067111256,0.7738270229566706,-0.00031461624554496304,0.3864464632234789,0.3893339708821602,-0.0028875076586812876
Logistic Regression,momentum,0.05,15,1896096270469370754,0.848644578313253,0.848644578313253,0.0,0.6827353045846292,0.6852986533393162,-0.0025633487546870004,0.4095744680851064,0.4105263157894737,-0.0009518477043672924,0.46107784431137727,0.46706586826347307,-0.0059880239520958,0.43380281690140843,0.4369747899159664,-0.0031719730145579605,0.802286899070077,0.8016473512922476,0.0006395477778293746,0.3884203679084427,0.38868658801660494,-0.0002662201081622406
Random Forest,momentum,0.05,15,1896096270469370754,0.8524096385542169,0.8539156626506024,-0.0015060240963854499,0.6336216455976935,0.6370463207951023,-0.003424675197408744,0.3986013986013986,0.40559440559440557,-0.006993006993006978,0.3413173652694611,0.3473053892215569,-0.0059880239520958,0.36774193548387096,0.3741935483870968,-0.006451612903225823,0.7735124067111256,0.7730636917379712,0.0004487149731544626,0.3864464632234789,0.3884256722414314,-0.0019792090179524546
Logistic Regression,momentum,0.05,16,13918353749508207399,0.848644578313253,0.848644578313253,0.0,0.6827353045846292,0.6827353045846292,0.0,0.4095744680851064,0.4095744680851064,0.0,0.46107784431137727,0.46107784431137727,0.0,0.43380281690140843,0.43380281690140843,0.0,0.802286899070077,0.802018701614858,0.0002681974552189992,0.3884203679084427,0.38881262022393015,-0.0003922523154874513
Random Forest,momentum,0.05,16,13918353749508207399,0.8524096385542169,0.8501506024096386,0.0022590361445783413,0.6336216455976935,0.6323296559336109,0.0012919896640826156,0.3986013986013986,0.3904109589041096,0.008190439697288998,0.3413173652694611,0.3413173652694611,0.0,0.36774193548387096,0.36421725239616615,0.0035246830877048163,0.7735124067111256,0.7737960770964531,-0.00028367038532750577,0.3864464632234789,0.38793708995277404,-0.0014906267292951192
Logistic Regression,momentum,0.05,17,11724599956344079739,0.848644578313253,0.8478915662650602,0.0007530120481927804,0.6827353045846292,0.6823046413632683,0.00043066322136087187,0.4095744680851064,0.4074074074074074,0.0021670606776990065,0.46107784431137727,0.46107784431137727,0.0,0.43380281690140843,0.43258426966292135,0.0012185472384870777,0.802286899070077,0.8015803019284428,0.0007065971416342354,0.3884203679084427,0.38838722698035216,3.3140928090535926e-05
Random Forest,momentum,0.05,17,11724599956344079739,0.8524096385542169,0.8546686746987951,-0.0022590361445782303,0.6336216455976935,0.6374769840164632,-0.003855338418769727,0.3986013986013986,0.4084507042253521,-0.00984930562395353,0.3413173652694611,0.3473053892215569,-0.0059880239520958,0.36774193548387096,0.37540453074433655,-0.007662595260465588,0.7735124067111256,0.7737857618097138,-0.0002733550985881683,0.3864464632234789,0.38857866636163063,-0.0021322031381517115
Logistic Regression,momentum,0.05,18,10319321334558063800,0.848644578313253,0.8478915662650602,0.0007530120481927804,0.6827353045846292,0.6771779438538943,0.005557360730734873,0.4095744680851064,0.40540540540540543,0.004169062679700963,0.46107784431137727,0.4491017964071856,0.011976047904191656,0.43380281690140843,0.42613636363636365,0.007666453265044781,0.802286899070077,0.8022456379231201,4.126114695690575e-05,0.3884203679084427,0.38926285733685745,-0.0008424894284147499
Random Forest,momentum,0.05,18,10319321334558063800,0.8524096385542169,0.8531626506024096,-0.0007530120481926694,0.6336216455976935,0.6340523088190544,-0.00043066322136087187,0.3986013986013986,0.4014084507042254,-0.002807052102826779,0.3413173652694611,0.3413173652694611,0.0,0.36774193548387096,0.36893203883495146,-0.001190103351080496,0.7735124067111256,0.7752660054567867,-0.0017535987456610558,0.3864464632234789,0.38836295083241396,-0.0019164876089350358
Logistic Regression,momentum,0.05,19,6073452518434934880,0.848644578313253,0.8478915662650602,0.0007530120481927804,0.6827353045846292,0.6823046413632683,0.00043066322136087187,0.4095744680851064,0.4074074074074074,0.0021670606776990065,0.46107784431137727,0.46107784431137727,0.0,0.43380281690140843,0.43258426966292135,0.0012185472384870777,0.802286899070077,0.8037671427171497,-0.0014802436470726654,0.3884203679084427,0.38934026567307817,-0.0009198977646354689
Random Forest,momentum,0.05,19,6073452518434934880,0.8524096385542169,0.8539156626506024,-0.0015060240963854499,0.6336216455976935,0.6344829720404153,-0.0008613264427217437,0.3986013986013986,0.40425531914893614,-0.00565392054753755,0.3413173652694611,0.3413173652694611,0.0,0.36774193548387096,0.37012987012987014,-0.002387934645999179,0.7735124067111256,0.7720940547844879,0.001418351926637751,0.3864464632234789,0.38640717617164017,3.928705183875447e-05
Logistic Regression,momentum,0.05,20,4245393262429919246,0.848644578313253,0.8448795180722891,0.0037650602409639022,0.6827353045846292,0.6831453372325118,-0.00041003264788264104,0.4095744680851064,0.4,0.009574468085106369,0.46107784431137727,0.46706586826347307,-0.0059880239520958,0.43380281690140843,0.430939226519337,0.0028635903820714015,0.802286899070077,0.8025344659518172,-0.00024756688174021324,0.3884203679084427,0.38833284554887637,8.75223595663277e-05
Random Forest,momentum,0.05,20,4245393262429919246,0.8524096385542169,0.8539156626506024,-0.0015060240963854499,0.6336216455976935,0.6344829720404153,-0.0008613264427217437,0.3986013986013986,0.40425531914893614,-0.00565392054753755,0.3413173652694611,0.3413173652694611,0.0,0.36774193548387096,0.37012987012987014,-0.002387934645999179,0.7735124067111256,0.7736310325086261,-0.00011862579750043789,0.3864464632234789,0.38758467647982364,-0.0011382132563447223
Logistic Regression,momentum,0.05,21,12455658908936825366,0.848644578313253,0.8456325301204819,0.003012048192771122,0.6827353045846292,0.6784493029444986,0.004286001640130599,0.4095744680851064,0.4,0.009574468085106369,0.46107784431137727,0.4550898203592814,0.005988023952095856,0.43380281690140843,0.4257703081232493,0.008032508778159142,0.802286899070077,0.8017195582994219,0.0005673407706551226,0.3884203679084427,0.38999123862971025,-0.0015708707212675477
Random Forest,momentum,0.05,21,12455658908936825366,0.8524096385542169,0.8539156626506024,-0.0015060240963854499,0.6336216455976935,0.6370463207951023,-0.003424675197408744,0.3986013986013986,0.40559440559440557,-0.006993006993006978,0.3413173652694611,0.3473053892215569,-0.0059880239520958,0.36774193548387096,0.3741935483870968,-0.006451612903225823,0.7735124067111256,0.7744923589513479,-0.0009799522402222927,0.3864464632234789,0.38765737929582705,-0.0012109160723481338
Logistic Regression,momentum,0.05,22,8120934040899103707,0.848644578313253,0.8463855421686747,0.0022590361445783413,0.6827353045846292,0.6788799661658594,0.003855338418769727,0.4095744680851064,0.4021164021164021,0.007458065968704297,0.46107784431137727,0.4550898203592814,0.005988023952095856,0.43380281690140843,0.42696629213483145,0.006836524766576979,0.802286899070077,0.8013739961936592,0.0009129028764177649,0.3884203679084427,0.38887600544879974,-0.0004556375403570456
Random Forest,momentum,0.05,22,8120934040899103707,0.8524096385542169,0.8524096385542169,0.0,0.6336216455976935,0.6361849943523805,-0.0025633487546870004,0.3986013986013986,0.4,-0.001398601398601429,0.3413173652694611,0.3473053892215569,-0.0059880239520958,0.36774193548387096,0.3717948717948718,-0.004052936311000843,0.7735124067111256,0.7731513716752543,0.000361035035871371,0.3864464632234789,0.3856151577593111,0.0008313054641678197
Logistic Regression,momentum,0.05,23,2233814362583402362,0.848644578313253,0.848644578313253,0.0,0.6827353045846292,0.6827353045846292,0.0,0.4095744680851064,0.4095744680851064,0.0,0.46107784431137727,0.46107784431137727,0.0,0.43380281690140843,0.43380281690140843,0.0,0.802286899070077,0.801755661803009,0.0005312372670680521,0.3884203679084427,0.3881304212490637,0.00028994665937898123
Random Forest,momentum,0.05,23,2233814362583402362,0.8524096385542169,0.8531626506024096,-0.0007530120481926694,0.6336216455976935,0.6366156575737414,-0.0029940119760478723,0.3986013986013986,0.4027777777777778,-0.004176379176379197,0.3413173652694611,0.3473053892215569,-0.0059880239520958,0.36774193548387096,0.3729903536977492,-0.005248418213878225,0.7735124067111256,0.7731462140318847,0.0003661926792409842,0.3864464632234789,0.38700362740478855,-0.0005571641813096329
Logistic Regression,momentum,0.05,24,7747364948859113160,0.848644578313253,0.8493975903614458,-0.0007530120481927804,0.6827353045846292,0.6831659678059901,-0.0004306632213609829,0.4095744680851064,0.4117647058823529,-0.0021902377972465303,0.46107784431137727,0.46107784431137727,0.0,0.43380281690140843,0.4350282485875706,-0.0012254316861621817,0.802286899070077,0.802018701614858,0.0002681974552189992,0.3884203679084427,0.38751975536065275,0.0009006125477899474
Random Forest,momentum,0.05,24,7747364948859113160,0.8524096385542169,0.8501506024096386,0.0022590361445783413,0.6336216455976935,0.6323296559336109,0.0012919896640826156,0.3986013986013986,0.3904109589041096,0.008190439697288998,0.3413173652694611,0.3413173652694611,0.0,0.36774193548387096,0.36421725239616615,0.0035246830877048163,0.7735124067111256,0.7728780165766657,0.0006343901344599834,0.3864464632234789,0.38551008586551805,0.0009363773579608714
Logistic Regression,momentum,0.05,25,9699255049681200616,0.848644578313253,0.8471385542168675,0.001506024096385561,0.6827353045846292,0.6767472806325334,0.0059880239520957446,0.4095744680851064,0.4032258064516129,0.006348661633493513,0.46107784431137727,0.4491017964071856,0.011976047904191656,0.43380281690140843,0.42492917847025496,0.008873638431153463,0.802286899070077,0.8020754356919237,0.00021146337815325378,0.3884203679084427,0.3879417552535333,0.00047861265490939386
Random Forest,momentum,0.05,25,9699255049681200616,0.8524096385542169,0.8531626506024096,-0.0007530120481926694,0.6336216455976935,0.6366156575737414,-0.0029940119760478723,0.3986013986013986,0.4027777777777778,-0.004176379176379197,0.3413173652694611,0.3473053892215569,-0.0059880239520958,0.36774193548387096,0.3729903536977492,-0.005248418213878225,0.7735124067111256,0.7748740245606978,-0.0013616178495721165,0.3864464632234789,0.3884550584519489,-0.002008595228469967
Logistic Regression,momentum,0.05,26,12178041804787842774,0.848644578313253,0.8463855421686747,0.0022590361445783413,0.6827353045846292,0.6763166174111725,0.0064186871734566164,0.4095744680851064,0.40106951871657753,0.008504949368528858,0.46107784431137727,0.4491017964071856,0.011976047904191656,0.43380281690140843,0.423728813559322,0.010074003342086413,0.802286899070077,0.8018536570270312,0.000433242043045845,0.3884203679084427,0.38882424586984377,-0.0004038779614010668
Random Forest,momentum,0.05,26,12178041804787842774,0.8524096385542169,0.8531626506024096,-0.0007530120481926694,0.6336216455976935,0.6391790063284284,-0.005557360730734873,0.3986013986013986,0.4041095890410959,-0.0055081904396973025,0.3413173652694611,0.3532934131736527,-0.0119760479041916,0.36774193548387096,0.3769968051118211,-0.009254869627950135,0.7735124067111256,0.7742808955731948,-0.0007684888620691499,0.3864464632234789,0.38672319972344404,-0.0002767364999651245
Logistic Regression,momentum,0.05,27,650000912849168693,0.848644578313253,0.8471385542168675,0.001506024096385561,0.6827353045846292,0.6818739781419074,0.0008613264427217437,0.4095744680851064,0.4052631578947368,0.004311310190369566,0.46107784431137727,0.46107784431137727,0.0,0.43380281690140843,0.43137254901960786,0.002430267881800563,0.802286899070077,0.8016318783621388,0.0006550207079382142,0.3884203679084427,0.3881897860597009,0.00023058184874180654
Random Forest,momentum,0.05,27,650000912849168693,0.8524096385542169,0.8524096385542169,0.0,0.6336216455976935,0.6361849943523805,-0.0025633487546870004,0.3986013986013986,0.4,-0.001398601398601429,0.3413173652694611,0.3473053892215569,-0.0059880239520958,0.36774193548387096,0.3717948717948718,-0.004052936311000843,0.7735124067111256,0.7737806041663444,-0.00026819745521877714,0.3864464632234789,0.38677497697490404,-0.00032851375142511907
Logistic Regression,momentum,0.05,28,8894082783001271691,0.848644578313253,0.8471385542168675,0.001506024096385561,0.6827353045846292,0.6793106293872204,0.003424675197408744,0.4095744680851064,0.40425531914893614,0.005319148936170248,0.46107784431137727,0.4550898203592814,0.005988023952095856,0.43380281690140843,0.428169014084507,0.005633802816901401,0.802286899070077,0.8012811586130065,0.0010057404570704698,0.3884203679084427,0.38840152655657917,1.8841351863529976e-05
Random Forest,momentum,0.05,28,8894082783001271691,0.8524096385542169,0.8539156626506024,-0.0015060240963854499,0.6336216455976935,0.6370463207951023,-0.003424675197408744,0.3986013986013986,0.40559440559440557,-0.006993006993006978,0.3413173652694611,0.3473053892215569,-0.0059880239520958,0.36774193548387096,0.3741935483870968,-0.006451612903225823,0.7735124067111256,0.7763439529210313,-0.0028315462099056665,0.3864464632234789,0.3879054317609686,-0.0014589685374896688
Logistic Regression,momentum,0.05,29,11939620492749302790,0.848644578313253,0.8463855421686747,0.0022590361445783413,0.6827353045846292,0.6788799661658594,0.003855338418769727,0.4095744680851064,0.4021164021164021,0.007458065968704297,0.46107784431137727,0.4550898203592814,0.005988023952095856,0.43380281690140843,0.42696629213483145,0.006836524766576979,0.802286899070077,0.8025808847421436,-0.0002939856720666212,0.3884203679084427,0.38846327677223425,-4.290886379154646e-05
Random Forest,momentum,0.05,29,11939620492749302790,0.8524096385542169,0.8524096385542169,0.0,0.6336216455976935,0.6336216455976935,0.0,0.3986013986013986,0.3986013986013986,0.0,0.3413173652694611,0.3413173652694611,0.0,0.36774193548387096,0.36774193548387096,0.0,0.7735124067111256,0.7744253095875434,-0.0009129028764177649,0.3864464632234789,0.3866607659491256,-0.00021430272564665342
Logistic Regression,momentum,0.1,0,6286466219712332693,0.848644578313253,0.8463855421686747,0.0022590361445783413,0.6827353045846292,0.6814433149205466,0.0012919896640826156,0.4095744680851064,0.4031413612565445,0.0064331068285619075,0.46107784431137727,0.46107784431137727,0.0,0.43380281690140843,0.4301675977653631,0.003635219136045309,0.802286899070077,0.800961384724092,0.001325514345985046,0.3884203679084427,0.390486228783431,-0.002065860874988279
Random Forest,momentum,0.1,0,6286466219712332693,0.8524096385542169,0.8539156626506024,-0.0015060240963854499,0.6336216455976935,0.6319196232857283,0.0017020223119652567,0.3986013986013986,0.4028776978417266,-0.004276299240328019,0.3413173652694611,0.33532934131736525,0.005988023952095856,0.36774193548387096,0.3660130718954248,0.00172886358844615,0.7735124067111256,0.7798511504123535,-0.006338743701227889,0.3864464632234789,0.3913097021542589,-0.004863238930780001
Logistic Regression,momentum,0.1,1,4645384824351006037,0.848644578313253,0.8493975903614458,-0.0007530120481927804,0.6827353045846292,0.6831659678059901,-0.0004306632213609829,0.4095744680851064,0.4117647058823529,-0.0021902377972465303,0.46107784431137727,0.46107784431137727,0.0,0.43380281690140843,0.4350282485875706,-0.0012254316861621817,0.802286899070077,0.7993264117759313,0.002960487294145664,0.3884203679084427,0.388799912026695,-0.00037954411825230627
Random Forest,momentum,0.1,1,4645384824351006037,0.8524096385542169,0.858433734939759,-0.0060240963855421326,0.6336216455976935,0.6498836951420157,-0.0162620495443222,0.3986013986013986,0.42758620689655175,-0.028984808295153153,0.3413173652694611,0.3712574850299401,-0.029940119760479,0.36774193548387096,0.3974358974358974,-0.02969396195202645,0.7735124067111256,0.7753175818904826,-0.001805175179356966,0.3864464632234789,0.39144323807042036,-0.004996774846941443
Logistic Regression,momentum,0.1,2,12938548771315518590,0.848644578313253,0.8471385542168675,0.001506024096385561,0.6827353045846292,0.6793106293872204,0.003424675197408744,0.4095744680851064,0.40425531914893614,0.005319148936170248,0.46107784431137727,0.4550898203592814,0.005988023952095856,0.43380281690140843,0.428169014084507,0.005633802816901401,0.802286899070077,0.8017866076632266,0.0005002914068503728,0.3884203679084427,0.3910469239520106,-0.002626556043567929
Random Forest,momentum,0.1,2,12938548771315518590,0.8524096385542169,0.8576807228915663,-0.005271084337349352,0.6336216455976935,0.6417629856565938,-0.008141340058900326,0.3986013986013986,0.42142857142857143,-0.022827172827172837,0.3413173652694611,0.3532934131736527,-0.0119760479041916,0.36774193548387096,0.38436482084690554,-0.01662288536303458,0.7735124067111256,0.7704436089062185,0.0030687978049070974,0.3864464632234789,0.38484150443240883,0.001604958791070088
Logistic Regression,momentum,0.1,3,4981773134514497017,0.848644578313253,0.8471385542168675,0.001506024096385561,0.6827353045846292,0.6767472806325334,0.0059880239520957446,0.4095744680851064,0.4032258064516129,0.006348661633493513,0.46107784431137727,0.4491017964071856,0.011976047904191656,0.43380281690140843,0.42492917847025496,0.008873638431153463,0.802286899070077,0.8021889038460546,9.79952240224291e-05,0.3884203679084427,0.39043387171770494,-0.0020135038092622404
Random Forest,momentum,0.1,3,4981773134514497017,0.8524096385542169,0.8554216867469879,-0.0030120481927710108,0.6336216455976935,0.6404709959925111,-0.006849350394817599,0.3986013986013986,0.4125874125874126,-0.013986013986014012,0.3413173652694611,0.3532934131736527,-0.0119760479041916,0.36774193548387096,0.38064516129032255,-0.01290322580645159,0.7735124067111256,0.7697731152681717,0.0037392914429539292,0.3864464632234789,0.38688973977827884,-0.0004432765547999207
Logistic Regression,momentum,0.1,4,8822953311080558954,0.848644578313253,0.8456325301204819,0.003012048192771122,0.6827353045846292,0.6733226054351246,0.0094126991495046,0.4095744680851064,0.3978494623655914,0.011725005719515014,0.46107784431137727,0.4431137724550898,0.017964071856287456,0.43380281690140843,0.4192634560906516,0.014539360810756852,0.802286899070077,0.8022301649930115,5.673407706552336e-05,0.3884203679084427,0.3882633763309623,0.00015699157748039205
Random Forest,momentum,0.1,4,8822953311080558954,0.8524096385542169,0.8546686746987951,-0.0022590361445782303,0.6336216455976935,0.6374769840164632,-0.003855338418769727,0.3986013986013986,0.4084507042253521,-0.00984930562395353,0.3413173652694611,0.3473053892215569,-0.0059880239520958,0.36774193548387096,0.37540453074433655,-0.007662595260465588,0.7735124067111256,0.7769835006988607,-0.003471093987735041,0.3864464632234789,0.3910332836070453,-0.004586820383566392
Logistic Regression,momentum,0.1,5,13934574480931139725,0.848644578313253,0.8448795180722891,0.0037650602409639022,0.6827353045846292,0.6780186397231377,0.004716664861491471,0.4095744680851064,0.39790575916230364,0.01166870892280275,0.46107784431137727,0.4550898203592814,0.005988023952095856,0.43380281690140843,0.4245810055865922,0.009221811314816253,0.802286899070077,0.8015854595718125,0.0007014394982645111,0.3884203679084427,0.38836789712161923,5.24707868234664e-05
Random Forest,momentum,0.1,5,13934574480931139725,0.8524096385542169,0.8554216867469879,-0.0030120481927710108,0.6336216455976935,0.6379076472378241,-0.004286001640130599,0.3986013986013986,0.41134751773049644,-0.012746119129097844,0.3413173652694611,0.3473053892215569,-0.0059880239520958,0.36774193548387096,0.37662337662337664,-0.008881441139505675,0.7735124067111256,0.7731565293186238,0.0003558773925018688,0.3864464632234789,0.388478238331955,-0.002031775108476075
Logistic Regression,momentum,0.1,6,4541295449316432107,0.848644578313253,0.8471385542168675,0.001506024096385561,0.6827353045846292,0.6793106293872204,0.003424675197408744,0.4095744680851064,0.40425531914893614,0.005319148936170248,0.46107784431137727,0.4550898203592814,0.005988023952095856,0.43380281690140843,0.428169014084507,0.005633802816901401,0.802286899070077,0.8008479165699608,0.0014389825001162038,0.3884203679084427,0.38784952964598013,0.0005708382624625696
Random Forest,momentum,0.1,6,4541295449316432107,0.8524096385542169,0.8524096385542169,0.0,0.6336216455976935,0.6361849943523805,-0.0025633487546870004,0.3986013986013986,0.4,-0.001398601398601429,0.3413173652694611,0.3473053892215569,-0.0059880239520958,0.36774193548387096,0.3717948717948718,-0.004052936311000843,0.7735124067111256,0.7705983382073063,0.002914068503819367,0.3864464632234789,0.38771295360023716,-0.0012664903767582447
Logistic Regression,momentum,0.1,7,10950038039066931615,0.848644578313253,0.8456325301204819,0.003012048192771122,0.6827353045846292,0.6758859541898116,0.006849350394817599,0.4095744680851064,0.39893617021276595,0.010638297872340441,0.46107784431137727,0.4491017964071856,0.011976047904191656,0.43380281690140843,0.4225352112676056,0.011267605633802802,0.802286899070077,0.8046078385863931,-0.0023209395163160673,0.3884203679084427,0.39080426747167923,-0.0023838995632365356
Random Forest,momentum,0.1,7,10950038039066931615,0.8524096385542169,0.8509036144578314,0.001506024096385561,0.6336216455976935,0.6327603191549718,0.0008613264427217437,0.3986013986013986,0.3931034482758621,0.005497950325536516,0.3413173652694611,0.3413173652694611,0.0,0.36774193548387096,0.36538461538461536,0.0023573200992556,0.7735124067111256,0.7792167602778939,-0.005704353566768239,0.3864464632234789,0.3892253002410079,-0.0027788370175289567
Logistic Regression,momentum,0.1,8,16519920297352851233,0.848644578313253,0.8463855421686747,0.0022590361445783413,0.6827353045846292,0.6840066636752336,-0.0012713590906043848,0.4095744680851064,0.40414507772020725,0.005429390364899145,0.46107784431137727,0.46706586826347307,-0.0059880239520958,0.43380281690140843,0.43333333333333335,0.00046948356807507974,0.802286899070077,0.8011161140251796,0.0011707850448974266,0.3884203679084427,0.38902408415764955,-0.0006037162492068537
Random Forest,momentum,0.1,8,16519920297352851233,0.8524096385542169,0.8569277108433735,-0.004518072289156572,0.6336216455976935,0.6387689736805459,-0.005147328082852343,0.3986013986013986,0.4172661870503597,-0.018664788448961134,0.3413173652694611,0.3473053892215569,-0.0059880239520958,0.36774193548387096,0.3790849673202614,-0.01134303183639046,0.7735124067111256,0.7731358987451454,0.00037650796598021063,0.3864464632234789,0.3904725369207467,-0.004026073697267762
Logistic Regression,momentum,0.1,9,16505410423928170279,0.848644578313253,0.8418674698795181,0.006777108433734913,0.6827353045846292,0.6711692893283201,0.01156601525630907,0.4095744680851064,0.387434554973822,0.02213991311128438,0.46107784431137727,0.4431137724550898,0.017964071856287456,0.43380281690140843,0.4134078212290503,0.02039499567235814,0.802286899070077,0.8014255726273551,0.0008613264427218548,0.3884203679084427,0.3852770453673707,0.0031433225410720245
Random Forest,momentum,0.1,9,16505410423928170279,0.8524096385542169,0.8531626506024096,-0.0007530120481926694,0.6336216455976935,0.6366156575737414,-0.0029940119760478723,0.3986013986013986,0.4027777777777778,-0.004176379176379197,0.3413173652694611,0.3473053892215569,-0.0059880239520958,0.36774193548387096,0.3729903536977492,-0.005248418213878225,0.7735124067111256,0.7761479624729868,-0.0026355557618611414,0.3864464632234789,0.3911307832988527,-0.004684320075373782
Logistic Regression,momentum,0.1,10,5236492151958354006,0.848644578313253,0.8478915662650602,0.0007530120481927804,0.6827353045846292,0.6823046413632683,0.00043066322136087187,0.4095744680851064,0.4074074074074074,0.0021670606776990065,0.46107784431137727,0.46107784431137727,0.0,0.43380281690140843,0.43258426966292135,0.0012185472384870777,0.802286899070077,0.8013172621165937,0.0009696369534832883,0.3884203679084427,0.3909022028067485,-0.002481834898305779
Random Forest,momentum,0.1,10,5236492151958354006,0.8524096385542169,0.8546686746987951,-0.0022590361445782303,0.6336216455976935,0.6349136352617761,-0.0012919896640826156,0.3986013986013986,0.40714285714285714,-0.008541458541458546,0.3413173652694611,0.3413173652694611,0.0,0.36774193548387096,0.3713355048859935,-0.0035935694021225206,0.7735124067111256,0.7705725499904583,0.002939856720667322,0.3864464632234789,0.38558149199315506,0.0008649712303238632
Logistic Regression,momentum,0.1,11,17069934137922318568,0.848644578313253,0.8493975903614458,-0.0007530120481927804,0.6827353045846292,0.685729316560677,-0.0029940119760478723,0.4095744680851064,0.4126984126984127,-0.0031239446133062843,0.46107784431137727,0.46706586826347307,-0.0059880239520958,0.43380281690140843,0.43820224719101125,-0.004399430289602824,0.802286899070077,0.8031172796525812,-0.0008303805825041755,0.3884203679084427,0.38923446726650035,-0.0008140993580576517
Random Forest,momentum,0.1,11,17069934137922318568,0.8524096385542169,0.8561746987951807,-0.003765060240963791,0.6336216455976935,0.643465007968559,-0.009843362370865472,0.3986013986013986,0.4166666666666667,-0.018065268065268092,0.3413173652694611,0.3592814371257485,-0.0179640718562874,0.36774193548387096,0.3858520900321543,-0.018110154548283353,0.7735124067111256,0.7765657315859239,-0.0030533248747982578,0.3864464632234789,0.3891637861605758,-0.0027173229370968666
Logistic Regression,momentum,0.1,12,10240890268296816439,0.848644578313253,0.848644578313253,0.0,0.6827353045846292,0.6776086070752552,0.005126697509374001,0.4095744680851064,0.4076086956521739,0.0019657724329325,0.46107784431137727,0.4491017964071856,0.011976047904191656,0.43380281690140843,0.42735042735042733,0.006452389550981097,0.802286899070077,0.801564828998334,0.000722070071742964,0.3884203679084427,0.38575915309442377,0.0026612148140189307
Random Forest,momentum,0.1,12,10240890268296816439,0.8524096385542169,0.8569277108433735,-0.004518072289156572,0.6336216455976935,0.6438956711899199,-0.010274025592226343,0.3986013986013986,0.4195804195804196,-0.02097902097902099,0.3413173652694611,0.3592814371257485,-0.0179640718562874,0.36774193548387096,0.3870967741935484,-0.019354838709677413,0.7735124067111256,0.7746367729656964,-0.0011243662545707966,0.3864464632234789,0.38612919570658316,0.0003172675168957584
Logistic Regression,momentum,0.1,13,9398292932474792307,0.848644578313253,0.8471385542168675,0.001506024096385561,0.6827353045846292,0.6793106293872204,0.003424675197408744,0.4095744680851064,0.40425531914893614,0.005319148936170248,0.46107784431137727,0.4550898203592814,0.005988023952095856,0.43380281690140843,0.428169014084507,0.005633802816901401,0.802286899070077,0.8019825981112709,0.00030430095880606967,0.3884203679084427,0.388203745108334,0.00021662280010870116
Random Forest,momentum,0.1,13,9398292932474792307,0.8524096385542169,0.8546686746987951,-0.0022590361445782303,0.6336216455976935,0.6374769840164632,-0.003855338418769727,0.3986013986013986,0.4084507042253521,-0.00984930562395353,0.3413173652694611,0.3473053892215569,-0.0059880239520958,0.36774193548387096,0.37540453074433655,-0.007662595260465588,0.7735124067111256,0.7782832268279978,-0.004770820116872132,0.3864464632234789,0.3909056846113942,-0.004459221387915269
Logistic Regression,momentum,0.1,14,14042152750252681627,0.848644578313253,0.8493975903614458,-0.0007530120481927804,0.6827353045846292,0.6831659678059901,-0.0004306632213609829,0.4095744680851064,0.4117647058823529,-0.0021902377972465303,0.46107784431137727,0.46107784431137727,0.0,0.43380281690140843,0.4350282485875706,-0.0012254316861621817,0.802286899070077,0.8029058162744279,-0.0006189172043509217,0.3884203679084427,0.3896520391250415,-0.0012316712165987842
Random Forest,momentum,0.1,14,14042152750252681627,0.8524096385542169,0.8561746987951807,-0.003765060240963791,0.6336216455976935,0.638338310459185,-0.004716664861491471,0.3986013986013986,0.4142857142857143,-0.01568431568431572,0.3413173652694611,0.3473053892215569,-0.0059880239520958,0.36774193548387096,0.3778501628664495,-0.01010822738257855,0.7735124067111256,0.776777194964077,-0.0032647882529514005,0.3864464632234789,0.3901374755771779,-0.0036910123536989525
Logistic Regression,momentum,0.1,15,712820609408868139,0.848644578313253,0.8493975903614458,-0.0007530120481927804,0.6827353045846292,0.6882926653153641,-0.005557360730734984,0.4095744680851064,0.41361256544502617,-0.004038097359919779,0.46107784431137727,0.47305389221556887,-0.0119760479041916,0.43380281690140843,0.441340782122905,-0.007537965221496579,0.802286899070077,0.8010284340878965,0.0012584649821805183,0.3884203679084427,0.38981635185581276,-0.0013959839473700608
Random Forest,momentum,0.1,15,712820609408868139,0.8524096385542169,0.8531626506024096,-0.0007530120481926694,0.6336216455976935,0.6340523088190544,-0.00043066322136087187,0.3986013986013986,0.4014084507042254,-0.002807052102826779,0.3413173652694611,0.3413173652694611,0.0,0.36774193548387096,0.36893203883495146,-0.001190103351080496,0.7735124067111256,0.7756321981360277,-0.00211979142490204,0.3864464632234789,0.3888214978423405,-0.002375034618861571
Logistic Regression,momentum,0.1,16,4358021473762668424,0.848644578313253,0.8478915662650602,0.0007530120481927804,0.6827353045846292,0.6823046413632683,0.00043066322136087187,0.4095744680851064,0.4074074074074074,0.0021670606776990065,0.46107784431137727,0.46107784431137727,0.0,0.43380281690140843,0.43258426966292135,0.0012185472384870777,0.802286899070077,0.8010026458710486,0.0012842531990283623,0.3884203679084427,0.3884932221837731,-7.285427533038069e-05
Random Forest,momentum,0.1,16,4358021473762668424,0.8524096385542169,0.8539156626506024,-0.0015060240963854499,0.6336216455976935,0.6396096695497893,-0.0059880239520957446,0.3986013986013986,0.4068965517241379,-0.008295153122739318,0.3413173652694611,0.3532934131736527,-0.0119760479041916,0.36774193548387096,0.3782051282051282,-0.01046319272125723,0.7735124067111256,0.7753485277507001,-0.0018361210395744232,0.3864464632234789,0.38803486084149225,-0.0015883976180133264
Logistic Regression,momentum,0.1,17,2232523892335645983,0.848644578313253,0.8478915662650602,0.0007530120481927804,0.6827353045846292,0.6797412926085813,0.0029940119760478723,0.4095744680851064,0.40641711229946526,0.003157355785641136,0.46107784431137727,0.4550898203592814,0.005988023952095856,0.43380281690140843,0.4293785310734463,0.0044242858279621156,0.802286899070077,0.8006570837652858,0.0016298153047912267,0.3884203679084427,0.38787880795680774,0.0005415599516349623
Random Forest,momentum,0.1,17,2232523892335645983,0.8524096385542169,0.8554216867469879,-0.0030120481927710108,0.6336216455976935,0.6379076472378241,-0.004286001640130599,0.3986013986013986,0.41134751773049644,-0.012746119129097844,0.3413173652694611,0.3473053892215569,-0.0059880239520958,0.36774193548387096,0.37662337662337664,-0.008881441139505675,0.7735124067111256,0.774755398763197,-0.0012429920520713456,0.3864464632234789,0.3877842571027895,-0.0013377938793106003
Logistic Regression,momentum,0.1,18,6637348126116455564,0.848644578313253,0.8478915662650602,0.0007530120481927804,0.6827353045846292,0.6771779438538943,0.005557360730734873,0.4095744680851064,0.40540540540540543,0.004169062679700963,0.46107784431137727,0.4491017964071856,0.011976047904191656,0.43380281690140843,0.42613636363636365,0.007666453265044781,0.802286899070077,0.8021166968388804,0.00017020223119657008,0.3884203679084427,0.38958208959184415,-0.001161721683401451
Random Forest,momentum,0.1,18,6637348126116455564,0.8524096385542169,0.8539156626506024,-0.0015060240963854499,0.6336216455976935,0.6319196232857283,0.0017020223119652567,0.3986013986013986,0.4028776978417266,-0.004276299240328019,0.3413173652694611,0.33532934131736525,0.005988023952095856,0.36774193548387096,0.3660130718954248,0.00172886358844615,0.7735124067111256,0.7766327809497284,-0.0031203742386027855,0.3864464632234789,0.38892290899473225,-0.0024764457712533328
Logistic Regression,momentum,0.1,19,17687886435101430143,0.848644578313253,0.8493975903614458,-0.0007530120481927804,0.6827353045846292,0.6831659678059901,-0.0004306632213609829,0.4095744680851064,0.4117647058823529,-0.0021902377972465303,0.46107784431137727,0.46107784431137727,0.0,0.43380281690140843,0.4350282485875706,-0.0012254316861621817,0.802286899070077,0.8046078385863931,-0.0023209395163160673,0.3884203679084427,0.39092942314730944,-0.002509055238866742
Random Forest,momentum,0.1,19,17687886435101430143,0.8524096385542169,0.8569277108433735,-0.004518072289156572,0.6336216455976935,0.646459019944607,-0.012837374346913455,0.3986013986013986,0.4206896551724138,-0.022088256571015208,0.3413173652694611,0.3652694610778443,-0.0239520958083832,0.36774193548387096,0.391025641025641,-0.02328370554177006,0.7735124067111256,0.7725788732612294,0.0009335334498962178,0.3864464632234789,0.38631672975066095,0.0001297334728179722
Logistic Regression,momentum,0.1,20,884564147645469903,0.848644578313253,0.8456325301204819,0.003012048192771122,0.6827353045846292,0.6835760004538727,-0.0008406958692435129,0.4095744680851064,0.4020618556701031,0.007512612415003284,0.46107784431137727,0.46706586826347307,-0.0059880239520958,0.43380281690140843,0.43213296398891965,0.0016698529124887784,0.802286899070077,0.8023848942940992,-9.799522402220706e-05,0.3884203679084427,0.3879506793787741,0.0004696885296686104
Random Forest,momentum,0.1,20,884564147645469903,0.8524096385542169,0.8569277108433735,-0.004518072289156572,0.6336216455976935,0.6387689736805459,-0.005147328082852343,0.3986013986013986,0.4172661870503597,-0.018664788448961134,0.3413173652694611,0.3473053892215569,-0.0059880239520958,0.36774193548387096,0.3790849673202614,-0.01134303183639046,0.7735124067111256,0.7750751726521119,-0.0015627659409862549,0.3864464632234789,0.3890677933997537,-0.0026213301762748054
Logistic Regression,momentum,0.1,21,1642798797716285700,0.848644578313253,0.8463855421686747,0.0022590361445783413,0.6827353045846292,0.6788799661658594,0.003855338418769727,0.4095744680851064,0.4021164021164021,0.007458065968704297,0.46107784431137727,0.4550898203592814,0.005988023952095856,0.43380281690140843,0.42696629213483145,0.006836524766576979,0.802286899070077,0.8010129611577878,0.001273937912289247,0.3884203679084427,0.39073665146346065,-0.0023162835550179506
Random Forest,momentum,0.1,21,1642798797716285700,0.8524096385542169,0.8516566265060241,0.0007530120481927804,0.6336216455976935,0.6331909823763326,0.00043066322136087187,0.3986013986013986,0.3958333333333333,0.0027680652680652784,0.3413173652694611,0.3413173652694611,0.0,0.36774193548387096,0.3665594855305466,0.0011824499533243382,0.7735124067111256,0.773316416263081,0.00019599044804463617,0.3864464632234789,0.3871662939268805,-0.0007198307034015916
Logistic Regression,momentum,0.1,22,1622141007281914308,0.848644578313253,0.8478915662650602,0.0007530120481927804,0.6827353045846292,0.6797412926085813,0.0029940119760478723,0.4095744680851064,0.40641711229946526,0.003157355785641136,0.46107784431137727,0.4550898203592814,0.005988023952095856,0.43380281690140843,0.4293785310734463,0.0044242858279621156,0.802286899070077,0.8002444722957186,0.002042426774358397,0.3884203679084427,0.39017015142465217,-0.0017497835162094688
Random Forest,momentum,0.1,22,1622141007281914308,0.8524096385542169,0.8509036144578314,0.001506024096385561,0.6336216455976935,0.6353236679096588,-0.0017020223119652567,0.3986013986013986,0.3945578231292517,0.004043575472146899,0.3413173652694611,0.3473053892215569,-0.0059880239520958,0.36774193548387096,0.36942675159235666,-0.0016848161084856983,0.7735124067111256,0.7733525197666682,0.00015988694445745466,0.3864464632234789,0.38459022828451955,0.0018562349389593669
Logistic Regression,momentum,0.1,23,6674918660823143147,0.848644578313253,0.848644578313253,0.0,0.6827353045846292,0.6852986533393162,-0.0025633487546870004,0.4095744680851064,0.4105263157894737,-0.0009518477043672924,0.46107784431137727,0.46706586826347307,-0.0059880239520958,0.43380281690140843,0.4369747899159664,-0.0031719730145579605,0.802286899070077,0.8006312955484381,0.0016556035216388487,0.3884203679084427,0.38697502643314,0.001445341475302675
Random Forest,momentum,0.1,23,6674918660823143147,0.8524096385542169,0.8531626506024096,-0.0007530120481926694,0.6336216455976935,0.6366156575737414,-0.0029940119760478723,0.3986013986013986,0.4027777777777778,-0.004176379176379197,0.3413173652694611,0.3473053892215569,-0.0059880239520958,0.36774193548387096,0.3729903536977492,-0.005248418213878225,0.7735124067111256,0.7709645308865473,0.002547875824578383,0.3864464632234789,0.38466663319071154,0.0017798300327673822
Logistic Regression,momentum,0.1,24,2918902412757985133,0.848644578313253,0.848644578313253,0.0,0.6827353045846292,0.6852986533393162,-0.0025633487546870004,0.4095744680851064,0.4105263157894737,-0.0009518477043672924,0.46107784431137727,0.46706586826347307,-0.0059880239520958,0.43380281690140843,0.4369747899159664,-0.0031719730145579605,0.802286899070077,0.8017247159427914,0.0005621831272856204,0.3884203679084427,0.3868954781188691,0.0015248897895736024
Random Forest,momentum,0.1,24,2918902412757985133,0.8524096385542169,0.8516566265060241,0.0007530120481927804,0.6336216455976935,0.6357543311310196,-0.0021326855333261285,0.3986013986013986,0.3972602739726027,0.0013411246287958756,0.3413173652694611,0.3473053892215569,-0.0059880239520958,0.36774193548387096,0.3706070287539936,-0.0028650932701226317,0.7735124067111256,0.7733783079835163,0.00013409872760938857,0.3864464632234789,0.38432363905013217,0.002122824173346749
Logistic Regression,momentum,0.1,25,17730222708137016314,0.848644578313253,0.8448795180722891,0.0037650602409639022,0.6827353045846292,0.6703285934590767,0.012406711125552472,0.4095744680851064,0.3945945945945946,0.014979873490511775,0.46107784431137727,0.437125748502994,0.023952095808383256,0.43380281690140843,0.4147727272727273,0.019030089628681135,0.802286899070077,0.8016318783621388,0.0006550207079382142,0.3884203679084427,0.3865536019788324,0.0018667659296103256
Random Forest,momentum,0.1,25,17730222708137016314,0.8524096385542169,0.8569277108433735,-0.004518072289156572,0.6336216455976935,0.6387689736805459,-0.005147328082852343,0.3986013986013986,0.4172661870503597,-0.018664788448961134,0.3413173652694611,0.3473053892215569,-0.0059880239520958,0.36774193548387096,0.3790849673202614,-0.01134303183639046,0.7735124067111256,0.7757250357166803,-0.002212629005554634,0.3864464632234789,0.39084490689051593,-0.004398443667037011
Logistic Regression,momentum,0.1,26,14627056440941583863,0.848644578313253,0.8471385542168675,0.001506024096385561,0.6827353045846292,0.6767472806325334,0.0059880239520957446,0.4095744680851064,0.4032258064516129,0.006348661633493513,0.46107784431137727,0.4491017964071856,0.011976047904191656,0.43380281690140843,0.42492917847025496,0.008873638431153463,0.802286899070077,0.800920123577135,0.0013667754929419518,0.3884203679084427,0.38917231574680833,-0.0007519478383656297
Random Forest,momentum,0.1,26,14627056440941583863,0.8524096385542169,0.8524096385542169,0.0,0.6336216455976935,0.6361849943523805,-0.0025633487546870004,0.3986013986013986,0.4,-0.001398601398601429,0.3413173652694611,0.3473053892215569,-0.0059880239520958,0.36774193548387096,0.3717948717948718,-0.004052936311000843,0.7735124067111256,0.7739714369710192,-0.00045903025989357804,0.3864464632234789,0.3890754656073549,-0.002629002383875978
Logistic Regression,momentum,0.1,27,1476520762901310606,0.848644578313253,0.8448795180722891,0.0037650602409639022,0.6827353045846292,0.6780186397231377,0.004716664861491471,0.4095744680851064,0.39790575916230364,0.01166870892280275,0.46107784431137727,0.4550898203592814,0.005988023952095856,0.43380281690140843,0.4245810055865922,0.009221811314816253,0.802286899070077,0.8005023544641983,0.001784544605878735,0.3884203679084427,0.3881007156986241,0.00031965220981861053
Random Forest,momentum,0.1,27,1476520762901310606,0.8524096385542169,0.8516566265060241,0.0007530120481927804,0.6336216455976935,0.6331909823763326,0.00043066322136087187,0.3986013986013986,0.3958333333333333,0.0027680652680652784,0.3413173652694611,0.3413173652694611,0.0,0.36774193548387096,0.3665594855305466,0.0011824499533243382,0.7735124067111256,0.7716659703848117,0.0018464363263139827,0.3864464632234789,0.3863940765904943,5.238663298462454e-05
Logistic Regression,momentum,0.1,28,10789764182450630881,0.848644578313253,0.8448795180722891,0.0037650602409639022,0.6827353045846292,0.6780186397231377,0.004716664861491471,0.4095744680851064,0.39790575916230364,0.01166870892280275,0.46107784431137727,0.4550898203592814,0.005988023952095856,0.43380281690140843,0.4245810055865922,0.009221811314816253,0.802286899070077,0.8001619500018051,0.0021249490682718752,0.3884203679084427,0.389542977195876,-0.001122609287433296
Random Forest,momentum,0.1,28,10789764182450630881,0.8524096385542169,0.8524096385542169,0.0,0.6336216455976935,0.6336216455976935,0.0,0.3986013986013986,0.3986013986013986,0.0,0.3413173652694611,0.3413173652694611,0.0,0.36774193548387096,0.36774193548387096,0.0,0.7735124067111256,0.7773857968816889,-0.0038733901705632068,0.3864464632234789,0.3894473796715953,-0.0030009164481163975
Logistic Regression,momentum,0.1,29,1376315224131816425,0.848644578313253,0.8456325301204819,0.003012048192771122,0.6827353045846292,0.6758859541898116,0.006849350394817599,0.4095744680851064,0.39893617021276595,0.010638297872340441,0.46107784431137727,0.4491017964071856,0.011976047904191656,0.43380281690140843,0.4225352112676056,0.011267605633802802,0.802286899070077,0.8026015153156221,-0.00031461624554507406,0.3884203679084427,0.3875150094457042,0.0009053584627384814
Random Forest,momentum,0.1,29,1376315224131816425,0.8524096385542169,0.8561746987951807,-0.003765060240963791,0.6336216455976935,0.643465007968559,-0.009843362370865472,0.3986013986013986,0.4166666666666667,-0.018065268065268092,0.3413173652694611,0.3592814371257485,-0.0179640718562874,0.36774193548387096,0.3858520900321543,-0.018110154548283353,0.7735124067111256,0.776184065976574,-0.002671659265448323,0.3864464632234789,0.3891194237858595,-0.0026729605623805885
Logistic Regression,momentum,0.2,0,9866751078352771278,0.848644578313253,0.8456325301204819,0.003012048192771122,0.6827353045846292,0.6861393492085597,-0.0034040446239305133,0.4095744680851064,0.4030612244897959,0.0065132435953104695,0.46107784431137727,0.47305389221556887,-0.0119760479041916,0.43380281690140843,0.43526170798898073,-0.0014588910875723005,0.802286899070077,0.7985579229138621,0.003728976156214925,0.3884203679084427,0.39079817004704853,-0.0023778021386058334
Random Forest,momentum,0.2,0,9866751078352771278,0.8524096385542169,0.8546686746987951,-0.0022590361445782303,0.6336216455976935,0.6349136352617761,-0.0012919896640826156,0.3986013986013986,0.40714285714285714,-0.008541458541458546,0.3413173652694611,0.3413173652694611,0.0,0.36774193548387096,0.3713355048859935,-0.0035935694021225206,0.7735124067111256,0.7785153207796295,-0.005002914068503839,0.3864464632234789,0.39038666438486036,-0.00394020116138144
Logistic Regression,momentum,0.2,1,5274169707440766827,0.848644578313253,0.8463855421686747,0.0022590361445783413,0.6827353045846292,0.6763166174111725,0.0064186871734566164,0.4095744680851064,0.40106951871657753,0.008504949368528858,0.46107784431137727,0.4491017964071856,0.011976047904191656,0.43380281690140843,0.423728813559322,0.010074003342086413,0.802286899070077,0.7957676378509131,0.006519261219163908,0.3884203679084427,0.38905410392231105,-0.0006337360138683468
Random Forest,momentum,0.2,1,5274169707440766827,0.8524096385542169,0.8599397590361446,-0.0075301204819276935,0.6336216455976935,0.6507450215847375,-0.017123375987043943,0.3986013986013986,0.43356643356643354,-0.03496503496503495,0.3413173652694611,0.3712574850299401,-0.029940119760479,0.36774193548387096,0.4,-0.03225806451612906,0.7735124067111256,0.7747141376162403,-0.0012017309051146619,0.3864464632234789,0.3910026318338377,-0.004556168610358791
Logistic Regression,momentum,0.2,2,15223087426736561771,0.848644578313253,0.8441265060240963,0.004518072289156683,0.6827353045846292,0.6750246277470897,0.007710676837539454,0.4095744680851064,0.39473684210526316,0.014837625979843228,0.46107784431137727,0.4491017964071856,0.011976047904191656,0.43380281690140843,0.42016806722689076,0.013634749674517666,0.802286899070077,0.800012378344087,0.0022745207259899924,0.3884203679084427,0.3913080884229591,-0.002887720514516412
Random Forest,momentum,0.2,2,15223087426736561771,0.8524096385542169,0.8569277108433735,-0.004518072289156572,0.6336216455976935,0.6438956711899199,-0.010274025592226343,0.3986013986013986,0.4195804195804196,-0.02097902097902099,0.3413173652694611,0.3592814371257485,-0.0179640718562874,0.36774193548387096,0.3870967741935484,-0.019354838709677413,0.7735124067111256,0.760159268027253,0.013353138683872667,0.3864464632234789,0.3782430991057386,0.008203364117740308
Logistic Regression,momentum,0.2,3,7946824087999894922,0.848644578313253,0.8456325301204819,0.003012048192771122,0.6827353045846292,0.6758859541898116,0.006849350394817599,0.4095744680851064,0.39893617021276595,0.010638297872340441,0.46107784431137727,0.4491017964071856,0.011976047904191656,0.43380281690140843,0.4225352112676056,0.011267605633802802,0.802286899070077,0.8011986363190932,0.0010882627509838372,0.3884203679084427,0.39120778252707633,-0.0027874146186336324
Random Forest,momentum,0.2,3,7946824087999894922,0.8524096385542169,0.8569277108433735,-0.004518072289156572,0.6336216455976935,0.6438956711899199,-0.010274025592226343,0.3986013986013986,0.4195804195804196,-0.02097902097902099,0.3413173652694611,0.3592814371257485,-0.0179640718562874,0.36774193548387096,0.3870967741935484,-0.019354838709677413,0.7735124067111256,0.7677719496407702,0.00574045707035542,0.3864464632234789,0.38121561257054815,0.005230850652930774
Logistic Regression,momentum,0.2,4,2911819766113639559,0.848644578313253,0.8463855421686747,0.0022590361445783413,0.6827353045846292,0.6763166174111725,0.0064186871734566164,0.4095744680851064,0.40106951871657753,0.008504949368528858,0.46107784431137727,0.4491017964071856,0.011976047904191656,0.43380281690140843,0.423728813559322,0.010074003342086413,0.802286899070077,0.8011264293119188,0.0011604697581582002,0.3884203679084427,0.38889097817211543,-0.00047061026367273273
Random Forest,momentum,0.2,4,2911819766113639559,0.8524096385542169,0.8546686746987951,-0.0022590361445782303,0.6336216455976935,0.6400403327711501,-0.0064186871734566164,0.3986013986013986,0.4097222222222222,-0.011120823620823617,0.3413173652694611,0.3532934131736527,-0.0119760479041916,0.36774193548387096,0.37942122186495175,-0.011679286381080789,0.7735124067111256,0.7800987172940941,-0.006586310582968435,0.3864464632234789,0.39244357566654176,-0.005997112443062835
Logistic Regression,momentum,0.2,5,2987227271601061755,0.848644578313253,0.848644578313253,0.0,0.6827353045846292,0.6878620020940032,-0.005126697509374001,0.4095744680851064,0.4114583333333333,-0.0018838652482269236,0.46107784431137727,0.47305389221556887,-0.0119760479041916,0.43380281690140843,0.4401114206128134,-0.006308603711404959,0.802286899070077,0.8003940439534367,0.0018928551166402796,0.3884203679084427,0.38766195594299097,0.000758411965451733
Random Forest,momentum,0.2,5,2987227271601061755,0.8524096385542169,0.8554216867469879,-0.0030120481927710108,0.6336216455976935,0.6404709959925111,-0.006849350394817599,0.3986013986013986,0.4125874125874126,-0.013986013986014012,0.3413173652694611,0.3532934131736527,-0.0119760479041916,0.36774193548387096,0.38064516129032255,-0.01290322580645159,0.7735124067111256,0.7722075229386187,0.0013048837725069262,0.3864464632234789,0.38938984106286995,-0.002943377839391026
Logistic Regression,momentum,0.2,6,15642609831684175209,0.848644578313253,0.8471385542168675,0.001506024096385561,0.6827353045846292,0.6818739781419074,0.0008613264427217437,0.4095744680851064,0.4052631578947368,0.004311310190369566,0.46107784431137727,0.46107784431137727,0.0,0.43380281690140843,0.43137254901960786,0.002430267881800563,0.802286899070077,0.7982175184514692,0.004069380618607843,0.3884203679084427,0.3857426237228415,0.002677744185601183
Random Forest,momentum,0.2,6,15642609831684175209,0.8524096385542169,0.8554216867469879,-0.0030120481927710108,0.6336216455976935,0.6379076472378241,-0.004286001640130599,0.3986013986013986,0.41134751773049644,-0.012746119129097844,0.3413173652694611,0.3473053892215569,-0.0059880239520958,0.36774193548387096,0.37662337662337664,-0.008881441139505675,0.7735124067111256,0.7685249655727304,0.004987441138395221,0.3864464632234789,0.38746733677108247,-0.0010208735476035513
Logistic Regression,momentum,0.2,7,357840375160769857,0.848644578313253,0.8441265060240963,0.004518072289156683,0.6827353045846292,0.6698979302377157,0.012837374346913455,0.4095744680851064,0.3924731182795699,0.017101349805536514,0.46107784431137727,0.437125748502994,0.023952095808383256,0.43380281690140843,0.41359773371104813,0.020205083190360296,0.802286899070077,0.8060313481564002,-0.0037444490863232094,0.3884203679084427,0.39111610030854765,-0.0026957324001049554
Random Forest,momentum,0.2,7,357840375160769857,0.8524096385542169,0.8539156626506024,-0.0015060240963854499,0.6336216455976935,0.6421730183044764,-0.008551372706782856,0.3986013986013986,0.40816326530612246,-0.009561866704723865,0.3413173652694611,0.3592814371257485,-0.0179640718562874,0.36774193548387096,0.3821656050955414,-0.014423669611670464,0.7735124067111256,0.7742963685033035,-0.0007839617921778785,0.3864464632234789,0.3874281894961265,-0.0009817262726475873
Logistic Regression,momentum,0.2,8,18024283770208936397,0.848644578313253,0.8426204819277109,0.0060240963855421326,0.6827353045846292,0.686980045077803,-0.004244740493173804,0.4095744680851064,0.39603960396039606,0.013534864124710333,0.46107784431137727,0.47904191616766467,-0.0179640718562874,0.43380281690140843,0.43360433604336046,0.0001984808580479669,0.802286899070077,0.7989344308798424,0.003352468190234603,0.3884203679084427,0.3880404094822108,0.0003799584262318967
Random Forest,momentum,0.2,8,18024283770208936397,0.8524096385542169,0.8561746987951807,-0.003765060240963791,0.6336216455976935,0.638338310459185,-0.004716664861491471,0.3986013986013986,0.4142857142857143,-0.01568431568431572,0.3413173652694611,0.3473053892215569,-0.0059880239520958,0.36774193548387096,0.3778501628664495,-0.01010822738257855,0.7735124067111256,0.7732338939691676,0.0002785127419580036,0.3864464632234789,0.38949830205944,-0.003051838835961107
Logistic Regression,momentum,0.2,9,16977226814900643560,0.848644578313253,0.8381024096385542,0.010542168674698815,0.6827353045846292,0.6664526244668286,0.01628268011780054,0.4095744680851064,0.37628865979381443,0.03328580829129196,0.46107784431137727,0.437125748502994,0.023952095808383256,0.43380281690140843,0.40443213296398894,0.029370683937419484,0.802286899070077,0.7991768401182131,0.003110058951863892,0.3884203679084427,0.3817486084771563,0.006671759431286395
Random Forest,momentum,0.2,9,16977226814900643560,0.8524096385542169,0.8569277108433735,-0.004518072289156572,0.6336216455976935,0.641332322435233,-0.007710676837539454,0.3986013986013986,0.41843971631205673,-0.019838317710658138,0.3413173652694611,0.3532934131736527,-0.0119760479041916,0.36774193548387096,0.38311688311688313,-0.01537494763301217,0.7735124067111256,0.7774425309587544,-0.00393012424762873,0.3864464632234789,0.3962573161629294,-0.009810852939450498
Logistic Regression,momentum,0.2,10,9160562928971409828,0.848644578313253,0.8463855421686747,0.0022590361445783413,0.6827353045846292,0.6891333611846076,-0.006398056599978386,0.4095744680851064,0.40609137055837563,0.0034830975267307607,0.46107784431137727,0.47904191616766467,-0.0179640718562874,0.43380281690140843,0.43956043956043955,-0.005757622659031125,0.802286899070077,0.7995120869372365,0.0027748121328404762,0.3884203679084427,0.39151959878410153,-0.0030992308756588316
Random Forest,momentum,0.2,10,9160562928971409828,0.8524096385542169,0.8531626506024096,-0.0007530120481926694,0.6336216455976935,0.6340523088190544,-0.00043066322136087187,0.3986013986013986,0.4014084507042254,-0.002807052102826779,0.3413173652694611,0.3413173652694611,0.0,0.36774193548387096,0.36893203883495146,-0.001190103351080496,0.7735124067111256,0.7675037521855513,0.0060086545255743085,0.3864464632234789,0.37946133501336865,0.00698512821011027
Logistic Regression,momentum,0.2,11,11483589796748563252,0.848644578313253,0.8493975903614458,-0.0007530120481927804,0.6827353045846292,0.690856014070051,-0.008120709485421873,0.4095744680851064,0.41450777202072536,-0.004933303935618971,0.46107784431137727,0.47904191616766467,-0.0179640718562874,0.43380281690140843,0.4444444444444444,-0.010641627543035992,0.802286899070077,0.8031998019464945,-0.0009129028764175429,0.3884203679084427,0.3891559918967284,-0.0007356239882856941
Random Forest,momentum,0.2,11,11483589796748563252,0.8524096385542169,0.8569277108433735,-0.004518072289156572,0.6336216455976935,0.646459019944607,-0.012837374346913455,0.3986013986013986,0.4206896551724138,-0.022088256571015208,0.3413173652694611,0.3652694610778443,-0.0239520958083832,0.36774193548387096,0.391025641025641,-0.02328370554177006,0.7735124067111256,0.7733783079835161,0.0001340987276094996,0.3864464632234789,0.386556054906831,-0.0001095916833520616
Logistic Regression,momentum,0.2,12,10357360966883958563,0.848644578313253,0.8433734939759037,0.005271084337349352,0.6827353045846292,0.6745939645257288,0.008141340058900326,0.4095744680851064,0.39267015706806285,0.01690431101704354,0.46107784431137727,0.4491017964071856,0.011976047904191656,0.43380281690140843,0.41899441340782123,0.014808403493587197,0.802286899070077,0.7998215455394122,0.0024653535306647933,0.3884203679084427,0.3820994339416611,0.006320933966781572
Random Forest,momentum,0.2,12,10357360966883958563,0.8524096385542169,0.8569277108433735,-0.004518072289156572,0.6336216455976935,0.646459019944607,-0.012837374346913455,0.3986013986013986,0.4206896551724138,-0.022088256571015208,0.3413173652694611,0.3652694610778443,-0.0239520958083832,0.36774193548387096,0.391025641025641,-0.02328370554177006,0.7735124067111256,0.7773857968816887,-0.0038733901705630958,0.3864464632234789,0.392233004868903,-0.0057865416454240814
Logistic Regression,momentum,0.2,13,15765204819417234358,0.848644578313253,0.8433734939759037,0.005271084337349352,0.6827353045846292,0.6720306157710418,0.010704688813587326,0.4095744680851064,0.3915343915343915,0.01804007655071488,0.46107784431137727,0.4431137724550898,0.017964071856287456,0.43380281690140843,0.4157303370786517,0.018072479822756726,0.802286899070077,0.8009304388638743,0.0013564602062027253,0.3884203679084427,0.38749378325230865,0.0009265846561340441
Random Forest,momentum,0.2,13,15765204819417234358,0.8524096385542169,0.8524096385542169,0.0,0.6336216455976935,0.6413116918617545,-0.007690046264061001,0.3986013986013986,0.40268456375838924,-0.004083165156990642,0.3413173652694611,0.3592814371257485,-0.0179640718562874,0.36774193548387096,0.379746835443038,-0.012004899959167037,0.7735124067111256,0.7806609004213794,-0.007148493710253723,0.3864464632234789,0.38938109815564853,-0.002934634932169611
Logistic Regression,momentum,0.2,14,13751314208765231802,0.848644578313253,0.8478915662650602,0.0007530120481927804,0.6827353045846292,0.6771779438538943,0.005557360730734873,0.4095744680851064,0.40540540540540543,0.004169062679700963,0.46107784431137727,0.4491017964071856,0.011976047904191656,0.43380281690140843,0.42613636363636365,0.007666453265044781,0.802286899070077,0.8023230025736641,-3.6103503587070485e-05,0.3884203679084427,0.39012192183246736,-0.0017015539240246569
Random Forest,momentum,0.2,14,13751314208765231802,0.8524096385542169,0.8554216867469879,-0.0030120481927710108,0.6336216455976935,0.6353442984831371,-0.0017226528854435985,0.3986013986013986,0.41007194244604317,-0.011470543844644576,0.3413173652694611,0.3413173652694611,0.0,0.36774193548387096,0.37254901960784315,-0.004807084123972183,0.7735124067111256,0.7773135898745146,-0.003801183163388955,0.3864464632234789,0.39309906507112774,-0.00665260184764882
Logistic Regression,momentum,0.2,15,4949023807653545551,0.848644578313253,0.8441265060240963,0.004518072289156683,0.6827353045846292,0.6852780227658378,-0.0025427181812086586,0.4095744680851064,0.398989898989899,0.010584569095207386,0.46107784431137727,0.47305389221556887,-0.0119760479041916,0.43380281690140843,0.4328767123287671,0.0009261045726413064,0.802286899070077,0.7988415932991897,0.003445305770887308,0.3884203679084427,0.39103257396888547,-0.0026122060604427677
Random Forest,momentum,0.2,15,4949023807653545551,0.8524096385542169,0.8509036144578314,0.001506024096385561,0.6336216455976935,0.6301969704002848,0.003424675197408744,0.3986013986013986,0.3916083916083916,0.006993006993006978,0.3413173652694611,0.33532934131736525,0.005988023952095856,0.36774193548387096,0.36129032258064514,0.006451612903225823,0.7735124067111256,0.7734247267738424,8.767993728320267e-05,0.3864464632234789,0.3901625843431056,-0.0037161211196266586
Logistic Regression,momentum,0.2,16,17357328925609572403,0.848644578313253,0.8463855421686747,0.0022590361445783413,0.6827353045846292,0.6840066636752336,-0.0012713590906043848,0.4095744680851064,0.40414507772020725,0.005429390364899145,0.46107784431137727,0.46706586826347307,-0.0059880239520958,0.43380281690140843,0.43333333333333335,0.00046948356807507974,0.802286899070077,0.7987900168654939,0.003496882204583107,0.3884203679084427,0.38708364888756075,0.001336719020881949
Random Forest,momentum,0.2,16,17357328925609572403,0.8524096385542169,0.8576807228915663,-0.005271084337349352,0.6336216455976935,0.6417629856565938,-0.008141340058900326,0.3986013986013986,0.42142857142857143,-0.022827172827172837,0.3413173652694611,0.3532934131736527,-0.0119760479041916,0.36774193548387096,0.38436482084690554,-0.01662288536303458,0.7735124067111256,0.7791084497671324,-0.005596043056006805,0.3864464632234789,0.3920267740913341,-0.005580310867855154
Logistic Regression,momentum,0.2,17,9032023137347518939,0.848644578313253,0.848644578313253,0.0,0.6827353045846292,0.6801719558299422,0.0025633487546870004,0.4095744680851064,0.40860215053763443,0.000972317547471957,0.46107784431137727,0.4550898203592814,0.005988023952095856,0.43380281690140843,0.43059490084985835,0.003207916051550075,0.802286899070077,0.7985579229138621,0.003728976156214925,0.3884203679084427,0.38532396030574234,0.0030964076027003573
Random Forest,momentum,0.2,17,9032023137347518939,0.8524096385542169,0.8576807228915663,-0.005271084337349352,0.6336216455976935,0.6391996369019068,-0.0055779913042133256,0.3986013986013986,0.42028985507246375,-0.021688456471065154,0.3413173652694611,0.3473053892215569,-0.0059880239520958,0.36774193548387096,0.380327868852459,-0.012585933368588043,0.7735124067111256,0.7690716757699073,0.004440730941218329,0.3864464632234789,0.3832688209593848,0.003177642264094116
Logistic Regression,momentum,0.2,18,2491095630997873198,0.848644578313253,0.8426204819277109,0.0060240963855421326,0.6827353045846292,0.676726650059055,0.0060086545255741974,0.4095744680851064,0.3917525773195876,0.017821890765518766,0.46107784431137727,0.4550898203592814,0.005988023952095856,0.43380281690140843,0.42105263157894735,0.012750185322461083,0.802286899070077,0.8009407541506135,0.001346144919463499,0.3884203679084427,0.38982205173477646,-0.001401683826333766
Random Forest,momentum,0.2,18,2491095630997873198,0.8524096385542169,0.8531626506024096,-0.0007530120481926694,0.6336216455976935,0.6366156575737414,-0.0029940119760478723,0.3986013986013986,0.4027777777777778,-0.004176379176379197,0.3413173652694611,0.3473053892215569,-0.0059880239520958,0.36774193548387096,0.3729903536977492,-0.005248418213878225,0.7735124067111256,0.773481460850908,3.094586021767931e-05,0.3864464632234789,0.38963825579269,-0.0031917925692110938
Logistic Regression,momentum,0.2,19,15736091025031323971,0.848644578313253,0.8509036144578314,-0.0022590361445783413,0.6827353045846292,0.6891539917580859,-0.0064186871734567275,0.4095744680851064,0.41798941798941797,-0.008414949904311575,0.46107784431137727,0.47305389221556887,-0.0119760479041916,0.43380281690140843,0.4438202247191011,-0.01001740781769267,0.802286899070077,0.8050565535595475,-0.00276965448947053,0.3884203679084427,0.3912906723023716,-0.0028703043939288797
Random Forest,momentum,0.2,19,15736091025031323971,0.8524096385542169,0.8561746987951807,-0.003765060240963791,0.6336216455976935,0.643465007968559,-0.009843362370865472,0.3986013986013986,0.4166666666666667,-0.018065268065268092,0.3413173652694611,0.3592814371257485,-0.0179640718562874,0.36774193548387096,0.3858520900321543,-0.018110154548283353,0.7735124067111256,0.7714132458597018,0.002099160851423809,0.3864464632234789,0.3847847944216633,0.001661668801815619
Logistic Regression,momentum,0.2,20,15980306637244808903,0.848644578313253,0.848644578313253,0.0,0.6827353045846292,0.6955520483580642,-0.012816743773435002,0.4095744680851064,0.41414141414141414,-0.004566946056307752,0.46107784431137727,0.49101796407185627,-0.029940119760479,0.43380281690140843,0.44931506849315067,-0.015512251591742243,0.802286899070077,0.8012811586130065,0.0010057404570704698,0.3884203679084427,0.38601257147051604,0.002407796437926657
Random Forest,momentum,0.2,20,15980306637244808903,0.8524096385542169,0.8576807228915663,-0.005271084337349352,0.6336216455976935,0.6417629856565938,-0.008141340058900326,0.3986013986013986,0.42142857142857143,-0.022827172827172837,0.3413173652694611,0.3532934131736527,-0.0119760479041916,0.36774193548387096,0.38436482084690554,-0.01662288536303458,0.7735124067111256,0.7768442443278818,-0.0033318376167561503,0.3864464632234789,0.3897935515994094,-0.003347088375930507
Logistic Regression,momentum,0.2,21,6084945647792730395,0.848644578313253,0.8426204819277109,0.0060240963855421326,0.6827353045846292,0.681853347568429,0.0008819570162001966,0.4095744680851064,0.3939393939393939,0.01563507414571247,0.46107784431137727,0.46706586826347307,-0.0059880239520958,0.43380281690140843,0.4273972602739726,0.0064055566274358045,0.802286899070077,0.7987900168654938,0.003496882204583218,0.3884203679084427,0.39058461296581026,-0.0021642450573675642
Random Forest,momentum,0.2,21,6084945647792730395,0.8524096385542169,0.8569277108433735,-0.004518072289156572,0.6336216455976935,0.641332322435233,-0.007710676837539454,0.3986013986013986,0.41843971631205673,-0.019838317710658138,0.3413173652694611,0.3532934131736527,-0.0119760479041916,0.36774193548387096,0.38311688311688313,-0.01537494763301217,0.7735124067111256,0.7755342029120055,-0.002021796200879833,0.3864464632234789,0.3886926543452897,-0.002246191121810792
Logistic Regression,momentum,0.2,22,13526310817624692379,0.848644578313253,0.8463855421686747,0.0022590361445783413,0.6827353045846292,0.6763166174111725,0.0064186871734566164,0.4095744680851064,0.40106951871657753,0.008504949368528858,0.46107784431137727,0.4491017964071856,0.011976047904191656,0.43380281690140843,0.423728813559322,0.010074003342086413,0.802286899070077,0.7974851330929872,0.004801765977089811,0.3884203679084427,0.3905423892826726,-0.0021220213742298988
Random Forest,momentum,0.2,22,13526310817624692379,0.8524096385542169,0.8501506024096386,0.0022590361445783413,0.6336216455976935,0.6348930046882978,-0.0012713590906042738,0.3986013986013986,0.3918918918918919,0.006709506709506707,0.3413173652694611,0.3473053892215569,-0.0059880239520958,0.36774193548387096,0.3682539682539683,-0.0005120327700973148,0.7735124067111256,0.7718568031894867,0.0016556035216389597,0.3864464632234789,0.3768442804522538,0.009602182771225098
Logistic Regression,momentum,0.2,23,8353097748063349520,0.848644578313253,0.8463855421686747,0.0022590361445783413,0.6827353045846292,0.6840066636752336,-0.0012713590906043848,0.4095744680851064,0.40414507772020725,0.005429390364899145,0.46107784431137727,0.46706586826347307,-0.0059880239520958,0.43380281690140843,0.43333333333333335,0.00046948356807507974,0.802286899070077,0.7988570662292984,0.0034298328407785794,0.3884203679084427,0.3858929287892545,0.0025274391191881795
Random Forest,momentum,0.2,23,8353097748063349520,0.8524096385542169,0.8531626506024096,-0.0007530120481926694,0.6336216455976935,0.6391790063284284,-0.005557360730734873,0.3986013986013986,0.4041095890410959,-0.0055081904396973025,0.3413173652694611,0.3532934131736527,-0.0119760479041916,0.36774193548387096,0.3769968051118211,-0.009254869627950135,0.7735124067111256,0.767168505366528,0.006343901344597613,0.3864464632234789,0.382251072222888,0.004195391000590909
Logistic Regression,momentum,0.2,24,2424698097990917763,0.848644578313253,0.8463855421686747,0.0022590361445783413,0.6827353045846292,0.6788799661658594,0.003855338418769727,0.4095744680851064,0.4021164021164021,0.007458065968704297,0.46107784431137727,0.4550898203592814,0.005988023952095856,0.43380281690140843,0.42696629213483145,0.006836524766576979,0.802286899070077,0.7998370184695209,0.0024498806005560647,0.3884203679084427,0.38386487095803573,0.0045554969504069676
Random Forest,momentum,0.2,24,2424698097990917763,0.8524096385542169,0.8539156626506024,-0.0015060240963854499,0.6336216455976935,0.6396096695497893,-0.0059880239520957446,0.3986013986013986,0.4068965517241379,-0.008295153122739318,0.3413173652694611,0.3532934131736527,-0.0119760479041916,0.36774193548387096,0.3782051282051282,-0.01046319272125723,0.7735124067111256,0.7707736980818723,0.0027387086292532947,0.3864464632234789,0.38446719674549246,0.0019792664779864633
Logistic Regression,momentum,0.2,25,12732322135466568520,0.848644578313253,0.8403614457831325,0.008283132530120474,0.6827353045846292,0.6651812653762244,0.017554039208404815,0.4095744680851064,0.38095238095238093,0.02862208713272546,0.46107784431137727,0.4311377245508982,0.029940119760479056,0.43380281690140843,0.4044943820224719,0.02930843487893653,0.802286899070077,0.7998937525465863,0.0023931465234906524,0.3884203679084427,0.38418315443407264,0.004237213474370061
Random Forest,momentum,0.2,25,12732322135466568520,0.8524096385542169,0.8591867469879518,-0.006777108433734913,0.6336216455976935,0.6400609633446286,-0.006439317746935069,0.3986013986013986,0.4264705882352941,-0.027869189633895508,0.3413173652694611,0.3473053892215569,-0.0059880239520958,0.36774193548387096,0.38283828382838286,-0.0150963483445119,0.7735124067111256,0.7810116201705116,-0.007499213459385978,0.3864464632234789,0.39175772555008015,-0.005311262326601229
Logistic Regression,momentum,0.2,26,8001124511759750050,0.848644578313253,0.8501506024096386,-0.001506024096385561,0.6827353045846292,0.688723328536725,-0.005988023952095856,0.4095744680851064,0.41578947368421054,-0.006215005599104151,0.46107784431137727,0.47305389221556887,-0.0119760479041916,0.43380281690140843,0.4425770308123249,-0.008774213910916484,0.802286899070077,0.7984186665428833,0.0038682325271937046,0.3884203679084427,0.3893499243424824,-0.0009295564340396911
Random Forest,momentum,0.2,26,8001124511759750050,0.8524096385542169,0.8561746987951807,-0.003765060240963791,0.6336216455976935,0.648591705477933,-0.014970059880239472,0.3986013986013986,0.4189189189189189,-0.02031752031752032,0.3413173652694611,0.3712574850299401,-0.029940119760479,0.36774193548387096,0.39365079365079364,-0.025908858166922677,0.7735124067111256,0.7760809131091821,-0.0025685063980565026,0.3864464632234789,0.39326932831290373,-0.006822865089424812
Logistic Regression,momentum,0.2,27,15555134369600897856,0.848644578313253,0.8471385542168675,0.001506024096385561,0.6827353045846292,0.6844373268965944,-0.0017020223119652567,0.4095744680851064,0.40625,0.0033244680851063912,0.46107784431137727,0.46706586826347307,-0.0059880239520958,0.43380281690140843,0.43454038997214484,-0.0007375730707364081,0.802286899070077,0.7979647939263591,0.0043221051437178915,0.3884203679084427,0.38822144437714745,0.00019892353129524754
Random Forest,momentum,0.2,27,15555134369600897856,0.8524096385542169,0.8531626506024096,-0.0007530120481926694,0.6336216455976935,0.6366156575737414,-0.0029940119760478723,0.3986013986013986,0.4027777777777778,-0.004176379176379197,0.3413173652694611,0.3473053892215569,-0.0059880239520958,0.36774193548387096,0.3729903536977492,-0.005248418213878225,0.7735124067111256,0.7678957330816403,0.005616673629485369,0.3864464632234789,0.3814907827847948,0.004955680438684107
Logistic Regression,momentum,0.2,28,7459356001841301865,0.848644578313253,0.8433734939759037,0.005271084337349352,0.6827353045846292,0.68228401078979,0.0004512937948392137,0.4095744680851064,0.39593908629441626,0.013635381790690126,0.46107784431137727,0.46706586826347307,-0.0059880239520958,0.43380281690140843,0.42857142857142855,0.00523138832997988,0.802286899070077,0.7966599101538524,0.005626988916224596,0.3884203679084427,0.38945579953961684,-0.001035431631174144
Random Forest,momentum,0.2,28,7459356001841301865,0.8524096385542169,0.8516566265060241,0.0007530120481927804,0.6336216455976935,0.6357543311310196,-0.0021326855333261285,0.3986013986013986,0.3972602739726027,0.0013411246287958756,0.3413173652694611,0.3473053892215569,-0.0059880239520958,0.36774193548387096,0.3706070287539936,-0.0028650932701226317,0.7735124067111256,0.7738528111735187,-0.00034040446239302913,0.3864464632234789,0.38573595208099215,0.0007105111424867694
Logistic Regression,momentum,0.2,29,393391907828293373,0.848644578313253,0.8426204819277109,0.0060240963855421326,0.6827353045846292,0.671599952549681,0.011135352034948198,0.4095744680851064,0.3894736842105263,0.020100783874580086,0.46107784431137727,0.4431137724550898,0.017964071856287456,0.43380281690140843,0.41456582633053224,0.01923699057087619,0.802286899070077,0.8014565184875726,0.0008303805825043975,0.3884203679084427,0.38547310460355255,0.0029472633048901464
Random Forest,momentum,0.2,29,393391907828293373,0.8524096385542169,0.8591867469879518,-0.006777108433734913,0.6336216455976935,0.6528777071180636,-0.01925606152037007,0.3986013986013986,0.4315068493150685,-0.032905450713669904,0.3413173652694611,0.3772455089820359,-0.0359281437125748,0.36774193548387096,0.402555910543131,-0.03481397505926004,0.7735124067111256,0.7745697236018918,-0.0010573168907661579,0.3864464632234789,0.38729532243247894,-0.0008488592090000191
Logistic Regression,momentum,0.5,0,14240187682070819207,0.848644578313253,0.8418674698795181,0.006777108433734913,0.6827353045846292,0.6968027768751901,-0.014067472290560934,0.4095744680851064,0.3981042654028436,0.011470202682262787,0.46107784431137727,0.5029940119760479,-0.0419161676646706,0.43380281690140843,0.4444444444444444,-0.010641627543035992,0.802286899070077,0.7860454800992329,0.01624141897084408,0.3884203679084427,0.3868269692260705,0.0015933986823721824
Random Forest,momentum,0.5,0,14240187682070819207,0.8524096385542169,0.8501506024096386,0.0022590361445783413,0.6336216455976935,0.6425830509523589,-0.008961405354665386,0.3986013986013986,0.3961038961038961,0.0024975024975024684,0.3413173652694611,0.3652694610778443,-0.0239520958083832,0.36774193548387096,0.38006230529595014,-0.01232036981207918,0.7735124067111256,0.7703404560388267,0.0031719506722989177,0.3864464632234789,0.3901300684045579,-0.003683605181078964
Logistic Regression,momentum,0.5,1,7144313622732664027,0.848644578313253,0.838855421686747,0.009789156626506035,0.6827353045846292,0.6694466364428765,0.013288668141752669,0.4095744680851064,0.37948717948717947,0.03008728859792692,0.46107784431137727,0.4431137724550898,0.017964071856287456,0.43380281690140843,0.4088397790055249,0.024963037895883555,0.802286899070077,0.7795313765234388,0.02275552254663815,0.3884203679084427,0.38428492732246855,0.004135440585974148
Random Forest,momentum,0.5,1,7144313622732664027,0.8524096385542169,0.8531626506024096,-0.0007530120481926694,0.6336216455976935,0.6545590988565505,-0.020937453258856986,0.3986013986013986,0.41139240506329117,-0.012791006461892573,0.3413173652694611,0.38922155688622756,-0.047904191616766456,0.36774193548387096,0.4,-0.03225806451612906,0.7735124067111256,0.7595455084662716,0.013966898244854087,0.3864464632234789,0.3864041914221169,4.2271801362014916e-05
Logistic Regression,momentum,0.5,2,13940413415871898418,0.848644578313253,0.8305722891566265,0.01807228915662651,0.6827353045846292,0.6621459922532197,0.02058931233140948,0.4095744680851064,0.35784313725490197,0.051731330830204425,0.46107784431137727,0.437125748502994,0.023952095808383256,0.43380281690140843,0.3935309973045822,0.04027181959682624,0.802286899070077,0.7882890549650055,0.013997844105071544,0.3884203679084427,0.3847917069981912,0.003628660910251491
Random Forest,momentum,0.5,2,13940413415871898418,0.8524096385542169,0.8493975903614458,0.003012048192771122,0.6336216455976935,0.6395890389763109,-0.005967393378617403,0.3986013986013986,0.39215686274509803,0.0064445358563005595,0.3413173652694611,0.3592814371257485,-0.0179640718562874,0.36774193548387096,0.375,-0.007258064516129037,0.7735124067111256,0.7487402456069773,0.02477216110414837,0.3864464632234789,0.3707129400689495,0.015733523154529416
Logistic Regression,momentum,0.5,3,538500503612106884,0.848644578313253,0.8426204819277109,0.0060240963855421326,0.6827353045846292,0.674163301304368,0.008572003280261198,0.4095744680851064,0.390625,0.01894946808510639,0.46107784431137727,0.4491017964071856,0.011976047904191656,0.43380281690140843,0.4178272980501393,0.015975518851269133,0.802286899070077,0.7900271807805577,0.012259718289519328,0.3884203679084427,0.3855596398857843,0.0028607280226584098
Random Forest,momentum,0.5,3,538500503612106884,0.8524096385542169,0.8539156626506024,-0.0015060240963854499,0.6336216455976935,0.6524264133232244,-0.018804767725530858,0.3986013986013986,0.4129032258064516,-0.01430182720505302,0.3413173652694611,0.38323353293413176,-0.041916167664670656,0.36774193548387096,0.39751552795031053,-0.02977359246643957,0.7735124067111256,0.7620779113607409,0.011434495350384766,0.3864464632234789,0.3741144002838075,0.012332062939671429
Logistic Regression,momentum,0.5,4,14514197361123523994,0.848644578313253,0.8381024096385542,0.010542168674698815,0.6827353045846292,0.6664526244668286,0.01628268011780054,0.4095744680851064,0.37628865979381443,0.03328580829129196,0.46107784431137727,0.437125748502994,0.023952095808383256,0.43380281690140843,0.40443213296398894,0.029370683937419484,0.802286899070077,0.7919097206104586,0.010377178459618386,0.3884203679084427,0.3858583559673796,0.0025620119410630915
Random Forest,momentum,0.5,4,14514197361123523994,0.8524096385542169,0.8509036144578314,0.001506024096385561,0.6336216455976935,0.6532671091924678,-0.01964546359477426,0.3986013986013986,0.40372670807453415,-0.005125309473135553,0.3413173652694611,0.38922155688622756,-0.047904191616766456,0.36774193548387096,0.39634146341463417,-0.028599527930763202,0.7735124067111256,0.7791393956273498,-0.0056269889162241515,0.3864464632234789,0.3964595022174976,-0.010013038994018675
Logistic Regression,momentum,0.5,5,17879811096870809297,0.848644578313253,0.8381024096385542,0.010542168674698815,0.6827353045846292,0.6792693682402637,0.003465936344365428,0.4095744680851064,0.38235294117647056,0.02722152690863583,0.46107784431137727,0.46706586826347307,-0.0059880239520958,0.43380281690140843,0.42048517520215634,0.013317641699252092,0.802286899070077,0.7905635756909953,0.011723323379081663,0.3884203679084427,0.379867409650464,0.008552958257978693
Random Forest,momentum,0.5,5,17879811096870809297,0.8524096385542169,0.8539156626506024,-0.0015060240963854499,0.6336216455976935,0.6472997158138504,-0.013678070216156857,0.3986013986013986,0.4105960264900662,-0.01199462788866762,0.3413173652694611,0.3712574850299401,-0.029940119760479,0.36774193548387096,0.389937106918239,-0.022195171434368055,0.7735124067111256,0.7716195515944855,0.0018928551166401686,0.3864464632234789,0.3894381803679025,-0.002991717144423589
Logistic Regression,momentum,0.5,6,9188804470133938025,0.848644578313253,0.8396084337349398,0.009036144578313254,0.6827353045846292,0.6826940434376725,4.12611469566837e-05,0.4095744680851064,0.3872549019607843,0.022319566124322066,0.46107784431137727,0.47305389221556887,-0.0119760479041916,0.43380281690140843,0.42587601078167114,0.007926806119737284,0.802286899070077,0.785730863853688,0.016556035216389042,0.3884203679084427,0.37652742386767835,0.011892944040764353
Random Forest,momentum,0.5,6,9188804470133938025,0.8524096385542169,0.8531626506024096,-0.0007530120481926694,0.6336216455976935,0.6468690525924894,-0.013247406994795874,0.3986013986013986,0.40789473684210525,-0.009293338240706661,0.3413173652694611,0.3712574850299401,-0.029940119760479,0.36774193548387096,0.3887147335423197,-0.02097279805844876,0.7735124067111256,0.756724277543105,0.016788129168020638,0.3864464632234789,0.37823373784867953,0.00821272537479939
Logistic Regression,momentum,0.5,7,15179815330207543397,0.848644578313253,0.8305722891566265,0.01807228915662651,0.6827353045846292,0.6698360385172807,0.01289926606734848,0.4095744680851064,0.3619047619047619,0.047669706180344495,0.46107784431137727,0.4550898203592814,0.005988023952095856,0.43380281690140843,0.40318302387267907,0.03061979302872936,0.802286899070077,0.8025344659518173,-0.00024756688174032426,0.3884203679084427,0.39191757827440066,-0.003497210365957959
Random Forest,momentum,0.5,7,15179815330207543397,0.8524096385542169,0.8546686746987951,-0.0022590361445782303,0.6336216455976935,0.6528570765445852,-0.01923543094689173,0.3986013986013986,0.4155844155844156,-0.01698301698301702,0.3413173652694611,0.38323353293413176,-0.041916167664670656,0.36774193548387096,0.3987538940809969,-0.03101195859712591,0.7735124067111256,0.7735381949279735,-2.5788216847844048e-05,0.3864464632234789,0.39337709583467106,-0.006930632611192145
Logistic Regression,momentum,0.5,8,2986418350606893178,0.848644578313253,0.8305722891566265,0.01807228915662651,0.6827353045846292,0.6749627360266547,0.00777256855797448,0.4095744680851064,0.3644859813084112,0.04508848677669519,0.46107784431137727,0.46706586826347307,-0.0059880239520958,0.43380281690140843,0.4094488188976378,0.02435399800377064,0.802286899070077,0.7880827492302218,0.014204149839855185,0.3884203679084427,0.3825909623285916,0.005829405579851121
Random Forest,momentum,0.5,8,2986418350606893178,0.8524096385542169,0.8493975903614458,0.003012048192771122,0.6336216455976935,0.6395890389763109,-0.005967393378617403,0.3986013986013986,0.39215686274509803,0.0064445358563005595,0.3413173652694611,0.3592814371257485,-0.0179640718562874,0.36774193548387096,0.375,-0.007258064516129037,0.7735124067111256,0.7688292665315364,0.004683140179589262,0.3864464632234789,0.3791367208911284,0.007309742332350544
Logistic Regression,momentum,0.5,9,3774988521123643342,0.848644578313253,0.8275602409638554,0.02108433734939763,0.6827353045846292,0.6552966418584021,0.02743866272622708,0.4095744680851064,0.3480392156862745,0.0615352523988319,0.46107784431137727,0.4251497005988024,0.035928143712574856,0.43380281690140843,0.38274932614555257,0.05105349075585586,0.802286899070077,0.7869377524021725,0.015349146667904545,0.3884203679084427,0.36519686194376244,0.023223505964680258
Random Forest,momentum,0.5,9,3774988521123643342,0.8524096385542169,0.8546686746987951,-0.0022590361445782303,0.6336216455976935,0.6477303790352112,-0.014108733437517729,0.3986013986013986,0.41333333333333333,-0.014731934731934737,0.3413173652694611,0.3712574850299401,-0.029940119760479,0.36774193548387096,0.3911671924290221,-0.02342525694515113,0.7735124067111256,0.7692160897842557,0.004296316926869936,0.3864464632234789,0.3916962937458237,-0.005249830522344789
Logistic Regression,momentum,0.5,10,3869581185159785610,0.848644578313253,0.8396084337349398,0.009036144578313254,0.6827353045846292,0.6929474384564205,-0.010212133871791318,0.4095744680851064,0.3915094339622642,0.018065034122842216,0.46107784431137727,0.49700598802395207,-0.0359281437125748,0.43380281690140843,0.43799472295514513,-0.004191906053736705,0.802286899070077,0.7882168479578311,0.014070051112245907,0.3884203679084427,0.3908614429859295,-0.0024410750774868095
Random Forest,momentum,0.5,10,3869581185159785610,0.8524096385542169,0.8539156626506024,-0.0015060240963854499,0.6336216455976935,0.6498630645685373,-0.016241418970843746,0.3986013986013986,0.4117647058823529,-0.013163307280954328,0.3413173652694611,0.3772455089820359,-0.0359281437125748,0.36774193548387096,0.39375,-0.026008064516129026,0.7735124067111256,0.756811957480388,0.016700449230737657,0.3864464632234789,0.38217474190153183,0.004271721321947086
Logistic Regression,momentum,0.5,11,3215409296961003715,0.848644578313253,0.8448795180722891,0.0037650602409639022,0.6827353045846292,0.6933987322512598,-0.010663427666630643,0.4095744680851064,0.4039408866995074,0.005633581385598996,0.46107784431137727,0.49101796407185627,-0.029940119760479,0.43380281690140843,0.44324324324324327,-0.00944042634183484,0.802286899070077,0.7975470248134223,0.004739874256654675,0.3884203679084427,0.3840506590394612,0.0043697088689815256
Random Forest,momentum,0.5,11,3215409296961003715,0.8524096385542169,0.8531626506024096,-0.0007530120481926694,0.6336216455976935,0.6494324013471764,-0.015810755749482874,0.3986013986013986,0.4090909090909091,-0.010489510489510523,0.3413173652694611,0.3772455089820359,-0.0359281437125748,0.36774193548387096,0.3925233644859813,-0.024781429002110333,0.7735124067111256,0.7665856916657641,0.0069267150453615756,0.3864464632234789,0.3757900731892032,0.010656390034275709
Logistic Regression,momentum,0.5,12,14335545176329997426,0.848644578313253,0.8358433734939759,0.012801204819277157,0.6827353045846292,0.675414029821494,0.007321274763135155,0.4095744680851064,0.375609756097561,0.033964711987545415,0.46107784431137727,0.46107784431137727,0.0,0.43380281690140843,0.41397849462365593,0.019824322277752493,0.802286899070077,0.7891864849113144,0.013100414158762619,0.3884203679084427,0.3634681516344046,0.024952216274038097
Random Forest,momentum,0.5,12,14335545176329997426,0.8524096385542169,0.8531626506024096,-0.0007530120481926694,0.6336216455976935,0.6468690525924894,-0.013247406994795874,0.3986013986013986,0.40789473684210525,-0.009293338240706661,0.3413173652694611,0.3712574850299401,-0.029940119760479,0.36774193548387096,0.3887147335423197,-0.02097279805844876,0.7735124067111256,0.7717949114690514,0.0017174952420742073,0.3864464632234789,0.39377436321095755,-0.0073278999874786255
Logistic Regression,momentum,0.5,13,14167805700227634482,0.848644578313253,0.8403614457831325,0.008283132530120474,0.6827353045846292,0.6728713116402854,0.009863992944343813,0.4095744680851064,0.38461538461538464,0.024959083469721755,0.46107784431137727,0.4491017964071856,0.011976047904191656,0.43380281690140843,0.4143646408839779,0.01943817601743053,0.802286899070077,0.7911773352519766,0.011109563818100354,0.3884203679084427,0.379300596532898,0.009119771375544705
Random Forest,momentum,0.5,13,14167805700227634482,0.8524096385542169,0.848644578313253,0.0037650602409639022,0.6336216455976935,0.636595027000263,-0.0029733814025695304,0.3986013986013986,0.3881578947368421,0.010443503864556503,0.3413173652694611,0.3532934131736527,-0.0119760479041916,0.36774193548387096,0.36990595611285265,-0.002164020628981689,0.7735124067111256,0.7757301933600499,-0.002217786648924247,0.3864464632234789,0.3793102944876449,0.007136168735834003
Logistic Regression,momentum,0.5,14,13512173300478605122,0.848644578313253,0.8343373493975904,0.014307228915662606,0.6827353045846292,0.6591726108506502,0.023562693733979012,0.4095744680851064,0.3641025641025641,0.045471903982542305,0.46107784431137727,0.4251497005988024,0.035928143712574856,0.43380281690140843,0.39226519337016574,0.041537623531242684,0.802286899070077,0.7940810884690568,0.008205810601020214,0.3884203679084427,0.38340578489265614,0.005014583015786556
Random Forest,momentum,0.5,14,13512173300478605122,0.8524096385542169,0.8501506024096386,0.0022590361445783413,0.6336216455976935,0.6374563534429849,-0.003834707845291385,0.3986013986013986,0.3933333333333333,0.005268065268065281,0.3413173652694611,0.3532934131736527,-0.0119760479041916,0.36774193548387096,0.3722397476340694,-0.004497812150198455,0.7735124067111256,0.7739765946143888,-0.00046418790326319126,0.3864464632234789,0.3894259277140355,-0.0029794644905565826
Logistic Regression,momentum,0.5,15,14477947104327293631,0.848644578313253,0.8433734939759037,0.005271084337349352,0.6827353045846292,0.692537405808538,-0.009802101223908788,0.4095744680851064,0.4,0.009574468085106369,0.46107784431137727,0.49101796407185627,-0.029940119760479,0.43380281690140843,0.44086021505376344,-0.00705739815235501,0.802286899070077,0.7870615358430426,0.015225363227034383,0.3884203679084427,0.3859323680251493,0.0024879998832934014
Random Forest,momentum,0.5,15,14477947104327293631,0.8524096385542169,0.8554216867469879,-0.0030120481927710108,0.6336216455976935,0.6558510885206331,-0.022229442922939602,0.3986013986013986,0.41935483870967744,-0.020753440108278842,0.3413173652694611,0.38922155688622756,-0.047904191616766456,0.36774193548387096,0.40372670807453415,-0.03598477259066318,0.7735124067111256,0.7781955468907147,-0.00468314017958904,0.3864464632234789,0.3913938579649308,-0.004947394741451894
Logistic Regression,momentum,0.5,16,3363235915917699278,0.848644578313253,0.8381024096385542,0.010542168674698815,0.6827353045846292,0.6741426707308896,0.00859263385373954,0.4095744680851064,0.38,0.029574468085106387,0.46107784431137727,0.4550898203592814,0.005988023952095856,0.43380281690140843,0.4141689373297003,0.019633879571708146,0.802286899070077,0.78621052468706,0.01607637438301701,0.3884203679084427,0.3802935566942119,0.008126811214230811
Random Forest,momentum,0.5,16,3363235915917699278,0.8524096385542169,0.8576807228915663,-0.005271084337349352,0.6336216455976935,0.6520163806753418,-0.018394735077648328,0.3986013986013986,0.42567567567567566,-0.027074277074277064,0.3413173652694611,0.3772455089820359,-0.0359281437125748,0.36774193548387096,0.4,-0.03225806451612906,0.7735124067111256,0.7774270580286455,-0.0039146513175198905,0.3864464632234789,0.395104001800761,-0.008657538577282076
Logistic Regression,momentum,0.5,17,16629532149846800874,0.848644578313253,0.8411144578313253,0.0075301204819276935,0.6827353045846292,0.6630485798428982,0.019686724741730943,0.4095744680851064,0.3817204301075269,0.027854037977579515,0.46107784431137727,0.4251497005988024,0.035928143712574856,0.43380281690140843,0.40226628895184136,0.03153652794956707,0.802286899070077,0.7866128208698882,0.015674078200188846,0.3884203679084427,0.3769043311679375,0.01151603674050522
Random Forest,momentum,0.5,17,16629532149846800874,0.8524096385542169,0.8561746987951807,-0.003765060240963791,0.6336216455976935,0.646028356723246,-0.012406711125552472,0.3986013986013986,0.4178082191780822,-0.019206820576683603,0.3413173652694611,0.3652694610778443,-0.0239520958083832,0.36774193548387096,0.38977635782747605,-0.022034422343605087,0.7735124067111256,0.7569408985646278,0.016571508146497882,0.3864464632234789,0.3814379513312863,0.005008511892192646
Logistic Regression,momentum,0.5,18,15081768520351748258,0.848644578313253,0.8343373493975904,0.014307228915662606,0.6827353045846292,0.6771160521334592,0.005619252451170009,0.4095744680851064,0.37320574162679426,0.03636872645831213,0.46107784431137727,0.46706586826347307,-0.0059880239520958,0.43380281690140843,0.4148936170212766,0.018909199880131844,0.802286899070077,0.7916518384419791,0.010635060628097937,0.3884203679084427,0.3816764040606172,0.006743963847825496
Random Forest,momentum,0.5,18,15081768520351748258,0.8524096385542169,0.8539156626506024,-0.0015060240963854499,0.6336216455976935,0.6447363670591633,-0.011114721461469745,0.3986013986013986,0.40939597315436244,-0.010794574552963843,0.3413173652694611,0.3652694610778443,-0.0239520958083832,0.36774193548387096,0.3860759493670886,-0.018334013883217648,0.7735124067111256,0.7756373557793973,-0.002124949068271653,0.3864464632234789,0.3959893485027672,-0.00954288527928826
Logistic Regression,momentum,0.5,19,10230921696510103705,0.848644578313253,0.8516566265060241,-0.003012048192771122,0.6827353045846292,0.6870213062247598,-0.004286001640130599,0.4095744680851064,0.41935483870967744,-0.009780370624571044,0.46107784431137727,0.46706586826347307,-0.0059880239520958,0.43380281690140843,0.44192634560906513,-0.008123528707656702,0.802286899070077,0.8014049420538767,0.0008819570162003076,0.3884203679084427,0.39047253365750423,-0.0020521657490615297
Random Forest,momentum,0.5,19,10230921696510103705,0.8524096385542169,0.8614457831325302,-0.009036144578313254,0.6336216455976935,0.6618597430462073,-0.0282380974485138,0.3986013986013986,0.4429530201342282,-0.04435162153282962,0.3413173652694611,0.39520958083832336,-0.053892215568862256,0.36774193548387096,0.4177215189873418,-0.049979583503470815,0.7735124067111256,0.7683392904114252,0.005173116299700409,0.3864464632234789,0.391821138806537,-0.005374675583058097
Logistic Regression,momentum,0.5,20,5225993199160983301,0.848644578313253,0.838855421686747,0.009789156626506035,0.6827353045846292,0.6848267289709986,-0.002091424386369445,0.4095744680851064,0.3864734299516908,0.023101038133415575,0.46107784431137727,0.47904191616766467,-0.0179640718562874,0.43380281690140843,0.42780748663101603,0.005995330270392396,0.802286899070077,0.7928587269904634,0.00942817207961355,0.3884203679084427,0.37918271832734063,0.00923764958110207
Random Forest,momentum,0.5,20,5225993199160983301,0.8524096385542169,0.8561746987951807,-0.003765060240963791,0.6336216455976935,0.6588451004966811,-0.025223454898987585,0.3986013986013986,0.4230769230769231,-0.02447552447552448,0.3413173652694611,0.39520958083832336,-0.053892215568862256,0.36774193548387096,0.4086687306501548,-0.040926795166283836,0.7735124067111256,0.7611804814144322,0.012331925296693469,0.3864464632234789,0.37685882404308707,0.00958763918039185
Logistic Regression,momentum,0.5,21,9324401887245706694,0.848644578313253,0.8313253012048193,0.017319277108433728,0.6827353045846292,0.6625766554745806,0.02015864911004861,0.4095744680851064,0.35960591133004927,0.049968556755057125,0.46107784431137727,0.437125748502994,0.023952095808383256,0.43380281690140843,0.3945945945945946,0.03920822230681381,0.802286899070077,0.7878351823484814,0.01445171672159562,0.3884203679084427,0.3846431319189411,0.0037772359895015817
Random Forest,momentum,0.5,21,9324401887245706694,0.8524096385542169,0.8599397590361446,-0.0075301204819276935,0.6336216455976935,0.6481816728300505,-0.014560027232356942,0.3986013986013986,0.4326241134751773,-0.034022714873778725,0.3413173652694611,0.3652694610778443,-0.0239520958083832,0.36774193548387096,0.3961038961038961,-0.02836196062002516,0.7735124067111256,0.7721146853579663,0.001397721353159298,0.3864464632234789,0.3880197022131415,-0.0015732389896626064
Logistic Regression,momentum,0.5,22,14582915232623110557,0.848644578313253,0.8403614457831325,0.008283132530120474,0.6827353045846292,0.6703079628855984,0.012427341699030814,0.4095744680851064,0.38341968911917096,0.026154778965935432,0.46107784431137727,0.4431137724550898,0.017964071856287456,0.43380281690140843,0.4111111111111111,0.022691705790297334,0.802286899070077,0.783017943441283,0.01926895562879405,0.3884203679084427,0.3852289716102639,0.0031913962981787725
Random Forest,momentum,0.5,22,14582915232623110557,0.8524096385542169,0.8531626506024096,-0.0007530120481926694,0.6336216455976935,0.6468690525924894,-0.013247406994795874,0.3986013986013986,0.40789473684210525,-0.009293338240706661,0.3413173652694611,0.3712574850299401,-0.029940119760479,0.36774193548387096,0.3887147335423197,-0.02097279805844876,0.7735124067111256,0.762268744165416,0.011243662545709632,0.3864464632234789,0.36520687706697624,0.021239586156502677
Logistic Regression,momentum,0.5,23,15070455426167333599,0.848644578313253,0.8433734939759037,0.005271084337349352,0.6827353045846292,0.687410708299164,-0.004675403714534787,0.4095744680851064,0.39800995024875624,0.011564517836350152,0.46107784431137727,0.47904191616766467,-0.0179640718562874,0.43380281690140843,0.43478260869565216,-0.000979791794243734,0.802286899070077,0.7860661106727114,0.016220788397365626,0.3884203679084427,0.37736180037348555,0.011058567534957153
Random Forest,momentum,0.5,23,15070455426167333599,0.8524096385542169,0.8539156626506024,-0.0015060240963854499,0.6336216455976935,0.6447363670591633,-0.011114721461469745,0.3986013986013986,0.40939597315436244,-0.010794574552963843,0.3413173652694611,0.3652694610778443,-0.0239520958083832,0.36774193548387096,0.3860759493670886,-0.018334013883217648,0.7735124067111256,0.7538514701862425,0.0196609365248831,0.3864464632234789,0.37063964459198295,0.015806818631495967
Logistic Regression,momentum,0.5,24,5325239613196589406,0.848644578313253,0.8358433734939759,0.012801204819277157,0.6827353045846292,0.6728506810668069,0.009884623517822266,0.4095744680851064,0.37438423645320196,0.035190231631904434,0.46107784431137727,0.4550898203592814,0.005988023952095856,0.43380281690140843,0.41081081081081083,0.022992006090597594,0.802286899070077,0.7885675677069633,0.013719331363113652,0.3884203679084427,0.37296515010549386,0.01545521780294884
Random Forest,momentum,0.5,24,5325239613196589406,0.8524096385542169,0.8539156626506024,-0.0015060240963854499,0.6336216455976935,0.6524264133232244,-0.018804767725530858,0.3986013986013986,0.4129032258064516,-0.01430182720505302,0.3413173652694611,0.38323353293413176,-0.041916167664670656,0.36774193548387096,0.39751552795031053,-0.02977359246643957,0.7735124067111256,0.7600819033767091,0.013430503334416533,0.3864464632234789,0.37845556691271476,0.007990896310764162
Logistic Regression,momentum,0.5,25,4537322962380472916,0.848644578313253,0.8343373493975904,0.014307228915662606,0.6827353045846292,0.6668626571147112,0.01587264746991801,0.4095744680851064,0.3681592039800995,0.0414152641050069,0.46107784431137727,0.4431137724550898,0.017964071856287456,0.43380281690140843,0.40217391304347827,0.03162890385793016,0.802286899070077,0.7880569610133737,0.01422993805670325,0.3884203679084427,0.3733261561758293,0.015094211732613383
Random Forest,momentum,0.5,25,4537322962380472916,0.8524096385542169,0.8554216867469879,-0.0030120481927710108,0.6336216455976935,0.6455976935018851,-0.0119760479041916,0.3986013986013986,0.41496598639455784,-0.016364587793159246,0.3413173652694611,0.3652694610778443,-0.0239520958083832,0.36774193548387096,0.3885350318471338,-0.02079309636326282,0.7735124067111256,0.7852512030203159,-0.01173879630919028,0.3864464632234789,0.39742397617725034,-0.010977512953771418
Logistic Regression,momentum,0.5,26,512325122846122254,0.848644578313253,0.8396084337349398,0.009036144578313254,0.6827353045846292,0.6698772996642374,0.012858004920391797,0.4095744680851064,0.38144329896907214,0.02813116911603425,0.46107784431137727,0.4431137724550898,0.017964071856287456,0.43380281690140843,0.4099722991689751,0.02383051773243333,0.802286899070077,0.7862517858340167,0.016035113236060328,0.3884203679084427,0.3793308378810427,0.009089530027399984
Random Forest,momentum,0.5,26,512325122846122254,0.8524096385542169,0.8546686746987951,-0.0022590361445782303,0.6336216455976935,0.6502937277898982,-0.01667208219220473,0.3986013986013986,0.4144736842105263,-0.015872285609127734,0.3413173652694611,0.3772455089820359,-0.0359281437125748,0.36774193548387096,0.3949843260188088,-0.02724239053493782,0.7735124067111256,0.7663793859309803,0.007133020780145327,0.3864464632234789,0.3905122271167388,-0.004065763893259855
Logistic Regression,momentum,0.5,27,239663779676140861,0.848644578313253,0.8396084337349398,0.009036144578313254,0.6827353045846292,0.6673139509095505,0.015421353675078686,0.4095744680851064,0.3802083333333333,0.029366134751773076,0.46107784431137727,0.437125748502994,0.023952095808383256,0.43380281690140843,0.40668523676880225,0.02711758013260618,0.802286899070077,0.7821669322853002,0.020119966784776788,0.3884203679084427,0.37879823817462366,0.00962212973381904
Random Forest,momentum,0.5,27,239663779676140861,0.8524096385542169,0.848644578313253,0.0037650602409639022,0.6336216455976935,0.636595027000263,-0.0029733814025695304,0.3986013986013986,0.3881578947368421,0.010443503864556503,0.3413173652694611,0.3532934131736527,-0.0119760479041916,0.36774193548387096,0.36990595611285265,-0.002164020628981689,0.7735124067111256,0.7578899049446327,0.015622501766492936,0.3864464632234789,0.3700012481963837,0.016445215027095228
Logistic Regression,momentum,0.5,28,1682798344106399633,0.848644578313253,0.8313253012048193,0.017319277108433728,0.6827353045846292,0.6677033529839546,0.015031951600674609,0.4095744680851064,0.36231884057971014,0.04725562750539625,0.46107784431137727,0.4491017964071856,0.011976047904191656,0.43380281690140843,0.40106951871657753,0.032733298184830895,0.802286899070077,0.7813881281364918,0.020898770933585165,0.3884203679084427,0.3838166019374498,0.004603765970992879
Random Forest,momentum,0.5,28,1682798344106399633,0.8524096385542169,0.8554216867469879,-0.0030120481927710108,0.6336216455976935,0.6507243910112591,-0.0171027454135656,0.3986013986013986,0.41721854304635764,-0.018617144444959044,0.3413173652694611,0.3772455089820359,-0.0359281437125748,0.36774193548387096,0.39622641509433965,-0.028484479610468683,0.7735124067111256,0.765600581782172,0.007911824928953592,0.3864464632234789,0.38150289767018153,0.004943565553297391
Logistic Regression,momentum,0.5,29,1839396302996392368,0.848644578313253,0.8328313253012049,0.015813253012048167,0.6827353045846292,0.6660013306719893,0.016733973912639866,0.4095744680851064,0.3645320197044335,0.045042448380672895,0.46107784431137727,0.4431137724550898,0.017964071856287456,0.43380281690140843,0.4,0.033802816901408406,0.802286899070077,0.7915847890781744,0.010702109991902575,0.3884203679084427,0.3754512370646127,0.012969130843830001
Random Forest,momentum,0.5,29,1839396302996392368,0.8524096385542169,0.8516566265060241,0.0007530120481927804,0.6336216455976935,0.6536977724138286,-0.02007612681613513,0.3986013986013986,0.40625,-0.007648601398601407,0.3413173652694611,0.38922155688622756,-0.047904191616766456,0.36774193548387096,0.39755351681957185,-0.029811581335700887,0.7735124067111256,0.7725324544709032,0.0009799522402224037,0.3864464632234789,0.3856976605959496,0.0007488026275292992
Logistic Regression,momentum,1.0,0,17563606979225743646,0.848644578313253,0.8313253012048193,0.017319277108433728,0.6827353045846292,0.7061535843042597,-0.023418279719630508,0.4095744680851064,0.379746835443038,0.02982763264206839,0.46107784431137727,0.5389221556886228,-0.07784431137724551,0.43380281690140843,0.44554455445544555,-0.011741737554037124,0.802286899070077,0.7628670307962886,0.039419868273788405,0.3884203679084427,0.3685357922206973,0.019884575687745376
Random Forest,momentum,1.0,0,17563606979225743646,0.8524096385542169,0.8524096385542169,0.0,0.6336216455976935,0.6669451794086245,-0.033323533810931005,0.3986013986013986,0.41420118343195267,-0.015599784830554075,0.3413173652694611,0.41916167664670656,-0.07784431137724546,0.36774193548387096,0.4166666666666667,-0.04892473118279572,0.7735124067111256,0.7671994512267455,0.006312955484380156,0.3864464632234789,0.3897394623522751,-0.003292999128796159
Logistic Regression,momentum,1.0,1,10907883556047331604,0.848644578313253,0.8147590361445783,0.033885542168674676,0.6827353045846292,0.6531020646046408,0.029633239979988346,0.4095744680851064,0.3244444444444444,0.08513002364066197,0.46107784431137727,0.437125748502994,0.023952095808383256,0.43380281690140843,0.37244897959183676,0.06135383730957167,0.802286899070077,0.7437167009649951,0.058570198105081905,0.3884203679084427,0.35359596022210826,0.034824407686334435
Random Forest,momentum,1.0,1,10907883556047331604,0.8524096385542169,0.8561746987951807,-0.003765060240963791,0.6336216455976935,0.6819152392888641,-0.04829359369117059,0.3986013986013986,0.43103448275862066,-0.03243308415722207,0.3413173652694611,0.4491017964071856,-0.10778443113772451,0.36774193548387096,0.4398826979472141,-0.07214076246334311,0.7735124067111256,0.7561517791290804,0.017360627582045263,0.3864464632234789,0.38366529616518025,0.0027811670582986725
Logistic Regression,momentum,1.0,2,456762672028211783,0.848644578313253,0.8094879518072289,0.03915662650602414,0.6827353045846292,0.6577774683191756,0.02495783626545356,0.4095744680851064,0.31932773109243695,0.09024673699266944,0.46107784431137727,0.4550898203592814,0.005988023952095856,0.43380281690140843,0.37530864197530867,0.05849417492609976,0.802286899070077,0.7618148715488919,0.04047202752118506,0.3884203679084427,0.36334680527286667,0.02507356263557603
Random Forest,momentum,1.0,2,456762672028211783,0.8524096385542169,0.8448795180722891,0.0075301204819278045,0.6336216455976935,0.6549485009309546,-0.021326855333261063,0.3986013986013986,0.3872832369942196,0.011318161607178967,0.3413173652694611,0.40119760479041916,-0.059880239520958056,0.36774193548387096,0.3941176470588235,-0.026375711574952554,0.7735124067111256,0.7453000974794597,0.028212309231665955,0.3864464632234789,0.3648184300678638,0.021628033155615123
Logistic Regression,momentum,1.0,3,4925984395056136718,0.848644578313253,0.8313253012048193,0.017319277108433728,0.6827353045846292,0.6779567480027026,0.004778556581926607,0.4095744680851064,0.3674418604651163,0.0421326076199901,0.46107784431137727,0.47305389221556887,-0.0119760479041916,0.43380281690140843,0.41361256544502617,0.020190251456382258,0.802286899070077,0.7608452345954088,0.04144166447466824,0.3884203679084427,0.3591275356792569,0.029292832229185772
Random Forest,momentum,1.0,3,4925984395056136718,0.8524096385542169,0.8463855421686747,0.006024096385542244,0.6336216455976935,0.6532464786189894,-0.019624833021295918,0.3986013986013986,0.3905325443786982,0.008068854222700372,0.3413173652694611,0.39520958083832336,-0.053892215568862256,0.36774193548387096,0.39285714285714285,-0.025115207373271886,0.7735124067111256,0.752190709021234,0.021321697689891672,0.3864464632234789,0.3690397303982699,0.017406732825208993
Logistic Regression,momentum,1.0,4,5686875765808564263,0.848644578313253,0.8185240963855421,0.030120481927710885,0.6827353045846292,0.6680721244848804,0.014663180099748763,0.4095744680851064,0.3391304347826087,0.07044403330249771,0.46107784431137727,0.46706586826347307,-0.0059880239520958,0.43380281690140843,0.3929471032745592,0.040855713626849255,0.802286899070077,0.7631507011816161,0.0391361978884609,0.3884203679084427,0.3640503332898258,0.02437003461861692
Random Forest,momentum,1.0,4,5686875765808564263,0.8524096385542169,0.8501506024096386,0.0022590361445783413,0.6336216455976935,0.6630898409898549,-0.02946819539216139,0.3986013986013986,0.40588235294117647,-0.007280954339777879,0.3413173652694611,0.41317365269461076,-0.07185628742514966,0.36774193548387096,0.4094955489614243,-0.04175361347755335,0.7735124067111256,0.7809858319536636,-0.007473425242537912,0.3864464632234789,0.3894991377591749,-0.003052674535695965
Logistic Regression,momentum,1.0,5,9133230782779840437,0.848644578313253,0.8185240963855421,0.030120481927710885,0.6827353045846292,0.6603820782208194,0.022353226363809764,0.4095744680851064,0.33482142857142855,0.07475303951367784,0.46107784431137727,0.4491017964071856,0.011976047904191656,0.43380281690140843,0.3836317135549872,0.05017110334642122,0.802286899070077,0.7635736279379226,0.03871327113215439,0.3884203679084427,0.3528890407797461,0.03553132712869661
Random Forest,momentum,1.0,5,9133230782779840437,0.8524096385542169,0.8539156626506024,-0.0015060240963854499,0.6336216455976935,0.6678065058513464,-0.03418486025365286,0.3986013986013986,0.41916167664670656,-0.020560278045307967,0.3413173652694611,0.41916167664670656,-0.07784431137724546,0.36774193548387096,0.41916167664670656,-0.0514197411628356,0.7735124067111256,0.7634034257067261,0.010108981004399498,0.3864464632234789,0.3789285618342175,0.007517901389261394
Logistic Regression,momentum,1.0,6,8428480365526014660,0.848644578313253,0.8155120481927711,0.033132530120481896,0.6827353045846292,0.6612227740900628,0.021512530494566362,0.4095744680851064,0.33043478260869563,0.07913968547641076,0.46107784431137727,0.4550898203592814,0.005988023952095856,0.43380281690140843,0.38287153652392947,0.05093128037747896,0.802286899070077,0.7553884479103807,0.046898451159696264,0.3884203679084427,0.34552766170865545,0.042892706199787245
Random Forest,momentum,1.0,6,8428480365526014660,0.8524096385542169,0.8509036144578314,0.001506024096385561,0.6336216455976935,0.6635205042112158,-0.02989885861352226,0.3986013986013986,0.40828402366863903,-0.009682625067240436,0.3413173652694611,0.41317365269461076,-0.07185628742514966,0.36774193548387096,0.4107142857142857,-0.042972350230414735,0.7735124067111256,0.7358873983299551,0.037625008381170555,0.3864464632234789,0.36102967668635483,0.025416786537124092
Logistic Regression,momentum,1.0,7,6054808025521499304,0.848644578313253,0.8155120481927711,0.033132530120481896,0.6827353045846292,0.6663494715994368,0.01638583298519236,0.4095744680851064,0.3333333333333333,0.07624113475177308,0.46107784431137727,0.46706586826347307,-0.0059880239520958,0.43380281690140843,0.38902743142144636,0.04477538547996207,0.802286899070077,0.7813159211293176,0.020970977940759417,0.3884203679084427,0.37020988260349885,0.018210485304943846
Random Forest,momentum,1.0,7,6054808025521499304,0.8524096385542169,0.8524096385542169,0.0,0.6336216455976935,0.6669451794086245,-0.033323533810931005,0.3986013986013986,0.41420118343195267,-0.015599784830554075,0.3413173652694611,0.41916167664670656,-0.07784431137724546,0.36774193548387096,0.4166666666666667,-0.04892473118279572,0.7735124067111256,0.7710470531804607,0.0024653535306649044,0.3864464632234789,0.39547349284102806,-0.009027029617549143
Logistic Regression,momentum,1.0,8,3085151343375988089,0.848644578313253,0.8079819277108434,0.04066265060240959,0.6827353045846292,0.6646061881405149,0.0181291164441143,0.4095744680851064,0.32113821138211385,0.08843625670299254,0.46107784431137727,0.47305389221556887,-0.0119760479041916,0.43380281690140843,0.38256658595641646,0.05123623094499197,0.802286899070077,0.7599013858587734,0.04238551321130357,0.3884203679084427,0.3534691801711388,0.03495118773730388
Random Forest,momentum,1.0,8,3085151343375988089,0.8524096385542169,0.8501506024096386,0.0022590361445783413,0.6336216455976935,0.6682165384992289,-0.03459489290153539,0.3986013986013986,0.40804597701149425,-0.009444578410095661,0.3413173652694611,0.4251497005988024,-0.08383233532934131,0.36774193548387096,0.41642228739002934,-0.04868035190615838,0.7735124067111256,0.7545064908941805,0.019005915816945107,0.3864464632234789,0.36232675395677294,0.02411970926670598
Logistic Regression,momentum,1.0,9,1806684799539605325,0.848644578313253,0.8072289156626506,0.04141566265060237,0.6827353045846292,0.6462320836363449,0.03650322094828429,0.4095744680851064,0.3090128755364807,0.10056159254862568,0.46107784431137727,0.4311377245508982,0.029940119760479056,0.43380281690140843,0.36,0.07380281690140844,0.802286899070077,0.7522474430982995,0.0500394559717775,0.3884203679084427,0.3280280485122381,0.0603923193962046
Random Forest,momentum,1.0,9,1806684799539605325,0.8524096385542169,0.8493975903614458,0.003012048192771122,0.6336216455976935,0.660095829013807,-0.026474183416113517,0.3986013986013986,0.40236686390532544,-0.0037654653039268515,0.3413173652694611,0.40718562874251496,-0.06586826347305386,0.36774193548387096,0.40476190476190477,-0.037019969278033804,0.7735124067111256,0.7538978889765688,0.019614517734556802,0.3864464632234789,0.380200678159642,0.006245785063836939
Logistic Regression,momentum,1.0,10,16951991467326360693,0.848644578313253,0.8192771084337349,0.029367469879518104,0.6827353045846292,0.6890095777437373,-0.0062742731591081125,0.4095744680851064,0.3510204081632653,0.058554059921841095,0.46107784431137727,0.5149700598802395,-0.0538922155688622,0.43380281690140843,0.4174757281553398,0.01632708874606864,0.802286899070077,0.7607730275882344,0.0415138714818426,0.3884203679084427,0.36742130372537785,0.020999064183064853
Random Forest,momentum,1.0,10,16951991467326360693,0.8524096385542169,0.8539156626506024,-0.0015060240963854499,0.6336216455976935,0.6626798083419724,-0.02905816274427886,0.3986013986013986,0.4171779141104294,-0.018576515509030833,0.3413173652694611,0.40718562874251496,-0.06586826347305386,0.36774193548387096,0.4121212121212121,-0.04437927663734115,0.7735124067111256,0.7545735402579854,0.018938866453140246,0.3864464632234789,0.38725022154972516,-0.00080375832624624
Logistic Regression,momentum,1.0,11,17726336719734259493,0.848644578313253,0.8207831325301205,0.027861445783132543,0.6827353045846292,0.661674067884902,0.02106123669972715,0.4095744680851064,0.3393665158371041,0.0702079522480023,0.46107784431137727,0.4491017964071856,0.011976047904191656,0.43380281690140843,0.3865979381443299,0.04720487875707852,0.802286899070077,0.7755032570517878,0.0267836420182892,0.3884203679084427,0.3596404195380795,0.028779948370363184
Random Forest,momentum,1.0,11,17726336719734259493,0.8524096385542169,0.8524096385542169,0.0,0.6336216455976935,0.6592551331445636,-0.025633487546870115,0.3986013986013986,0.4110429447852761,-0.012441546183877494,0.3413173652694611,0.40119760479041916,-0.059880239520958056,0.36774193548387096,0.40606060606060607,-0.0383186705767351,0.7735124067111256,0.7467339223362063,0.026778484374919365,0.3864464632234789,0.3626935015647196,0.02375296165875934
Logistic Regression,momentum,1.0,12,8987925659448391071,0.848644578313253,0.8147590361445783,0.033885542168674676,0.6827353045846292,0.6633554596233889,0.019379844961240233,0.4095744680851064,0.33047210300429186,0.07910236508081453,0.46107784431137727,0.46107784431137727,0.0,0.43380281690140843,0.385,0.04880281690140842,0.802286899070077,0.7599271740756214,0.042359724994455616,0.3884203679084427,0.3248667241147389,0.06355364379370382
Random Forest,momentum,1.0,12,8987925659448391071,0.8524096385542169,0.8441265060240963,0.008283132530120585,0.6336216455976935,0.6468277914455327,-0.01320614584783919,0.3986013986013986,0.38095238095238093,0.017649017649017662,0.3413173652694611,0.38323353293413176,-0.041916167664670656,0.36774193548387096,0.382089552238806,-0.014347616754935011,0.7735124067111256,0.7557236947294041,0.017788711981721494,0.3864464632234789,0.3866988549061329,-0.00025239168265400735
Logistic Regression,momentum,1.0,13,8468485071609254207,0.848644578313253,0.8237951807228916,0.02484939759036142,0.6827353045846292,0.6531433257515976,0.02959197883303155,0.4095744680851064,0.3397129186602871,0.06986154942481931,0.46107784431137727,0.4251497005988024,0.035928143712574856,0.43380281690140843,0.3776595744680851,0.056143242433323304,0.802286899070077,0.7625988333410698,0.03968806572900718,0.3884203679084427,0.34982888035199466,0.038591487556448034
Random Forest,momentum,1.0,13,8468485071609254207,0.8524096385542169,0.8531626506024096,-0.0007530120481926694,0.6336216455976935,0.6673758426299855,-0.03375419703229199,0.3986013986013986,0.4166666666666667,-0.018065268065268092,0.3413173652694611,0.41916167664670656,-0.07784431137724546,0.36774193548387096,0.417910447761194,-0.05016851227732305,0.7735124067111256,0.7660492967553266,0.007463109955799019,0.3864464632234789,0.369737135429612,0.016709327793866913
Logistic Regression,momentum,1.0,14,14892091365253925652,0.848644578313253,0.8162650602409639,0.032379518072289115,0.6827353045846292,0.6514000422926757,0.03133526229195349,0.4095744680851064,0.3257918552036199,0.08378261288148647,0.46107784431137727,0.4311377245508982,0.029940119760479056,0.43380281690140843,0.3711340206185567,0.06266879628285171,0.802286899070077,0.7674521757518554,0.03483472331822157,0.3884203679084427,0.36033010514762603,0.028090262760816664
Random Forest,momentum,1.0,14,14892091365253925652,0.8524096385542169,0.8531626506024096,-0.0007530120481926694,0.6336216455976935,0.6699391913846725,-0.03631754578697899,0.3986013986013986,0.4176470588235294,-0.019045660222130834,0.3413173652694611,0.4251497005988024,-0.08383233532934131,0.36774193548387096,0.42136498516320475,-0.05362304967933379,0.7735124067111256,0.7602985243982319,0.013213882312893777,0.3864464632234789,0.37688830940966767,0.009558153813811254
Logistic Regression,momentum,1.0,15,6920751832496792160,0.848644578313253,0.8260542168674698,0.02259036144578319,0.6827353045846292,0.6851955004719243,-0.00246019588729518,0.4095744680851064,0.36086956521739133,0.04870490286771506,0.46107784431137727,0.49700598802395207,-0.0359281437125748,0.43380281690140843,0.4181360201511335,0.015666796750274936,0.802286899070077,0.7585036645056141,0.04378323456446287,0.3884203679084427,0.3671066638369711,0.021313704071471595
Random Forest,momentum,1.0,15,6920751832496792160,0.8524096385542169,0.8516566265060241,0.0007530120481927804,0.6336216455976935,0.6690778649419508,-0.035456219344257245,0.3986013986013986,0.4127906976744186,-0.014189299073020023,0.3413173652694611,0.4251497005988024,-0.08383233532934131,0.36774193548387096,0.41887905604719766,-0.0511371205633267,0.7735124067111256,0.7632074352586815,0.010304971452444134,0.3864464632234789,0.39445120701714814,-0.008004743793669222
Logistic Regression,momentum,1.0,16,17413755435746360313,0.848644578313253,0.8162650602409639,0.032379518072289115,0.6827353045846292,0.6770335298395458,0.005701774745083377,0.4095744680851064,0.34024896265560167,0.06932550542950472,0.46107784431137727,0.49101796407185627,-0.029940119760479,0.43380281690140843,0.4019607843137255,0.03184203258768292,0.802286899070077,0.7554709702042942,0.046815928865782785,0.3884203679084427,0.35783666545378884,0.03058370245465386
Random Forest,momentum,1.0,16,17413755435746360313,0.8524096385542169,0.8546686746987951,-0.0022590361445782303,0.6336216455976935,0.6708005178273944,-0.03717887222970084,0.3986013986013986,0.4226190476190476,-0.024017649017649023,0.3413173652694611,0.4251497005988024,-0.08383233532934131,0.36774193548387096,0.42388059701492536,-0.0561386615310544,0.7735124067111256,0.7732957856896026,0.00021662102152308904,0.3864464632234789,0.3926666404162346,-0.006220177192755694
Logistic Regression,momentum,1.0,17,9936173285943715400,0.848644578313253,0.8237951807228916,0.02484939759036142,0.6827353045846292,0.6480166282422235,0.03471867634240566,0.4095744680851064,0.33658536585365856,0.07298910223144783,0.46107784431137727,0.41317365269461076,0.04790419161676651,0.43380281690140843,0.3709677419354839,0.06283507496592455,0.802286899070077,0.7566984893262569,0.04558840974382006,0.3884203679084427,0.34132734950108806,0.047093018407354637
Random Forest,momentum,1.0,17,9936173285943715400,0.8524096385542169,0.8478915662650602,0.004518072289156683,0.6336216455976935,0.6541078050617113,-0.020486159464017772,0.3986013986013986,0.39520958083832336,0.0033918177630752333,0.3413173652694611,0.39520958083832336,-0.053892215568862256,0.36774193548387096,0.39520958083832336,-0.027467645354452397,0.7735124067111256,0.7464347790207698,0.02707762769035582,0.3864464632234789,0.3789538670376393,0.0074925961858396395
Logistic Regression,momentum,1.0,18,17130213927739450148,0.848644578313253,0.8140060240963856,0.034638554216867457,0.6827353045846292,0.670614842666089,0.012120461918540215,0.4095744680851064,0.3333333333333333,0.07624113475177308,0.46107784431137727,0.47904191616766467,-0.0179640718562874,0.43380281690140843,0.3931203931203931,0.04068242378101533,0.802286899070077,0.765930670957826,0.03635622811225103,0.3884203679084427,0.3497051620652239,0.0387152058432188
Random Forest,momentum,1.0,18,17130213927739450148,0.8524096385542169,0.8478915662650602,0.004518072289156683,0.6336216455976935,0.6592345025710853,-0.025612856973391773,0.3986013986013986,0.39766081871345027,0.0009405798879483229,0.3413173652694611,0.40718562874251496,-0.06586826347305386,0.36774193548387096,0.40236686390532544,-0.03462492842145448,0.7735124067111256,0.7621294877944369,0.011382918916688745,0.3864464632234789,0.37883016080204357,0.00761630242143535
Logistic Regression,momentum,1.0,19,10989385057158259435,0.848644578313253,0.8268072289156626,0.02183734939759041,0.6827353045846292,0.6804994661839112,0.002235838400717949,0.4095744680851064,0.36,0.049574468085106405,0.46107784431137727,0.48502994011976047,-0.0239520958083832,0.43380281690140843,0.413265306122449,0.020537510778959434,0.802286899070077,0.7814293892834485,0.02085750978662848,0.3884203679084427,0.3734721769439439,0.014948190964498786
Random Forest,momentum,1.0,19,10989385057158259435,0.8524096385542169,0.8539156626506024,-0.0015060240963854499,0.6336216455976935,0.6754965521154075,-0.04187490651771397,0.3986013986013986,0.42196531791907516,-0.023363919317676562,0.3413173652694611,0.437125748502994,-0.09580838323353291,0.36774193548387096,0.4294117647058823,-0.06166982922201136,0.7735124067111256,0.7602366326777968,0.013275774033328802,0.3864464632234789,0.3848352303376166,0.001611232885862346
Logistic Regression,momentum,1.0,20,5829772438735850033,0.848644578313253,0.8185240963855421,0.030120481927710885,0.6827353045846292,0.6680721244848804,0.014663180099748763,0.4095744680851064,0.3391304347826087,0.07044403330249771,0.46107784431137727,0.46706586826347307,-0.0059880239520958,0.43380281690140843,0.3929471032745592,0.040855713626849255,0.802286899070077,0.76638454357435,0.035902355495726956,0.3884203679084427,0.35781889796325417,0.03060146994518853
Random Forest,momentum,1.0,20,5829772438735850033,0.8524096385542169,0.8516566265060241,0.0007530120481927804,0.6336216455976935,0.6665145161872637,-0.03289287058957013,0.3986013986013986,0.4117647058823529,-0.013163307280954328,0.3413173652694611,0.41916167664670656,-0.07784431137724546,0.36774193548387096,0.41543026706231456,-0.0476883315784436,0.7735124067111256,0.7570182632151716,0.016494143495954017,0.3864464632234789,0.3827626872336301,0.0036837759898488143
Logistic Regression,momentum,1.0,21,651129213400234278,0.848644578313253,0.8200301204819277,0.028614457831325324,0.6827353045846292,0.6561167071541671,0.02661859743046202,0.4095744680851064,0.3348623853211009,0.07471208276400548,0.46107784431137727,0.437125748502994,0.023952095808383256,0.43380281690140843,0.37922077922077924,0.05458203768062919,0.802286899070077,0.7596950801239899,0.0425918189460871,0.3884203679084427,0.36367336816678186,0.024746999741660836
Random Forest,momentum,1.0,21,651129213400234278,0.8524096385542169,0.8501506024096386,0.0022590361445783413,0.6336216455976935,0.6528364459711069,-0.019214800373413388,0.3986013986013986,0.4012345679012346,-0.00263316929983598,0.3413173652694611,0.38922155688622756,-0.047904191616766456,0.36774193548387096,0.3951367781155015,-0.027394842631630556,0.7735124067111256,0.7628773460830277,0.010635060628097937,0.3864464632234789,0.37039140791320063,0.016055055310278288
Logistic Regression,momentum,1.0,22,14224049082330152426,0.848644578313253,0.8260542168674698,0.02259036144578319,0.6827353045846292,0.6800688029625503,0.0026665016220788207,0.4095744680851064,0.3584070796460177,0.05116738843908869,0.46107784431137727,0.48502994011976047,-0.0239520958083832,0.43380281690140843,0.4122137404580153,0.02158907644339314,0.802286899070077,0.7523815418259089,0.049905357244168114,0.3884203679084427,0.3691391246622393,0.019281243246203394
Random Forest,momentum,1.0,22,14224049082330152426,0.8524096385542169,0.8531626506024096,-0.0007530120481926694,0.6336216455976935,0.6622491451206115,-0.028627499522917987,0.3986013986013986,0.4146341463414634,-0.0160327477400648,0.3413173652694611,0.40718562874251496,-0.06586826347305386,0.36774193548387096,0.4108761329305136,-0.04313419744664265,0.7735124067111256,0.7455682949346785,0.027944111776447178,0.3864464632234789,0.3635587081153501,0.022887755108128793
Logistic Regression,momentum,1.0,23,4398344639560421317,0.848644578313253,0.8192771084337349,0.029367469879518104,0.6827353045846292,0.6685027877062413,0.01423251687838789,0.4095744680851064,0.3406113537117904,0.06896311437331598,0.46107784431137727,0.46706586826347307,-0.0059880239520958,0.43380281690140843,0.3939393939393939,0.039863422962014505,0.802286899070077,0.7568893221309319,0.045397576939145146,0.3884203679084427,0.34765396620034156,0.04076640170810114
Random Forest,momentum,1.0,23,4398344639560421317,0.8524096385542169,0.8471385542168675,0.005271084337349463,0.6336216455976935,0.6588038393497243,-0.02518219375203079,0.3986013986013986,0.3953488372093023,0.003252561392096287,0.3413173652694611,0.40718562874251496,-0.06586826347305386,0.36774193548387096,0.40117994100294985,-0.033438005519078884,0.7735124067111256,0.7419940480795515,0.03151835863157415,0.3864464632234789,0.3564001186719718,0.03004634455150712
Logistic Regression,momentum,1.0,24,6118059108748911238,0.848644578313253,0.8215361445783133,0.027108433734939763,0.6827353045846292,0.6621047311062629,0.020630573478366276,0.4095744680851064,0.3409090909090909,0.06866537717601551,0.46107784431137727,0.4491017964071856,0.011976047904191656,0.43380281690140843,0.3875968992248062,0.046205917676602204,0.802286899070077,0.7589059606884423,0.043380938381634704,0.3884203679084427,0.34190796547065394,0.04651240243778876
Random Forest,momentum,1.0,24,6118059108748911238,0.8524096385542169,0.8493975903614458,0.003012048192771122,0.6336216455976935,0.660095829013807,-0.026474183416113517,0.3986013986013986,0.40236686390532544,-0.0037654653039268515,0.3413173652694611,0.40718562874251496,-0.06586826347305386,0.36774193548387096,0.40476190476190477,-0.037019969278033804,0.7735124067111256,0.7413854461619396,0.03212696054918607,0.3864464632234789,0.370065206618419,0.016381256605059902
Logistic Regression,momentum,1.0,25,360716818040742574,0.848644578313253,0.8102409638554217,0.03840361445783136,0.6827353045846292,0.6530814340311625,0.029653870553466688,0.4095744680851064,0.31759656652360513,0.09197790156150126,0.46107784431137727,0.4431137724550898,0.017964071856287456,0.43380281690140843,0.37,0.06380281690140843,0.802286899070077,0.7551150928117925,0.04717180625828454,0.3884203679084427,0.3370706292870465,0.05134973862139619
Random Forest,momentum,1.0,25,360716818040742574,0.8524096385542169,0.8569277108433735,-0.004518072289156572,0.6336216455976935,0.66952915873679,-0.03590751313909646,0.3986013986013986,0.4294478527607362,-0.030846454159337622,0.3413173652694611,0.41916167664670656,-0.07784431137724546,0.36774193548387096,0.42424242424242425,-0.05650048875855329,0.7735124067111256,0.7786287889337604,-0.005116382222634774,0.3864464632234789,0.39043359705834424,-0.00398713383486532
Logistic Regression,momentum,1.0,26,11687669843243783130,0.848644578313253,0.8162650602409639,0.032379518072289115,0.6827353045846292,0.6488366935379886,0.0338986110466406,0.4095744680851064,0.3242009132420091,0.08537355484309728,0.46107784431137727,0.4251497005988024,0.035928143712574856,0.43380281690140843,0.36787564766839376,0.06592716923301467,0.802286899070077,0.7554451819874464,0.04684171708263063,0.3884203679084427,0.35329953711331735,0.035120830795125346
Random Forest,momentum,1.0,26,11687669843243783130,0.8524096385542169,0.8546686746987951,-0.0022590361445782303,0.6336216455976935,0.6784905640914554,-0.044868918493761845,0.3986013986013986,0.42528735632183906,-0.026685957720440467,0.3413173652694611,0.4431137724550898,-0.10179640718562871,0.36774193548387096,0.4340175953079179,-0.06627565982404693,0.7735124067111256,0.7506331007236173,0.022879305987508314,0.3864464632234789,0.38651999135562964,-7.352813215072418e-05
Logistic Regression,momentum,1.0,27,2673395536523575374,0.848644578313253,0.8207831325301205,0.027861445783132543,0.6827353045846292,0.661674067884902,0.02106123669972715,0.4095744680851064,0.3393665158371041,0.0702079522480023,0.46107784431137727,0.4491017964071856,0.011976047904191656,0.43380281690140843,0.3865979381443299,0.04720487875707852,0.802286899070077,0.7470072774347944,0.05527962163528255,0.3884203679084427,0.3479760748557076,0.040444293052735114
Random Forest,momentum,1.0,27,2673395536523575374,0.8524096385542169,0.8516566265060241,0.0007530120481927804,0.6336216455976935,0.6613878186778896,-0.027766173080196133,0.3986013986013986,0.40963855421686746,-0.011037155615468863,0.3413173652694611,0.40718562874251496,-0.06586826347305386,0.36774193548387096,0.4084084084084084,-0.040666472924537456,0.7735124067111256,0.7486783538865422,0.024834052824583397,0.3864464632234789,0.3706517018375367,0.015794761385942213
Logistic Regression,momentum,1.0,28,11855338219532113387,0.848644578313253,0.8079819277108434,0.04066265060240959,0.6827353045846292,0.6543527931217668,0.028382511462862414,0.4095744680851064,0.31512605042016806,0.09444841766493833,0.46107784431137727,0.4491017964071856,0.011976047904191656,0.43380281690140843,0.37037037037037035,0.06343244653103808,0.802286899070077,0.7499265035819833,0.05236039548809368,0.3884203679084427,0.3560829500236582,0.0323374178847845
Random Forest,momentum,1.0,28,11855338219532113387,0.8524096385542169,0.8471385542168675,0.005271084337349463,0.6336216455976935,0.6511137930856633,-0.01749214748796979,0.3986013986013986,0.39156626506024095,0.0070351335411576454,0.3413173652694611,0.38922155688622756,-0.047904191616766456,0.36774193548387096,0.39039039039039036,-0.0226484549065194,0.7735124067111256,0.7501431246035062,0.02336928210761946,0.3864464632234789,0.37322299657435554,0.013223466649123383
Logistic Regression,momentum,1.0,29,9110722840404330260,0.848644578313253,0.8117469879518072,0.0368975903614458,0.6827353045846292,0.6539427604738842,0.028792544110744944,0.4095744680851064,0.3203463203463203,0.08922814773878607,0.46107784431137727,0.4431137724550898,0.017964071856287456,0.43380281690140843,0.37185929648241206,0.06194352041899637,0.802286899070077,0.7627845085023751,0.039502390567701884,0.3884203679084427,0.3505581075280976,0.037862260380345125
Random Forest,momentum,1.0,29,9110722840404330260,0.8524096385542169,0.8501506024096386,0.0022590361445783413,0.6336216455976935,0.6630898409898549,-0.02946819539216139,0.3986013986013986,0.40588235294117647,-0.007280954339777879,0.3413173652694611,0.41317365269461076,-0.07185628742514966,0.36774193548387096,0.4094955489614243,-0.04175361347755335,0.7735124067111256,0.7649713492910819,0.00854105742004374,0.3864464632234789,0.3745323806001571,0.011914082623321831
Logistic Regression,volume_and_range,0.05,0,13448423235592854622,0.848644578313253,0.8471385542168675,0.001506024096385561,0.6827353045846292,0.6793106293872204,0.003424675197408744,0.4095744680851064,0.40425531914893614,0.005319148936170248,0.46107784431137727,0.4550898203592814,0.005988023952095856,0.43380281690140843,0.428169014084507,0.005633802816901401,0.802286899070077,0.8021063815521413,0.0001805175179356855,0.3884203679084427,0.3887692567603092,-0.0003488888518665134
Random Forest,volume_and_range,0.05,0,13448423235592854622,0.8524096385542169,0.8546686746987951,-0.0022590361445782303,0.6336216455976935,0.6374769840164632,-0.003855338418769727,0.3986013986013986,0.4084507042253521,-0.00984930562395353,0.3413173652694611,0.3473053892215569,-0.0059880239520958,0.36774193548387096,0.37540453074433655,-0.007662595260465588,0.7735124067111256,0.7756631439962453,-0.0021507372851196083,0.3864464632234789,0.38724746244300895,-0.0008009992195300297
Logistic Regression,volume_and_range,0.05,1,15522015299445475543,0.848644578313253,0.8471385542168675,0.001506024096385561,0.6827353045846292,0.6767472806325334,0.0059880239520957446,0.4095744680851064,0.4032258064516129,0.006348661633493513,0.46107784431137727,0.4491017964071856,0.011976047904191656,0.43380281690140843,0.42492917847025496,0.008873638431153463,0.802286899070077,0.80237457900736,-8.767993728298062e-05,0.3884203679084427,0.3886063269378067,-0.00018595902936402453
Random Forest,volume_and_range,0.05,1,15522015299445475543,0.8524096385542169,0.8539156626506024,-0.0015060240963854499,0.6336216455976935,0.6344829720404153,-0.0008613264427217437,0.3986013986013986,0.40425531914893614,-0.00565392054753755,0.3413173652694611,0.3413173652694611,0.0,0.36774193548387096,0.37012987012987014,-0.002387934645999179,0.7735124067111256,0.7751215914424381,-0.0016091847313124408,0.3864464632234789,0.3842140552452144,0.0022324079782645168
Logistic Regression,volume_and_range,0.05,2,8239553861599006844,0.848644578313253,0.8463855421686747,0.0022590361445783413,0.6827353045846292,0.6814433149205466,0.0012919896640826156,0.4095744680851064,0.4031413612565445,0.0064331068285619075,0.46107784431137727,0.46107784431137727,0.0,0.43380281690140843,0.4301675977653631,0.003635219136045309,0.802286899070077,0.8010903258083316,0.0011965732617453817,0.3884203679084427,0.387407482240469,0.0010128856679736953
Random Forest,volume_and_range,0.05,2,8239553861599006844,0.8524096385542169,0.8554216867469879,-0.0030120481927710108,0.6336216455976935,0.6379076472378241,-0.004286001640130599,0.3986013986013986,0.41134751773049644,-0.012746119129097844,0.3413173652694611,0.3473053892215569,-0.0059880239520958,0.36774193548387096,0.37662337662337664,-0.008881441139505675,0.7735124067111256,0.7730172729476448,0.0004951337634808706,0.3864464632234789,0.384850980264935,0.0015954829585438923
Logistic Regression,volume_and_range,0.05,3,13690111084898753583,0.848644578313253,0.8471385542168675,0.001506024096385561,0.6827353045846292,0.6793106293872204,0.003424675197408744,0.4095744680851064,0.40425531914893614,0.005319148936170248,0.46107784431137727,0.4550898203592814,0.005988023952095856,0.43380281690140843,0.428169014084507,0.005633802816901401,0.802286899070077,0.8018794452438792,0.0004074538261977789,0.3884203679084427,0.3882474185448206,0.00017294936362211022
Random Forest,volume_and_range,0.05,3,13690111084898753583,0.8524096385542169,0.8569277108433735,-0.004518072289156572,0.6336216455976935,0.641332322435233,-0.007710676837539454,0.3986013986013986,0.41843971631205673,-0.019838317710658138,0.3413173652694611,0.3532934131736527,-0.0119760479041916,0.36774193548387096,0.38311688311688313,-0.01537494763301217,0.7735124067111256,0.7764213175715752,-0.0029089108604495317,0.3864464632234789,0.38561928518514005,0.0008271780383388716
Logistic Regression,volume_and_range,0.05,4,10861808680279437288,0.848644578313253,0.848644578313253,0.0,0.6827353045846292,0.6801719558299422,0.0025633487546870004,0.4095744680851064,0.40860215053763443,0.000972317547471957,0.46107784431137727,0.4550898203592814,0.005988023952095856,0.43380281690140843,0.43059490084985835,0.003207916051550075,0.802286899070077,0.8004714086039807,0.0018154904660963034,0.3884203679084427,0.39017385000389254,-0.0017534820954498431
Random Forest,volume_and_range,0.05,4,10861808680279437288,0.8524096385542169,0.8539156626506024,-0.0015060240963854499,0.6336216455976935,0.6344829720404153,-0.0008613264427217437,0.3986013986013986,0.40425531914893614,-0.00565392054753755,0.3413173652694611,0.3413173652694611,0.0,0.36774193548387096,0.37012987012987014,-0.002387934645999179,0.7735124067111256,0.7721198430013358,0.0013925637097897958,0.3864464632234789,0.3863738398030048,7.262342047409387e-05
Logistic Regression,volume_and_range,0.05,5,555064778899187068,0.848644578313253,0.8463855421686747,0.0022590361445783413,0.6827353045846292,0.6788799661658594,0.003855338418769727,0.4095744680851064,0.4021164021164021,0.007458065968704297,0.46107784431137727,0.4550898203592814,0.005988023952095856,0.43380281690140843,0.42696629213483145,0.006836524766576979,0.802286899070077,0.8030553879321461,-0.0007684888620691499,0.3884203679084427,0.3891108035735946,-0.0006904356651519228
Random Forest,volume_and_range,0.05,5,555064778899187068,0.8524096385542169,0.8546686746987951,-0.0022590361445782303,0.6336216455976935,0.6374769840164632,-0.003855338418769727,0.3986013986013986,0.4084507042253521,-0.00984930562395353,0.3413173652694611,0.3473053892215569,-0.0059880239520958,0.36774193548387096,0.37540453074433655,-0.007662595260465588,0.7735124067111256,0.7738579688168882,-0.0003455621057625313,0.3864464632234789,0.38569706224013295,0.0007494009833459714
Logistic Regression,volume_and_range,0.05,6,10146386469322506712,0.848644578313253,0.8463855421686747,0.0022590361445783413,0.6827353045846292,0.6814433149205466,0.0012919896640826156,0.4095744680851064,0.4031413612565445,0.0064331068285619075,0.46107784431137727,0.46107784431137727,0.0,0.43380281690140843,0.4301675977653631,0.003635219136045309,0.802286899070077,0.8015441984248558,0.0007427006452211948,0.3884203679084427,0.38888431660861345,-0.0004639487001707465
Random Forest,volume_and_range,0.05,6,10146386469322506712,0.8524096385542169,0.8531626506024096,-0.0007530120481926694,0.6336216455976935,0.6314889600643674,0.0021326855333261285,0.3986013986013986,0.4,-0.001398601398601429,0.3413173652694611,0.33532934131736525,0.005988023952095856,0.36774193548387096,0.36482084690553745,0.0029210885783335083,0.7735124067111256,0.7750184385750463,-0.0015060318639206205,0.3864464632234789,0.38444758659936623,0.0019988766241126887
Logistic Regression,volume_and_range,0.05,7,13791878555202783035,0.848644578313253,0.848644578313253,0.0,0.6827353045846292,0.6801719558299422,0.0025633487546870004,0.4095744680851064,0.40860215053763443,0.000972317547471957,0.46107784431137727,0.4550898203592814,0.005988023952095856,0.43380281690140843,0.43059490084985835,0.003207916051550075,0.802286899070077,0.8017144006560522,0.0005724984140248468,0.3884203679084427,0.38671903544153136,0.0017013324669113428
Random Forest,volume_and_range,0.05,7,13791878555202783035,0.8524096385542169,0.8539156626506024,-0.0015060240963854499,0.6336216455976935,0.6344829720404153,-0.0008613264427217437,0.3986013986013986,0.40425531914893614,-0.00565392054753755,0.3413173652694611,0.3413173652694611,0.0,0.36774193548387096,0.37012987012987014,-0.002387934645999179,0.7735124067111256,0.7742086885660203,-0.0006962818548946759,0.3864464632234789,0.3861919139115145,0.0002545493119644471
Logistic Regression,volume_and_range,0.05,8,7552889606195449837,0.848644578313253,0.8471385542168675,0.001506024096385561,0.6827353045846292,0.6793106293872204,0.003424675197408744,0.4095744680851064,0.40425531914893614,0.005319148936170248,0.46107784431137727,0.4550898203592814,0.005988023952095856,0.43380281690140843,0.428169014084507,0.005633802816901401,0.802286899070077,0.8023642637206208,-7.736465054375419e-05,0.3884203679084427,0.38896272435324747,-0.0005423564448047702
Random Forest,volume_and_range,0.05,8,7552889606195449837,0.8524096385542169,0.8516566265060241,0.0007530120481927804,0.6336216455976935,0.6357543311310196,-0.0021326855333261285,0.3986013986013986,0.3972602739726027,0.0013411246287958756,0.3413173652694611,0.3473053892215569,-0.0059880239520958,0.36774193548387096,0.3706070287539936,-0.0028650932701226317,0.7735124067111256,0.7779428223656047,-0.004430415654479103,0.3864464632234789,0.3861843601078932,0.0002621031155857212
Logistic Regression,volume_and_range,0.05,9,2191601684602233208,0.848644578313253,0.8456325301204819,0.003012048192771122,0.6827353045846292,0.6810126516991856,0.0017226528854435985,0.4095744680851064,0.4010416666666667,0.008532801418439706,0.46107784431137727,0.46107784431137727,0.0,0.43380281690140843,0.42896935933147634,0.004833457569932087,0.802286899070077,0.8019361793209445,0.0003507197491324776,0.3884203679084427,0.3884654152497794,-4.504734133670141e-05
Random Forest,volume_and_range,0.05,9,2191601684602233208,0.8524096385542169,0.8554216867469879,-0.0030120481927710108,0.6336216455976935,0.6379076472378241,-0.004286001640130599,0.3986013986013986,0.41134751773049644,-0.012746119129097844,0.3413173652694611,0.3473053892215569,-0.0059880239520958,0.36774193548387096,0.37662337662337664,-0.008881441139505675,0.7735124067111256,0.7743943637273257,-0.0008819570162000856,0.3864464632234789,0.3856646839383277,0.0007817792851512184
Logistic Regression,volume_and_range,0.05,10,6275405974445275427,0.848644578313253,0.8471385542168675,0.001506024096385561,0.6827353045846292,0.6818739781419074,0.0008613264427217437,0.4095744680851064,0.4052631578947368,0.004311310190369566,0.46107784431137727,0.46107784431137727,0.0,0.43380281690140843,0.43137254901960786,0.002430267881800563,0.802286899070077,0.8022456379231202,4.1261146956794725e-05,0.3884203679084427,0.38990654382078166,-0.0014861759123389606
Random Forest,volume_and_range,0.05,10,6275405974445275427,0.8524096385542169,0.8554216867469879,-0.0030120481927710108,0.6336216455976935,0.6353442984831371,-0.0017226528854435985,0.3986013986013986,0.41007194244604317,-0.011470543844644576,0.3413173652694611,0.3413173652694611,0.0,0.36774193548387096,0.37254901960784315,-0.004807084123972183,0.7735124067111256,0.7761221742561389,-0.0026097675450132973,0.3864464632234789,0.3845135312828282,0.001932931940650695
Logistic Regression,volume_and_range,0.05,11,16602405568452025016,0.848644578313253,0.848644578313253,0.0,0.6827353045846292,0.6827353045846292,0.0,0.4095744680851064,0.4095744680851064,0.0,0.46107784431137727,0.46107784431137727,0.0,0.43380281690140843,0.43380281690140843,0.0,0.802286899070077,0.8030192844285589,-0.0007323853584818574,0.3884203679084427,0.3877576135242657,0.0006627543841770112
Random Forest,volume_and_range,0.05,11,16602405568452025016,0.8524096385542169,0.8576807228915663,-0.005271084337349352,0.6336216455976935,0.6391996369019068,-0.0055779913042133256,0.3986013986013986,0.42028985507246375,-0.021688456471065154,0.3413173652694611,0.3473053892215569,-0.0059880239520958,0.36774193548387096,0.380327868852459,-0.012585933368588043,0.7735124067111256,0.7747760293366754,-0.0012636226255497984,0.3864464632234789,0.387976391404932,-0.0015299281814530885
Logistic Regression,volume_and_range,0.05,12,7235560035083899857,0.848644578313253,0.8441265060240963,0.004518072289156683,0.6827353045846292,0.6775879765017768,0.005147328082852343,0.4095744680851064,0.3958333333333333,0.013741134751773076,0.46107784431137727,0.4550898203592814,0.005988023952095856,0.43380281690140843,0.4233983286908078,0.010404488210600638,0.802286899070077,0.8012553703961585,0.0010315286739185359,0.3884203679084427,0.3900348490501168,-0.0016144811416741178
Random Forest,volume_and_range,0.05,12,7235560035083899857,0.8524096385542169,0.8546686746987951,-0.0022590361445782303,0.6336216455976935,0.6349136352617761,-0.0012919896640826156,0.3986013986013986,0.40714285714285714,-0.008541458541458546,0.3413173652694611,0.3413173652694611,0.0,0.36774193548387096,0.3713355048859935,-0.0035935694021225206,0.7735124067111256,0.7741467968455853,-0.0006343901344596503,0.3864464632234789,0.3861949446604031,0.00025151856307581433
Logistic Regression,volume_and_range,0.05,13,9198411549763726269,0.848644578313253,0.8456325301204819,0.003012048192771122,0.6827353045846292,0.6810126516991856,0.0017226528854435985,0.4095744680851064,0.4010416666666667,0.008532801418439706,0.46107784431137727,0.46107784431137727,0.0,0.43380281690140843,0.42896935933147634,0.004833457569932087,0.802286899070077,0.8026788799661658,-0.00039198089608882825,0.3884203679084427,0.3894138190281744,-0.000993451119731703
Random Forest,volume_and_range,0.05,13,9198411549763726269,0.8524096385542169,0.8576807228915663,-0.005271084337349352,0.6336216455976935,0.6391996369019068,-0.0055779913042133256,0.3986013986013986,0.42028985507246375,-0.021688456471065154,0.3413173652694611,0.3473053892215569,-0.0059880239520958,0.36774193548387096,0.380327868852459,-0.012585933368588043,0.7735124067111256,0.7745336200983047,-0.0010212133871790874,0.3864464632234789,0.3863245728445046,0.00012189037897430977
Logistic Regression,volume_and_range,0.05,14,10093411442283284776,0.848644578313253,0.8471385542168675,0.001506024096385561,0.6827353045846292,0.6793106293872204,0.003424675197408744,0.4095744680851064,0.40425531914893614,0.005319148936170248,0.46107784431137727,0.4550898203592814,0.005988023952095856,0.43380281690140843,0.428169014084507,0.005633802816901401,0.802286899070077,0.8005951920448509,0.0016917070252261412,0.3884203679084427,0.38600461100629496,0.0024157569021477365
Random Forest,volume_and_range,0.05,14,10093411442283284776,0.8524096385542169,0.8554216867469879,-0.0030120481927710108,0.6336216455976935,0.6379076472378241,-0.004286001640130599,0.3986013986013986,0.41134751773049644,-0.012746119129097844,0.3413173652694611,0.3473053892215569,-0.0059880239520958,0.36774193548387096,0.37662337662337664,-0.008881441139505675,0.7735124067111256,0.7714235611464411,0.0020888455646845827,0.3864464632234789,0.38533926381650074,0.0011071994069781765
Logistic Regression,volume_and_range,0.05,15,3089682172557482462,0.848644578313253,0.8509036144578314,-0.0022590361445783413,0.6827353045846292,0.6840272942487119,-0.0012919896640827266,0.4095744680851064,0.41621621621621624,-0.006641748131109848,0.46107784431137727,0.46107784431137727,0.0,0.43380281690140843,0.4375,-0.003697183098591572,0.802286899070077,0.8026737223227962,-0.00038682325271921503,0.3884203679084427,0.388379585650112,4.0782258330707144e-05
Random Forest,volume_and_range,0.05,15,3089682172557482462,0.8524096385542169,0.8531626506024096,-0.0007530120481926694,0.6336216455976935,0.6340523088190544,-0.00043066322136087187,0.3986013986013986,0.4014084507042254,-0.002807052102826779,0.3413173652694611,0.3413173652694611,0.0,0.36774193548387096,0.36893203883495146,-0.001190103351080496,0.7735124067111256,0.773734185376018,-0.0002217786648923692,0.3864464632234789,0.3874625082133924,-0.0010160449899134782
Logistic Regression,volume_and_range,0.05,16,3780946225029256712,0.848644578313253,0.8493975903614458,-0.0007530120481927804,0.6827353045846292,0.6831659678059901,-0.0004306632213609829,0.4095744680851064,0.4117647058823529,-0.0021902377972465303,0.46107784431137727,0.46107784431137727,0.0,0.43380281690140843,0.4350282485875706,-0.0012254316861621817,0.802286899070077,0.8017247159427915,0.0005621831272855093,0.3884203679084427,0.3901030240476999,-0.0016826561392572215
Random Forest,volume_and_range,0.05,16,3780946225029256712,0.8524096385542169,0.8546686746987951,-0.0022590361445782303,0.6336216455976935,0.6374769840164632,-0.003855338418769727,0.3986013986013986,0.4084507042253521,-0.00984930562395353,0.3413173652694611,0.3473053892215569,-0.0059880239520958,0.36774193548387096,0.37540453074433655,-0.007662595260465588,0.7735124067111256,0.7754465229747224,-0.0019341162635967413,0.3864464632234789,0.38836507390831804,-0.0019186106848391171
Logistic Regression,volume_and_range,0.05,17,15030390448193407667,0.848644578313253,0.8463855421686747,0.0022590361445783413,0.6827353045846292,0.6814433149205466,0.0012919896640826156,0.4095744680851064,0.4031413612565445,0.0064331068285619075,0.46107784431137727,0.46107784431137727,0.0,0.43380281690140843,0.4301675977653631,0.003635219136045309,0.802286899070077,0.8032255901633426,-0.000938691093265609,0.3884203679084427,0.39051277040162763,-0.0020924024931849305
Random Forest,volume_and_range,0.05,17,15030390448193407667,0.8524096385542169,0.8539156626506024,-0.0015060240963854499,0.6336216455976935,0.6396096695497893,-0.0059880239520957446,0.3986013986013986,0.4068965517241379,-0.008295153122739318,0.3413173652694611,0.3532934131736527,-0.0119760479041916,0.36774193548387096,0.3782051282051282,-0.01046319272125723,0.7735124067111256,0.7765141551522279,-0.0030017484411022366,0.3864464632234789,0.38783346340513675,-0.001387000181657827
Logistic Regression,volume_and_range,0.05,18,15578858095672506228,0.848644578313253,0.8471385542168675,0.001506024096385561,0.6827353045846292,0.6818739781419074,0.0008613264427217437,0.4095744680851064,0.4052631578947368,0.004311310190369566,0.46107784431137727,0.46107784431137727,0.0,0.43380281690140843,0.43137254901960786,0.002430267881800563,0.802286899070077,0.8006158226183292,0.0016710764517477994,0.3884203679084427,0.3874326887102653,0.0009876791981773825
Random Forest,volume_and_range,0.05,18,15578858095672506228,0.8524096385542169,0.8516566265060241,0.0007530120481927804,0.6336216455976935,0.6331909823763326,0.00043066322136087187,0.3986013986013986,0.3958333333333333,0.0027680652680652784,0.3413173652694611,0.3413173652694611,0.0,0.36774193548387096,0.3665594855305466,0.0011824499533243382,0.7735124067111256,0.7731823175354716,0.00033008917565402474,0.3864464632234789,0.3854974012545881,0.0009490619688908297
Logistic Regression,volume_and_range,0.05,19,11077928512082606429,0.848644578313253,0.8471385542168675,0.001506024096385561,0.6827353045846292,0.6818739781419074,0.0008613264427217437,0.4095744680851064,0.4052631578947368,0.004311310190369566,0.46107784431137727,0.46107784431137727,0.0,0.43380281690140843,0.43137254901960786,0.002430267881800563,0.802286899070077,0.8011573751721364,0.001129523897940632,0.3884203679084427,0.3877504770563612,0.0006698908520815228
Random Forest,volume_and_range,0.05,19,11077928512082606429,0.8524096385542169,0.8539156626506024,-0.0015060240963854499,0.6336216455976935,0.6319196232857283,0.0017020223119652567,0.3986013986013986,0.4028776978417266,-0.004276299240328019,0.3413173652694611,0.33532934131736525,0.005988023952095856,0.36774193548387096,0.3660130718954248,0.00172886358844615,0.7735124067111256,0.7746522458958054,-0.0011398391846797473,0.3864464632234789,0.385869133330638,0.0005773298928409276
Logistic Regression,volume_and_range,0.05,20,16096988874970577672,0.848644578313253,0.8456325301204819,0.003012048192771122,0.6827353045846292,0.6758859541898116,0.006849350394817599,0.4095744680851064,0.39893617021276595,0.010638297872340441,0.46107784431137727,0.4491017964071856,0.011976047904191656,0.43380281690140843,0.4225352112676056,0.011267605633802802,0.802286899070077,0.8028336092672536,-0.0005467101971765587,0.3884203679084427,0.38853966036361104,-0.00011929245516834053
Random Forest,volume_and_range,0.05,20,16096988874970577672,0.8524096385542169,0.8524096385542169,0.0,0.6336216455976935,0.6336216455976935,0.0,0.3986013986013986,0.3986013986013986,0.0,0.3413173652694611,0.3413173652694611,0.0,0.36774193548387096,0.36774193548387096,0.0,0.7735124067111256,0.7750803302954814,-0.001567923584355757,0.3864464632234789,0.3848553365384276,0.0015911266850513472
Logistic Regression,volume_and_range,0.05,21,7086657517896572136,0.848644578313253,0.8478915662650602,0.0007530120481927804,0.6827353045846292,0.6797412926085813,0.0029940119760478723,0.4095744680851064,0.40641711229946526,0.003157355785641136,0.46107784431137727,0.4550898203592814,0.005988023952095856,0.43380281690140843,0.4293785310734463,0.0044242858279621156,0.802286899070077,0.8025963576722523,-0.0003094586021753498,0.3884203679084427,0.3880758675258181,0.000344500382624624
Random Forest,volume_and_range,0.05,21,7086657517896572136,0.8524096385542169,0.8554216867469879,-0.0030120481927710108,0.6336216455976935,0.6379076472378241,-0.004286001640130599,0.3986013986013986,0.41134751773049644,-0.012746119129097844,0.3413173652694611,0.3473053892215569,-0.0059880239520958,0.36774193548387096,0.37662337662337664,-0.008881441139505675,0.7735124067111256,0.7755857793457013,-0.002073372634575632,0.3864464632234789,0.3857736408007984,0.0006728224226805191
Logistic Regression,volume_and_range,0.05,22,13244285399150505317,0.848644578313253,0.848644578313253,0.0,0.6827353045846292,0.6801719558299422,0.0025633487546870004,0.4095744680851064,0.40860215053763443,0.000972317547471957,0.46107784431137727,0.4550898203592814,0.005988023952095856,0.43380281690140843,0.43059490084985835,0.003207916051550075,0.802286899070077,0.8008737047868087,0.0014131942832682487,0.3884203679084427,0.38719867129353924,0.0012216966149034558
Random Forest,volume_and_range,0.05,22,13244285399150505317,0.8524096385542169,0.8554216867469879,-0.0030120481927710108,0.6336216455976935,0.6353442984831371,-0.0017226528854435985,0.3986013986013986,0.41007194244604317,-0.011470543844644576,0.3413173652694611,0.3413173652694611,0.0,0.36774193548387096,0.37254901960784315,-0.004807084123972183,0.7735124067111256,0.7751783255195036,-0.0016659188083779641,0.3864464632234789,0.38507745632687695,0.0013690068966019653
Logistic Regression,volume_and_range,0.05,23,4101694506198803805,0.848644578313253,0.8471385542168675,0.001506024096385561,0.6827353045846292,0.6793106293872204,0.003424675197408744,0.4095744680851064,0.40425531914893614,0.005319148936170248,0.46107784431137727,0.4550898203592814,0.005988023952095856,0.43380281690140843,0.428169014084507,0.005633802816901401,0.802286899070077,0.8009252812205047,0.0013616178495723386,0.3884203679084427,0.38673521008149686,0.0016851578269458378
Random Forest,volume_and_range,0.05,23,4101694506198803805,0.8524096385542169,0.8509036144578314,0.001506024096385561,0.6336216455976935,0.6301969704002848,0.003424675197408744,0.3986013986013986,0.3916083916083916,0.006993006993006978,0.3413173652694611,0.33532934131736525,0.005988023952095856,0.36774193548387096,0.36129032258064514,0.006451612903225823,0.7735124067111256,0.7726459226250343,0.000866484086091357,0.3864464632234789,0.3834794012317726,0.0029670619917063212
Logistic Regression,volume_and_range,0.05,24,10196516048474413438,0.848644578313253,0.8463855421686747,0.0022590361445783413,0.6827353045846292,0.6814433149205466,0.0012919896640826156,0.4095744680851064,0.4031413612565445,0.0064331068285619075,0.46107784431137727,0.46107784431137727,0.0,0.43380281690140843,0.4301675977653631,0.003635219136045309,0.802286899070077,0.8034731570450829,-0.0011862579750059332,0.3884203679084427,0.3894343063088247,-0.0010139384003819973
Random Forest,volume_and_range,0.05,24,10196516048474413438,0.8524096385542169,0.8524096385542169,0.0,0.6336216455976935,0.6361849943523805,-0.0025633487546870004,0.3986013986013986,0.4,-0.001398601398601429,0.3413173652694611,0.3473053892215569,-0.0059880239520958,0.36774193548387096,0.3717948717948718,-0.004052936311000843,0.7735124067111256,0.774353102580369,-0.0008406958692434019,0.3864464632234789,0.3857715023383626,0.0006749608851163158
Logistic Regression,volume_and_range,0.05,25,18233897774386014270,0.848644578313253,0.8471385542168675,0.001506024096385561,0.6827353045846292,0.6818739781419074,0.0008613264427217437,0.4095744680851064,0.4052631578947368,0.004311310190369566,0.46107784431137727,0.46107784431137727,0.0,0.43380281690140843,0.43137254901960786,0.002430267881800563,0.802286899070077,0.8027510869733402,-0.00046418790326319126,0.3884203679084427,0.3899934322963573,-0.0015730643879146022
Random Forest,volume_and_range,0.05,25,18233897774386014270,0.8524096385542169,0.8531626506024096,-0.0007530120481926694,0.6336216455976935,0.6340523088190544,-0.00043066322136087187,0.3986013986013986,0.4014084507042254,-0.002807052102826779,0.3413173652694611,0.3413173652694611,0.0,0.36774193548387096,0.36893203883495146,-0.001190103351080496,0.7735124067111256,0.7762150118367915,-0.002702605125665891,0.3864464632234789,0.3877398890972696,-0.0012934258737906656
Logistic Regression,volume_and_range,0.05,26,14206334761707732203,0.848644578313253,0.8478915662650602,0.0007530120481927804,0.6827353045846292,0.6823046413632683,0.00043066322136087187,0.4095744680851064,0.4074074074074074,0.0021670606776990065,0.46107784431137727,0.46107784431137727,0.0,0.43380281690140843,0.43258426966292135,0.0012185472384870777,0.802286899070077,0.80010005828137,0.002186840788707012,0.3884203679084427,0.38952351624308057,-0.0011031483346378712
Random Forest,volume_and_range,0.05,26,14206334761707732203,0.8524096385542169,0.8539156626506024,-0.0015060240963854499,0.6336216455976935,0.6370463207951023,-0.003424675197408744,0.3986013986013986,0.40559440559440557,-0.006993006993006978,0.3413173652694611,0.3473053892215569,-0.0059880239520958,0.36774193548387096,0.3741935483870968,-0.006451612903225823,0.7735124067111256,0.7740849051251502,-0.0005724984140245137,0.3864464632234789,0.3862259443198699,0.00022051890360902382
Logistic Regression,volume_and_range,0.05,27,10411138521173067803,0.848644578313253,0.8463855421686747,0.0022590361445783413,0.6827353045846292,0.6737532686564854,0.008982035928143728,0.4095744680851064,0.4,0.009574468085106369,0.46107784431137727,0.4431137724550898,0.017964071856287456,0.43380281690140843,0.42045454545454547,0.013348271446862958,0.802286899070077,0.8035505216956268,-0.0012636226255497984,0.3884203679084427,0.38904219350111247,-0.0006218255926697669
Random Forest,volume_and_range,0.05,27,10411138521173067803,0.8524096385542169,0.8561746987951807,-0.003765060240963791,0.6336216455976935,0.638338310459185,-0.004716664861491471,0.3986013986013986,0.4142857142857143,-0.01568431568431572,0.3413173652694611,0.3473053892215569,-0.0059880239520958,0.36774193548387096,0.3778501628664495,-0.01010822738257855,0.7735124067111256,0.773151371675254,0.000361035035871593,0.3864464632234789,0.3875688321034676,-0.0011223688799886777
Logistic Regression,volume_and_range,0.05,28,8723625117071725555,0.848644578313253,0.8471385542168675,0.001506024096385561,0.6827353045846292,0.6793106293872204,0.003424675197408744,0.4095744680851064,0.40425531914893614,0.005319148936170248,0.46107784431137727,0.4550898203592814,0.005988023952095856,0.43380281690140843,0.428169014084507,0.005633802816901401,0.802286899070077,0.8033854771077997,-0.0010985780377227305,0.3884203679084427,0.3876204877835969,0.0007998801248457754
Random Forest,volume_and_range,0.05,28,8723625117071725555,0.8524096385542169,0.8554216867469879,-0.0030120481927710108,0.6336216455976935,0.6379076472378241,-0.004286001640130599,0.3986013986013986,0.41134751773049644,-0.012746119129097844,0.3413173652694611,0.3473053892215569,-0.0059880239520958,0.36774193548387096,0.37662337662337664,-0.008881441139505675,0.7735124067111256,0.7778345118548433,-0.004322105143717669,0.3864464632234789,0.38751364436705005,-0.0010671811435711276
Logistic Regression,volume_and_range,0.05,29,4253686408458126856,0.848644578313253,0.8463855421686747,0.0022590361445783413,0.6827353045846292,0.6788799661658594,0.003855338418769727,0.4095744680851064,0.4021164021164021,0.007458065968704297,0.46107784431137727,0.4550898203592814,0.005988023952095856,0.43380281690140843,0.42696629213483145,0.006836524766576979,0.802286899070077,0.8018639723137704,0.0004229267563066186,0.3884203679084427,0.3876183849218106,0.0008019829866320882
Random Forest,volume_and_range,0.05,29,4253686408458126856,0.8524096385542169,0.8509036144578314,0.001506024096385561,0.6336216455976935,0.6327603191549718,0.0008613264427217437,0.3986013986013986,0.3931034482758621,0.005497950325536516,0.3413173652694611,0.3413173652694611,0.0,0.36774193548387096,0.36538461538461536,0.0023573200992556,0.7735124067111256,0.775957129668312,-0.0024447229571863405,0.3864464632234789,0.385039003314897,0.0014074599085819317
Logistic Regression,volume_and_range,0.1,0,14132175452787492603,0.848644578313253,0.8493975903614458,-0.0007530120481927804,0.6827353045846292,0.685729316560677,-0.0029940119760478723,0.4095744680851064,0.4126984126984127,-0.0031239446133062843,0.46107784431137727,0.46706586826347307,-0.0059880239520958,0.43380281690140843,0.43820224719101125,-0.004399430289602824,0.802286899070077,0.8012450551094193,0.0010418439606576513,0.3884203679084427,0.38724140809211866,0.0011789598163240433
Random Forest,volume_and_range,0.1,0,14132175452787492603,0.8524096385542169,0.8576807228915663,-0.005271084337349352,0.6336216455976935,0.6391996369019068,-0.0055779913042133256,0.3986013986013986,0.42028985507246375,-0.021688456471065154,0.3413173652694611,0.3473053892215569,-0.0059880239520958,0.36774193548387096,0.380327868852459,-0.012585933368588043,0.7735124067111256,0.7771846487902748,-0.0036722420791491794,0.3864464632234789,0.38501514180312524,0.0014313214203536817
Logistic Regression,volume_and_range,0.1,1,9617638261906101416,0.848644578313253,0.8441265060240963,0.004518072289156683,0.6827353045846292,0.6775879765017768,0.005147328082852343,0.4095744680851064,0.3958333333333333,0.013741134751773076,0.46107784431137727,0.4550898203592814,0.005988023952095856,0.43380281690140843,0.4233983286908078,0.010404488210600638,0.802286899070077,0.8021889038460548,9.799522402220706e-05,0.3884203679084427,0.3893307749511217,-0.0009104070426790289
Random Forest,volume_and_range,0.1,1,9617638261906101416,0.8524096385542169,0.8576807228915663,-0.005271084337349352,0.6336216455976935,0.6417629856565938,-0.008141340058900326,0.3986013986013986,0.42142857142857143,-0.022827172827172837,0.3413173652694611,0.3532934131736527,-0.0119760479041916,0.36774193548387096,0.38436482084690554,-0.01662288536303458,0.7735124067111256,0.7739920675444976,-0.0004796608333719199,0.3864464632234789,0.38646259573728,-1.613251380105929e-05
Logistic Regression,volume_and_range,0.1,2,10618661285134996327,0.848644578313253,0.8471385542168675,0.001506024096385561,0.6827353045846292,0.6818739781419074,0.0008613264427217437,0.4095744680851064,0.4052631578947368,0.004311310190369566,0.46107784431137727,0.46107784431137727,0.0,0.43380281690140843,0.43137254901960786,0.002430267881800563,0.802286899070077,0.7997648114623466,0.0025220876077304277,0.3884203679084427,0.3863367862998719,0.002083581608570806
Random Forest,volume_and_range,0.1,2,10618661285134996327,0.8524096385542169,0.8539156626506024,-0.0015060240963854499,0.6336216455976935,0.6396096695497893,-0.0059880239520957446,0.3986013986013986,0.4068965517241379,-0.008295153122739318,0.3413173652694611,0.3532934131736527,-0.0119760479041916,0.36774193548387096,0.3782051282051282,-0.01046319272125723,0.7735124067111256,0.772259099372315,0.001253307338810683,0.3864464632234789,0.3863129702851676,0.00013349293831133036
Logistic Regression,volume_and_range,0.1,3,10175331610650537386,0.848644578313253,0.8441265060240963,0.004518072289156683,0.6827353045846292,0.6775879765017768,0.005147328082852343,0.4095744680851064,0.3958333333333333,0.013741134751773076,0.46107784431137727,0.4550898203592814,0.005988023952095856,0.43380281690140843,0.4233983286908078,0.010404488210600638,0.802286899070077,0.8006467684785468,0.001640130591530231,0.3884203679084427,0.3885643090770877,-0.00014394116864502315
Random Forest,volume_and_range,0.1,3,10175331610650537386,0.8524096385542169,0.8576807228915663,-0.005271084337349352,0.6336216455976935,0.6443263344112808,-0.010704688813587326,0.3986013986013986,0.4225352112676056,-0.023933812666207033,0.3413173652694611,0.3592814371257485,-0.0179640718562874,0.36774193548387096,0.3883495145631068,-0.020607579079235827,0.7735124067111256,0.7768132984676642,-0.003300891756538582,0.3864464632234789,0.3847720150673603,0.001674448156118613
Logistic Regression,volume_and_range,0.1,4,11081892006098206294,0.848644578313253,0.8471385542168675,0.001506024096385561,0.6827353045846292,0.6818739781419074,0.0008613264427217437,0.4095744680851064,0.4052631578947368,0.004311310190369566,0.46107784431137727,0.46107784431137727,0.0,0.43380281690140843,0.43137254901960786,0.002430267881800563,0.802286899070077,0.7982897254586434,0.003997173611433591,0.3884203679084427,0.39056436344689377,-0.002143995538451071
Random Forest,volume_and_range,0.1,4,11081892006098206294,0.8524096385542169,0.8561746987951807,-0.003765060240963791,0.6336216455976935,0.638338310459185,-0.004716664861491471,0.3986013986013986,0.4142857142857143,-0.01568431568431572,0.3413173652694611,0.3473053892215569,-0.0059880239520958,0.36774193548387096,0.3778501628664495,-0.01010822738257855,0.7735124067111256,0.7658068875169557,0.007705519194169952,0.3864464632234789,0.38222929545922496,0.0042171677642539596
Logistic Regression,volume_and_range,0.1,5,6884336347092802440,0.848644578313253,0.848644578313253,0.0,0.6827353045846292,0.6852986533393162,-0.0025633487546870004,0.4095744680851064,0.4105263157894737,-0.0009518477043672924,0.46107784431137727,0.46706586826347307,-0.0059880239520958,0.43380281690140843,0.4369747899159664,-0.0031719730145579605,0.802286899070077,0.8036124134160619,-0.001325514345984935,0.3884203679084427,0.39100622067549473,-0.0025858527670520326
Random Forest,volume_and_range,0.1,5,6884336347092802440,0.8524096385542169,0.8561746987951807,-0.003765060240963791,0.6336216455976935,0.643465007968559,-0.009843362370865472,0.3986013986013986,0.4166666666666667,-0.018065268065268092,0.3413173652694611,0.3592814371257485,-0.0179640718562874,0.36774193548387096,0.3858520900321543,-0.018110154548283353,0.7735124067111256,0.7710109496768737,0.002501457034251975,0.3864464632234789,0.3867616861929201,-0.0003152229694411979
Logistic Regression,volume_and_range,0.1,6,4215217861119502554,0.848644578313253,0.8448795180722891,0.0037650602409639022,0.6827353045846292,0.6805819884778247,0.0021533161068044704,0.4095744680851064,0.39896373056994816,0.01061073751515823,0.46107784431137727,0.46107784431137727,0.0,0.43380281690140843,0.42777777777777776,0.006025039123630671,0.802286899070077,0.8001155312114789,0.002171367858598061,0.3884203679084427,0.387452393232912,0.000967974675530725
Random Forest,volume_and_range,0.1,6,4215217861119502554,0.8524096385542169,0.8539156626506024,-0.0015060240963854499,0.6336216455976935,0.6319196232857283,0.0017020223119652567,0.3986013986013986,0.4028776978417266,-0.004276299240328019,0.3413173652694611,0.33532934131736525,0.005988023952095856,0.36774193548387096,0.3660130718954248,0.00172886358844615,0.7735124067111256,0.7719805866303568,0.0015318200807687976,0.3864464632234789,0.3833407550693153,0.003105708154163611
Logistic Regression,volume_and_range,0.1,7,14939256136636590879,0.848644578313253,0.8471385542168675,0.001506024096385561,0.6827353045846292,0.6793106293872204,0.003424675197408744,0.4095744680851064,0.40425531914893614,0.005319148936170248,0.46107784431137727,0.4550898203592814,0.005988023952095856,0.43380281690140843,0.428169014084507,0.005633802816901401,0.802286899070077,0.8003579404498496,0.00192895862022735,0.3884203679084427,0.3838061958635603,0.004614172044882403
Random Forest,volume_and_range,0.1,7,14939256136636590879,0.8524096385542169,0.8546686746987951,-0.0022590361445782303,0.6336216455976935,0.6323502865070891,0.0012713590906043848,0.3986013986013986,0.4057971014492754,-0.007195702847876795,0.3413173652694611,0.33532934131736525,0.005988023952095856,0.36774193548387096,0.36721311475409835,0.0005288207297726166,0.7735124067111256,0.7723777251698154,0.0011346815413102451,0.3864464632234789,0.3845264617420842,0.0019200014813947064
Logistic Regression,volume_and_range,0.1,8,4638885808563312225,0.848644578313253,0.8441265060240963,0.004518072289156683,0.6827353045846292,0.6775879765017768,0.005147328082852343,0.4095744680851064,0.3958333333333333,0.013741134751773076,0.46107784431137727,0.4550898203592814,0.005988023952095856,0.43380281690140843,0.4233983286908078,0.010404488210600638,0.802286899070077,0.8019207063908359,0.0003661926792410952,0.3884203679084427,0.38983328746417,-0.00141291955572731
Random Forest,volume_and_range,0.1,8,4638885808563312225,0.8524096385542169,0.8501506024096386,0.0022590361445783413,0.6336216455976935,0.6272029584242368,0.0064186871734567275,0.3986013986013986,0.3873239436619718,0.011277454939426779,0.3413173652694611,0.32934131736526945,0.011976047904191656,0.36774193548387096,0.3559870550161812,0.011754880467689743,0.7735124067111256,0.7758127156539634,-0.0023003089428377255,0.3864464632234789,0.38375628137283924,0.0026901818506396835
Logistic Regression,volume_and_range,0.1,9,5646091000649723079,0.848644578313253,0.8463855421686747,0.0022590361445783413,0.6827353045846292,0.6840066636752336,-0.0012713590906043848,0.4095744680851064,0.40414507772020725,0.005429390364899145,0.46107784431137727,0.46706586826347307,-0.0059880239520958,0.43380281690140843,0.43333333333333335,0.00046948356807507974,0.802286899070077,0.8014874643477901,0.0007994347222869402,0.3884203679084427,0.3874422218504771,0.0009781460579655898
Random Forest,volume_and_range,0.1,9,5646091000649723079,0.8524096385542169,0.858433734939759,-0.0060240963855421326,0.6336216455976935,0.6447569976326417,-0.011135352034948198,0.3986013986013986,0.425531914893617,-0.02693051629221843,0.3413173652694611,0.3592814371257485,-0.0179640718562874,0.36774193548387096,0.38961038961038963,-0.021868454126518666,0.7735124067111256,0.775033911505155,-0.0015215047940293491,0.3864464632234789,0.38783016793566333,-0.0013837047121844082
Logistic Regression,volume_and_range,0.1,10,8132957191466278066,0.848644578313253,0.8471385542168675,0.001506024096385561,0.6827353045846292,0.6818739781419074,0.0008613264427217437,0.4095744680851064,0.4052631578947368,0.004311310190369566,0.46107784431137727,0.46107784431137727,0.0,0.43380281690140843,0.43137254901960786,0.002430267881800563,0.802286899070077,0.8009871729409397,0.001299726129137313,0.3884203679084427,0.38960317456189,-0.001182806653447277
Random Forest,volume_and_range,0.1,10,8132957191466278066,0.8524096385542169,0.8546686746987951,-0.0022590361445782303,0.6336216455976935,0.6323502865070891,0.0012713590906043848,0.3986013986013986,0.4057971014492754,-0.007195702847876795,0.3413173652694611,0.33532934131736525,0.005988023952095856,0.36774193548387096,0.36721311475409835,0.0005288207297726166,0.7735124067111256,0.7734866184942776,2.5788216848066092e-05,0.3864464632234789,0.38391336999429093,0.002533093229187988
Logistic Regression,volume_and_range,0.1,11,15788402987221762283,0.848644578313253,0.8463855421686747,0.0022590361445783413,0.6827353045846292,0.6814433149205466,0.0012919896640826156,0.4095744680851064,0.4031413612565445,0.0064331068285619075,0.46107784431137727,0.46107784431137727,0.0,0.43380281690140843,0.4301675977653631,0.003635219136045309,0.802286899070077,0.8031843290163858,-0.0008974299463088142,0.3884203679084427,0.38786211555204525,0.0005582523563974484
Random Forest,volume_and_range,0.1,11,15788402987221762283,0.8524096385542169,0.8606927710843374,-0.008283132530120474,0.6336216455976935,0.6434856385420373,-0.009863992944343813,0.3986013986013986,0.4338235294117647,-0.035222130810366126,0.3413173652694611,0.3532934131736527,-0.0119760479041916,0.36774193548387096,0.38943894389438943,-0.02169700841051847,0.7735124067111256,0.7760705978224429,-0.002558191111317276,0.3864464632234789,0.3913070238224204,-0.004860560598941466
Logistic Regression,volume_and_range,0.1,12,16705550931114435708,0.848644578313253,0.8456325301204819,0.003012048192771122,0.6827353045846292,0.6835760004538727,-0.0008406958692435129,0.4095744680851064,0.4020618556701031,0.007512612415003284,0.46107784431137727,0.46706586826347307,-0.0059880239520958,0.43380281690140843,0.43213296398891965,0.0016698529124887784,0.802286899070077,0.8003888863100673,0.0018980127600096708,0.3884203679084427,0.3904828246719555,-0.002062456763512799
Random Forest,volume_and_range,0.1,12,16705550931114435708,0.8524096385542169,0.8546686746987951,-0.0022590361445782303,0.6336216455976935,0.6400403327711501,-0.0064186871734566164,0.3986013986013986,0.4097222222222222,-0.011120823620823617,0.3413173652694611,0.3532934131736527,-0.0119760479041916,0.36774193548387096,0.37942122186495175,-0.011679286381080789,0.7735124067111256,0.7719032219798131,0.0016091847313125518,0.3864464632234789,0.3857699040326724,0.0006765591908065027
Logistic Regression,volume_and_range,0.1,13,12597778021311020768,0.848644578313253,0.8478915662650602,0.0007530120481927804,0.6827353045846292,0.6848679901179553,-0.0021326855333261285,0.4095744680851064,0.4083769633507853,0.0011975047343210643,0.46107784431137727,0.46706586826347307,-0.0059880239520958,0.43380281690140843,0.43575418994413406,-0.0019513730427256348,0.802286899070077,0.8024777318747518,-0.0001908328046748009,0.3884203679084427,0.3897609195670273,-0.001340551658584599
Random Forest,volume_and_range,0.1,13,12597778021311020768,0.8524096385542169,0.8599397590361446,-0.0075301204819276935,0.6336216455976935,0.6430549753206765,-0.009433329722982942,0.3986013986013986,0.4306569343065693,-0.032055535705170723,0.3413173652694611,0.3532934131736527,-0.0119760479041916,0.36774193548387096,0.3881578947368421,-0.020415959252971128,0.7735124067111256,0.7709077968094818,0.002604609901643795,0.3864464632234789,0.38705645421220713,-0.0006099909887282151
Logistic Regression,volume_and_range,0.1,14,5133305144122392162,0.848644578313253,0.8463855421686747,0.0022590361445783413,0.6827353045846292,0.6788799661658594,0.003855338418769727,0.4095744680851064,0.4021164021164021,0.007458065968704297,0.46107784431137727,0.4550898203592814,0.005988023952095856,0.43380281690140843,0.42696629213483145,0.006836524766576979,0.802286899070077,0.7992026283350612,0.003084270735015826,0.3884203679084427,0.3844280492931557,0.003992318615286983
Random Forest,volume_and_range,0.1,14,5133305144122392162,0.8524096385542169,0.8561746987951807,-0.003765060240963791,0.6336216455976935,0.640901659213872,-0.007280013616178471,0.3986013986013986,0.4154929577464789,-0.01689155914508028,0.3413173652694611,0.3532934131736527,-0.0119760479041916,0.36774193548387096,0.3818770226537217,-0.014135087169850735,0.7735124067111256,0.7697576423380629,0.003754764373062769,0.3864464632234789,0.381961390527794,0.004485072695684933
Logistic Regression,volume_and_range,0.1,15,3415341300018027443,0.848644578313253,0.8501506024096386,-0.001506024096385561,0.6827353045846292,0.686159979782038,-0.003424675197408855,0.4095744680851064,0.4148936170212766,-0.005319148936170193,0.46107784431137727,0.46706586826347307,-0.0059880239520958,0.43380281690140843,0.4394366197183099,-0.0056338028169014565,0.802286899070077,0.802209534419533,7.736465054397623e-05,0.3884203679084427,0.3885492084907017,-0.0001288405822589822
Random Forest,volume_and_range,0.1,15,3415341300018027443,0.8524096385542169,0.8569277108433735,-0.004518072289156572,0.6336216455976935,0.6438956711899199,-0.010274025592226343,0.3986013986013986,0.4195804195804196,-0.02097902097902099,0.3413173652694611,0.3592814371257485,-0.0179640718562874,0.36774193548387096,0.3870967741935484,-0.019354838709677413,0.7735124067111256,0.7722333111554669,0.001279095555658749,0.3864464632234789,0.3887057783052782,-0.0022593150817992735
Logistic Regression,volume_and_range,0.1,16,3570595963448711808,0.848644578313253,0.8501506024096386,-0.001506024096385561,0.6827353045846292,0.688723328536725,-0.005988023952095856,0.4095744680851064,0.41578947368421054,-0.006215005599104151,0.46107784431137727,0.47305389221556887,-0.0119760479041916,0.43380281690140843,0.4425770308123249,-0.008774213910916484,0.802286899070077,0.800657083765286,0.0016298153047910047,0.3884203679084427,0.39052351424250015,-0.0021031463340574486
Random Forest,volume_and_range,0.1,16,3570595963448711808,0.8524096385542169,0.8569277108433735,-0.004518072289156572,0.6336216455976935,0.6387689736805459,-0.005147328082852343,0.3986013986013986,0.4172661870503597,-0.018664788448961134,0.3413173652694611,0.3473053892215569,-0.0059880239520958,0.36774193548387096,0.3790849673202614,-0.01134303183639046,0.7735124067111256,0.7737393430193875,-0.0002269363082618714,0.3864464632234789,0.38902098986726297,-0.0025745266437840475
Logistic Regression,volume_and_range,0.1,17,6114564749043248355,0.848644578313253,0.8463855421686747,0.0022590361445783413,0.6827353045846292,0.6865700124299206,-0.003834707845291385,0.4095744680851064,0.40512820512820513,0.004446262956901259,0.46107784431137727,0.47305389221556887,-0.0119760479041916,0.43380281690140843,0.43646408839779005,-0.002661271496381623,0.802286899070077,0.8036588322063882,-0.001371933136311232,0.3884203679084427,0.39168098092170356,-0.00326061301326086
Random Forest,volume_and_range,0.1,17,6114564749043248355,0.8524096385542169,0.8546686746987951,-0.0022590361445782303,0.6336216455976935,0.6400403327711501,-0.0064186871734566164,0.3986013986013986,0.4097222222222222,-0.011120823620823617,0.3413173652694611,0.3532934131736527,-0.0119760479041916,0.36774193548387096,0.37942122186495175,-0.011679286381080789,0.7735124067111256,0.775338212463961,-0.0018258057528353078,0.3864464632234789,0.38946652760556427,-0.0030200643820853523
Logistic Regression,volume_and_range,0.1,18,5643552499988370334,0.848644578313253,0.8478915662650602,0.0007530120481927804,0.6827353045846292,0.6823046413632683,0.00043066322136087187,0.4095744680851064,0.4074074074074074,0.0021670606776990065,0.46107784431137727,0.46107784431137727,0.0,0.43380281690140843,0.43258426966292135,0.0012185472384870777,0.802286899070077,0.7983877206826656,0.003899178387411384,0.3884203679084427,0.38603275532800063,0.0023876125804420667
Random Forest,volume_and_range,0.1,18,5643552499988370334,0.8524096385542169,0.8531626506024096,-0.0007530120481926694,0.6336216455976935,0.6366156575737414,-0.0029940119760478723,0.3986013986013986,0.4027777777777778,-0.004176379176379197,0.3413173652694611,0.3473053892215569,-0.0059880239520958,0.36774193548387096,0.3729903536977492,-0.005248418213878225,0.7735124067111256,0.7716711280281814,0.0018412786829442584,0.3864464632234789,0.3883517168685344,-0.0019052536450555047
Logistic Regression,volume_and_range,0.1,19,2380214522444011071,0.848644578313253,0.8456325301204819,0.003012048192771122,0.6827353045846292,0.6784493029444986,0.004286001640130599,0.4095744680851064,0.4,0.009574468085106369,0.46107784431137727,0.4550898203592814,0.005988023952095856,0.43380281690140843,0.4257703081232493,0.008032508778159142,0.802286899070077,0.7994089340698447,0.0028779650002322965,0.3884203679084427,0.38725886530958525,0.0011615025988574446
Random Forest,volume_and_range,0.1,19,2380214522444011071,0.8524096385542169,0.8569277108433735,-0.004518072289156572,0.6336216455976935,0.641332322435233,-0.007710676837539454,0.3986013986013986,0.41843971631205673,-0.019838317710658138,0.3413173652694611,0.3532934131736527,-0.0119760479041916,0.36774193548387096,0.38311688311688313,-0.01537494763301217,0.7735124067111256,0.7727336025623173,0.0007788041488083763,0.3864464632234789,0.3856973067593948,0.0007491564640841331
Logistic Regression,volume_and_range,0.1,20,12241732164664817177,0.848644578313253,0.8456325301204819,0.003012048192771122,0.6827353045846292,0.6835760004538727,-0.0008406958692435129,0.4095744680851064,0.4020618556701031,0.007512612415003284,0.46107784431137727,0.46706586826347307,-0.0059880239520958,0.43380281690140843,0.43213296398891965,0.0016698529124887784,0.802286899070077,0.8031327525826899,-0.0008458535126129041,0.3884203679084427,0.3883443842323886,7.598367605410328e-05
Random Forest,volume_and_range,0.1,20,12241732164664817177,0.8524096385542169,0.8524096385542169,0.0,0.6336216455976935,0.6361849943523805,-0.0025633487546870004,0.3986013986013986,0.4,-0.001398601398601429,0.3413173652694611,0.3473053892215569,-0.0059880239520958,0.36774193548387096,0.3717948717948718,-0.004052936311000843,0.7735124067111256,0.7742705802864556,-0.0007581735753299235,0.3864464632234789,0.3836114554007839,0.0028350078226950237
Logistic Regression,volume_and_range,0.1,21,4182651188417781327,0.848644578313253,0.8478915662650602,0.0007530120481927804,0.6827353045846292,0.6771779438538943,0.005557360730734873,0.4095744680851064,0.40540540540540543,0.004169062679700963,0.46107784431137727,0.4491017964071856,0.011976047904191656,0.43380281690140843,0.42613636363636365,0.007666453265044781,0.802286899070077,0.8029212892045368,-0.0006343901344597613,0.3884203679084427,0.3881747351279955,0.0002456327804472025
Random Forest,volume_and_range,0.1,21,4182651188417781327,0.8524096385542169,0.8576807228915663,-0.005271084337349352,0.6336216455976935,0.6443263344112808,-0.010704688813587326,0.3986013986013986,0.4225352112676056,-0.023933812666207033,0.3413173652694611,0.3592814371257485,-0.0179640718562874,0.36774193548387096,0.3883495145631068,-0.020607579079235827,0.7735124067111256,0.7749204433510242,-0.0014080366398985245,0.3864464632234789,0.38021951865808773,0.00622694456539119
Logistic Regression,volume_and_range,0.1,22,9585623501785746644,0.848644578313253,0.848644578313253,0.0,0.6827353045846292,0.6801719558299422,0.0025633487546870004,0.4095744680851064,0.40860215053763443,0.000972317547471957,0.46107784431137727,0.4550898203592814,0.005988023952095856,0.43380281690140843,0.43059490084985835,0.003207916051550075,0.802286899070077,0.798826120369081,0.0034607787009960367,0.3884203679084427,0.38612602459587697,0.0022943433125657275
Random Forest,volume_and_range,0.1,22,9585623501785746644,0.8524096385542169,0.8561746987951807,-0.003765060240963791,0.6336216455976935,0.635774961704498,-0.0021533161068044704,0.3986013986013986,0.41304347826086957,-0.014442079659470974,0.3413173652694611,0.3413173652694611,0.0,0.36774193548387096,0.3737704918032787,-0.006028556319407741,0.7735124067111256,0.7698298493452371,0.003682557365888517,0.3864464632234789,0.38259488196883473,0.0038515812546441874
Logistic Regression,volume_and_range,0.1,23,13856597405118735407,0.848644578313253,0.8441265060240963,0.004518072289156683,0.6827353045846292,0.6750246277470897,0.007710676837539454,0.4095744680851064,0.39473684210526316,0.014837625979843228,0.46107784431137727,0.4491017964071856,0.011976047904191656,0.43380281690140843,0.42016806722689076,0.013634749674517666,0.802286899070077,0.7993625152795185,0.0029243837905584824,0.3884203679084427,0.384082552260124,0.004337815648318699
Random Forest,volume_and_range,0.1,23,13856597405118735407,0.8524096385542169,0.8524096385542169,0.0,0.6336216455976935,0.6336216455976935,0.0,0.3986013986013986,0.3986013986013986,0.0,0.3413173652694611,0.3413173652694611,0.0,0.36774193548387096,0.36774193548387096,0.0,0.7735124067111256,0.7728161248562307,0.0006962818548948979,0.3864464632234789,0.3815893139627355,0.004857149260743432
Logistic Regression,volume_and_range,0.1,24,8056622140217441675,0.848644578313253,0.8441265060240963,0.004518072289156683,0.6827353045846292,0.6827146740111508,2.063057347834185e-05,0.4095744680851064,0.3979591836734694,0.011615284411637006,0.46107784431137727,0.46706586826347307,-0.0059880239520958,0.43380281690140843,0.4297520661157025,0.004050750785705937,0.802286899070077,0.804484055145523,-0.002197156075446016,0.3884203679084427,0.3905975908065143,-0.0021772228980715957
Random Forest,volume_and_range,0.1,24,8056622140217441675,0.8524096385542169,0.8524096385542169,0.0,0.6336216455976935,0.6387483431070675,-0.005126697509374001,0.3986013986013986,0.4013605442176871,-0.002759145616288483,0.3413173652694611,0.3532934131736527,-0.0119760479041916,0.36774193548387096,0.37579617834394907,-0.008054242860078109,0.7735124067111256,0.7738167076699314,-0.0003043009588057366,0.3864464632234789,0.3831165245657401,0.00332993865773884
Logistic Regression,volume_and_range,0.1,25,16560573882132394120,0.848644578313253,0.8463855421686747,0.0022590361445783413,0.6827353045846292,0.6788799661658594,0.003855338418769727,0.4095744680851064,0.4021164021164021,0.007458065968704297,0.46107784431137727,0.4550898203592814,0.005988023952095856,0.43380281690140843,0.42696629213483145,0.006836524766576979,0.802286899070077,0.8024622589446428,-0.00017535987456585023,0.3884203679084427,0.39006876838365206,-0.0016484004752093662
Random Forest,volume_and_range,0.1,25,16560573882132394120,0.8524096385542169,0.8554216867469879,-0.0030120481927710108,0.6336216455976935,0.6379076472378241,-0.004286001640130599,0.3986013986013986,0.41134751773049644,-0.012746119129097844,0.3413173652694611,0.3473053892215569,-0.0059880239520958,0.36774193548387096,0.37662337662337664,-0.008881441139505675,0.7735124067111256,0.7728419130730788,0.0006704936380468318,0.3864464632234789,0.3864505954017796,-4.132178300697564e-06
Logistic Regression,volume_and_range,0.1,26,9455592111678546454,0.848644578313253,0.8471385542168675,0.001506024096385561,0.6827353045846292,0.6818739781419074,0.0008613264427217437,0.4095744680851064,0.4052631578947368,0.004311310190369566,0.46107784431137727,0.46107784431137727,0.0,0.43380281690140843,0.43137254901960786,0.002430267881800563,0.802286899070077,0.7973304037918995,0.004956495278177542,0.3884203679084427,0.38860818348822934,-0.0001878155797866432
Random Forest,volume_and_range,0.1,26,9455592111678546454,0.8524096385542169,0.8539156626506024,-0.0015060240963854499,0.6336216455976935,0.6344829720404153,-0.0008613264427217437,0.3986013986013986,0.40425531914893614,-0.00565392054753755,0.3413173652694611,0.3413173652694611,0.0,0.36774193548387096,0.37012987012987014,-0.002387934645999179,0.7735124067111256,0.7674418604651163,0.006070546246009334,0.3864464632234789,0.3872800943986522,-0.0008336311751732661
Logistic Regression,volume_and_range,0.1,27,13457355130712700552,0.848644578313253,0.8478915662650602,0.0007530120481927804,0.6827353045846292,0.6771779438538943,0.005557360730734873,0.4095744680851064,0.40540540540540543,0.004169062679700963,0.46107784431137727,0.4491017964071856,0.011976047904191656,0.43380281690140843,0.42613636363636365,0.007666453265044781,0.802286899070077,0.8040147095988901,-0.0017278105288131007,0.3884203679084427,0.38932226765440603,-0.0009018997459633304
Random Forest,volume_and_range,0.1,27,13457355130712700552,0.8524096385542169,0.8561746987951807,-0.003765060240963791,0.6336216455976935,0.638338310459185,-0.004716664861491471,0.3986013986013986,0.4142857142857143,-0.01568431568431572,0.3413173652694611,0.3473053892215569,-0.0059880239520958,0.36774193548387096,0.3778501628664495,-0.01010822738257855,0.7735124067111256,0.7724911933239463,0.0010212133871793094,0.3864464632234789,0.3872688079855905,-0.0008223447621115709
Logistic Regression,volume_and_range,0.1,28,11101461826829762283,0.848644578313253,0.8433734939759037,0.005271084337349352,0.6827353045846292,0.6694672670163548,0.013268037568274327,0.4095744680851064,0.39037433155080214,0.019200136534304246,0.46107784431137727,0.437125748502994,0.023952095808383256,0.43380281690140843,0.4124293785310734,0.021373438370335007,0.802286899070077,0.8038290344375847,-0.001542135367507691,0.3884203679084427,0.3868378194718233,0.0015825484366194242
Random Forest,volume_and_range,0.1,28,11101461826829762283,0.8524096385542169,0.8561746987951807,-0.003765060240963791,0.6336216455976935,0.643465007968559,-0.009843362370865472,0.3986013986013986,0.4166666666666667,-0.018065268065268092,0.3413173652694611,0.3592814371257485,-0.0179640718562874,0.36774193548387096,0.3858520900321543,-0.018110154548283353,0.7735124067111256,0.7800471408603981,-0.006534734149272414,0.3864464632234789,0.39014910063108565,-0.0037026374076067348
Logistic Regression,volume_and_range,0.1,29,15090259637102648478,0.848644578313253,0.8433734939759037,0.005271084337349352,0.6827353045846292,0.677157313280416,0.0055779913042132145,0.4095744680851064,0.39378238341968913,0.01579208466541726,0.46107784431137727,0.4550898203592814,0.005988023952095856,0.43380281690140843,0.4222222222222222,0.011580594679186207,0.802286899070077,0.8008685471434392,0.001418351926637751,0.3884203679084427,0.3873089455756315,0.001111422332811196
Random Forest,volume_and_range,0.1,29,15090259637102648478,0.8524096385542169,0.8554216867469879,-0.0030120481927710108,0.6336216455976935,0.6353442984831371,-0.0017226528854435985,0.3986013986013986,0.41007194244604317,-0.011470543844644576,0.3413173652694611,0.3413173652694611,0.0,0.36774193548387096,0.37254901960784315,-0.004807084123972183,0.7735124067111256,0.7732751551161244,0.00023725159500120885,0.3864464632234789,0.3848701195683989,0.0015763436550800258
Logistic Regression,volume_and_range,0.2,0,17700686750779728352,0.848644578313253,0.8478915662650602,0.0007530120481927804,0.6827353045846292,0.6874313388726423,-0.004696034288013129,0.4095744680851064,0.40932642487046633,0.0002480432146400591,0.46107784431137727,0.47305389221556887,-0.0119760479041916,0.43380281690140843,0.4388888888888889,-0.005086071987480456,0.802286899070077,0.7995585057275629,0.0027283933425140683,0.3884203679084427,0.38534479722026505,0.0030755706881776534
Random Forest,volume_and_range,0.2,0,17700686750779728352,0.8524096385542169,0.8546686746987951,-0.0022590361445782303,0.6336216455976935,0.6349136352617761,-0.0012919896640826156,0.3986013986013986,0.40714285714285714,-0.008541458541458546,0.3413173652694611,0.3413173652694611,0.0,0.36774193548387096,0.3713355048859935,-0.0035935694021225206,0.7735124067111256,0.7756837745697235,-0.002171367858597839,0.3864464632234789,0.38366294111688026,0.002783522106598657
Logistic Regression,volume_and_range,0.2,1,5509858187271240427,0.848644578313253,0.8418674698795181,0.006777108433734913,0.6827353045846292,0.6762959868376941,0.006439317746935069,0.4095744680851064,0.38974358974358975,0.019830878341516645,0.46107784431137727,0.4550898203592814,0.005988023952095856,0.43380281690140843,0.4198895027624309,0.013913314138977506,0.802286899070077,0.8000175359874566,0.0022693630826203792,0.3884203679084427,0.38671153027714056,0.0017088376313021403
Random Forest,volume_and_range,0.2,1,5509858187271240427,0.8524096385542169,0.8576807228915663,-0.005271084337349352,0.6336216455976935,0.6340729393925327,-0.0004512937948392137,0.3986013986013986,0.417910447761194,-0.01930904915979542,0.3413173652694611,0.33532934131736525,0.005988023952095856,0.36774193548387096,0.37209302325581395,-0.004351087771942985,0.7735124067111256,0.7681484576067503,0.005363949104375321,0.3864464632234789,0.38276904308063975,0.0036774201428391717
Logistic Regression,volume_and_range,0.2,2,7310755228257288727,0.848644578313253,0.8448795180722891,0.0037650602409639022,0.6827353045846292,0.6857086859871987,-0.0029733814025695304,0.4095744680851064,0.4010152284263959,0.008559239658710471,0.46107784431137727,0.47305389221556887,-0.0119760479041916,0.43380281690140843,0.4340659340659341,-0.00026311716452565026,0.802286899070077,0.7959275247953704,0.006359374274706564,0.3884203679084427,0.38478736998788465,0.0036329979205580454
Random Forest,volume_and_range,0.2,2,7310755228257288727,0.8524096385542169,0.8539156626506024,-0.0015060240963854499,0.6336216455976935,0.6447363670591633,-0.011114721461469745,0.3986013986013986,0.40939597315436244,-0.010794574552963843,0.3413173652694611,0.3652694610778443,-0.0239520958083832,0.36774193548387096,0.3860759493670886,-0.018334013883217648,0.7735124067111256,0.7692831391480605,0.004229267563065187,0.3864464632234789,0.38615436212047927,0.0002921011029996534
Logistic Regression,volume_and_range,0.2,3,13694089715150175443,0.848644578313253,0.8441265060240963,0.004518072289156683,0.6827353045846292,0.6852780227658378,-0.0025427181812086586,0.4095744680851064,0.398989898989899,0.010584569095207386,0.46107784431137727,0.47305389221556887,-0.0119760479041916,0.43380281690140843,0.4328767123287671,0.0009261045726413064,0.802286899070077,0.7975624977435309,0.004724401326546057,0.3884203679084427,0.3895832417457254,-0.0011628738372826963
Random Forest,volume_and_range,0.2,3,13694089715150175443,0.8524096385542169,0.8539156626506024,-0.0015060240963854499,0.6336216455976935,0.6396096695497893,-0.0059880239520957446,0.3986013986013986,0.4068965517241379,-0.008295153122739318,0.3413173652694611,0.3532934131736527,-0.0119760479041916,0.36774193548387096,0.3782051282051282,-0.01046319272125723,0.7735124067111256,0.7744304672309128,-0.0009180605197871561,0.3864464632234789,0.38153917520129715,0.004907288022181766
Logistic Regression,volume_and_range,0.2,4,10683790480187378860,0.848644578313253,0.8501506024096386,-0.001506024096385561,0.6827353045846292,0.686159979782038,-0.003424675197408855,0.4095744680851064,0.4148936170212766,-0.005319148936170193,0.46107784431137727,0.46706586826347307,-0.0059880239520958,0.43380281690140843,0.4394366197183099,-0.0056338028169014565,0.802286899070077,0.7918787747502412,0.010408124319835843,0.3884203679084427,0.3908328282305331,-0.002412460322090415
Random Forest,volume_and_range,0.2,4,10683790480187378860,0.8524096385542169,0.8576807228915663,-0.005271084337349352,0.6336216455976935,0.6417629856565938,-0.008141340058900326,0.3986013986013986,0.42142857142857143,-0.022827172827172837,0.3413173652694611,0.3532934131736527,-0.0119760479041916,0.36774193548387096,0.38436482084690554,-0.01662288536303458,0.7735124067111256,0.7579208508048503,0.015591555906275367,0.3864464632234789,0.38051215417409895,0.005934309049379971
Logistic Regression,volume_and_range,0.2,5,2809562830625884518,0.848644578313253,0.8501506024096386,-0.001506024096385561,0.6827353045846292,0.688723328536725,-0.005988023952095856,0.4095744680851064,0.41578947368421054,-0.006215005599104151,0.46107784431137727,0.47305389221556887,-0.0119760479041916,0.43380281690140843,0.4425770308123249,-0.008774213910916484,0.802286899070077,0.8032204325199729,-0.0009335334498958847,0.3884203679084427,0.3918623763699713,-0.0034420084615285895
Random Forest,volume_and_range,0.2,5,2809562830625884518,0.8524096385542169,0.8554216867469879,-0.0030120481927710108,0.6336216455976935,0.6455976935018851,-0.0119760479041916,0.3986013986013986,0.41496598639455784,-0.016364587793159246,0.3413173652694611,0.3652694610778443,-0.0239520958083832,0.36774193548387096,0.3885350318471338,-0.02079309636326282,0.7735124067111256,0.7731307411017758,0.00038166560934982385,0.3864464632234789,0.3849058919387774,0.0015405712847015307
Logistic Regression,volume_and_range,0.2,6,14797213080730451549,0.848644578313253,0.8471385542168675,0.001506024096385561,0.6827353045846292,0.6818739781419074,0.0008613264427217437,0.4095744680851064,0.4052631578947368,0.004311310190369566,0.46107784431137727,0.46107784431137727,0.0,0.43380281690140843,0.43137254901960786,0.002430267881800563,0.802286899070077,0.7960513082362408,0.00623559083383618,0.3884203679084427,0.38572432591117295,0.002696041997269749
Random Forest,volume_and_range,0.2,6,14797213080730451549,0.8524096385542169,0.8539156626506024,-0.0015060240963854499,0.6336216455976935,0.6319196232857283,0.0017020223119652567,0.3986013986013986,0.4028776978417266,-0.004276299240328019,0.3413173652694611,0.33532934131736525,0.005988023952095856,0.36774193548387096,0.3660130718954248,0.00172886358844615,0.7735124067111256,0.7675295404023993,0.005982866308726353,0.3864464632234789,0.3811548722957142,0.005291590927764711
Logistic Regression,volume_and_range,0.2,7,3359500472943196203,0.848644578313253,0.8516566265060241,-0.003012048192771122,0.6827353045846292,0.6793312599606988,0.0034040446239304023,0.4095744680851064,0.4166666666666667,-0.007092198581560294,0.46107784431137727,0.4491017964071856,0.011976047904191656,0.43380281690140843,0.4322766570605187,0.0015261598408897181,0.802286899070077,0.7971808321341811,0.005106066935895881,0.3884203679084427,0.3796664215710944,0.008753946337348273
Random Forest,volume_and_range,0.2,7,3359500472943196203,0.8524096385542169,0.8531626506024096,-0.0007530120481926694,0.6336216455976935,0.6212355650456194,0.01238608055207413,0.3986013986013986,0.3939393939393939,0.004662004662004671,0.3413173652694611,0.31137724550898205,0.029940119760479056,0.36774193548387096,0.34782608695652173,0.019915848527349234,0.7735124067111256,0.765714049936303,0.007798356774822657,0.3864464632234789,0.37500108862156484,0.011445374601914082
Logistic Regression,volume_and_range,0.2,8,101489855403559943,0.848644578313253,0.8411144578313253,0.0075301204819276935,0.6827353045846292,0.6758653236163332,0.006869980968295941,0.4095744680851064,0.3877551020408163,0.02181936604429008,0.46107784431137727,0.4550898203592814,0.005988023952095856,0.43380281690140843,0.418732782369146,0.01507003453226241,0.802286899070077,0.8001980535053923,0.0020888455646846937,0.3884203679084427,0.3893160501987321,-0.0008956822902894124
Random Forest,volume_and_range,0.2,8,101489855403559943,0.8524096385542169,0.848644578313253,0.0037650602409639022,0.6336216455976935,0.6237782832268279,0.009843362370865583,0.3986013986013986,0.38028169014084506,0.01831970846055353,0.3413173652694611,0.32335329341317365,0.017964071856287456,0.36774193548387096,0.34951456310679613,0.018227372377074835,0.7735124067111256,0.7724293016035113,0.001083105107614335,0.3864464632234789,0.382468141331209,0.0039783218922699315
Logistic Regression,volume_and_range,0.2,9,6846103520491952032,0.848644578313253,0.8448795180722891,0.0037650602409639022,0.6827353045846292,0.6882720347418858,-0.005536730157256642,0.4095744680851064,0.4020100502512563,0.00756441783385009,0.46107784431137727,0.47904191616766467,-0.0179640718562874,0.43380281690140843,0.4371584699453552,-0.003355653043946749,0.802286899070077,0.7988003321522331,0.0034865669178438807,0.3884203679084427,0.384219358179916,0.004201009728526717
Random Forest,volume_and_range,0.2,9,6846103520491952032,0.8524096385542169,0.8576807228915663,-0.005271084337349352,0.6336216455976935,0.6443263344112808,-0.010704688813587326,0.3986013986013986,0.4225352112676056,-0.023933812666207033,0.3413173652694611,0.3592814371257485,-0.0179640718562874,0.36774193548387096,0.3883495145631068,-0.020607579079235827,0.7735124067111256,0.7707221216481766,0.002790285062949094,0.3864464632234789,0.38050004208798804,0.005946421135490876
Logistic Regression,volume_and_range,0.2,10,8520283531572354402,0.848644578313253,0.8441265060240963,0.004518072289156683,0.6827353045846292,0.6775879765017768,0.005147328082852343,0.4095744680851064,0.3958333333333333,0.013741134751773076,0.46107784431137727,0.4550898203592814,0.005988023952095856,0.43380281690140843,0.4233983286908078,0.010404488210600638,0.802286899070077,0.7987797015787546,0.0035071974913224446,0.3884203679084427,0.39046086764595933,-0.0020404997375166323
Random Forest,volume_and_range,0.2,10,8520283531572354402,0.8524096385542169,0.8539156626506024,-0.0015060240963854499,0.6336216455976935,0.6344829720404153,-0.0008613264427217437,0.3986013986013986,0.40425531914893614,-0.00565392054753755,0.3413173652694611,0.3413173652694611,0.0,0.36774193548387096,0.37012987012987014,-0.002387934645999179,0.7735124067111256,0.7726562379117733,0.0008561687993523526,0.3864464632234789,0.38439898051275484,0.00204748271072408
Logistic Regression,volume_and_range,0.2,11,3133845865360485617,0.848644578313253,0.8426204819277109,0.0060240963855421326,0.6827353045846292,0.681853347568429,0.0008819570162001966,0.4095744680851064,0.3939393939393939,0.01563507414571247,0.46107784431137727,0.46706586826347307,-0.0059880239520958,0.43380281690140843,0.4273972602739726,0.0064055566274358045,0.802286899070077,0.8016628242223562,0.0006240748477207569,0.3884203679084427,0.38647487704219086,0.0019454908662518422
Random Forest,volume_and_range,0.2,11,3133845865360485617,0.8524096385542169,0.8561746987951807,-0.003765060240963791,0.6336216455976935,0.635774961704498,-0.0021533161068044704,0.3986013986013986,0.41304347826086957,-0.014442079659470974,0.3413173652694611,0.3413173652694611,0.0,0.36774193548387096,0.3737704918032787,-0.006028556319407741,0.7735124067111256,0.7794643271596343,-0.005951920448508674,0.3864464632234789,0.3925039827555974,-0.006057519532118472
Logistic Regression,volume_and_range,0.2,12,3766653135401088677,0.848644578313253,0.8448795180722891,0.0037650602409639022,0.6827353045846292,0.6882720347418858,-0.005536730157256642,0.4095744680851064,0.4020100502512563,0.00756441783385009,0.46107784431137727,0.47904191616766467,-0.0179640718562874,0.43380281690140843,0.4371584699453552,-0.003355653043946749,0.802286899070077,0.7972581967847252,0.005028702285351794,0.3884203679084427,0.3903361016002632,-0.0019157336918205203
Random Forest,volume_and_range,0.2,12,3766653135401088677,0.8524096385542169,0.8554216867469879,-0.0030120481927710108,0.6336216455976935,0.6379076472378241,-0.004286001640130599,0.3986013986013986,0.41134751773049644,-0.012746119129097844,0.3413173652694611,0.3473053892215569,-0.0059880239520958,0.36774193548387096,0.37662337662337664,-0.008881441139505675,0.7735124067111256,0.7629392378034627,0.010573168907662911,0.3864464632234789,0.3848670770599272,0.0015793861635517437
Logistic Regression,volume_and_range,0.2,13,10749681724295693553,0.848644578313253,0.8433734939759037,0.005271084337349352,0.6827353045846292,0.6745939645257288,0.008141340058900326,0.4095744680851064,0.39267015706806285,0.01690431101704354,0.46107784431137727,0.4491017964071856,0.011976047904191656,0.43380281690140843,0.41899441340782123,0.014808403493587197,0.802286899070077,0.8010542223047445,0.0012326767653324522,0.3884203679084427,0.3892556414359084,-0.0008352735274657075
Random Forest,volume_and_range,0.2,13,10749681724295693553,0.8524096385542169,0.8599397590361446,-0.0075301204819276935,0.6336216455976935,0.6507450215847375,-0.017123375987043943,0.3986013986013986,0.43356643356643354,-0.03496503496503495,0.3413173652694611,0.3712574850299401,-0.029940119760479,0.36774193548387096,0.4,-0.03225806451612906,0.7735124067111256,0.7689324193989283,0.004579987312197331,0.3864464632234789,0.38919764320378214,-0.00275117998030322
Logistic Regression,volume_and_range,0.2,14,17613675431399306952,0.848644578313253,0.8463855421686747,0.0022590361445783413,0.6827353045846292,0.6840066636752336,-0.0012713590906043848,0.4095744680851064,0.40414507772020725,0.005429390364899145,0.46107784431137727,0.46706586826347307,-0.0059880239520958,0.43380281690140843,0.43333333333333335,0.00046948356807507974,0.802286899070077,0.7934724865514449,0.008814412518632131,0.3884203679084427,0.3781418898465845,0.01027847806185822
Random Forest,volume_and_range,0.2,14,17613675431399306952,0.8524096385542169,0.8569277108433735,-0.004518072289156572,0.6336216455976935,0.6490223686992939,-0.015400723101600344,0.3986013986013986,0.4217687074829932,-0.023167308881594628,0.3413173652694611,0.3712574850299401,-0.029940119760479,0.36774193548387096,0.39490445859872614,-0.027162523114855175,0.7735124067111256,0.7668796773378307,0.006632729373294954,0.3864464632234789,0.3797968551438542,0.006649608079624725
Logistic Regression,volume_and_range,0.2,15,13746884877590272979,0.848644578313253,0.8456325301204819,0.003012048192771122,0.6827353045846292,0.6835760004538727,-0.0008406958692435129,0.4095744680851064,0.4020618556701031,0.007512612415003284,0.46107784431137727,0.46706586826347307,-0.0059880239520958,0.43380281690140843,0.43213296398891965,0.0016698529124887784,0.802286899070077,0.800038166560935,0.0022487325091420374,0.3884203679084427,0.3868653593556223,0.001555008552820425
Random Forest,volume_and_range,0.2,15,13746884877590272979,0.8524096385542169,0.858433734939759,-0.0060240963855421326,0.6336216455976935,0.6447569976326417,-0.011135352034948198,0.3986013986013986,0.425531914893617,-0.02693051629221843,0.3413173652694611,0.3592814371257485,-0.0179640718562874,0.36774193548387096,0.38961038961038963,-0.021868454126518666,0.7735124067111256,0.7731565293186238,0.0003558773925018688,0.3864464632234789,0.3923439801745505,-0.005897516951071602
Logistic Regression,volume_and_range,0.2,16,4654292601101556664,0.848644578313253,0.8478915662650602,0.0007530120481927804,0.6827353045846292,0.6925580363820163,-0.00982273179738713,0.4095744680851064,0.41116751269035534,-0.00159304460524895,0.46107784431137727,0.48502994011976047,-0.0239520958083832,0.43380281690140843,0.44505494505494503,-0.0112521281535366,0.802286899070077,0.797892586919185,0.004394312150892032,0.3884203679084427,0.39171274099811515,-0.0032923730896724512
Random Forest,volume_and_range,0.2,16,4654292601101556664,0.8524096385542169,0.858433734939759,-0.0060240963855421326,0.6336216455976935,0.6421936488779547,-0.008572003280261198,0.3986013986013986,0.4244604316546763,-0.02585903305327769,0.3413173652694611,0.3532934131736527,-0.0119760479041916,0.36774193548387096,0.38562091503267976,-0.017878979548808793,0.7735124067111256,0.7701083620871951,0.0034040446239305133,0.3864464632234789,0.3873216493511309,-0.0008751861276519723
Logistic Regression,volume_and_range,0.2,17,13039778907482696334,0.848644578313253,0.8403614457831325,0.008283132530120474,0.6827353045846292,0.6831247066590334,-0.00038940207440418817,0.4095744680851064,0.3891625615763547,0.020411906508751687,0.46107784431137727,0.47305389221556887,-0.0119760479041916,0.43380281690140843,0.42702702702702705,0.006775789874381377,0.802286899070077,0.8028387669106234,-0.0005518678405463939,0.3884203679084427,0.39333021641389526,-0.004909848505452563
Random Forest,volume_and_range,0.2,17,13039778907482696334,0.8524096385542169,0.8546686746987951,-0.0022590361445782303,0.6336216455976935,0.6554204252992722,-0.02179877970157873,0.3986013986013986,0.4166666666666667,-0.018065268065268092,0.3413173652694611,0.38922155688622756,-0.047904191616766456,0.36774193548387096,0.4024767801857585,-0.034734844701887535,0.7735124067111256,0.7725582426877512,0.0009541640233744486,0.3864464632234789,0.3917072044292871,-0.0052607412058081615
Logistic Regression,volume_and_range,0.2,18,7540918814780804636,0.848644578313253,0.8463855421686747,0.0022590361445783413,0.6827353045846292,0.6865700124299206,-0.003834707845291385,0.4095744680851064,0.40512820512820513,0.004446262956901259,0.46107784431137727,0.47305389221556887,-0.0119760479041916,0.43380281690140843,0.43646408839779005,-0.002661271496381623,0.802286899070077,0.7924719037377441,0.009814995332332876,0.3884203679084427,0.3825564312576938,0.005863936650748913
Random Forest,volume_and_range,0.2,18,7540918814780804636,0.8524096385542169,0.8516566265060241,0.0007530120481927804,0.6336216455976935,0.6306276336216456,0.0029940119760478723,0.3986013986013986,0.39436619718309857,0.0042352014183000275,0.3413173652694611,0.33532934131736525,0.005988023952095856,0.36774193548387096,0.36245954692556637,0.005282388558304596,0.7735124067111256,0.7681226693899023,0.005389737321223387,0.3864464632234789,0.3860945364112264,0.0003519268122525454
Logistic Regression,volume_and_range,0.2,19,14196138911925137596,0.848644578313253,0.8456325301204819,0.003012048192771122,0.6827353045846292,0.6912660467179337,-0.008530742133304514,0.4095744680851064,0.405,0.004574468085106365,0.46107784431137727,0.48502994011976047,-0.0239520958083832,0.43380281690140843,0.44141689373297005,-0.0076140768315616225,0.802286899070077,0.7942203448400357,0.008066554230041323,0.3884203679084427,0.3841508162162379,0.004269551692204776
Random Forest,volume_and_range,0.2,19,14196138911925137596,0.8524096385542169,0.8599397590361446,-0.0075301204819276935,0.6336216455976935,0.6430549753206765,-0.009433329722982942,0.3986013986013986,0.4306569343065693,-0.032055535705170723,0.3413173652694611,0.3532934131736527,-0.0119760479041916,0.36774193548387096,0.3881578947368421,-0.020415959252971128,0.7735124067111256,0.768669379587079,0.004843027124046606,0.3864464632234789,0.3825397772924178,0.003906685931061138
Logistic Regression,volume_and_range,0.2,20,9428180272262806507,0.848644578313253,0.8456325301204819,0.003012048192771122,0.6827353045846292,0.6835760004538727,-0.0008406958692435129,0.4095744680851064,0.4020618556701031,0.007512612415003284,0.46107784431137727,0.46706586826347307,-0.0059880239520958,0.43380281690140843,0.43213296398891965,0.0016698529124887784,0.802286899070077,0.802663407036057,-0.0003765079659799886,0.3884203679084427,0.38711009191349194,0.0013102759949507603
Random Forest,volume_and_range,0.2,20,9428180272262806507,0.8524096385542169,0.8524096385542169,0.0,0.6336216455976935,0.6387483431070675,-0.005126697509374001,0.3986013986013986,0.4013605442176871,-0.002759145616288483,0.3413173652694611,0.3532934131736527,-0.0119760479041916,0.36774193548387096,0.37579617834394907,-0.008054242860078109,0.7735124067111256,0.7796964211112658,-0.006184014400140159,0.3864464632234789,0.3915708404478771,-0.00512437722439818
Logistic Regression,volume_and_range,0.2,21,1088057773771235566,0.848644578313253,0.8478915662650602,0.0007530120481927804,0.6827353045846292,0.6797412926085813,0.0029940119760478723,0.4095744680851064,0.40641711229946526,0.003157355785641136,0.46107784431137727,0.4550898203592814,0.005988023952095856,0.43380281690140843,0.4293785310734463,0.0044242858279621156,0.802286899070077,0.801807238236705,0.0004796608333720309,0.3884203679084427,0.38377856480227696,0.004641803106165743
Random Forest,volume_and_range,0.2,21,1088057773771235566,0.8524096385542169,0.8539156626506024,-0.0015060240963854499,0.6336216455976935,0.6421730183044764,-0.008551372706782856,0.3986013986013986,0.40816326530612246,-0.009561866704723865,0.3413173652694611,0.3592814371257485,-0.0179640718562874,0.36774193548387096,0.3821656050955414,-0.014423669611670464,0.7735124067111256,0.773734185376018,-0.0002217786648923692,0.3864464632234789,0.3784340461426043,0.008012417080874634
Logistic Regression,volume_and_range,0.2,22,9201543751323656853,0.848644578313253,0.8463855421686747,0.0022590361445783413,0.6827353045846292,0.6763166174111725,0.0064186871734566164,0.4095744680851064,0.40106951871657753,0.008504949368528858,0.46107784431137727,0.4491017964071856,0.011976047904191656,0.43380281690140843,0.423728813559322,0.010074003342086413,0.802286899070077,0.7938438368740556,0.008443062196021422,0.3884203679084427,0.3817006803049906,0.006719687603452096
Random Forest,volume_and_range,0.2,22,9201543751323656853,0.8524096385542169,0.8576807228915663,-0.005271084337349352,0.6336216455976935,0.6340729393925327,-0.0004512937948392137,0.3986013986013986,0.417910447761194,-0.01930904915979542,0.3413173652694611,0.33532934131736525,0.005988023952095856,0.36774193548387096,0.37209302325581395,-0.004351087771942985,0.7735124067111256,0.7667816821138086,0.00673072459731705,0.3864464632234789,0.3811930067634993,0.0052534564599796
Logistic Regression,volume_and_range,0.2,23,13935925128337820756,0.848644578313253,0.8411144578313253,0.0075301204819276935,0.6827353045846292,0.6656119285975852,0.017123375987043943,0.4095744680851064,0.3829787234042553,0.026595744680851074,0.46107784431137727,0.4311377245508982,0.029940119760479056,0.43380281690140843,0.4056338028169014,0.028169014084507005,0.802286899070077,0.794720636246886,0.00756626282319095,0.3884203679084427,0.3794738376577757,0.008946530250666995
Random Forest,volume_and_range,0.2,23,13935925128337820756,0.8524096385542169,0.8531626506024096,-0.0007530120481926694,0.6336216455976935,0.6314889600643674,0.0021326855333261285,0.3986013986013986,0.4,-0.001398601398601429,0.3413173652694611,0.33532934131736525,0.005988023952095856,0.36774193548387096,0.36482084690553745,0.0029210885783335083,0.7735124067111256,0.7670550372123969,0.006457369498728771,0.3864464632234789,0.3755797584542528,0.010866704769226132
Logistic Regression,volume_and_range,0.2,24,5052913853766819741,0.848644578313253,0.8426204819277109,0.0060240963855421326,0.6827353045846292,0.6895433938324901,-0.006808089247860916,0.4095744680851064,0.39705882352941174,0.01251564455569465,0.46107784431137727,0.48502994011976047,-0.0239520958083832,0.43380281690140843,0.4366576819407008,-0.002854865039292387,0.802286899070077,0.8037465121436713,-0.0014596130735943236,0.3884203679084427,0.38920592702986867,-0.0007855591214259716
Random Forest,volume_and_range,0.2,24,5052913853766819741,0.8524096385542169,0.8554216867469879,-0.0030120481927710108,0.6336216455976935,0.6481610422565721,-0.0145393966588786,0.3986013986013986,0.4161073825503356,-0.017505983948936987,0.3413173652694611,0.3712574850299401,-0.029940119760479,0.36774193548387096,0.3924050632911392,-0.02466312780726826,0.7735124067111256,0.7752763207435258,-0.0017639140324001712,0.3864464632234789,0.38408843239871804,0.0023580308247608817
Logistic Regression,volume_and_range,0.2,25,13211023887732583978,0.848644578313253,0.8403614457831325,0.008283132530120474,0.6827353045846292,0.6754346603949724,0.007300644189656813,0.4095744680851064,0.38578680203045684,0.023787666054649548,0.46107784431137727,0.4550898203592814,0.005988023952095856,0.43380281690140843,0.4175824175824176,0.01622039931899083,0.802286899070077,0.8009768576542007,0.0013100414158763174,0.3884203679084427,0.38990248745548245,-0.0014821195470397508
Random Forest,volume_and_range,0.2,25,13211023887732583978,0.8524096385542169,0.8554216867469879,-0.0030120481927710108,0.6336216455976935,0.6404709959925111,-0.006849350394817599,0.3986013986013986,0.4125874125874126,-0.013986013986014012,0.3413173652694611,0.3532934131736527,-0.0119760479041916,0.36774193548387096,0.38064516129032255,-0.01290322580645159,0.7735124067111256,0.7704436089062185,0.0030687978049070974,0.3864464632234789,0.3872170911674283,-0.0007706279439493868
Logistic Regression,volume_and_range,0.2,26,10100573527291289795,0.848644578313253,0.8448795180722891,0.0037650602409639022,0.6827353045846292,0.6754552909684507,0.007280013616178471,0.4095744680851064,0.3968253968253968,0.012749071259709588,0.46107784431137727,0.4491017964071856,0.011976047904191656,0.43380281690140843,0.42134831460674155,0.01245450229466688,0.802286899070077,0.7902850629490373,0.012001836121039666,0.3884203679084427,0.3875581907088368,0.0008621771996059069
Random Forest,volume_and_range,0.2,26,10100573527291289795,0.8524096385542169,0.8546686746987951,-0.0022590361445782303,0.6336216455976935,0.6297869377524021,0.003834707845291385,0.3986013986013986,0.40441176470588236,-0.005810366104483766,0.3413173652694611,0.32934131736526945,0.011976047904191656,0.36774193548387096,0.36303630363036304,0.004705631853507919,0.7735124067111256,0.7655696359219545,0.00794277078917116,0.3864464632234789,0.387312731862192,-0.0008662686387130858
Logistic Regression,volume_and_range,0.2,27,12509194351188020193,0.848644578313253,0.8456325301204819,0.003012048192771122,0.6827353045846292,0.6758859541898116,0.006849350394817599,0.4095744680851064,0.39893617021276595,0.010638297872340441,0.46107784431137727,0.4491017964071856,0.011976047904191656,0.43380281690140843,0.4225352112676056,0.011267605633802802,0.802286899070077,0.8037155662834538,-0.0014286672133767553,0.3884203679084427,0.38886329180993506,-0.0004429239014923647
Random Forest,volume_and_range,0.2,27,12509194351188020193,0.8524096385542169,0.8539156626506024,-0.0015060240963854499,0.6336216455976935,0.6344829720404153,-0.0008613264427217437,0.3986013986013986,0.40425531914893614,-0.00565392054753755,0.3413173652694611,0.3413173652694611,0.0,0.36774193548387096,0.37012987012987014,-0.002387934645999179,0.7735124067111256,0.7709800038166561,0.002532402894469543,0.3864464632234789,0.3924906149731606,-0.006044151749681703
Logistic Regression,volume_and_range,0.2,28,6348212776120915858,0.848644578313253,0.8411144578313253,0.0075301204819276935,0.6827353045846292,0.6656119285975852,0.017123375987043943,0.4095744680851064,0.3829787234042553,0.026595744680851074,0.46107784431137727,0.4311377245508982,0.029940119760479056,0.43380281690140843,0.4056338028169014,0.028169014084507005,0.802286899070077,0.8030760185056244,-0.0007891194355473807,0.3884203679084427,0.3822652155281878,0.00615515238025488
Random Forest,volume_and_range,0.2,28,6348212776120915858,0.8524096385542169,0.8576807228915663,-0.005271084337349352,0.6336216455976935,0.6494530319206548,-0.015831386322961327,0.3986013986013986,0.4246575342465753,-0.026056135645176726,0.3413173652694611,0.3712574850299401,-0.029940119760479,0.36774193548387096,0.3961661341853035,-0.028424198701432535,0.7735124067111256,0.7811921376884474,-0.007679730977321775,0.3864464632234789,0.3874540155690094,-0.0010075523455304602
Logistic Regression,volume_and_range,0.2,29,8787982068992218553,0.848644578313253,0.8418674698795181,0.006777108433734913,0.6827353045846292,0.6788593355923811,0.003875968992248069,0.4095744680851064,0.39086294416243655,0.018711523922669837,0.46107784431137727,0.46107784431137727,0.0,0.43380281690140843,0.4230769230769231,0.010725893824485355,0.802286899070077,0.7968094818115705,0.005477417258506478,0.3884203679084427,0.38381599630618696,0.004604371602255741
Random Forest,volume_and_range,0.2,29,8787982068992218553,0.8524096385542169,0.8539156626506024,-0.0015060240963854499,0.6336216455976935,0.6344829720404153,-0.0008613264427217437,0.3986013986013986,0.40425531914893614,-0.00565392054753755,0.3413173652694611,0.3413173652694611,0.0,0.36774193548387096,0.37012987012987014,-0.002387934645999179,0.7735124067111256,0.7764677363619015,-0.0029553296507758287,0.3864464632234789,0.3832578306801587,0.0031886325433202467
Logistic Regression,volume_and_range,0.5,0,7929424753202398928,0.848644578313253,0.8343373493975904,0.014307228915662606,0.6827353045846292,0.6694260058693982,0.01330929871523101,0.4095744680851064,0.3694581280788177,0.040116340006288664,0.46107784431137727,0.4491017964071856,0.011976047904191656,0.43380281690140843,0.40540540540540543,0.028397411496003,0.802286899070077,0.7876856106907633,0.014601288379313737,0.3884203679084427,0.37112922019903877,0.01729114770940393
Random Forest,volume_and_range,0.5,0,7929424753202398928,0.8524096385542169,0.858433734939759,-0.0060240963855421326,0.6336216455976935,0.6345036026138937,-0.0008819570162001966,0.3986013986013986,0.42105263157894735,-0.022451232977548752,0.3413173652694611,0.33532934131736525,0.005988023952095856,0.36774193548387096,0.37333333333333335,-0.005591397849462387,0.7735124067111256,0.775993233171899,-0.002480826460773411,0.3864464632234789,0.3849624773827165,0.0014839858407624251
Logistic Regression,volume_and_range,0.5,1,6824422380028691411,0.848644578313253,0.8373493975903614,0.011295180722891596,0.6827353045846292,0.6737120075095288,0.009023297075100412,0.4095744680851064,0.3781094527363184,0.031465015348787984,0.46107784431137727,0.4550898203592814,0.005988023952095856,0.43380281690140843,0.41304347826086957,0.02075933864053886,0.802286899070077,0.783446027840959,0.01884087122911804,0.3884203679084427,0.36651454379280246,0.021905824115640238
Random Forest,volume_and_range,0.5,1,6824422380028691411,0.8524096385542169,0.8554216867469879,-0.0030120481927710108,0.6336216455976935,0.63278094972845,0.0008406958692435129,0.3986013986013986,0.40875912408759124,-0.010157725486192648,0.3413173652694611,0.33532934131736525,0.005988023952095856,0.36774193548387096,0.3684210526315789,-0.0006791171477079638,0.7735124067111256,0.7643060132964046,0.00920639341472107,0.3864464632234789,0.37514708886909753,0.011299374354381386
Logistic Regression,volume_and_range,0.5,2,10992905808381065235,0.848644578313253,0.8396084337349398,0.009036144578313254,0.6827353045846292,0.6955107872111075,-0.012775482626478318,0.4095744680851064,0.3925233644859813,0.017051103599125095,0.46107784431137727,0.5029940119760479,-0.0419161676646706,0.43380281690140843,0.4409448818897638,-0.0071420649883553455,0.802286899070077,0.7773754815949496,0.024911417475127373,0.3884203679084427,0.36760745385886895,0.02081291404957375
Random Forest,volume_and_range,0.5,2,10992905808381065235,0.8524096385542169,0.8576807228915663,-0.005271084337349352,0.6336216455976935,0.6468896831659678,-0.013268037568274327,0.3986013986013986,0.4236111111111111,-0.02500971250971251,0.3413173652694611,0.3652694610778443,-0.0239520958083832,0.36774193548387096,0.39228295819935693,-0.02454102271548597,0.7735124067111256,0.7598652823551862,0.0136471243559394,0.3864464632234789,0.3762303616412892,0.010216101582189718
Logistic Regression,volume_and_range,0.5,3,4854736982490522002,0.848644578313253,0.8343373493975904,0.014307228915662606,0.6827353045846292,0.6899327959068942,-0.007197491322264993,0.4095744680851064,0.3789954337899543,0.030579034295152074,0.46107784431137727,0.49700598802395207,-0.0359281437125748,0.43380281690140843,0.43005181347150256,0.0037510034299058637,0.802286899070077,0.7849159562012925,0.01737094286878449,0.3884203679084427,0.38060530844174145,0.007815059466701246
Random Forest,volume_and_range,0.5,3,4854736982490522002,0.8524096385542169,0.858433734939759,-0.0060240963855421326,0.6336216455976935,0.6447569976326417,-0.011135352034948198,0.3986013986013986,0.425531914893617,-0.02693051629221843,0.3413173652694611,0.3592814371257485,-0.0179640718562874,0.36774193548387096,0.38961038961038963,-0.021868454126518666,0.7735124067111256,0.7699794210029552,0.0035329857081703997,0.3864464632234789,0.3808496734271333,0.005596789796345647
Logistic Regression,volume_and_range,0.5,4,13269795224327524647,0.848644578313253,0.8456325301204819,0.003012048192771122,0.6827353045846292,0.6912660467179337,-0.008530742133304514,0.4095744680851064,0.405,0.004574468085106365,0.46107784431137727,0.48502994011976047,-0.0239520958083832,0.43380281690140843,0.44141689373297005,-0.0076140768315616225,0.802286899070077,0.768947892329037,0.033339006741039956,0.3884203679084427,0.38512706945099495,0.0032932984574477464
Random Forest,volume_and_range,0.5,4,13269795224327524647,0.8524096385542169,0.8554216867469879,-0.0030120481927710108,0.6336216455976935,0.6379076472378241,-0.004286001640130599,0.3986013986013986,0.41134751773049644,-0.012746119129097844,0.3413173652694611,0.3473053892215569,-0.0059880239520958,0.36774193548387096,0.37662337662337664,-0.008881441139505675,0.7735124067111256,0.7555534924982077,0.017958914212917954,0.3864464632234789,0.39137481308158767,-0.004928349858108749
Logistic Regression,volume_and_range,0.5,5,7702637832164342441,0.848644578313253,0.8335843373493976,0.015060240963855387,0.6827353045846292,0.6843754351761593,-0.00164013059153012,0.4095744680851064,0.375,0.03457446808510639,0.46107784431137727,0.48502994011976047,-0.0239520958083832,0.43380281690140843,0.42297650130548303,0.010826315595925395,0.802286899070077,0.7917343607358927,0.010552538334184347,0.3884203679084427,0.3824980917946298,0.005922276113812908
Random Forest,volume_and_range,0.5,5,7702637832164342441,0.8524096385542169,0.8591867469879518,-0.006777108433734913,0.6336216455976935,0.6503143583633766,-0.01669271276568307,0.3986013986013986,0.4305555555555556,-0.03195415695415699,0.3413173652694611,0.3712574850299401,-0.029940119760479,0.36774193548387096,0.3987138263665595,-0.030971890882688535,0.7735124067111256,0.7673026040941373,0.006209802616988336,0.3864464632234789,0.38127143904872596,0.005175024174752962
Logistic Regression,volume_and_range,0.5,6,1882985878683086986,0.848644578313253,0.8253012048192772,0.02334337349397586,0.6827353045846292,0.6565680009490064,0.026167303635622807,0.4095744680851064,0.3444976076555024,0.06507686042960398,0.46107784431137727,0.4311377245508982,0.029940119760479056,0.43380281690140843,0.3829787234042553,0.05082409349715311,0.802286899070077,0.7785514242832164,0.023735474786860555,0.3884203679084427,0.37157301662261183,0.01684735128583087
Random Forest,volume_and_range,0.5,6,1882985878683086986,0.8524096385542169,0.8561746987951807,-0.003765060240963791,0.6336216455976935,0.635774961704498,-0.0021533161068044704,0.3986013986013986,0.41304347826086957,-0.014442079659470974,0.3413173652694611,0.3413173652694611,0.0,0.36774193548387096,0.3737704918032787,-0.006028556319407741,0.7735124067111256,0.7582303094070258,0.015282097304099795,0.3864464632234789,0.37964343302836684,0.006803030195112081
Logistic Regression,volume_and_range,0.5,7,11155336241422599497,0.848644578313253,0.829066265060241,0.01957831325301207,0.6827353045846292,0.6587213170558108,0.024013987528818337,0.4095744680851064,0.35294117647058826,0.05663329161451813,0.46107784431137727,0.4311377245508982,0.029940119760479056,0.43380281690140843,0.3881401617250674,0.04566265517634105,0.802286899070077,0.7765038398654887,0.025783059204588343,0.3884203679084427,0.35520208834423717,0.03321827956420553
Random Forest,volume_and_range,0.5,7,11155336241422599497,0.8524096385542169,0.8516566265060241,0.0007530120481927804,0.6336216455976935,0.6203742386028976,0.013247406994795874,0.3986013986013986,0.3880597014925373,0.01054169710886127,0.3413173652694611,0.31137724550898205,0.029940119760479056,0.36774193548387096,0.34551495016611294,0.02222698531775802,0.7735124067111256,0.7542331357955923,0.019279270915533386,0.3864464632234789,0.365493562083906,0.020952901139572933
Logistic Regression,volume_and_range,0.5,8,10731360451503462626,0.848644578313253,0.8237951807228916,0.02484939759036142,0.6827353045846292,0.6685234182797196,0.014211886304909549,0.4095744680851064,0.34841628959276016,0.06115817849234623,0.46107784431137727,0.46107784431137727,0.0,0.43380281690140843,0.39690721649484534,0.03689560040656309,0.802286899070077,0.7845033447317251,0.01778355433835188,0.3884203679084427,0.3802139423786655,0.008206425529777184
Random Forest,volume_and_range,0.5,8,10731360451503462626,0.8524096385542169,0.8448795180722891,0.0075301204819278045,0.6336216455976935,0.6241883158747106,0.009433329722982942,0.3986013986013986,0.3691275167785235,0.02947388182287508,0.3413173652694611,0.32934131736526945,0.011976047904191656,0.36774193548387096,0.34810126582278483,0.01964066966108613,0.7735124067111256,0.7595455084662716,0.013966898244854087,0.3864464632234789,0.3759853974671458,0.010461065756333099
Logistic Regression,volume_and_range,0.5,9,9495239289357144814,0.848644578313253,0.8335843373493976,0.015060240963855387,0.6827353045846292,0.6792487376667853,0.0034865669178438807,0.4095744680851064,0.37264150943396224,0.036932958651144154,0.46107784431137727,0.47305389221556887,-0.0119760479041916,0.43380281690140843,0.41688654353562005,0.01691627336578838,0.802286899070077,0.7846632316761823,0.01762366739389465,0.3884203679084427,0.3668102909120141,0.021610076996428584
Random Forest,volume_and_range,0.5,9,9495239289357144814,0.8524096385542169,0.8569277108433735,-0.004518072289156572,0.6336216455976935,0.646459019944607,-0.012837374346913455,0.3986013986013986,0.4206896551724138,-0.022088256571015208,0.3413173652694611,0.3652694610778443,-0.0239520958083832,0.36774193548387096,0.391025641025641,-0.02328370554177006,0.7735124067111256,0.7666011645958729,0.006911242115252736,0.3864464632234789,0.37432257134142477,0.01212389188205415
Logistic Regression,volume_and_range,0.5,10,16535195799844950006,0.848644578313253,0.8365963855421686,0.012048192771084376,0.6827353045846292,0.6835347393069159,-0.0007994347222867182,0.4095744680851064,0.38095238095238093,0.02862208713272546,0.46107784431137727,0.47904191616766467,-0.0179640718562874,0.43380281690140843,0.4244031830238727,0.009399633877535729,0.802286899070077,0.7841938861295497,0.018093012940527342,0.3884203679084427,0.3765509360575365,0.01186943185090622
Random Forest,volume_and_range,0.5,10,16535195799844950006,0.8524096385542169,0.8554216867469879,-0.0030120481927710108,0.6336216455976935,0.6430343447471981,-0.0094126991495046,0.3986013986013986,0.41379310344827586,-0.015191704846877263,0.3413173652694611,0.3592814371257485,-0.0179640718562874,0.36774193548387096,0.38461538461538464,-0.016873449131513674,0.7735124067111256,0.7696544894706712,0.003857917240454478,0.3864464632234789,0.3792045113477108,0.007241951875768093
Logistic Regression,volume_and_range,0.5,11,8783522291218329966,0.848644578313253,0.8358433734939759,0.012801204819277157,0.6827353045846292,0.6702873323121199,0.012447972272509267,0.4095744680851064,0.373134328358209,0.036440139726897414,0.46107784431137727,0.4491017964071856,0.011976047904191656,0.43380281690140843,0.4076086956521739,0.026194121249234537,0.802286899070077,0.7885159912732674,0.013770907796809562,0.3884203679084427,0.3702721056524383,0.01814826225600441
Random Forest,volume_and_range,0.5,11,8783522291218329966,0.8524096385542169,0.8546686746987951,-0.0022590361445782303,0.6336216455976935,0.6323502865070891,0.0012713590906043848,0.3986013986013986,0.4057971014492754,-0.007195702847876795,0.3413173652694611,0.33532934131736525,0.005988023952095856,0.36774193548387096,0.36721311475409835,0.0005288207297726166,0.7735124067111256,0.7763078494174441,-0.002795442706318485,0.3864464632234789,0.38380526244472307,0.002641200778755848
Logistic Regression,volume_and_range,0.5,12,14283896599180965820,0.848644578313253,0.8268072289156626,0.02183734939759041,0.6827353045846292,0.6728094199198502,0.00992588466477895,0.4095744680851064,0.3561643835616438,0.053410084523462575,0.46107784431137727,0.46706586826347307,-0.0059880239520958,0.43380281690140843,0.40414507772020725,0.02965773918120118,0.802286899070077,0.7776797825537555,0.024607116516321526,0.3884203679084427,0.37418924192363673,0.01423112598480597
Random Forest,volume_and_range,0.5,12,14283896599180965820,0.8524096385542169,0.8539156626506024,-0.0015060240963854499,0.6336216455976935,0.6421730183044764,-0.008551372706782856,0.3986013986013986,0.40816326530612246,-0.009561866704723865,0.3413173652694611,0.3592814371257485,-0.0179640718562874,0.36774193548387096,0.3821656050955414,-0.014423669611670464,0.7735124067111256,0.7629804989504196,0.010531907760706005,0.3864464632234789,0.3829563211529167,0.0034901420705621966
Logistic Regression,volume_and_range,0.5,13,2829690426710732154,0.848644578313253,0.838855421686747,0.009789156626506035,0.6827353045846292,0.6797000314616246,0.003035273123004556,0.4095744680851064,0.3842364532019704,0.025338014883135973,0.46107784431137727,0.46706586826347307,-0.0059880239520958,0.43380281690140843,0.42162162162162165,0.012181195279786783,0.802286899070077,0.7878558129219597,0.014431086148117278,0.3884203679084427,0.3749362993189902,0.013484068589452503
Random Forest,volume_and_range,0.5,13,2829690426710732154,0.8524096385542169,0.8576807228915663,-0.005271084337349352,0.6336216455976935,0.6468896831659678,-0.013268037568274327,0.3986013986013986,0.4236111111111111,-0.02500971250971251,0.3413173652694611,0.3652694610778443,-0.0239520958083832,0.36774193548387096,0.39228295819935693,-0.02454102271548597,0.7735124067111256,0.76638454357435,0.007127863136775603,0.3864464632234789,0.3855323259073863,0.0009141373160926336
Logistic Regression,volume_and_range,0.5,14,1491490537195599946,0.848644578313253,0.8313253012048193,0.017319277108433728,0.6827353045846292,0.6728300504933286,0.009905254091300608,0.4095744680851064,0.36492890995260663,0.04464555813249976,0.46107784431137727,0.46107784431137727,0.0,0.43380281690140843,0.4074074074074074,0.026395409494001043,0.802286899070077,0.771423561146441,0.030863337923636047,0.3884203679084427,0.3514489568357269,0.03697141107271579
Random Forest,volume_and_range,0.5,14,1491490537195599946,0.8524096385542169,0.8554216867469879,-0.0030120481927710108,0.6336216455976935,0.6430343447471981,-0.0094126991495046,0.3986013986013986,0.41379310344827586,-0.015191704846877263,0.3413173652694611,0.3592814371257485,-0.0179640718562874,0.36774193548387096,0.38461538461538464,-0.016873449131513674,0.7735124067111256,0.7587976501776809,0.014714756533444784,0.3864464632234789,0.3698823946956487,0.01656406852783021
Logistic Regression,volume_and_range,0.5,15,3995981145275756058,0.848644578313253,0.8335843373493976,0.015060240963855387,0.6827353045846292,0.6741220401574113,0.008613264427217882,0.4095744680851064,0.3701923076923077,0.03938216039279868,0.46107784431137727,0.46107784431137727,0.0,0.43380281690140843,0.4106666666666667,0.023136150234741748,0.802286899070077,0.7842970389969415,0.017989860073135522,0.3884203679084427,0.3705642242534427,0.01785614365499999
Random Forest,volume_and_range,0.5,15,3995981145275756058,0.8524096385542169,0.8539156626506024,-0.0015060240963854499,0.6336216455976935,0.6319196232857283,0.0017020223119652567,0.3986013986013986,0.4028776978417266,-0.004276299240328019,0.3413173652694611,0.33532934131736525,0.005988023952095856,0.36774193548387096,0.3660130718954248,0.00172886358844615,0.7735124067111256,0.7648630387803204,0.008649367930805285,0.3864464632234789,0.3909250051398517,-0.004478541916372758
Logistic Regression,volume_and_range,0.5,16,10635214075173675357,0.848644578313253,0.8411144578313253,0.0075301204819276935,0.6827353045846292,0.6963721136538292,-0.013636809069200062,0.4095744680851064,0.39622641509433965,0.013348052990766746,0.46107784431137727,0.5029940119760479,-0.0419161676646706,0.43380281690140843,0.44327176781002636,-0.009468950908617935,0.802286899070077,0.7809187825898591,0.021368116480217858,0.3884203679084427,0.38272208258676327,0.0056982853216794305
Random Forest,volume_and_range,0.5,16,10635214075173675357,0.8524096385542169,0.8629518072289156,-0.010542168674698704,0.6336216455976935,0.6524676744701811,-0.01884602887248754,0.3986013986013986,0.4460431654676259,-0.04744176686622731,0.3413173652694611,0.3712574850299401,-0.029940119760479,0.36774193548387096,0.40522875816993464,-0.03748682268606368,0.7735124067111256,0.7661111884757617,0.007401218235363993,0.3864464632234789,0.3932930524928083,-0.006846589269329406
Logistic Regression,volume_and_range,0.5,17,10037757696584250969,0.848644578313253,0.8260542168674698,0.02259036144578319,0.6827353045846292,0.6775054542078633,0.005229850376765821,0.4095744680851064,0.35714285714285715,0.05243161094224924,0.46107784431137727,0.47904191616766467,-0.0179640718562874,0.43380281690140843,0.4092071611253197,0.024595655776088743,0.802286899070077,0.7910690247412152,0.011217874328861788,0.3884203679084427,0.38758869491579795,0.0008316729926447497
Random Forest,volume_and_range,0.5,17,10037757696584250969,0.8524096385542169,0.8539156626506024,-0.0015060240963854499,0.6336216455976935,0.6472997158138504,-0.013678070216156857,0.3986013986013986,0.4105960264900662,-0.01199462788866762,0.3413173652694611,0.3712574850299401,-0.029940119760479,0.36774193548387096,0.389937106918239,-0.022195171434368055,0.7735124067111256,0.7639449782605331,0.009567428450592552,0.3864464632234789,0.39461745777630863,-0.008170994552829713
Logistic Regression,volume_and_range,0.5,18,13926834703478140476,0.848644578313253,0.829066265060241,0.01957831325301207,0.6827353045846292,0.6715380608292459,0.011197243755383224,0.4095744680851064,0.3598130841121495,0.049761383972956874,0.46107784431137727,0.46107784431137727,0.0,0.43380281690140843,0.4041994750656168,0.029603341835791608,0.802286899070077,0.7666991598198951,0.03558773925018188,0.3884203679084427,0.3614583646072388,0.026962003301203907
Random Forest,volume_and_range,0.5,18,13926834703478140476,0.8524096385542169,0.8463855421686747,0.006024096385542244,0.6336216455976935,0.6301763398268063,0.003445305770887197,0.3986013986013986,0.37748344370860926,0.021117954892789337,0.3413173652694611,0.3413173652694611,0.0,0.36774193548387096,0.3584905660377358,0.009251369446135138,0.7735124067111256,0.7540165147740694,0.019495891937056253,0.3864464632234789,0.3819973279866269,0.004449135236852031
Logistic Regression,volume_and_range,0.5,19,6391651675581509525,0.848644578313253,0.8403614457831325,0.008283132530120474,0.6827353045846292,0.6754346603949724,0.007300644189656813,0.4095744680851064,0.38578680203045684,0.023787666054649548,0.46107784431137727,0.4550898203592814,0.005988023952095856,0.43380281690140843,0.4175824175824176,0.01622039931899083,0.802286899070077,0.7720631089242704,0.03022379014580656,0.3884203679084427,0.3686672919613845,0.01975307594705822
Random Forest,volume_and_range,0.5,19,6391651675581509525,0.8524096385542169,0.8576807228915663,-0.005271084337349352,0.6336216455976935,0.6468896831659678,-0.013268037568274327,0.3986013986013986,0.4236111111111111,-0.02500971250971251,0.3413173652694611,0.3652694610778443,-0.0239520958083832,0.36774193548387096,0.39228295819935693,-0.02454102271548597,0.7735124067111256,0.7582560976238736,0.015256309087252062,0.3864464632234789,0.37695623176112364,0.00949023146235528
Logistic Regression,volume_and_range,0.5,20,16304904929374305572,0.848644578313253,0.8441265060240963,0.004518072289156683,0.6827353045846292,0.6852780227658378,-0.0025427181812086586,0.4095744680851064,0.398989898989899,0.010584569095207386,0.46107784431137727,0.47305389221556887,-0.0119760479041916,0.43380281690140843,0.4328767123287671,0.0009261045726413064,0.802286899070077,0.7926060024653536,0.009680896604723377,0.3884203679084427,0.3688996989793906,0.019520668929052076
Random Forest,volume_and_range,0.5,20,16304904929374305572,0.8524096385542169,0.8554216867469879,-0.0030120481927710108,0.6336216455976935,0.6481610422565721,-0.0145393966588786,0.3986013986013986,0.4161073825503356,-0.017505983948936987,0.3413173652694611,0.3712574850299401,-0.029940119760479,0.36774193548387096,0.3924050632911392,-0.02466312780726826,0.7735124067111256,0.7798872539159407,-0.006374847204815071,0.3864464632234789,0.387700263111064,-0.0012537998875850609
Logistic Regression,volume_and_range,0.5,21,9884840764958684858,0.848644578313253,0.8381024096385542,0.010542168674698815,0.6827353045846292,0.6792693682402637,0.003465936344365428,0.4095744680851064,0.38235294117647056,0.02722152690863583,0.46107784431137727,0.46706586826347307,-0.0059880239520958,0.43380281690140843,0.42048517520215634,0.013317641699252092,0.802286899070077,0.7906151521246911,0.011671746945385864,0.3884203679084427,0.3624364288781911,0.02598393903025159
Random Forest,volume_and_range,0.5,21,9884840764958684858,0.8524096385542169,0.8471385542168675,0.005271084337349463,0.6336216455976935,0.6306070030481672,0.003014642549526325,0.3986013986013986,0.38,0.01860139860139859,0.3413173652694611,0.3413173652694611,0.0,0.36774193548387096,0.35962145110410093,0.008120484379770032,0.7735124067111256,0.7677306884938134,0.005781718217312215,0.3864464632234789,0.3697094025665863,0.01673706065689262
Logistic Regression,volume_and_range,0.5,22,12885640983715691837,0.848644578313253,0.8335843373493976,0.015060240963855387,0.6827353045846292,0.6766853889120983,0.006049915672530881,0.4095744680851064,0.37142857142857144,0.03814589665653495,0.46107784431137727,0.46706586826347307,-0.0059880239520958,0.43380281690140843,0.41379310344827586,0.02000971345313257,0.802286899070077,0.7708974815227426,0.031389417547334375,0.3884203679084427,0.3580285066411024,0.03039186126734028
Random Forest,volume_and_range,0.5,22,12885640983715691837,0.8524096385542169,0.8569277108433735,-0.004518072289156572,0.6336216455976935,0.641332322435233,-0.007710676837539454,0.3986013986013986,0.41843971631205673,-0.019838317710658138,0.3413173652694611,0.3532934131736527,-0.0119760479041916,0.36774193548387096,0.38311688311688313,-0.01537494763301217,0.7735124067111256,0.7536090609478717,0.01990334576325392,0.3864464632234789,0.3721462188692849,0.014300244354194025
Logistic Regression,volume_and_range,0.5,23,18263687620860571093,0.848644578313253,0.8260542168674698,0.02259036144578319,0.6827353045846292,0.6569986641703672,0.025736640414261935,0.4095744680851064,0.34615384615384615,0.06342062193126025,0.46107784431137727,0.4311377245508982,0.029940119760479056,0.43380281690140843,0.384,0.04980281690140842,0.802286899070077,0.7711759942647005,0.031110904805376483,0.3884203679084427,0.3530948902478072,0.035325477660635485
Random Forest,volume_and_range,0.5,23,18263687620860571093,0.8524096385542169,0.8516566265060241,0.0007530120481927804,0.6336216455976935,0.6280642848669585,0.005557360730734984,0.3986013986013986,0.39285714285714285,0.005744255744255744,0.3413173652694611,0.32934131736526945,0.011976047904191656,0.36774193548387096,0.3583061889250814,0.009435746558789537,0.7735124067111256,0.7541145099980918,0.019397896713033824,0.3864464632234789,0.35914742817741374,0.02729903504606518
Logistic Regression,volume_and_range,0.5,24,5810487876268516311,0.848644578313253,0.8343373493975904,0.014307228915662606,0.6827353045846292,0.6976228421709552,-0.014887537586325994,0.4095744680851064,0.38222222222222224,0.02735224586288415,0.46107784431137727,0.5149700598802395,-0.0538922155688622,0.43380281690140843,0.4387755102040816,-0.004972693302673192,0.802286899070077,0.7956386967666733,0.006648202303403683,0.3884203679084427,0.3799574998912625,0.008462868017180214
Random Forest,volume_and_range,0.5,24,5810487876268516311,0.8524096385542169,0.8516566265060241,0.0007530120481927804,0.6336216455976935,0.6357543311310196,-0.0021326855333261285,0.3986013986013986,0.3972602739726027,0.0013411246287958756,0.3413173652694611,0.3473053892215569,-0.0059880239520958,0.36774193548387096,0.3706070287539936,-0.0028650932701226317,0.7735124067111256,0.7655283747749979,0.007984031936127733,0.3864464632234789,0.37759316414416016,0.008853299079318755
Logistic Regression,volume_and_range,0.5,25,16806891371767227220,0.848644578313253,0.8313253012048193,0.017319277108433728,0.6827353045846292,0.6779567480027026,0.004778556581926607,0.4095744680851064,0.3674418604651163,0.0421326076199901,0.46107784431137727,0.47305389221556887,-0.0119760479041916,0.43380281690140843,0.41361256544502617,0.020190251456382258,0.802286899070077,0.7870099594093467,0.015276939660730293,0.3884203679084427,0.37685681512445873,0.011563552783983966
Random Forest,volume_and_range,0.5,25,16806891371767227220,0.8524096385542169,0.8509036144578314,0.001506024096385561,0.6336216455976935,0.6430137141737198,-0.009392068576026258,0.3986013986013986,0.39869281045751637,-9.141185611777347e-05,0.3413173652694611,0.3652694610778443,-0.0239520958083832,0.36774193548387096,0.38125,-0.013508064516129015,0.7735124067111256,0.7615054129467164,0.01200699376440928,0.3864464632234789,0.37833438808606445,0.008112075137414465
Logistic Regression,volume_and_range,0.5,26,10219950167471471077,0.848644578313253,0.8283132530120482,0.02033132530120485,0.6827353045846292,0.660854002589137,0.02188130199549221,0.4095744680851064,0.3526570048309179,0.056917463254188505,0.46107784431137727,0.437125748502994,0.023952095808383256,0.43380281690140843,0.39037433155080214,0.04342848535060628,0.802286899070077,0.7670808254292448,0.03520607364083217,0.3884203679084427,0.37181808465403987,0.016602283254402828
Random Forest,volume_and_range,0.5,26,10219950167471471077,0.8524096385542169,0.8561746987951807,-0.003765060240963791,0.6336216455976935,0.638338310459185,-0.004716664861491471,0.3986013986013986,0.4142857142857143,-0.01568431568431572,0.3413173652694611,0.3473053892215569,-0.0059880239520958,0.36774193548387096,0.3778501628664495,-0.01010822738257855,0.7735124067111256,0.7590503747027908,0.014462032008334846,0.3864464632234789,0.39403356460029154,-0.007587101376812622
Logistic Regression,volume_and_range,0.5,27,3793780859324807140,0.848644578313253,0.8358433734939759,0.012801204819277157,0.6827353045846292,0.683104076085555,-0.0003687715009258463,0.4095744680851064,0.3791469194312796,0.030427548653826797,0.46107784431137727,0.47904191616766467,-0.0179640718562874,0.43380281690140843,0.42328042328042326,0.010522393620985171,0.802286899070077,0.7916208925817616,0.010666006488315394,0.3884203679084427,0.3792537973653525,0.009166570543090224
Random Forest,volume_and_range,0.5,27,3793780859324807140,0.8524096385542169,0.858433734939759,-0.0060240963855421326,0.6336216455976935,0.6550103926513897,-0.0213887470536962,0.3986013986013986,0.42953020134228187,-0.030928802740883277,0.3413173652694611,0.38323353293413176,-0.041916167664670656,0.36774193548387096,0.4050632911392405,-0.03732135565536954,0.7735124067111256,0.7677771072841396,0.005735299426986029,0.3864464632234789,0.39457562816604635,-0.008129164942567435
Logistic Regression,volume_and_range,0.5,28,13049253614584897977,0.848644578313253,0.838855421686747,0.009789156626506035,0.6827353045846292,0.6745733339522505,0.008161970632378668,0.4095744680851064,0.38190954773869346,0.027664920346412936,0.46107784431137727,0.4550898203592814,0.005988023952095856,0.43380281690140843,0.41530054644808745,0.01850227045332098,0.802286899070077,0.7902076982984935,0.012079200771583531,0.3884203679084427,0.3630738298064458,0.025346538101996885
Random Forest,volume_and_range,0.5,28,13049253614584897977,0.8524096385542169,0.8531626506024096,-0.0007530120481926694,0.6336216455976935,0.6289256113096804,0.004696034288013129,0.3986013986013986,0.39855072463768115,5.067396371744026e-05,0.3413173652694611,0.32934131736526945,0.011976047904191656,0.36774193548387096,0.36065573770491804,0.0070861977789529185,0.7735124067111256,0.7711141025442655,0.0023983041668601546,0.3864464632234789,0.369942328079416,0.016504135144062904
Logistic Regression,volume_and_range,0.5,29,18343035962862479055,0.848644578313253,0.8305722891566265,0.01807228915662651,0.6827353045846292,0.6749627360266547,0.00777256855797448,0.4095744680851064,0.3644859813084112,0.04508848677669519,0.46107784431137727,0.46706586826347307,-0.0059880239520958,0.43380281690140843,0.4094488188976378,0.02435399800377064,0.802286899070077,0.7791187650538716,0.023168134016205433,0.3884203679084427,0.3645635238522693,0.023856844056173387
Random Forest,volume_and_range,0.5,29,18343035962862479055,0.8524096385542169,0.8531626506024096,-0.0007530120481926694,0.6336216455976935,0.6263622625549934,0.007259383042700129,0.3986013986013986,0.39705882352941174,0.0015425750719868514,0.3413173652694611,0.32335329341317365,0.017964071856287456,0.36774193548387096,0.3564356435643564,0.011306291919514544,0.7735124067111256,0.7724086710300331,0.0011037356810925658,0.3864464632234789,0.3781128489996612,0.008333614223817731
Logistic Regression,volume_and_range,1.0,0,12663586091473933154,0.848644578313253,0.7899096385542169,0.0587349397590361,0.6827353045846292,0.6593969683372274,0.02333833624740178,0.4095744680851064,0.2956204379562044,0.11395403012890198,0.46107784431137727,0.48502994011976047,-0.0239520958083832,0.43380281690140843,0.3673469387755102,0.0664558781258982,0.802286899070077,0.7592412075074657,0.04304569156261129,0.3884203679084427,0.329057267259739,0.059363100648703704
Random Forest,volume_and_range,1.0,0,12663586091473933154,0.8524096385542169,0.8561746987951807,-0.003765060240963791,0.6336216455976935,0.62552156668575,0.008100078911943531,0.3986013986013986,0.4076923076923077,-0.009090909090909094,0.3413173652694611,0.31736526946107785,0.023952095808383256,0.36774193548387096,0.3569023569023569,0.010839578581514075,0.7735124067111256,0.7675553286192474,0.005957078091878287,0.3864464632234789,0.37663459076401706,0.009811872459461857
Logistic Regression,volume_and_range,1.0,1,10649205637397613902,0.848644578313253,0.7966867469879518,0.051957831325301185,0.6827353045846292,0.6555828910654145,0.027152413519214713,0.4095744680851064,0.30115830115830117,0.10841616692680522,0.46107784431137727,0.46706586826347307,-0.0059880239520958,0.43380281690140843,0.36619718309859156,0.06760563380281687,0.802286899070077,0.746115005131855,0.05617189393822197,0.3884203679084427,0.3269308696773142,0.06148949823112848
Random Forest,volume_and_range,1.0,1,10649205637397613902,0.8524096385542169,0.8493975903614458,0.003012048192771122,0.6336216455976935,0.6242089464481889,0.0094126991495046,0.3986013986013986,0.3829787234042553,0.015622675197143276,0.3413173652694611,0.32335329341317365,0.017964071856287456,0.36774193548387096,0.35064935064935066,0.017092584834520308,0.7735124067111256,0.7483379494241491,0.025174457286976537,0.3864464632234789,0.3566574140855393,0.029789049137939616
Logistic Regression,volume_and_range,1.0,2,8741292681021003668,0.848644578313253,0.7966867469879518,0.051957831325301185,0.6827353045846292,0.6709629835935365,0.01177232099109271,0.4095744680851064,0.30996309963099633,0.09961136845411006,0.46107784431137727,0.5029940119760479,-0.0419161676646706,0.43380281690140843,0.3835616438356164,0.05024117306579201,0.802286899070077,0.7411533522103081,0.061133546859768906,0.3884203679084427,0.3220024585118063,0.06641790939663639
Random Forest,volume_and_range,1.0,2,8741292681021003668,0.8524096385542169,0.8531626506024096,-0.0007530120481926694,0.6336216455976935,0.6366156575737414,-0.0029940119760478723,0.3986013986013986,0.4027777777777778,-0.004176379176379197,0.3413173652694611,0.3473053892215569,-0.0059880239520958,0.36774193548387096,0.3729903536977492,-0.005248418213878225,0.7735124067111256,0.7494984191823073,0.024013987528818337,0.3864464632234789,0.3595715464984383,0.02687491672504061
Logistic Regression,volume_and_range,1.0,3,9716068730102036250,0.848644578313253,0.7936746987951807,0.05496987951807231,0.6827353045846292,0.6589869356893447,0.023748368895284422,0.4095744680851064,0.299625468164794,0.10994899992031237,0.46107784431137727,0.47904191616766467,-0.0179640718562874,0.43380281690140843,0.3686635944700461,0.06513922243136233,0.802286899070077,0.7531964494783044,0.049090449591772556,0.3884203679084427,0.35040804681351273,0.03801232109492997
Random Forest,volume_and_range,1.0,3,9716068730102036250,0.8524096385542169,0.8591867469879518,-0.006777108433734913,0.6336216455976935,0.6451876608540026,-0.01156601525630907,0.3986013986013986,0.42857142857142855,-0.029970029970029954,0.3413173652694611,0.3592814371257485,-0.0179640718562874,0.36774193548387096,0.39087947882736157,-0.023137543343490607,0.7735124067111256,0.7585346103658317,0.014977796345293948,0.3864464632234789,0.3743424834375057,0.012103979785973218
Logistic Regression,volume_and_range,1.0,4,17970745735115151741,0.848644578313253,0.802710843373494,0.04593373493975905,0.6827353045846292,0.6615915455909885,0.021143758993640627,0.4095744680851064,0.31225296442687744,0.09732150365822895,0.46107784431137727,0.47305389221556887,-0.0119760479041916,0.43380281690140843,0.3761904761904762,0.05761234071093224,0.802286899070077,0.7380329779717051,0.06425392109837191,0.3884203679084427,0.35487327648655215,0.03354709142189055
Random Forest,volume_and_range,1.0,4,17970745735115151741,0.8524096385542169,0.8531626506024096,-0.0007530120481926694,0.6336216455976935,0.6391790063284284,-0.005557360730734873,0.3986013986013986,0.4041095890410959,-0.0055081904396973025,0.3413173652694611,0.3532934131736527,-0.0119760479041916,0.36774193548387096,0.3769968051118211,-0.009254869627950135,0.7735124067111256,0.7457849159562012,0.027727490754924422,0.3864464632234789,0.39168467512584126,-0.005238211902362344
Logistic Regression,volume_and_range,1.0,5,16189880234216716707,0.848644578313253,0.802710843373494,0.04593373493975905,0.6827353045846292,0.6641548943456757,0.018580410238953515,0.4095744680851064,0.3137254901960784,0.09584897788902796,0.46107784431137727,0.47904191616766467,-0.0179640718562874,0.43380281690140843,0.3791469194312796,0.054655897470128834,0.802286899070077,0.7646773636190152,0.037609535451061826,0.3884203679084427,0.34885422865353327,0.03956613925490943
Random Forest,volume_and_range,1.0,5,16189880234216716707,0.8524096385542169,0.8531626506024096,-0.0007530120481926694,0.6336216455976935,0.6468690525924894,-0.013247406994795874,0.3986013986013986,0.40789473684210525,-0.009293338240706661,0.3413173652694611,0.3712574850299401,-0.029940119760479,0.36774193548387096,0.3887147335423197,-0.02097279805844876,0.7735124067111256,0.7674676486819643,0.006044758029161379,0.3864464632234789,0.3813503947063831,0.00509606851709582
Logistic Regression,volume_and_range,1.0,6,17674163102582939178,0.848644578313253,0.7921686746987951,0.05647590361445787,0.6827353045846292,0.650435562982562,0.03229974160206717,0.4095744680851064,0.29277566539923955,0.11679880268586684,0.46107784431137727,0.46107784431137727,0.0,0.43380281690140843,0.3581395348837209,0.07566328201768752,0.802286899070077,0.7474817806247969,0.05480511844528013,0.3884203679084427,0.33287801615240586,0.055542351756036834
Random Forest,volume_and_range,1.0,6,17674163102582939178,0.8524096385542169,0.8554216867469879,-0.0030120481927710108,0.6336216455976935,0.6379076472378241,-0.004286001640130599,0.3986013986013986,0.41134751773049644,-0.012746119129097844,0.3413173652694611,0.3473053892215569,-0.0059880239520958,0.36774193548387096,0.37662337662337664,-0.008881441139505675,0.7735124067111256,0.7506795195139437,0.022832887197181906,0.3864464632234789,0.3807439367551009,0.005702526468378044
Logistic Regression,volume_and_range,1.0,7,10280048717582051728,0.848644578313253,0.7944277108433735,0.054216867469879526,0.6827353045846292,0.6286574138544616,0.054077890730167555,0.4095744680851064,0.2809917355371901,0.1285827325479163,0.46107784431137727,0.40718562874251496,0.05389221556886231,0.43380281690140843,0.33251833740831294,0.10128447949309549,0.802286899070077,0.7357120384553888,0.0665748606146882,0.3884203679084427,0.30738414030480266,0.08103622760364004
Random Forest,volume_and_range,1.0,7,10280048717582051728,0.8524096385542169,0.8501506024096386,0.0022590361445783413,0.6336216455976935,0.6195129121601758,0.014108733437517729,0.3986013986013986,0.38235294117647056,0.01624845742492803,0.3413173652694611,0.31137724550898205,0.029940119760479056,0.36774193548387096,0.3432343234323432,0.02450761205152774,0.7735124067111256,0.7436187057409729,0.02989370097015276,0.3864464632234789,0.36493069251150856,0.02151577071197036
Logistic Regression,volume_and_range,1.0,8,746743332238427775,0.848644578313253,0.7914156626506024,0.05722891566265065,0.6827353045846292,0.6474415510065141,0.03529375357811504,0.4095744680851064,0.2900763358778626,0.11949813220724381,0.46107784431137727,0.4550898203592814,0.005988023952095856,0.43380281690140843,0.3543123543123543,0.07949046258905412,0.802286899070077,0.7578589590844153,0.044427939985661746,0.3884203679084427,0.35337966109484575,0.035040706813596945
Random Forest,volume_and_range,1.0,8,746743332238427775,0.8524096385542169,0.8418674698795181,0.010542168674698815,0.6336216455976935,0.6147756167252059,0.018846028872487652,0.3986013986013986,0.35374149659863946,0.04485990200275913,0.3413173652694611,0.31137724550898205,0.029940119760479056,0.36774193548387096,0.33121019108280253,0.03653174440106843,0.7735124067111256,0.750385533841877,0.023126872869248638,0.3864464632234789,0.3713797586293024,0.015066704594176528
Logistic Regression,volume_and_range,1.0,9,5638364565430749140,0.848644578313253,0.7944277108433735,0.054216867469879526,0.6827353045846292,0.6722343426841408,0.010500961900488326,0.4095744680851064,0.3079710144927536,0.10160345359235279,0.46107784431137727,0.5089820359281437,-0.047904191616766456,0.43380281690140843,0.3837471783295711,0.05005563857183731,0.802286899070077,0.7511230768437286,0.05116382222634841,0.3884203679084427,0.32067575900346956,0.06774460890497314
Random Forest,volume_and_range,1.0,9,5638364565430749140,0.8524096385542169,0.8576807228915663,-0.005271084337349352,0.6336216455976935,0.6494530319206548,-0.015831386322961327,0.3986013986013986,0.4246575342465753,-0.026056135645176726,0.3413173652694611,0.3712574850299401,-0.029940119760479,0.36774193548387096,0.3961661341853035,-0.028424198701432535,0.7735124067111256,0.7624492616833517,0.011063145027773946,0.3864464632234789,0.3757893723580946,0.0106570908653843
Logistic Regression,volume_and_range,1.0,10,17783036225483052358,0.848644578313253,0.802710843373494,0.04593373493975905,0.6827353045846292,0.6615915455909885,0.021143758993640627,0.4095744680851064,0.31225296442687744,0.09732150365822895,0.46107784431137727,0.47305389221556887,-0.0119760479041916,0.43380281690140843,0.3761904761904762,0.05761234071093224,0.802286899070077,0.7548211071397257,0.047465791930351275,0.3884203679084427,0.339390683631446,0.04902968427699672
Random Forest,volume_and_range,1.0,10,17783036225483052358,0.8524096385542169,0.8614457831325302,-0.009036144578313254,0.6336216455976935,0.6490429992727722,-0.015421353675078686,0.3986013986013986,0.43884892086330934,-0.04024752226191075,0.3413173652694611,0.3652694610778443,-0.0239520958083832,0.36774193548387096,0.39869281045751637,-0.030950874973645404,0.7735124067111256,0.7689375770422979,0.004574829668827718,0.3864464632234789,0.38705515610375085,-0.0006086928802719327
Logistic Regression,volume_and_range,1.0,11,2086718545154785229,0.848644578313253,0.8079819277108434,0.04066265060240959,0.6827353045846292,0.6671695368952019,0.015565767689427301,0.4095744680851064,0.3225806451612903,0.08699382292381608,0.46107784431137727,0.47904191616766467,-0.0179640718562874,0.43380281690140843,0.3855421686746988,0.04826064822670961,0.802286899070077,0.761649826961065,0.04063707210901202,0.3884203679084427,0.3322676510908052,0.056152716817637505
Random Forest,volume_and_range,1.0,11,2086718545154785229,0.8524096385542169,0.8501506024096386,0.0022590361445783413,0.6336216455976935,0.6297663071789238,0.003855338418769727,0.3986013986013986,0.3888888888888889,0.009712509712509698,0.3413173652694611,0.33532934131736525,0.005988023952095856,0.36774193548387096,0.36012861736334406,0.007613318120526902,0.7735124067111256,0.7688963158953411,0.004616090815784513,0.3864464632234789,0.3650672154018327,0.02137924782164624
Logistic Regression,volume_and_range,1.0,12,9545184928649911020,0.848644578313253,0.7831325301204819,0.06551204819277112,0.6827353045846292,0.6683377431184143,0.014397561466214848,0.4095744680851064,0.2935153583617747,0.11605910972333167,0.46107784431137727,0.5149700598802395,-0.0538922155688622,0.43380281690140843,0.3739130434782609,0.05988977342314755,0.802286899070077,0.7480439637520824,0.05424293531799462,0.3884203679084427,0.3352267445642566,0.05319362334418609
Random Forest,volume_and_range,1.0,12,9545184928649911020,0.8524096385542169,0.8554216867469879,-0.0030120481927710108,0.6336216455976935,0.6455976935018851,-0.0119760479041916,0.3986013986013986,0.41496598639455784,-0.016364587793159246,0.3413173652694611,0.3652694610778443,-0.0239520958083832,0.36774193548387096,0.3885350318471338,-0.02079309636326282,0.7735124067111256,0.7577403332869145,0.015772073424211164,0.3864464632234789,0.375802733080506,0.01064373014297293
Logistic Regression,volume_and_range,1.0,13,17022448767062361931,0.848644578313253,0.8117469879518072,0.0368975903614458,0.6827353045846292,0.6795762480207543,0.003159056563874829,0.4095744680851064,0.3346613545816733,0.0749131135034331,0.46107784431137727,0.5029940119760479,-0.0419161676646706,0.43380281690140843,0.4019138755980861,0.031888941303322316,0.802286899070077,0.7567294351864747,0.04555746388360227,0.3884203679084427,0.3354593313334316,0.05296103657501111
Random Forest,volume_and_range,1.0,13,17022448767062361931,0.8524096385542169,0.8561746987951807,-0.003765060240963791,0.6336216455976935,0.646028356723246,-0.012406711125552472,0.3986013986013986,0.4178082191780822,-0.019206820576683603,0.3413173652694611,0.3652694610778443,-0.0239520958083832,0.36774193548387096,0.38977635782747605,-0.022034422343605087,0.7735124067111256,0.7616034081707387,0.011908998540386961,0.3864464632234789,0.37880793960274534,0.007638523620733584
Logistic Regression,volume_and_range,1.0,14,6076394226651915676,0.848644578313253,0.7929216867469879,0.05572289156626509,0.6827353045846292,0.6457395286945489,0.036995775890080296,0.4095744680851064,0.29069767441860467,0.11887679366650172,0.46107784431137727,0.4491017964071856,0.011976047904191656,0.43380281690140843,0.35294117647058826,0.08086164043082017,0.802286899070077,0.7320501116629791,0.07023678740709793,0.3884203679084427,0.30179316166440584,0.08662720624403686
Random Forest,volume_and_range,1.0,14,6076394226651915676,0.8524096385542169,0.8509036144578314,0.001506024096385561,0.6336216455976935,0.6353236679096588,-0.0017020223119652567,0.3986013986013986,0.3945578231292517,0.004043575472146899,0.3413173652694611,0.3473053892215569,-0.0059880239520958,0.36774193548387096,0.36942675159235666,-0.0016848161084856983,0.7735124067111256,0.7450576882410889,0.028454718470036777,0.3864464632234789,0.36117343802098567,0.02527302520249325
Logistic Regression,volume_and_range,1.0,15,1211558218296682150,0.848644578313253,0.8034638554216867,0.04518072289156627,0.6827353045846292,0.6671489063217235,0.015586398262905643,0.4095744680851064,0.31640625,0.09316821808510639,0.46107784431137727,0.48502994011976047,-0.0239520958083832,0.43380281690140843,0.3829787234042553,0.05082409349715311,0.802286899070077,0.749374635741437,0.052912263328639964,0.3884203679084427,0.3314363729861005,0.056983994922342185
Random Forest,volume_and_range,1.0,15,1211558218296682150,0.8524096385542169,0.8614457831325302,-0.009036144578313254,0.6336216455976935,0.6490429992727722,-0.015421353675078686,0.3986013986013986,0.43884892086330934,-0.04024752226191075,0.3413173652694611,0.3652694610778443,-0.0239520958083832,0.36774193548387096,0.39869281045751637,-0.030950874973645404,0.7735124067111256,0.7577042297833274,0.015808176927798234,0.3864464632234789,0.38133142981766543,0.005115033405813485
Logistic Regression,volume_and_range,1.0,16,1876162220892330912,0.848644578313253,0.8064759036144579,0.04216867469879515,0.6827353045846292,0.6996317442634111,-0.01689643967878196,0.4095744680851064,0.33695652173913043,0.07261794634597596,0.46107784431137727,0.5568862275449101,-0.09580838323353286,0.43380281690140843,0.4198645598194131,0.013938257081995309,0.802286899070077,0.7594939320325756,0.04279296703750135,0.3884203679084427,0.34841019824828623,0.04001016966015647
Random Forest,volume_and_range,1.0,16,1876162220892330912,0.8524096385542169,0.8621987951807228,-0.009789156626505924,0.6336216455976935,0.6571637087581943,-0.02354206316050078,0.3986013986013986,0.4444444444444444,-0.045843045843045827,0.3413173652694611,0.38323353293413176,-0.041916167664670656,0.36774193548387096,0.4115755627009646,-0.04383362721709366,0.7735124067111256,0.7609380721760614,0.012574334535064291,0.3864464632234789,0.390780792907102,-0.004334329683623073
Logistic Regression,volume_and_range,1.0,17,413126364743076503,0.848644578313253,0.7801204819277109,0.06852409638554213,0.6827353045846292,0.6563616952142227,0.026373609370406448,0.4095744680851064,0.2837370242214533,0.1258374438636531,0.46107784431137727,0.49101796407185627,-0.029940119760479,0.43380281690140843,0.35964912280701755,0.07415369409439088,0.802286899070077,0.7604687266294284,0.04181817244064856,0.3884203679084427,0.35559698449038313,0.03282338341805957
Random Forest,volume_and_range,1.0,17,413126364743076503,0.8524096385542169,0.8441265060240963,0.008283132530120585,0.6336216455976935,0.6340110476720977,-0.00038940207440418817,0.3986013986013986,0.37341772151898733,0.02518367708241126,0.3413173652694611,0.3532934131736527,-0.0119760479041916,0.36774193548387096,0.3630769230769231,0.004665012406947888,0.7735124067111256,0.7568738492008232,0.01663855751030241,0.3864464632234789,0.3920222473525135,-0.005575784129034589
Logistic Regression,volume_and_range,1.0,18,18064028028668390160,0.848644578313253,0.7906626506024096,0.05798192771084343,0.6827353045846292,0.6598276315585883,0.02290767302604091,0.4095744680851064,0.2967032967032967,0.11287117138180969,0.46107784431137727,0.48502994011976047,-0.0239520958083832,0.43380281690140843,0.36818181818181817,0.06562099871959026,0.802286899070077,0.728702801116114,0.07358409795396303,0.3884203679084427,0.3109544634840961,0.07746590442434659
Random Forest,volume_and_range,1.0,18,18064028028668390160,0.8524096385542169,0.8509036144578314,0.001506024096385561,0.6336216455976935,0.6430137141737198,-0.009392068576026258,0.3986013986013986,0.39869281045751637,-9.141185611777347e-05,0.3413173652694611,0.3652694610778443,-0.0239520958083832,0.36774193548387096,0.38125,-0.013508064516129015,0.7735124067111256,0.7438765879094523,0.02963581880167332,0.3864464632234789,0.37880884349308036,0.007637619730398559
Logistic Regression,volume_and_range,1.0,19,5526437487834696853,0.848644578313253,0.8034638554216867,0.04518072289156627,0.6827353045846292,0.6466421162842274,0.03609318830040176,0.4095744680851064,0.30416666666666664,0.10540780141843975,0.46107784431137727,0.437125748502994,0.023952095808383256,0.43380281690140843,0.35872235872235875,0.07508045817904968,0.802286899070077,0.7318128600679777,0.07047403900209925,0.3884203679084427,0.3207303717910505,0.06768999611739218
Random Forest,volume_and_range,1.0,19,5526437487834696853,0.8524096385542169,0.8524096385542169,0.0,0.6336216455976935,0.6310582968430065,0.0025633487546870004,0.3986013986013986,0.3971631205673759,0.0014382780340226886,0.3413173652694611,0.33532934131736525,0.005988023952095856,0.36774193548387096,0.36363636363636365,0.004105571847507317,0.7735124067111256,0.7411017757766121,0.03241063093451357,0.3864464632234789,0.35647770192936173,0.029968761294117185
Logistic Regression,volume_and_range,1.0,20,2969984194707239151,0.848644578313253,0.8019578313253012,0.04668674698795183,0.6827353045846292,0.6637242311243147,0.019011073460314498,0.4095744680851064,0.3125,0.09707446808510639,0.46107784431137727,0.47904191616766467,-0.0179640718562874,0.43380281690140843,0.37825059101654845,0.055552225884859974,0.802286899070077,0.7663432824273932,0.03594361664268375,0.3884203679084427,0.32497677791525653,0.06344358999318617
Random Forest,volume_and_range,1.0,20,2969984194707239151,0.8524096385542169,0.8591867469879518,-0.006777108433734913,0.6336216455976935,0.6528777071180636,-0.01925606152037007,0.3986013986013986,0.4315068493150685,-0.032905450713669904,0.3413173652694611,0.3772455089820359,-0.0359281437125748,0.36774193548387096,0.402555910543131,-0.03481397505926004,0.7735124067111256,0.7666991598198951,0.006813246891230529,0.3864464632234789,0.3708647580743569,0.015581705149121994
Logistic Regression,volume_and_range,1.0,21,16344677323237924952,0.848644578313253,0.8004518072289156,0.048192771084337394,0.6827353045846292,0.6577362071722188,0.024999097412410354,0.4095744680851064,0.30708661417322836,0.10248785391187804,0.46107784431137727,0.46706586826347307,-0.0059880239520958,0.43380281690140843,0.37054631828978624,0.06325649861162219,0.802286899070077,0.7597260259842072,0.042560873085869755,0.3884203679084427,0.32175434859259366,0.06666601931584903
Random Forest,volume_and_range,1.0,21,16344677323237924952,0.8524096385542169,0.8463855421686747,0.006024096385542244,0.6336216455976935,0.6301763398268063,0.003445305770887197,0.3986013986013986,0.37748344370860926,0.021117954892789337,0.3413173652694611,0.3413173652694611,0.0,0.36774193548387096,0.3584905660377358,0.009251369446135138,0.7735124067111256,0.7620366502137844,0.011475756497341227,0.3864464632234789,0.36571218594248756,0.020734277280991364
Logistic Regression,volume_and_range,1.0,22,3154212034422507161,0.848644578313253,0.7846385542168675,0.06400602409638556,0.6827353045846292,0.6384388845048921,0.04429642007973711,0.4095744680851064,0.27715355805243447,0.13242091003267192,0.46107784431137727,0.4431137724550898,0.017964071856287456,0.43380281690140843,0.34101382488479265,0.09278899201661578,0.802286899070077,0.7308844842614514,0.07140241480862564,0.3884203679084427,0.3065224407987409,0.08189792710970178
Random Forest,volume_and_range,1.0,22,3154212034422507161,0.8524096385542169,0.8501506024096386,0.0022590361445783413,0.6336216455976935,0.6374563534429849,-0.003834707845291385,0.3986013986013986,0.3933333333333333,0.005268065268065281,0.3413173652694611,0.3532934131736527,-0.0119760479041916,0.36774193548387096,0.3722397476340694,-0.004497812150198455,0.7735124067111256,0.7395544827657345,0.0339579239453911,0.3864464632234789,0.36285388355950354,0.023592579663975377
Logistic Regression,volume_and_range,1.0,23,3276035084811874723,0.848644578313253,0.776355421686747,0.07228915662650603,0.6827353045846292,0.6311382403152352,0.05159706426939392,0.4095744680851064,0.2644927536231884,0.14508171446191798,0.46107784431137727,0.437125748502994,0.023952095808383256,0.43380281690140843,0.3295711060948081,0.10423171080660032,0.802286899070077,0.7270110940908879,0.07527580497918906,0.3884203679084427,0.30444195692306186,0.08397841098538084
Random Forest,volume_and_range,1.0,23,3276035084811874723,0.8524096385542169,0.8433734939759037,0.009036144578313254,0.6336216455976935,0.6233269894319887,0.010294656165704796,0.3986013986013986,0.36423841059602646,0.03436298800537213,0.3413173652694611,0.32934131736526945,0.011976047904191656,0.36774193548387096,0.34591194968553457,0.021829985798336393,0.7735124067111256,0.7403229716278039,0.03318943508332173,0.3864464632234789,0.351104865915441,0.03534159730803793
Logistic Regression,volume_and_range,1.0,24,7450541898415570279,0.848644578313253,0.8064759036144579,0.04216867469879515,0.6827353045846292,0.7047584417727852,-0.022023137188156072,0.4095744680851064,0.3392857142857143,0.07028875379939209,0.46107784431137727,0.5688622754491018,-0.10778443113772457,0.43380281690140843,0.4250559284116331,0.00874688848977534,0.802286899070077,0.775817873297333,0.026469025772744015,0.3884203679084427,0.34658609851219246,0.041834269396250234
Random Forest,volume_and_range,1.0,24,7450541898415570279,0.8524096385542169,0.8546686746987951,-0.0022590361445782303,0.6336216455976935,0.6477303790352112,-0.014108733437517729,0.3986013986013986,0.41333333333333333,-0.014731934731934737,0.3413173652694611,0.3712574850299401,-0.029940119760479,0.36774193548387096,0.3911671924290221,-0.02342525694515113,0.7735124067111256,0.7585242950790925,0.014988111632033174,0.3864464632234789,0.36695885965893243,0.019487603564546485
Logistic Regression,volume_and_range,1.0,25,15877454604512899703,0.848644578313253,0.802710843373494,0.04593373493975905,0.6827353045846292,0.6692815918550497,0.013453712729579514,0.4095744680851064,0.3166023166023166,0.09297215148278981,0.46107784431137727,0.49101796407185627,-0.029940119760479,0.43380281690140843,0.38497652582159625,0.04882629107981218,0.802286899070077,0.7526497392811277,0.04963715978894934,0.3884203679084427,0.34144724636178997,0.04697312154665273
Random Forest,volume_and_range,1.0,25,15877454604512899703,0.8524096385542169,0.8493975903614458,0.003012048192771122,0.6336216455976935,0.642152387730998,-0.008530742133304514,0.3986013986013986,0.3935483870967742,0.005053011504624394,0.3413173652694611,0.3652694610778443,-0.0239520958083832,0.36774193548387096,0.37888198757763975,-0.011140052093768782,0.7735124067111256,0.7551563539587491,0.018356052752376506,0.3864464632234789,0.37142104043377183,0.015025422789707088
Logistic Regression,volume_and_range,1.0,26,3046753091975749916,0.848644578313253,0.7944277108433735,0.054216867469879526,0.6827353045846292,0.6671076451747667,0.015627659409862438,0.4095744680851064,0.30514705882352944,0.10442740926157695,0.46107784431137727,0.49700598802395207,-0.0359281437125748,0.43380281690140843,0.37813211845102507,0.05567069845038336,0.802286899070077,0.7342782135986425,0.06800868547143446,0.3884203679084427,0.3374594711869212,0.05096089672152149
Random Forest,volume_and_range,1.0,26,3046753091975749916,0.8524096385542169,0.858433734939759,-0.0060240963855421326,0.6336216455976935,0.6473203463873287,-0.013698700789635199,0.3986013986013986,0.42657342657342656,-0.02797202797202797,0.3413173652694611,0.3652694610778443,-0.0239520958083832,0.36774193548387096,0.3935483870967742,-0.025806451612903236,0.7735124067111256,0.7501482822468758,0.023364124464249847,0.3864464632234789,0.39190215829585395,-0.005455695072375033
Logistic Regression,volume_and_range,1.0,27,14347812921924664303,0.848644578313253,0.7981927710843374,0.050451807228915624,0.6827353045846292,0.6666976125268842,0.016037692057744968,0.4095744680851064,0.30943396226415093,0.10014050582095546,0.46107784431137727,0.49101796407185627,-0.029940119760479,0.43380281690140843,0.37962962962962965,0.05417318727177878,0.802286899070077,0.7600612728032308,0.04222562626684623,0.3884203679084427,0.34519689736456005,0.04322347054388265
Random Forest,volume_and_range,1.0,27,14347812921924664303,0.8524096385542169,0.8561746987951807,-0.003765060240963791,0.6336216455976935,0.6511550542326201,-0.017533408634926584,0.3986013986013986,0.42,-0.02139860139860139,0.3413173652694611,0.3772455089820359,-0.0359281437125748,0.36774193548387096,0.39747634069400634,-0.029734405210135373,0.7735124067111256,0.759793075348012,0.013719331363113652,0.3864464632234789,0.39706356735701887,-0.010617104133539945
Logistic Regression,volume_and_range,1.0,28,3022221319108590516,0.848644578313253,0.8125,0.03614457831325302,0.6827353045846292,0.6800069112421152,0.0027283933425139573,0.4095744680851064,0.336,0.07357446808510637,0.46107784431137727,0.5029940119760479,-0.0419161676646706,0.43380281690140843,0.4028776978417266,0.030925119059681816,0.802286899070077,0.7601025339501875,0.042184365119889544,0.3884203679084427,0.32524053884224835,0.06317982906619435
Random Forest,volume_and_range,1.0,28,3022221319108590516,0.8524096385542169,0.8493975903614458,0.003012048192771122,0.6336216455976935,0.6318989927122499,0.0017226528854435985,0.3986013986013986,0.3877551020408163,0.01084629656058228,0.3413173652694611,0.3413173652694611,0.0,0.36774193548387096,0.3630573248407643,0.004684610643106657,0.7735124067111256,0.7681742458235983,0.005338160887527366,0.3864464632234789,0.3579235016318661,0.028522961591612828
Logistic Regression,volume_and_range,1.0,29,1380673717180632143,0.848644578313253,0.7921686746987951,0.05647590361445787,0.6827353045846292,0.650435562982562,0.03229974160206717,0.4095744680851064,0.29277566539923955,0.11679880268586684,0.46107784431137727,0.46107784431137727,0.0,0.43380281690140843,0.3581395348837209,0.07566328201768752,0.802286899070077,0.7469814892179465,0.055305409852130505,0.3884203679084427,0.32586879543002084,0.06255157247842186
Random Forest,volume_and_range,1.0,29,1380673717180632143,0.8524096385542169,0.8539156626506024,-0.0015060240963854499,0.6336216455976935,0.6396096695497893,-0.0059880239520957446,0.3986013986013986,0.4068965517241379,-0.008295153122739318,0.3413173652694611,0.3532934131736527,-0.0119760479041916,0.36774193548387096,0.3782051282051282,-0.01046319272125723,0.7735124067111256,0.7679834130189234,0.0055289936922022775,0.3864464632234789,0.3707196387351422,0.015726824488336733
Logistic Regression,all_predictors,0.05,0,9548454493195297753,0.848644578313253,0.8463855421686747,0.0022590361445783413,0.6827353045846292,0.6763166174111725,0.0064186871734566164,0.4095744680851064,0.40106951871657753,0.008504949368528858,0.46107784431137727,0.4491017964071856,0.011976047904191656,0.43380281690140843,0.423728813559322,0.010074003342086413,0.802286899070077,0.8029780232816021,-0.0006911242115250626,0.3884203679084427,0.3863951259288338,0.002025241979608905
Random Forest,all_predictors,0.05,0,9548454493195297753,0.8524096385542169,0.8539156626506024,-0.0015060240963854499,0.6336216455976935,0.6421730183044764,-0.008551372706782856,0.3986013986013986,0.40816326530612246,-0.009561866704723865,0.3413173652694611,0.3592814371257485,-0.0179640718562874,0.36774193548387096,0.3821656050955414,-0.014423669611670464,0.7735124067111256,0.7722848875891627,0.00122751912196295,0.3864464632234789,0.3871831453565402,-0.0007366821330612727
Logistic Regression,all_predictors,0.05,1,2154641085212114099,0.848644578313253,0.8471385542168675,0.001506024096385561,0.6827353045846292,0.6870006756512814,-0.004265371066652257,0.4095744680851064,0.4072164948453608,0.00235797323974557,0.46107784431137727,0.47305389221556887,-0.0119760479041916,0.43380281690140843,0.4376731301939058,-0.0038703132924973738,0.802286899070077,0.8017040853693131,0.0005828137007638512,0.3884203679084427,0.3893859296742158,-0.0009655617657731153
Random Forest,all_predictors,0.05,1,2154641085212114099,0.8524096385542169,0.8531626506024096,-0.0007530120481926694,0.6336216455976935,0.6443057038378024,-0.010684058240108874,0.3986013986013986,0.4066666666666667,-0.008065268065268083,0.3413173652694611,0.3652694610778443,-0.0239520958083832,0.36774193548387096,0.38485804416403785,-0.017116108680166886,0.7735124067111256,0.7735433525713431,-3.0945860217457266e-05,0.3864464632234789,0.38470666191116304,0.0017398013123158806
Logistic Regression,all_predictors,0.05,2,13154391691327492668,0.848644578313253,0.8441265060240963,0.004518072289156683,0.6827353045846292,0.6852780227658378,-0.0025427181812086586,0.4095744680851064,0.398989898989899,0.010584569095207386,0.46107784431137727,0.47305389221556887,-0.0119760479041916,0.43380281690140843,0.4328767123287671,0.0009261045726413064,0.802286899070077,0.8029212892045366,-0.0006343901344596503,0.3884203679084427,0.38896617166227654,-0.0005458037538338401
Random Forest,all_predictors,0.05,2,13154391691327492668,0.8524096385542169,0.8561746987951807,-0.003765060240963791,0.6336216455976935,0.6511550542326201,-0.017533408634926584,0.3986013986013986,0.42,-0.02139860139860139,0.3413173652694611,0.3772455089820359,-0.0359281437125748,0.36774193548387096,0.39747634069400634,-0.029734405210135373,0.7735124067111256,0.7879847540061996,-0.014472347295073962,0.3864464632234789,0.39953894573974125,-0.013092482516262327
Logistic Regression,all_predictors,0.05,3,14135787767593178370,0.848644578313253,0.8516566265060241,-0.003012048192771122,0.6827353045846292,0.6895846549794468,-0.006849350394817599,0.4095744680851064,0.42021276595744683,-0.010638297872340441,0.46107784431137727,0.47305389221556887,-0.0119760479041916,0.43380281690140843,0.4450704225352113,-0.011267605633802857,0.802286899070077,0.8037413545003016,-0.0014544554302245993,0.3884203679084427,0.3916442476710722,-0.0032238797626295
Random Forest,all_predictors,0.05,3,14135787767593178370,0.8524096385542169,0.8621987951807228,-0.009789156626505924,0.6336216455976935,0.6494736624941332,-0.01585201689643967,0.3986013986013986,0.4420289855072464,-0.043427586905847804,0.3413173652694611,0.3652694610778443,-0.0239520958083832,0.36774193548387096,0.4,-0.03225806451612906,0.7735124067111256,0.7725066662540552,0.0010057404570704698,0.3864464632234789,0.39552456915350975,-0.009078105930030833
Logistic Regression,all_predictors,0.05,4,16023118670343279724,0.848644578313253,0.8463855421686747,0.0022590361445783413,0.6827353045846292,0.6865700124299206,-0.003834707845291385,0.4095744680851064,0.40512820512820513,0.004446262956901259,0.46107784431137727,0.47305389221556887,-0.0119760479041916,0.43380281690140843,0.43646408839779005,-0.002661271496381623,0.802286899070077,0.8011780057456147,0.00110889332446229,0.3884203679084427,0.3900724206450759,-0.0016520527366332138
Random Forest,all_predictors,0.05,4,16023118670343279724,0.8524096385542169,0.8614457831325302,-0.009036144578313254,0.6336216455976935,0.6490429992727722,-0.015421353675078686,0.3986013986013986,0.43884892086330934,-0.04024752226191075,0.3413173652694611,0.3652694610778443,-0.0239520958083832,0.36774193548387096,0.39869281045751637,-0.030950874973645404,0.7735124067111256,0.7758024003672241,-0.002289993656098499,0.3864464632234789,0.39296109693904124,-0.0065146337155623235
Logistic Regression,all_predictors,0.05,5,10695447415437244136,0.848644578313253,0.8463855421686747,0.0022590361445783413,0.6827353045846292,0.6763166174111725,0.0064186871734566164,0.4095744680851064,0.40106951871657753,0.008504949368528858,0.46107784431137727,0.4491017964071856,0.011976047904191656,0.43380281690140843,0.423728813559322,0.010074003342086413,0.802286899070077,0.7993109388458225,0.0029759602242545036,0.3884203679084427,0.38297912942586726,0.005441238482575439
Random Forest,all_predictors,0.05,5,10695447415437244136,0.8524096385542169,0.8554216867469879,-0.0030120481927710108,0.6336216455976935,0.6353442984831371,-0.0017226528854435985,0.3986013986013986,0.41007194244604317,-0.011470543844644576,0.3413173652694611,0.3413173652694611,0.0,0.36774193548387096,0.37254901960784315,-0.004807084123972183,0.7735124067111256,0.7791084497671323,-0.005596043056006694,0.3864464632234789,0.38936944972515497,-0.0029229865016760503
Logistic Regression,all_predictors,0.05,6,1355839820041451051,0.848644578313253,0.8463855421686747,0.0022590361445783413,0.6827353045846292,0.6840066636752336,-0.0012713590906043848,0.4095744680851064,0.40414507772020725,0.005429390364899145,0.46107784431137727,0.46706586826347307,-0.0059880239520958,0.43380281690140843,0.43333333333333335,0.00046948356807507974,0.802286899070077,0.7989447461665815,0.0033421529034954878,0.3884203679084427,0.3895186544016602,-0.0010982864932175262
Random Forest,all_predictors,0.05,6,1355839820041451051,0.8524096385542169,0.8561746987951807,-0.003765060240963791,0.6336216455976935,0.640901659213872,-0.007280013616178471,0.3986013986013986,0.4154929577464789,-0.01689155914508028,0.3413173652694611,0.3532934131736527,-0.0119760479041916,0.36774193548387096,0.3818770226537217,-0.014135087169850735,0.7735124067111256,0.7733628350534074,0.00014957165771822822,0.3864464632234789,0.39688662327246355,-0.010440160048984626
Logistic Regression,all_predictors,0.05,7,10713198066817210540,0.848644578313253,0.8456325301204819,0.003012048192771122,0.6827353045846292,0.6784493029444986,0.004286001640130599,0.4095744680851064,0.4,0.009574468085106369,0.46107784431137727,0.4550898203592814,0.005988023952095856,0.43380281690140843,0.4257703081232493,0.008032508778159142,0.802286899070077,0.8030657032188853,-0.0007788041488082653,0.3884203679084427,0.38858446795361706,-0.0001641000451743646
Random Forest,all_predictors,0.05,7,10713198066817210540,0.8524096385542169,0.8531626506024096,-0.0007530120481926694,0.6336216455976935,0.6314889600643674,0.0021326855333261285,0.3986013986013986,0.4,-0.001398601398601429,0.3413173652694611,0.33532934131736525,0.005988023952095856,0.36774193548387096,0.36482084690553745,0.0029210885783335083,0.7735124067111256,0.7782883844713673,-0.004775977760241634,0.3864464632234789,0.38581262565453417,0.0006338375689447506
Logistic Regression,all_predictors,0.05,8,17777172685363857414,0.848644578313253,0.8403614457831325,0.008283132530120474,0.6827353045846292,0.6728713116402854,0.009863992944343813,0.4095744680851064,0.38461538461538464,0.024959083469721755,0.46107784431137727,0.4491017964071856,0.011976047904191656,0.43380281690140843,0.4143646408839779,0.01943817601743053,0.802286899070077,0.8002651028691969,0.002021796200880055,0.3884203679084427,0.3798264357474007,0.008593932161041984
Random Forest,all_predictors,0.05,8,17777172685363857414,0.8524096385542169,0.8531626506024096,-0.0007530120481926694,0.6336216455976935,0.6417423550831154,-0.008120709485421873,0.3986013986013986,0.40540540540540543,-0.006804006804006835,0.3413173652694611,0.3592814371257485,-0.0179640718562874,0.36774193548387096,0.38095238095238093,-0.013210445468509968,0.7735124067111256,0.7746522458958053,-0.0011398391846796363,0.3864464632234789,0.382785039833949,0.0036614233895299053
Logistic Regression,all_predictors,0.05,9,6529963316481858125,0.848644578313253,0.8463855421686747,0.0022590361445783413,0.6827353045846292,0.6891333611846076,-0.006398056599978386,0.4095744680851064,0.40609137055837563,0.0034830975267307607,0.46107784431137727,0.47904191616766467,-0.0179640718562874,0.43380281690140843,0.43956043956043955,-0.005757622659031125,0.802286899070077,0.8004662509606112,0.0018206481094658056,0.3884203679084427,0.387338676958378,0.0010816909500647176
Random Forest,all_predictors,0.05,9,6529963316481858125,0.8524096385542169,0.8576807228915663,-0.005271084337349352,0.6336216455976935,0.6417629856565938,-0.008141340058900326,0.3986013986013986,0.42142857142857143,-0.022827172827172837,0.3413173652694611,0.3532934131736527,-0.0119760479041916,0.36774193548387096,0.38436482084690554,-0.01662288536303458,0.7735124067111256,0.770412663046001,0.0030997436651246657,0.3864464632234789,0.3822497874057401,0.004196675817738804
Logistic Regression,all_predictors,0.05,10,2946541589670375679,0.848644578313253,0.8456325301204819,0.003012048192771122,0.6827353045846292,0.6758859541898116,0.006849350394817599,0.4095744680851064,0.39893617021276595,0.010638297872340441,0.46107784431137727,0.4491017964071856,0.011976047904191656,0.43380281690140843,0.4225352112676056,0.011267605633802802,0.802286899070077,0.7995224022239759,0.0027644968461011388,0.3884203679084427,0.385943887777931,0.0024764801305117157
Random Forest,all_predictors,0.05,10,2946541589670375679,0.8524096385542169,0.8576807228915663,-0.005271084337349352,0.6336216455976935,0.6520163806753418,-0.018394735077648328,0.3986013986013986,0.42567567567567566,-0.027074277074277064,0.3413173652694611,0.3772455089820359,-0.0359281437125748,0.36774193548387096,0.4,-0.03225806451612906,0.7735124067111256,0.7724293016035114,0.001083105107614224,0.3864464632234789,0.3888285889859883,-0.0023821257625094017
Logistic Regression,all_predictors,0.05,11,16493148482653478574,0.848644578313253,0.8516566265060241,-0.003012048192771122,0.6827353045846292,0.6921480037341339,-0.00941269914950471,0.4095744680851064,0.42105263157894735,-0.011478163493840954,0.46107784431137727,0.47904191616766467,-0.0179640718562874,0.43380281690140843,0.4481792717086835,-0.014376454807275063,0.802286899070077,0.8021528003424676,0.00013409872760938857,0.3884203679084427,0.3891527537054403,-0.0007323857969975811
Random Forest,all_predictors,0.05,11,16493148482653478574,0.8524096385542169,0.858433734939759,-0.0060240963855421326,0.6336216455976935,0.6550103926513897,-0.0213887470536962,0.3986013986013986,0.42953020134228187,-0.030928802740883277,0.3413173652694611,0.38323353293413176,-0.041916167664670656,0.36774193548387096,0.4050632911392405,-0.03732135565536954,0.7735124067111256,0.7783348032616937,-0.004822396550568042,0.3864464632234789,0.40042747291041286,-0.013981009686933943
Logistic Regression,all_predictors,0.05,12,17822519790715637801,0.848644578313253,0.8478915662650602,0.0007530120481927804,0.6827353045846292,0.6848679901179553,-0.0021326855333261285,0.4095744680851064,0.4083769633507853,0.0011975047343210643,0.46107784431137727,0.46706586826347307,-0.0059880239520958,0.43380281690140843,0.43575418994413406,-0.0019513730427256348,0.802286899070077,0.801198636319093,0.0010882627509839482,0.3884203679084427,0.3868164273342633,0.0016039405741793966
Random Forest,all_predictors,0.05,12,17822519790715637801,0.8524096385542169,0.858433734939759,-0.0060240963855421326,0.6336216455976935,0.6550103926513897,-0.0213887470536962,0.3986013986013986,0.42953020134228187,-0.030928802740883277,0.3413173652694611,0.38323353293413176,-0.041916167664670656,0.36774193548387096,0.4050632911392405,-0.03732135565536954,0.7735124067111256,0.7738889146771056,-0.0003765079659799886,0.3864464632234789,0.38448540578209145,0.0019610574413874704
Logistic Regression,all_predictors,0.05,13,1841751857852941195,0.848644578313253,0.8456325301204819,0.003012048192771122,0.6827353045846292,0.6784493029444986,0.004286001640130599,0.4095744680851064,0.4,0.009574468085106369,0.46107784431137727,0.4550898203592814,0.005988023952095856,0.43380281690140843,0.4257703081232493,0.008032508778159142,0.802286899070077,0.8020651204051844,0.00022177866489259124,0.3884203679084427,0.38736304058319126,0.0010573273252514337
Random Forest,all_predictors,0.05,13,1841751857852941195,0.8524096385542169,0.8539156626506024,-0.0015060240963854499,0.6336216455976935,0.6421730183044764,-0.008551372706782856,0.3986013986013986,0.40816326530612246,-0.009561866704723865,0.3413173652694611,0.3592814371257485,-0.0179640718562874,0.36774193548387096,0.3821656050955414,-0.014423669611670464,0.7735124067111256,0.7707066487180678,0.0028057579930578225,0.3864464632234789,0.39035200595583164,-0.003905542732352718
Logistic Regression,all_predictors,0.05,14,3190529462231892295,0.848644578313253,0.8463855421686747,0.0022590361445783413,0.6827353045846292,0.6763166174111725,0.0064186871734566164,0.4095744680851064,0.40106951871657753,0.008504949368528858,0.46107784431137727,0.4491017964071856,0.011976047904191656,0.43380281690140843,0.423728813559322,0.010074003342086413,0.802286899070077,0.8013482079768112,0.000938691093265831,0.3884203679084427,0.3876521292514395,0.0007682386570032063
Random Forest,all_predictors,0.05,14,3190529462231892295,0.8524096385542169,0.8621987951807228,-0.009789156626505924,0.6336216455976935,0.6597270575128812,-0.02610541191518767,0.3986013986013986,0.4452054794520548,-0.046604080850656204,0.3413173652694611,0.38922155688622756,-0.047904191616766456,0.36774193548387096,0.41533546325878595,-0.04759352777491499,0.7735124067111256,0.7796500023209395,-0.006137595609813862,0.3864464632234789,0.39402337885107575,-0.007576915627596825
Logistic Regression,all_predictors,0.05,15,4285032964157930268,0.848644578313253,0.8441265060240963,0.004518072289156683,0.6827353045846292,0.6801513252564638,0.0025839793281653423,0.4095744680851064,0.39690721649484534,0.012667251590261053,0.46107784431137727,0.46107784431137727,0.0,0.43380281690140843,0.4265927977839335,0.007210019117474931,0.802286899070077,0.8000587971344133,0.0022281019356636955,0.3884203679084427,0.38532281996974144,0.0030975479387012617
Random Forest,all_predictors,0.05,15,4285032964157930268,0.8524096385542169,0.8546686746987951,-0.0022590361445782303,0.6336216455976935,0.6374769840164632,-0.003855338418769727,0.3986013986013986,0.4084507042253521,-0.00984930562395353,0.3413173652694611,0.3473053892215569,-0.0059880239520958,0.36774193548387096,0.37540453074433655,-0.007662595260465588,0.7735124067111256,0.7766482538798372,-0.003135847168711514,0.3864464632234789,0.3900651461159903,-0.0036186828925113823
Logistic Regression,all_predictors,0.05,16,3630602920976921228,0.848644578313253,0.8448795180722891,0.0037650602409639022,0.6827353045846292,0.6780186397231377,0.004716664861491471,0.4095744680851064,0.39790575916230364,0.01166870892280275,0.46107784431137727,0.4550898203592814,0.005988023952095856,0.43380281690140843,0.4245810055865922,0.009221811314816253,0.802286899070077,0.7989344308798424,0.003352468190234603,0.3884203679084427,0.3894305859247945,-0.001010218016351816
Random Forest,all_predictors,0.05,16,3630602920976921228,0.8524096385542169,0.8599397590361446,-0.0075301204819276935,0.6336216455976935,0.6507450215847375,-0.017123375987043943,0.3986013986013986,0.43356643356643354,-0.03496503496503495,0.3413173652694611,0.3712574850299401,-0.029940119760479,0.36774193548387096,0.4,-0.03225806451612906,0.7735124067111256,0.7780872363799531,-0.004574829668827496,0.3864464632234789,0.3962426618190391,-0.00979619859556019
Logistic Regression,all_predictors,0.05,17,18089897744363970964,0.848644578313253,0.8433734939759037,0.005271084337349352,0.6827353045846292,0.677157313280416,0.0055779913042132145,0.4095744680851064,0.39378238341968913,0.01579208466541726,0.46107784431137727,0.4550898203592814,0.005988023952095856,0.43380281690140843,0.4222222222222222,0.011580594679186207,0.802286899070077,0.8027975057636665,-0.0005106066935894882,0.3884203679084427,0.3905695656737483,-0.0021491977653055883
Random Forest,all_predictors,0.05,17,18089897744363970964,0.8524096385542169,0.8569277108433735,-0.004518072289156572,0.6336216455976935,0.641332322435233,-0.007710676837539454,0.3986013986013986,0.41843971631205673,-0.019838317710658138,0.3413173652694611,0.3532934131736527,-0.0119760479041916,0.36774193548387096,0.38311688311688313,-0.01537494763301217,0.7735124067111256,0.7754826264783096,-0.0019702197671839228,0.3864464632234789,0.39272763961320367,-0.006281176389724752
Logistic Regression,all_predictors,0.05,18,9692592755276369120,0.848644578313253,0.8433734939759037,0.005271084337349352,0.6827353045846292,0.677157313280416,0.0055779913042132145,0.4095744680851064,0.39378238341968913,0.01579208466541726,0.46107784431137727,0.4550898203592814,0.005988023952095856,0.43380281690140843,0.4222222222222222,0.011580594679186207,0.802286899070077,0.7981865725912516,0.004100326478825411,0.3884203679084427,0.38909363007582587,-0.0006732621673831707
Random Forest,all_predictors,0.05,18,9692592755276369120,0.8524096385542169,0.8561746987951807,-0.003765060240963791,0.6336216455976935,0.643465007968559,-0.009843362370865472,0.3986013986013986,0.4166666666666667,-0.018065268065268092,0.3413173652694611,0.3592814371257485,-0.0179640718562874,0.36774193548387096,0.3858520900321543,-0.018110154548283353,0.7735124067111256,0.7824041838803014,-0.008891777169175774,0.3864464632234789,0.3861933227477298,0.00025314047574914733
Logistic Regression,all_predictors,0.05,19,2374022019812722186,0.848644578313253,0.8433734939759037,0.005271084337349352,0.6827353045846292,0.679720662035103,0.003014642549526214,0.4095744680851064,0.39487179487179486,0.014702673213311535,0.46107784431137727,0.46107784431137727,0.0,0.43380281690140843,0.425414364640884,0.008388452260524426,0.802286899070077,0.7992284165519092,0.00305848251816776,0.3884203679084427,0.38360445461106124,0.004815913297381458
Random Forest,all_predictors,0.05,19,2374022019812722186,0.8524096385542169,0.8516566265060241,0.0007530120481927804,0.6336216455976935,0.6408810286403936,-0.007259383042700129,0.3986013986013986,0.4,-0.001398601398601429,0.3413173652694611,0.3592814371257485,-0.0179640718562874,0.36774193548387096,0.3785488958990536,-0.010806960415182643,0.7735124067111256,0.7826775389788898,-0.009165132267764164,0.3864464632234789,0.3892505251248167,-0.0028040619013378065
Logistic Regression,all_predictors,0.05,20,5182571223116609106,0.848644578313253,0.8463855421686747,0.0022590361445783413,0.6827353045846292,0.6840066636752336,-0.0012713590906043848,0.4095744680851064,0.40414507772020725,0.005429390364899145,0.46107784431137727,0.46706586826347307,-0.0059880239520958,0.43380281690140843,0.43333333333333335,0.00046948356807507974,0.802286899070077,0.797361349652117,0.0049255494179599735,0.3884203679084427,0.38956352885651296,-0.0011431609480702654
Random Forest,all_predictors,0.05,20,5182571223116609106,0.8524096385542169,0.8621987951807228,-0.009789156626505924,0.6336216455976935,0.6546003600035072,-0.02097871440581367,0.3986013986013986,0.44366197183098594,-0.04506057322958734,0.3413173652694611,0.3772455089820359,-0.0359281437125748,0.36774193548387096,0.4077669902912621,-0.04002505480739116,0.7735124067111256,0.7718052267557909,0.0017071799553347589,0.3864464632234789,0.38676214706263806,-0.0003156838391591421
Logistic Regression,all_predictors,0.05,21,14699467924572196524,0.848644578313253,0.8456325301204819,0.003012048192771122,0.6827353045846292,0.6810126516991856,0.0017226528854435985,0.4095744680851064,0.4010416666666667,0.008532801418439706,0.46107784431137727,0.46107784431137727,0.0,0.43380281690140843,0.42896935933147634,0.004833457569932087,0.802286899070077,0.7997390232454986,0.002547875824578383,0.3884203679084427,0.38827685224200686,0.0001435156664358339
Random Forest,all_predictors,0.05,21,14699467924572196524,0.8524096385542169,0.8599397590361446,-0.0075301204819276935,0.6336216455976935,0.6507450215847375,-0.017123375987043943,0.3986013986013986,0.43356643356643354,-0.03496503496503495,0.3413173652694611,0.3712574850299401,-0.029940119760479,0.36774193548387096,0.4,-0.03225806451612906,0.7735124067111256,0.7781388128136493,-0.004626406102523628,0.3864464632234789,0.3894651737292148,-0.0030187105057358776
Logistic Regression,all_predictors,0.05,22,2773597212955800254,0.848644578313253,0.8471385542168675,0.001506024096385561,0.6827353045846292,0.6793106293872204,0.003424675197408744,0.4095744680851064,0.40425531914893614,0.005319148936170248,0.46107784431137727,0.4550898203592814,0.005988023952095856,0.43380281690140843,0.428169014084507,0.005633802816901401,0.802286899070077,0.7963556091950466,0.005931289875030443,0.3884203679084427,0.38515212524370973,0.0032682426647329677
Random Forest,all_predictors,0.05,22,2773597212955800254,0.8524096385542169,0.8569277108433735,-0.004518072289156572,0.6336216455976935,0.641332322435233,-0.007710676837539454,0.3986013986013986,0.41843971631205673,-0.019838317710658138,0.3413173652694611,0.3532934131736527,-0.0119760479041916,0.36774193548387096,0.38311688311688313,-0.01537494763301217,0.7735124067111256,0.7768545596146209,-0.0033421529034952657,0.3864464632234789,0.3875552406438622,-0.001108777420383289
Logistic Regression,all_predictors,0.05,23,8369097804878056144,0.848644578313253,0.8433734939759037,0.005271084337349352,0.6827353045846292,0.679720662035103,0.003014642549526214,0.4095744680851064,0.39487179487179486,0.014702673213311535,0.46107784431137727,0.46107784431137727,0.0,0.43380281690140843,0.425414364640884,0.008388452260524426,0.802286899070077,0.8022714261399683,1.5472930108728633e-05,0.3884203679084427,0.3893507675788033,-0.0009303996703606265
Random Forest,all_predictors,0.05,23,8369097804878056144,0.8524096385542169,0.8621987951807228,-0.009789156626505924,0.6336216455976935,0.6520370112488202,-0.01841536565112667,0.3986013986013986,0.44285714285714284,-0.044255744255744245,0.3413173652694611,0.3712574850299401,-0.029940119760479,0.36774193548387096,0.40390879478827363,-0.036166859304402665,0.7735124067111256,0.7759726025984206,-0.002460195887294958,0.3864464632234789,0.389844160697602,-0.003397697474123107
Logistic Regression,all_predictors,0.05,24,6257837480786530658,0.848644578313253,0.8426204819277109,0.0060240963855421326,0.6827353045846292,0.676726650059055,0.0060086545255741974,0.4095744680851064,0.3917525773195876,0.017821890765518766,0.46107784431137727,0.4550898203592814,0.005988023952095856,0.43380281690140843,0.42105263157894735,0.012750185322461083,0.802286899070077,0.7974645025195087,0.004822396550568264,0.3884203679084427,0.38577861244163475,0.002641755466807949
Random Forest,all_predictors,0.05,24,6257837480786530658,0.8524096385542169,0.8569277108433735,-0.004518072289156572,0.6336216455976935,0.636205624925859,-0.0025839793281654533,0.3986013986013986,0.41605839416058393,-0.01745699555918534,0.3413173652694611,0.3413173652694611,0.0,0.36774193548387096,0.375,-0.007258064516129037,0.7735124067111256,0.7676533238432693,0.005859082867856302,0.3864464632234789,0.3917304225262875,-0.005283959302808561
Logistic Regression,all_predictors,0.05,25,3097765022827218185,0.848644578313253,0.8478915662650602,0.0007530120481927804,0.6827353045846292,0.6771779438538943,0.005557360730734873,0.4095744680851064,0.40540540540540543,0.004169062679700963,0.46107784431137727,0.4491017964071856,0.011976047904191656,0.43380281690140843,0.42613636363636365,0.007666453265044781,0.802286899070077,0.8019516522510535,0.00033524681902352693,0.3884203679084427,0.3869432386670697,0.0014771292413729986
Random Forest,all_predictors,0.05,25,3097765022827218185,0.8524096385542169,0.8614457831325302,-0.009036144578313254,0.6336216455976935,0.6490429992727722,-0.015421353675078686,0.3986013986013986,0.43884892086330934,-0.04024752226191075,0.3413173652694611,0.3652694610778443,-0.0239520958083832,0.36774193548387096,0.39869281045751637,-0.030950874973645404,0.7735124067111256,0.7822546122225833,-0.008742205511457657,0.3864464632234789,0.39466673724415446,-0.008220274020675544
Logistic Regression,all_predictors,0.05,26,5156581391540654457,0.848644578313253,0.848644578313253,0.0,0.6827353045846292,0.6750452583205682,0.007690046264061001,0.4095744680851064,0.4065934065934066,0.002981061491699799,0.46107784431137727,0.4431137724550898,0.017964071856287456,0.43380281690140843,0.42406876790830944,0.009734048993098987,0.802286899070077,0.8002651028691969,0.002021796200880055,0.3884203679084427,0.388790379167738,-0.00037001125929531087
Random Forest,all_predictors,0.05,26,5156581391540654457,0.8524096385542169,0.8629518072289156,-0.010542168674698704,0.6336216455976935,0.6524676744701811,-0.01884602887248754,0.3986013986013986,0.4460431654676259,-0.04744176686622731,0.3413173652694611,0.3712574850299401,-0.029940119760479,0.36774193548387096,0.40522875816993464,-0.03748682268606368,0.7735124067111256,0.7798769386292016,-0.006364531918075955,0.3864464632234789,0.3931795341413467,-0.0067330709178677894
Logistic Regression,all_predictors,0.05,27,562112444159773388,0.848644578313253,0.8471385542168675,0.001506024096385561,0.6827353045846292,0.6793106293872204,0.003424675197408744,0.4095744680851064,0.40425531914893614,0.005319148936170248,0.46107784431137727,0.4550898203592814,0.005988023952095856,0.43380281690140843,0.428169014084507,0.005633802816901401,0.802286899070077,0.801337892690072,0.0009490063800049464,0.3884203679084427,0.3875470207494045,0.0008733471590381958
Random Forest,all_predictors,0.05,27,562112444159773388,0.8524096385542169,0.8554216867469879,-0.0030120481927710108,0.6336216455976935,0.6353442984831371,-0.0017226528854435985,0.3986013986013986,0.41007194244604317,-0.011470543844644576,0.3413173652694611,0.3413173652694611,0.0,0.36774193548387096,0.37254901960784315,-0.004807084123972183,0.7735124067111256,0.776462578718532,-0.0029501720074063265,0.3864464632234789,0.3904004949673392,-0.003954031743860276
Logistic Regression,all_predictors,0.05,28,2203709990801951913,0.848644578313253,0.8471385542168675,0.001506024096385561,0.6827353045846292,0.6844373268965944,-0.0017020223119652567,0.4095744680851064,0.40625,0.0033244680851063912,0.46107784431137727,0.46706586826347307,-0.0059880239520958,0.43380281690140843,0.43454038997214484,-0.0007375730707364081,0.802286899070077,0.8006983449122427,0.001588554157834321,0.3884203679084427,0.38858230375324715,-0.00016193584480445056
Random Forest,all_predictors,0.05,28,2203709990801951913,0.8524096385542169,0.8614457831325302,-0.009036144578313254,0.6336216455976935,0.6516063480274593,-0.017984702429765798,0.3986013986013986,0.4397163120567376,-0.04111491345533902,0.3413173652694611,0.3712574850299401,-0.029940119760479,0.36774193548387096,0.4025974025974026,-0.03485546711353166,0.7735124067111256,0.7759880755285296,-0.0024756688174039088,0.3864464632234789,0.39477659884753025,-0.008330135624051327
Logistic Regression,all_predictors,0.05,29,10080564536060632897,0.848644578313253,0.8433734939759037,0.005271084337349352,0.6827353045846292,0.6745939645257288,0.008141340058900326,0.4095744680851064,0.39267015706806285,0.01690431101704354,0.46107784431137727,0.4491017964071856,0.011976047904191656,0.43380281690140843,0.41899441340782123,0.014808403493587197,0.802286899070077,0.8022043767761634,8.252229391358945e-05,0.3884203679084427,0.3886645421961679,-0.00024417428772521843
Random Forest,all_predictors,0.05,29,10080564536060632897,0.8524096385542169,0.858433734939759,-0.0060240963855421326,0.6336216455976935,0.6370669513685807,-0.003445305770887197,0.3986013986013986,0.4222222222222222,-0.023620823620823628,0.3413173652694611,0.3413173652694611,0.0,0.36774193548387096,0.37748344370860926,-0.009741508224738293,0.7735124067111256,0.7718722761195954,0.001640130591530231,0.3864464632234789,0.3896680880845156,-0.003221624861036665
Logistic Regression,all_predictors,0.1,0,12947220897682330049,0.848644578313253,0.8403614457831325,0.008283132530120474,0.6827353045846292,0.6651812653762244,0.017554039208404815,0.4095744680851064,0.38095238095238093,0.02862208713272546,0.46107784431137727,0.4311377245508982,0.029940119760479056,0.43380281690140843,0.4044943820224719,0.02930843487893653,0.802286899070077,0.8003940439534367,0.0018928551166402796,0.3884203679084427,0.3811068094397751,0.0073135584686676025
Random Forest,all_predictors,0.1,0,12947220897682330049,0.8524096385542169,0.8614457831325302,-0.009036144578313254,0.6336216455976935,0.6695497893102683,-0.0359281437125748,0.3986013986013986,0.44516129032258067,-0.04655989172118208,0.3413173652694611,0.41317365269461076,-0.07185628742514966,0.36774193548387096,0.42857142857142855,-0.060829493087557585,0.7735124067111256,0.7775766296863638,-0.004064222975238119,0.3864464632234789,0.3964795647331064,-0.010033101509627496
Logistic Regression,all_predictors,0.1,1,17135834926087487736,0.848644578313253,0.8456325301204819,0.003012048192771122,0.6827353045846292,0.6835760004538727,-0.0008406958692435129,0.4095744680851064,0.4020618556701031,0.007512612415003284,0.46107784431137727,0.46706586826347307,-0.0059880239520958,0.43380281690140843,0.43213296398891965,0.0016698529124887784,0.802286899070077,0.79795447863962,0.004332420430457007,0.3884203679084427,0.38737523981336525,0.0010451280950774522
Random Forest,all_predictors,0.1,1,17135834926087487736,0.8524096385542169,0.8569277108433735,-0.004518072289156572,0.6336216455976935,0.654149066208668,-0.020527420610974456,0.3986013986013986,0.423841059602649,-0.025239661001250413,0.3413173652694611,0.38323353293413176,-0.041916167664670656,0.36774193548387096,0.4025157232704403,-0.03477378778656931,0.7735124067111256,0.7721611041482926,0.001351302562833001,0.3864464632234789,0.39080247328022943,-0.0043560100567505144
Logistic Regression,all_predictors,0.1,2,17191180728458630385,0.848644578313253,0.8456325301204819,0.003012048192771122,0.6827353045846292,0.6938293954726207,-0.011094090887991515,0.4095744680851064,0.40594059405940597,0.003633874025700423,0.46107784431137727,0.49101796407185627,-0.029940119760479,0.43380281690140843,0.4444444444444444,-0.010641627543035992,0.802286899070077,0.8008427589265912,0.001444140143485817,0.3884203679084427,0.38623570230248694,0.00218466560595576
Random Forest,all_predictors,0.1,2,17191180728458630385,0.8524096385542169,0.8591867469879518,-0.006777108433734913,0.6336216455976935,0.6580044046274376,-0.024382759029744072,0.3986013986013986,0.43333333333333335,-0.034731934731934755,0.3413173652694611,0.38922155688622756,-0.047904191616766456,0.36774193548387096,0.41009463722397477,-0.042352701740103804,0.7735124067111256,0.788913129812726,-0.015400723101600344,0.3864464632234789,0.40666419655474184,-0.02021773333126292
Logistic Regression,all_predictors,0.1,3,14828970918522988376,0.848644578313253,0.8501506024096386,-0.001506024096385561,0.6827353045846292,0.693850026046099,-0.011114721461469856,0.4095744680851064,0.4175257731958763,-0.007951305110769913,0.46107784431137727,0.48502994011976047,-0.0239520958083832,0.43380281690140843,0.4487534626038781,-0.014950645702469678,0.802286899070077,0.8017608194463786,0.0005260796236984389,0.3884203679084427,0.39009453576046654,-0.0016741678520238445
Random Forest,all_predictors,0.1,3,14828970918522988376,0.8524096385542169,0.8712349397590361,-0.018825301204819178,0.6336216455976935,0.662331667414525,-0.028710021816831466,0.3986013986013986,0.48484848484848486,-0.08624708624708627,0.3413173652694611,0.38323353293413176,-0.041916167664670656,0.36774193548387096,0.4280936454849498,-0.06035171000107886,0.7735124067111256,0.7777313589874514,-0.004218952276325738,0.3864464632234789,0.4098418216307219,-0.023395358407242994
Logistic Regression,all_predictors,0.1,4,1851657913254034363,0.848644578313253,0.8433734939759037,0.005271084337349352,0.6827353045846292,0.689974057053851,-0.0072387524692217875,0.4095744680851064,0.39901477832512317,0.010559689759983226,0.46107784431137727,0.48502994011976047,-0.0239520958083832,0.43380281690140843,0.43783783783783786,-0.004035020936429434,0.802286899070077,0.7970054722596152,0.005281426810461842,0.3884203679084427,0.3900585699567855,-0.0016382020483428072
Random Forest,all_predictors,0.1,4,1851657913254034363,0.8524096385542169,0.8629518072289156,-0.010542168674698704,0.6336216455976935,0.6627210694889292,-0.029099423891235654,0.3986013986013986,0.4489795918367347,-0.0503781932353361,0.3413173652694611,0.39520958083832336,-0.053892215568862256,0.36774193548387096,0.42038216560509556,-0.052640230121224596,0.7735124067111256,0.7743221567201515,-0.0008097500090258336,0.3864464632234789,0.402258986674906,-0.015812523451427085
Logistic Regression,all_predictors,0.1,5,12423800637253032324,0.848644578313253,0.8471385542168675,0.001506024096385561,0.6827353045846292,0.6870006756512814,-0.004265371066652257,0.4095744680851064,0.4072164948453608,0.00235797323974557,0.46107784431137727,0.47305389221556887,-0.0119760479041916,0.43380281690140843,0.4376731301939058,-0.0038703132924973738,0.802286899070077,0.793090820942095,0.009196078127981955,0.3884203679084427,0.37662486039904947,0.011795507509393233
Random Forest,all_predictors,0.1,5,12423800637253032324,0.8524096385542169,0.8463855421686747,0.006024096385542244,0.6336216455976935,0.6301763398268063,0.003445305770887197,0.3986013986013986,0.37748344370860926,0.021117954892789337,0.3413173652694611,0.3413173652694611,0.0,0.36774193548387096,0.3584905660377358,0.009251369446135138,0.7735124067111256,0.7808207873658368,-0.007308380654711177,0.3864464632234789,0.3778590830284366,0.008587380195042293
Logistic Regression,all_predictors,0.1,6,17934860825325866302,0.848644578313253,0.8426204819277109,0.0060240963855421326,0.6827353045846292,0.6844166963231161,-0.0016813917384869148,0.4095744680851064,0.395,0.014574468085106373,0.46107784431137727,0.47305389221556887,-0.0119760479041916,0.43380281690140843,0.4305177111716621,0.0032851057297463293,0.802286899070077,0.7921676027789382,0.010119296291138835,0.3884203679084427,0.38775815281682335,0.0006622150916193448
Random Forest,all_predictors,0.1,6,17934860825325866302,0.8524096385542169,0.8606927710843374,-0.008283132530120474,0.6336216455976935,0.6588657310701594,-0.025244085472465927,0.3986013986013986,0.4391891891891892,-0.040587790587790606,0.3413173652694611,0.38922155688622756,-0.047904191616766456,0.36774193548387096,0.4126984126984127,-0.04495647721454171,0.7735124067111256,0.7755342029120053,-0.002021796200879611,0.3864464632234789,0.4051444944772937,-0.018698031253814806
Logistic Regression,all_predictors,0.1,7,13784000028673113120,0.848644578313253,0.8478915662650602,0.0007530120481927804,0.6827353045846292,0.6951213851367033,-0.01238608055207413,0.4095744680851064,0.4120603015075377,-0.002485833422431305,0.46107784431137727,0.49101796407185627,-0.029940119760479,0.43380281690140843,0.44808743169398907,-0.014284614792580641,0.802286899070077,0.799078844894191,0.003208054175885988,0.3884203679084427,0.3854956964694492,0.002924671438993498
Random Forest,all_predictors,0.1,7,13784000028673113120,0.8524096385542169,0.8591867469879518,-0.006777108433734913,0.6336216455976935,0.6451876608540026,-0.01156601525630907,0.3986013986013986,0.42857142857142855,-0.029970029970029954,0.3413173652694611,0.3592814371257485,-0.0179640718562874,0.36774193548387096,0.39087947882736157,-0.023137543343490607,0.7735124067111256,0.7776024179032116,-0.004090011192085963,0.3864464632234789,0.37667119786077075,0.009775265362708174
Logistic Regression,all_predictors,0.1,8,1805312932752418679,0.848644578313253,0.8373493975903614,0.011295180722891596,0.6827353045846292,0.6737120075095288,0.009023297075100412,0.4095744680851064,0.3781094527363184,0.031465015348787984,0.46107784431137727,0.4550898203592814,0.005988023952095856,0.43380281690140843,0.41304347826086957,0.02075933864053886,0.802286899070077,0.7945865375192765,0.00770036155080045,0.3884203679084427,0.36990023836284636,0.018520129545596342
Random Forest,all_predictors,0.1,8,1805312932752418679,0.8524096385542169,0.8561746987951807,-0.003765060240963791,0.6336216455976935,0.643465007968559,-0.009843362370865472,0.3986013986013986,0.4166666666666667,-0.018065268065268092,0.3413173652694611,0.3592814371257485,-0.0179640718562874,0.36774193548387096,0.3858520900321543,-0.018110154548283353,0.7735124067111256,0.7736104019351479,-9.799522402220706e-05,0.3864464632234789,0.37598600491509787,0.010460458308381049
Logistic Regression,all_predictors,0.1,9,421169933276421515,0.848644578313253,0.8433734939759037,0.005271084337349352,0.6827353045846292,0.679720662035103,0.003014642549526214,0.4095744680851064,0.39487179487179486,0.014702673213311535,0.46107784431137727,0.46107784431137727,0.0,0.43380281690140843,0.425414364640884,0.008388452260524426,0.802286899070077,0.794684532743299,0.007602366326778021,0.3884203679084427,0.3791449936467257,0.009275374261716984
Random Forest,all_predictors,0.1,9,421169933276421515,0.8524096385542169,0.8546686746987951,-0.0022590361445782303,0.6336216455976935,0.6426036815258372,-0.008982035928143728,0.3986013986013986,0.410958904109589,-0.012357505508190425,0.3413173652694611,0.3592814371257485,-0.0179640718562874,0.36774193548387096,0.38338658146964855,-0.015644645985777583,0.7735124067111256,0.7625111534037866,0.011001253307339032,0.3864464632234789,0.38501528748114716,0.0014311757423317584
Logistic Regression,all_predictors,0.1,10,7697156919388632773,0.848644578313253,0.8448795180722891,0.0037650602409639022,0.6827353045846292,0.6703285934590767,0.012406711125552472,0.4095744680851064,0.3945945945945946,0.014979873490511775,0.46107784431137727,0.437125748502994,0.023952095808383256,0.43380281690140843,0.4147727272727273,0.019030089628681135,0.802286899070077,0.7935653241320976,0.008721574937979426,0.3884203679084427,0.3793171072057991,0.009103260702643612
Random Forest,all_predictors,0.1,10,7697156919388632773,0.8524096385542169,0.8576807228915663,-0.005271084337349352,0.6336216455976935,0.6468896831659678,-0.013268037568274327,0.3986013986013986,0.4236111111111111,-0.02500971250971251,0.3413173652694611,0.3652694610778443,-0.0239520958083832,0.36774193548387096,0.39228295819935693,-0.02454102271548597,0.7735124067111256,0.770108362087195,0.0034040446239306243,0.3864464632234789,0.3879684227154781,-0.0015219594919991808
Logistic Regression,all_predictors,0.1,11,11241406924452739157,0.848644578313253,0.8501506024096386,-0.001506024096385561,0.6827353045846292,0.693850026046099,-0.011114721461469856,0.4095744680851064,0.4175257731958763,-0.007951305110769913,0.46107784431137727,0.48502994011976047,-0.0239520958083832,0.43380281690140843,0.4487534626038781,-0.014950645702469678,0.802286899070077,0.7978306951987498,0.004456203871327169,0.3884203679084427,0.3863132094013048,0.002107158507137885
Random Forest,all_predictors,0.1,11,11241406924452739157,0.8524096385542169,0.8659638554216867,-0.013554216867469826,0.6336216455976935,0.6670070711290597,-0.03338542553136614,0.3986013986013986,0.46206896551724136,-0.06346756691584277,0.3413173652694611,0.40119760479041916,-0.059880239520958056,0.36774193548387096,0.42948717948717946,-0.0617452440033085,0.7735124067111256,0.7804030182528998,-0.006890611541774172,0.3864464632234789,0.4007646954031798,-0.014318232179700907
Logistic Regression,all_predictors,0.1,12,13518971229602285,0.848644578313253,0.8411144578313253,0.0075301204819276935,0.6827353045846292,0.6809920211257072,0.0017432834589219404,0.4095744680851064,0.39,0.019574468085106378,0.46107784431137727,0.46706586826347307,-0.0059880239520958,0.43380281690140843,0.4250681198910082,0.00873469701040025,0.802286899070077,0.7963091904047203,0.00597770866535674,0.3884203679084427,0.38177858014950883,0.00664178775893387
Random Forest,all_predictors,0.1,12,13518971229602285,0.8524096385542169,0.8569277108433735,-0.004518072289156572,0.6336216455976935,0.6490223686992939,-0.015400723101600344,0.3986013986013986,0.4217687074829932,-0.023167308881594628,0.3413173652694611,0.3712574850299401,-0.029940119760479,0.36774193548387096,0.39490445859872614,-0.027162523114855175,0.7735124067111256,0.7671272442195712,0.006385162491554408,0.3864464632234789,0.3812441417707031,0.005202321452775827
Logistic Regression,all_predictors,0.1,13,4947054812149569016,0.848644578313253,0.8433734939759037,0.005271084337349352,0.6827353045846292,0.679720662035103,0.003014642549526214,0.4095744680851064,0.39487179487179486,0.014702673213311535,0.46107784431137727,0.46107784431137727,0.0,0.43380281690140843,0.425414364640884,0.008388452260524426,0.802286899070077,0.7995739786576718,0.0027129204124052286,0.3884203679084427,0.3836718828582945,0.004748485050148188
Random Forest,all_predictors,0.1,13,4947054812149569016,0.8524096385542169,0.8546686746987951,-0.0022590361445782303,0.6336216455976935,0.6477303790352112,-0.014108733437517729,0.3986013986013986,0.41333333333333333,-0.014731934731934737,0.3413173652694611,0.3712574850299401,-0.029940119760479,0.36774193548387096,0.3911671924290221,-0.02342525694515113,0.7735124067111256,0.771335881209158,0.0021765255019676744,0.3864464632234789,0.39430918897469935,-0.007862725751220434
Logistic Regression,all_predictors,0.1,14,6774378522410209705,0.848644578313253,0.8433734939759037,0.005271084337349352,0.6827353045846292,0.6745939645257288,0.008141340058900326,0.4095744680851064,0.39267015706806285,0.01690431101704354,0.46107784431137727,0.4491017964071856,0.011976047904191656,0.43380281690140843,0.41899441340782123,0.014808403493587197,0.802286899070077,0.7963968703420033,0.0058900287280736485,0.3884203679084427,0.3830505883674805,0.005369779540962183
Random Forest,all_predictors,0.1,14,6774378522410209705,0.8524096385542169,0.8591867469879518,-0.006777108433734913,0.6336216455976935,0.6503143583633766,-0.01669271276568307,0.3986013986013986,0.4305555555555556,-0.03195415695415699,0.3413173652694611,0.3712574850299401,-0.029940119760479,0.36774193548387096,0.3987138263665595,-0.030971890882688535,0.7735124067111256,0.7879744387194604,-0.014462032008334735,0.3864464632234789,0.39968795931304896,-0.013241496089570037
Logistic Regression,all_predictors,0.1,15,8312762614612383922,0.848644578313253,0.8411144578313253,0.0075301204819276935,0.6827353045846292,0.6707386261069592,0.011996678477669942,0.4095744680851064,0.3854166666666667,0.024157801418439706,0.46107784431137727,0.4431137724550898,0.017964071856287456,0.43380281690140843,0.41225626740947074,0.021546549491937683,0.802286899070077,0.7942409754135141,0.00804592365656287,0.3884203679084427,0.3788674687415841,0.009552899166858586
Random Forest,all_predictors,0.1,15,8312762614612383922,0.8524096385542169,0.8569277108433735,-0.004518072289156572,0.6336216455976935,0.6490223686992939,-0.015400723101600344,0.3986013986013986,0.4217687074829932,-0.023167308881594628,0.3413173652694611,0.3712574850299401,-0.029940119760479,0.36774193548387096,0.39490445859872614,-0.027162523114855175,0.7735124067111256,0.7789691933961534,-0.0054567866850278035,0.3864464632234789,0.39012217799215904,-0.003675714768680116
Logistic Regression,all_predictors,0.1,16,16878100096716622369,0.848644578313253,0.8478915662650602,0.0007530120481927804,0.6827353045846292,0.6848679901179553,-0.0021326855333261285,0.4095744680851064,0.4083769633507853,0.0011975047343210643,0.46107784431137727,0.46706586826347307,-0.0059880239520958,0.43380281690140843,0.43575418994413406,-0.0019513730427256348,0.802286899070077,0.7932971266768788,0.008989772393198203,0.3884203679084427,0.3885408703160228,-0.00012050240758010311
Random Forest,all_predictors,0.1,16,16878100096716622369,0.8524096385542169,0.8606927710843374,-0.008283132530120474,0.6336216455976935,0.6537390335607853,-0.020117387963091815,0.3986013986013986,0.4375,-0.03889860139860141,0.3413173652694611,0.3772455089820359,-0.0359281437125748,0.36774193548387096,0.40514469453376206,-0.0374027590498911,0.7735124067111256,0.7833841361205239,-0.009871729409398289,0.3864464632234789,0.4066618522329907,-0.020215389009511753
Logistic Regression,all_predictors,0.1,17,2516090040070520387,0.848644578313253,0.8441265060240963,0.004518072289156683,0.6827353045846292,0.6852780227658378,-0.0025427181812086586,0.4095744680851064,0.398989898989899,0.010584569095207386,0.46107784431137727,0.47305389221556887,-0.0119760479041916,0.43380281690140843,0.4328767123287671,0.0009261045726413064,0.802286899070077,0.8007138178423516,0.0015730812277253703,0.3884203679084427,0.388963668028995,-0.0005433001205523147
Random Forest,all_predictors,0.1,17,2516090040070520387,0.8524096385542169,0.8576807228915663,-0.005271084337349352,0.6336216455976935,0.6468896831659678,-0.013268037568274327,0.3986013986013986,0.4236111111111111,-0.02500971250971251,0.3413173652694611,0.3652694610778443,-0.0239520958083832,0.36774193548387096,0.39228295819935693,-0.02454102271548597,0.7735124067111256,0.7782625962545194,-0.00475018954339379,0.3864464632234789,0.39153392290158173,-0.0050874596781028125
Logistic Regression,all_predictors,0.1,18,14646708666084173047,0.848644578313253,0.8426204819277109,0.0060240963855421326,0.6827353045846292,0.6792899988137421,0.003445305770887086,0.4095744680851064,0.39285714285714285,0.016717325227963542,0.46107784431137727,0.46107784431137727,0.0,0.43380281690140843,0.42424242424242425,0.009560392658984174,0.802286899070077,0.7907131473487135,0.011573751721363545,0.3884203679084427,0.38792382454369123,0.0004965433647514672
Random Forest,all_predictors,0.1,18,14646708666084173047,0.8524096385542169,0.8599397590361446,-0.0075301204819276935,0.6336216455976935,0.6456183240753635,-0.011996678477669942,0.3986013986013986,0.4316546762589928,-0.03305327765759419,0.3413173652694611,0.3592814371257485,-0.0179640718562874,0.36774193548387096,0.39215686274509803,-0.02441492726122707,0.7735124067111256,0.7943647588543842,-0.020852352143258535,0.3864464632234789,0.39252182191157026,-0.006075358688091337
Logistic Regression,all_predictors,0.1,19,8378208830340601255,0.848644578313253,0.8358433734939759,0.012801204819277157,0.6827353045846292,0.6625972860480589,0.020138018536570268,0.4095744680851064,0.36923076923076925,0.04034369885433714,0.46107784431137727,0.4311377245508982,0.029940119760479056,0.43380281690140843,0.39779005524861877,0.03601276165278966,0.802286899070077,0.793647846426011,0.008639052644065948,0.3884203679084427,0.37885993245224225,0.009560435456200445
Random Forest,all_predictors,0.1,19,8378208830340601255,0.8524096385542169,0.8554216867469879,-0.0030120481927710108,0.6336216455976935,0.6507243910112591,-0.0171027454135656,0.3986013986013986,0.41721854304635764,-0.018617144444959044,0.3413173652694611,0.3772455089820359,-0.0359281437125748,0.36774193548387096,0.39622641509433965,-0.028484479610468683,0.7735124067111256,0.7836678065058514,-0.010155399794725795,0.3864464632234789,0.39287584763770544,-0.006429384414226524
Logistic Regression,all_predictors,0.1,20,3559998710790148783,0.848644578313253,0.8426204819277109,0.0060240963855421326,0.6827353045846292,0.6844166963231161,-0.0016813917384869148,0.4095744680851064,0.395,0.014574468085106373,0.46107784431137727,0.47305389221556887,-0.0119760479041916,0.43380281690140843,0.4305177111716621,0.0032851057297463293,0.802286899070077,0.78848504541305,0.013801853657027019,0.3884203679084427,0.3860110209794685,0.0024093469289742098
Random Forest,all_predictors,0.1,20,3559998710790148783,0.8524096385542169,0.8599397590361446,-0.0075301204819276935,0.6336216455976935,0.6456183240753635,-0.011996678477669942,0.3986013986013986,0.4316546762589928,-0.03305327765759419,0.3413173652694611,0.3592814371257485,-0.0179640718562874,0.36774193548387096,0.39215686274509803,-0.02441492726122707,0.7735124067111256,0.7717123891751382,0.0018000175359874637,0.3864464632234789,0.38530241174849156,0.001144051474987362
Logistic Regression,all_predictors,0.1,21,1906519182304014465,0.848644578313253,0.8381024096385542,0.010542168674698815,0.6827353045846292,0.6715793219762026,0.01115598260842654,0.4095744680851064,0.3787878787878788,0.030786589297227607,0.46107784431137727,0.4491017964071856,0.011976047904191656,0.43380281690140843,0.410958904109589,0.02284391279181941,0.802286899070077,0.7930959785854648,0.00919092048461223,0.3884203679084427,0.38497406220053393,0.00344630570790877
Random Forest,all_predictors,0.1,21,1906519182304014465,0.8524096385542169,0.8561746987951807,-0.003765060240963791,0.6336216455976935,0.6537184029873071,-0.020096757389613584,0.3986013986013986,0.42105263157894735,-0.022451232977548752,0.3413173652694611,0.38323353293413176,-0.041916167664670656,0.36774193548387096,0.4012539184952978,-0.03351198301142683,0.7735124067111256,0.7794798000897429,-0.005967393378617292,0.3864464632234789,0.39276116757999086,-0.006314704356511935
Logistic Regression,all_predictors,0.1,22,12301984458671060999,0.848644578313253,0.8426204819277109,0.0060240963855421326,0.6827353045846292,0.6792899988137421,0.003445305770887086,0.4095744680851064,0.39285714285714285,0.016717325227963542,0.46107784431137727,0.46107784431137727,0.0,0.43380281690140843,0.42424242424242425,0.009560392658984174,0.802286899070077,0.7871131122767385,0.015173786793338473,0.3884203679084427,0.380366993829813,0.008053374078629716
Random Forest,all_predictors,0.1,22,12301984458671060999,0.8524096385542169,0.8576807228915663,-0.005271084337349352,0.6336216455976935,0.6494530319206548,-0.015831386322961327,0.3986013986013986,0.4246575342465753,-0.026056135645176726,0.3413173652694611,0.3712574850299401,-0.029940119760479,0.36774193548387096,0.3961661341853035,-0.028424198701432535,0.7735124067111256,0.7663432824273932,0.007169124283732398,0.3864464632234789,0.3800764882670713,0.00636997495640762
Logistic Regression,all_predictors,0.1,23,3731490288463026930,0.848644578313253,0.8433734939759037,0.005271084337349352,0.6827353045846292,0.677157313280416,0.0055779913042132145,0.4095744680851064,0.39378238341968913,0.01579208466541726,0.46107784431137727,0.4550898203592814,0.005988023952095856,0.43380281690140843,0.4222222222222222,0.011580594679186207,0.802286899070077,0.7991665248314741,0.0031203742386028965,0.3884203679084427,0.3872344653210022,0.0011859025874405016
Random Forest,all_predictors,0.1,23,3731490288463026930,0.8524096385542169,0.8614457831325302,-0.009036144578313254,0.6336216455976935,0.6516063480274593,-0.017984702429765798,0.3986013986013986,0.4397163120567376,-0.04111491345533902,0.3413173652694611,0.3712574850299401,-0.029940119760479,0.36774193548387096,0.4025974025974026,-0.03485546711353166,0.7735124067111256,0.7787164688710434,-0.005204062159917755,0.3864464632234789,0.3918312707424495,-0.00538480751897058
Logistic Regression,all_predictors,0.1,24,11941570856934265269,0.848644578313253,0.838855421686747,0.009789156626506035,0.6827353045846292,0.6720099851975635,0.010725319387065668,0.4095744680851064,0.38071065989847713,0.02886380818662926,0.46107784431137727,0.4491017964071856,0.011976047904191656,0.43380281690140843,0.41208791208791207,0.02171490481349636,0.802286899070077,0.7900632842841447,0.012223614785932257,0.3884203679084427,0.38163413987459355,0.006786228033849151
Random Forest,all_predictors,0.1,24,11941570856934265269,0.8524096385542169,0.8554216867469879,-0.0030120481927710108,0.6336216455976935,0.6481610422565721,-0.0145393966588786,0.3986013986013986,0.4161073825503356,-0.017505983948936987,0.3413173652694611,0.3712574850299401,-0.029940119760479,0.36774193548387096,0.3924050632911392,-0.02466312780726826,0.7735124067111256,0.7727181296322085,0.000794277078917105,0.3864464632234789,0.3962116666887774,-0.009765203465298467
Logistic Regression,all_predictors,0.1,25,9672120221886001271,0.848644578313253,0.8448795180722891,0.0037650602409639022,0.6827353045846292,0.6780186397231377,0.004716664861491471,0.4095744680851064,0.39790575916230364,0.01166870892280275,0.46107784431137727,0.4550898203592814,0.005988023952095856,0.43380281690140843,0.4245810055865922,0.009221811314816253,0.802286899070077,0.7983155136754914,0.003971385394585636,0.3884203679084427,0.3808669909047805,0.007553377003662209
Random Forest,all_predictors,0.1,25,9672120221886001271,0.8524096385542169,0.8637048192771084,-0.011295180722891485,0.6336216455976935,0.6528983376915419,-0.019276692093848413,0.3986013986013986,0.4492753623188406,-0.05067396371744198,0.3413173652694611,0.3712574850299401,-0.029940119760479,0.36774193548387096,0.4065573770491803,-0.03881544156530936,0.7735124067111256,0.7838019052334608,-0.010289498522335183,0.3864464632234789,0.3965063204637684,-0.01005985724028946
Logistic Regression,all_predictors,0.1,26,6380632099741037529,0.848644578313253,0.8516566265060241,-0.003012048192771122,0.6827353045846292,0.6844579574700728,-0.0017226528854435985,0.4095744680851064,0.41847826086956524,-0.008903792784458853,0.46107784431137727,0.46107784431137727,0.0,0.43380281690140843,0.43874643874643876,-0.004943621845030333,0.802286899070077,0.7952673464440628,0.007019552626014169,0.3884203679084427,0.38471274516227083,0.003707622746171868
Random Forest,all_predictors,0.1,26,6380632099741037529,0.8524096385542169,0.8637048192771084,-0.011295180722891485,0.6336216455976935,0.658025035200916,-0.024403389603222525,0.3986013986013986,0.4507042253521127,-0.05210282675071409,0.3413173652694611,0.38323353293413176,-0.041916167664670656,0.36774193548387096,0.41423948220064727,-0.046497546716776306,0.7735124067111256,0.7729863270874272,0.0005260796236984389,0.3864464632234789,0.39325019096530095,-0.00680372774182203
Logistic Regression,all_predictors,0.1,27,6517556239721398348,0.848644578313253,0.838855421686747,0.009789156626506035,0.6827353045846292,0.6694466364428765,0.013288668141752669,0.4095744680851064,0.37948717948717947,0.03008728859792692,0.46107784431137727,0.4431137724550898,0.017964071856287456,0.43380281690140843,0.4088397790055249,0.024963037895883555,0.802286899070077,0.7962782445445027,0.0060086545255743085,0.3884203679084427,0.38324999980944674,0.005170368098995959
Random Forest,all_predictors,0.1,27,6517556239721398348,0.8524096385542169,0.858433734939759,-0.0060240963855421326,0.6336216455976935,0.6421936488779547,-0.008572003280261198,0.3986013986013986,0.4244604316546763,-0.02585903305327769,0.3413173652694611,0.3532934131736527,-0.0119760479041916,0.36774193548387096,0.38562091503267976,-0.017878979548808793,0.7735124067111256,0.7825382826079108,-0.009025875896785163,0.3864464632234789,0.3951143105609538,-0.008667847337474888
Logistic Regression,all_predictors,0.1,28,406847154542833908,0.848644578313253,0.8456325301204819,0.003012048192771122,0.6827353045846292,0.6887026979632467,-0.005967393378617514,0.4095744680851064,0.40404040404040403,0.005534064044702358,0.46107784431137727,0.47904191616766467,-0.0179640718562874,0.43380281690140843,0.4383561643835616,-0.004553347482153192,0.802286899070077,0.7966856983707005,0.0056012006993765295,0.3884203679084427,0.38707812950536397,0.0013422384030787327
Random Forest,all_predictors,0.1,28,406847154542833908,0.8524096385542169,0.8591867469879518,-0.006777108433734913,0.6336216455976935,0.6554410558727506,-0.021819410275057072,0.3986013986013986,0.43243243243243246,-0.03383103383103386,0.3413173652694611,0.38323353293413176,-0.041916167664670656,0.36774193548387096,0.40634920634920635,-0.038607270865335386,0.7735124067111256,0.7790362427599581,-0.005523836048832442,0.3864464632234789,0.40129949031791295,-0.014853027094434035
Logistic Regression,all_predictors,0.1,29,16393509891748599464,0.848644578313253,0.8396084337349398,0.009036144578313254,0.6827353045846292,0.6801306946829855,0.002604609901643684,0.4095744680851064,0.38613861386138615,0.023435854223720243,0.46107784431137727,0.46706586826347307,-0.0059880239520958,0.43380281690140843,0.42276422764227645,0.011038589259131981,0.802286899070077,0.7986404452077756,0.0036464538623014464,0.3884203679084427,0.38585593043707617,0.002564437471366532
Random Forest,all_predictors,0.1,29,16393509891748599464,0.8524096385542169,0.8569277108433735,-0.004518072289156572,0.6336216455976935,0.641332322435233,-0.007710676837539454,0.3986013986013986,0.41843971631205673,-0.019838317710658138,0.3413173652694611,0.3532934131736527,-0.0119760479041916,0.36774193548387096,0.38311688311688313,-0.01537494763301217,0.7735124067111256,0.7769835006988607,-0.003471093987735041,0.3864464632234789,0.4039511435952395,-0.01750468037176056
Logistic Regression,all_predictors,0.2,0,7941458069872309485,0.848644578313253,0.829066265060241,0.01957831325301207,0.6827353045846292,0.6587213170558108,0.024013987528818337,0.4095744680851064,0.35294117647058826,0.05663329161451813,0.46107784431137727,0.4311377245508982,0.029940119760479056,0.43380281690140843,0.3881401617250674,0.04566265517634105,0.802286899070077,0.786437460995322,0.01584943807475503,0.3884203679084427,0.3636960520837984,0.024724315824644294
Random Forest,all_predictors,0.2,0,7941458069872309485,0.8524096385542169,0.865210843373494,-0.012801204819277046,0.6336216455976935,0.6768298029264468,-0.04320815732875327,0.3986013986013986,0.461038961038961,-0.06243756243756243,0.3413173652694611,0.4251497005988024,-0.08383233532934131,0.36774193548387096,0.4423676012461059,-0.07462566576223495,0.7735124067111256,0.7744872013079783,-0.0009747945968526794,0.3864464632234789,0.39568843378792723,-0.00924197056444831
Logistic Regression,all_predictors,0.2,1,1092561651416074014,0.848644578313253,0.8448795180722891,0.0037650602409639022,0.6827353045846292,0.6857086859871987,-0.0029733814025695304,0.4095744680851064,0.4010152284263959,0.008559239658710471,0.46107784431137727,0.47305389221556887,-0.0119760479041916,0.43380281690140843,0.4340659340659341,-0.00026311716452565026,0.802286899070077,0.7834305549108501,0.01885634415922688,0.3884203679084427,0.3746471598651682,0.013773208043274476
Random Forest,all_predictors,0.2,1,1092561651416074014,0.8524096385542169,0.8614457831325302,-0.009036144578313254,0.6336216455976935,0.6695497893102683,-0.0359281437125748,0.3986013986013986,0.44516129032258067,-0.04655989172118208,0.3413173652694611,0.41317365269461076,-0.07185628742514966,0.36774193548387096,0.42857142857142855,-0.060829493087557585,0.7735124067111256,0.771511241083724,0.002001165627401602,0.3864464632234789,0.38491014003707646,0.0015363231864024551
Logistic Regression,all_predictors,0.2,2,4742762787868379925,0.848644578313253,0.8305722891566265,0.01807228915662651,0.6827353045846292,0.6877794798000897,-0.005044175215460522,0.4095744680851064,0.3705357142857143,0.03903875379939209,0.46107784431137727,0.49700598802395207,-0.0359281437125748,0.43380281690140843,0.42455242966751916,0.009250387233889268,0.802286899070077,0.7908008272859964,0.011486071784080565,0.3884203679084427,0.37621060994071803,0.012209757967724666
Random Forest,all_predictors,0.2,2,4742762787868379925,0.8524096385542169,0.858433734939759,-0.0060240963855421326,0.6336216455976935,0.6652637876701377,-0.0316421420724442,0.3986013986013986,0.43312101910828027,-0.034519620506881676,0.3413173652694611,0.40718562874251496,-0.06586826347305386,0.36774193548387096,0.41975308641975306,-0.0520111509358821,0.7735124067111256,0.7756579863528754,-0.002145579641749773,0.3864464632234789,0.3961994051257901,-0.009752941902311185
Logistic Regression,all_predictors,0.2,3,3440548180050389308,0.848644578313253,0.8448795180722891,0.0037650602409639022,0.6827353045846292,0.6857086859871987,-0.0029733814025695304,0.4095744680851064,0.4010152284263959,0.008559239658710471,0.46107784431137727,0.47305389221556887,-0.0119760479041916,0.43380281690140843,0.4340659340659341,-0.00026311716452565026,0.802286899070077,0.7910535518111065,0.011233347258970516,0.3884203679084427,0.3828838338243052,0.005536534084137512
Random Forest,all_predictors,0.2,3,3440548180050389308,0.8524096385542169,0.8667168674698795,-0.014307228915662606,0.6336216455976935,0.6623110368410466,-0.028689391243353124,0.3986013986013986,0.4642857142857143,-0.06568431568431571,0.3413173652694611,0.38922155688622756,-0.047904191616766456,0.36774193548387096,0.4234527687296417,-0.05571083324577075,0.7735124067111256,0.7764316328583144,-0.002919226147188758,0.3864464632234789,0.4066352520062107,-0.02018878878273178
Logistic Regression,all_predictors,0.2,4,3316167026966816516,0.848644578313253,0.8335843373493976,0.015060240963855387,0.6827353045846292,0.6741220401574113,0.008613264427217882,0.4095744680851064,0.3701923076923077,0.03938216039279868,0.46107784431137727,0.46107784431137727,0.0,0.43380281690140843,0.4106666666666667,0.023136150234741748,0.802286899070077,0.7803927029661607,0.021894196103916297,0.3884203679084427,0.37432453671077676,0.014095831197665942
Random Forest,all_predictors,0.2,4,3316167026966816516,0.8524096385542169,0.8561746987951807,-0.003765060240963791,0.6336216455976935,0.6639717980060551,-0.030350152408361586,0.3986013986013986,0.425,-0.026398601398601396,0.3413173652694611,0.40718562874251496,-0.06586826347305386,0.36774193548387096,0.41590214067278286,-0.0481602051889119,0.7735124067111256,0.775869449731029,-0.00235704301990336,0.3864464632234789,0.3954752124352477,-0.009028749211768772
Logistic Regression,all_predictors,0.2,5,18070834431836218274,0.848644578313253,0.829066265060241,0.01957831325301207,0.6827353045846292,0.6792281070933069,0.0035071974913222226,0.4095744680851064,0.36363636363636365,0.045938104448742745,0.46107784431137727,0.47904191616766467,-0.0179640718562874,0.43380281690140843,0.4134366925064599,0.020366124394948504,0.802286899070077,0.7742757379298251,0.028011161140251928,0.3884203679084427,0.3539943903537778,0.03442597755466492
Random Forest,all_predictors,0.2,5,18070834431836218274,0.8524096385542169,0.8509036144578314,0.001506024096385561,0.6336216455976935,0.6532671091924678,-0.01964546359477426,0.3986013986013986,0.40372670807453415,-0.005125309473135553,0.3413173652694611,0.38922155688622756,-0.047904191616766456,0.36774193548387096,0.39634146341463417,-0.028599527930763202,0.7735124067111256,0.775008123288307,-0.001495716577181394,0.3864464632234789,0.3756629598692715,0.010783503354207413
Logistic Regression,all_predictors,0.2,6,11377216251417876370,0.848644578313253,0.8373493975903614,0.011295180722891596,0.6827353045846292,0.6890921000376509,-0.006356795453021702,0.4095744680851064,0.38497652582159625,0.024597942263510142,0.46107784431137727,0.49101796407185627,-0.029940119760479,0.43380281690140843,0.43157894736842106,0.002223869532987366,0.802286899070077,0.7718516455461171,0.030435253523959926,0.3884203679084427,0.3751483489618399,0.013272018946602793
Random Forest,all_predictors,0.2,6,11377216251417876370,0.8524096385542169,0.8531626506024096,-0.0007530120481926694,0.6336216455976935,0.6571224476112375,-0.023500802013543987,0.3986013986013986,0.4125,-0.013898601398601385,0.3413173652694611,0.39520958083832336,-0.053892215568862256,0.36774193548387096,0.4036697247706422,-0.03592778928677126,0.7735124067111256,0.7693192426516476,0.004193164059478005,0.3864464632234789,0.38736091624974767,-0.0009144530262687467
Logistic Regression,all_predictors,0.2,7,7712019738636059480,0.848644578313253,0.8358433734939759,0.012801204819277157,0.6827353045846292,0.680540727330868,0.002194577253761154,0.4095744680851064,0.37799043062200954,0.03158403746309685,0.46107784431137727,0.47305389221556887,-0.0119760479041916,0.43380281690140843,0.42021276595744683,0.013590050943961596,0.802286899070077,0.78457039409553,0.01771650497454702,0.3884203679084427,0.3706558174967914,0.017764550411651314
Random Forest,all_predictors,0.2,7,7712019738636059480,0.8524096385542169,0.8591867469879518,-0.006777108433734913,0.6336216455976935,0.6528777071180636,-0.01925606152037007,0.3986013986013986,0.4315068493150685,-0.032905450713669904,0.3413173652694611,0.3772455089820359,-0.0359281437125748,0.36774193548387096,0.402555910543131,-0.03481397505926004,0.7735124067111256,0.776297534130705,-0.0027851274195793696,0.3864464632234789,0.3742363181922869,0.012210145031191999
Logistic Regression,all_predictors,0.2,8,12136565670167781921,0.848644578313253,0.8200301204819277,0.028614457831325324,0.6827353045846292,0.6586800559088541,0.02405524867577502,0.4095744680851064,0.33636363636363636,0.07321083172147003,0.46107784431137727,0.4431137724550898,0.017964071856287456,0.43380281690140843,0.38242894056847543,0.051373876332933,0.802286899070077,0.7746367729656964,0.027650126104380557,0.3884203679084427,0.34604812247053046,0.04237224543791224
Random Forest,all_predictors,0.2,8,12136565670167781921,0.8524096385542169,0.8561746987951807,-0.003765060240963791,0.6336216455976935,0.638338310459185,-0.004716664861491471,0.3986013986013986,0.4142857142857143,-0.01568431568431572,0.3413173652694611,0.3473053892215569,-0.0059880239520958,0.36774193548387096,0.3778501628664495,-0.01010822738257855,0.7735124067111256,0.7645484225347754,0.008963984176350248,0.3864464632234789,0.37308031870061,0.013366144522868939
Logistic Regression,all_predictors,0.2,9,14462525341537503316,0.848644578313253,0.8305722891566265,0.01807228915662651,0.6827353045846292,0.6723993872719677,0.01033591731266148,0.4095744680851064,0.3632075471698113,0.046366920915295096,0.46107784431137727,0.46107784431137727,0.0,0.43380281690140843,0.40633245382585753,0.027470363075550897,0.802286899070077,0.7748121328402626,0.027474766229814374,0.3884203679084427,0.3624399396380695,0.025980428270373224
Random Forest,all_predictors,0.2,9,14462525341537503316,0.8524096385542169,0.8524096385542169,0.0,0.6336216455976935,0.6566917843898765,-0.023070138792183004,0.3986013986013986,0.40993788819875776,-0.011336489597359167,0.3413173652694611,0.39520958083832336,-0.053892215568862256,0.36774193548387096,0.4024390243902439,-0.034697088906372964,0.7735124067111256,0.7626555674181353,0.010856839292990306,0.3864464632234789,0.3782506651751222,0.00819579804835674
Logistic Regression,all_predictors,0.2,10,9229325474086214544,0.848644578313253,0.8313253012048193,0.017319277108433728,0.6827353045846292,0.6600133067198936,0.02272199786473561,0.4095744680851064,0.3582089552238806,0.051365512861225815,0.46107784431137727,0.4311377245508982,0.029940119760479056,0.43380281690140843,0.391304347826087,0.042498469075321454,0.802286899070077,0.774806975196893,0.027479923873183987,0.3884203679084427,0.35800103397354677,0.03041933393489593
Random Forest,all_predictors,0.2,10,9229325474086214544,0.8524096385542169,0.8561746987951807,-0.003765060240963791,0.6336216455976935,0.6511550542326201,-0.017533408634926584,0.3986013986013986,0.42,-0.02139860139860139,0.3413173652694611,0.3772455089820359,-0.0359281437125748,0.36774193548387096,0.39747634069400634,-0.029734405210135373,0.7735124067111256,0.7622223253750896,0.01129008133603604,0.3864464632234789,0.3912124689646419,-0.004766005741162982
Logistic Regression,all_predictors,0.2,11,2254420392549390108,0.848644578313253,0.8403614457831325,0.008283132530120474,0.6827353045846292,0.6908147529230944,-0.00807944833846519,0.4095744680851064,0.3923444976076555,0.017229970477450895,0.46107784431137727,0.49101796407185627,-0.029940119760479,0.43380281690140843,0.43617021276595747,-0.002367395864549038,0.802286899070077,0.782435129740519,0.01985176932955801,0.3884203679084427,0.3755114553294328,0.01290891257900989
Random Forest,all_predictors,0.2,11,2254420392549390108,0.8524096385542169,0.8621987951807228,-0.009789156626505924,0.6336216455976935,0.6751071500410033,-0.041485504443309784,0.3986013986013986,0.44936708860759494,-0.05076569000619635,0.3413173652694611,0.4251497005988024,-0.08383233532934131,0.36774193548387096,0.4369230769230769,-0.06918114143920595,0.7735124067111256,0.780717634498445,-0.007205227787319357,0.3864464632234789,0.4004842464633827,-0.01403778323990379
Logistic Regression,all_predictors,0.2,12,8877098679219950555,0.848644578313253,0.8320783132530121,0.016566265060240948,0.6827353045846292,0.6860774574881245,-0.0033421529034953767,0.4095744680851064,0.37272727272727274,0.03684719535783365,0.46107784431137727,0.49101796407185627,-0.029940119760479,0.43380281690140843,0.42377260981912146,0.010030207082286968,0.802286899070077,0.7824609179573669,0.019825981112710056,0.3884203679084427,0.36416398885344486,0.024256379054997834
Random Forest,all_predictors,0.2,12,8877098679219950555,0.8524096385542169,0.8576807228915663,-0.005271084337349352,0.6336216455976935,0.6545797294300288,-0.020958083832335328,0.3986013986013986,0.4266666666666667,-0.0280652680652681,0.3413173652694611,0.38323353293413176,-0.041916167664670656,0.36774193548387096,0.4037854889589905,-0.03604355347511956,0.7735124067111256,0.7524021723993874,0.021110234311738196,0.3864464632234789,0.3566485550532327,0.029797908170246246
Logistic Regression,all_predictors,0.2,13,11789459792247800187,0.848644578313253,0.8215361445783133,0.027108433734939763,0.6827353045846292,0.6595413823515759,0.023193922233053277,0.4095744680851064,0.3394495412844037,0.0701249268007027,0.46107784431137727,0.4431137724550898,0.017964071856287456,0.43380281690140843,0.38441558441558443,0.049387232485823995,0.802286899070077,0.7860661106727115,0.016220788397365515,0.3884203679084427,0.365396100736341,0.02302426717210171
Random Forest,all_predictors,0.2,13,11789459792247800187,0.8524096385542169,0.8509036144578314,0.001506024096385561,0.6336216455976935,0.6481404116830938,-0.014518766085400259,0.3986013986013986,0.4012738853503185,-0.0026724867489199,0.3413173652694611,0.3772455089820359,-0.0359281437125748,0.36774193548387096,0.3888888888888889,-0.021146953405017932,0.7735124067111256,0.7674676486819643,0.006044758029161379,0.3864464632234789,0.38002467821499547,0.006421785008483449
Logistic Regression,all_predictors,0.2,14,13086500184593086706,0.848644578313253,0.8305722891566265,0.01807228915662651,0.6827353045846292,0.6647093410079067,0.01802596357672248,0.4095744680851064,0.3592233009708738,0.0503511671142326,0.46107784431137727,0.4431137724550898,0.017964071856287456,0.43380281690140843,0.3967828418230563,0.03701997507835214,0.802286899070077,0.7788196217384352,0.023467277331641778,0.3884203679084427,0.3688378930090834,0.019582474899359326
Random Forest,all_predictors,0.2,14,13086500184593086706,0.8524096385542169,0.8621987951807228,-0.009789156626505924,0.6336216455976935,0.6622904062675683,-0.028668760669874782,0.3986013986013986,0.44594594594594594,-0.04734454734454735,0.3413173652694611,0.39520958083832336,-0.053892215568862256,0.36774193548387096,0.41904761904761906,-0.051305683563748095,0.7735124067111256,0.7723467793095978,0.0011656274015278134,0.3864464632234789,0.3965985595684744,-0.010152096344995476
Logistic Regression,all_predictors,0.2,15,16596975368339574721,0.848644578313253,0.8396084337349398,0.009036144578313254,0.6827353045846292,0.6801306946829855,0.002604609901643684,0.4095744680851064,0.38613861386138615,0.023435854223720243,0.46107784431137727,0.46706586826347307,-0.0059880239520958,0.43380281690140843,0.42276422764227645,0.011038589259131981,0.802286899070077,0.7761015436826606,0.026185355387416398,0.3884203679084427,0.35570980940025254,0.03271055850819016
Random Forest,all_predictors,0.2,15,16596975368339574721,0.8524096385542169,0.8531626506024096,-0.0007530120481926694,0.6336216455976935,0.6519957501018634,-0.018374104504169875,0.3986013986013986,0.41025641025641024,-0.011655011655011649,0.3413173652694611,0.38323353293413176,-0.041916167664670656,0.36774193548387096,0.39628482972136225,-0.02854289423749129,0.7735124067111256,0.7614383635829116,0.01207404312821403,0.3864464632234789,0.3739951707846483,0.012451292438830641
Logistic Regression,all_predictors,0.2,16,9357956960702910824,0.848644578313253,0.8335843373493976,0.015060240963855387,0.6827353045846292,0.6792487376667853,0.0034865669178438807,0.4095744680851064,0.37264150943396224,0.036932958651144154,0.46107784431137727,0.47305389221556887,-0.0119760479041916,0.43380281690140843,0.41688654353562005,0.01691627336578838,0.802286899070077,0.7759261838080944,0.02636071526198258,0.3884203679084427,0.3778589534469934,0.010561414461449314
Random Forest,all_predictors,0.2,16,9357956960702910824,0.8524096385542169,0.8554216867469879,-0.0030120481927710108,0.6336216455976935,0.6532877397659462,-0.019666094168252712,0.3986013986013986,0.41830065359477125,-0.01969925499337266,0.3413173652694611,0.38323353293413176,-0.041916167664670656,0.36774193548387096,0.4,-0.03225806451612906,0.7735124067111256,0.7806712157081186,-0.007158808996992949,0.3864464632234789,0.41450594998775914,-0.028059486764280217
Logistic Regression,all_predictors,0.2,17,18245138210028461434,0.848644578313253,0.8373493975903614,0.011295180722891596,0.6827353045846292,0.6839654025282768,-0.00123009794364759,0.4095744680851064,0.3827751196172249,0.026799348467881512,0.46107784431137727,0.47904191616766467,-0.0179640718562874,0.43380281690140843,0.425531914893617,0.008270902007791403,0.802286899070077,0.7870305899828249,0.015256309087252062,0.3884203679084427,0.377133080817384,0.011287287091058695
Random Forest,all_predictors,0.2,17,18245138210028461434,0.8524096385542169,0.8554216867469879,-0.0030120481927710108,0.6336216455976935,0.6455976935018851,-0.0119760479041916,0.3986013986013986,0.41496598639455784,-0.016364587793159246,0.3413173652694611,0.3652694610778443,-0.0239520958083832,0.36774193548387096,0.3885350318471338,-0.02079309636326282,0.7735124067111256,0.7657914145868469,0.0077209921242787916,0.3864464632234789,0.37307923637583673,0.013367226847642188
Logistic Regression,all_predictors,0.2,18,15554257985110325930,0.848644578313253,0.8373493975903614,0.011295180722891596,0.6827353045846292,0.6685853100001548,0.014149994584474412,0.4095744680851064,0.3756345177664975,0.033939950318608914,0.46107784431137727,0.4431137724550898,0.017964071856287456,0.43380281690140843,0.4065934065934066,0.027209410308001836,0.802286899070077,0.7695668095333881,0.03272008953668892,0.3884203679084427,0.37480297583035865,0.013617392078084045
Random Forest,all_predictors,0.2,18,15554257985110325930,0.8524096385542169,0.8576807228915663,-0.005271084337349352,0.6336216455976935,0.6520163806753418,-0.018394735077648328,0.3986013986013986,0.42567567567567566,-0.027074277074277064,0.3413173652694611,0.3772455089820359,-0.0359281437125748,0.36774193548387096,0.4,-0.03225806451612906,0.7735124067111256,0.7821463017118219,-0.008633895000696223,0.3864464632234789,0.37745241026760645,0.008994052955872467
Logistic Regression,all_predictors,0.2,19,8222076634358964907,0.848644578313253,0.8283132530120482,0.02033132530120485,0.6827353045846292,0.65829065383445,0.02444465075017921,0.4095744680851064,0.35121951219512193,0.05835495588998446,0.46107784431137727,0.4311377245508982,0.029940119760479056,0.43380281690140843,0.3870967741935484,0.04670604270786005,0.802286899070077,0.7756734592829843,0.02661343978709274,0.3884203679084427,0.3574027656865009,0.031017602221941776
Random Forest,all_predictors,0.2,19,8222076634358964907,0.8524096385542169,0.8546686746987951,-0.0022590361445782303,0.6336216455976935,0.6528570765445852,-0.01923543094689173,0.3986013986013986,0.4155844155844156,-0.01698301698301702,0.3413173652694611,0.38323353293413176,-0.041916167664670656,0.36774193548387096,0.3987538940809969,-0.03101195859712591,0.7735124067111256,0.7655747935653241,0.007937613145801548,0.3864464632234789,0.3875890334065998,-0.0011425701831208612
Logistic Regression,all_predictors,0.2,20,11590287011088869568,0.848644578313253,0.8313253012048193,0.017319277108433728,0.6827353045846292,0.6779567480027026,0.004778556581926607,0.4095744680851064,0.3674418604651163,0.0421326076199901,0.46107784431137727,0.47305389221556887,-0.0119760479041916,0.43380281690140843,0.41361256544502617,0.020190251456382258,0.802286899070077,0.7648372505634726,0.03744964850660437,0.3884203679084427,0.37325704870482934,0.015163319203613357
Random Forest,all_predictors,0.2,20,11590287011088869568,0.8524096385542169,0.8576807228915663,-0.005271084337349352,0.6336216455976935,0.6571430781847158,-0.02352143258702233,0.3986013986013986,0.4276315789473684,-0.029030180345969825,0.3413173652694611,0.38922155688622756,-0.047904191616766456,0.36774193548387096,0.40752351097178685,-0.03978157548791589,0.7735124067111256,0.7637077266655319,0.009804680045593761,0.3864464632234789,0.38305598254003836,0.0033904806834405554
Logistic Regression,all_predictors,0.2,21,10412460375589677072,0.848644578313253,0.8283132530120482,0.02033132530120485,0.6827353045846292,0.663417351343824,0.019317953240805208,0.4095744680851064,0.35406698564593303,0.05550748243917336,0.46107784431137727,0.4431137724550898,0.017964071856287456,0.43380281690140843,0.39361702127659576,0.04018579562481267,0.802286899070077,0.7731255834584061,0.0291613156116709,0.3884203679084427,0.372927329831181,0.015493038077261712
Random Forest,all_predictors,0.2,21,10412460375589677072,0.8524096385542169,0.8554216867469879,-0.0030120481927710108,0.6336216455976935,0.6558510885206331,-0.022229442922939602,0.3986013986013986,0.41935483870967744,-0.020753440108278842,0.3413173652694611,0.38922155688622756,-0.047904191616766456,0.36774193548387096,0.40372670807453415,-0.03598477259066318,0.7735124067111256,0.7647650435562984,0.00874736315482727,0.3864464632234789,0.38275954805853335,0.00368691516494557
Logistic Regression,all_predictors,0.2,22,549038760834390060,0.848644578313253,0.829066265060241,0.01957831325301207,0.6827353045846292,0.6689747120745588,0.013760592510070335,0.4095744680851064,0.3584905660377358,0.051083902047370566,0.46107784431137727,0.4550898203592814,0.005988023952095856,0.43380281690140843,0.40105540897097625,0.03274740793043218,0.802286899070077,0.7627329320686792,0.039553967001397794,0.3884203679084427,0.36170651503382717,0.02671385287461553
Random Forest,all_predictors,0.2,22,549038760834390060,0.8524096385542169,0.8599397590361446,-0.0075301204819276935,0.6336216455976935,0.6635617653581726,-0.029940119760479056,0.3986013986013986,0.43790849673202614,-0.03930709813062755,0.3413173652694611,0.40119760479041916,-0.059880239520958056,0.36774193548387096,0.41875,-0.05100806451612905,0.7735124067111256,0.7525569017004751,0.020955505010650577,0.3864464632234789,0.3662714108222047,0.020175052401274207
Logistic Regression,all_predictors,0.2,23,13856051026365644064,0.848644578313253,0.8358433734939759,0.012801204819277157,0.6827353045846292,0.6779773785761809,0.0047579260084482655,0.4095744680851064,0.37681159420289856,0.03276287388220783,0.46107784431137727,0.46706586826347307,-0.0059880239520958,0.43380281690140843,0.41711229946524064,0.016690517436167784,0.802286899070077,0.7867108160939104,0.015576082976166639,0.3884203679084427,0.36969901687267337,0.01872135103576933
Random Forest,all_predictors,0.2,23,13856051026365644064,0.8524096385542169,0.8554216867469879,-0.0030120481927710108,0.6336216455976935,0.6507243910112591,-0.0171027454135656,0.3986013986013986,0.41721854304635764,-0.018617144444959044,0.3413173652694611,0.3772455089820359,-0.0359281437125748,0.36774193548387096,0.39622641509433965,-0.028484479610468683,0.7735124067111256,0.7743634178671082,-0.0008510111559825173,0.3864464632234789,0.38507981343615666,0.0013666497873222605
Logistic Regression,all_predictors,0.2,24,13417319463885440878,0.848644578313253,0.8283132530120482,0.02033132530120485,0.6827353045846292,0.660854002589137,0.02188130199549221,0.4095744680851064,0.3526570048309179,0.056917463254188505,0.46107784431137727,0.437125748502994,0.023952095808383256,0.43380281690140843,0.39037433155080214,0.04342848535060628,0.802286899070077,0.771119260187635,0.031167638882442006,0.3884203679084427,0.36558717931330187,0.02283318859514083
Random Forest,all_predictors,0.2,24,13417319463885440878,0.8524096385542169,0.8599397590361446,-0.0075301204819276935,0.6336216455976935,0.6507450215847375,-0.017123375987043943,0.3986013986013986,0.43356643356643354,-0.03496503496503495,0.3413173652694611,0.3712574850299401,-0.029940119760479,0.36774193548387096,0.4,-0.03225806451612906,0.7735124067111256,0.7616137234574778,0.011898683253647846,0.3864464632234789,0.3951771055881032,-0.008730642364624286
Logistic Regression,all_predictors,0.2,25,17090977383564552155,0.848644578313253,0.8335843373493976,0.015060240963855387,0.6827353045846292,0.6689953426480373,0.013739961936591882,0.4095744680851064,0.36764705882352944,0.04192740926157695,0.46107784431137727,0.4491017964071856,0.011976047904191656,0.43380281690140843,0.40431266846361186,0.02949014843779657,0.802286899070077,0.7836059147854163,0.018680984284660695,0.3884203679084427,0.36744973612336035,0.02097063178508235
Random Forest,all_predictors,0.2,25,17090977383564552155,0.8524096385542169,0.8546686746987951,-0.0022590361445782303,0.6336216455976935,0.6374769840164632,-0.003855338418769727,0.3986013986013986,0.4084507042253521,-0.00984930562395353,0.3413173652694611,0.3473053892215569,-0.0059880239520958,0.36774193548387096,0.37540453074433655,-0.007662595260465588,0.7735124067111256,0.7702527761015436,0.0032596306095820093,0.3864464632234789,0.3717017069205985,0.014744756302880413
Logistic Regression,all_predictors,0.2,26,18140732016151511310,0.848644578313253,0.8403614457831325,0.008283132530120474,0.6827353045846292,0.6728713116402854,0.009863992944343813,0.4095744680851064,0.38461538461538464,0.024959083469721755,0.46107784431137727,0.4491017964071856,0.011976047904191656,0.43380281690140843,0.4143646408839779,0.01943817601743053,0.802286899070077,0.7769112936916864,0.025375605378390564,0.3884203679084427,0.3724151028996273,0.016005265008815384
Random Forest,all_predictors,0.2,26,18140732016151511310,0.8524096385542169,0.8659638554216867,-0.013554216867469826,0.6336216455976935,0.6644437223743727,-0.03082207677667914,0.3986013986013986,0.46153846153846156,-0.06293706293706297,0.3413173652694611,0.39520958083832336,-0.053892215568862256,0.36774193548387096,0.4258064516129032,-0.05806451612903224,0.7735124067111256,0.7670859830726144,0.006426423638511203,0.3864464632234789,0.39792821218721486,-0.011481748963735938
Logistic Regression,all_predictors,0.2,27,2655394961474612809,0.848644578313253,0.8268072289156626,0.02183734939759041,0.6827353045846292,0.6548659786370412,0.027869325947587953,0.4095744680851064,0.3463414634146341,0.06323300467047227,0.46107784431137727,0.4251497005988024,0.035928143712574856,0.43380281690140843,0.3817204301075269,0.05208238679388155,0.802286899070077,0.7781336551702797,0.02415324389979734,0.3884203679084427,0.3631225382014561,0.025297829706986574
Random Forest,all_predictors,0.2,27,2655394961474612809,0.8524096385542169,0.858433734939759,-0.0060240963855421326,0.6336216455976935,0.6498836951420157,-0.0162620495443222,0.3986013986013986,0.42758620689655175,-0.028984808295153153,0.3413173652694611,0.3712574850299401,-0.029940119760479,0.36774193548387096,0.3974358974358974,-0.02969396195202645,0.7735124067111256,0.7609329145326916,0.012579492178434015,0.3864464632234789,0.38628129842077624,0.00016516480270267753
Logistic Regression,all_predictors,0.2,28,17399876274560130998,0.848644578313253,0.8343373493975904,0.014307228915662606,0.6827353045846292,0.6848060983975202,-0.002070793812890992,0.4095744680851064,0.3767441860465116,0.03283028203859478,0.46107784431137727,0.48502994011976047,-0.0239520958083832,0.43380281690140843,0.42408376963350786,0.009719047267900571,0.802286899070077,0.7833635055470455,0.018923393523031518,0.3884203679084427,0.37676005587555944,0.011660312032883258
Random Forest,all_predictors,0.2,28,17399876274560130998,0.8524096385542169,0.8576807228915663,-0.005271084337349352,0.6336216455976935,0.6622697756940898,-0.02864813009639633,0.3986013986013986,0.42948717948717946,-0.030885780885780867,0.3413173652694611,0.40119760479041916,-0.059880239520958056,0.36774193548387096,0.4148606811145511,-0.04711874563068014,0.7735124067111256,0.7761789083332045,-0.0026665016220788207,0.3864464632234789,0.4120886946388669,-0.02564223141538796
Logistic Regression,all_predictors,0.2,29,5897025379115525226,0.848644578313253,0.8283132530120482,0.02033132530120485,0.6827353045846292,0.6813607926266331,0.001374511957996094,0.4095744680851064,0.3632286995515695,0.04634576853353689,0.46107784431137727,0.48502994011976047,-0.0239520958083832,0.43380281690140843,0.4153846153846154,0.01841820151679302,0.802286899070077,0.783368663190415,0.018918235879662015,0.3884203679084427,0.372844307875322,0.015576060033120676
Random Forest,all_predictors,0.2,29,5897025379115525226,0.8524096385542169,0.8569277108433735,-0.004518072289156572,0.6336216455976935,0.659275763718042,-0.025654118120348457,0.3986013986013986,0.4258064516129032,-0.02720505301150461,0.3413173652694611,0.39520958083832336,-0.053892215568862256,0.36774193548387096,0.40993788819875776,-0.0421959527148868,0.7735124067111256,0.7664980117284811,0.007014394982644556,0.3864464632234789,0.40171201738493556,-0.01526555416145664
Logistic Regression,all_predictors,0.5,0,14563478405257698052,0.848644578313253,0.7793674698795181,0.06927710843373491,0.6827353045846292,0.6431142882194268,0.03962101636520232,0.4095744680851064,0.275,0.13457446808510637,0.46107784431137727,0.46107784431137727,0.0,0.43380281690140843,0.34451901565995524,0.08928380124145319,0.802286899070077,0.7203474188573757,0.08193948021270125,0.3884203679084427,0.3005063241623793,0.08791404374606338
Random Forest,all_predictors,0.5,0,14563478405257698052,0.8524096385542169,0.8268072289156626,0.025602409638554313,0.6336216455976935,0.6523026298823542,-0.018680984284660695,0.3986013986013986,0.3448275862068966,0.05377381239450202,0.3413173652694611,0.41916167664670656,-0.07784431137724546,0.36774193548387096,0.3783783783783784,-0.010636442894507436,0.7735124067111256,0.7488227679008908,0.024689638810234893,0.3864464632234789,0.3449258480316303,0.04152061519184863
Logistic Regression,all_predictors,0.5,1,7950771520334902900,0.848644578313253,0.7906626506024096,0.05798192771084343,0.6827353045846292,0.6598276315585883,0.02290767302604091,0.4095744680851064,0.2967032967032967,0.11287117138180969,0.46107784431137727,0.48502994011976047,-0.0239520958083832,0.43380281690140843,0.36818181818181817,0.06562099871959026,0.802286899070077,0.7218482930779269,0.08043860599215014,0.3884203679084427,0.3119918859415668,0.0764284819668759
Random Forest,all_predictors,0.5,1,7950771520334902900,0.8524096385542169,0.8433734939759037,0.009036144578313254,0.6336216455976935,0.6720306157710418,-0.03840897017334832,0.3986013986013986,0.3915343915343915,0.007067007067007081,0.3413173652694611,0.4431137724550898,-0.10179640718562871,0.36774193548387096,0.4157303370786517,-0.04798840159478074,0.7735124067111256,0.7365785225414804,0.03693388416964527,0.3864464632234789,0.3505874847704393,0.03585897845303965
Logistic Regression,all_predictors,0.5,2,15067015423998056745,0.848644578313253,0.7756024096385542,0.07304216867469882,0.6827353045846292,0.6768478546782404,0.005887449906388786,0.4095744680851064,0.29073482428115016,0.11883964380395623,0.46107784431137727,0.5449101796407185,-0.08383233532934126,0.43380281690140843,0.37916666666666665,0.054636150234741776,0.802286899070077,0.7403900209916084,0.061896878078468553,0.3884203679084427,0.31646569678634273,0.07195467112209997
Random Forest,all_predictors,0.5,2,15067015423998056745,0.8524096385542169,0.8170180722891566,0.03539156626506035,0.6336216455976935,0.6364506129859144,-0.0028289673882209154,0.3986013986013986,0.3173076923076923,0.0812937062937063,0.3413173652694611,0.39520958083832336,-0.053892215568862256,0.36774193548387096,0.352,0.015741935483870984,0.7735124067111256,0.7292030925229644,0.0443093141881612,0.3864464632234789,0.3504472600321802,0.035999203191298734
Logistic Regression,all_predictors,0.5,3,1771759521160196071,0.848644578313253,0.7748493975903614,0.0737951807228916,0.6827353045846292,0.6482203551553225,0.03451494942930666,0.4095744680851064,0.273972602739726,0.13560186534538038,0.46107784431137727,0.47904191616766467,-0.0179640718562874,0.43380281690140843,0.3485838779956427,0.0852189389057657,0.802286899070077,0.7366868330522417,0.0656000660178353,0.3884203679084427,0.3219632879262436,0.06645707998219907
Random Forest,all_predictors,0.5,3,1771759521160196071,0.8524096385542169,0.8298192771084337,0.02259036144578319,0.6336216455976935,0.6463352365037367,-0.012713590906043182,0.3986013986013986,0.3471502590673575,0.05145113953404107,0.3413173652694611,0.40119760479041916,-0.059880239520958056,0.36774193548387096,0.37222222222222223,-0.004480286738351269,0.7735124067111256,0.7369343999339821,0.03657800677714351,0.3864464632234789,0.37578182859886594,0.010664634624612979
Logistic Regression,all_predictors,0.5,4,1885493453427914875,0.848644578313253,0.7612951807228916,0.08734939759036142,0.6827353045846292,0.6481584634348874,0.0345768411497418,0.4095744680851064,0.2626582278481013,0.1469162402370051,0.46107784431137727,0.49700598802395207,-0.0359281437125748,0.43380281690140843,0.34368530020703936,0.09011751669436907,0.802286899070077,0.7146379076472378,0.08764899142283922,0.3884203679084427,0.3077831530143728,0.08063721489406989
Random Forest,all_predictors,0.5,4,1885493453427914875,0.8524096385542169,0.8335843373493976,0.01882530120481929,0.6336216455976935,0.6689953426480373,-0.035373697050343766,0.3986013986013986,0.36764705882352944,0.030954339777869155,0.3413173652694611,0.4491017964071856,-0.10778443113772451,0.36774193548387096,0.40431266846361186,-0.036570732979740894,0.7735124067111256,0.7411997710006344,0.032312635710491255,0.3864464632234789,0.35852431716853256,0.027922146054946362
Logistic Regression,all_predictors,0.5,5,12252771673780285832,0.848644578313253,0.7552710843373494,0.09337349397590367,0.6827353045846292,0.6524032039280612,0.030332100656567995,0.4095744680851064,0.2606060606060606,0.14896840747904577,0.46107784431137727,0.5149700598802395,-0.0538922155688622,0.43380281690140843,0.3460764587525151,0.08772635814889335,0.802286899070077,0.7078813948330729,0.09440550423700411,0.3884203679084427,0.28008988776876115,0.10833048013968155
Random Forest,all_predictors,0.5,5,12252771673780285832,0.8524096385542169,0.8079819277108434,0.04442771084337349,0.6336216455976935,0.6389727005936447,-0.005351054995951232,0.3986013986013986,0.3053097345132743,0.09329166408812428,0.3413173652694611,0.41317365269461076,-0.07185628742514966,0.36774193548387096,0.3511450381679389,0.016596897315932058,0.7735124067111256,0.7347733473621234,0.038739059349002236,0.3864464632234789,0.3420608105257596,0.044385652697719324
Logistic Regression,all_predictors,0.5,6,4828081415219300757,0.848644578313253,0.7635542168674698,0.08509036144578319,0.6827353045846292,0.639197058080222,0.043538246504407185,0.4095744680851064,0.25901639344262295,0.15055807464248344,0.46107784431137727,0.47305389221556887,-0.0119760479041916,0.43380281690140843,0.3347457627118644,0.09905705418954402,0.802286899070077,0.7078452913294857,0.0944416077405913,0.3884203679084427,0.3159122150975322,0.0725081528109105
Random Forest,all_predictors,0.5,6,4828081415219300757,0.8524096385542169,0.8192771084337349,0.03313253012048201,0.6336216455976935,0.6428693001593712,-0.009247654561677643,0.3986013986013986,0.3253588516746411,0.07324254692675747,0.3413173652694611,0.40718562874251496,-0.06586826347305386,0.36774193548387096,0.3617021276595745,0.0060398078242964726,0.7735124067111256,0.7097175158726474,0.06379489083847822,0.3864464632234789,0.3389413580987335,0.04750510512474543
Logistic Regression,all_predictors,0.5,7,14826781362524515721,0.848644578313253,0.7756024096385542,0.07304216867469882,0.6827353045846292,0.6589044133954314,0.02383089118919779,0.4095744680851064,0.2809364548494983,0.12863801323560808,0.46107784431137727,0.5029940119760479,-0.0419161676646706,0.43380281690140843,0.3605150214592275,0.07328779544218095,0.802286899070077,0.7162883535255071,0.08599854554456987,0.3884203679084427,0.2964871153708682,0.0919332525375745
Random Forest,all_predictors,0.5,7,14826781362524515721,0.8524096385542169,0.8320783132530121,0.02033132530120485,0.6336216455976935,0.6578806211865674,-0.02425897558887391,0.3986013986013986,0.35858585858585856,0.04001554001554003,0.3413173652694611,0.4251497005988024,-0.08383233532934131,0.36774193548387096,0.38904109589041097,-0.021299160406540008,0.7735124067111256,0.7401991881869335,0.03331321852419211,0.3864464632234789,0.31924953893794245,0.06719692428553647
Logistic Regression,all_predictors,0.5,8,5943818024954430763,0.848644578313253,0.7507530120481928,0.09789156626506024,0.6827353045846292,0.6267490858077127,0.05598621877691645,0.4095744680851064,0.24213836477987422,0.16743610330523218,0.46107784431137727,0.46107784431137727,0.0,0.43380281690140843,0.31752577319587627,0.11627704370553216,0.802286899070077,0.698293335809002,0.103993563261075,0.3884203679084427,0.26994104405860164,0.11847932384984106
Random Forest,all_predictors,0.5,8,5943818024954430763,0.8524096385542169,0.8155120481927711,0.0368975903614458,0.6336216455976935,0.6381526352978797,-0.004530989700186172,0.3986013986013986,0.3160377358490566,0.082563662752342,0.3413173652694611,0.40119760479041916,-0.059880239520958056,0.36774193548387096,0.35356200527704484,0.014179930206826119,0.7735124067111256,0.7187485494128023,0.05476385729832334,0.3864464632234789,0.32661322321547365,0.05983324000800527
Logistic Regression,all_predictors,0.5,9,12167262697008853186,0.848644578313253,0.7635542168674698,0.08509036144578319,0.6827353045846292,0.644323755589596,0.038411548995033185,0.4095744680851064,0.2621359223300971,0.1474385457550093,0.46107784431137727,0.48502994011976047,-0.0239520958083832,0.43380281690140843,0.3403361344537815,0.0934666824476269,0.802286899070077,0.7000985109883591,0.10218838808171793,0.3884203679084427,0.29357254220558693,0.09484782570285577
Random Forest,all_predictors,0.5,9,12167262697008853186,0.8524096385542169,0.8230421686746988,0.029367469879518104,0.6336216455976935,0.6629660575489846,-0.029344411951291116,0.3986013986013986,0.3440366972477064,0.05456470135369218,0.3413173652694611,0.4491017964071856,-0.10778443113772451,0.36774193548387096,0.38961038961038963,-0.021868454126518666,0.7735124067111256,0.7359699206238686,0.037542486087257076,0.3864464632234789,0.3415696443978805,0.04487681882559841
Logistic Regression,all_predictors,0.5,10,3303395093704235430,0.848644578313253,0.7688253012048193,0.07981927710843373,0.6827353045846292,0.6370850031203743,0.04565030146425486,0.4095744680851064,0.2619047619047619,0.14766970618034447,0.46107784431137727,0.46107784431137727,0.0,0.43380281690140843,0.33405639913232105,0.09974641776908738,0.802286899070077,0.7034045603882674,0.09888233868180962,0.3884203679084427,0.2777112210034647,0.11070914690497802
Random Forest,all_predictors,0.5,10,3303395093704235430,0.8524096385542169,0.8320783132530121,0.02033132530120485,0.6336216455976935,0.6578806211865674,-0.02425897558887391,0.3986013986013986,0.35858585858585856,0.04001554001554003,0.3413173652694611,0.4251497005988024,-0.08383233532934131,0.36774193548387096,0.38904109589041097,-0.021299160406540008,0.7735124067111256,0.7231995956407599,0.05031281107036578,0.3864464632234789,0.3418277664193583,0.04461869680412062
Logistic Regression,all_predictors,0.5,11,15484443597884454940,0.848644578313253,0.7733433734939759,0.07530120481927716,0.6827353045846292,0.6576124237313486,0.025122880853280516,0.4095744680851064,0.2781456953642384,0.131428772720868,0.46107784431137727,0.5029940119760479,-0.0419161676646706,0.43380281690140843,0.3582089552238806,0.07559386167752785,0.802286899070077,0.7188981210705205,0.08338877799955646,0.3884203679084427,0.31941375076184964,0.06900661714659306
Random Forest,all_predictors,0.5,11,15484443597884454940,0.8524096385542169,0.8298192771084337,0.02259036144578319,0.6336216455976935,0.6565886315224847,-0.022966985924791183,0.3986013986013986,0.35323383084577115,0.04536756775562745,0.3413173652694611,0.4251497005988024,-0.08383233532934131,0.36774193548387096,0.3858695652173913,-0.018127629733520334,0.7735124067111256,0.7391006101492107,0.034411796561914954,0.3864464632234789,0.35206174131938345,0.03438472190409547
Logistic Regression,all_predictors,0.5,12,10965251528015807742,0.848644578313253,0.7612951807228916,0.08734939759036142,0.6827353045846292,0.6532851609442614,0.0294501436403678,0.4095744680851064,0.265625,0.1439494680851064,0.46107784431137727,0.5089820359281437,-0.047904191616766456,0.43380281690140843,0.3490759753593429,0.0847268415420655,0.802286899070077,0.724612789924028,0.077674109146049,0.3884203679084427,0.29354145876227383,0.09487890914616887
Random Forest,all_predictors,0.5,12,10965251528015807742,0.8524096385542169,0.8283132530120482,0.024096385542168752,0.6336216455976935,0.648037258815702,-0.014415613218008438,0.3986013986013986,0.34517766497461927,0.053423733626779324,0.3413173652694611,0.40718562874251496,-0.06586826347305386,0.36774193548387096,0.37362637362637363,-0.005884438142502668,0.7735124067111256,0.7134258614553838,0.06008654525574186,0.3864464632234789,0.2927471834865831,0.09369927973689585
Logistic Regression,all_predictors,0.5,13,170883132769010491,0.848644578313253,0.7635542168674698,0.08509036144578319,0.6827353045846292,0.652013801853657,0.030721502730972183,0.4095744680851064,0.26666666666666666,0.14290780141843973,0.46107784431137727,0.5029940119760479,-0.0419161676646706,0.43380281690140843,0.34854771784232363,0.0852550990590848,0.802286899070077,0.7284655495211128,0.07382134954896424,0.3884203679084427,0.2984465450280156,0.0899738228804271
Random Forest,all_predictors,0.5,13,170883132769010491,0.8524096385542169,0.8230421686746988,0.029367469879518104,0.6336216455976935,0.6604027087942977,-0.026781063196604227,0.3986013986013986,0.3425925925925926,0.05600880600880598,0.3413173652694611,0.4431137724550898,-0.10179640718562871,0.36774193548387096,0.38642297650130547,-0.018681041017434508,0.7735124067111256,0.7387653633301872,0.03474704338093848,0.3864464632234789,0.3526483696450602,0.03379809357841873
Logistic Regression,all_predictors,0.5,14,16732874263656650258,0.848644578313253,0.7635542168674698,0.08509036144578319,0.6827353045846292,0.626380314306787,0.05635499027784219,0.4095744680851064,0.25084745762711863,0.15872701045798776,0.46107784431137727,0.4431137724550898,0.017964071856287456,0.43380281690140843,0.3203463203463203,0.1134564965550881,0.802286899070077,0.7055295094565391,0.09675738961353786,0.3884203679084427,0.29877507674371806,0.08964529116472464
Random Forest,all_predictors,0.5,14,16732874263656650258,0.8524096385542169,0.8207831325301205,0.031626506024096446,0.6336216455976935,0.633477231583345,0.00014441401434850398,0.3986013986013986,0.32160804020100503,0.07699335840039356,0.3413173652694611,0.38323353293413176,-0.041916167664670656,0.36774193548387096,0.34972677595628415,0.01801515952758681,0.7735124067111256,0.7236225223970663,0.049889884314059385,0.3864464632234789,0.33202375529772604,0.05442270792575288
Logistic Regression,all_predictors,0.5,15,15989540552493801859,0.848644578313253,0.7522590361445783,0.09638554216867468,0.6827353045846292,0.6147936684769995,0.06794163610762971,0.4095744680851064,0.23529411764705882,0.17428035043804757,0.46107784431137727,0.4311377245508982,0.029940119760479056,0.43380281690140843,0.3044397463002114,0.129363070601197,0.802286899070077,0.7016354887124975,0.10065141035757952,0.3884203679084427,0.2775628172929888,0.11085755061545388
Random Forest,all_predictors,0.5,15,15989540552493801859,0.8524096385542169,0.8087349397590361,0.04367469879518082,0.6336216455976935,0.6214599225321966,0.012161723065496899,0.3986013986013986,0.2938388625592417,0.1047625360421569,0.3413173652694611,0.3712574850299401,-0.029940119760479,0.36774193548387096,0.328042328042328,0.03969960744154294,0.7735124067111256,0.716922743659967,0.056589663051158645,0.3864464632234789,0.30073849925092605,0.08570796397255287
Logistic Regression,all_predictors,0.5,16,13091966818240559734,0.848644578313253,0.7635542168674698,0.08509036144578319,0.6827353045846292,0.626380314306787,0.05635499027784219,0.4095744680851064,0.25084745762711863,0.15872701045798776,0.46107784431137727,0.4431137724550898,0.017964071856287456,0.43380281690140843,0.3203463203463203,0.1134564965550881,0.802286899070077,0.7091862786055796,0.09310062046449741,0.3884203679084427,0.3218690129061083,0.06655135500233439
Random Forest,all_predictors,0.5,16,13091966818240559734,0.8524096385542169,0.8245481927710844,0.027861445783132543,0.6336216455976935,0.6484472914635845,-0.014825645865890968,0.3986013986013986,0.3382352941176471,0.060366104483751515,0.3413173652694611,0.41317365269461076,-0.07185628742514966,0.36774193548387096,0.3719676549865229,-0.004225719502651937,0.7735124067111256,0.7377338346562688,0.035778572054856794,0.3864464632234789,0.37763261317700403,0.008813850046474891
Logistic Regression,all_predictors,0.5,17,14294325361202440729,0.848644578313253,0.7786144578313253,0.0700301204819277,0.6827353045846292,0.6503736712621269,0.0323616333225023,0.4095744680851064,0.2787456445993031,0.13082882348580327,0.46107784431137727,0.47904191616766467,-0.0179640718562874,0.43380281690140843,0.3524229074889868,0.08137990941242162,0.802286899070077,0.7300902071825341,0.07219669188754285,0.3884203679084427,0.3017021595095386,0.0867182083989041
Random Forest,all_predictors,0.5,17,14294325361202440729,0.8524096385542169,0.8358433734939759,0.01656626506024106,0.6336216455976935,0.6549072397839979,-0.02128559418630438,0.3986013986013986,0.36507936507936506,0.033522033522033534,0.3413173652694611,0.41317365269461076,-0.07185628742514966,0.36774193548387096,0.38764044943820225,-0.019898513954331287,0.7735124067111256,0.7398433107944318,0.03366909591669387,0.3864464632234789,0.32619309089432563,0.06025337232915329
Logistic Regression,all_predictors,0.5,18,5304201569162423662,0.848644578313253,0.7748493975903614,0.0737951807228916,0.6827353045846292,0.6482203551553225,0.03451494942930666,0.4095744680851064,0.273972602739726,0.13560186534538038,0.46107784431137727,0.47904191616766467,-0.0179640718562874,0.43380281690140843,0.3485838779956427,0.0852189389057657,0.802286899070077,0.6973649600024756,0.10492193906760139,0.3884203679084427,0.31770448034415244,0.07071588756429026
Random Forest,all_predictors,0.5,18,5304201569162423662,0.8524096385542169,0.8335843373493976,0.01882530120481929,0.6336216455976935,0.6715586914027243,-0.03793704580503077,0.3986013986013986,0.36893203883495146,0.029669359766447134,0.3413173652694611,0.4550898203592814,-0.11377245508982031,0.36774193548387096,0.4075067024128686,-0.039764766928997664,0.7735124067111256,0.7492766405174148,0.024235766193710817,0.3864464632234789,0.36050296094929746,0.025943502274181462
Logistic Regression,all_predictors,0.5,19,6135091815088978560,0.848644578313253,0.759789156626506,0.08885542168674698,0.6827353045846292,0.6267903469546694,0.05594495762995977,0.4095744680851064,0.24834437086092714,0.16123009722417925,0.46107784431137727,0.4491017964071856,0.011976047904191656,0.43380281690140843,0.31982942430703626,0.11397339259437217,0.802286899070077,0.7004131272339043,0.10187377183617274,0.3884203679084427,0.2787074718822694,0.10971289602617329
Random Forest,all_predictors,0.5,19,6135091815088978560,0.8524096385542169,0.8147590361445783,0.03765060240963858,0.6336216455976935,0.6274685770577708,0.006153068539922701,0.3986013986013986,0.3073170731707317,0.09128432543066689,0.3413173652694611,0.3772455089820359,-0.0359281437125748,0.36774193548387096,0.3387096774193548,0.029032258064516148,0.7735124067111256,0.7258506243327298,0.0476617823783958,0.3864464632234789,0.3167696006959542,0.0696768625275247
Logistic Regression,all_predictors,0.5,20,16483972467866048671,0.848644578313253,0.75,0.09864457831325302,0.6827353045846292,0.6340084688504128,0.04872683573421632,0.4095744680851064,0.24615384615384617,0.16342062193126022,0.46107784431137727,0.47904191616766467,-0.0179640718562874,0.43380281690140843,0.3252032520325203,0.10859956486888811,0.802286899070077,0.6917689169464689,0.11051798212360808,0.3884203679084427,0.3030823095057696,0.08533805840267311
Random Forest,all_predictors,0.5,20,16483972467866048671,0.8524096385542169,0.8200301204819277,0.032379518072289226,0.6336216455976935,0.645863312135419,-0.012241666537725515,0.3986013986013986,0.32857142857142857,0.07002997002997002,0.3413173652694611,0.41317365269461076,-0.07185628742514966,0.36774193548387096,0.3660477453580902,0.001694190125780759,0.7735124067111256,0.7266294284815382,0.046882978229587424,0.3864464632234789,0.340030346737718,0.04641611648576094
Logistic Regression,all_predictors,0.5,21,16820678128273078148,0.848644578313253,0.7590361445783133,0.08960843373493976,0.6827353045846292,0.6340497299973696,0.04868557458725953,0.4095744680851064,0.2524271844660194,0.15714728361908697,0.46107784431137727,0.46706586826347307,-0.0059880239520958,0.43380281690140843,0.3277310924369748,0.10607172446443364,0.802286899070077,0.7050085874762104,0.09727831159386657,0.3884203679084427,0.3120335338506008,0.07638683405784191
Random Forest,all_predictors,0.5,21,16820678128273078148,0.8524096385542169,0.8245481927710844,0.027861445783132543,0.6336216455976935,0.6484472914635845,-0.014825645865890968,0.3986013986013986,0.3382352941176471,0.060366104483751515,0.3413173652694611,0.41317365269461076,-0.07185628742514966,0.36774193548387096,0.3719676549865229,-0.004225719502651937,0.7735124067111256,0.7191095844486738,0.054402822262451855,0.3864464632234789,0.3447289576037764,0.0417175056197025
Logistic Regression,all_predictors,0.5,22,3885798888174278354,0.848644578313253,0.7484939759036144,0.10015060240963858,0.6827353045846292,0.6100770036155081,0.07265830096912107,0.4095744680851064,0.2297734627831715,0.17980100530193488,0.46107784431137727,0.4251497005988024,0.035928143712574856,0.43380281690140843,0.29831932773109243,0.135483489170316,0.802286899070077,0.6834083770443609,0.11887852202571614,0.3884203679084427,0.2813607262575042,0.10705964165093851
Random Forest,all_predictors,0.5,22,3885798888174278354,0.8524096385542169,0.8253012048192772,0.027108433734939763,0.6336216455976935,0.6488779546849454,-0.01525630908725184,0.3986013986013986,0.3399014778325123,0.058699920768886305,0.3413173652694611,0.41317365269461076,-0.07185628742514966,0.36774193548387096,0.372972972972973,-0.005231037489102031,0.7735124067111256,0.7204660446548764,0.05304636205624924,0.3864464632234789,0.34162137153124916,0.04482509169222976
Logistic Regression,all_predictors,0.5,23,18133064966516267449,0.848644578313253,0.7846385542168675,0.06400602409638556,0.6827353045846292,0.6589456745423881,0.023789630042241106,0.4095744680851064,0.28975265017667845,0.11982181790842794,0.46107784431137727,0.49101796407185627,-0.029940119760479,0.43380281690140843,0.36444444444444446,0.06935837245696397,0.802286899070077,0.7361091769948476,0.06617772207522943,0.3884203679084427,0.300641992638534,0.08777837526990873
Random Forest,all_predictors,0.5,23,18133064966516267449,0.8524096385542169,0.8275602409638554,0.024849397590361533,0.6336216455976935,0.645043246839654,-0.011421601241960455,0.3986013986013986,0.34183673469387754,0.05676466390752105,0.3413173652694611,0.40119760479041916,-0.059880239520958056,0.36774193548387096,0.3691460055096419,-0.0014040700257709204,0.7735124067111256,0.7429636850330348,0.030548721678090862,0.3864464632234789,0.35539505854016007,0.03105140468331885
Logistic Regression,all_predictors,0.5,24,1260410281133808371,0.848644578313253,0.766566265060241,0.08207831325301207,0.6827353045846292,0.6332296647016046,0.04950563988302459,0.4095744680851064,0.2576271186440678,0.1519473494410386,0.46107784431137727,0.4550898203592814,0.005988023952095856,0.43380281690140843,0.329004329004329,0.1047984878970794,0.802286899070077,0.7085261002542719,0.09376079881580512,0.3884203679084427,0.29353559477289604,0.09488477313554666
Random Forest,all_predictors,0.5,24,1260410281133808371,0.8524096385542169,0.8343373493975904,0.01807228915662651,0.6336216455976935,0.638665820813154,-0.005044175215460522,0.3986013986013986,0.35195530726256985,0.046646091338828743,0.3413173652694611,0.3772455089820359,-0.0359281437125748,0.36774193548387096,0.36416184971098264,0.0035800857728883195,0.7735124067111256,0.7036882307735949,0.06982417593753076,0.3864464632234789,0.3375021090823719,0.04894435414110704
Logistic Regression,all_predictors,0.5,25,8704333605641154946,0.848644578313253,0.7823795180722891,0.0662650602409639,0.6827353045846292,0.6602170336329924,0.02251827095163672,0.4095744680851064,0.2881944444444444,0.12138002364066197,0.46107784431137727,0.49700598802395207,-0.0359281437125748,0.43380281690140843,0.3648351648351648,0.06896765206624361,0.802286899070077,0.720899286697922,0.08138761237215497,0.3884203679084427,0.2912089939640389,0.09721137394440382
Random Forest,all_predictors,0.5,25,8704333605641154946,0.8524096385542169,0.8253012048192772,0.027108433734939763,0.6336216455976935,0.6565680009490064,-0.02294635535131284,0.3986013986013986,0.3444976076555024,0.05410379094589618,0.3413173652694611,0.4311377245508982,-0.08982035928143711,0.36774193548387096,0.3829787234042553,-0.015236787920384354,0.7735124067111256,0.7441912041549974,0.029321202556128245,0.3864464632234789,0.33139945839441387,0.05504700482906505
Logistic Regression,all_predictors,0.5,26,292394212962011938,0.848644578313253,0.766566265060241,0.08207831325301207,0.6827353045846292,0.6486097572297266,0.034125547354902586,0.4095744680851064,0.2671009771986971,0.14247349088640932,0.46107784431137727,0.49101796407185627,-0.029940119760479,0.43380281690140843,0.3459915611814346,0.08781125571997384,0.802286899070077,0.7034303486051153,0.09885655046496167,0.3884203679084427,0.3144933460389756,0.07392702186946709
Random Forest,all_predictors,0.5,26,292394212962011938,0.8524096385542169,0.8373493975903614,0.015060240963855498,0.6336216455976935,0.6634586124907808,-0.029836966893087236,0.3986013986013986,0.37305699481865284,0.02554440378274575,0.3413173652694611,0.4311377245508982,-0.08982035928143711,0.36774193548387096,0.4,-0.03225806451612906,0.7735124067111256,0.7044103008453377,0.06910210586578791,0.3864464632234789,0.34376834036097825,0.04267812286250067
Logistic Regression,all_predictors,0.5,27,10534629155221582132,0.848644578313253,0.7605421686746988,0.0881024096385542,0.6827353045846292,0.6349110564400914,0.047824248144537784,0.4095744680851064,0.254071661237785,0.15550280684732137,0.46107784431137727,0.46706586826347307,-0.0059880239520958,0.43380281690140843,0.3291139240506329,0.10468889285077554,0.802286899070077,0.7058028645551274,0.09648403451494958,0.3884203679084427,0.286098356587004,0.1023220113214387
Random Forest,all_predictors,0.5,27,10534629155221582132,0.8524096385542169,0.8245481927710844,0.027861445783132543,0.6336216455976935,0.6484472914635845,-0.014825645865890968,0.3986013986013986,0.3382352941176471,0.060366104483751515,0.3413173652694611,0.41317365269461076,-0.07185628742514966,0.36774193548387096,0.3719676549865229,-0.004225719502651937,0.7735124067111256,0.7067415556483932,0.0667708510627324,0.3864464632234789,0.335956413692274,0.050490049531204895
Logistic Regression,all_predictors,0.5,28,1771908144521141182,0.848644578313253,0.7725903614457831,0.07605421686746994,0.6827353045846292,0.6443650167365528,0.03837028784807639,0.4095744680851064,0.2696245733788396,0.1399498947062668,0.46107784431137727,0.47305389221556887,-0.0119760479041916,0.43380281690140843,0.34347826086956523,0.0903245560318432,0.802286899070077,0.7269749905873009,0.07531190848277614,0.3884203679084427,0.3170813326761623,0.07133903523228041
Random Forest,all_predictors,0.5,28,1771908144521141182,0.8524096385542169,0.8403614457831325,0.012048192771084376,0.6336216455976935,0.6754346603949724,-0.041813014797278836,0.3986013986013986,0.38578680203045684,0.01281459657094175,0.3413173652694611,0.4550898203592814,-0.11377245508982031,0.36774193548387096,0.4175824175824176,-0.049840482098546635,0.7735124067111256,0.7436599668879296,0.029852439823196075,0.3864464632234789,0.3874729417918149,-0.0010264785683359867
Logistic Regression,all_predictors,0.5,29,8520665870793097983,0.848644578313253,0.7650602409638554,0.08358433734939763,0.6827353045846292,0.6554384770510658,0.027296827533563328,0.4095744680851064,0.2698412698412698,0.13973319824383656,0.46107784431137727,0.5089820359281437,-0.047904191616766456,0.43380281690140843,0.35269709543568467,0.08110572146572376,0.802286899070077,0.722477525569017,0.07980937350105999,0.3884203679084427,0.3041146194422001,0.08430574846624261
Random Forest,all_predictors,0.5,29,8520665870793097983,0.8524096385542169,0.8155120481927711,0.0368975903614458,0.6336216455976935,0.6381526352978797,-0.004530989700186172,0.3986013986013986,0.3160377358490566,0.082563662752342,0.3413173652694611,0.40119760479041916,-0.059880239520958056,0.36774193548387096,0.35356200527704484,0.014179930206826119,0.7735124067111256,0.7332776307849418,0.04023477592618385,0.3864464632234789,0.36558315514172646,0.020863308081752463
Logistic Regression,all_predictors,1.0,0,3101726721246821038,0.848644578313253,0.6641566265060241,0.18448795180722888,0.6827353045846292,0.5849128616152708,0.09782244296935838,0.4095744680851064,0.18223234624145787,0.22734212184364852,0.46107784431137727,0.47904191616766467,-0.0179640718562874,0.43380281690140843,0.264026402640264,0.16977641426114443,0.802286899070077,0.6420079737166494,0.16027892535342758,0.3884203679084427,0.2271248470241364,0.1612955208843063
Random Forest,all_predictors,1.0,0,3101726721246821038,0.8524096385542169,0.7221385542168675,0.13027108433734946,0.6336216455976935,0.6206372784147467,0.012984367182946821,0.3986013986013986,0.22252747252747251,0.17607392607392608,0.3413173652694611,0.48502994011976047,-0.14371257485029937,0.36774193548387096,0.3050847457627119,0.06265718972115908,0.7735124067111256,0.680906920010109,0.09260548670101665,0.3864464632234789,0.277342643709192,0.10910381951428694
Logistic Regression,all_predictors,1.0,1,12652228937576299222,0.848644578313253,0.6739457831325302,0.17469879518072284,0.6827353045846292,0.5905114834929623,0.09222382109166682,0.4095744680851064,0.18779342723004694,0.22178104085505945,0.46107784431137727,0.47904191616766467,-0.0179640718562874,0.43380281690140843,0.26981450252951095,0.16398831437189748,0.802286899070077,0.6473873957511334,0.15489950331894364,0.3884203679084427,0.22546507178829822,0.16295529612014448
Random Forest,all_predictors,1.0,1,12652228937576299222,0.8524096385542169,0.7341867469879518,0.11822289156626509,0.6336216455976935,0.6326545874658951,0.0009670581317984261,0.3986013986013986,0.23579545454545456,0.16280594405594404,0.3413173652694611,0.49700598802395207,-0.15568862275449097,0.36774193548387096,0.3198458574181118,0.047896078065759184,0.7735124067111256,0.6614832350802271,0.11202917163089854,0.3864464632234789,0.26912441999423814,0.11732204322924078
Logistic Regression,all_predictors,1.0,2,13783843551119666066,0.848644578313253,0.661144578313253,0.1875,0.6827353045846292,0.6267671375595063,0.05596816702512286,0.4095744680851064,0.20335429769392033,0.20622017039118606,0.46107784431137727,0.5808383233532934,-0.11976047904191617,0.43380281690140843,0.30124223602484473,0.1325605808765637,0.802286899070077,0.6713033880559295,0.1309835110141475,0.3884203679084427,0.23872609448001644,0.14969427342842626
Random Forest,all_predictors,1.0,2,13783843551119666066,0.8524096385542169,0.7243975903614458,0.12801204819277112,0.6336216455976935,0.6270559655882034,0.0065656800094900936,0.3986013986013986,0.2273972602739726,0.17120413832742598,0.3413173652694611,0.49700598802395207,-0.15568862275449097,0.36774193548387096,0.31203007518796994,0.05571186029590103,0.7735124067111256,0.6800765394276047,0.09343586728352093,0.3864464632234789,0.30301352028701267,0.08343294293646625
Logistic Regression,all_predictors,1.0,3,5446162604345720810,0.848644578313253,0.677710843373494,0.17093373493975905,0.6827353045846292,0.6259883334106979,0.05674697117393124,0.4095744680851064,0.2080536912751678,0.2015207768099386,0.46107784431137727,0.5568862275449101,-0.09580838323353286,0.43380281690140843,0.30293159609120524,0.1308712208102032,0.802286899070077,0.6667698195340584,0.13551707953601855,0.3884203679084427,0.247005638633219,0.1414147292752237
Random Forest,all_predictors,1.0,3,5446162604345720810,0.8524096385542169,0.7153614457831325,0.13704819277108438,0.6336216455976935,0.6372680994599947,-0.0036464538623012244,0.3986013986013986,0.22879177377892032,0.16980962482247827,0.3413173652694611,0.5329341317365269,-0.19161676646706582,0.36774193548387096,0.32014388489208634,0.047598050591784624,0.7735124067111256,0.6919649073945133,0.08154749931661232,0.3864464632234789,0.29203065732555183,0.09441580589792709
Logistic Regression,all_predictors,1.0,4,15148138800309964269,0.848644578313253,0.6506024096385542,0.19804216867469882,0.6827353045846292,0.5976677136682707,0.08506759091635852,0.4095744680851064,0.18604651162790697,0.22352795645719942,0.46107784431137727,0.5269461077844312,-0.06586826347305391,0.43380281690140843,0.275,0.1588028169014084,0.802286899070077,0.6418841902757791,0.16040270879429785,0.3884203679084427,0.21712914283418575,0.17129122507425695
Random Forest,all_predictors,1.0,4,15148138800309964269,0.8524096385542169,0.7281626506024096,0.12424698795180733,0.6336216455976935,0.6394626767137559,-0.0058410311160623785,0.3986013986013986,0.23641304347826086,0.16218835512313773,0.3413173652694611,0.5209580838323353,-0.17964071856287422,0.36774193548387096,0.3252336448598131,0.042508290624057865,0.7735124067111256,0.6985563756208513,0.07495603109027438,0.3864464632234789,0.2799076114993288,0.10653885172415012
Logistic Regression,all_predictors,1.0,5,12215704266824033252,0.848644578313253,0.6460843373493976,0.2025602409638554,0.6827353045846292,0.5720135955479222,0.11072170903670697,0.4095744680851064,0.17136659436008678,0.23820787372501961,0.46107784431137727,0.47305389221556887,-0.0119760479041916,0.43380281690140843,0.2515923566878981,0.18221046021351034,0.802286899070077,0.6300525563859362,0.17223434268414084,0.3884203679084427,0.2044946312726259,0.1839257366358168
Random Forest,all_predictors,1.0,5,12215704266824033252,0.8524096385542169,0.7221385542168675,0.13027108433734946,0.6336216455976935,0.6232006271694337,0.01042101842825982,0.3986013986013986,0.22404371584699453,0.17455768275440406,0.3413173652694611,0.49101796407185627,-0.14970059880239517,0.36774193548387096,0.3076923076923077,0.060049627791563254,0.7735124067111256,0.6752180393734494,0.09829436733767627,0.3864464632234789,0.26973577570323803,0.11671068752024089
Logistic Regression,all_predictors,1.0,6,12520781163402848354,0.848644578313253,0.6573795180722891,0.1912650602409639,0.6827353045846292,0.5887269388870837,0.09400836569754545,0.4095744680851064,0.1828193832599119,0.2267550848251945,0.46107784431137727,0.49700598802395207,-0.0359281437125748,0.43380281690140843,0.2673107890499195,0.16649202785148892,0.802286899070077,0.6364480341642296,0.16583886490584743,0.3884203679084427,0.24131838497508515,0.14710198293335755
Random Forest,all_predictors,1.0,6,12520781163402848354,0.8524096385542169,0.7168674698795181,0.13554216867469882,0.6336216455976935,0.6099325896011594,0.023689055996534147,0.3986013986013986,0.2136986301369863,0.18490276846441228,0.3413173652694611,0.46706586826347307,-0.12574850299401197,0.36774193548387096,0.2932330827067669,0.07450885277710406,0.7735124067111256,0.6592963942915203,0.11421601241960533,0.3864464632234789,0.26125083531189136,0.12519562791158756
Logistic Regression,all_predictors,1.0,7,14056434106787028171,0.848644578313253,0.6626506024096386,0.18599397590361444,0.6827353045846292,0.609685022719419,0.07305028186521012,0.4095744680851064,0.19522776572668113,0.21434670235842526,0.46107784431137727,0.5389221556886228,-0.07784431137724551,0.43380281690140843,0.28662420382165604,0.14717861307975239,0.802286899070077,0.6299751917353922,0.17231170733468482,0.3884203679084427,0.20786047493973367,0.18055989296870903
Random Forest,all_predictors,1.0,7,14056434106787028171,0.8524096385542169,0.7259036144578314,0.12650602409638556,0.6336216455976935,0.6304806407856123,0.0031410048120812384,0.3986013986013986,0.23013698630136986,0.16846441230002873,0.3413173652694611,0.5029940119760479,-0.16167664670658677,0.36774193548387096,0.3157894736842105,0.051952461799660454,0.7735124067111256,0.6846358961663237,0.08887651054480195,0.3864464632234789,0.23958355200971107,0.14686291121376785
Logistic Regression,all_predictors,1.0,8,9096431803898822741,0.848644578313253,0.6453313253012049,0.20331325301204817,0.6827353045846292,0.5818363273453093,0.10089897723931984,0.4095744680851064,0.17659574468085107,0.23297872340425532,0.46107784431137727,0.49700598802395207,-0.0359281437125748,0.43380281690140843,0.260596546310832,0.17320627059057642,0.802286899070077,0.6222851454713313,0.1800017535987457,0.3884203679084427,0.19513971620767365,0.19328065170076905
Random Forest,all_predictors,1.0,8,9096431803898822741,0.8524096385542169,0.723644578313253,0.1287650602409639,0.6336216455976935,0.6189352561027814,0.014686389494912078,0.3986013986013986,0.2222222222222222,0.17637917637917638,0.3413173652694611,0.47904191616766467,-0.13772455089820357,0.36774193548387096,0.3036053130929791,0.06413662239089185,0.7735124067111256,0.6721079804215857,0.10140442628953994,0.3864464632234789,0.2663857288557442,0.12006073436773473
Logistic Regression,all_predictors,1.0,9,5249558605716571225,0.848644578313253,0.6521084337349398,0.19653614457831325,0.6827353045846292,0.5985290401109925,0.08420626447363666,0.4095744680851064,0.18683651804670912,0.22273795003839728,0.46107784431137727,0.5269461077844312,-0.06586826347305391,0.43380281690140843,0.27586206896551724,0.1579407479358912,0.802286899070077,0.6237344432581865,0.1785524558118905,0.3884203679084427,0.2257021681865321,0.1627181997219106
Random Forest,all_predictors,1.0,9,5249558605716571225,0.8524096385542169,0.7100903614457831,0.14231927710843384,0.6336216455976935,0.6214367131370334,0.012184932460660103,0.3986013986013986,0.21761658031088082,0.18098481829051777,0.3413173652694611,0.5029940119760479,-0.16167664670658677,0.36774193548387096,0.3037974683544304,0.06394446712944057,0.7735124067111256,0.6733716030471357,0.10014080366398992,0.3864464632234789,0.2697307408565339,0.116715722366945
Logistic Regression,all_predictors,1.0,10,15019489505727739454,0.848644578313253,0.6536144578313253,0.1950301204819277,0.6827353045846292,0.5814469252709052,0.10128837931372392,0.4095744680851064,0.17802197802197803,0.23155249006312836,0.46107784431137727,0.48502994011976047,-0.0239520958083832,0.43380281690140843,0.2604501607717042,0.17335265612970424,0.802286899070077,0.6208461629712152,0.1814407360988618,0.3884203679084427,0.19756904569414607,0.19085132221429663
Random Forest,all_predictors,1.0,10,15019489505727739454,0.8524096385542169,0.7356927710843374,0.11671686746987953,0.6336216455976935,0.6386426114179908,-0.005020965820297318,0.3986013986013986,0.2401129943502825,0.1584884042511161,0.3413173652694611,0.5089820359281437,-0.16766467065868262,0.36774193548387096,0.32629558541266795,0.04144635007120301,0.7735124067111256,0.666094168252642,0.10741823845848364,0.3864464632234789,0.2701595185492735,0.11628694467420542
Logistic Regression,all_predictors,1.0,11,3566113339286880366,0.848644578313253,0.6671686746987951,0.18147590361445787,0.6827353045846292,0.6148323508022714,0.06790295378235778,0.4095744680851064,0.19912472647702406,0.21044974160808233,0.46107784431137727,0.5449101796407185,-0.08383233532934126,0.43380281690140843,0.2916666666666667,0.14213615023474174,0.802286899070077,0.6527668177856174,0.1495200812844596,0.3884203679084427,0.24033492135185816,0.14808544655658454
Random Forest,all_predictors,1.0,11,3566113339286880366,0.8524096385542169,0.723644578313253,0.1287650602409639,0.6336216455976935,0.6317519998762166,0.0018696457214769646,0.3986013986013986,0.22972972972972974,0.16887166887166885,0.3413173652694611,0.5089820359281437,-0.16766467065868262,0.36774193548387096,0.3165735567970205,0.05116837868685048,0.7735124067111256,0.6747280632533383,0.0987843434577873,0.3864464632234789,0.2691468242564471,0.11729963896703183
Logistic Regression,all_predictors,1.0,12,15391551645041084329,0.848644578313253,0.6588855421686747,0.18975903614457834,0.6827353045846292,0.5998416603485535,0.0828936442360757,0.4095744680851064,0.1891304347826087,0.2204440333024977,0.46107784431137727,0.5209580838323353,-0.059880239520958056,0.43380281690140843,0.27751196172248804,0.15629085517892038,0.802286899070077,0.651384569362567,0.15090232970751005,0.3884203679084427,0.2165064636631329,0.1719139042453098
Random Forest,all_predictors,1.0,12,15391551645041084329,0.8524096385542169,0.7153614457831325,0.13704819277108438,0.6336216455976935,0.6270147044412467,0.006606941156446777,0.3986013986013986,0.2230971128608924,0.1755042857405062,0.3413173652694611,0.5089820359281437,-0.16766467065868262,0.36774193548387096,0.3102189781021898,0.05752295738168117,0.7735124067111256,0.6870084121163358,0.08650399459478986,0.3864464632234789,0.243911696060431,0.14253476716304792
Logistic Regression,all_predictors,1.0,13,15475738053953719320,0.848644578313253,0.6603915662650602,0.18825301204819278,0.6827353045846292,0.6186464280740844,0.06408887651054473,0.4095744680851064,0.19915254237288135,0.21042192571222504,0.46107784431137727,0.562874251497006,-0.10179640718562871,0.43380281690140843,0.2942097026604069,0.13959311424100151,0.802286899070077,0.6634225089871936,0.13886439008288343,0.3884203679084427,0.22650915296078922,0.16191121494765348
Random Forest,all_predictors,1.0,13,15475738053953719320,0.8524096385542169,0.7085843373493976,0.1438253012048193,0.6336216455976935,0.6180120379396247,0.015609607658068847,0.3986013986013986,0.21502590673575128,0.1835754918656473,0.3413173652694611,0.49700598802395207,-0.15568862275449097,0.36774193548387096,0.30018083182640143,0.06756110365746953,0.7735124067111256,0.6889683165967806,0.08454409011434505,0.3864464632234789,0.2668225853678895,0.11962387785558942
Logistic Regression,all_predictors,1.0,14,9270139266225306956,0.848644578313253,0.6694277108433735,0.17921686746987953,0.6827353045846292,0.572547411636675,0.11018789294795417,0.4095744680851064,0.1761904761904762,0.2333839918946302,0.46107784431137727,0.4431137724550898,0.017964071856287456,0.43380281690140843,0.252129471890971,0.18167334501043741,0.802286899070077,0.6213464543780656,0.18094044469201143,0.3884203679084427,0.22217109390365733,0.16624927400478537
Random Forest,all_predictors,1.0,14,9270139266225306956,0.8524096385542169,0.7206325301204819,0.13177710843373502,0.6336216455976935,0.622339300726712,0.011282344870981564,0.3986013986013986,0.22282608695652173,0.17577531164487686,0.3413173652694611,0.49101796407185627,-0.14970059880239517,0.36774193548387096,0.30654205607476637,0.061199879409104596,0.7735124067111256,0.6621692016483828,0.11134320506274287,0.3864464632234789,0.26587290789454693,0.12057355532893199
Logistic Regression,all_predictors,1.0,15,16134583267676920366,0.848644578313253,0.6362951807228916,0.21234939759036142,0.6827353045846292,0.5612882761608566,0.12144702842377253,0.4095744680851064,0.16382978723404254,0.24574468085106385,0.46107784431137727,0.46107784431137727,0.0,0.43380281690140843,0.24175824175824176,0.19204457514316667,0.802286899070077,0.6074723937138643,0.1948145053562127,0.3884203679084427,0.20553471683631055,0.18288565107213214
Random Forest,all_predictors,1.0,15,16134583267676920366,0.8524096385542169,0.6897590361445783,0.16265060240963858,0.6336216455976935,0.5790486211040451,0.054573024493648425,0.3986013986013986,0.18508997429305912,0.21351142430833947,0.3413173652694611,0.4311377245508982,-0.08982035928143711,0.36774193548387096,0.2589928057553957,0.10874912972847528,0.7735124067111256,0.6258851805433061,0.14762722616781954,0.3864464632234789,0.22441100382281082,0.1620354594006681
Logistic Regression,all_predictors,1.0,16,16567675487455771455,0.848644578313253,0.6656626506024096,0.18298192771084343,0.6827353045846292,0.5780841417939315,0.10465116279069764,0.4095744680851064,0.17865429234338748,0.2309201757417189,0.46107784431137727,0.46107784431137727,0.0,0.43380281690140843,0.25752508361204013,0.1762777332893683,0.802286899070077,0.6311253462068112,0.17116155286326584,0.3884203679084427,0.23967372220636174,0.14874664570208096
Random Forest,all_predictors,1.0,16,16567675487455771455,0.8524096385542169,0.7326807228915663,0.11972891566265065,0.6336216455976935,0.6266665635137992,0.006955082083894282,0.3986013986013986,0.23142857142857143,0.16717282717282717,0.3413173652694611,0.48502994011976047,-0.14371257485029937,0.36774193548387096,0.31334622823984526,0.054395707244025704,0.7735124067111256,0.67836935947227,0.0951430472388557,0.3864464632234789,0.3133025672342172,0.07314389598926174
Logistic Regression,all_predictors,1.0,17,12413974106431267480,0.848644578313253,0.6762048192771084,0.1724397590361446,0.6827353045846292,0.6071835656851672,0.07555173889946198,0.4095744680851064,0.19770114942528735,0.21187331865981904,0.46107784431137727,0.5149700598802395,-0.0538922155688622,0.43380281690140843,0.2857142857142857,0.14808853118712273,0.802286899070077,0.6643508847937201,0.13793601427635693,0.3884203679084427,0.21397468461299976,0.17444568329544294
Random Forest,all_predictors,1.0,17,12413974106431267480,0.8524096385542169,0.7492469879518072,0.1031626506024097,0.6336216455976935,0.636141154383739,-0.0025195087860454546,0.3986013986013986,0.24695121951219512,0.15165017908920347,0.3413173652694611,0.48502994011976047,-0.14371257485029937,0.36774193548387096,0.32727272727272727,0.04046920821114369,0.7735124067111256,0.6997477912392268,0.07376461547189883,0.3864464632234789,0.2701005991476386,0.1163458640758403
Logistic Regression,all_predictors,1.0,18,16317294028770344596,0.848644578313253,0.6490963855421686,0.19954819277108438,0.6827353045846292,0.5839896434521138,0.09874566113251537,0.4095744680851064,0.17849462365591398,0.2310798444291924,0.46107784431137727,0.49700598802395207,-0.0359281437125748,0.43380281690140843,0.2626582278481013,0.17114458905330715,0.802286899070077,0.6216971741271978,0.18058972494287917,0.3884203679084427,0.22546068216196288,0.16295968574647982
Random Forest,all_predictors,1.0,18,16317294028770344596,0.8524096385542169,0.7311746987951807,0.12123493975903621,0.6336216455976935,0.6411853295991996,-0.007563684001506088,0.3986013986013986,0.23901098901098902,0.15959040959040957,0.3413173652694611,0.5209580838323353,-0.17964071856287422,0.36774193548387096,0.327683615819209,0.040058319664661945,0.7735124067111256,0.6847493643204547,0.0887630423906709,0.3864464632234789,0.27676152397907333,0.10968493924440559
Logistic Regression,all_predictors,1.0,19,6556380014883210124,0.848644578313253,0.6528614457831325,0.19578313253012047,0.6827353045846292,0.5810162620495444,0.10171904253508479,0.4095744680851064,0.17763157894736842,0.23194288913773797,0.46107784431137727,0.48502994011976047,-0.0239520958083832,0.43380281690140843,0.26003210272873195,0.17377071417267648,0.802286899070077,0.615090232970751,0.18719666609932595,0.3884203679084427,0.1849630020670285,0.2034573658414142
Random Forest,all_predictors,1.0,19,6556380014883210124,0.8524096385542169,0.7213855421686747,0.13102409638554224,0.6336216455976935,0.6176432664386988,0.015978379158994693,0.3986013986013986,0.22038567493112948,0.1782157236702691,0.3413173652694611,0.47904191616766467,-0.13772455089820357,0.36774193548387096,0.3018867924528302,0.06585514303104079,0.7735124067111256,0.6593531283685857,0.11415927834253992,0.3864464632234789,0.24194215471648195,0.14450430850699697
Logistic Regression,all_predictors,1.0,20,13450811862351533126,0.848644578313253,0.6385542168674698,0.2100903614457832,0.6827353045846292,0.5677069633343133,0.11502834125031591,0.4095744680851064,0.16772823779193205,0.24184623029317434,0.46107784431137727,0.47305389221556887,-0.0119760479041916,0.43380281690140843,0.2476489028213166,0.18615391408009183,0.802286899070077,0.6098088061602892,0.1924780929097878,0.3884203679084427,0.208915753386323,0.1795046145221197
Random Forest,all_predictors,1.0,20,13450811862351533126,0.8524096385542169,0.6995481927710844,0.15286144578313254,0.6336216455976935,0.6102807305286069,0.023340915069086643,0.3986013986013986,0.20707070707070707,0.19153069153069152,0.3413173652694611,0.49101796407185627,-0.14970059880239517,0.36774193548387096,0.2912966252220249,0.07644531026184609,0.7735124067111256,0.6523129451690933,0.12119946154203232,0.3864464632234789,0.23561955329345835,0.15082690993002057
Logistic Regression,all_predictors,1.0,21,1967440692686926094,0.848644578313253,0.6528614457831325,0.19578313253012047,0.6827353045846292,0.5912696570682924,0.09146564751633679,0.4095744680851064,0.18318965517241378,0.2263848129126926,0.46107784431137727,0.5089820359281437,-0.047904191616766456,0.43380281690140843,0.2694136291600634,0.16438918774134503,0.802286899070077,0.6272158525326608,0.17507104653741623,0.3884203679084427,0.23038358906253875,0.15803677884590395
Random Forest,all_predictors,1.0,21,1967440692686926094,0.8524096385542169,0.7228915662650602,0.12951807228915668,0.6336216455976935,0.6236312903907946,0.009990355206898949,0.3986013986013986,0.22465753424657534,0.17394386435482326,0.3413173652694611,0.49101796407185627,-0.14970059880239517,0.36774193548387096,0.3082706766917293,0.05947125879214166,0.7735124067111256,0.661307875205661,0.11220453150546461,0.3864464632234789,0.27049517928791017,0.11595128393556875
Logistic Regression,all_predictors,1.0,22,11584437489538021239,0.848644578313253,0.6468373493975904,0.2018072289156626,0.6827353045846292,0.5519374687317871,0.1307978358528421,0.4095744680851064,0.15990990990990991,0.24966455817519648,0.46107784431137727,0.4251497005988024,0.035928143712574856,0.43380281690140843,0.23240589198036007,0.20139692492104835,0.802286899070077,0.6032482837941687,0.19903861527590827,0.3884203679084427,0.18779844412672397,0.20062192378171873
Random Forest,all_predictors,1.0,22,11584437489538021239,0.8524096385542169,0.7221385542168675,0.13027108433734946,0.6336216455976935,0.6026938371319377,0.030927808465755824,0.3986013986013986,0.21142857142857144,0.18717282717282716,0.3413173652694611,0.4431137724550898,-0.10179640718562871,0.36774193548387096,0.2862669245647969,0.08147501091907405,0.7735124067111256,0.6613697669260961,0.11214263978502959,0.3864464632234789,0.23922667846726775,0.14721978475621117
Logistic Regression,all_predictors,1.0,23,4175264967380471461,0.848644578313253,0.6859939759036144,0.16265060240963858,0.6827353045846292,0.6281622800909809,0.054573024493648314,0.4095744680851064,0.2119815668202765,0.1975929012648299,0.46107784431137727,0.5508982035928144,-0.08982035928143711,0.43380281690140843,0.30615640599001664,0.12764641091139178,0.802286899070077,0.6698901937726613,0.13239670529741565,0.3884203679084427,0.21658066977886886,0.17183969812957384
Random Forest,all_predictors,1.0,23,4175264967380471461,0.8524096385542169,0.7432228915662651,0.10918674698795183,0.6336216455976935,0.6224424535941038,0.011179192003589744,0.3986013986013986,0.2347560975609756,0.163845301040423,0.3413173652694611,0.46107784431137727,-0.11976047904191617,0.36774193548387096,0.3111111111111111,0.05663082437275985,0.7735124067111256,0.6695755775271163,0.10393682918400937,0.3864464632234789,0.26623962912126625,0.12020683410221267
Logistic Regression,all_predictors,1.0,24,18279509567395594174,0.848644578313253,0.6618975903614458,0.18674698795180722,0.6827353045846292,0.5861842207058751,0.09655108387875411,0.4095744680851064,0.18243243243243243,0.22714203565267396,0.46107784431137727,0.48502994011976047,-0.0239520958083832,0.43380281690140843,0.265139116202946,0.16866370069846243,0.802286899070077,0.6380778494690207,0.1642090496010563,0.3884203679084427,0.20566112811486076,0.18275923979358194
Random Forest,all_predictors,1.0,24,18279509567395594174,0.8524096385542169,0.7168674698795181,0.13554216867469882,0.6336216455976935,0.6073692408464725,0.026252404751221037,0.3986013986013986,0.21212121212121213,0.18648018648018647,0.3413173652694611,0.46107784431137727,-0.11976047904191617,0.36774193548387096,0.29056603773584905,0.07717589774802192,0.7735124067111256,0.6649543290679623,0.10855807764316339,0.3864464632234789,0.28641439502172283,0.10003206820175609
Logistic Regression,all_predictors,1.0,25,1709008341649515170,0.848644578313253,0.6731927710843374,0.17545180722891562,0.6827353045846292,0.5977708665356625,0.0849644380489667,0.4095744680851064,0.19168591224018475,0.21788855584492164,0.46107784431137727,0.49700598802395207,-0.0359281437125748,0.43380281690140843,0.27666666666666667,0.15713615023474176,0.802286899070077,0.6440555581343772,0.1582313409356998,0.3884203679084427,0.20342861365692785,0.18499175425151484
Random Forest,all_predictors,1.0,25,1709008341649515170,0.8524096385542169,0.723644578313253,0.1287650602409639,0.6336216455976935,0.6343153486309036,-0.0006937030332100358,0.3986013986013986,0.23118279569892472,0.16741860290247387,0.3413173652694611,0.5149700598802395,-0.17365269461077837,0.36774193548387096,0.31910946196660483,0.04863247351726613,0.7735124067111256,0.70766477381155,0.06584763289957563,0.3864464632234789,0.2537823963721125,0.13266406685136645
Logistic Regression,all_predictors,1.0,26,15318113929980637286,0.848644578313253,0.6566265060240963,0.19201807228915668,0.6827353045846292,0.5908596244204098,0.09187568016421932,0.4095744680851064,0.1838074398249453,0.2257670282601611,0.46107784431137727,0.5029940119760479,-0.0419161676646706,0.43380281690140843,0.2692307692307692,0.1645720476706392,0.802286899070077,0.6285001057316891,0.17378679333838787,0.3884203679084427,0.24711074415809114,0.14130962375035155
Random Forest,all_predictors,1.0,26,15318113929980637286,0.8524096385542169,0.7281626506024096,0.12424698795180733,0.6336216455976935,0.6189558866762599,0.014665758921433625,0.3986013986013986,0.22443181818181818,0.17416958041958042,0.3413173652694611,0.47305389221556887,-0.13173652694610777,0.36774193548387096,0.3044315992292871,0.06331033625458388,0.7735124067111256,0.6573416474544451,0.11617075925668052,0.3864464632234789,0.26686525179146725,0.11958121143201167
Logistic Regression,all_predictors,1.0,27,17253650192736318885,0.848644578313253,0.6551204819277109,0.19352409638554213,0.6827353045846292,0.574618205449566,0.10811709913506318,0.4095744680851064,0.174496644295302,0.23507782378980438,0.46107784431137727,0.46706586826347307,-0.0059880239520958,0.43380281690140843,0.254071661237785,0.1797311556636234,0.802286899070077,0.6230794225502484,0.1792074765198286,0.3884203679084427,0.19850432388076789,0.1899160440276748
Random Forest,all_predictors,1.0,27,17253650192736318885,0.8524096385542169,0.7213855421686747,0.13102409638554224,0.6336216455976935,0.6253333127027598,0.008288332894933692,0.3986013986013986,0.22493224932249323,0.17366914927890537,0.3413173652694611,0.49700598802395207,-0.15568862275449097,0.36774193548387096,0.30970149253731344,0.058040442946557524,0.7735124067111256,0.6773687766585691,0.09614363005255655,0.3864464632234789,0.26002007017949746,0.12642639304398146
Logistic Regression,all_predictors,1.0,28,8397681615361196142,0.848644578313253,0.6679216867469879,0.1807228915662651,0.6827353045846292,0.6126996652689454,0.0700356393156838,0.4095744680851064,0.19823788546255505,0.21133658262255134,0.46107784431137727,0.5389221556886228,-0.07784431137724551,0.43380281690140843,0.2898550724637681,0.1439477444376403,0.802286899070077,0.6577387859939037,0.14454811307617332,0.3884203679084427,0.22658469510063323,0.16183567280780947
Random Forest,all_predictors,1.0,28,8397681615361196142,0.8524096385542169,0.7364457831325302,0.11596385542168675,0.6336216455976935,0.6518900184127868,-0.018268372815093303,0.3986013986013986,0.24793388429752067,0.15066751430387793,0.3413173652694611,0.5389221556886228,-0.19760479041916168,0.36774193548387096,0.33962264150943394,0.02811929397443702,0.7735124067111256,0.6828874550640321,0.0906249516470935,0.3864464632234789,0.28833047640664594,0.09811598681683298
Logistic Regression,all_predictors,1.0,29,9966001450974824337,0.848644578313253,0.6573795180722891,0.1912650602409639,0.6827353045846292,0.6194871239433278,0.06324818064130133,0.4095744680851064,0.19874476987447698,0.2108296982106294,0.46107784431137727,0.5688622754491018,-0.10778443113772457,0.43380281690140843,0.29457364341085274,0.1392291734905557,0.802286899070077,0.6555932063521536,0.14669369271792343,0.3884203679084427,0.22531784493449092,0.16310252297395178
Random Forest,all_predictors,1.0,29,9966001450974824337,0.8524096385542169,0.7168674698795181,0.13554216867469882,0.6336216455976935,0.6227493333745945,0.010872312223099034,0.3986013986013986,0.22133333333333333,0.17726806526806527,0.3413173652694611,0.49700598802395207,-0.15568862275449097,0.36774193548387096,0.3062730627306273,0.06146887275324364,0.7735124067111256,0.6750117336386658,0.0985006730724598,0.3864464632234789,0.2886795687202013,0.09776689450327763
