model,feature_group,noise_intensity,seed,dataset_signature,clean_accuracy,noisy_accuracy,accuracy_degradation,clean_balanced_accuracy,noisy_balanced_accuracy,balanced_accuracy_degradation,clean_precision,noisy_precision,precision_degradation,clean_recall,noisy_recall,recall_degradation,clean_f1_score,noisy_f1_score,f1_score_degradation,clean_roc_auc,noisy_roc_auc,roc_auc_degradation,clean_average_precision,noisy_average_precision,average_precision_degradation
Logistic Regression,returns,0.05,0,17331019520222080363,0.8177710843373494,0.8177710843373494,0.0,0.6871576384662204,0.6871576384662204,0.0,0.4375,0.4375,0.0,0.49528301886792453,0.49528301886792453,0.0,0.4646017699115044,0.4646017699115044,0.0,0.7659768715763846,0.7659472847771691,2.958679921549745e-05,0.41398774616347356,0.41362627912868655,0.0003614670347870108
Random Forest,returns,0.05,0,17331019520222080363,0.8358433734939759,0.8343373493975904,0.0015060240963854499,0.640596469872185,0.6416108744167174,-0.001014404544532388,0.4807692307692308,0.475,0.005769230769230804,0.35377358490566035,0.3584905660377358,-0.004716981132075471,0.4076086956521739,0.40860215053763443,-0.000993454885460543,0.7367789274362615,0.7381568269425848,-0.0013778995063232768,0.41951651268075923,0.4188953346169941,0.0006211780637651598
Logistic Regression,returns,0.05,1,2445353019873496998,0.8177710843373494,0.8177710843373494,0.0,0.6871576384662204,0.6890681003584229,-0.001910461892202564,0.4375,0.4380165289256198,-0.0005165289256198191,0.49528301886792453,0.5,-0.004716981132075471,0.4646017699115044,0.4669603524229075,-0.0023585825114030845,0.7659768715763846,0.7662051125989044,-0.00022824102251983724,0.41398774616347356,0.41442516112189304,-0.00043741495841947975
Random Forest,returns,0.05,1,2445353019873496998,0.8358433734939759,0.8350903614457831,0.0007530120481927804,0.640596469872185,0.6420589030905525,-0.001462433218367476,0.4807692307692308,0.4779874213836478,0.0027818093855829784,0.35377358490566035,0.3584905660377358,-0.004716981132075471,0.4076086956521739,0.40970350404312667,-0.0020948083909527737,0.7367789274362615,0.7366225400689795,0.00015638736728196267,0.41951651268075923,0.4195111509666087,5.3617141505535315e-06
Logistic Regression,returns,0.05,2,13832455177947275663,0.8177710843373494,0.8177710843373494,0.0,0.6871576384662204,0.6871576384662204,0.0,0.4375,0.4375,0.0,0.49528301886792453,0.49528301886792453,0.0,0.4646017699115044,0.4646017699115044,0.0,0.7659768715763846,0.7655457496449584,0.0004311219314262482,0.41398774616347356,0.4133830995245542,0.0006046466389193483
Random Forest,returns,0.05,2,13832455177947275663,0.8358433734939759,0.8373493975903614,-0.001506024096385561,0.640596469872185,0.6453134510042604,-0.004716981132075415,0.4807692307692308,0.4873417721518987,-0.00657254138266794,0.35377358490566035,0.3632075471698113,-0.009433962264150941,0.4076086956521739,0.41621621621621624,-0.008607520564042348,0.7367789274362615,0.7337991140866977,0.0029798133495637646,0.41951651268075923,0.4174936243025542,0.0020228883782050233
Logistic Regression,returns,0.05,3,4077721513751792495,0.8177710843373494,0.8192771084337349,-0.001506024096385561,0.6871576384662204,0.6918746195982959,-0.004716981132075526,0.4375,0.44214876033057854,-0.0046487603305785385,0.49528301886792453,0.5047169811320755,-0.009433962264150997,0.4646017699115044,0.4713656387665198,-0.006763868855015398,0.7659768715763846,0.7661966592277,-0.00021978765131536182,0.41398774616347356,0.41405296400005176,-6.52178365782019e-05
Random Forest,returns,0.05,3,4077721513751792495,0.8358433734939759,0.8381024096385542,-0.0022590361445783413,0.640596469872185,0.6476719415702982,-0.007075471698113178,0.4807692307692308,0.49056603773584906,-0.009796806966618277,0.35377358490566035,0.36792452830188677,-0.014150943396226412,0.4076086956521739,0.42048517520215634,-0.012876479549982445,0.7367789274362615,0.7361491512815311,0.000629776154730366,0.41951651268075923,0.41781090640204377,0.0017056062787154658
Logistic Regression,returns,0.05,4,18377094162823869263,0.8177710843373494,0.8185240963855421,-0.0007530120481927804,0.6871576384662204,0.6876056671400554,-0.00044802867383508804,0.4375,0.4393305439330544,-0.0018305439330543738,0.49528301886792453,0.49528301886792453,0.0,0.4646017699115044,0.4656319290465632,-0.0010301591350587724,0.7659768715763846,0.7666362345303307,-0.0006593629539460855,0.41398774616347356,0.41362279235825916,0.00036495380521439635
Random Forest,returns,0.05,4,18377094162823869263,0.8358433734939759,0.8350903614457831,0.0007530120481927804,0.640596469872185,0.6439693649827551,-0.003372895110570151,0.4807692307692308,0.4782608695652174,0.0025083612040133763,0.35377358490566035,0.3632075471698113,-0.009433962264150941,0.4076086956521739,0.4128686327077748,-0.005259937055600905,0.7367789274362615,0.736440792588084,0.00033813484817746264,0.41951651268075923,0.4196296052415209,-0.00011309256076164065
Logistic Regression,returns,0.05,5,8264649647756461580,0.8177710843373494,0.8185240963855421,-0.0007530120481927804,0.6871576384662204,0.689516129032258,-0.002358490566037652,0.4375,0.43983402489626555,-0.002334024896265552,0.49528301886792453,0.5,-0.004716981132075471,0.4646017699115044,0.46799116997792495,-0.0033894000664205226,0.7659768715763846,0.7658627510651248,0.0001141205112598076,0.41398774616347356,0.41407033126001846,-8.258509654490709e-05
Random Forest,returns,0.05,5,8264649647756461580,0.8358433734939759,0.8358433734939759,0.0,0.640596469872185,0.6444173936565902,-0.003820923784405239,0.4807692307692308,0.48125,-0.00048076923076922906,0.35377358490566035,0.3632075471698113,-0.009433962264150941,0.4076086956521739,0.41397849462365593,-0.0063697989714820435,0.7367789274362615,0.7365591397849462,0.0002197876513152508,0.41951651268075923,0.419236013682991,0.0002804989977682193
Logistic Regression,returns,0.05,6,15028845069679040411,0.8177710843373494,0.8170180722891566,0.0007530120481927804,0.6871576384662204,0.6847991479001826,0.002358490566037763,0.4375,0.4351464435146444,0.0023535564853556235,0.49528301886792453,0.49056603773584906,0.004716981132075471,0.4646017699115044,0.4611973392461197,0.0034044306653847056,0.7659768715763846,0.7657613106106715,0.0002155609657130686,0.41398774616347356,0.41329514551407354,0.0006926006494000214
Random Forest,returns,0.05,6,15028845069679040411,0.8358433734939759,0.8373493975903614,-0.001506024096385561,0.640596469872185,0.6472239128964631,-0.00662744302427809,0.4807692307692308,0.4875,-0.006730769230769207,0.35377358490566035,0.36792452830188677,-0.014150943396226412,0.4076086956521739,0.41935483870967744,-0.011746143057503544,0.7367789274362615,0.7356884425508894,0.0010904848853721116,0.41951651268075923,0.41961777799598987,-0.00010126531523063642
Logistic Regression,returns,0.05,7,17514109170717328377,0.8177710843373494,0.8185240963855421,-0.0007530120481927804,0.6871576384662204,0.6876056671400554,-0.00044802867383508804,0.4375,0.4393305439330544,-0.0018305439330543738,0.49528301886792453,0.49528301886792453,0.0,0.4646017699115044,0.4656319290465632,-0.0010301591350587724,0.7659768715763846,0.7653217353080408,0.0006551362683437922,0.41398774616347356,0.4124778079349612,0.0015099382285123641
Random Forest,returns,0.05,7,17514109170717328377,0.8358433734939759,0.8365963855421686,-0.0007530120481927804,0.640596469872185,0.646775884222628,-0.006179414350443002,0.4807692307692308,0.484472049689441,-0.003702818920210238,0.35377358490566035,0.36792452830188677,-0.014150943396226412,0.4076086956521739,0.41823056300268097,-0.010621867350507075,0.7367789274362615,0.7358617366605802,0.0009171907756813091,0.41951651268075923,0.41816947078588534,0.0013470418948738905
Logistic Regression,returns,0.05,8,1349161946603608900,0.8177710843373494,0.8207831325301205,-0.003012048192771122,0.6871576384662204,0.6927706769459661,-0.005613038479745702,0.4375,0.44583333333333336,-0.00833333333333336,0.49528301886792453,0.5047169811320755,-0.009433962264150997,0.4646017699115044,0.47345132743362833,-0.008849557522123908,0.7659768715763846,0.7666531412727395,-0.0006762696963549253,0.41398774616347356,0.4138097638757827,0.00017798228769083657
Random Forest,returns,0.05,8,1349161946603608900,0.8358433734939759,0.8381024096385542,-0.0022590361445783413,0.640596469872185,0.6457614796780956,-0.005165009805910614,0.4807692307692308,0.49044585987261147,-0.009676629103380685,0.35377358490566035,0.3632075471698113,-0.009433962264150941,0.4076086956521739,0.4173441734417344,-0.00973547778956052,0.7367789274362615,0.7373157165077433,-0.0005367890714818024,0.41951651268075923,0.4192435514513613,0.0002729612293979611
Logistic Regression,returns,0.05,9,10390158582389428865,0.8177710843373494,0.8177710843373494,0.0,0.6871576384662204,0.6871576384662204,0.0,0.4375,0.4375,0.0,0.49528301886792453,0.49528301886792453,0.0,0.4646017699115044,0.4646017699115044,0.0,0.7659768715763846,0.7662389260837222,-0.0002620545073376279,0.41398774616347356,0.41324194121926844,0.0007458049442051196
Random Forest,returns,0.05,9,10390158582389428865,0.8358433734939759,0.8365963855421686,-0.0007530120481927804,0.640596469872185,0.646775884222628,-0.006179414350443002,0.4807692307692308,0.484472049689441,-0.003702818920210238,0.35377358490566035,0.36792452830188677,-0.014150943396226412,0.4076086956521739,0.41823056300268097,-0.010621867350507075,0.7367789274362615,0.7347839318320146,0.001994995604246874,0.41951651268075923,0.41953574004899286,-1.9227368233620812e-05
Logistic Regression,returns,0.05,10,13079105244768053654,0.8177710843373494,0.8170180722891566,0.0007530120481927804,0.6871576384662204,0.6847991479001826,0.002358490566037763,0.4375,0.4351464435146444,0.0023535564853556235,0.49528301886792453,0.49056603773584906,0.004716981132075471,0.4646017699115044,0.4611973392461197,0.0034044306653847056,0.7659768715763846,0.7658458443227159,0.00013102725366875845,0.41398774616347356,0.4127206657361751,0.0012670804272984504
Random Forest,returns,0.05,10,13079105244768053654,0.8358433734939759,0.8365963855421686,-0.0007530120481927804,0.640596469872185,0.646775884222628,-0.006179414350443002,0.4807692307692308,0.484472049689441,-0.003702818920210238,0.35377358490566035,0.36792452830188677,-0.014150943396226412,0.4076086956521739,0.41823056300268097,-0.010621867350507075,0.7367789274362615,0.7376707580983295,-0.0008918306620679939,0.41951651268075923,0.42036267387684806,-0.0008461611960888238
Logistic Regression,returns,0.05,11,8835039200044419715,0.8177710843373494,0.8185240963855421,-0.0007530120481927804,0.6871576384662204,0.6876056671400554,-0.00044802867383508804,0.4375,0.4393305439330544,-0.0018305439330543738,0.49528301886792453,0.49528301886792453,0.0,0.4646017699115044,0.4656319290465632,-0.0010301591350587724,0.7659768715763846,0.76615861905728,-0.00018174748089538895,0.41398774616347356,0.41384761859483277,0.000140127568640791
Random Forest,returns,0.05,11,8835039200044419715,0.8358433734939759,0.8365963855421686,-0.0007530120481927804,0.640596469872185,0.646775884222628,-0.006179414350443002,0.4807692307692308,0.484472049689441,-0.003702818920210238,0.35377358490566035,0.36792452830188677,-0.014150943396226412,0.4076086956521739,0.41823056300268097,-0.010621867350507075,0.7367789274362615,0.7374974639886387,-0.0007185365523771914,0.41951651268075923,0.41905666301650035,0.0004598496642588823
Logistic Regression,returns,0.05,12,5447030371921959777,0.8177710843373494,0.8177710843373494,0.0,0.6871576384662204,0.6871576384662204,0.0,0.4375,0.4375,0.0,0.49528301886792453,0.49528301886792453,0.0,0.4646017699115044,0.4646017699115044,0.0,0.7659768715763846,0.7661501656860756,-0.00017329410969102454,0.41398774616347356,0.4141807665800489,-0.000193020416575318
Random Forest,returns,0.05,12,5447030371921959777,0.8358433734939759,0.8365963855421686,-0.0007530120481927804,0.640596469872185,0.6448654223304253,-0.004268952458240327,0.4807692307692308,0.48427672955974843,-0.003507498790517649,0.35377358490566035,0.3632075471698113,-0.009433962264150941,0.4076086956521739,0.41509433962264153,-0.007485643970467637,0.7367789274362615,0.736647900182593,0.0001310272536685364,0.41951651268075923,0.4192305071048564,0.000286005575902859
Logistic Regression,returns,0.05,13,15222829690421852727,0.8177710843373494,0.8185240963855421,-0.0007530120481927804,0.6871576384662204,0.6856952052478529,0.001462433218367476,0.4375,0.4388185654008439,-0.0013185654008439074,0.49528301886792453,0.49056603773584906,0.004716981132075471,0.4646017699115044,0.46325167037861914,0.001350099532885285,0.7659768715763846,0.7660402718604178,-6.34002840331771e-05,0.41398774616347356,0.41476916893791715,-0.0007814227744435964
Random Forest,returns,0.05,13,15222829690421852727,0.8358433734939759,0.8381024096385542,-0.0022590361445783413,0.640596469872185,0.6476719415702982,-0.007075471698113178,0.4807692307692308,0.49056603773584906,-0.009796806966618277,0.35377358490566035,0.36792452830188677,-0.014150943396226412,0.4076086956521739,0.42048517520215634,-0.012876479549982445,0.7367789274362615,0.7370029417731792,-0.00022401433691765504,0.41951651268075923,0.41837094625446475,0.0011455664262944865
Logistic Regression,returns,0.05,14,9218922684325693080,0.8177710843373494,0.8192771084337349,-0.001506024096385561,0.6871576384662204,0.6899641577060932,-0.002806519239872851,0.4375,0.44166666666666665,-0.004166666666666652,0.49528301886792453,0.5,-0.004716981132075471,0.4646017699115044,0.4690265486725664,-0.004424778761061954,0.7659768715763846,0.7656810035842293,0.00029586799215530757,0.41398774616347356,0.4131873011895742,0.0008004449738993613
Random Forest,returns,0.05,14,9218922684325693080,0.8358433734939759,0.8358433734939759,0.0,0.640596469872185,0.640596469872185,0.0,0.4807692307692308,0.4807692307692308,0.0,0.35377358490566035,0.35377358490566035,0.0,0.4076086956521739,0.4076086956521739,0.0,0.7367789274362615,0.7350586663961588,0.0017202610401026996,0.41951651268075923,0.4183363512292737,0.0011801614514855285
Logistic Regression,returns,0.05,15,9570399925778072774,0.8177710843373494,0.8170180722891566,0.0007530120481927804,0.6871576384662204,0.6847991479001826,0.002358490566037763,0.4375,0.4351464435146444,0.0023535564853556235,0.49528301886792453,0.49056603773584906,0.004716981132075471,0.4646017699115044,0.4611973392461197,0.0034044306653847056,0.7659768715763846,0.7657739906674782,0.00020288090890641097,0.41398774616347356,0.41379488818101695,0.0001928579824566068
Random Forest,returns,0.05,15,9570399925778072774,0.8358433734939759,0.8365963855421686,-0.0007530120481927804,0.640596469872185,0.646775884222628,-0.006179414350443002,0.4807692307692308,0.484472049689441,-0.003702818920210238,0.35377358490566035,0.36792452830188677,-0.014150943396226412,0.4076086956521739,0.41823056300268097,-0.010621867350507075,0.7367789274362615,0.7365253263001285,0.00025360113613304147,0.41951651268075923,0.42035608029646543,-0.0008395676157061938
Logistic Regression,returns,0.05,16,10110201374752310461,0.8177710843373494,0.8170180722891566,0.0007530120481927804,0.6871576384662204,0.6847991479001826,0.002358490566037763,0.4375,0.4351464435146444,0.0023535564853556235,0.49528301886792453,0.49056603773584906,0.004716981132075471,0.4646017699115044,0.4611973392461197,0.0034044306653847056,0.7659768715763846,0.7658035774666936,0.00017329410969102454,0.41398774616347356,0.4134302533799265,0.0005574927835470533
Random Forest,returns,0.05,16,10110201374752310461,0.8358433734939759,0.8381024096385542,-0.0022590361445783413,0.640596469872185,0.6476719415702982,-0.007075471698113178,0.4807692307692308,0.49056603773584906,-0.009796806966618277,0.35377358490566035,0.36792452830188677,-0.014150943396226412,0.4076086956521739,0.42048517520215634,-0.012876479549982445,0.7367789274362615,0.737814465408805,-0.001035537972543521,0.41951651268075923,0.4193690137898938,0.00014749889086546064
Logistic Regression,returns,0.05,17,8024679658586137970,0.8177710843373494,0.8170180722891566,0.0007530120481927804,0.6871576384662204,0.6847991479001826,0.002358490566037763,0.4375,0.4351464435146444,0.0023535564853556235,0.49528301886792453,0.49056603773584906,0.004716981132075471,0.4646017699115044,0.4611973392461197,0.0034044306653847056,0.7659768715763846,0.7655246162169473,0.00045225535943727024,0.41398774616347356,0.41308607240674544,0.0009016737567281163
Random Forest,returns,0.05,17,8024679658586137970,0.8358433734939759,0.8381024096385542,-0.0022590361445783413,0.640596469872185,0.6514928653547034,-0.010896395482518417,0.4807692307692308,0.49079754601226994,-0.010028315243039154,0.35377358490566035,0.37735849056603776,-0.02358490566037741,0.4076086956521739,0.4266666666666667,-0.019057971014492803,0.7367789274362615,0.7366859403530127,9.298708324878557e-05,0.41951651268075923,0.4188428321172599,0.0006736805634993126
Logistic Regression,returns,0.05,18,369348065426100832,0.8177710843373494,0.8177710843373494,0.0,0.6871576384662204,0.6852471765740178,0.001910461892202564,0.4375,0.4369747899159664,0.0005252100840336116,0.49528301886792453,0.49056603773584906,0.004716981132075471,0.4646017699115044,0.4622222222222222,0.0023795476892822243,0.7659768715763846,0.7659430580915669,3.381348481767965e-05,0.41398774616347356,0.41411369654808294,-0.00012595038460938568
Random Forest,returns,0.05,18,369348065426100832,0.8358433734939759,0.8358433734939759,0.0,0.640596469872185,0.640596469872185,0.0,0.4807692307692308,0.4807692307692308,0.0,0.35377358490566035,0.35377358490566035,0.0,0.4076086956521739,0.4076086956521739,0.0,0.7367789274362615,0.7372058226820857,-0.00042689524582417704,0.41951651268075923,0.42085973989907033,-0.0013432272183110938
Logistic Regression,returns,0.05,19,4425402563932754446,0.8177710843373494,0.8185240963855421,-0.0007530120481927804,0.6871576384662204,0.689516129032258,-0.002358490566037652,0.4375,0.43983402489626555,-0.002334024896265552,0.49528301886792453,0.5,-0.004716981132075471,0.4646017699115044,0.46799116997792495,-0.0033894000664205226,0.7659768715763846,0.76608253871644,-0.0001056671400554432,0.41398774616347356,0.4137623585564909,0.00022538760698265214
Random Forest,returns,0.05,19,4425402563932754446,0.8358433734939759,0.8365963855421686,-0.0007530120481927804,0.640596469872185,0.6429549604382228,-0.002358490566037763,0.4807692307692308,0.4840764331210191,-0.0033072023517883298,0.35377358490566035,0.3584905660377358,-0.004716981132075471,0.4076086956521739,0.41192411924119243,-0.004315423589018541,0.7367789274362615,0.7374805572462299,-0.0007016298099683516,0.41951651268075923,0.41895549212009386,0.0005610205606653706
Logistic Regression,returns,0.05,20,13076225175648467710,0.8177710843373494,0.8170180722891566,0.0007530120481927804,0.6871576384662204,0.6847991479001826,0.002358490566037763,0.4375,0.4351464435146444,0.0023535564853556235,0.49528301886792453,0.49056603773584906,0.004716981132075471,0.4646017699115044,0.4611973392461197,0.0034044306653847056,0.7659768715763846,0.7656176033001961,0.00035926827618848467,0.41398774616347356,0.4143382192533633,-0.0003504730898897246
Random Forest,returns,0.05,20,13076225175648467710,0.8358433734939759,0.8358433734939759,0.0,0.640596469872185,0.6463278555487928,-0.005731385676607803,0.4807692307692308,0.48148148148148145,-0.0007122507122506727,0.35377358490566035,0.36792452830188677,-0.014150943396226412,0.4076086956521739,0.41711229946524064,-0.009503603813066752,0.7367789274362615,0.7357941096909448,0.0009848177453166684,0.41951651268075923,0.4190148212705259,0.0005016914102333181
Logistic Regression,returns,0.05,21,11354148030680368752,0.8177710843373494,0.8170180722891566,0.0007530120481927804,0.6871576384662204,0.6847991479001826,0.002358490566037763,0.4375,0.4351464435146444,0.0023535564853556235,0.49528301886792453,0.49056603773584906,0.004716981132075471,0.4646017699115044,0.4611973392461197,0.0034044306653847056,0.7659768715763846,0.7660233651180091,-4.64935416244483e-05,0.41398774616347356,0.41380244288378193,0.00018530327969162874
Random Forest,returns,0.05,21,11354148030680368752,0.8358433734939759,0.8365963855421686,-0.0007530120481927804,0.640596469872185,0.6410444985460202,-0.00044802867383519906,0.4807692307692308,0.4838709677419355,-0.003101736972704716,0.35377358490566035,0.35377358490566035,0.0,0.4076086956521739,0.4087193460490463,-0.0011106503968724146,0.7367789274362615,0.7370747954284168,-0.00029586799215530757,0.41951651268075923,0.41934735502215126,0.00016915765860797682
Logistic Regression,returns,0.05,22,10595540038900225488,0.8177710843373494,0.8192771084337349,-0.001506024096385561,0.6871576384662204,0.6918746195982959,-0.004716981132075526,0.4375,0.44214876033057854,-0.0046487603305785385,0.49528301886792453,0.5047169811320755,-0.009433962264150997,0.4646017699115044,0.4713656387665198,-0.006763868855015398,0.7659768715763846,0.7660487252316223,-7.185365523765253e-05,0.41398774616347356,0.41376833487547915,0.0002194112879944088
Random Forest,returns,0.05,22,10595540038900225488,0.8358433734939759,0.8396084337349398,-0.0037650602409639022,0.640596469872185,0.650478460810171,-0.00988199093798603,0.4807692307692308,0.4968553459119497,-0.016086115142718904,0.35377358490566035,0.37264150943396224,-0.018867924528301883,0.4076086956521739,0.42587601078167114,-0.018267315129497252,0.7367789274362615,0.7365971799553662,0.00018174748089527792,0.41951651268075923,0.4196975266340964,-0.0001810139533371391
Logistic Regression,returns,0.05,23,17062685642624210900,0.8177710843373494,0.8177710843373494,0.0,0.6871576384662204,0.6852471765740178,0.001910461892202564,0.4375,0.4369747899159664,0.0005252100840336116,0.49528301886792453,0.49056603773584906,0.004716981132075471,0.4646017699115044,0.4622222222222222,0.0023795476892822243,0.7659768715763846,0.7660022316899979,-2.536011361331525e-05,0.41398774616347356,0.4138142287308403,0.00017351743263327446
Random Forest,returns,0.05,23,17062685642624210900,0.8358433734939759,0.8373493975903614,-0.001506024096385561,0.640596469872185,0.6453134510042604,-0.004716981132075415,0.4807692307692308,0.4873417721518987,-0.00657254138266794,0.35377358490566035,0.3632075471698113,-0.009433962264150941,0.4076086956521739,0.41621621621621624,-0.008607520564042348,0.7367789274362615,0.7365591397849462,0.0002197876513152508,0.41951651268075923,0.4196105659203413,-9.405323958205924e-05
Logistic Regression,returns,0.05,24,8151743666054510823,0.8177710843373494,0.8185240963855421,-0.0007530120481927804,0.6871576384662204,0.6876056671400554,-0.00044802867383508804,0.4375,0.4393305439330544,-0.0018305439330543738,0.49528301886792453,0.49528301886792453,0.0,0.4646017699115044,0.4656319290465632,-0.0010301591350587724,0.7659768715763846,0.7661543923716778,-0.00017752079529320675,0.41398774616347356,0.4143457767132944,-0.0003580305498208647
Random Forest,returns,0.05,24,8151743666054510823,0.8358433734939759,0.8358433734939759,0.0,0.640596469872185,0.6425069317643877,-0.001910461892202675,0.4807692307692308,0.4810126582278481,-0.00024342745861732906,0.35377358490566035,0.3584905660377358,-0.004716981132075471,0.4076086956521739,0.41081081081081083,-0.0032021151586369423,0.7367789274362615,0.7359589504294312,0.0008199770068303414,0.41951651268075923,0.4186331075687311,0.0008834051120281128
Logistic Regression,returns,0.05,25,17040510703333565657,0.8177710843373494,0.8170180722891566,0.0007530120481927804,0.6871576384662204,0.6867096097923852,0.00044802867383519906,0.4375,0.43568464730290457,0.0018153526970954292,0.49528301886792453,0.49528301886792453,0.0,0.4646017699115044,0.46357615894039733,0.0010256109711070938,0.7659768715763846,0.765888111178738,8.876039764660337e-05,0.41398774616347356,0.41304818738739896,0.0009395587760746005
Random Forest,returns,0.05,25,17040510703333565657,0.8358433734939759,0.8365963855421686,-0.0007530120481927804,0.640596469872185,0.6429549604382228,-0.002358490566037763,0.4807692307692308,0.4840764331210191,-0.0033072023517883298,0.35377358490566035,0.3584905660377358,-0.004716981132075471,0.4076086956521739,0.41192411924119243,-0.004315423589018541,0.7367789274362615,0.7381821870561981,-0.001403259619936592,0.41951651268075923,0.420617469564274,-0.0011009568835147476
Logistic Regression,returns,0.05,26,83188005630893069,0.8177710843373494,0.8177710843373494,0.0,0.6871576384662204,0.6852471765740178,0.001910461892202564,0.4375,0.4369747899159664,0.0005252100840336116,0.49528301886792453,0.49056603773584906,0.004716981132075471,0.4646017699115044,0.4622222222222222,0.0023795476892822243,0.7659768715763846,0.7660191384324068,-4.2266856022155075e-05,0.41398774616347356,0.41442038529164227,-0.0004326391281687103
Random Forest,returns,0.05,26,83188005630893069,0.8358433734939759,0.8358433734939759,0.0,0.640596469872185,0.6444173936565902,-0.003820923784405239,0.4807692307692308,0.48125,-0.00048076923076922906,0.35377358490566035,0.3632075471698113,-0.009433962264150941,0.4076086956521739,0.41397849462365593,-0.0063697989714820435,0.7367789274362615,0.7363308987624265,0.000448028673834977,0.41951651268075923,0.4197855766031219,-0.00026906392236264454
Logistic Regression,returns,0.05,27,11911142837985400112,0.8177710843373494,0.8170180722891566,0.0007530120481927804,0.6871576384662204,0.6847991479001826,0.002358490566037763,0.4375,0.4351464435146444,0.0023535564853556235,0.49528301886792453,0.49056603773584906,0.004716981132075471,0.4646017699115044,0.4611973392461197,0.0034044306653847056,0.7659768715763846,0.7659599648339758,1.6906742408839825e-05,0.41398774616347356,0.41311979326273085,0.0008679529007427078
Random Forest,returns,0.05,27,11911142837985400112,0.8358433734939759,0.8365963855421686,-0.0007530120481927804,0.640596469872185,0.646775884222628,-0.006179414350443002,0.4807692307692308,0.484472049689441,-0.003702818920210238,0.35377358490566035,0.36792452830188677,-0.014150943396226412,0.4076086956521739,0.41823056300268097,-0.010621867350507075,0.7367789274362615,0.7378482788936227,-0.0010693514573612006,0.41951651268075923,0.41981435800932615,-0.0002978453285669147
Logistic Regression,returns,0.05,28,14045821041620811349,0.8177710843373494,0.8170180722891566,0.0007530120481927804,0.6871576384662204,0.6867096097923852,0.00044802867383519906,0.4375,0.43568464730290457,0.0018153526970954292,0.49528301886792453,0.49528301886792453,0.0,0.4646017699115044,0.46357615894039733,0.0010256109711070938,0.7659768715763846,0.7662093392845066,-0.00023246770812201945,0.41398774616347356,0.41382906748815057,0.0001586786753229874
Random Forest,returns,0.05,28,14045821041620811349,0.8358433734939759,0.8343373493975904,0.0015060240963854499,0.640596469872185,0.6416108744167174,-0.001014404544532388,0.4807692307692308,0.475,0.005769230769230804,0.35377358490566035,0.3584905660377358,-0.004716981132075471,0.4076086956521739,0.40860215053763443,-0.000993454885460543,0.7367789274362615,0.73620409819436,0.0005748292419015533,0.41951651268075923,0.41899498130154034,0.000521531379218898
Logistic Regression,returns,0.05,29,13716378657602948900,0.8177710843373494,0.8207831325301205,-0.003012048192771122,0.6871576384662204,0.6908602150537635,-0.0037025765875431382,0.4375,0.44537815126050423,-0.00787815126050423,0.49528301886792453,0.5,-0.004716981132075471,0.4646017699115044,0.4711111111111111,-0.006509341199606666,0.7659768715763846,0.7656725502130248,0.000304321363359783,0.41398774616347356,0.4135502347110504,0.00043751145242315603
Random Forest,returns,0.05,29,13716378657602948900,0.8358433734939759,0.8365963855421686,-0.0007530120481927804,0.640596469872185,0.646775884222628,-0.006179414350443002,0.4807692307692308,0.484472049689441,-0.003702818920210238,0.35377358490566035,0.36792452830188677,-0.014150943396226412,0.4076086956521739,0.41823056300268097,-0.010621867350507075,0.7367789274362615,0.7378567322648271,-0.001077804828565565,0.41951651268075923,0.4193933320756685,0.0001231806050907558
Logistic Regression,returns,0.1,0,6862615943401734480,0.8177710843373494,0.8162650602409639,0.0015060240963854499,0.6871576384662204,0.6862615811185501,0.0008960573476702871,0.4375,0.43388429752066116,0.003615702479338845,0.49528301886792453,0.49528301886792453,0.0,0.4646017699115044,0.46255506607929514,0.0020467038322092845,0.7659768715763846,0.7659472847771691,2.958679921549745e-05,0.41398774616347356,0.4127323777053418,0.0012553684581317337
Random Forest,returns,0.1,0,6862615943401734480,0.8358433734939759,0.8313253012048193,0.004518072289156572,0.640596469872185,0.6379082978291742,0.0026881720430107503,0.4807692307692308,0.46296296296296297,0.017806267806267817,0.35377358490566035,0.35377358490566035,0.0,0.4076086956521739,0.40106951871657753,0.006539176935596358,0.7367789274362615,0.739555859876919,-0.0027769324406574647,0.41951651268075923,0.42045601767492424,-0.000939504994165008
Logistic Regression,returns,0.1,1,515600908930303123,0.8177710843373494,0.8177710843373494,0.0,0.6871576384662204,0.6890681003584229,-0.001910461892202564,0.4375,0.4380165289256198,-0.0005165289256198191,0.49528301886792453,0.5,-0.004716981132075471,0.4646017699115044,0.4669603524229075,-0.0023585825114030845,0.7659768715763846,0.766175525799689,-0.0001986542233043398,0.41398774616347356,0.41464718841168796,-0.0006594422482144036
Random Forest,returns,0.1,1,515600908930303123,0.8358433734939759,0.8358433734939759,0.0,0.640596469872185,0.6482383174409955,-0.007641847568810478,0.4807692307692308,0.4817073170731707,-0.0009380863039399334,0.35377358490566035,0.37264150943396224,-0.018867924528301883,0.4076086956521739,0.42021276595744683,-0.01260407030527294,0.7367789274362615,0.7378060120376004,-0.0010270846013389345,0.41951651268075923,0.41874245270655497,0.0007740599742042664
Logistic Regression,returns,0.1,2,10904394669696627663,0.8177710843373494,0.8185240963855421,-0.0007530120481927804,0.6871576384662204,0.6876056671400554,-0.00044802867383508804,0.4375,0.4393305439330544,-0.0018305439330543738,0.49528301886792453,0.49528301886792453,0.0,0.4646017699115044,0.4656319290465632,-0.0010301591350587724,0.7659768715763846,0.7652118414823832,0.0007650300940014176,0.41398774616347356,0.4129470031370264,0.001040743026447133
Random Forest,returns,0.1,2,10904394669696627663,0.8358433734939759,0.8358433734939759,0.0,0.640596469872185,0.6463278555487928,-0.005731385676607803,0.4807692307692308,0.48148148148148145,-0.0007122507122506727,0.35377358490566035,0.36792452830188677,-0.014150943396226412,0.4076086956521739,0.41711229946524064,-0.009503603813066752,0.7367789274362615,0.7327297626293365,0.004049164806924965,0.41951651268075923,0.4162319553545923,0.003284557326166948
Logistic Regression,returns,0.1,3,16451038079599363655,0.8177710843373494,0.822289156626506,-0.004518072289156683,0.6871576384662204,0.6955771961858389,-0.008419557719618553,0.4375,0.45,-0.012500000000000011,0.49528301886792453,0.5094339622641509,-0.014150943396226412,0.4646017699115044,0.4778761061946903,-0.013274336283185861,0.7659768715763846,0.7663572732805843,-0.00038040170419972874,0.41398774616347356,0.4147392375292379,-0.0007514913657643563
Random Forest,returns,0.1,3,16451038079599363655,0.8358433734939759,0.8365963855421686,-0.0007530120481927804,0.640596469872185,0.6448654223304253,-0.004268952458240327,0.4807692307692308,0.48427672955974843,-0.003507498790517649,0.35377358490566035,0.3632075471698113,-0.009433962264150941,0.4076086956521739,0.41509433962264153,-0.007485643970467637,0.7367789274362615,0.7360815243118957,0.0006974031243658363,0.41951651268075923,0.4177792157784814,0.0017372969022778073
Logistic Regression,returns,0.1,4,4053636665244343545,0.8177710843373494,0.8177710843373494,0.0,0.6871576384662204,0.6890681003584229,-0.001910461892202564,0.4375,0.4380165289256198,-0.0005165289256198191,0.49528301886792453,0.5,-0.004716981132075471,0.4646017699115044,0.4669603524229075,-0.0023585825114030845,0.7659768715763846,0.7671223033745858,-0.0011454317982011464,0.41398774616347356,0.41346326417770185,0.0005244819857717076
Random Forest,returns,0.1,4,4053636665244343545,0.8358433734939759,0.8350903614457831,0.0007530120481927804,0.640596469872185,0.6458798268749577,-0.005283357002772715,0.4807692307692308,0.4785276073619632,0.002241623407267579,0.35377358490566035,0.36792452830188677,-0.014150943396226412,0.4076086956521739,0.416,-0.00839130434782609,0.7367789274362615,0.7346782646919592,0.0021006627443023174,0.41951651268075923,0.4176938834475372,0.0018226292332220173
Logistic Regression,returns,0.1,5,10070754747914527239,0.8177710843373494,0.8207831325301205,-0.003012048192771122,0.6871576384662204,0.6927706769459661,-0.005613038479745702,0.4375,0.44583333333333336,-0.00833333333333336,0.49528301886792453,0.5047169811320755,-0.009433962264150997,0.4646017699115044,0.47345132743362833,-0.008849557522123908,0.7659768715763846,0.7656598701562184,0.00031700142016621857,0.41398774616347356,0.4142914115144094,-0.00030366535093584446
Random Forest,returns,0.1,5,10070754747914527239,0.8358433734939759,0.8350903614457831,0.0007530120481927804,0.640596469872185,0.6439693649827551,-0.003372895110570151,0.4807692307692308,0.4782608695652174,0.0025083612040133763,0.35377358490566035,0.3632075471698113,-0.009433962264150941,0.4076086956521739,0.4128686327077748,-0.005259937055600905,0.7367789274362615,0.7362759518495977,0.0005029755866637897,0.41951651268075923,0.4177170541581818,0.0017994585225774573
Logistic Regression,returns,0.1,6,14919310280216019844,0.8177710843373494,0.8170180722891566,0.0007530120481927804,0.6871576384662204,0.6847991479001826,0.002358490566037763,0.4375,0.4351464435146444,0.0023535564853556235,0.49528301886792453,0.49056603773584906,0.004716981132075471,0.4646017699115044,0.4611973392461197,0.0034044306653847056,0.7659768715763846,0.7656852302698317,0.0002916413065529033,0.41398774616347356,0.41314585033693135,0.000841895826542205
Random Forest,returns,0.1,6,14919310280216019844,0.8358433734939759,0.8381024096385542,-0.0022590361445783413,0.640596469872185,0.6476719415702982,-0.007075471698113178,0.4807692307692308,0.49056603773584906,-0.009796806966618277,0.35377358490566035,0.36792452830188677,-0.014150943396226412,0.4076086956521739,0.42048517520215634,-0.012876479549982445,0.7367789274362615,0.7358067897477514,0.0009721376885101218,0.41951651268075923,0.42136189974966737,-0.001845387068908133
Logistic Regression,returns,0.1,7,4878419545090948888,0.8177710843373494,0.8200301204819277,-0.0022590361445783413,0.6871576384662204,0.6885017244877257,-0.0013440860215053752,0.4375,0.4430379746835443,-0.005537974683544278,0.49528301886792453,0.49528301886792453,0.0,0.4646017699115044,0.46770601336302897,-0.0031042434515245465,0.7659768715763846,0.7644087712179617,0.0015681003584229192,0.41398774616347356,0.4113419485421128,0.002645797621360746
Random Forest,returns,0.1,7,4878419545090948888,0.8358433734939759,0.838855421686747,-0.003012048192771122,0.640596469872185,0.6481199702441334,-0.007523500371948377,0.4807692307692308,0.4936708860759494,-0.012901655306718607,0.35377358490566035,0.36792452830188677,-0.014150943396226412,0.4076086956521739,0.42162162162162165,-0.014012925969447754,0.7367789274362615,0.7348938256576723,0.0018851017785892488,0.41951651268075923,0.4183738177244164,0.001142694956342838
Logistic Regression,returns,0.1,8,16544544016132987791,0.8177710843373494,0.8237951807228916,-0.006024096385542244,0.6871576384662204,0.6983837154257118,-0.011226076959491404,0.4375,0.45416666666666666,-0.016666666666666663,0.49528301886792453,0.5141509433962265,-0.018867924528301938,0.4646017699115044,0.4823008849557522,-0.01769911504424776,0.7659768715763846,0.7672152904578347,-0.001238418881450043,0.41398774616347356,0.41395889878057057,2.8847382902985608e-05
Random Forest,returns,0.1,8,16544544016132987791,0.8358433734939759,0.838855421686747,-0.003012048192771122,0.640596469872185,0.6462095083519308,-0.005613038479745813,0.4807692307692308,0.4935897435897436,-0.01282051282051283,0.35377358490566035,0.3632075471698113,-0.009433962264150941,0.4076086956521739,0.41847826086956524,-0.010869565217391353,0.7367789274362615,0.7386555758436464,-0.0018766484073848844,0.41951651268075923,0.41945377612937323,6.27365513860001e-05
Logistic Regression,returns,0.1,9,6117117908731114854,0.8177710843373494,0.8177710843373494,0.0,0.6871576384662204,0.6871576384662204,0.0,0.4375,0.4375,0.0,0.49528301886792453,0.49528301886792453,0.0,0.4646017699115044,0.4646017699115044,0.0,0.7659768715763846,0.7666193277879219,-0.0006424562115372456,0.41398774616347356,0.4131763252684582,0.0008114208950153468
Random Forest,returns,0.1,9,6117117908731114854,0.8358433734939759,0.8381024096385542,-0.0022590361445783413,0.640596469872185,0.6495824034625008,-0.008985933590315853,0.4807692307692308,0.4906832298136646,-0.009913999044433797,0.35377358490566035,0.37264150943396224,-0.018867924528301883,0.4076086956521739,0.42359249329758714,-0.015983797645413245,0.7367789274362615,0.7344753837830527,0.0023035436532088394,0.41951651268075923,0.4205546659406656,-0.0010381532599063603
Logistic Regression,returns,0.1,10,5571685456807265932,0.8177710843373494,0.8200301204819277,-0.0022590361445783413,0.6871576384662204,0.6904121863799283,-0.003254547913707939,0.4375,0.4435146443514644,-0.0060146443514644266,0.49528301886792453,0.5,-0.004716981132075471,0.4646017699115044,0.4700665188470067,-0.0054647489355022505,0.7659768715763846,0.7658162575235002,0.00016061405288436692,0.41398774616347356,0.41271887246947697,0.0012688736939965861
Random Forest,returns,0.1,10,5571685456807265932,0.8358433734939759,0.8373493975903614,-0.001506024096385561,0.640596469872185,0.6472239128964631,-0.00662744302427809,0.4807692307692308,0.4875,-0.006730769230769207,0.35377358490566035,0.36792452830188677,-0.014150943396226412,0.4076086956521739,0.41935483870967744,-0.011746143057503544,0.7367789274362615,0.7385879488740109,-0.001809021437749414,0.41951651268075923,0.42156195731993407,-0.0020454446391748315
Logistic Regression,returns,0.1,11,7932543473541293309,0.8177710843373494,0.8162650602409639,0.0015060240963854499,0.6871576384662204,0.6843511192263474,0.002806519239872962,0.4375,0.43333333333333335,0.004166666666666652,0.49528301886792453,0.49056603773584906,0.004716981132075471,0.4646017699115044,0.46017699115044247,0.004424778761061954,0.7659768715763846,0.7663403665381755,-0.0003634949617908889,0.41398774616347356,0.4140728310689946,-8.508490552106007e-05
Random Forest,returns,0.1,11,7932543473541293309,0.8358433734939759,0.8358433734939759,0.0,0.640596469872185,0.6463278555487928,-0.005731385676607803,0.4807692307692308,0.48148148148148145,-0.0007122507122506727,0.35377358490566035,0.36792452830188677,-0.014150943396226412,0.4076086956521739,0.41711229946524064,-0.009503603813066752,0.7367789274362615,0.7362125515655643,0.0005663758706971889,0.41951651268075923,0.41734744249409905,0.0021690701866601825
Logistic Regression,returns,0.1,12,4791728461154542241,0.8177710843373494,0.8185240963855421,-0.0007530120481927804,0.6871576384662204,0.6856952052478529,0.001462433218367476,0.4375,0.4388185654008439,-0.0013185654008439074,0.49528301886792453,0.49056603773584906,0.004716981132075471,0.4646017699115044,0.46325167037861914,0.001350099532885285,0.7659768715763846,0.76627273956854,-0.0002958679921554186,0.41398774616347356,0.41437244443165466,-0.0003846982681811051
Random Forest,returns,0.1,12,4791728461154542241,0.8358433734939759,0.8373493975903614,-0.001506024096385561,0.640596469872185,0.6453134510042604,-0.004716981132075415,0.4807692307692308,0.4873417721518987,-0.00657254138266794,0.35377358490566035,0.3632075471698113,-0.009433962264150941,0.4076086956521739,0.41621621621621624,-0.008607520564042348,0.7367789274362615,0.7379412659768716,-0.0011623385406100972,0.41951651268075923,0.4191463374797926,0.00037017520096666034
Logistic Regression,returns,0.1,13,14788292821941969537,0.8177710843373494,0.8185240963855421,-0.0007530120481927804,0.6871576384662204,0.6856952052478529,0.001462433218367476,0.4375,0.4388185654008439,-0.0013185654008439074,0.49528301886792453,0.49056603773584906,0.004716981132075471,0.4646017699115044,0.46325167037861914,0.001350099532885285,0.7659768715763846,0.7659092446067491,6.762696963547032e-05,0.41398774616347356,0.4152572299066049,-0.00126948374313135
Random Forest,returns,0.1,13,14788292821941969537,0.8358433734939759,0.8396084337349398,-0.0037650602409639022,0.640596469872185,0.6523889227023737,-0.011792452830188704,0.4807692307692308,0.4968944099378882,-0.01612517916865741,0.35377358490566035,0.37735849056603776,-0.02358490566037741,0.4076086956521739,0.4289544235924933,-0.021345727940319414,0.7367789274362615,0.7393994725096369,-0.002620545073375391,0.41951651268075923,0.41867669771453714,0.0008398149662220966
Logistic Regression,returns,0.1,14,3092723340726059779,0.8177710843373494,0.8185240963855421,-0.0007530120481927804,0.6871576384662204,0.689516129032258,-0.002358490566037652,0.4375,0.43983402489626555,-0.002334024896265552,0.49528301886792453,0.5,-0.004716981132075471,0.4646017699115044,0.46799116997792495,-0.0033894000664205226,0.7659768715763846,0.765304828565632,0.0006720430107526321,0.41398774616347356,0.41275617767684913,0.0012315684866244236
Random Forest,returns,0.1,14,3092723340726059779,0.8358433734939759,0.8365963855421686,-0.0007530120481927804,0.640596469872185,0.6448654223304253,-0.004268952458240327,0.4807692307692308,0.48427672955974843,-0.003507498790517649,0.35377358490566035,0.3632075471698113,-0.009433962264150941,0.4076086956521739,0.41509433962264153,-0.007485643970467637,0.7367789274362615,0.7347416649759924,0.0020372624602691403,0.41951651268075923,0.4186823115377927,0.0008342011429665619
Logistic Regression,returns,0.1,15,13296508345415996575,0.8177710843373494,0.8192771084337349,-0.001506024096385561,0.6871576384662204,0.6880536958138905,-0.0008960573476701761,0.4375,0.4411764705882353,-0.003676470588235281,0.49528301886792453,0.49528301886792453,0.0,0.4646017699115044,0.4666666666666667,-0.002064896755162249,0.7659768715763846,0.765579563129776,0.00039730844660856857,0.41398774616347356,0.4133774974625456,0.0006102487009279622
Random Forest,returns,0.1,15,13296508345415996575,0.8358433734939759,0.8335843373493976,0.0022590361445782303,0.640596469872185,0.6411628457428823,-0.0005663758706972999,0.4807692307692308,0.4720496894409938,0.00871954132823699,0.35377358490566035,0.3584905660377358,-0.004716981132075471,0.4076086956521739,0.4075067024128686,0.00010199323930526472,0.7367789274362615,0.7371466490836545,-0.0003677216473929601,0.41951651268075923,0.4214221816791881,-0.0019056689984288666
Logistic Regression,returns,0.1,16,7935798010487900019,0.8177710843373494,0.8177710843373494,0.0,0.6871576384662204,0.6871576384662204,0.0,0.4375,0.4375,0.0,0.49528301886792453,0.49528301886792453,0.0,0.4646017699115044,0.4646017699115044,0.0,0.7659768715763846,0.7655964698721849,0.00038040170419972874,0.41398774616347356,0.4134766491743478,0.00051109698912577
Random Forest,returns,0.1,16,7935798010487900019,0.8358433734939759,0.8365963855421686,-0.0007530120481927804,0.640596469872185,0.6448654223304253,-0.004268952458240327,0.4807692307692308,0.48427672955974843,-0.003507498790517649,0.35377358490566035,0.3632075471698113,-0.009433962264150941,0.4076086956521739,0.41509433962264153,-0.007485643970467637,0.7367789274362615,0.736960674917157,-0.00018174748089549997,0.41951651268075923,0.4190423760128878,0.0004741366678714387
Logistic Regression,returns,0.1,17,3873095311767077669,0.8177710843373494,0.8177710843373494,0.0,0.6871576384662204,0.6852471765740178,0.001910461892202564,0.4375,0.4369747899159664,0.0005252100840336116,0.49528301886792453,0.49056603773584906,0.004716981132075471,0.4646017699115044,0.4622222222222222,0.0023795476892822243,0.7659768715763846,0.7653175086224385,0.0006593629539460855,0.41398774616347356,0.41269237499517825,0.0012953711682953117
Random Forest,returns,0.1,17,3873095311767077669,0.8358433734939759,0.8381024096385542,-0.0022590361445783413,0.640596469872185,0.6514928653547034,-0.010896395482518417,0.4807692307692308,0.49079754601226994,-0.010028315243039154,0.35377358490566035,0.37735849056603776,-0.02358490566037741,0.4076086956521739,0.4266666666666667,-0.019057971014492803,0.7367789274362615,0.7370959288564279,-0.0003170014201664406,0.41951651268075923,0.41491646386926917,0.004600048811490065
Logistic Regression,returns,0.1,18,15479705894457090338,0.8177710843373494,0.8185240963855421,-0.0007530120481927804,0.6871576384662204,0.6856952052478529,0.001462433218367476,0.4375,0.4388185654008439,-0.0013185654008439074,0.49528301886792453,0.49056603773584906,0.004716981132075471,0.4646017699115044,0.46325167037861914,0.001350099532885285,0.7659768715763846,0.7656387367282071,0.00033813484817746264,0.41398774616347356,0.4139081430798366,7.960308363696988e-05
Random Forest,returns,0.1,18,15479705894457090338,0.8358433734939759,0.8365963855421686,-0.0007530120481927804,0.640596469872185,0.6429549604382228,-0.002358490566037763,0.4807692307692308,0.4840764331210191,-0.0033072023517883298,0.35377358490566035,0.3584905660377358,-0.004716981132075471,0.4076086956521739,0.41192411924119243,-0.004315423589018541,0.7367789274362615,0.7359462703726246,0.000832657063636888,0.41951651268075923,0.41893602080576287,0.0005804918749963695
Logistic Regression,returns,0.1,19,6548838800079990375,0.8177710843373494,0.8192771084337349,-0.001506024096385561,0.6871576384662204,0.6918746195982959,-0.004716981132075526,0.4375,0.44214876033057854,-0.0046487603305785385,0.49528301886792453,0.5047169811320755,-0.009433962264150997,0.4646017699115044,0.4713656387665198,-0.006763868855015398,0.7659768715763846,0.7661882058564954,-0.00021133428011077537,0.41398774616347356,0.41360860486236234,0.0003791413011112188
Random Forest,returns,0.1,19,6548838800079990375,0.8358433734939759,0.8358433734939759,0.0,0.640596469872185,0.6425069317643877,-0.001910461892202675,0.4807692307692308,0.4810126582278481,-0.00024342745861732906,0.35377358490566035,0.3584905660377358,-0.004716981132075471,0.4076086956521739,0.41081081081081083,-0.0032021151586369423,0.7367789274362615,0.7376918915263407,-0.000912964090079238,0.41951651268075923,0.41842755117187347,0.0010889615088857663
Logistic Regression,returns,0.1,20,4144238216200983526,0.8177710843373494,0.8170180722891566,0.0007530120481927804,0.6871576384662204,0.6847991479001826,0.002358490566037763,0.4375,0.4351464435146444,0.0023535564853556235,0.49528301886792453,0.49056603773584906,0.004716981132075471,0.4646017699115044,0.4611973392461197,0.0034044306653847056,0.7659768715763846,0.7652414282815987,0.0007354432947859202,0.41398774616347356,0.41527590003878545,-0.0012881538753118926
Random Forest,returns,0.1,20,4144238216200983526,0.8358433734939759,0.8365963855421686,-0.0007530120481927804,0.640596469872185,0.646775884222628,-0.006179414350443002,0.4807692307692308,0.484472049689441,-0.003702818920210238,0.35377358490566035,0.36792452830188677,-0.014150943396226412,0.4076086956521739,0.41823056300268097,-0.010621867350507075,0.7367789274362615,0.7347205315479813,0.0020583958882801623,0.41951651268075923,0.4176317060906944,0.001884806590064847
Logistic Regression,returns,0.1,21,17951487840123742337,0.8177710843373494,0.8192771084337349,-0.001506024096385561,0.6871576384662204,0.686143233921688,0.001014404544532388,0.4375,0.4406779661016949,-0.003177966101694907,0.49528301886792453,0.49056603773584906,0.004716981132075471,0.4646017699115044,0.4642857142857143,0.0003160556257901237,0.7659768715763846,0.7658796578075338,9.721376885085675e-05,0.41398774616347356,0.4126466189377733,0.0013411272257002338
Random Forest,returns,0.1,21,17951487840123742337,0.8358433734939759,0.8396084337349398,-0.0037650602409639022,0.640596469872185,0.6466575370257659,-0.006061067153580901,0.4807692307692308,0.4967741935483871,-0.016004962779156306,0.35377358490566035,0.3632075471698113,-0.009433962264150941,0.4076086956521739,0.4196185286103542,-0.012009832958180311,0.7367789274362615,0.7384273348211268,-0.0016484073848652692,0.41951651268075923,0.4195232104094596,-6.69772870037777e-06
Logistic Regression,returns,0.1,22,12462813127536708,0.8177710843373494,0.8200301204819277,-0.0022590361445783413,0.6871576384662204,0.6904121863799283,-0.003254547913707939,0.4375,0.4435146443514644,-0.0060146443514644266,0.49528301886792453,0.5,-0.004716981132075471,0.4646017699115044,0.4700665188470067,-0.0054647489355022505,0.7659768715763846,0.7659895516331914,-1.2680056806768647e-05,0.41398774616347356,0.41374847851645946,0.00023926764701409642
Random Forest,returns,0.1,22,12462813127536708,0.8358433734939759,0.838855421686747,-0.003012048192771122,0.640596469872185,0.6481199702441334,-0.007523500371948377,0.4807692307692308,0.4936708860759494,-0.012901655306718607,0.35377358490566035,0.36792452830188677,-0.014150943396226412,0.4076086956521739,0.42162162162162165,-0.014012925969447754,0.7367789274362615,0.7365422330425373,0.00023669439372420165,0.41951651268075923,0.4195168999553004,-3.8727454115816684e-07
Logistic Regression,returns,0.1,23,7473977414441323178,0.8177710843373494,0.8192771084337349,-0.001506024096385561,0.6871576384662204,0.686143233921688,0.001014404544532388,0.4375,0.4406779661016949,-0.003177966101694907,0.49528301886792453,0.49056603773584906,0.004716981132075471,0.4646017699115044,0.4642857142857143,0.0003160556257901237,0.7659768715763846,0.76623469939812,-0.0002578278217353347,0.41398774616347356,0.4143835001708121,-0.0003957540073385446
Random Forest,returns,0.1,23,7473977414441323178,0.8358433734939759,0.8358433734939759,0.0,0.640596469872185,0.6444173936565902,-0.003820923784405239,0.4807692307692308,0.48125,-0.00048076923076922906,0.35377358490566035,0.3632075471698113,-0.009433962264150941,0.4076086956521739,0.41397849462365593,-0.0063697989714820435,0.7367789274362615,0.7364069791032664,0.0003719483329951423,0.41951651268075923,0.4189035844230024,0.0006129282577568285
Logistic Regression,returns,0.1,24,16698488927882488035,0.8177710843373494,0.8207831325301205,-0.003012048192771122,0.6871576384662204,0.6908602150537635,-0.0037025765875431382,0.4375,0.44537815126050423,-0.00787815126050423,0.49528301886792453,0.5,-0.004716981132075471,0.4646017699115044,0.4711111111111111,-0.006509341199606666,0.7659768715763846,0.7660952187732468,-0.00011834719686221185,0.41398774616347356,0.4144915500663398,-0.0005038039028662511
Random Forest,returns,0.1,24,16698488927882488035,0.8358433734939759,0.8320783132530121,0.003765060240963791,0.640596469872185,0.6383563265030094,0.0022401433691755512,0.4807692307692308,0.4658385093167702,0.014930721452460605,0.35377358490566035,0.35377358490566035,0.0,0.4076086956521739,0.40214477211796246,0.0054639235342114345,0.7367789274362615,0.7354728815851761,0.0013060458510854023,0.41951651268075923,0.41804380859507634,0.0014727040856828966
Logistic Regression,returns,0.1,25,7522753376717431766,0.8177710843373494,0.8177710843373494,0.0,0.6871576384662204,0.6871576384662204,0.0,0.4375,0.4375,0.0,0.49528301886792453,0.49528301886792453,0.0,0.4646017699115044,0.4646017699115044,0.0,0.7659768715763846,0.7658120308378981,0.00016484073848654912,0.41398774616347356,0.4132865615999548,0.000701184563518753
Random Forest,returns,0.1,25,7522753376717431766,0.8358433734939759,0.8365963855421686,-0.0007530120481927804,0.640596469872185,0.6448654223304253,-0.004268952458240327,0.4807692307692308,0.48427672955974843,-0.003507498790517649,0.35377358490566035,0.3632075471698113,-0.009433962264150941,0.4076086956521739,0.41509433962264153,-0.007485643970467637,0.7367789274362615,0.7375059173598432,-0.0007269899235816668,0.41951651268075923,0.42137544569025,-0.0018589330094907486
Logistic Regression,returns,0.1,26,12826089545823638253,0.8177710843373494,0.8170180722891566,0.0007530120481927804,0.6871576384662204,0.6847991479001826,0.002358490566037763,0.4375,0.4351464435146444,0.0023535564853556235,0.49528301886792453,0.49056603773584906,0.004716981132075471,0.4646017699115044,0.4611973392461197,0.0034044306653847056,0.7659768715763846,0.7659599648339759,1.6906742408728803e-05,0.41398774616347356,0.41522443495261807,-0.0012366887891445133
Random Forest,returns,0.1,26,12826089545823638253,0.8358433734939759,0.838855421686747,-0.003012048192771122,0.640596469872185,0.6481199702441334,-0.007523500371948377,0.4807692307692308,0.4936708860759494,-0.012901655306718607,0.35377358490566035,0.36792452830188677,-0.014150943396226412,0.4076086956521739,0.42162162162162165,-0.014012925969447754,0.7367789274362615,0.7361618313383377,0.0006170960979238194,0.41951651268075923,0.41864299811747097,0.000873514563288269
Logistic Regression,returns,0.1,27,12602609523504149205,0.8177710843373494,0.8155120481927711,0.0022590361445782303,0.6871576384662204,0.6839030905525123,0.00325454791370805,0.4375,0.4315352697095436,0.00596473029045641,0.49528301886792453,0.49056603773584906,0.004716981132075471,0.4646017699115044,0.45916114790286977,0.005440622008634655,0.7659768715763846,0.7658289375803071,0.00014793399607748725,0.41398774616347356,0.4130067825683186,0.0009809635951549822
Random Forest,returns,0.1,27,12602609523504149205,0.8358433734939759,0.8343373493975904,0.0015060240963854499,0.640596469872185,0.6416108744167174,-0.001014404544532388,0.4807692307692308,0.475,0.005769230769230804,0.35377358490566035,0.3584905660377358,-0.004716981132075471,0.4076086956521739,0.40860215053763443,-0.000993454885460543,0.7367789274362615,0.7389725772638128,-0.002193649827551325,0.41951651268075923,0.42019531919882736,-0.0006788065180681202
Logistic Regression,returns,0.1,28,14832990802587307613,0.8177710843373494,0.8162650602409639,0.0015060240963854499,0.6871576384662204,0.6862615811185501,0.0008960573476702871,0.4375,0.43388429752066116,0.003615702479338845,0.49528301886792453,0.49528301886792453,0.0,0.4646017699115044,0.46255506607929514,0.0020467038322092845,0.7659768715763846,0.7665094339622642,-0.0005325623858796202,0.41398774616347356,0.4136195098003663,0.00036823636310723273
Random Forest,returns,0.1,28,14832990802587307613,0.8358433734939759,0.8365963855421686,-0.0007530120481927804,0.640596469872185,0.646775884222628,-0.006179414350443002,0.4807692307692308,0.484472049689441,-0.003702818920210238,0.35377358490566035,0.36792452830188677,-0.014150943396226412,0.4076086956521739,0.41823056300268097,-0.010621867350507075,0.7367789274362615,0.7352235071346453,0.0015554203016161505,0.41951651268075923,0.4195796144877593,-6.310180700008772e-05
Logistic Regression,returns,0.1,29,762406157310146526,0.8177710843373494,0.8185240963855421,-0.0007530120481927804,0.6871576384662204,0.6876056671400554,-0.00044802867383508804,0.4375,0.4393305439330544,-0.0018305439330543738,0.49528301886792453,0.49528301886792453,0.0,0.4646017699115044,0.4656319290465632,-0.0010301591350587724,0.7659768715763846,0.7653386420504497,0.0006382295259349524,0.41398774616347356,0.41339701916745125,0.000590726996022306
Random Forest,returns,0.1,29,762406157310146526,0.8358433734939759,0.8373493975903614,-0.001506024096385561,0.640596469872185,0.6472239128964631,-0.00662744302427809,0.4807692307692308,0.4875,-0.006730769230769207,0.35377358490566035,0.36792452830188677,-0.014150943396226412,0.4076086956521739,0.41935483870967744,-0.011746143057503544,0.7367789274362615,0.737387570162981,-0.000608642726719455,0.41951651268075923,0.4184593977599241,0.001057114920835156
Logistic Regression,returns,0.2,0,10606216641748635350,0.8177710843373494,0.8155120481927711,0.0022590361445782303,0.6871576384662204,0.6877240143369175,-0.0005663758706971889,0.4375,0.4326530612244898,0.004846938775510179,0.49528301886792453,0.5,-0.004716981132075471,0.4646017699115044,0.4638949671772429,0.0007068027342615468,0.7659768715763846,0.7649413336038412,0.00103553797254341,0.41398774616347356,0.4109006728943228,0.003087073269150753
Random Forest,returns,0.2,0,10606216641748635350,0.8358433734939759,0.8320783132530121,0.003765060240963791,0.640596469872185,0.6364458646108068,0.004150605261378226,0.4807692307692308,0.46540880503144655,0.015360425737784233,0.35377358490566035,0.3490566037735849,0.004716981132075471,0.4076086956521739,0.39892183288409705,0.008686862768076842,0.7367789274362615,0.7399785284371406,-0.0031996010008791265,0.41951651268075923,0.4185572747104891,0.0009592379702701437
Logistic Regression,returns,0.2,1,5139243941454643586,0.8177710843373494,0.8200301204819277,-0.0022590361445783413,0.6871576384662204,0.6904121863799283,-0.003254547913707939,0.4375,0.4435146443514644,-0.0060146443514644266,0.49528301886792453,0.5,-0.004716981132075471,0.4646017699115044,0.4700665188470067,-0.0054647489355022505,0.7659768715763846,0.7662685128829376,-0.00029164130655301435,0.41398774616347356,0.41526801007301994,-0.0012802639095463864
Random Forest,returns,0.2,1,5139243941454643586,0.8358433734939759,0.8365963855421686,-0.0007530120481927804,0.640596469872185,0.6486863461148306,-0.008089876242645566,0.4807692307692308,0.48466257668711654,-0.00389334591788576,0.35377358490566035,0.37264150943396224,-0.018867924528301883,0.4076086956521739,0.42133333333333334,-0.013724637681159446,0.7367789274362615,0.7371846892540744,-0.00040576181781293297,0.41951651268075923,0.4168526260010368,0.002663886679722449
Logistic Regression,returns,0.2,2,12114125529941183540,0.8177710843373494,0.8140060240963856,0.003765060240963791,0.6871576384662204,0.6868279569892473,0.00032968147697309824,0.4375,0.4291497975708502,0.0083502024291498,0.49528301886792453,0.5,-0.004716981132075471,0.4646017699115044,0.46187363834422657,0.0027281315672778583,0.7659768715763846,0.7639903293433421,0.0019865422330425098,0.41398774616347356,0.41266906884381227,0.0013186773196612878
Random Forest,returns,0.2,2,12114125529941183540,0.8358433734939759,0.8358433734939759,0.0,0.640596469872185,0.6463278555487928,-0.005731385676607803,0.4807692307692308,0.48148148148148145,-0.0007122507122506727,0.35377358490566035,0.36792452830188677,-0.014150943396226412,0.4076086956521739,0.41711229946524064,-0.009503603813066752,0.7367789274362615,0.7322859606411037,0.00449296679515776,0.41951651268075923,0.4155269587784618,0.003989553902297438
Logistic Regression,returns,0.2,3,4937091326772760742,0.8177710843373494,0.8200301204819277,-0.0022590361445783413,0.6871576384662204,0.692322648272131,-0.005165009805910614,0.4375,0.44398340248962653,-0.006483402489626533,0.49528301886792453,0.5047169811320755,-0.009433962264150997,0.4646017699115044,0.47240618101545256,-0.007804411103948139,0.7659768715763846,0.7661036721444512,-0.00012680056806657625,0.41398774616347356,0.41551658736575203,-0.0015288412022784748
Random Forest,returns,0.2,3,4937091326772760742,0.8358433734939759,0.8396084337349398,-0.0037650602409639022,0.640596469872185,0.6523889227023737,-0.011792452830188704,0.4807692307692308,0.4968944099378882,-0.01612517916865741,0.35377358490566035,0.37735849056603776,-0.02358490566037741,0.4076086956521739,0.4289544235924933,-0.021345727940319414,0.7367789274362615,0.7357814296341381,0.000997497802123437,0.41951651268075923,0.4176071675243413,0.001909345156417941
Logistic Regression,returns,0.2,4,3900544260883647347,0.8177710843373494,0.8147590361445783,0.0030120481927710108,0.6871576384662204,0.6834550618786772,0.0037025765875431382,0.4375,0.4297520661157025,0.007747933884297509,0.49528301886792453,0.49056603773584906,0.004716981132075471,0.4646017699115044,0.4581497797356828,0.006451990175821598,0.7659768715763846,0.768056400892676,-0.0020795293162914064,0.41398774616347356,0.412422794293427,0.0015649518700465714
Random Forest,returns,0.2,4,3900544260883647347,0.8358433734939759,0.8328313253012049,0.0030120481927710108,0.640596469872185,0.6445357408534523,-0.00393927098126734,0.4807692307692308,0.46987951807228917,0.010889712696941611,0.35377358490566035,0.36792452830188677,-0.014150943396226412,0.4076086956521739,0.4126984126984127,-0.005089717046238784,0.7367789274362615,0.7380891999729492,-0.0013102725366876955,0.41951651268075923,0.4188719729111337,0.0006445397696255295
Logistic Regression,returns,0.2,5,2453644316142268653,0.8177710843373494,0.8185240963855421,-0.0007530120481927804,0.6871576384662204,0.6914265909244607,-0.004268952458240327,0.4375,0.4403292181069959,-0.002829218106995879,0.49528301886792453,0.5047169811320755,-0.009433962264150997,0.4646017699115044,0.4703296703296703,-0.005727900418165899,0.7659768715763846,0.7651738013119632,0.0008030702644213905,0.41398774616347356,0.41370401352929587,0.00028373263417769135
Random Forest,returns,0.2,5,2453644316142268653,0.8358433734939759,0.8381024096385542,-0.0022590361445783413,0.640596469872185,0.6476719415702982,-0.007075471698113178,0.4807692307692308,0.49056603773584906,-0.009796806966618277,0.35377358490566035,0.36792452830188677,-0.014150943396226412,0.4076086956521739,0.42048517520215634,-0.012876479549982445,0.7367789274362615,0.7363182187056198,0.00046070873064174567,0.41951651268075923,0.41539017467435785,0.004126338006401387
Logistic Regression,returns,0.2,6,9768359048521368284,0.8177710843373494,0.8170180722891566,0.0007530120481927804,0.6871576384662204,0.68288868600798,0.004268952458240327,0.4375,0.4345991561181435,0.0029008438818565185,0.49528301886792453,0.4858490566037736,0.009433962264150941,0.4646017699115044,0.45879732739420936,0.005804442517295061,0.7659768715763846,0.765017413944681,0.0009594576317035752,0.41398774616347356,0.4128683270189989,0.0011194191444746648
Random Forest,returns,0.2,6,9768359048521368284,0.8358433734939759,0.8403614457831325,-0.004518072289156683,0.640596469872185,0.6509264894840062,-0.010330019611821228,0.4807692307692308,0.5,-0.019230769230769218,0.35377358490566035,0.37264150943396224,-0.018867924528301883,0.4076086956521739,0.42702702702702705,-0.01941833137485316,0.7367789274362615,0.7338371542571176,0.002941773179143903,0.41951651268075923,0.42213658394891784,-0.002620071268158608
Logistic Regression,returns,0.2,7,14583667655905055572,0.8177710843373494,0.8207831325301205,-0.003012048192771122,0.6871576384662204,0.6908602150537635,-0.0037025765875431382,0.4375,0.44537815126050423,-0.00787815126050423,0.49528301886792453,0.5,-0.004716981132075471,0.4646017699115044,0.4711111111111111,-0.006509341199606666,0.7659768715763846,0.7624518157841348,0.0035250557922498205,0.41398774616347356,0.4087272561639851,0.005260489999488471
Random Forest,returns,0.2,7,14583667655905055572,0.8358433734939759,0.8381024096385542,-0.0022590361445783413,0.640596469872185,0.6476719415702982,-0.007075471698113178,0.4807692307692308,0.49056603773584906,-0.009796806966618277,0.35377358490566035,0.36792452830188677,-0.014150943396226412,0.4076086956521739,0.42048517520215634,-0.012876479549982445,0.7367789274362615,0.7360181240278623,0.0007608034083992354,0.41951651268075923,0.4171741527419929,0.0023423599387663585
Logistic Regression,returns,0.2,8,17353387257358075306,0.8177710843373494,0.822289156626506,-0.004518072289156683,0.6871576384662204,0.6974876580780416,-0.010330019611821228,0.4375,0.45041322314049587,-0.012913223140495866,0.49528301886792453,0.5141509433962265,-0.018867924528301938,0.4646017699115044,0.4801762114537445,-0.01557444154224008,0.7659768715763846,0.7677732129573273,-0.0017963413809426454,0.41398774616347356,0.41330057090269967,0.0006871752607738868
Random Forest,returns,0.2,8,17353387257358075306,0.8358433734939759,0.8350903614457831,0.0007530120481927804,0.640596469872185,0.6439693649827551,-0.003372895110570151,0.4807692307692308,0.4782608695652174,0.0025083612040133763,0.35377358490566035,0.3632075471698113,-0.009433962264150941,0.4076086956521739,0.4128686327077748,-0.005259937055600905,0.7367789274362615,0.7394290593088524,-0.0026501318725908884,0.41951651268075923,0.41822940292114336,0.0012871097596158787
Logistic Regression,returns,0.2,9,13923096647220564254,0.8177710843373494,0.8177710843373494,0.0,0.6871576384662204,0.6871576384662204,0.0,0.4375,0.4375,0.0,0.49528301886792453,0.49528301886792453,0.0,0.4646017699115044,0.4646017699115044,0.0,0.7659768715763846,0.767143436802597,-0.0011665652262123904,0.41398774616347356,0.412078497569153,0.0019092485943205673
Random Forest,returns,0.2,9,13923096647220564254,0.8358433734939759,0.8358433734939759,0.0,0.640596469872185,0.6463278555487928,-0.005731385676607803,0.4807692307692308,0.48148148148148145,-0.0007122507122506727,0.35377358490566035,0.36792452830188677,-0.014150943396226412,0.4076086956521739,0.41711229946524064,-0.009503603813066752,0.7367789274362615,0.7331777913031716,0.0036011361330898772,0.41951651268075923,0.4178871212213481,0.0016293914594111558
Logistic Regression,returns,0.2,10,11562640974381542184,0.8177710843373494,0.8185240963855421,-0.0007530120481927804,0.6871576384662204,0.6876056671400554,-0.00044802867383508804,0.4375,0.4393305439330544,-0.0018305439330543738,0.49528301886792453,0.49528301886792453,0.0,0.4646017699115044,0.4656319290465632,-0.0010301591350587724,0.7659768715763846,0.7653513221072563,0.0006255494691282948,0.41398774616347356,0.41128600054116227,0.0027017456223112912
Random Forest,returns,0.2,10,11562640974381542184,0.8358433734939759,0.8373493975903614,-0.001506024096385561,0.640596469872185,0.6510448366808683,-0.01044836680868333,0.4807692307692308,0.4878048780487805,-0.007035647279549695,0.35377358490566035,0.37735849056603776,-0.02358490566037741,0.4076086956521739,0.425531914893617,-0.017923219241443133,0.7367789274362615,0.741669202678028,-0.004890275241766551,0.41951651268075923,0.42122370956316224,-0.001707196882403006
Logistic Regression,returns,0.2,11,17514284218518645318,0.8177710843373494,0.8140060240963856,0.003765060240963791,0.6871576384662204,0.6791861094204369,0.007971529045783465,0.4375,0.42677824267782427,0.010721757322175729,0.49528301886792453,0.4811320754716981,0.014150943396226412,0.4646017699115044,0.4523281596452328,0.012273610266271606,0.7659768715763846,0.766391086765402,-0.0004142151890174084,0.41398774616347356,0.415158984445064,-0.0011712382815904365
Random Forest,returns,0.2,11,17514284218518645318,0.8358433734939759,0.8350903614457831,0.0007530120481927804,0.640596469872185,0.6401484411983499,0.00044802867383508804,0.4807692307692308,0.47770700636942676,0.0030622243998040255,0.35377358490566035,0.35377358490566035,0.0,0.4076086956521739,0.4065040650406504,0.0011046306115234938,0.7367789274362615,0.7343612632717929,0.002417664164468647,0.41951651268075923,0.41573108895621996,0.003785423724539272
Logistic Regression,returns,0.2,12,14290318669458451397,0.8177710843373494,0.8207831325301205,-0.003012048192771122,0.6871576384662204,0.6870392912693581,0.00011834719686221185,0.4375,0.4444444444444444,-0.00694444444444442,0.49528301886792453,0.49056603773584906,0.004716981132075471,0.4646017699115044,0.4663677130044843,-0.0017659430929798936,0.7659768715763846,0.7667249949279772,-0.0007481233515925778,0.41398774616347356,0.4142918697879893,-0.0003041236245157619
Random Forest,returns,0.2,12,14290318669458451397,0.8358433734939759,0.8373493975903614,-0.001506024096385561,0.640596469872185,0.6472239128964631,-0.00662744302427809,0.4807692307692308,0.4875,-0.006730769230769207,0.35377358490566035,0.36792452830188677,-0.014150943396226412,0.4076086956521739,0.41935483870967744,-0.011746143057503544,0.7367789274362615,0.7409506661256509,-0.004171738689389359,0.41951651268075923,0.41859046897332003,0.0009260437074392058
Logistic Regression,returns,0.2,13,9549873346057281257,0.8177710843373494,0.8207831325301205,-0.003012048192771122,0.6871576384662204,0.6927706769459661,-0.005613038479745702,0.4375,0.44583333333333336,-0.00833333333333336,0.49528301886792453,0.5047169811320755,-0.009433962264150997,0.4646017699115044,0.47345132743362833,-0.008849557522123908,0.7659768715763846,0.7653597754784608,0.0006170960979238194,0.41398774616347356,0.41569476085104784,-0.001707014687574282
Random Forest,returns,0.2,13,9549873346057281257,0.8358433734939759,0.8350903614457831,0.0007530120481927804,0.640596469872185,0.6458798268749577,-0.005283357002772715,0.4807692307692308,0.4785276073619632,0.002241623407267579,0.35377358490566035,0.36792452830188677,-0.014150943396226412,0.4076086956521739,0.416,-0.00839130434782609,0.7367789274362615,0.740274396429296,-0.003495468993034545,0.41951651268075923,0.41626767673553655,0.0032488359452226834
Logistic Regression,returns,0.2,14,4638104923974682793,0.8177710843373494,0.8200301204819277,-0.0022590361445783413,0.6871576384662204,0.6885017244877257,-0.0013440860215053752,0.4375,0.4430379746835443,-0.005537974683544278,0.49528301886792453,0.49528301886792453,0.0,0.4646017699115044,0.46770601336302897,-0.0031042434515245465,0.7659768715763846,0.7647511327517413,0.0012257388246432743,0.41398774616347356,0.4127224323134975,0.0012653138499760797
Random Forest,returns,0.2,14,4638104923974682793,0.8358433734939759,0.8358433734939759,0.0,0.640596469872185,0.6425069317643877,-0.001910461892202675,0.4807692307692308,0.4810126582278481,-0.00024342745861732906,0.35377358490566035,0.3584905660377358,-0.004716981132075471,0.4076086956521739,0.41081081081081083,-0.0032021151586369423,0.7367789274362615,0.7377468384391695,-0.0009679110029080507,0.41951651268075923,0.4202776916872238,-0.0007611790064645518
Logistic Regression,returns,0.2,15,9573461835645316172,0.8177710843373494,0.8200301204819277,-0.0022590361445783413,0.6871576384662204,0.6885017244877257,-0.0013440860215053752,0.4375,0.4430379746835443,-0.005537974683544278,0.49528301886792453,0.49528301886792453,0.0,0.4646017699115044,0.46770601336302897,-0.0031042434515245465,0.7659768715763846,0.7648694799486034,0.0011073916277811735,0.41398774616347356,0.4126300469436774,0.0013576992197961713
Random Forest,returns,0.2,15,9573461835645316172,0.8358433734939759,0.8335843373493976,0.0022590361445782303,0.640596469872185,0.6430733076350849,-0.002476837762899864,0.4807692307692308,0.4723926380368098,0.008376592732420973,0.35377358490566035,0.3632075471698113,-0.009433962264150941,0.4076086956521739,0.4106666666666667,-0.0030579710144927885,0.7367789274362615,0.7350628930817611,0.0017160343545004064,0.41951651268075923,0.4206239542463886,-0.0011074415656293635
Logistic Regression,returns,0.2,16,3339259190568695328,0.8177710843373494,0.8170180722891566,0.0007530120481927804,0.6871576384662204,0.6847991479001826,0.002358490566037763,0.4375,0.4351464435146444,0.0023535564853556235,0.49528301886792453,0.49056603773584906,0.004716981132075471,0.4646017699115044,0.4611973392461197,0.0034044306653847056,0.7659768715763846,0.7650005072022723,0.000976364374112304,0.41398774616347356,0.41312004544053404,0.0008677007229395128
Random Forest,returns,0.2,16,3339259190568695328,0.8358433734939759,0.8365963855421686,-0.0007530120481927804,0.640596469872185,0.6486863461148306,-0.008089876242645566,0.4807692307692308,0.48466257668711654,-0.00389334591788576,0.35377358490566035,0.37264150943396224,-0.018867924528301883,0.4076086956521739,0.42133333333333334,-0.013724637681159446,0.7367789274362615,0.7383892946507068,-0.0016103672144452963,0.41951651268075923,0.4205194006481591,-0.0010028879673998903
Logistic Regression,returns,0.2,17,15604594914841519450,0.8177710843373494,0.8170180722891566,0.0007530120481927804,0.6871576384662204,0.68288868600798,0.004268952458240327,0.4375,0.4345991561181435,0.0029008438818565185,0.49528301886792453,0.4858490566037736,0.009433962264150941,0.4646017699115044,0.45879732739420936,0.005804442517295061,0.7659768715763846,0.7645440251572327,0.0014328464191518675,0.41398774616347356,0.41212641528550475,0.0018613308779688031
Random Forest,returns,0.2,17,15604594914841519450,0.8358433734939759,0.8373493975903614,-0.001506024096385561,0.640596469872185,0.652955298573071,-0.012358828700886004,0.4807692307692308,0.4879518072289157,-0.007182576459684897,0.35377358490566035,0.38207547169811323,-0.02830188679245288,0.4076086956521739,0.42857142857142855,-0.020962732919254656,0.7367789274362615,0.7347205315479813,0.0020583958882801623,0.41951651268075923,0.41612900093106436,0.0033875117496948715
Logistic Regression,returns,0.2,18,1414817181967553959,0.8177710843373494,0.8185240963855421,-0.0007530120481927804,0.6871576384662204,0.6856952052478529,0.001462433218367476,0.4375,0.4388185654008439,-0.0013185654008439074,0.49528301886792453,0.49056603773584906,0.004716981132075471,0.4646017699115044,0.46325167037861914,0.001350099532885285,0.7659768715763846,0.7654950294177317,0.0004818421586528787,0.41398774616347356,0.41390194778942635,8.579837404720791e-05
Random Forest,returns,0.2,18,1414817181967553959,0.8358433734939759,0.8358433734939759,0.0,0.640596469872185,0.6386860079799824,0.001910461892202564,0.4807692307692308,0.4805194805194805,0.00024975024975026905,0.35377358490566035,0.3490566037735849,0.004716981132075471,0.4076086956521739,0.40437158469945356,0.0032371109527203346,0.7367789274362615,0.7359927639142491,0.0007861635220124397,0.41951651268075923,0.41910014718300226,0.0004163654977569764
Logistic Regression,returns,0.2,19,2766132209101670502,0.8177710843373494,0.8170180722891566,0.0007530120481927804,0.6871576384662204,0.6867096097923852,0.00044802867383519906,0.4375,0.43568464730290457,0.0018153526970954292,0.49528301886792453,0.49528301886792453,0.0,0.4646017699115044,0.46357615894039733,0.0010256109711070938,0.7659768715763846,0.7662051125989044,-0.00022824102251983724,0.41398774616347356,0.4130806062108844,0.0009071399525891755
Random Forest,returns,0.2,19,2766132209101670502,0.8358433734939759,0.8365963855421686,-0.0007530120481927804,0.640596469872185,0.646775884222628,-0.006179414350443002,0.4807692307692308,0.484472049689441,-0.003702818920210238,0.35377358490566035,0.36792452830188677,-0.014150943396226412,0.4076086956521739,0.41823056300268097,-0.010621867350507075,0.7367789274362615,0.7392895786839793,-0.0025106512477177656,0.41951651268075923,0.4155550845699547,0.003961428110804521
Logistic Regression,returns,0.2,20,2180533937425188764,0.8177710843373494,0.8155120481927711,0.0022590361445782303,0.6871576384662204,0.685813552444715,0.0013440860215053752,0.4375,0.43209876543209874,0.0054012345679012586,0.49528301886792453,0.49528301886792453,0.0,0.4646017699115044,0.46153846153846156,0.003063308373042861,0.7659768715763846,0.7639015689456956,0.002075302630689002,0.41398774616347356,0.41551001584417857,-0.001522269680705013
Random Forest,returns,0.2,20,2180533937425188764,0.8358433734939759,0.838855421686747,-0.003012048192771122,0.640596469872185,0.6500304321363359,-0.009433962264150941,0.4807692307692308,0.49375,-0.01298076923076924,0.35377358490566035,0.37264150943396224,-0.018867924528301883,0.4076086956521739,0.42473118279569894,-0.017122487143525045,0.7367789274362615,0.734483837154257,0.002295090282004475,0.41951651268075923,0.4168433263200117,0.002673186360747537
Logistic Regression,returns,0.2,21,8112055415266578002,0.8177710843373494,0.8177710843373494,0.0,0.6871576384662204,0.6871576384662204,0.0,0.4375,0.4375,0.0,0.49528301886792453,0.49528301886792453,0.0,0.4646017699115044,0.4646017699115044,0.0,0.7659768715763846,0.7658838844931359,9.298708324867455e-05,0.41398774616347356,0.4116290140816045,0.0023587320818690416
Random Forest,returns,0.2,21,8112055415266578002,0.8358433734939759,0.838855421686747,-0.003012048192771122,0.640596469872185,0.6500304321363359,-0.009433962264150941,0.4807692307692308,0.49375,-0.01298076923076924,0.35377358490566035,0.37264150943396224,-0.018867924528301883,0.4076086956521739,0.42473118279569894,-0.017122487143525045,0.7367789274362615,0.7415888956515858,-0.004809968215324312,0.41951651268075923,0.4205139557269493,-0.0009974430461900385
Logistic Regression,returns,0.2,22,5981709161598608981,0.8177710843373494,0.8147590361445783,0.0030120481927710108,0.6871576384662204,0.6834550618786772,0.0037025765875431382,0.4375,0.4297520661157025,0.007747933884297509,0.49528301886792453,0.49056603773584906,0.004716981132075471,0.4646017699115044,0.4581497797356828,0.006451990175821598,0.7659768715763846,0.7655626563873672,0.0004142151890174084,0.41398774616347356,0.41351707665691423,0.00047066950655932915
Random Forest,returns,0.2,22,5981709161598608981,0.8358433734939759,0.8403614457831325,-0.004518072289156683,0.640596469872185,0.6509264894840062,-0.010330019611821228,0.4807692307692308,0.5,-0.019230769230769218,0.35377358490566035,0.37264150943396224,-0.018867924528301883,0.4076086956521739,0.42702702702702705,-0.01941833137485316,0.7367789274362615,0.7362970852776087,0.0004818421586527677,0.41951651268075923,0.4192628579939846,0.0002536546867746292
Logistic Regression,returns,0.2,23,4573082212621368621,0.8177710843373494,0.8177710843373494,0.0,0.6871576384662204,0.6852471765740178,0.001910461892202564,0.4375,0.4369747899159664,0.0005252100840336116,0.49528301886792453,0.49056603773584906,0.004716981132075471,0.4646017699115044,0.4622222222222222,0.0023795476892822243,0.7659768715763846,0.7663319131669709,-0.00035504159058630247,0.41398774616347356,0.41423678478037307,-0.0002490386168995107
Random Forest,returns,0.2,23,4573082212621368621,0.8358433734939759,0.8350903614457831,0.0007530120481927804,0.640596469872185,0.6439693649827551,-0.003372895110570151,0.4807692307692308,0.4782608695652174,0.0025083612040133763,0.35377358490566035,0.3632075471698113,-0.009433962264150941,0.4076086956521739,0.4128686327077748,-0.005259937055600905,0.7367789274362615,0.7387358828700886,-0.0019569554338271233,0.41951651268075923,0.4202471686392214,-0.0007306559584621675
Logistic Regression,returns,0.2,24,9906919338733013823,0.8177710843373494,0.8192771084337349,-0.001506024096385561,0.6871576384662204,0.6880536958138905,-0.0008960573476701761,0.4375,0.4411764705882353,-0.003676470588235281,0.49528301886792453,0.49528301886792453,0.0,0.4646017699115044,0.4666666666666667,-0.002064896755162249,0.7659768715763846,0.7657613106106715,0.0002155609657130686,0.41398774616347356,0.41490379329728994,-0.0009160471338163778
Random Forest,returns,0.2,24,9906919338733013823,0.8358433734939759,0.8320783132530121,0.003765060240963791,0.640596469872185,0.6383563265030094,0.0022401433691755512,0.4807692307692308,0.4658385093167702,0.014930721452460605,0.35377358490566035,0.35377358490566035,0.0,0.4076086956521739,0.40214477211796246,0.0054639235342114345,0.7367789274362615,0.7361406979103267,0.0006382295259348414,0.41951651268075923,0.4164704935636612,0.003046019117098009
Logistic Regression,returns,0.2,25,5496164194522052609,0.8177710843373494,0.8170180722891566,0.0007530120481927804,0.6871576384662204,0.6867096097923852,0.00044802867383519906,0.4375,0.43568464730290457,0.0018153526970954292,0.49528301886792453,0.49528301886792453,0.0,0.4646017699115044,0.46357615894039733,0.0010256109711070938,0.7659768715763846,0.7652583350240075,0.0007185365523770804,0.41398774616347356,0.4134390097273385,0.0005487364361350666
Random Forest,returns,0.2,25,5496164194522052609,0.8358433734939759,0.838855421686747,-0.003012048192771122,0.640596469872185,0.6500304321363359,-0.009433962264150941,0.4807692307692308,0.49375,-0.01298076923076924,0.35377358490566035,0.37264150943396224,-0.018867924528301883,0.4076086956521739,0.42473118279569894,-0.017122487143525045,0.7367789274362615,0.7378102387232028,-0.0010313112869413388,0.41951651268075923,0.42060217731486094,-0.0010856646341017018
Logistic Regression,returns,0.2,26,11900540111944590045,0.8177710843373494,0.8192771084337349,-0.001506024096385561,0.6871576384662204,0.6880536958138905,-0.0008960573476701761,0.4375,0.4411764705882353,-0.003676470588235281,0.49528301886792453,0.49528301886792453,0.0,0.4646017699115044,0.4666666666666667,-0.002064896755162249,0.7659768715763846,0.765634510042605,0.00034236153377964484,0.41398774616347356,0.41593292652298375,-0.0019451803595101902
Random Forest,returns,0.2,26,11900540111944590045,0.8358433734939759,0.838855421686747,-0.003012048192771122,0.640596469872185,0.6462095083519308,-0.005613038479745813,0.4807692307692308,0.4935897435897436,-0.01282051282051283,0.35377358490566035,0.3632075471698113,-0.009433962264150941,0.4076086956521739,0.41847826086956524,-0.010869565217391353,0.7367789274362615,0.7358659633461825,0.0009129640900790159,0.41951651268075923,0.4174493541237265,0.002067158557032711
Logistic Regression,returns,0.2,27,12563308868558974605,0.8177710843373494,0.8155120481927711,0.0022590361445782303,0.6871576384662204,0.6839030905525123,0.00325454791370805,0.4375,0.4315352697095436,0.00596473029045641,0.49528301886792453,0.49056603773584906,0.004716981132075471,0.4646017699115044,0.45916114790286977,0.005440622008634655,0.7659768715763846,0.7653344153648475,0.0006424562115371346,0.41398774616347356,0.4129821266746547,0.001005619488818832
Random Forest,returns,0.2,27,12563308868558974605,0.8358433734939759,0.8350903614457831,0.0007530120481927804,0.640596469872185,0.6439693649827551,-0.003372895110570151,0.4807692307692308,0.4782608695652174,0.0025083612040133763,0.35377358490566035,0.3632075471698113,-0.009433962264150941,0.4076086956521739,0.4128686327077748,-0.005259937055600905,0.7367789274362615,0.7406970649895178,-0.003918137553256318,0.41951651268075923,0.4223747444491786,-0.0028582317684193725
Logistic Regression,returns,0.2,28,104108071329392888,0.8177710843373494,0.8177710843373494,0.0,0.6871576384662204,0.6890681003584229,-0.001910461892202564,0.4375,0.4380165289256198,-0.0005165289256198191,0.49528301886792453,0.5,-0.004716981132075471,0.4646017699115044,0.4669603524229075,-0.0023585825114030845,0.7659768715763846,0.7664418069926286,-0.0004649354162440389,0.41398774616347356,0.41310753888252555,0.0008802072809480088
Random Forest,returns,0.2,28,104108071329392888,0.8358433734939759,0.8373493975903614,-0.001506024096385561,0.640596469872185,0.6548657604652736,-0.014269290593088568,0.4807692307692308,0.4880952380952381,-0.0073260073260073,0.35377358490566035,0.3867924528301887,-0.03301886792452835,0.4076086956521739,0.43157894736842106,-0.02397025171624717,0.7367789274362615,0.7338667410563333,0.0029121863799281833,0.41951651268075923,0.4190050286106689,0.0005114840700903289
Logistic Regression,returns,0.2,29,7546268216210250791,0.8177710843373494,0.8155120481927711,0.0022590361445782303,0.6871576384662204,0.6819926286603097,0.005165009805910614,0.4375,0.4309623430962343,0.006537656903765676,0.49528301886792453,0.4858490566037736,0.009433962264150941,0.4646017699115044,0.4567627494456763,0.007839020465828128,0.7659768715763846,0.764239703793873,0.0017371677825116505,0.41398774616347356,0.41297819879981784,0.0010095473636557162
Random Forest,returns,0.2,29,7546268216210250791,0.8358433734939759,0.8381024096385542,-0.0022590361445783413,0.640596469872185,0.6514928653547034,-0.010896395482518417,0.4807692307692308,0.49079754601226994,-0.010028315243039154,0.35377358490566035,0.37735849056603776,-0.02358490566037741,0.4076086956521739,0.4266666666666667,-0.019057971014492803,0.7367789274362615,0.736381618989653,0.00039730844660845754,0.41951651268075923,0.4172578304319337,0.0022586822488255276
Logistic Regression,returns,0.5,0,6972886463542902739,0.8177710843373494,0.8102409638554217,0.0075301204819276935,0.6871576384662204,0.682677351727869,0.0044802867383513245,0.4375,0.42,0.017500000000000016,0.49528301886792453,0.49528301886792453,0.0,0.4646017699115044,0.45454545454545453,0.010056315366049895,0.7659768715763846,0.7612514370731047,0.0047254345032798906,0.41398774616347356,0.4043598729882541,0.009627873175219459
Random Forest,returns,0.5,0,6972886463542902739,0.8358433734939759,0.829066265060241,0.006777108433734913,0.640596469872185,0.6308328261310611,0.009763643741123929,0.4807692307692308,0.4528301886792453,0.02793904208998549,0.35377358490566035,0.33962264150943394,0.014150943396226412,0.4076086956521739,0.3881401617250674,0.019468533927106513,0.7367789274362615,0.7371931426252789,-0.0004142151890174084,0.41951651268075923,0.4105673274951835,0.008949185185575748
Logistic Regression,returns,0.5,1,174164458271622556,0.8177710843373494,0.8215361445783133,-0.0037650602409639022,0.6871576384662204,0.6970396294042065,-0.00988199093798614,0.4375,0.448559670781893,-0.011059670781893016,0.49528301886792453,0.5141509433962265,-0.018867924528301938,0.4646017699115044,0.47912087912087914,-0.014519109209374714,0.7659768715763846,0.7647469060661392,0.0012299655102454565,0.41398774616347356,0.4148710236422529,-0.0008832774787793651
Random Forest,returns,0.5,1,174164458271622556,0.8358433734939759,0.8426204819277109,-0.006777108433735024,0.640596469872185,0.6560914992899168,-0.015495029417731843,0.4807692307692308,0.5094339622641509,-0.02866473149492016,0.35377358490566035,0.38207547169811323,-0.02830188679245288,0.4076086956521739,0.4366576819407008,-0.029048986288526923,0.7367789274362615,0.7403335700277269,-0.003554642591465429,0.41951651268075923,0.42092840881897986,-0.0014118961382206252
Logistic Regression,returns,0.5,2,15632741159132046294,0.8177710843373494,0.8117469879518072,0.0060240963855421326,0.6871576384662204,0.6835734090755393,0.0035842293906810374,0.4375,0.42338709677419356,0.014112903225806439,0.49528301886792453,0.49528301886792453,0.0,0.4646017699115044,0.45652173913043476,0.00808003078106967,0.7659768715763846,0.7591507743288023,0.006826097247582319,0.41398774616347356,0.4073059728963779,0.006681773267095681
Random Forest,returns,0.5,2,15632741159132046294,0.8358433734939759,0.8350903614457831,0.0007530120481927804,0.640596469872185,0.6420589030905525,-0.001462433218367476,0.4807692307692308,0.4779874213836478,0.0027818093855829784,0.35377358490566035,0.3584905660377358,-0.004716981132075471,0.4076086956521739,0.40970350404312667,-0.0020948083909527737,0.7367789274362615,0.7247201934131331,0.012058734023128403,0.41951651268075923,0.410842695477914,0.008673817202845213
Logistic Regression,returns,0.5,3,9386593497938378269,0.8177710843373494,0.8132530120481928,0.004518072289156572,0.6871576384662204,0.6863799283154122,0.0007777101508081863,0.4375,0.4274193548387097,0.010080645161290314,0.49528301886792453,0.5,-0.004716981132075471,0.4646017699115044,0.4608695652173913,0.003732204694113117,0.7659768715763846,0.7643707310475416,0.001606140528843003,0.41398774616347356,0.41562174534548857,-0.0016339991820150113
Random Forest,returns,0.5,3,9386593497938378269,0.8358433734939759,0.8403614457831325,-0.004518072289156683,0.640596469872185,0.6547474132684115,-0.014150943396226467,0.4807692307692308,0.5,-0.019230769230769218,0.35377358490566035,0.38207547169811323,-0.02830188679245288,0.4076086956521739,0.43315508021390375,-0.025546384561729862,0.7367789274362615,0.738144146885778,-0.0013652194495165082,0.41951651268075923,0.4186948571848008,0.0008216554959584177
Logistic Regression,returns,0.5,4,12569479841927951455,0.8177710843373494,0.8087349397590361,0.009036144578313254,0.6871576384662204,0.6741394468113884,0.013018191654831979,0.4375,0.4139344262295082,0.023565573770491788,0.49528301886792453,0.47641509433962265,0.018867924528301883,0.4646017699115044,0.44298245614035087,0.02161931377115356,0.7659768715763846,0.7683818556840467,-0.0024049841076621004,0.41398774616347356,0.4072389970584236,0.006748749105049967
Random Forest,returns,0.5,4,12569479841927951455,0.8358433734939759,0.8373493975903614,-0.001506024096385561,0.640596469872185,0.6491343747886658,-0.008537904916480765,0.4807692307692308,0.4876543209876543,-0.00688509021842354,0.35377358490566035,0.37264150943396224,-0.018867924528301883,0.4076086956521739,0.42245989304812837,-0.014851197395954474,0.7367789274362615,0.7419270304997634,-0.005148103063501885,0.41951651268075923,0.41836809038496586,0.001148422295793372
Logistic Regression,returns,0.5,5,16910500343819432221,0.8177710843373494,0.8132530120481928,0.004518072289156572,0.6871576384662204,0.6863799283154122,0.0007777101508081863,0.4375,0.4274193548387097,0.010080645161290314,0.49528301886792453,0.5,-0.004716981132075471,0.4646017699115044,0.4608695652173913,0.003732204694113117,0.7659768715763846,0.7621770812199905,0.003799790356394106,0.41398774616347356,0.41160298212639107,0.0023847640370824874
Random Forest,returns,0.5,5,16910500343819432221,0.8358433734939759,0.8373493975903614,-0.001506024096385561,0.640596469872185,0.6472239128964631,-0.00662744302427809,0.4807692307692308,0.4875,-0.006730769230769207,0.35377358490566035,0.36792452830188677,-0.014150943396226412,0.4076086956521739,0.41935483870967744,-0.011746143057503544,0.7367789274362615,0.7365380063569352,0.00024092107932627282,0.41951651268075923,0.4158000480061041,0.00371646467465514
Logistic Regression,returns,0.5,6,311758638472053186,0.8177710843373494,0.8117469879518072,0.0060240963855421326,0.6871576384662204,0.6778420233989315,0.00931561506728884,0.4375,0.4214876033057851,0.016012396694214892,0.49528301886792453,0.4811320754716981,0.014150943396226412,0.4646017699115044,0.44933920704845814,0.01526256286304628,0.7659768715763846,0.7616698789477243,0.0043069926286603,0.41398774616347356,0.4095186290543675,0.00446911710910608
Random Forest,returns,0.5,6,311758638472053186,0.8358433734939759,0.838855421686747,-0.003012048192771122,0.640596469872185,0.6500304321363359,-0.009433962264150941,0.4807692307692308,0.49375,-0.01298076923076924,0.35377358490566035,0.37264150943396224,-0.018867924528301883,0.4076086956521739,0.42473118279569894,-0.017122487143525045,0.7367789274362615,0.7331101643335363,0.0036687631027252365,0.41951651268075923,0.42068455484968653,-0.0011680421689272968
Logistic Regression,returns,0.5,7,8596327352970602327,0.8177710843373494,0.8162650602409639,0.0015060240963854499,0.6871576384662204,0.6862615811185501,0.0008960573476702871,0.4375,0.43388429752066116,0.003615702479338845,0.49528301886792453,0.49528301886792453,0.0,0.4646017699115044,0.46255506607929514,0.0020467038322092845,0.7659768715763846,0.7554735578548726,0.010503313721512031,0.41398774616347356,0.39840651018382167,0.015581235979651886
Random Forest,returns,0.5,7,8596327352970602327,0.8358433734939759,0.8381024096385542,-0.0022590361445783413,0.640596469872185,0.6534033272469061,-0.012806857374721092,0.4807692307692308,0.4909090909090909,-0.010139860139860124,0.35377358490566035,0.38207547169811323,-0.02830188679245288,0.4076086956521739,0.4297082228116711,-0.0220995271594972,0.7367789274362615,0.7337610739162779,0.0030178535199836265,0.41951651268075923,0.4170248718105676,0.002491640870191658
Logistic Regression,returns,0.5,8,2344661451245090575,0.8177710843373494,0.8162650602409639,0.0015060240963854499,0.6871576384662204,0.6919929667951579,-0.004835328328937516,0.4375,0.43548387096774194,0.0020161290322580627,0.49528301886792453,0.5094339622641509,-0.014150943396226412,0.4646017699115044,0.46956521739130436,-0.004963447479799932,0.7659768715763846,0.7680775343206871,-0.0021006627443025394,0.41398774616347356,0.4119954137092708,0.001992332454202772
Random Forest,returns,0.5,8,2344661451245090575,0.8358433734939759,0.8381024096385542,-0.0022590361445783413,0.640596469872185,0.6495824034625008,-0.008985933590315853,0.4807692307692308,0.4906832298136646,-0.009913999044433797,0.35377358490566035,0.37264150943396224,-0.018867924528301883,0.4076086956521739,0.42359249329758714,-0.015983797645413245,0.7367789274362615,0.7401095556908095,-0.003330628254547996,0.41951651268075923,0.4164727055832548,0.0030438070975044584
Logistic Regression,returns,0.5,9,11510902708733147652,0.8177710843373494,0.8094879518072289,0.008283132530120474,0.6871576384662204,0.6822293230540339,0.0049283154121864126,0.4375,0.41832669322709165,0.01917330677290835,0.49528301886792453,0.49528301886792453,0.0,0.4646017699115044,0.4535637149028078,0.011038055008696646,0.7659768715763846,0.7663403665381754,-0.0003634949617907779,0.41398774616347356,0.40675979135942214,0.0072279548040514174
Random Forest,returns,0.5,9,11510902708733147652,0.8358433734939759,0.8411144578313253,-0.005271084337349463,0.640596469872185,0.653284980050044,-0.012688510177858991,0.4807692307692308,0.5031446540880503,-0.02237542331881953,0.35377358490566035,0.37735849056603776,-0.02358490566037741,0.4076086956521739,0.431266846361186,-0.023658150709012116,0.7367789274362615,0.7308827010211671,0.005896226415094352,0.41951651268075923,0.4184026543388719,0.0011138583418873194
Logistic Regression,returns,0.5,10,12347066286055118110,0.8177710843373494,0.8155120481927711,0.0022590361445782303,0.6871576384662204,0.6839030905525123,0.00325454791370805,0.4375,0.4315352697095436,0.00596473029045641,0.49528301886792453,0.49056603773584906,0.004716981132075471,0.4646017699115044,0.45916114790286977,0.005440622008634655,0.7659768715763846,0.7624983093257591,0.003478562250625483,0.41398774616347356,0.4049055297012124,0.00908221646226115
Random Forest,returns,0.5,10,12347066286055118110,0.8358433734939759,0.8373493975903614,-0.001506024096385561,0.640596469872185,0.6491343747886658,-0.008537904916480765,0.4807692307692308,0.4876543209876543,-0.00688509021842354,0.35377358490566035,0.37264150943396224,-0.018867924528301883,0.4076086956521739,0.42245989304812837,-0.014851197395954474,0.7367789274362615,0.7389176303509839,-0.0021387029147224013,0.41951651268075923,0.4176420870308063,0.0018744256499529377
Logistic Regression,returns,0.5,11,16219408746759993739,0.8177710843373494,0.8102409638554217,0.0075301204819276935,0.6871576384662204,0.6769459660512612,0.010211672414959128,0.4375,0.4180327868852459,0.01946721311475408,0.49528301886792453,0.4811320754716981,0.014150943396226412,0.4646017699115044,0.4473684210526316,0.017233348858872843,0.7659768715763846,0.7652625617096097,0.0007143098667748982,0.41398774616347356,0.4155373641693315,-0.0015496180058579556
Random Forest,returns,0.5,11,16219408746759993739,0.8358433734939759,0.8335843373493976,0.0022590361445782303,0.640596469872185,0.6354314600662745,0.005165009805910503,0.4807692307692308,0.47096774193548385,0.00980148883374693,0.35377358490566035,0.3443396226415094,0.009433962264150941,0.4076086956521739,0.3978201634877384,0.009788532164435482,0.7367789274362615,0.7283509163454386,0.008428011090822918,0.41951651268075923,0.408221400215696,0.011295112465063262
Logistic Regression,returns,0.5,12,10979907028845886195,0.8177710843373494,0.8162650602409639,0.0015060240963854499,0.6871576384662204,0.6805301954419423,0.00662744302427809,0.4375,0.4322033898305085,0.005296610169491511,0.49528301886792453,0.4811320754716981,0.014150943396226412,0.4646017699115044,0.45535714285714285,0.009244627054361576,0.7659768715763846,0.7659641915195781,1.2680056806546602e-05,0.41398774616347356,0.41436511255405106,-0.0003773663905775049
Random Forest,returns,0.5,12,10979907028845886195,0.8358433734939759,0.8343373493975904,0.0015060240963854499,0.640596469872185,0.6435213363089201,-0.002924866436735063,0.4807692307692308,0.47530864197530864,0.005460588793922139,0.35377358490566035,0.3632075471698113,-0.009433962264150941,0.4076086956521739,0.4117647058823529,-0.00415601023017903,0.7367789274362615,0.7418932170149455,-0.005114289578683984,0.41951651268075923,0.4175922059967862,0.0019243066839730316
Logistic Regression,returns,0.5,13,122548064129425871,0.8177710843373494,0.8185240963855421,-0.0007530120481927804,0.6871576384662204,0.6914265909244607,-0.004268952458240327,0.4375,0.4403292181069959,-0.002829218106995879,0.49528301886792453,0.5047169811320755,-0.009433962264150997,0.4646017699115044,0.4703296703296703,-0.005727900418165899,0.7659768715763846,0.7629505646851966,0.003026306891187991,0.41398774616347356,0.4159829006479667,-0.001995154484493167
Random Forest,returns,0.5,13,122548064129425871,0.8358433734939759,0.8373493975903614,-0.001506024096385561,0.640596469872185,0.6510448366808683,-0.01044836680868333,0.4807692307692308,0.4878048780487805,-0.007035647279549695,0.35377358490566035,0.37735849056603776,-0.02358490566037741,0.4076086956521739,0.425531914893617,-0.017923219241443133,0.7367789274362615,0.7444080949482653,-0.0076291675120038205,0.41951651268075923,0.4175923723089315,0.0019241403718277539
Logistic Regression,returns,0.5,14,15479977697847897667,0.8177710843373494,0.8079819277108434,0.009789156626505924,0.6871576384662204,0.6775123419219585,0.009645296544261828,0.4375,0.41365461847389556,0.023845381526104437,0.49528301886792453,0.4858490566037736,0.009433962264150941,0.4646017699115044,0.44685466377440347,0.017747106137100954,0.7659768715763846,0.7617290525461554,0.004247819030229194,0.41398774616347356,0.40660095642438043,0.007386789739093125
Random Forest,returns,0.5,14,15479977697847897667,0.8358433734939759,0.8381024096385542,-0.0022590361445783413,0.640596469872185,0.6514928653547034,-0.010896395482518417,0.4807692307692308,0.49079754601226994,-0.010028315243039154,0.35377358490566035,0.37735849056603776,-0.02358490566037741,0.4076086956521739,0.4266666666666667,-0.019057971014492803,0.7367789274362615,0.7398517278690743,-0.0030728004328127723,0.41951651268075923,0.42030561105593867,-0.0007890983751794312
Logistic Regression,returns,0.5,15,16500929233827276553,0.8177710843373494,0.8125,0.005271084337349352,0.6871576384662204,0.676379590180564,0.010778048285656316,0.4375,0.4225941422594142,0.014905857740585782,0.49528301886792453,0.47641509433962265,0.018867924528301883,0.4646017699115044,0.44789356984478934,0.016708200066715084,0.7659768715763846,0.7615557584364645,0.004421113139920108,0.41398774616347356,0.409799890527349,0.00418785563612456
Random Forest,returns,0.5,15,16500929233827276553,0.8358433734939759,0.8381024096385542,-0.0022590361445783413,0.640596469872185,0.6495824034625008,-0.008985933590315853,0.4807692307692308,0.4906832298136646,-0.009913999044433797,0.35377358490566035,0.37264150943396224,-0.018867924528301883,0.4076086956521739,0.42359249329758714,-0.015983797645413245,0.7367789274362615,0.7263939609116115,0.010384966524650041,0.41951651268075923,0.4167592628818532,0.002757249798906014
Logistic Regression,returns,0.5,16,4847805646513114984,0.8177710843373494,0.8125,0.005271084337349352,0.6871576384662204,0.6821109758571718,0.005046662609048513,0.4375,0.42448979591836733,0.01301020408163267,0.49528301886792453,0.49056603773584906,0.004716981132075471,0.4646017699115044,0.4551422319474836,0.009459537964020825,0.7659768715763846,0.7628787110299587,0.0030981605464258655,0.41398774616347356,0.41051157982693043,0.0034761663365431295
Random Forest,returns,0.5,16,4847805646513114984,0.8358433734939759,0.8411144578313253,-0.005271084337349463,0.640596469872185,0.6513745181578413,-0.010778048285656316,0.4807692307692308,0.5031847133757962,-0.022415482606565396,0.35377358490566035,0.37264150943396224,-0.018867924528301883,0.4076086956521739,0.4281842818428184,-0.020575586190644535,0.7367789274362615,0.7368381010346926,-5.917359843110592e-05,0.41951651268075923,0.4145678185984863,0.004948694082272942
Logistic Regression,returns,0.5,17,3475818598297247300,0.8177710843373494,0.8079819277108434,0.009789156626505924,0.6871576384662204,0.6736914181375533,0.013466220328667067,0.4375,0.4122448979591837,0.025255102040816324,0.49528301886792453,0.47641509433962265,0.018867924528301883,0.4646017699115044,0.4420131291028446,0.0225886408086598,0.7659768715763846,0.7607611415432475,0.005215730033137134,0.41398774616347356,0.40863996094181787,0.005347785221655688
Random Forest,returns,0.5,17,3475818598297247300,0.8358433734939759,0.8403614457831325,-0.004518072289156683,0.640596469872185,0.6509264894840062,-0.010330019611821228,0.4807692307692308,0.5,-0.019230769230769218,0.35377358490566035,0.37264150943396224,-0.018867924528301883,0.4076086956521739,0.42702702702702705,-0.01941833137485316,0.7367789274362615,0.7308827010211673,0.005896226415094241,0.41951651268075923,0.410949349431442,0.008567163249317222
Logistic Regression,returns,0.5,18,18329331937973962247,0.8177710843373494,0.8162650602409639,0.0015060240963854499,0.6871576384662204,0.6881720430107527,-0.001014404544532388,0.4375,0.4344262295081967,0.003073770491803296,0.49528301886792453,0.5,-0.004716981132075471,0.4646017699115044,0.4649122807017544,-0.00031051079024996264,0.7659768715763846,0.7633563265030093,0.00262054507337528,0.41398774616347356,0.4147052051372875,-0.0007174589738139225
Random Forest,returns,0.5,18,18329331937973962247,0.8358433734939759,0.8343373493975904,0.0015060240963854499,0.640596469872185,0.6339690268479069,0.00662744302427809,0.4807692307692308,0.47368421052631576,0.007085020242915019,0.35377358490566035,0.33962264150943394,0.014150943396226412,0.4076086956521739,0.3956043956043956,0.012004300047778305,0.7367789274362615,0.7367704740650571,8.453371204364402e-06,0.41951651268075923,0.41692996250047926,0.0025865501802799784
Logistic Regression,returns,0.5,19,5274962993730323616,0.8177710843373494,0.8140060240963856,0.003765060240963791,0.6871576384662204,0.6868279569892473,0.00032968147697309824,0.4375,0.4291497975708502,0.0083502024291498,0.49528301886792453,0.5,-0.004716981132075471,0.4646017699115044,0.46187363834422657,0.0027281315672778583,0.7659768715763846,0.7654316291336986,0.0005452424426860558,0.41398774616347356,0.4117000023965191,0.002287743766954453
Random Forest,returns,0.5,19,5274962993730323616,0.8358433734939759,0.8350903614457831,0.0007530120481927804,0.640596469872185,0.6458798268749577,-0.005283357002772715,0.4807692307692308,0.4785276073619632,0.002241623407267579,0.35377358490566035,0.36792452830188677,-0.014150943396226412,0.4076086956521739,0.416,-0.00839130434782609,0.7367789274362615,0.7339893149387975,0.0027896124974640113,0.41951651268075923,0.4115524031771605,0.007964109503598715
Logistic Regression,returns,0.5,20,14063960591600183514,0.8177710843373494,0.8102409638554217,0.0075301204819276935,0.6871576384662204,0.6750355041590587,0.012122134307161692,0.4375,0.41735537190082644,0.020144628099173556,0.49528301886792453,0.47641509433962265,0.018867924528301883,0.4646017699115044,0.44493392070484583,0.019667849206658594,0.7659768715763846,0.7594846824913776,0.0064921890850070385,0.41398774616347356,0.41480365206428893,-0.0008159059008153724
Random Forest,returns,0.5,20,14063960591600183514,0.8358433734939759,0.8358433734939759,0.0,0.640596469872185,0.6425069317643877,-0.001910461892202675,0.4807692307692308,0.4810126582278481,-0.00024342745861732906,0.35377358490566035,0.3584905660377358,-0.004716981132075471,0.4076086956521739,0.41081081081081083,-0.0032021151586369423,0.7367789274362615,0.727061777236762,0.00971715019949948,0.41951651268075923,0.4132526217578767,0.006263890922882542
Logistic Regression,returns,0.5,21,11230653968563813585,0.8177710843373494,0.8170180722891566,0.0007530120481927804,0.6871576384662204,0.6886200716845878,-0.001462433218367476,0.4375,0.43621399176954734,0.001286008230452662,0.49528301886792453,0.5,-0.004716981132075471,0.4646017699115044,0.46593406593406594,-0.0013322960225615188,0.7659768715763846,0.7643073307635085,0.0016695408128760691,0.41398774616347356,0.4088352622363368,0.005152483927136742
Random Forest,returns,0.5,21,11230653968563813585,0.8358433734939759,0.8381024096385542,-0.0022590361445783413,0.640596469872185,0.6476719415702982,-0.007075471698113178,0.4807692307692308,0.49056603773584906,-0.009796806966618277,0.35377358490566035,0.36792452830188677,-0.014150943396226412,0.4076086956521739,0.42048517520215634,-0.012876479549982445,0.7367789274362615,0.7401475958612294,-0.003368668424967858,0.41951651268075923,0.4187860762950961,0.0007304363856631135
Logistic Regression,returns,0.5,22,7600967994624149372,0.8177710843373494,0.8125,0.005271084337349352,0.6871576384662204,0.6859318996415771,0.0012257388246432743,0.4375,0.42570281124497994,0.01179718875502006,0.49528301886792453,0.5,-0.004716981132075471,0.4646017699115044,0.4598698481561822,0.0047319217553222215,0.7659768715763846,0.762882937715561,0.0030939338608235722,0.41398774616347356,0.4102859780568746,0.003701768106598946
Random Forest,returns,0.5,22,7600967994624149372,0.8358433734939759,0.8373493975903614,-0.001506024096385561,0.640596469872185,0.6491343747886658,-0.008537904916480765,0.4807692307692308,0.4876543209876543,-0.00688509021842354,0.35377358490566035,0.37264150943396224,-0.018867924528301883,0.4076086956521739,0.42245989304812837,-0.014851197395954474,0.7367789274362615,0.7411493203489552,-0.004370392912693699,0.41951651268075923,0.41844688401900115,0.001069628661758082
Logistic Regression,returns,0.5,23,6834853538426647588,0.8177710843373494,0.8102409638554217,0.0075301204819276935,0.6871576384662204,0.6788564279434639,0.008301210522756453,0.4375,0.4186991869918699,0.01880081300813008,0.49528301886792453,0.4858490566037736,0.009433962264150941,0.4646017699115044,0.4497816593886463,0.014820110522858143,0.7659768715763846,0.7643326908771217,0.001644180699262865,0.41398774616347356,0.4118846330516592,0.002103113111814381
Random Forest,returns,0.5,23,6834853538426647588,0.8358433734939759,0.8365963855421686,-0.0007530120481927804,0.640596469872185,0.646775884222628,-0.006179414350443002,0.4807692307692308,0.484472049689441,-0.003702818920210238,0.35377358490566035,0.36792452830188677,-0.014150943396226412,0.4076086956521739,0.41823056300268097,-0.010621867350507075,0.7367789274362615,0.7377679718671807,-0.0009890444309191837,0.41951651268075923,0.4151870028080863,0.004329509872672943
Logistic Regression,returns,0.5,24,7737637154461185912,0.8177710843373494,0.8147590361445783,0.0030120481927710108,0.6871576384662204,0.6853655237708798,0.0017921146953405742,0.4375,0.430327868852459,0.0071721311475410054,0.49528301886792453,0.49528301886792453,0.0,0.4646017699115044,0.4605263157894737,0.004075454122030753,0.7659768715763846,0.7634915804422804,0.0024852911341042283,0.41398774616347356,0.4136023370049981,0.0003854091584754582
Random Forest,returns,0.5,24,7737637154461185912,0.8358433734939759,0.8373493975903614,-0.001506024096385561,0.640596469872185,0.6472239128964631,-0.00662744302427809,0.4807692307692308,0.4875,-0.006730769230769207,0.35377358490566035,0.36792452830188677,-0.014150943396226412,0.4076086956521739,0.41935483870967744,-0.011746143057503544,0.7367789274362615,0.7385541353891931,-0.0017752079529316234,0.41951651268075923,0.41460035396408096,0.004916158716678276
Logistic Regression,returns,0.5,25,12724081235024219298,0.8177710843373494,0.8177710843373494,0.0,0.6871576384662204,0.6909785622506256,-0.003820923784405239,0.4375,0.4385245901639344,-0.0010245901639344135,0.49528301886792453,0.5047169811320755,-0.009433962264150997,0.4646017699115044,0.4692982456140351,-0.004696475702530678,0.7659768715763846,0.763077365253263,0.0028995063231216367,0.41398774616347356,0.4095318181641454,0.004455927999328146
Random Forest,returns,0.5,25,12724081235024219298,0.8358433734939759,0.8426204819277109,-0.006777108433735024,0.640596469872185,0.6560914992899168,-0.015495029417731843,0.4807692307692308,0.5094339622641509,-0.02866473149492016,0.35377358490566035,0.38207547169811323,-0.02830188679245288,0.4076086956521739,0.4366576819407008,-0.029048986288526923,0.7367789274362615,0.7331566578751607,0.0036222695611007882,0.41951651268075923,0.4143352556536479,0.005181257027111308
Logistic Regression,returns,0.5,26,14968017147558404640,0.8177710843373494,0.8087349397590361,0.009036144578313254,0.6871576384662204,0.6798708324879963,0.007286805978224065,0.4375,0.416,0.02150000000000002,0.49528301886792453,0.49056603773584906,0.004716981132075471,0.4646017699115044,0.45021645021645024,0.014385319695054188,0.7659768715763846,0.7641678501386353,0.001809021437749303,0.41398774616347356,0.4173221001979526,-0.0033343540344790146
Random Forest,returns,0.5,26,14968017147558404640,0.8358433734939759,0.8350903614457831,0.0007530120481927804,0.640596469872185,0.649700750659363,-0.009104280787177954,0.4807692307692308,0.47904191616766467,0.00172731460156611,0.35377358490566035,0.37735849056603776,-0.02358490566037741,0.4076086956521739,0.42216358839050133,-0.01455489273832744,0.7367789274362615,0.7329833637654697,0.0037955636707918128,0.41951651268075923,0.4116893443734885,0.00782716830727076
Logistic Regression,returns,0.5,27,10947302516221504375,0.8177710843373494,0.8170180722891566,0.0007530120481927804,0.6871576384662204,0.6886200716845878,-0.001462433218367476,0.4375,0.43621399176954734,0.001286008230452662,0.49528301886792453,0.5,-0.004716981132075471,0.4646017699115044,0.46593406593406594,-0.0013322960225615188,0.7659768715763846,0.7631027253668763,0.0028741462095083214,0.41398774616347356,0.41051488005283887,0.003472866110634687
Random Forest,returns,0.5,27,10947302516221504375,0.8358433734939759,0.8396084337349398,-0.0037650602409639022,0.640596469872185,0.650478460810171,-0.00988199093798603,0.4807692307692308,0.4968553459119497,-0.016086115142718904,0.35377358490566035,0.37264150943396224,-0.018867924528301883,0.4076086956521739,0.42587601078167114,-0.018267315129497252,0.7367789274362615,0.7414790018259283,-0.004700074389666797,0.41951651268075923,0.41983379307470436,-0.00031728039394512964
Logistic Regression,returns,0.5,28,8504721317126568183,0.8177710843373494,0.8170180722891566,0.0007530120481927804,0.6871576384662204,0.6867096097923852,0.00044802867383519906,0.4375,0.43568464730290457,0.0018153526970954292,0.49528301886792453,0.49528301886792453,0.0,0.4646017699115044,0.46357615894039733,0.0010256109711070938,0.7659768715763846,0.7650892675999188,0.0008876039764658117,0.41398774616347356,0.40908435136084886,0.004903394802624694
Random Forest,returns,0.5,28,8504721317126568183,0.8358433734939759,0.8403614457831325,-0.004518072289156683,0.640596469872185,0.6528369513762089,-0.012240481504023903,0.4807692307692308,0.5,-0.019230769230769218,0.35377358490566035,0.37735849056603776,-0.02358490566037741,0.4076086956521739,0.43010752688172044,-0.022498831229546545,0.7367789274362615,0.728765131534456,0.00801379590180551,0.41951651268075923,0.419546859023032,-3.0346342272780102e-05
Logistic Regression,returns,0.5,29,5808409415700678635,0.8177710843373494,0.8087349397590361,0.009036144578313254,0.6871576384662204,0.6741394468113884,0.013018191654831979,0.4375,0.4139344262295082,0.023565573770491788,0.49528301886792453,0.47641509433962265,0.018867924528301883,0.4646017699115044,0.44298245614035087,0.02161931377115356,0.7659768715763846,0.7599453912220193,0.006031480354365293,0.41398774616347356,0.4090885837055961,0.004899162457877471
Random Forest,returns,0.5,29,5808409415700678635,0.8358433734939759,0.838855421686747,-0.003012048192771122,0.640596469872185,0.6519408940285386,-0.011344424156353616,0.4807692307692308,0.49382716049382713,-0.013057929724596351,0.35377358490566035,0.37735849056603776,-0.02358490566037741,0.4076086956521739,0.42780748663101603,-0.02019879097884214,0.7367789274362615,0.7334821126665314,0.0032968147697300942,0.41951651268075923,0.41506714020535423,0.004449372475405
Logistic Regression,returns,1.0,0,12834064863183971086,0.8177710843373494,0.7989457831325302,0.018825301204819178,0.6871576384662204,0.6797778454047474,0.007379793061472961,0.4375,0.39776951672862454,0.03973048327137546,0.49528301886792453,0.5047169811320755,-0.009433962264150997,0.4646017699115044,0.44490644490644493,0.019695325005059494,0.7659768715763846,0.7526501318725908,0.013326739703793833,0.41398774616347356,0.39154752246469093,0.022440223698782624
Random Forest,returns,1.0,0,12834064863183971086,0.8358433734939759,0.8328313253012049,0.0030120481927710108,0.640596469872185,0.6388043551768445,0.0017921146953404632,0.4807692307692308,0.46875,0.012019230769230782,0.35377358490566035,0.35377358490566035,0.0,0.4076086956521739,0.4032258064516129,0.004382889200561013,0.7367789274362615,0.740620984648678,-0.003842057212416483,0.41951651268075923,0.4109231793214474,0.008593333359311839
Logistic Regression,returns,1.0,1,16952672350206939449,0.8177710843373494,0.8087349397590361,0.009036144578313254,0.6871576384662204,0.6779603705957936,0.00919726787042674,0.4375,0.4153225806451613,0.02217741935483869,0.49528301886792453,0.4858490566037736,0.009433962264150941,0.4646017699115044,0.44782608695652176,0.016775682954982662,0.7659768715763846,0.7588506796510448,0.007126191925339809,0.41398774616347356,0.41015143754850225,0.0038363086149713066
Random Forest,returns,1.0,1,16952672350206939449,0.8358433734939759,0.8396084337349398,-0.0037650602409639022,0.640596469872185,0.6542993845945764,-0.01370291472239138,0.4807692307692308,0.49693251533742333,-0.01616328456819255,0.35377358490566035,0.38207547169811323,-0.02830188679245288,0.4076086956521739,0.432,-0.024391304347826104,0.7367789274362615,0.7388542300669506,-0.002075302630689113,0.41951651268075923,0.4120061753587894,0.007510337321969818
Logistic Regression,returns,1.0,2,1912392493964997324,0.8177710843373494,0.8057228915662651,0.012048192771084265,0.6871576384662204,0.681899641577061,0.0052579968891594,0.4375,0.4108527131782946,0.026647286821705418,0.49528301886792453,0.5,-0.004716981132075471,0.4646017699115044,0.451063829787234,0.013537940124270398,0.7659768715763846,0.7485502468384391,0.01742662473794554,0.41398774616347356,0.3952481164467495,0.01873962971672405
Random Forest,returns,1.0,2,1912392493964997324,0.8358433734939759,0.8358433734939759,0.0,0.640596469872185,0.6444173936565902,-0.003820923784405239,0.4807692307692308,0.48125,-0.00048076923076922906,0.35377358490566035,0.3632075471698113,-0.009433962264150941,0.4076086956521739,0.41397849462365593,-0.0063697989714820435,0.7367789274362615,0.7202737201595997,0.016505207276661826,0.41951651268075923,0.4040831010536751,0.015433411627084115
Logistic Regression,returns,1.0,3,11879666661639377633,0.8177710843373494,0.8072289156626506,0.010542168674698704,0.6871576384662204,0.6866166227091364,0.0005410157570839846,0.4375,0.4153846153846154,0.022115384615384592,0.49528301886792453,0.5094339622641509,-0.014150943396226412,0.4646017699115044,0.4576271186440678,0.006974651267436627,0.7659768715763846,0.7582631703523366,0.00771370122404802,0.41398774616347356,0.4113468607025766,0.002640885460896969
Random Forest,returns,1.0,3,11879666661639377633,0.8358433734939759,0.8418674698795181,-0.006024096385542244,0.640596469872185,0.6537330087238791,-0.01313653885169408,0.4807692307692308,0.5063291139240507,-0.025559883154819885,0.35377358490566035,0.37735849056603776,-0.02358490566037741,0.4076086956521739,0.43243243243243246,-0.024823736780258565,0.7367789274362615,0.7342725028741461,0.0025064245621153614,0.41951651268075923,0.4137401508223312,0.0057763618584280585
Logistic Regression,returns,1.0,4,10538406478495675828,0.8177710843373494,0.7876506024096386,0.030120481927710774,0.6871576384662204,0.6558632582673971,0.031294380198823246,0.4375,0.3684210526315789,0.06907894736842107,0.49528301886792453,0.46226415094339623,0.033018867924528295,0.4646017699115044,0.4100418410041841,0.05455992890732031,0.7659768715763846,0.7655499763305605,0.000426895245824066,0.41398774616347356,0.39519218284246016,0.018795563321013398
Random Forest,returns,1.0,4,10538406478495675828,0.8358433734939759,0.838855421686747,-0.003012048192771122,0.640596469872185,0.6538513559207412,-0.01325488604855618,0.4807692307692308,0.49390243902439024,-0.013133208255159456,0.35377358490566035,0.38207547169811323,-0.02830188679245288,0.4076086956521739,0.4308510638297872,-0.023242368177613326,0.7367789274362615,0.7369141813755327,-0.0001352539392711627,0.41951651268075923,0.41368726480214296,0.005829247878616273
Logistic Regression,returns,1.0,5,10714696981635546463,0.8177710843373494,0.8034638554216867,0.014307228915662606,0.6871576384662204,0.6824660174477581,0.004691621018462211,0.4375,0.4068441064638783,0.030655893536121692,0.49528301886792453,0.5047169811320755,-0.009433962264150997,0.4646017699115044,0.45052631578947366,0.014075454122030762,0.7659768715763846,0.7553636640292147,0.010613207547169878,0.41398774616347356,0.40629152895432885,0.007696217209144707
Random Forest,returns,1.0,5,10714696981635546463,0.8358433734939759,0.8418674698795181,-0.006024096385542244,0.640596469872185,0.6518225468316765,-0.011226076959491516,0.4807692307692308,0.5064102564102564,-0.025641025641025605,0.35377358490566035,0.37264150943396224,-0.018867924528301883,0.4076086956521739,0.42934782608695654,-0.02173913043478265,0.7367789274362615,0.7332073781023872,0.0035715493338742688,0.41951651268075923,0.4169959065945269,0.0025206060862323354
Logistic Regression,returns,1.0,6,11184988535948484604,0.8177710843373494,0.7981927710843374,0.01957831325301196,0.6871576384662204,0.6716879691621018,0.015469669304118527,0.4375,0.3931297709923664,0.0443702290076336,0.49528301886792453,0.4858490566037736,0.009433962264150941,0.4646017699115044,0.4345991561181435,0.030002613793360944,0.7659768715763846,0.753698349901941,0.012278521674443654,0.41398774616347356,0.4018701560992844,0.012117590064189165
Random Forest,returns,1.0,6,11184988535948484604,0.8358433734939759,0.8403614457831325,-0.004518072289156683,0.640596469872185,0.6604787989450193,-0.01988232907283427,0.4807692307692308,0.5,-0.019230769230769218,0.35377358490566035,0.39622641509433965,-0.04245283018867929,0.4076086956521739,0.4421052631578947,-0.03449656750572083,0.7367789274362615,0.7309418746195983,0.005837052816663246,0.41951651268075923,0.41922841545508027,0.0002880972256789627
Logistic Regression,returns,1.0,7,2465980824860534701,0.8177710843373494,0.8049698795180723,0.012801204819277046,0.6871576384662204,0.6776306891188206,0.009526949347399727,0.4375,0.40784313725490196,0.029656862745098045,0.49528301886792453,0.49056603773584906,0.004716981132075471,0.4646017699115044,0.44539614561027835,0.019205624301226076,0.7659768715763846,0.7413479745722595,0.024628897004125072,0.41398774616347356,0.3815602397872869,0.03242750637618663
Random Forest,returns,1.0,7,2465980824860534701,0.8358433734939759,0.8373493975903614,-0.001506024096385561,0.640596469872185,0.652955298573071,-0.012358828700886004,0.4807692307692308,0.4879518072289157,-0.007182576459684897,0.35377358490566035,0.38207547169811323,-0.02830188679245288,0.4076086956521739,0.42857142857142855,-0.020962732919254656,0.7367789274362615,0.7240650571447892,0.012713870291472307,0.41951651268075923,0.41313368175914794,0.006382830921611293
Logistic Regression,returns,1.0,8,2049917412686033994,0.8177710843373494,0.8042168674698795,0.013554216867469826,0.6871576384662204,0.6790931223371881,0.008064516129032251,0.4375,0.4069767441860465,0.030523255813953487,0.49528301886792453,0.49528301886792453,0.0,0.4646017699115044,0.44680851063829785,0.017793259273206574,0.7659768715763846,0.7652160681679853,0.0007608034083993465,0.41398774616347356,0.403275350608887,0.010712395554586585
Random Forest,returns,1.0,8,2049917412686033994,0.8358433734939759,0.838855421686747,-0.003012048192771122,0.640596469872185,0.6481199702441334,-0.007523500371948377,0.4807692307692308,0.4936708860759494,-0.012901655306718607,0.35377358490566035,0.36792452830188677,-0.014150943396226412,0.4076086956521739,0.42162162162162165,-0.014012925969447754,0.7367789274362615,0.734771251775208,0.002007675661053532,0.41951651268075923,0.4071719779097256,0.012344534771033644
Logistic Regression,returns,1.0,9,10009688520260210460,0.8177710843373494,0.8012048192771084,0.016566265060240948,0.6871576384662204,0.6811219314262529,0.006035707039967475,0.4375,0.40225563909774437,0.035244360902255634,0.49528301886792453,0.5047169811320755,-0.009433962264150997,0.4646017699115044,0.4476987447698745,0.016903025141629946,0.7659768715763846,0.760520220463921,0.0054566511124636286,0.41398774616347356,0.39555398285892757,0.01843376330454599
Random Forest,returns,1.0,9,10009688520260210460,0.8358433734939759,0.8373493975903614,-0.001506024096385561,0.640596469872185,0.6453134510042604,-0.004716981132075415,0.4807692307692308,0.4873417721518987,-0.00657254138266794,0.35377358490566035,0.3632075471698113,-0.009433962264150941,0.4076086956521739,0.41621621621621624,-0.008607520564042348,0.7367789274362615,0.7300711773855413,0.006707750050720218,0.41951651268075923,0.41648382025946906,0.003032692421290173
Logistic Regression,returns,1.0,10,2050688151751087255,0.8177710843373494,0.8049698795180723,0.012801204819277046,0.6871576384662204,0.6718993034422127,0.015258335024007641,0.4375,0.40562248995983935,0.03187751004016065,0.49528301886792453,0.47641509433962265,0.018867924528301883,0.4646017699115044,0.43817787418655096,0.02642389572495346,0.7659768715763846,0.7552622235747616,0.010714648001623028,0.41398774616347356,0.3925355692293083,0.021452176934165235
Random Forest,returns,1.0,10,2050688151751087255,0.8358433734939759,0.8373493975903614,-0.001506024096385561,0.640596469872185,0.652955298573071,-0.012358828700886004,0.4807692307692308,0.4879518072289157,-0.007182576459684897,0.35377358490566035,0.38207547169811323,-0.02830188679245288,0.4076086956521739,0.42857142857142855,-0.020962732919254656,0.7367789274362615,0.7374551971326165,-0.0006762696963550363,0.41951651268075923,0.40916396964071206,0.01035254304004718
Logistic Regression,returns,1.0,11,7632879694788592064,0.8177710843373494,0.8049698795180723,0.012801204819277046,0.6871576384662204,0.6738097653344154,0.013347873131804966,0.4375,0.4063745019920319,0.0311254980079681,0.49528301886792453,0.4811320754716981,0.014150943396226412,0.4646017699115044,0.4406047516198704,0.02399701829163403,0.7659768715763846,0.7603004328126056,0.00567643876377899,0.41398774616347356,0.41241795912339085,0.001569787040082704
Random Forest,returns,1.0,11,7632879694788592064,0.8358433734939759,0.8305722891566265,0.005271084337349352,0.640596469872185,0.6298184215865287,0.010778048285656316,0.4807692307692308,0.45806451612903226,0.02270471464019852,0.35377358490566035,0.33490566037735847,0.018867924528301883,0.4076086956521739,0.3869209809264305,0.020687714725743378,0.7367789274362615,0.7220658348549401,0.014713092581321363,0.41951651268075923,0.4015639382904997,0.017952574390259546
Logistic Regression,returns,1.0,12,4128578469283285286,0.8177710843373494,0.8079819277108434,0.009789156626505924,0.6871576384662204,0.6794228038141611,0.007734834652059264,0.4375,0.41434262948207173,0.023157370517928266,0.49528301886792453,0.49056603773584906,0.004716981132075471,0.4646017699115044,0.44924406047516197,0.01535770943634246,0.7659768715763846,0.7619319334550618,0.004044938121322783,0.41398774616347356,0.4080632533349976,0.005924492828475958
Random Forest,returns,1.0,12,4128578469283285286,0.8358433734939759,0.8335843373493976,0.0022590361445782303,0.640596469872185,0.6430733076350849,-0.002476837762899864,0.4807692307692308,0.4723926380368098,0.008376592732420973,0.35377358490566035,0.3632075471698113,-0.009433962264150941,0.4076086956521739,0.4106666666666667,-0.0030579710144927885,0.7367789274362615,0.7458832082234395,-0.009104280787177954,0.41951651268075923,0.42106326488771345,-0.0015467522069542161
Logistic Regression,returns,1.0,13,690975100583322444,0.8177710843373494,0.8177710843373494,0.0,0.6871576384662204,0.6909785622506256,-0.003820923784405239,0.4375,0.4385245901639344,-0.0010245901639344135,0.49528301886792453,0.5047169811320755,-0.009433962264150997,0.4646017699115044,0.4692982456140351,-0.004696475702530678,0.7659768715763846,0.7555158247108946,0.010461046865489987,0.41398774616347356,0.41134067466337526,0.002647071500098297
Random Forest,returns,1.0,13,690975100583322444,0.8358433734939759,0.8433734939759037,-0.0075301204819278045,0.640596469872185,0.6603604517481572,-0.01976398187597217,0.4807692307692308,0.5123456790123457,-0.03157644824311495,0.35377358490566035,0.3915094339622642,-0.03773584905660382,0.4076086956521739,0.44385026737967914,-0.03624157172750525,0.7367789274362615,0.7377595184959762,-0.0009805910597147083,0.41951651268075923,0.41499948528448005,0.004517027396279183
Logistic Regression,returns,1.0,14,12730151662928763271,0.8177710843373494,0.8012048192771084,0.016566265060240948,0.6871576384662204,0.6658382362886319,0.02131940217758843,0.4375,0.396,0.04149999999999998,0.49528301886792453,0.4669811320754717,0.028301886792452824,0.4646017699115044,0.42857142857142855,0.03603034134007588,0.7659768715763846,0.7527642523838507,0.013212619192533914,0.41398774616347356,0.3939383998169349,0.020049346346538655
Random Forest,returns,1.0,14,12730151662928763271,0.8358433734939759,0.8335843373493976,0.0022590361445782303,0.640596469872185,0.6507151552038953,-0.010118685331710342,0.4807692307692308,0.47368421052631576,0.007085020242915019,0.35377358490566035,0.38207547169811323,-0.02830188679245288,0.4076086956521739,0.42297650130548303,-0.015367805653309141,0.7367789274362615,0.7302317914384256,0.006547135997835851,0.41951651268075923,0.40787128044677445,0.011645232233984781
Logistic Regression,returns,1.0,15,6794688145831423027,0.8177710843373494,0.8012048192771084,0.016566265060240948,0.6871576384662204,0.6677486981808345,0.019408940285385867,0.4375,0.3968253968253968,0.0406746031746032,0.49528301886792453,0.4716981132075472,0.023584905660377353,0.4646017699115044,0.43103448275862066,0.03356728715288376,0.7659768715763846,0.7530347602623926,0.012942111313992033,0.41398774616347356,0.39871804789190496,0.0152696982715686
Random Forest,returns,1.0,15,6794688145831423027,0.8358433734939759,0.8373493975903614,-0.001506024096385561,0.640596469872185,0.6434029891120578,-0.002806519239872851,0.4807692307692308,0.48717948717948717,-0.0064102564102563875,0.35377358490566035,0.3584905660377358,-0.004716981132075471,0.4076086956521739,0.41304347826086957,-0.005434782608695676,0.7367789274362615,0.7185872726043147,0.018191654831946846,0.41951651268075923,0.41086123673583097,0.008655275944928265
Logistic Regression,returns,1.0,16,14258118082318860484,0.8177710843373494,0.8004518072289156,0.017319277108433728,0.6871576384662204,0.6711215932914046,0.016036045174815716,0.4375,0.3968871595330739,0.04061284046692609,0.49528301886792453,0.4811320754716981,0.014150943396226412,0.4646017699115044,0.4349680170575693,0.029633752853935103,0.7659768715763846,0.7556637587069723,0.010313112869412278,0.41398774616347356,0.40347190443136016,0.010515841732113396
Random Forest,returns,1.0,16,14258118082318860484,0.8358433734939759,0.8448795180722891,-0.009036144578313254,0.640596469872185,0.6574355853114222,-0.016839115439237218,0.4807692307692308,0.5192307692307693,-0.03846153846153849,0.35377358490566035,0.38207547169811323,-0.02830188679245288,0.4076086956521739,0.44021739130434784,-0.03260869565217395,0.7367789274362615,0.736381618989653,0.00039730844660845754,0.41951651268075923,0.41541695597561745,0.0040995567051417825
Logistic Regression,returns,1.0,17,12136880742943730673,0.8177710843373494,0.8012048192771084,0.016566265060240948,0.6871576384662204,0.6696591600730372,0.017498478393183192,0.4375,0.39763779527559057,0.039862204724409434,0.49528301886792453,0.47641509433962265,0.018867924528301883,0.4646017699115044,0.4334763948497854,0.03112537506171903,0.7659768715763846,0.7517160343545006,0.014260837221883982,0.41398774616347356,0.40299771107186594,0.01099003509160762
Random Forest,returns,1.0,17,12136880742943730673,0.8358433734939759,0.8358433734939759,0.0,0.640596469872185,0.6482383174409955,-0.007641847568810478,0.4807692307692308,0.4817073170731707,-0.0009380863039399334,0.35377358490566035,0.37264150943396224,-0.018867924528301883,0.4076086956521739,0.42021276595744683,-0.01260407030527294,0.7367789274362615,0.7289891458713735,0.007789781564887965,0.41951651268075923,0.41221471066138543,0.007301802019373804
Logistic Regression,returns,1.0,18,313718850767836510,0.8177710843373494,0.8109939759036144,0.006777108433734913,0.6871576384662204,0.6850358422939068,0.0021217961723135614,0.4375,0.42231075697211157,0.015189243027888433,0.49528301886792453,0.5,-0.004716981132075471,0.4646017699115044,0.45788336933045354,0.006718400581050887,0.7659768715763846,0.7573459795766552,0.00863089199972944,0.41398774616347356,0.4081068963165081,0.0058808498469654635
Random Forest,returns,1.0,18,313718850767836510,0.8358433734939759,0.8328313253012049,0.0030120481927710108,0.640596469872185,0.6407148170690471,-0.00011834719686210082,0.4807692307692308,0.4691358024691358,0.011633428300095006,0.35377358490566035,0.3584905660377358,-0.004716981132075471,0.4076086956521739,0.40641711229946526,0.0011915833527086361,0.7367789274362615,0.7366901670386149,8.876039764660337e-05,0.41951651268075923,0.417351294813038,0.0021652178677212253
Logistic Regression,returns,1.0,19,12188531772695346223,0.8177710843373494,0.8079819277108434,0.009789156626505924,0.6871576384662204,0.6870646513829715,9.29870832488966e-05,0.4375,0.416988416988417,0.020511583011583012,0.49528301886792453,0.5094339622641509,-0.014150943396226412,0.4646017699115044,0.4585987261146497,0.0060030437968547345,0.7659768715763846,0.7618938932846419,0.004082978291742756,0.41398774616347356,0.404305010587154,0.009682735576319546
Random Forest,returns,1.0,19,12188531772695346223,0.8358433734939759,0.8373493975903614,-0.001506024096385561,0.640596469872185,0.6453134510042604,-0.004716981132075415,0.4807692307692308,0.4873417721518987,-0.00657254138266794,0.35377358490566035,0.3632075471698113,-0.009433962264150941,0.4076086956521739,0.41621621621621624,-0.008607520564042348,0.7367789274362615,0.734424663555826,0.00235426388043547,0.41951651268075923,0.40856122586578525,0.010955286814973986
Logistic Regression,returns,1.0,20,9452223192552115003,0.8177710843373494,0.7974397590361446,0.02033132530120474,0.6871576384662204,0.675060864272672,0.012096774193548376,0.4375,0.39325842696629215,0.04424157303370785,0.49528301886792453,0.49528301886792453,0.0,0.4646017699115044,0.4384133611691023,0.026188408742402136,0.7659768715763846,0.7490151822546831,0.0169616893217015,0.41398774616347356,0.4082061839172625,0.005781562246211069
Random Forest,returns,1.0,20,9452223192552115003,0.8358433734939759,0.8411144578313253,-0.005271084337349463,0.640596469872185,0.6551954419422465,-0.014598972070061556,0.4807692307692308,0.5031055900621118,-0.02233635929288097,0.35377358490566035,0.38207547169811323,-0.02830188679245288,0.4076086956521739,0.4343163538873995,-0.026707658235225584,0.7367789274362615,0.7317026780279976,0.0050762494082639,0.41951651268075923,0.4135545410667339,0.005961971614025341
Logistic Regression,returns,1.0,21,13443928006387001556,0.8177710843373494,0.8117469879518072,0.0060240963855421326,0.6871576384662204,0.6835734090755393,0.0035842293906810374,0.4375,0.42338709677419356,0.014112903225806439,0.49528301886792453,0.49528301886792453,0.0,0.4646017699115044,0.45652173913043476,0.00808003078106967,0.7659768715763846,0.7576291675120038,0.00834770406438079,0.41398774616347356,0.39549364992682384,0.018494096236649715
Random Forest,returns,1.0,21,13443928006387001556,0.8358433734939759,0.8358433734939759,0.0,0.640596469872185,0.6425069317643877,-0.001910461892202675,0.4807692307692308,0.4810126582278481,-0.00024342745861732906,0.35377358490566035,0.3584905660377358,-0.004716981132075471,0.4076086956521739,0.41081081081081083,-0.0032021151586369423,0.7367789274362615,0.7454140461215932,-0.008635118685331733,0.41951651268075923,0.41791823603939604,0.0015982766413631944
Logistic Regression,returns,1.0,22,8863338532364983207,0.8177710843373494,0.8117469879518072,0.0060240963855421326,0.6871576384662204,0.6893047947521471,-0.0021471562859267657,0.4375,0.4251968503937008,0.01230314960629919,0.49528301886792453,0.5094339622641509,-0.014150943396226412,0.4646017699115044,0.463519313304721,0.0010824566067834107,0.7659768715763846,0.7555749983093258,0.01040187326705877,0.41398774616347356,0.4035585488233258,0.010429197340147744
Random Forest,returns,1.0,22,8863338532364983207,0.8358433734939759,0.8320783132530121,0.003765060240963791,0.640596469872185,0.6421772502874146,-0.0015807804152295768,0.4807692307692308,0.4666666666666667,0.014102564102564108,0.35377358490566035,0.3632075471698113,-0.009433962264150941,0.4076086956521739,0.40848806366047746,-0.0008793680083035715,0.7367789274362615,0.7371551024548589,-0.0003761750185974355,0.41951651268075923,0.41316071758016226,0.006355795100596973
Logistic Regression,returns,1.0,23,5144921437062557533,0.8177710843373494,0.8034638554216867,0.014307228915662606,0.6871576384662204,0.6786450936633529,0.00851254480286745,0.4375,0.40540540540540543,0.03209459459459457,0.49528301886792453,0.49528301886792453,0.0,0.4646017699115044,0.445859872611465,0.018741897300039445,0.7659768715763846,0.7574178332318928,0.008559038344491787,0.41398774616347356,0.4032893825479467,0.01069836361552684
Random Forest,returns,1.0,23,5144921437062557533,0.8358433734939759,0.8365963855421686,-0.0007530120481927804,0.640596469872185,0.6448654223304253,-0.004268952458240327,0.4807692307692308,0.48427672955974843,-0.003507498790517649,0.35377358490566035,0.3632075471698113,-0.009433962264150941,0.4076086956521739,0.41509433962264153,-0.007485643970467637,0.7367789274362615,0.7322648272130926,0.004514100223168893,0.41951651268075923,0.4106970243172476,0.008819488363511652
Logistic Regression,returns,1.0,24,3166117940650118985,0.8177710843373494,0.8109939759036144,0.006777108433734913,0.6871576384662204,0.6850358422939068,0.0021217961723135614,0.4375,0.42231075697211157,0.015189243027888433,0.49528301886792453,0.5,-0.004716981132075471,0.4646017699115044,0.45788336933045354,0.006718400581050887,0.7659768715763846,0.7573755663758707,0.008601305200513942,0.41398774616347356,0.4062915618890291,0.007696184274444462
Random Forest,returns,1.0,24,3166117940650118985,0.8358433734939759,0.8403614457831325,-0.004518072289156683,0.640596469872185,0.6528369513762089,-0.012240481504023903,0.4807692307692308,0.5,-0.019230769230769218,0.35377358490566035,0.37735849056603776,-0.02358490566037741,0.4076086956521739,0.43010752688172044,-0.022498831229546545,0.7367789274362615,0.7342091025901131,0.0025698248461484274,0.41951651268075923,0.40731630536522123,0.012200207315538003
Logistic Regression,returns,1.0,25,8898705035659556719,0.8177710843373494,0.8019578313253012,0.015813253012048167,0.6871576384662204,0.681569960100088,0.005587678366132387,0.4375,0.4037735849056604,0.0337264150943396,0.49528301886792453,0.5047169811320755,-0.009433962264150997,0.4646017699115044,0.44863731656184486,0.01596445334965957,0.7659768715763846,0.7554862379116791,0.010490633664705484,0.41398774616347356,0.3992636385616506,0.014724107601822967
Random Forest,returns,1.0,25,8898705035659556719,0.8358433734939759,0.8433734939759037,-0.0075301204819278045,0.640596469872185,0.6565395279637519,-0.01594305809156693,0.4807692307692308,0.5126582278481012,-0.03188899707887044,0.35377358490566035,0.38207547169811323,-0.02830188679245288,0.4076086956521739,0.43783783783783786,-0.03022914218566397,0.7367789274362615,0.7342175559613173,0.002561371474944174,0.41951651268075923,0.4158382135671949,0.0036782991135643206
Logistic Regression,returns,1.0,26,16726911123073816452,0.8177710843373494,0.8109939759036144,0.006777108433734913,0.6871576384662204,0.688856766078312,-0.0016991276120916776,0.4375,0.4235294117647059,0.013970588235294124,0.49528301886792453,0.5094339622641509,-0.014150943396226412,0.4646017699115044,0.4625267665952891,0.0020750033162153514,0.7659768715763846,0.7591888144992223,0.006788057077162346,0.41398774616347356,0.416037441420076,-0.002049695256602424
Random Forest,returns,1.0,26,16726911123073816452,0.8358433734939759,0.8343373493975904,0.0015060240963854499,0.640596469872185,0.6377899506323121,0.002806519239872851,0.4807692307692308,0.47435897435897434,0.006410256410256443,0.35377358490566035,0.3490566037735849,0.004716981132075471,0.4076086956521739,0.40217391304347827,0.005434782608695621,0.7367789274362615,0.7315462906607155,0.0052326367755459735,0.41951651268075923,0.4070371636246632,0.012479349056096045
Logistic Regression,returns,1.0,27,4012090210076728638,0.8177710843373494,0.8117469879518072,0.0060240963855421326,0.6871576384662204,0.6931257185365524,-0.005968080070332005,0.4375,0.4263565891472868,0.011143410852713198,0.49528301886792453,0.5188679245283019,-0.023584905660377353,0.4646017699115044,0.46808510638297873,-0.0034833364714743076,0.7659768715763846,0.7555411848245079,0.010435686751876672,0.41398774616347356,0.40204989869692376,0.0119378474665498
Random Forest,returns,1.0,27,4012090210076728638,0.8358433734939759,0.8373493975903614,-0.001506024096385561,0.640596469872185,0.6414925272198553,-0.0008960573476702871,0.4807692307692308,0.487012987012987,-0.006243756243756227,0.35377358490566035,0.35377358490566035,0.0,0.4076086956521739,0.4098360655737705,-0.0022273699215966114,0.7367789274362615,0.7339132345979577,0.002865692838303846,0.41951651268075923,0.41101954659259843,0.008496966088160807
Logistic Regression,returns,1.0,28,16123259781759530035,0.8177710843373494,0.8087349397590361,0.009036144578313254,0.6871576384662204,0.6779603705957936,0.00919726787042674,0.4375,0.4153225806451613,0.02217741935483869,0.49528301886792453,0.4858490566037736,0.009433962264150941,0.4646017699115044,0.44782608695652176,0.016775682954982662,0.7659768715763846,0.7597044701426929,0.006272401433691677,0.41398774616347356,0.40002613435140283,0.013961611812070729
Random Forest,returns,1.0,28,16123259781759530035,0.8358433734939759,0.8396084337349398,-0.0037650602409639022,0.640596469872185,0.6523889227023737,-0.011792452830188704,0.4807692307692308,0.4968944099378882,-0.01612517916865741,0.35377358490566035,0.37735849056603776,-0.02358490566037741,0.4076086956521739,0.4289544235924933,-0.021345727940319414,0.7367789274362615,0.719796104686549,0.016982822749712523,0.41951651268075923,0.41182655280124486,0.007689959879514374
Logistic Regression,returns,1.0,29,10829498984871688934,0.8177710843373494,0.802710843373494,0.015060240963855387,0.6871576384662204,0.6686447555285048,0.01851288293771558,0.4375,0.4,0.03749999999999998,0.49528301886792453,0.4716981132075472,0.023584905660377353,0.4646017699115044,0.4329004329004329,0.03170133701107153,0.7659768715763846,0.7492899168188274,0.016686954757557215,0.41398774616347356,0.39902635214258614,0.01496139402088742
Random Forest,returns,1.0,29,10829498984871688934,0.8358433734939759,0.8396084337349398,-0.0037650602409639022,0.640596469872185,0.6485679989179685,-0.007971529045783465,0.4807692307692308,0.4968152866242038,-0.01604605585497304,0.35377358490566035,0.36792452830188677,-0.014150943396226412,0.4076086956521739,0.42276422764227645,-0.015155531990102555,0.7367789274362615,0.728515757083925,0.00826317035233648,0.41951651268075923,0.40879086684276666,0.01072564583799257
Logistic Regression,volatility,0.05,0,278674408240112715,0.8177710843373494,0.8162650602409639,0.0015060240963854499,0.6871576384662204,0.6862615811185501,0.0008960573476702871,0.4375,0.43388429752066116,0.003615702479338845,0.49528301886792453,0.49528301886792453,0.0,0.4646017699115044,0.46255506607929514,0.0020467038322092845,0.7659768715763846,0.7650385473726923,0.0009383242036923312,0.41398774616347356,0.4121351290590528,0.0018526171044207507
Random Forest,volatility,0.05,0,278674408240112715,0.8358433734939759,0.8343373493975904,0.0015060240963854499,0.640596469872185,0.6397004125245147,0.0008960573476702871,0.4807692307692308,0.47468354430379744,0.006085686465433338,0.35377358490566035,0.35377358490566035,0.0,0.4076086956521739,0.40540540540540543,0.0022032902467684634,0.7367789274362615,0.7346613579495502,0.002117569486711268,0.41951651268075923,0.41319401005492445,0.0063225026258347805
Logistic Regression,volatility,0.05,1,6880729777676430342,0.8177710843373494,0.8177710843373494,0.0,0.6871576384662204,0.6890681003584229,-0.001910461892202564,0.4375,0.4380165289256198,-0.0005165289256198191,0.49528301886792453,0.5,-0.004716981132075471,0.4646017699115044,0.4669603524229075,-0.0023585825114030845,0.7659768715763846,0.7653555487928586,0.0006213227835260016,0.41398774616347356,0.41521939377050443,-0.0012316476070308724
Random Forest,volatility,0.05,1,6880729777676430342,0.8358433734939759,0.8358433734939759,0.0,0.640596469872185,0.640596469872185,0.0,0.4807692307692308,0.4807692307692308,0.0,0.35377358490566035,0.35377358490566035,0.0,0.4076086956521739,0.4076086956521739,0.0,0.7367789274362615,0.7380722932305404,-0.0012933657942788557,0.41951651268075923,0.4171676492761948,0.0023488634045644163
Logistic Regression,volatility,0.05,2,3679001010566146800,0.8177710843373494,0.8140060240963856,0.003765060240963791,0.6871576384662204,0.6849174950970447,0.0022401433691756623,0.4375,0.42857142857142855,0.008928571428571452,0.49528301886792453,0.49528301886792453,0.0,0.4646017699115044,0.45951859956236324,0.005083170349141186,0.7659768715763846,0.7637705416920267,0.0022063298843578716,0.41398774616347356,0.4127359630059529,0.0012517831575206695
Random Forest,volatility,0.05,2,3679001010566146800,0.8358433734939759,0.8358433734939759,0.0,0.640596469872185,0.6348650841955772,0.005731385676607803,0.4807692307692308,0.48,0.0007692307692307998,0.35377358490566035,0.33962264150943394,0.014150943396226412,0.4076086956521739,0.39779005524861877,0.009818640403555123,0.7367789274362615,0.7366183133833772,0.0001606140528842559,0.41951651268075923,0.4166367500809962,0.002879762599763025
Logistic Regression,volatility,0.05,3,14809746585452580812,0.8177710843373494,0.8162650602409639,0.0015060240963854499,0.6871576384662204,0.6881720430107527,-0.001014404544532388,0.4375,0.4344262295081967,0.003073770491803296,0.49528301886792453,0.5,-0.004716981132075471,0.4646017699115044,0.4649122807017544,-0.00031051079024996264,0.7659768715763846,0.766779941840806,-0.0008030702644213905,0.41398774616347356,0.4153139851772921,-0.0013262390138185642
Random Forest,volatility,0.05,3,14809746585452580812,0.8358433734939759,0.8358433734939759,0.0,0.640596469872185,0.6386860079799824,0.001910461892202564,0.4807692307692308,0.4805194805194805,0.00024975024975026905,0.35377358490566035,0.3490566037735849,0.004716981132075471,0.4076086956521739,0.40437158469945356,0.0032371109527203346,0.7367789274362615,0.7322183336714683,0.00456059376479323,0.41951651268075923,0.419659846063077,-0.00014333338231775627
Logistic Regression,volatility,0.05,4,17794612472569674953,0.8177710843373494,0.8125,0.005271084337349352,0.6871576384662204,0.6802005139649693,0.006957124501251077,0.4375,0.42386831275720166,0.01363168724279834,0.49528301886792453,0.4858490566037736,0.009433962264150941,0.4646017699115044,0.45274725274725275,0.011854517164251677,0.7659768715763846,0.7675069317643876,-0.0015300601880029463,0.41398774616347356,0.4120216361218536,0.0019661100416199506
Random Forest,volatility,0.05,4,17794612472569674953,0.8358433734939759,0.8305722891566265,0.005271084337349352,0.640596469872185,0.6336393453709339,0.006957124501251077,0.4807692307692308,0.4591194968553459,0.02164973391388486,0.35377358490566035,0.3443396226415094,0.009433962264150941,0.4076086956521739,0.3935309973045822,0.014077698347591705,0.7367789274362615,0.7426624737945493,-0.005883546358287806,0.41951651268075923,0.42023146375482495,-0.0007149510740657172
Logistic Regression,volatility,0.05,5,11958132623201134498,0.8177710843373494,0.8215361445783133,-0.0037650602409639022,0.6871576384662204,0.6932187056198011,-0.00606106715358079,0.4375,0.4476987447698745,-0.01019874476987448,0.49528301886792453,0.5047169811320755,-0.009433962264150997,0.4646017699115044,0.4745011086474501,-0.009899338735945673,0.7659768715763846,0.765499256103334,0.0004776154730505855,0.41398774616347356,0.41385533666206775,0.00013240950140580576
Random Forest,volatility,0.05,5,11958132623201134498,0.8358433734939759,0.8373493975903614,-0.001506024096385561,0.640596469872185,0.6472239128964631,-0.00662744302427809,0.4807692307692308,0.4875,-0.006730769230769207,0.35377358490566035,0.36792452830188677,-0.014150943396226412,0.4076086956521739,0.41935483870967744,-0.011746143057503544,0.7367789274362615,0.7403082099141137,-0.0035292824778522247,0.41951651268075923,0.4192032157824903,0.00031329689826892215
Logistic Regression,volatility,0.05,6,949831797171193616,0.8177710843373494,0.8155120481927711,0.0022590361445782303,0.6871576384662204,0.6819926286603097,0.005165009805910614,0.4375,0.4309623430962343,0.006537656903765676,0.49528301886792453,0.4858490566037736,0.009433962264150941,0.4646017699115044,0.4567627494456763,0.007839020465828128,0.7659768715763846,0.7644890782444038,0.0014877933319807912,0.41398774616347356,0.41203748363877096,0.001950262524702595
Random Forest,volatility,0.05,6,949831797171193616,0.8358433734939759,0.8373493975903614,-0.001506024096385561,0.640596469872185,0.6453134510042604,-0.004716981132075415,0.4807692307692308,0.4873417721518987,-0.00657254138266794,0.35377358490566035,0.3632075471698113,-0.009433962264150941,0.4076086956521739,0.41621621621621624,-0.008607520564042348,0.7367789274362615,0.7356884425508892,0.0010904848853723337,0.41951651268075923,0.4210424401757785,-0.0015259274950192858
Logistic Regression,volatility,0.05,7,3596017956062359812,0.8177710843373494,0.8177710843373494,0.0,0.6871576384662204,0.6871576384662204,0.0,0.4375,0.4375,0.0,0.49528301886792453,0.49528301886792453,0.0,0.4646017699115044,0.4646017699115044,0.0,0.7659768715763846,0.7625194427537701,0.003457428822614461,0.41398774616347356,0.4085679872198357,0.005419758943637831
Random Forest,volatility,0.05,7,3596017956062359812,0.8358433734939759,0.8305722891566265,0.005271084337349352,0.640596469872185,0.6317288834787314,0.008867586393453641,0.4807692307692308,0.4585987261146497,0.02217050465458109,0.35377358490566035,0.33962264150943394,0.014150943396226412,0.4076086956521739,0.3902439024390244,0.017364793213149488,0.7367789274362615,0.7299147900182593,0.006864137418002181,0.41951651268075923,0.41179465475683447,0.007721857923924769
Logistic Regression,volatility,0.05,8,2246465823731102035,0.8177710843373494,0.8192771084337349,-0.001506024096385561,0.6871576384662204,0.6918746195982959,-0.004716981132075526,0.4375,0.44214876033057854,-0.0046487603305785385,0.49528301886792453,0.5047169811320755,-0.009433962264150997,0.4646017699115044,0.4713656387665198,-0.006763868855015398,0.7659768715763846,0.7680141340366538,-0.0020372624602691403,0.41398774616347356,0.41409307178532684,-0.00010532562185328054
Random Forest,volatility,0.05,8,2246465823731102035,0.8358433734939759,0.8335843373493976,0.0022590361445782303,0.640596469872185,0.6392523838506796,0.0013440860215053752,0.4807692307692308,0.4716981132075472,0.009071117561683606,0.35377358490566035,0.35377358490566035,0.0,0.4076086956521739,0.40431266846361186,0.003296027188562034,0.7367789274362615,0.7329960438222762,0.003782883613985266,0.41951651268075923,0.4171119575203712,0.002404555160388011
Logistic Regression,volatility,0.05,9,1152691251611329650,0.8177710843373494,0.8177710843373494,0.0,0.6871576384662204,0.6890681003584229,-0.001910461892202564,0.4375,0.4380165289256198,-0.0005165289256198191,0.49528301886792453,0.5,-0.004716981132075471,0.4646017699115044,0.4669603524229075,-0.0023585825114030845,0.7659768715763846,0.7665390207614795,-0.0005621491850948956,0.41398774616347356,0.4090299594895822,0.004957786673891351
Random Forest,volatility,0.05,9,1152691251611329650,0.8358433734939759,0.8396084337349398,-0.0037650602409639022,0.640596469872185,0.6485679989179685,-0.007971529045783465,0.4807692307692308,0.4968152866242038,-0.01604605585497304,0.35377358490566035,0.36792452830188677,-0.014150943396226412,0.4076086956521739,0.42276422764227645,-0.015155531990102555,0.7367789274362615,0.7374509704470142,-0.0006720430107527431,0.41951651268075923,0.4196036142645601,-8.710158380087485e-05
Logistic Regression,volatility,0.05,10,9343982593218556565,0.8177710843373494,0.8140060240963856,0.003765060240963791,0.6871576384662204,0.6810965713126395,0.006061067153580901,0.4375,0.42738589211618255,0.010114107883817447,0.49528301886792453,0.4858490566037736,0.009433962264150941,0.4646017699115044,0.45474613686534215,0.009855633046162271,0.7659768715763846,0.7653470954216542,0.000629776154730366,0.41398774616347356,0.41129171416270355,0.00269603200077001
Random Forest,volatility,0.05,10,9343982593218556565,0.8358433734939759,0.8373493975903614,-0.001506024096385561,0.640596469872185,0.6453134510042604,-0.004716981132075415,0.4807692307692308,0.4873417721518987,-0.00657254138266794,0.35377358490566035,0.3632075471698113,-0.009433962264150941,0.4076086956521739,0.41621621621621624,-0.008607520564042348,0.7367789274362615,0.735430614729154,0.0013483127071074463,0.41951651268075923,0.4150928655388561,0.004423647141903131
Logistic Regression,volatility,0.05,11,7329581496177216717,0.8177710843373494,0.8155120481927711,0.0022590361445782303,0.6871576384662204,0.6819926286603097,0.005165009805910614,0.4375,0.4309623430962343,0.006537656903765676,0.49528301886792453,0.4858490566037736,0.009433962264150941,0.4646017699115044,0.4567627494456763,0.007839020465828128,0.7659768715763846,0.7671983837154256,-0.001221512139040981,0.41398774616347356,0.415795829932194,-0.0018080837687204365
Random Forest,volatility,0.05,11,7329581496177216717,0.8358433734939759,0.8411144578313253,-0.005271084337349463,0.640596469872185,0.6475535943734361,-0.006957124501251077,0.4807692307692308,0.5032679738562091,-0.022498743086978357,0.35377358490566035,0.3632075471698113,-0.009433962264150941,0.4076086956521739,0.42191780821917807,-0.014309112567004179,0.7367789274362615,0.7360308040846689,0.0007481233515925778,0.41951651268075923,0.4204152277541624,-0.0008987150734031668
Logistic Regression,volatility,0.05,12,8832504512009345502,0.8177710843373494,0.8207831325301205,-0.003012048192771122,0.6871576384662204,0.6889497531615608,-0.0017921146953404632,0.4375,0.4449152542372881,-0.007415254237288116,0.49528301886792453,0.49528301886792453,0.0,0.4646017699115044,0.46875,-0.004148230088495575,0.7659768715763846,0.7663361398525732,-0.0003592682761885957,0.41398774616347356,0.41334415503502114,0.0006435911284524143
Random Forest,volatility,0.05,12,8832504512009345502,0.8358433734939759,0.8343373493975904,0.0015060240963854499,0.640596469872185,0.6358794887401096,0.004716981132075415,0.4807692307692308,0.474025974025974,0.006743256743256765,0.35377358490566035,0.3443396226415094,0.009433962264150941,0.4076086956521739,0.3989071038251366,0.00870159182703728,0.7367789274362615,0.7373664367349699,-0.0005875092987084329,0.41951651268075923,0.4197757248145351,-0.0002592121337758879
Logistic Regression,volatility,0.05,13,13730420091749080590,0.8177710843373494,0.8200301204819277,-0.0022590361445783413,0.6871576384662204,0.6904121863799283,-0.003254547913707939,0.4375,0.4435146443514644,-0.0060146443514644266,0.49528301886792453,0.5,-0.004716981132075471,0.4646017699115044,0.4700665188470067,-0.0054647489355022505,0.7659768715763846,0.765304828565632,0.0006720430107526321,0.41398774616347356,0.415199670703228,-0.0012119245397544387
Random Forest,volatility,0.05,13,13730420091749080590,0.8358433734939759,0.8381024096385542,-0.0022590361445783413,0.640596469872185,0.6419405558936904,-0.0013440860215053752,0.4807692307692308,0.49019607843137253,-0.009426847662141746,0.35377358490566035,0.35377358490566035,0.0,0.4076086956521739,0.410958904109589,-0.003350208457415127,0.7367789274362615,0.7402786231148982,-0.0034996956786367273,0.41951651268075923,0.42400053017601025,-0.004484017495251014
Logistic Regression,volatility,0.05,14,13743830786446205139,0.8177710843373494,0.8162650602409639,0.0015060240963854499,0.6871576384662204,0.6862615811185501,0.0008960573476702871,0.4375,0.43388429752066116,0.003615702479338845,0.49528301886792453,0.49528301886792453,0.0,0.4646017699115044,0.46255506607929514,0.0020467038322092845,0.7659768715763846,0.7643073307635084,0.0016695408128761802,0.41398774616347356,0.4114549918458622,0.002532754317611352
Random Forest,volatility,0.05,14,13743830786446205139,0.8358433734939759,0.8313253012048193,0.004518072289156572,0.640596469872185,0.6264455264759585,0.014150943396226467,0.4807692307692308,0.46,0.020769230769230762,0.35377358490566035,0.32547169811320753,0.028301886792452824,0.4076086956521739,0.3812154696132597,0.026393226038914197,0.7367789274362615,0.7343866233854061,0.0023923040508554427,0.41951651268075923,0.41831573657962934,0.0012007761011298967
Logistic Regression,volatility,0.05,15,1021279436856715622,0.8177710843373494,0.8192771084337349,-0.001506024096385561,0.6871576384662204,0.686143233921688,0.001014404544532388,0.4375,0.4406779661016949,-0.003177966101694907,0.49528301886792453,0.49056603773584906,0.004716981132075471,0.4646017699115044,0.4642857142857143,0.0003160556257901237,0.7659768715763846,0.7642143436802595,0.0017625278961250768,0.41398774616347356,0.41270462916566114,0.0012831169978124168
Random Forest,volatility,0.05,15,1021279436856715622,0.8358433734939759,0.8373493975903614,-0.001506024096385561,0.640596469872185,0.6472239128964631,-0.00662744302427809,0.4807692307692308,0.4875,-0.006730769230769207,0.35377358490566035,0.36792452830188677,-0.014150943396226412,0.4076086956521739,0.41935483870967744,-0.011746143057503544,0.7367789274362615,0.7402448096300805,-0.0034658821938190476,0.41951651268075923,0.41875624980785936,0.000760262872899875
Logistic Regression,volatility,0.05,16,3309498604238215983,0.8177710843373494,0.8185240963855421,-0.0007530120481927804,0.6871576384662204,0.689516129032258,-0.002358490566037652,0.4375,0.43983402489626555,-0.002334024896265552,0.49528301886792453,0.5,-0.004716981132075471,0.4646017699115044,0.46799116997792495,-0.0033894000664205226,0.7659768715763846,0.7654485358761074,0.000528335700277216,0.41398774616347356,0.41311755579557163,0.0008701903679019241
Random Forest,volatility,0.05,16,3309498604238215983,0.8358433734939759,0.8313253012048193,0.004518072289156572,0.640596469872185,0.634087374044769,0.006509095827415989,0.4807692307692308,0.4620253164556962,0.01874391431353456,0.35377358490566035,0.3443396226415094,0.009433962264150941,0.4076086956521739,0.3945945945945946,0.013014101057579275,0.7367789274362615,0.7358406032325691,0.0009383242036924422,0.41951651268075923,0.42184470228779,-0.0023281896070307395
Logistic Regression,volatility,0.05,17,10165289901754177712,0.8177710843373494,0.8125,0.005271084337349352,0.6871576384662204,0.6802005139649693,0.006957124501251077,0.4375,0.42386831275720166,0.01363168724279834,0.49528301886792453,0.4858490566037736,0.009433962264150941,0.4646017699115044,0.45274725274725275,0.011854517164251677,0.7659768715763846,0.7650089605734767,0.0009679110029079396,0.41398774616347356,0.41242595024785567,0.0015617959156178918
Random Forest,volatility,0.05,17,10165289901754177712,0.8358433734939759,0.8373493975903614,-0.001506024096385561,0.640596469872185,0.6472239128964631,-0.00662744302427809,0.4807692307692308,0.4875,-0.006730769230769207,0.35377358490566035,0.36792452830188677,-0.014150943396226412,0.4076086956521739,0.41935483870967744,-0.011746143057503544,0.7367789274362615,0.7348980523432744,0.0018808750929870666,0.41951651268075923,0.4200904576588333,-0.0005739449780740591
Logistic Regression,volatility,0.05,18,6370584842437061717,0.8177710843373494,0.8185240963855421,-0.0007530120481927804,0.6871576384662204,0.6876056671400554,-0.00044802867383508804,0.4375,0.4393305439330544,-0.0018305439330543738,0.49528301886792453,0.49528301886792453,0.0,0.4646017699115044,0.4656319290465632,-0.0010301591350587724,0.7659768715763846,0.7651357611415432,0.0008411104348413634,0.41398774616347356,0.41375468940293314,0.00023305676054041768
Random Forest,volatility,0.05,18,6370584842437061717,0.8358433734939759,0.8418674698795181,-0.006024096385542244,0.640596469872185,0.6499120849394738,-0.00931561506728884,0.4807692307692308,0.5064935064935064,-0.025724275724275658,0.35377358490566035,0.36792452830188677,-0.014150943396226412,0.4076086956521739,0.4262295081967213,-0.018620812544547394,0.7367789274362615,0.7383850679651045,-0.001606140528843003,0.41951651268075923,0.4210902462788964,-0.0015737335981371725
Logistic Regression,volatility,0.05,19,218978216723607325,0.8177710843373494,0.8155120481927711,0.0022590361445782303,0.6871576384662204,0.6819926286603097,0.005165009805910614,0.4375,0.4309623430962343,0.006537656903765676,0.49528301886792453,0.4858490566037736,0.009433962264150941,0.4646017699115044,0.4567627494456763,0.007839020465828128,0.7659768715763846,0.7667799418408061,-0.0008030702644215015,0.41398774616347356,0.4133961644921703,0.0005915816713032429
Random Forest,volatility,0.05,19,218978216723607325,0.8358433734939759,0.8358433734939759,0.0,0.640596469872185,0.6444173936565902,-0.003820923784405239,0.4807692307692308,0.48125,-0.00048076923076922906,0.35377358490566035,0.3632075471698113,-0.009433962264150941,0.4076086956521739,0.41397849462365593,-0.0063697989714820435,0.7367789274362615,0.7399109014675052,-0.003131974031243656,0.41951651268075923,0.4189165223913336,0.0005999902894256448
Logistic Regression,volatility,0.05,20,10780724210996936749,0.8177710843373494,0.8177710843373494,0.0,0.6871576384662204,0.6890681003584229,-0.001910461892202564,0.4375,0.4380165289256198,-0.0005165289256198191,0.49528301886792453,0.5,-0.004716981132075471,0.4646017699115044,0.4669603524229075,-0.0023585825114030845,0.7659768715763846,0.764007236085751,0.001969635490633559,0.41398774616347356,0.4157437401247424,-0.0017559939612688535
Random Forest,volatility,0.05,20,10780724210996936749,0.8358433734939759,0.8358433734939759,0.0,0.640596469872185,0.6386860079799824,0.001910461892202564,0.4807692307692308,0.4805194805194805,0.00024975024975026905,0.35377358490566035,0.3490566037735849,0.004716981132075471,0.4076086956521739,0.40437158469945356,0.0032371109527203346,0.7367789274362615,0.7343147697301684,0.0024641577060930953,0.41951651268075923,0.4204111774296024,-0.0008946647488431436
Logistic Regression,volatility,0.05,21,1796592035250458452,0.8177710843373494,0.8177710843373494,0.0,0.6871576384662204,0.6852471765740178,0.001910461892202564,0.4375,0.4369747899159664,0.0005252100840336116,0.49528301886792453,0.49056603773584906,0.004716981132075471,0.4646017699115044,0.4622222222222222,0.0023795476892822243,0.7659768715763846,0.7656471900994115,0.00032968147697309824,0.41398774616347356,0.41149284990311324,0.002494896260360313
Random Forest,volatility,0.05,21,1796592035250458452,0.8358433734939759,0.8343373493975904,0.0015060240963854499,0.640596469872185,0.6416108744167174,-0.001014404544532388,0.4807692307692308,0.475,0.005769230769230804,0.35377358490566035,0.3584905660377358,-0.004716981132075471,0.4076086956521739,0.40860215053763443,-0.000993454885460543,0.7367789274362615,0.7389049502941774,-0.0021260228579158547,0.41951651268075923,0.4204801783145435,-0.0009636656337842497
Logistic Regression,volatility,0.05,22,60588828104930484,0.8177710843373494,0.8155120481927711,0.0022590361445782303,0.6871576384662204,0.6839030905525123,0.00325454791370805,0.4375,0.4315352697095436,0.00596473029045641,0.49528301886792453,0.49056603773584906,0.004716981132075471,0.4646017699115044,0.45916114790286977,0.005440622008634655,0.7659768715763846,0.7646961858389125,0.001280685737472087,0.41398774616347356,0.4132392276148868,0.0007485185485867629
Random Forest,volatility,0.05,22,60588828104930484,0.8358433734939759,0.8350903614457831,0.0007530120481927804,0.640596469872185,0.6401484411983499,0.00044802867383508804,0.4807692307692308,0.47770700636942676,0.0030622243998040255,0.35377358490566035,0.35377358490566035,0.0,0.4076086956521739,0.4065040650406504,0.0011046306115234938,0.7367789274362615,0.7364069791032665,0.00037194833299503127,0.41951651268075923,0.41770200629583387,0.0018145063849253629
Logistic Regression,volatility,0.05,23,3647519941325073373,0.8177710843373494,0.8177710843373494,0.0,0.6871576384662204,0.6852471765740178,0.001910461892202564,0.4375,0.4369747899159664,0.0005252100840336116,0.49528301886792453,0.49056603773584906,0.004716981132075471,0.4646017699115044,0.4622222222222222,0.0023795476892822243,0.7659768715763846,0.7658373909515114,0.00013948062487323387,0.41398774616347356,0.41341007790993045,0.0005776682535431066
Random Forest,volatility,0.05,23,3647519941325073373,0.8358433734939759,0.8381024096385542,-0.0022590361445783413,0.640596469872185,0.6419405558936904,-0.0013440860215053752,0.4807692307692308,0.49019607843137253,-0.009426847662141746,0.35377358490566035,0.35377358490566035,0.0,0.4076086956521739,0.410958904109589,-0.003350208457415127,0.7367789274362615,0.7371339690268479,-0.0003550415905864135,0.41951651268075923,0.41988671557276913,-0.00037020289200989653
Logistic Regression,volatility,0.05,24,15327114652249596099,0.8177710843373494,0.8155120481927711,0.0022590361445782303,0.6871576384662204,0.6877240143369175,-0.0005663758706971889,0.4375,0.4326530612244898,0.004846938775510179,0.49528301886792453,0.5,-0.004716981132075471,0.4646017699115044,0.4638949671772429,0.0007068027342615468,0.7659768715763846,0.7656894569554338,0.00028741462095083214,0.41398774616347356,0.41461065051373736,-0.0006229043502637976
Random Forest,volatility,0.05,24,15327114652249596099,0.8358433734939759,0.8335843373493976,0.0022590361445782303,0.640596469872185,0.6354314600662745,0.005165009805910503,0.4807692307692308,0.47096774193548385,0.00980148883374693,0.35377358490566035,0.3443396226415094,0.009433962264150941,0.4076086956521739,0.3978201634877384,0.009788532164435482,0.7367789274362615,0.7346444512071414,0.002134476229120108,0.41951651268075923,0.4162274395447701,0.00328907313598914
Logistic Regression,volatility,0.05,25,16357403201295437469,0.8177710843373494,0.8185240963855421,-0.0007530120481927804,0.6871576384662204,0.689516129032258,-0.002358490566037652,0.4375,0.43983402489626555,-0.002334024896265552,0.49528301886792453,0.5,-0.004716981132075471,0.4646017699115044,0.46799116997792495,-0.0033894000664205226,0.7659768715763846,0.7647976262933657,0.001179245283018937,0.41398774616347356,0.41205314982358676,0.001934596339886796
Random Forest,volatility,0.05,25,16357403201295437469,0.8358433734939759,0.8373493975903614,-0.001506024096385561,0.640596469872185,0.6434029891120578,-0.002806519239872851,0.4807692307692308,0.48717948717948717,-0.0064102564102563875,0.35377358490566035,0.3584905660377358,-0.004716981132075471,0.4076086956521739,0.41304347826086957,-0.005434782608695676,0.7367789274362615,0.7353798945019273,0.0013990329343341878,0.41951651268075923,0.4197476556101972,-0.00023114292943798853
Logistic Regression,volatility,0.05,26,18102598918441467742,0.8177710843373494,0.8192771084337349,-0.001506024096385561,0.6871576384662204,0.6880536958138905,-0.0008960573476701761,0.4375,0.4411764705882353,-0.003676470588235281,0.49528301886792453,0.49528301886792453,0.0,0.4646017699115044,0.4666666666666667,-0.002064896755162249,0.7659768715763846,0.7661628457428822,-0.00018597416649757115,0.41398774616347356,0.41619394482424826,-0.0022061986607747053
Random Forest,volatility,0.05,26,18102598918441467742,0.8358433734939759,0.8350903614457831,0.0007530120481927804,0.640596469872185,0.6363275174139447,0.004268952458240327,0.4807692307692308,0.477124183006536,0.0036450477626948086,0.35377358490566035,0.3443396226415094,0.009433962264150941,0.4076086956521739,0.4,0.007608695652173869,0.7367789274362615,0.73264100223169,0.004137925204571458,0.41951651268075923,0.4193210876444976,0.00019542503626163166
Logistic Regression,volatility,0.05,27,9412879842163910348,0.8177710843373494,0.8155120481927711,0.0022590361445782303,0.6871576384662204,0.685813552444715,0.0013440860215053752,0.4375,0.43209876543209874,0.0054012345679012586,0.49528301886792453,0.49528301886792453,0.0,0.4646017699115044,0.46153846153846156,0.003063308373042861,0.7659768715763846,0.7648229864069791,0.0011538851694055108,0.41398774616347356,0.4125238371170531,0.001463909046420464
Random Forest,volatility,0.05,27,9412879842163910348,0.8358433734939759,0.8350903614457831,0.0007530120481927804,0.640596469872185,0.6325065936295394,0.008089876242645566,0.4807692307692308,0.47651006711409394,0.004259163655136844,0.35377358490566035,0.33490566037735847,0.018867924528301883,0.4076086956521739,0.39335180055401664,0.014256895098157252,0.7367789274362615,0.7347374382903902,0.0020414891458713225,0.41951651268075923,0.41726819833023,0.0022483143505292458
Logistic Regression,volatility,0.05,28,2859421491414482369,0.8177710843373494,0.8170180722891566,0.0007530120481927804,0.6871576384662204,0.6847991479001826,0.002358490566037763,0.4375,0.4351464435146444,0.0023535564853556235,0.49528301886792453,0.49056603773584906,0.004716981132075471,0.4646017699115044,0.4611973392461197,0.0034044306653847056,0.7659768715763846,0.7649328802326367,0.0010439913437478854,0.41398774616347356,0.41179146874955735,0.0021962774139162033
Random Forest,volatility,0.05,28,2859421491414482369,0.8358433734939759,0.8403614457831325,-0.004518072289156683,0.640596469872185,0.6528369513762089,-0.012240481504023903,0.4807692307692308,0.5,-0.019230769230769218,0.35377358490566035,0.37735849056603776,-0.02358490566037741,0.4076086956521739,0.43010752688172044,-0.022498831229546545,0.7367789274362615,0.7355362818692095,0.0012426455670520031,0.41951651268075923,0.42388447626343945,-0.004367963582680212
Logistic Regression,volatility,0.05,29,8585461595984864363,0.8177710843373494,0.8147590361445783,0.0030120481927710108,0.6871576384662204,0.6834550618786772,0.0037025765875431382,0.4375,0.4297520661157025,0.007747933884297509,0.49528301886792453,0.49056603773584906,0.004716981132075471,0.4646017699115044,0.4581497797356828,0.006451990175821598,0.7659768715763846,0.7646116521268682,0.0013652194495163972,0.41398774616347356,0.4119333313164193,0.0020544148470542645
Random Forest,volatility,0.05,29,8585461595984864363,0.8358433734939759,0.8350903614457831,0.0007530120481927804,0.640596469872185,0.6382379793061472,0.002358490566037763,0.4807692307692308,0.4774193548387097,0.0033498759305211068,0.35377358490566035,0.3490566037735849,0.004716981132075471,0.4076086956521739,0.4032697547683924,0.004338940883781506,0.7367789274362615,0.7342555961317373,0.002523331304524201,0.41951651268075923,0.4170564896854221,0.002460022995337152
Logistic Regression,volatility,0.1,0,16422832965052742667,0.8177710843373494,0.8125,0.005271084337349352,0.6871576384662204,0.6821109758571718,0.005046662609048513,0.4375,0.42448979591836733,0.01301020408163267,0.49528301886792453,0.49056603773584906,0.004716981132075471,0.4646017699115044,0.4551422319474836,0.009459537964020825,0.7659768715763846,0.7628153107459255,0.0031615608304591536,0.41398774616347356,0.4079618636658254,0.006025882497648183
Random Forest,volatility,0.1,0,16422832965052742667,0.8358433734939759,0.8320783132530121,0.003765060240963791,0.640596469872185,0.6326249408264015,0.007971529045783465,0.4807692307692308,0.4645161290322581,0.016253101736972697,0.35377358490566035,0.33962264150943394,0.014150943396226412,0.4076086956521739,0.3923705722070845,0.015238123445089402,0.7367789274362615,0.7331101643335363,0.0036687631027252365,0.41951651268075923,0.411702671391838,0.007813841288921208
Logistic Regression,volatility,0.1,1,3301438784831169207,0.8177710843373494,0.8177710843373494,0.0,0.6871576384662204,0.6890681003584229,-0.001910461892202564,0.4375,0.4380165289256198,-0.0005165289256198191,0.49528301886792453,0.5,-0.004716981132075471,0.4646017699115044,0.4669603524229075,-0.0023585825114030845,0.7659768715763846,0.7635507540407115,0.0024261175356731224,0.41398774616347356,0.41525666084141544,-0.0012689146779418792
Random Forest,volatility,0.1,1,3301438784831169207,0.8358433734939759,0.8396084337349398,-0.0037650602409639022,0.640596469872185,0.6390156894569554,0.0015807804152295768,0.4807692307692308,0.4965986394557823,-0.015829408686551527,0.35377358490566035,0.3443396226415094,0.009433962264150941,0.4076086956521739,0.40668523676880225,0.0009234588833716417,0.7367789274362615,0.7357856563197404,0.0009932711165211439,0.41951651268075923,0.41500268297726883,0.004513829703490402
Logistic Regression,volatility,0.1,2,13663661598406499716,0.8177710843373494,0.8125,0.005271084337349352,0.6871576384662204,0.6840214377493744,0.0031362007168459494,0.4375,0.4251012145748988,0.0123987854251012,0.49528301886792453,0.49528301886792453,0.0,0.4646017699115044,0.45751633986928103,0.007085430042223395,0.7659768715763846,0.7607315547440319,0.005245316832352742,0.41398774616347356,0.4092925949278757,0.004695151235597883
Random Forest,volatility,0.1,2,13663661598406499716,0.8358433734939759,0.838855421686747,-0.003012048192771122,0.640596469872185,0.6347467369987151,0.005849732873469904,0.4807692307692308,0.4930555555555556,-0.012286324786324798,0.35377358490566035,0.33490566037735847,0.018867924528301883,0.4076086956521739,0.398876404494382,0.008732291157791894,0.7367789274362615,0.7308150740515318,0.0059638533847297115,0.41951651268075923,0.4100143133069982,0.009502199373761011
Logistic Regression,volatility,0.1,3,6309596844908173339,0.8177710843373494,0.8155120481927711,0.0022590361445782303,0.6871576384662204,0.6915449381213228,-0.004387299655102428,0.4375,0.43373493975903615,0.0037650602409638467,0.49528301886792453,0.5094339622641509,-0.014150943396226412,0.4646017699115044,0.4685466377440347,-0.0039448678325302855,0.7659768715763846,0.7662431527693244,-0.0002662811929398101,0.41398774616347356,0.4169359568024095,-0.0029482106389359664
Random Forest,volatility,0.1,3,6309596844908173339,0.8358433734939759,0.8350903614457831,0.0007530120481927804,0.640596469872185,0.6344170555217421,0.006179414350442891,0.4807692307692308,0.4768211920529801,0.003948038716250657,0.35377358490566035,0.33962264150943394,0.014150943396226412,0.4076086956521739,0.39669421487603307,0.010914480776140822,0.7367789274362615,0.7331904713599784,0.0035884560762831086,0.41951651268075923,0.4235132444516732,-0.003996731770913975
Logistic Regression,volatility,0.1,4,14557536059100780187,0.8177710843373494,0.8087349397590361,0.009036144578313254,0.6871576384662204,0.6722289849191858,0.014928653547034543,0.4375,0.4132231404958678,0.02427685950413222,0.49528301886792453,0.4716981132075472,0.023584905660377353,0.4646017699115044,0.44052863436123346,0.024073135550270963,0.7659768715763846,0.7672533306282546,-0.0012764590518700158,0.41398774616347356,0.40997243925217675,0.004015306911296812
Random Forest,volatility,0.1,4,14557536059100780187,0.8358433734939759,0.8283132530120482,0.0075301204819276935,0.640596469872185,0.6284743355650233,0.012122134307161692,0.4807692307692308,0.44936708860759494,0.03140214216163584,0.35377358490566035,0.33490566037735847,0.018867924528301883,0.4076086956521739,0.3837837837837838,0.023824911868390086,0.7367789274362615,0.7415804422803813,-0.004801514844119836,0.41951651268075923,0.4169039356781088,0.0026125770026504402
Logistic Regression,volatility,0.1,5,12358981253852739460,0.8177710843373494,0.8185240963855421,-0.0007530120481927804,0.6871576384662204,0.6933370528166634,-0.006179414350443002,0.4375,0.44081632653061226,-0.003316326530612257,0.49528301886792453,0.5094339622641509,-0.014150943396226412,0.4646017699115044,0.4726477024070022,-0.008045932495497787,0.7659768715763846,0.7639861026577398,0.001990768918644803,0.41398774616347356,0.41239421319863256,0.0015935329648409935
Random Forest,volatility,0.1,5,12358981253852739460,0.8358433734939759,0.8373493975903614,-0.001506024096385561,0.640596469872185,0.6414925272198553,-0.0008960573476702871,0.4807692307692308,0.487012987012987,-0.006243756243756227,0.35377358490566035,0.35377358490566035,0.0,0.4076086956521739,0.4098360655737705,-0.0022273699215966114,0.7367789274362615,0.7407604652735511,-0.003981537837289606,0.41951651268075923,0.42089559619158345,-0.0013790835108242194
Logistic Regression,volatility,0.1,6,7028787356544957123,0.8177710843373494,0.8140060240963856,0.003765060240963791,0.6871576384662204,0.6810965713126395,0.006061067153580901,0.4375,0.42738589211618255,0.010114107883817447,0.49528301886792453,0.4858490566037736,0.009433962264150941,0.4646017699115044,0.45474613686534215,0.009855633046162271,0.7659768715763846,0.7619023466558463,0.0040745249205382805,0.41398774616347356,0.4088193263912736,0.00516841977219995
Random Forest,volatility,0.1,6,7028787356544957123,0.8358433734939759,0.8358433734939759,0.0,0.640596469872185,0.6463278555487928,-0.005731385676607803,0.4807692307692308,0.48148148148148145,-0.0007122507122506727,0.35377358490566035,0.36792452830188677,-0.014150943396226412,0.4076086956521739,0.41711229946524064,-0.009503603813066752,0.7367789274362615,0.7325353350916346,0.004243592344626901,0.41951651268075923,0.4189571249265603,0.0005593877541989478
Logistic Regression,volatility,0.1,7,1540174514881669605,0.8177710843373494,0.8185240963855421,-0.0007530120481927804,0.6871576384662204,0.6876056671400554,-0.00044802867383508804,0.4375,0.4393305439330544,-0.0018305439330543738,0.49528301886792453,0.49528301886792453,0.0,0.4646017699115044,0.4656319290465632,-0.0010301591350587724,0.7659768715763846,0.7580518360722255,0.007925035504159128,0.41398774616347356,0.4033368277837151,0.010650918379758456
Random Forest,volatility,0.1,7,1540174514881669605,0.8358433734939759,0.8328313253012049,0.0030120481927710108,0.640596469872185,0.6330729695002367,0.007523500371948266,0.4807692307692308,0.4675324675324675,0.01323676323676326,0.35377358490566035,0.33962264150943394,0.014150943396226412,0.4076086956521739,0.39344262295081966,0.014166072701354226,0.7367789274362615,0.7263559207411916,0.010423006695069903,0.41951651268075923,0.4086192139865548,0.010897298694204416
Logistic Regression,volatility,0.1,8,9034619144380255966,0.8177710843373494,0.8200301204819277,-0.0022590361445783413,0.6871576384662204,0.692322648272131,-0.005165009805910614,0.4375,0.44398340248962653,-0.006483402489626533,0.49528301886792453,0.5047169811320755,-0.009433962264150997,0.4646017699115044,0.47240618101545256,-0.007804411103948139,0.7659768715763846,0.7690665787516061,-0.003089707175221501,0.41398774616347356,0.41435216910251704,-0.000364422939043485
Random Forest,volatility,0.1,8,9034619144380255966,0.8358433734939759,0.8328313253012049,0.0030120481927710108,0.640596469872185,0.6330729695002367,0.007523500371948266,0.4807692307692308,0.4675324675324675,0.01323676323676326,0.35377358490566035,0.33962264150943394,0.014150943396226412,0.4076086956521739,0.39344262295081966,0.014166072701354226,0.7367789274362615,0.7332707783864205,0.0035081490498409806,0.41951651268075923,0.42001969052311616,-0.0005031778423569278
Logistic Regression,volatility,0.1,9,15965216451198907214,0.8177710843373494,0.8102409638554217,0.0075301204819276935,0.6871576384662204,0.6788564279434639,0.008301210522756453,0.4375,0.4186991869918699,0.01880081300813008,0.49528301886792453,0.4858490566037736,0.009433962264150941,0.4646017699115044,0.4497816593886463,0.014820110522858143,0.7659768715763846,0.7658923378643404,8.453371204419913e-05,0.41398774616347356,0.4040632626287005,0.009924483534773043
Random Forest,volatility,0.1,9,15965216451198907214,0.8358433734939759,0.8373493975903614,-0.001506024096385561,0.640596469872185,0.6338506796510448,0.006745790221140191,0.4807692307692308,0.4863013698630137,-0.005532139093782917,0.35377358490566035,0.33490566037735847,0.018867924528301883,0.4076086956521739,0.39664804469273746,0.010960650959436435,0.7367789274362615,0.7383597078514912,-0.0015807804152296878,0.41951651268075923,0.4193278855810646,0.0001886270996946382
Logistic Regression,volatility,0.1,10,920796921341124043,0.8177710843373494,0.8109939759036144,0.006777108433734913,0.6871576384662204,0.679304456617299,0.007853181848921365,0.4375,0.4204081632653061,0.017091836734693888,0.49528301886792453,0.4858490566037736,0.009433962264150941,0.4646017699115044,0.45076586433260396,0.013835905578900465,0.7659768715763846,0.7632675661053628,0.0027093054710217723,0.41398774616347356,0.40761673170861157,0.00637101445486199
Random Forest,volatility,0.1,10,920796921341124043,0.8358433734939759,0.8350903614457831,0.0007530120481927804,0.640596469872185,0.6382379793061472,0.002358490566037763,0.4807692307692308,0.4774193548387097,0.0033498759305211068,0.35377358490566035,0.3490566037735849,0.004716981132075471,0.4076086956521739,0.4032697547683924,0.004338940883781506,0.7367789274362615,0.7347036248055726,0.002075302630688891,0.41951651268075923,0.41158249133716074,0.007934021343598496
Logistic Regression,volatility,0.1,11,2153042905443638169,0.8177710843373494,0.8147590361445783,0.0030120481927710108,0.6871576384662204,0.6834550618786772,0.0037025765875431382,0.4375,0.4297520661157025,0.007747933884297509,0.49528301886792453,0.49056603773584906,0.004716981132075471,0.4646017699115044,0.4581497797356828,0.006451990175821598,0.7659768715763846,0.7672533306282545,-0.0012764590518699048,0.41398774616347356,0.4164647174331314,-0.002476971269657846
Random Forest,volatility,0.1,11,2153042905443638169,0.8358433734939759,0.8403614457831325,-0.004518072289156683,0.640596469872185,0.6451951038073984,-0.004598633935213425,0.4807692307692308,0.5,-0.019230769230769218,0.35377358490566035,0.3584905660377358,-0.004716981132075471,0.4076086956521739,0.4175824175824176,-0.009973721930243706,0.7367789274362615,0.7373706634205721,-0.0005917359843106151,0.41951651268075923,0.4231450551483323,-0.003628542467573048
Logistic Regression,volatility,0.1,12,15597901712307154894,0.8177710843373494,0.8185240963855421,-0.0007530120481927804,0.6871576384662204,0.6837847433556502,0.003372895110570151,0.4375,0.43829787234042555,-0.0007978723404255539,0.49528301886792453,0.4858490566037736,0.009433962264150941,0.4646017699115044,0.4608501118568233,0.0037516580546811396,0.7659768715763846,0.7655711097585718,0.00040576181781282195,0.41398774616347356,0.4126573117627874,0.0013304344006861424
Random Forest,volatility,0.1,12,15597901712307154894,0.8358433734939759,0.838855421686747,-0.003012048192771122,0.640596469872185,0.6404781226753229,0.00011834719686210082,0.4807692307692308,0.49333333333333335,-0.012564102564102564,0.35377358490566035,0.3490566037735849,0.004716981132075471,0.4076086956521739,0.4088397790055249,-0.0012310833533509813,0.7367789274362615,0.7377426117535674,-0.0009636843173058685,0.41951651268075923,0.41960537059497244,-8.885791421320288e-05
Logistic Regression,volatility,0.1,13,6297747481785184484,0.8177710843373494,0.8170180722891566,0.0007530120481927804,0.6871576384662204,0.6905305335767904,-0.00337289511057004,0.4375,0.43673469387755104,0.000765306122448961,0.49528301886792453,0.5047169811320755,-0.009433962264150997,0.4646017699115044,0.4682713347921225,-0.0036695648806180925,0.7659768715763846,0.7637325015216068,0.0022443700547778445,0.41398774616347356,0.41520868481209466,-0.001220938648621106
Random Forest,volatility,0.1,13,6297747481785184484,0.8358433734939759,0.8433734939759037,-0.0075301204819278045,0.640596469872185,0.6469872185027389,-0.0063907486305538885,0.4807692307692308,0.5135135135135135,-0.032744282744282704,0.35377358490566035,0.3584905660377358,-0.004716981132075471,0.4076086956521739,0.4222222222222222,-0.01461352657004833,0.7367789274362615,0.7379581727192804,-0.001179245283018937,0.41951651268075923,0.4230986105094448,-0.003582097828685571
Logistic Regression,volatility,0.1,14,4043943531231081478,0.8177710843373494,0.8087349397590361,0.009036144578313254,0.6871576384662204,0.6836917562724014,0.0034658821938189366,0.4375,0.41732283464566927,0.02017716535433073,0.49528301886792453,0.5,-0.004716981132075471,0.4646017699115044,0.45493562231759654,0.009666147593907881,0.7659768715763846,0.7621390410495706,0.003837830526813968,0.41398774616347356,0.40689176495802304,0.007095981205450519
Random Forest,volatility,0.1,14,4043943531231081478,0.8358433734939759,0.8358433734939759,0.0,0.640596469872185,0.631044160411172,0.009552309461013042,0.4807692307692308,0.4794520547945205,0.0013171759747102607,0.35377358490566035,0.330188679245283,0.023584905660377353,0.4076086956521739,0.39106145251396646,0.016547243138207435,0.7367789274362615,0.7304177656049232,0.00636116183133828,0.41951651268075923,0.41633297976897404,0.003183532911785192
Logistic Regression,volatility,0.1,15,16621670853830432453,0.8177710843373494,0.8162650602409639,0.0015060240963854499,0.6871576384662204,0.6805301954419423,0.00662744302427809,0.4375,0.4322033898305085,0.005296610169491511,0.49528301886792453,0.4811320754716981,0.014150943396226412,0.4646017699115044,0.45535714285714285,0.009244627054361576,0.7659768715763846,0.7612303036450936,0.004746567931291024,0.41398774616347356,0.40819661022001763,0.005791135943455927
Random Forest,volatility,0.1,15,16621670853830432453,0.8358433734939759,0.838855421686747,-0.003012048192771122,0.640596469872185,0.6423885845675255,-0.0017921146953404632,0.4807692307692308,0.4934210526315789,-0.012651821862348145,0.35377358490566035,0.35377358490566035,0.0,0.4076086956521739,0.41208791208791207,-0.004479216435738176,0.7367789274362615,0.7378609589504295,-0.0010820315141679693,0.41951651268075923,0.41533211595746306,0.00418439672329618
Logistic Regression,volatility,0.1,16,14650782300419662427,0.8177710843373494,0.8132530120481928,0.004518072289156572,0.6871576384662204,0.6882903902076148,-0.0011327517413944888,0.4375,0.428,0.009500000000000008,0.49528301886792453,0.5047169811320755,-0.009433962264150997,0.4646017699115044,0.46320346320346323,0.001398306708041197,0.7659768715763846,0.7643115574491107,0.001665314127273887,0.41398774616347356,0.4119139744107294,0.002073771752744147
Random Forest,volatility,0.1,16,14650782300419662427,0.8358433734939759,0.8320783132530121,0.003765060240963791,0.640596469872185,0.630714478934199,0.00988199093798603,0.4807692307692308,0.46405228758169936,0.01671694318753142,0.35377358490566035,0.33490566037735847,0.018867924528301883,0.4076086956521739,0.38904109589041097,0.01856759976176292,0.7367789274362615,0.7334778859809291,0.0033010414553323875,0.41951651268075923,0.4157139679341343,0.0038025447466249473
Logistic Regression,volatility,0.1,17,16965331888519512592,0.8177710843373494,0.8117469879518072,0.0060240963855421326,0.6871576384662204,0.6759315615067288,0.011226076959491516,0.4375,0.42083333333333334,0.016666666666666663,0.49528301886792453,0.47641509433962265,0.018867924528301883,0.4646017699115044,0.4469026548672566,0.017699115044247815,0.7659768715763846,0.763115405423683,0.002861466152701664,0.41398774616347356,0.41070772306139225,0.0032800231020813087
Random Forest,volatility,0.1,17,16965331888519512592,0.8358433734939759,0.8343373493975904,0.0015060240963854499,0.640596469872185,0.6377899506323121,0.002806519239872851,0.4807692307692308,0.47435897435897434,0.006410256410256443,0.35377358490566035,0.3490566037735849,0.004716981132075471,0.4076086956521739,0.40217391304347827,0.005434782608695621,0.7367789274362615,0.7332496449584094,0.0035292824778521137,0.41951651268075923,0.41795270280802027,0.0015638098727389638
Logistic Regression,volatility,0.1,18,9525263633746554516,0.8177710843373494,0.8177710843373494,0.0,0.6871576384662204,0.6890681003584229,-0.001910461892202564,0.4375,0.4380165289256198,-0.0005165289256198191,0.49528301886792453,0.5,-0.004716981132075471,0.4646017699115044,0.4669603524229075,-0.0023585825114030845,0.7659768715763846,0.763812808548049,0.0021640630283356055,0.41398774616347356,0.41408922369038953,-0.00010147752691597178
Random Forest,volatility,0.1,18,9525263633746554516,0.8358433734939759,0.8396084337349398,-0.0037650602409639022,0.640596469872185,0.6447470751335632,-0.004150605261378226,0.4807692307692308,0.49673202614379086,-0.01596279537456008,0.35377358490566035,0.3584905660377358,-0.004716981132075471,0.4076086956521739,0.41643835616438357,-0.00882966051220968,0.7367789274362615,0.7364492459592886,0.0003296814769728762,0.41951651268075923,0.41824320979371327,0.0012733028870459684
Logistic Regression,volatility,0.1,19,1235115055788233727,0.8177710843373494,0.8132530120481928,0.004518072289156572,0.6871576384662204,0.6787380807466017,0.008419557719618664,0.4375,0.425,0.012500000000000011,0.49528301886792453,0.4811320754716981,0.014150943396226412,0.4646017699115044,0.45132743362831856,0.013274336283185861,0.7659768715763846,0.7673716778251167,-0.0013948062487321167,0.41398774616347356,0.41315616063990734,0.000831585523566214
Random Forest,volatility,0.1,19,1235115055788233727,0.8358433734939759,0.8328313253012049,0.0030120481927710108,0.640596469872185,0.6349834313924393,0.005613038479745702,0.4807692307692308,0.46794871794871795,0.01282051282051283,0.35377358490566035,0.3443396226415094,0.009433962264150941,0.4076086956521739,0.3967391304347826,0.010869565217391297,0.7367789274362615,0.7402448096300805,-0.0034658821938190476,0.41951651268075923,0.4156127889808278,0.003903723699931416
Logistic Regression,volatility,0.1,20,17966702983122998047,0.8177710843373494,0.8132530120481928,0.004518072289156572,0.6871576384662204,0.682559004531007,0.004598633935213314,0.4375,0.4262295081967213,0.011270491803278715,0.49528301886792453,0.49056603773584906,0.004716981132075471,0.4646017699115044,0.45614035087719296,0.008461419034311468,0.7659768715763846,0.7610189693649827,0.00495790221140191,0.41398774616347356,0.4146005184531725,-0.0006127722896989152
Random Forest,volatility,0.1,20,17966702983122998047,0.8358433734939759,0.8335843373493976,0.0022590361445782303,0.640596469872185,0.6354314600662745,0.005165009805910503,0.4807692307692308,0.47096774193548385,0.00980148883374693,0.35377358490566035,0.3443396226415094,0.009433962264150941,0.4076086956521739,0.3978201634877384,0.009788532164435482,0.7367789274362615,0.7279282477852167,0.008850679651044802,0.41951651268075923,0.41866072876279176,0.0008557839179674787
Logistic Regression,volatility,0.1,21,13498147752516454379,0.8177710843373494,0.8147590361445783,0.0030120481927710108,0.6871576384662204,0.6853655237708798,0.0017921146953405742,0.4375,0.430327868852459,0.0071721311475410054,0.49528301886792453,0.49528301886792453,0.0,0.4646017699115044,0.4605263157894737,0.004075454122030753,0.7659768715763846,0.7644552647595861,0.0015216068167984709,0.41398774616347356,0.408539280536757,0.005448465626716581
Random Forest,volatility,0.1,21,13498147752516454379,0.8358433734939759,0.8313253012048193,0.004518072289156572,0.640596469872185,0.6321769121525664,0.008419557719618553,0.4807692307692308,0.46153846153846156,0.019230769230769218,0.35377358490566035,0.33962264150943394,0.014150943396226412,0.4076086956521739,0.391304347826087,0.016304347826086918,0.7367789274362615,0.7347416649759925,0.0020372624602690292,0.41951651268075923,0.4149145590967955,0.004601953583963758
Logistic Regression,volatility,0.1,22,11576168098193082445,0.8177710843373494,0.8125,0.005271084337349352,0.6871576384662204,0.6802005139649693,0.006957124501251077,0.4375,0.42386831275720166,0.01363168724279834,0.49528301886792453,0.4858490566037736,0.009433962264150941,0.4646017699115044,0.45274725274725275,0.011854517164251677,0.7659768715763846,0.762168627848786,0.0038082437275985814,0.41398774616347356,0.4125533935795662,0.001434352583907339
Random Forest,volatility,0.1,22,11576168098193082445,0.8358433734939759,0.8381024096385542,-0.0022590361445783413,0.640596469872185,0.6381196321092852,0.002476837762899753,0.4807692307692308,0.4899328859060403,-0.009163655136809501,0.35377358490566035,0.3443396226415094,0.009433962264150941,0.4076086956521739,0.40443213296398894,0.0031765626881849474,0.7367789274362615,0.737079022114019,-0.00030009467775748977,0.41951651268075923,0.41950674018623085,9.772494528381692e-06
Logistic Regression,volatility,0.1,23,11798183983603223691,0.8177710843373494,0.8132530120481928,0.004518072289156572,0.6871576384662204,0.682559004531007,0.004598633935213314,0.4375,0.4262295081967213,0.011270491803278715,0.49528301886792453,0.49056603773584906,0.004716981132075471,0.4646017699115044,0.45614035087719296,0.008461419034311468,0.7659768715763846,0.7644003178467572,0.0015765537296273946,0.41398774616347356,0.41191585110528806,0.0020718950581855022
Random Forest,volatility,0.1,23,11798183983603223691,0.8358433734939759,0.8396084337349398,-0.0037650602409639022,0.640596469872185,0.640926151349158,-0.0003296814769729872,0.4807692307692308,0.4966442953020134,-0.015875064532782646,0.35377358490566035,0.3490566037735849,0.004716981132075471,0.4076086956521739,0.4099722991689751,-0.002363603516801205,0.7367789274362615,0.7386640292148509,-0.0018851017785893598,0.41951651268075923,0.4189292883158334,0.0005872243649258091
Logistic Regression,volatility,0.1,24,15278150447820797052,0.8177710843373494,0.8125,0.005271084337349352,0.6871576384662204,0.6840214377493744,0.0031362007168459494,0.4375,0.4251012145748988,0.0123987854251012,0.49528301886792453,0.49528301886792453,0.0,0.4646017699115044,0.45751633986928103,0.007085430042223395,0.7659768715763846,0.7645397984716304,0.0014370731047541607,0.41398774616347356,0.41354402284543573,0.0004437233180378253
Random Forest,volatility,0.1,24,15278150447820797052,0.8358433734939759,0.8343373493975904,0.0015060240963854499,0.640596469872185,0.6358794887401096,0.004716981132075415,0.4807692307692308,0.474025974025974,0.006743256743256765,0.35377358490566035,0.3443396226415094,0.009433962264150941,0.4076086956521739,0.3989071038251366,0.00870159182703728,0.7367789274362615,0.733105937647934,0.0036729897883275298,0.41951651268075923,0.41596105704812525,0.003555455632633986
Logistic Regression,volatility,0.1,25,12548196984345407604,0.8177710843373494,0.8125,0.005271084337349352,0.6871576384662204,0.6802005139649693,0.006957124501251077,0.4375,0.42386831275720166,0.01363168724279834,0.49528301886792453,0.4858490566037736,0.009433962264150941,0.4646017699115044,0.45274725274725275,0.011854517164251677,0.7659768715763846,0.7632760194765673,0.002700852099817297,0.41398774616347356,0.4104506153245712,0.003537130838902336
Random Forest,volatility,0.1,25,12548196984345407604,0.8358433734939759,0.8358433734939759,0.0,0.640596469872185,0.6367755460877798,0.003820923784405239,0.4807692307692308,0.48026315789473684,0.0005060728744939458,0.35377358490566035,0.3443396226415094,0.009433962264150941,0.4076086956521739,0.4010989010989011,0.006509794553272774,0.7367789274362615,0.735392574558734,0.0013863528775275302,0.41951651268075923,0.41897988205929604,0.0005366306214631966
Logistic Regression,volatility,0.1,26,17250561411484569088,0.8177710843373494,0.8140060240963856,0.003765060240963791,0.6871576384662204,0.6849174950970447,0.0022401433691756623,0.4375,0.42857142857142855,0.008928571428571452,0.49528301886792453,0.49528301886792453,0.0,0.4646017699115044,0.45951859956236324,0.005083170349141186,0.7659768715763846,0.764975147088659,0.0010017244877256193,0.41398774616347356,0.41683461412965683,-0.002846867966183275
Random Forest,volatility,0.1,26,17250561411484569088,0.8358433734939759,0.8358433734939759,0.0,0.640596469872185,0.6348650841955772,0.005731385676607803,0.4807692307692308,0.48,0.0007692307692307998,0.35377358490566035,0.33962264150943394,0.014150943396226412,0.4076086956521739,0.39779005524861877,0.009818640403555123,0.7367789274362615,0.7304811658889565,0.006297761547304992,0.41951651268075923,0.41760414093644027,0.0019123717443189636
Logistic Regression,volatility,0.1,27,4081975922727794033,0.8177710843373494,0.8177710843373494,0.0,0.6871576384662204,0.6890681003584229,-0.001910461892202564,0.4375,0.4380165289256198,-0.0005165289256198191,0.49528301886792453,0.5,-0.004716981132075471,0.4646017699115044,0.4669603524229075,-0.0023585825114030845,0.7659768715763846,0.762244708189626,0.0037321633867586357,0.41398774616347356,0.4093508425528063,0.0046369036106672645
Random Forest,volatility,0.1,27,4081975922727794033,0.8358433734939759,0.8298192771084337,0.0060240963855421326,0.640596469872185,0.6255494691282883,0.015047000743896644,0.4807692307692308,0.45394736842105265,0.026821862348178127,0.35377358490566035,0.32547169811320753,0.028301886792452824,0.4076086956521739,0.3791208791208791,0.028487816531294785,0.7367789274362615,0.7286002907959694,0.008178636640292059,0.41951651268075923,0.4081656840807642,0.011350828599995033
Logistic Regression,volatility,0.1,28,7517349860451090809,0.8177710843373494,0.8200301204819277,-0.0022590361445783413,0.6871576384662204,0.6942331101643335,-0.007075471698113178,0.4375,0.4444444444444444,-0.00694444444444442,0.49528301886792453,0.5094339622641509,-0.014150943396226412,0.4646017699115044,0.4747252747252747,-0.010123504813770279,0.7659768715763846,0.7626335632650301,0.0033433083113545425,0.41398774616347356,0.4088895536224911,0.005098192540982482
Random Forest,volatility,0.1,28,7517349860451090809,0.8358433734939759,0.8411144578313253,-0.005271084337349463,0.640596469872185,0.6494640562656387,-0.008867586393453752,0.4807692307692308,0.5032258064516129,-0.022456575682382074,0.35377358490566035,0.36792452830188677,-0.014150943396226412,0.4076086956521739,0.4250681198910082,-0.017459424238834287,0.7367789274362615,0.7337103536890511,0.003068573747210368,0.41951651268075923,0.42026395615748413,-0.0007474434767248961
Logistic Regression,volatility,0.1,29,11007395921019526562,0.8177710843373494,0.8109939759036144,0.006777108433734913,0.6871576384662204,0.679304456617299,0.007853181848921365,0.4375,0.4204081632653061,0.017091836734693888,0.49528301886792453,0.4858490566037736,0.009433962264150941,0.4646017699115044,0.45076586433260396,0.013835905578900465,0.7659768715763846,0.761974200311084,0.004002671265300628,0.41398774616347356,0.4088270680533077,0.0051606781101658505
Random Forest,volatility,0.1,29,11007395921019526562,0.8358433734939759,0.8365963855421686,-0.0007530120481927804,0.640596469872185,0.6410444985460202,-0.00044802867383519906,0.4807692307692308,0.4838709677419355,-0.003101736972704716,0.35377358490566035,0.35377358490566035,0.0,0.4076086956521739,0.4087193460490463,-0.0011106503968724146,0.7367789274362615,0.7304050855481166,0.006373841888144938,0.41951651268075923,0.4150423684083012,0.004474144272458014
Logistic Regression,volatility,0.2,0,13595446208275357843,0.8177710843373494,0.7981927710843374,0.01957831325301196,0.6871576384662204,0.6774193548387097,0.009738283627510613,0.4375,0.39552238805970147,0.04197761194029853,0.49528301886792453,0.5,-0.004716981132075471,0.4646017699115044,0.44166666666666665,0.022935103244837773,0.7659768715763846,0.7561878677216473,0.009789003854737355,0.41398774616347356,0.3999979379954303,0.013989808168043238
Random Forest,volatility,0.2,0,13595446208275357843,0.8358433734939759,0.8365963855421686,-0.0007530120481927804,0.640596469872185,0.6391340366538175,0.001462433218367476,0.4807692307692308,0.48366013071895425,-0.002890899949723469,0.35377358490566035,0.3490566037735849,0.004716981132075471,0.4076086956521739,0.4054794520547945,0.002129243597379371,0.7367789274362615,0.7313560898086157,0.005422837627645838,0.41951651268075923,0.4076251363212888,0.011891376359470462
Logistic Regression,volatility,0.2,1,14196052234606800929,0.8177710843373494,0.8109939759036144,0.006777108433734913,0.6871576384662204,0.6773939947250964,0.009763643741123929,0.4375,0.41975308641975306,0.017746913580246937,0.49528301886792453,0.4811320754716981,0.014150943396226412,0.4646017699115044,0.44835164835164837,0.016250121559856057,0.7659768715763846,0.7578658619057281,0.008111009670656477,0.41398774616347356,0.41034660127780304,0.003641144885670522
Random Forest,volatility,0.2,1,14196052234606800929,0.8358433734939759,0.8358433734939759,0.0,0.640596469872185,0.6367755460877798,0.003820923784405239,0.4807692307692308,0.48026315789473684,0.0005060728744939458,0.35377358490566035,0.3443396226415094,0.009433962264150941,0.4076086956521739,0.4010989010989011,0.006509794553272774,0.7367789274362615,0.7315843308311355,0.005194596605126001,0.41951651268075923,0.407682665711227,0.011833846969532213
Logistic Regression,volatility,0.2,2,6673364238643222215,0.8177710843373494,0.8087349397590361,0.009036144578313254,0.6871576384662204,0.6817812943801989,0.005376344086021501,0.4375,0.4166666666666667,0.020833333333333315,0.49528301886792453,0.49528301886792453,0.0,0.4646017699115044,0.4525862068965517,0.012015563014952713,0.7659768715763846,0.7526247717589775,0.013352099817407148,0.41398774616347356,0.40004832449982514,0.013939421663648421
Random Forest,volatility,0.2,2,6673364238643222215,0.8358433734939759,0.8335843373493976,0.0022590361445782303,0.640596469872185,0.6297000743896666,0.010896395482518417,0.4807692307692308,0.4697986577181208,0.010970573051109989,0.35377358490566035,0.330188679245283,0.023584905660377353,0.4076086956521739,0.3878116343490305,0.019797061303143404,0.7367789274362615,0.7281776222357477,0.008601305200513831,0.41951651268075923,0.40543533837806894,0.014081174302690291
Logistic Regression,volatility,0.2,3,17137405310072196701,0.8177710843373494,0.8132530120481928,0.004518072289156572,0.6871576384662204,0.6959322377764252,-0.008774599310204856,0.4375,0.43023255813953487,0.007267441860465129,0.49528301886792453,0.5235849056603774,-0.02830188679245288,0.4646017699115044,0.4723404255319149,-0.007738655620410484,0.7659768715763846,0.7636310610671535,0.0023458105092311055,0.41398774616347356,0.4159698863008222,-0.0019821401373486536
Random Forest,volatility,0.2,3,17137405310072196701,0.8358433734939759,0.8365963855421686,-0.0007530120481927804,0.640596469872185,0.6353131128694123,0.005283357002772715,0.4807692307692308,0.48322147651006714,-0.0024522457408363563,0.35377358490566035,0.33962264150943394,0.014150943396226412,0.4076086956521739,0.3988919667590028,0.0087167288931711,0.7367789274362615,0.7304388990329344,0.006340028403327147,0.41951651268075923,0.41788440154935236,0.001632111131406877
Logistic Regression,volatility,0.2,4,6432052895582774894,0.8177710843373494,0.7906626506024096,0.027108433734939763,0.6871576384662204,0.6595658348549401,0.02759180361128022,0.4375,0.375,0.0625,0.49528301886792453,0.4669811320754717,0.028301886792452824,0.4646017699115044,0.41596638655462187,0.048635383356882556,0.7659768715763846,0.7642988773923041,0.0016779941840805446,0.41398774616347356,0.4002734754714747,0.013714270691998875
Random Forest,volatility,0.2,4,6432052895582774894,0.8358433734939759,0.8260542168674698,0.009789156626506035,0.640596469872185,0.6252197876513154,0.01537668222086963,0.4807692307692308,0.44025157232704404,0.040517658442186744,0.35377358490566035,0.330188679245283,0.023584905660377353,0.4076086956521739,0.37735849056603776,0.030250205086136128,0.7367789274362615,0.7482881923311016,-0.011509264894840054,0.41951651268075923,0.40569068603261255,0.013825826648146688
Logistic Regression,volatility,0.2,5,17068678050784251330,0.8177710843373494,0.8064759036144579,0.011295180722891485,0.6871576384662204,0.682347670250896,0.004809968215324312,0.4375,0.41245136186770426,0.025048638132295742,0.49528301886792453,0.5,-0.004716981132075471,0.4646017699115044,0.4520255863539446,0.01257618355755985,0.7659768715763846,0.759877764252384,0.006099107324000652,0.41398774616347356,0.4087356030600223,0.0052521431034512345
Random Forest,volatility,0.2,5,17068678050784251330,0.8358433734939759,0.8411144578313253,-0.005271084337349463,0.640596469872185,0.6494640562656387,-0.008867586393453752,0.4807692307692308,0.5032258064516129,-0.022456575682382074,0.35377358490566035,0.36792452830188677,-0.014150943396226412,0.4076086956521739,0.4250681198910082,-0.017459424238834287,0.7367789274362615,0.7363647122472442,0.00041421518901729737,0.41951651268075923,0.4162206555550453,0.0032958571257139524
Logistic Regression,volatility,0.2,6,6654465000115549678,0.8177710843373494,0.7974397590361446,0.02033132530120474,0.6871576384662204,0.6655085548116588,0.02164908365456153,0.4375,0.38910505836575876,0.04839494163424124,0.49528301886792453,0.4716981132075472,0.023584905660377353,0.4646017699115044,0.42643923240938164,0.038162537502122784,0.7659768715763846,0.7548015148441198,0.011175356732264774,0.41398774616347356,0.40162795293469905,0.012359793228774507
Random Forest,volatility,0.2,6,6654465000115549678,0.8358433734939759,0.838855421686747,-0.003012048192771122,0.640596469872185,0.6423885845675255,-0.0017921146953404632,0.4807692307692308,0.4934210526315789,-0.012651821862348145,0.35377358490566035,0.35377358490566035,0.0,0.4076086956521739,0.41208791208791207,-0.004479216435738176,0.7367789274362615,0.7305656996010009,0.006213227835260571,0.41951651268075923,0.4057807807289875,0.013735731951771746
Logistic Regression,volatility,0.2,7,2982835691336679487,0.8177710843373494,0.8072289156626506,0.010542168674698704,0.6871576384662204,0.6808852370325286,0.006272401433691788,0.4375,0.41338582677165353,0.02411417322834647,0.49528301886792453,0.49528301886792453,0.0,0.4646017699115044,0.45064377682403434,0.013957993087470089,0.7659768715763846,0.7471681206465138,0.018808750929870777,0.41398774616347356,0.3905978572497889,0.023389888913684653
Random Forest,volatility,0.2,7,2982835691336679487,0.8358433734939759,0.8350903614457831,0.0007530120481927804,0.640596469872185,0.6286856698451342,0.011910800027050805,0.4807692307692308,0.47586206896551725,0.004907161803713533,0.35377358490566035,0.32547169811320753,0.028301886792452824,0.4076086956521739,0.3865546218487395,0.02105407380343438,0.7367789274362615,0.7236001217285454,0.013178805707716124,0.41951651268075923,0.3979839132172752,0.021532599463484015
Logistic Regression,volatility,0.2,8,5010699596685412435,0.8177710843373494,0.8109939759036144,0.006777108433734913,0.6871576384662204,0.6869463041861095,0.0002113342801108864,0.4375,0.42292490118577075,0.014575098814229248,0.49528301886792453,0.5047169811320755,-0.009433962264150997,0.4646017699115044,0.46021505376344085,0.004386716148063574,0.7659768715763846,0.7687073104754176,-0.0027304388990330164,0.41398774616347356,0.41075042901507447,0.003237317148399088
Random Forest,volatility,0.2,8,5010699596685412435,0.8358433734939759,0.8343373493975904,0.0015060240963854499,0.640596469872185,0.6339690268479069,0.00662744302427809,0.4807692307692308,0.47368421052631576,0.007085020242915019,0.35377358490566035,0.33962264150943394,0.014150943396226412,0.4076086956521739,0.3956043956043956,0.012004300047778305,0.7367789274362615,0.7382413606546291,-0.001462433218367587,0.41951651268075923,0.41436974740594806,0.005146765274811171
Logistic Regression,volatility,0.2,9,3558182916578365617,0.8177710843373494,0.7966867469879518,0.02108433734939752,0.6871576384662204,0.6746128355988368,0.012544802867383575,0.4375,0.3917910447761194,0.045708955223880576,0.49528301886792453,0.49528301886792453,0.0,0.4646017699115044,0.4375,0.027101769911504425,0.7659768715763846,0.7604568201798876,0.005520051396497028,0.41398774616347356,0.39117786550603845,0.02280988065743511
Random Forest,volatility,0.2,9,3558182916578365617,0.8358433734939759,0.8343373493975904,0.0015060240963854499,0.640596469872185,0.6282376411712991,0.012358828700885893,0.4807692307692308,0.4726027397260274,0.008166491043203383,0.35377358490566035,0.32547169811320753,0.028301886792452824,0.4076086956521739,0.3854748603351955,0.02213383531697838,0.7367789274362615,0.7316392777439643,0.005139649692297188,0.41951651268075923,0.4093582293579944,0.01015828332276486
Logistic Regression,volatility,0.2,10,8845628969842845135,0.8177710843373494,0.8042168674698795,0.013554216867469826,0.6871576384662204,0.6714512747683776,0.01570636369784273,0.4375,0.404,0.033499999999999974,0.49528301886792453,0.47641509433962265,0.018867924528301883,0.4646017699115044,0.43722943722943725,0.02737233268206718,0.7659768715763846,0.7573671130046662,0.008609758571718418,0.41398774616347356,0.3976801733428462,0.016307572820627336
Random Forest,volatility,0.2,10,8845628969842845135,0.8358433734939759,0.829066265060241,0.006777108433734913,0.640596469872185,0.6308328261310611,0.009763643741123929,0.4807692307692308,0.4528301886792453,0.02793904208998549,0.35377358490566035,0.33962264150943394,0.014150943396226412,0.4076086956521739,0.3881401617250674,0.019468533927106513,0.7367789274362615,0.7305952864002164,0.006183641036045073,0.41951651268075923,0.3996133139423948,0.019903198738364436
Logistic Regression,volatility,0.2,11,15889043808050489679,0.8177710843373494,0.8117469879518072,0.0060240963855421326,0.6871576384662204,0.6816629471833366,0.0054946912828837124,0.4375,0.42276422764227645,0.014735772357723553,0.49528301886792453,0.49056603773584906,0.004716981132075471,0.4646017699115044,0.45414847161572053,0.010453298295783897,0.7659768715763846,0.7651146277135321,0.0008622438628524964,0.41398774616347356,0.4150251621783924,-0.0010374160149188572
Random Forest,volatility,0.2,11,15889043808050489679,0.8358433734939759,0.8403614457831325,-0.004518072289156683,0.640596469872185,0.647105565699601,-0.006509095827415989,0.4807692307692308,0.5,-0.019230769230769218,0.35377358490566035,0.3632075471698113,-0.009433962264150941,0.4076086956521739,0.4207650273224044,-0.013156331670230503,0.7367789274362615,0.728803171704876,0.007975755731385537,0.41951651268075923,0.41545059071859547,0.0040659219621637654
Logistic Regression,volatility,0.2,12,883797349487078171,0.8177710843373494,0.8140060240963856,0.003765060240963791,0.6871576384662204,0.6810965713126395,0.006061067153580901,0.4375,0.42738589211618255,0.010114107883817447,0.49528301886792453,0.4858490566037736,0.009433962264150941,0.4646017699115044,0.45474613686534215,0.009855633046162271,0.7659768715763846,0.761276797186718,0.004700074389666575,0.41398774616347356,0.4069631809380706,0.007024565225402957
Random Forest,volatility,0.2,12,883797349487078171,0.8358433734939759,0.8373493975903614,-0.001506024096385561,0.640596469872185,0.6357611415432475,0.004835328328937516,0.4807692307692308,0.4864864864864865,-0.0057172557172557315,0.35377358490566035,0.33962264150943394,0.014150943396226412,0.4076086956521739,0.4,0.007608695652173869,0.7367789274362615,0.740409650368567,-0.0036307229323054857,0.41951651268075923,0.4177663767193177,0.0017501359614415235
Logistic Regression,volatility,0.2,13,7768036153638795592,0.8177710843373494,0.8102409638554217,0.0075301204819276935,0.6871576384662204,0.6845878136200717,0.0025698248461486495,0.4375,0.42063492063492064,0.01686507936507936,0.49528301886792453,0.5,-0.004716981132075471,0.4646017699115044,0.45689655172413796,0.007705218187366469,0.7659768715763846,0.758542131602083,0.007434739974301663,0.41398774616347356,0.4109196918873162,0.0030680542761573615
Random Forest,volatility,0.2,13,7768036153638795592,0.8358433734939759,0.8433734939759037,-0.0075301204819278045,0.640596469872185,0.6450767566105362,-0.0044802867383512135,0.4807692307692308,0.5136986301369864,-0.032929399367755574,0.35377358490566035,0.35377358490566035,0.0,0.4076086956521739,0.41899441340782123,-0.01138571775564734,0.7367789274362615,0.7333257252992493,0.003453202137012168,0.41951651268075923,0.41966004887581887,-0.00014353619505963477
Logistic Regression,volatility,0.2,14,1131110096225293403,0.8177710843373494,0.8057228915662651,0.012048192771084265,0.6871576384662204,0.6723473321160479,0.014810306350172442,0.4375,0.40725806451612906,0.03024193548387094,0.49528301886792453,0.47641509433962265,0.018867924528301883,0.4646017699115044,0.4391304347826087,0.02547133512889571,0.7659768715763846,0.7549705822682086,0.011006289308176043,0.41398774616347356,0.39560424623625984,0.01838349992721372
Random Forest,volatility,0.2,14,1131110096225293403,0.8358433734939759,0.8343373493975904,0.0015060240963854499,0.640596469872185,0.6339690268479069,0.00662744302427809,0.4807692307692308,0.47368421052631576,0.007085020242915019,0.35377358490566035,0.33962264150943394,0.014150943396226412,0.4076086956521739,0.3956043956043956,0.012004300047778305,0.7367789274362615,0.72682930952864,0.0099496179076215,0.41951651268075923,0.40365876721308946,0.01585774546766977
Logistic Regression,volatility,0.2,15,16954520137531070338,0.8177710843373494,0.7989457831325302,0.018825301204819178,0.6871576384662204,0.6664046121593292,0.02075302630689113,0.4375,0.39215686274509803,0.045343137254901966,0.49528301886792453,0.4716981132075472,0.023584905660377353,0.4646017699115044,0.4282655246252677,0.036336245286236746,0.7659768715763846,0.7531488807736525,0.012827990802732114,0.41398774616347356,0.3998971865074248,0.014090559656048773
Random Forest,volatility,0.2,15,16954520137531070338,0.8358433734939759,0.8365963855421686,-0.0007530120481927804,0.640596469872185,0.631492189085007,0.009104280787177954,0.4807692307692308,0.4827586206896552,-0.0019893899204244114,0.35377358490566035,0.330188679245283,0.023584905660377353,0.4076086956521739,0.39215686274509803,0.015451832907075858,0.7367789274362615,0.7271251775207952,0.009653749915466303,0.41951651268075923,0.4041912911184425,0.015325221562316749
Logistic Regression,volatility,0.2,16,10206829338990347457,0.8177710843373494,0.802710843373494,0.015060240963855387,0.6871576384662204,0.6762866030973151,0.010871035368905213,0.4375,0.40310077519379844,0.034399224806201556,0.49528301886792453,0.49056603773584906,0.004716981132075471,0.4646017699115044,0.4425531914893617,0.02204857842214275,0.7659768715763846,0.7602370325285723,0.0057398390478122785,0.41398774616347356,0.40704179065331664,0.00694595551015692
Random Forest,volatility,0.2,16,10206829338990347457,0.8358433734939759,0.8358433734939759,0.0,0.640596469872185,0.631044160411172,0.009552309461013042,0.4807692307692308,0.4794520547945205,0.0013171759747102607,0.35377358490566035,0.330188679245283,0.023584905660377353,0.4076086956521739,0.39106145251396646,0.016547243138207435,0.7367789274362615,0.7320577196185838,0.004721207817677708,0.41951651268075923,0.41797266651713183,0.0015438461636274048
Logistic Regression,volatility,0.2,17,7586596391479638876,0.8177710843373494,0.8042168674698795,0.013554216867469826,0.6871576384662204,0.6752721985527829,0.01188543991343749,0.4375,0.40551181102362205,0.03198818897637795,0.49528301886792453,0.4858490566037736,0.009433962264150941,0.4646017699115044,0.44206008583690987,0.02254168407459456,0.7659768715763846,0.757223405694191,0.008753465882193612,0.41398774616347356,0.4050561227788562,0.008931623384617338
Random Forest,volatility,0.2,17,7586596391479638876,0.8358433734939759,0.8365963855421686,-0.0007530120481927804,0.640596469872185,0.6429549604382228,-0.002358490566037763,0.4807692307692308,0.4840764331210191,-0.0033072023517883298,0.35377358490566035,0.3584905660377358,-0.004716981132075471,0.4076086956521739,0.41192411924119243,-0.004315423589018541,0.7367789274362615,0.7249357543788462,0.011843173057415335,0.41951651268075923,0.4132627726852347,0.006253739995524532
Logistic Regression,volatility,0.2,18,6195635792726322009,0.8177710843373494,0.8132530120481928,0.004518072289156572,0.6871576384662204,0.6882903902076148,-0.0011327517413944888,0.4375,0.428,0.009500000000000008,0.49528301886792453,0.5047169811320755,-0.009433962264150997,0.4646017699115044,0.46320346320346323,0.001398306708041197,0.7659768715763846,0.758449144518834,0.0075277270575505595,0.41398774616347356,0.4106480706342564,0.0033396755292171565
Random Forest,volatility,0.2,18,6195635792726322009,0.8358433734939759,0.8396084337349398,-0.0037650602409639022,0.640596469872185,0.6447470751335632,-0.004150605261378226,0.4807692307692308,0.49673202614379086,-0.01596279537456008,0.35377358490566035,0.3584905660377358,-0.004716981132075471,0.4076086956521739,0.41643835616438357,-0.00882966051220968,0.7367789274362615,0.7347120781767769,0.0020668492594846377,0.41951651268075923,0.40974521470524305,0.00977129797551618
Logistic Regression,volatility,0.2,19,14642119442470440745,0.8177710843373494,0.8079819277108434,0.009789156626505924,0.6871576384662204,0.6832437275985663,0.003913910867654025,0.4375,0.41568627450980394,0.021813725490196056,0.49528301886792453,0.5,-0.004716981132075471,0.4646017699115044,0.4539614561027837,0.010640313808720714,0.7659768715763846,0.7661501656860756,-0.00017329410969102454,0.41398774616347356,0.40926932590380843,0.004718420259665124
Random Forest,volatility,0.2,19,14642119442470440745,0.8358433734939759,0.8328313253012049,0.0030120481927710108,0.640596469872185,0.6368938932846419,0.0037025765875431382,0.4807692307692308,0.46835443037974683,0.012414800389483949,0.35377358490566035,0.3490566037735849,0.004716981132075471,0.4076086956521739,0.4,0.007608695652173869,0.7367789274362615,0.7402279028876716,-0.0034489754514100968,0.41951651268075923,0.41038719229917153,0.009129320381587702
Logistic Regression,volatility,0.2,20,6077126256095785380,0.8177710843373494,0.8057228915662651,0.012048192771084265,0.6871576384662204,0.6780787177926557,0.009078920673564639,0.4375,0.4094488188976378,0.02805118110236221,0.49528301886792453,0.49056603773584906,0.004716981132075471,0.4646017699115044,0.44635193133047213,0.018249838581032296,0.7659768715763846,0.7529459998647461,0.013030871711638525,0.41398774616347356,0.41153570309778553,0.0024520430656880254
Random Forest,volatility,0.2,20,6077126256095785380,0.8358433734939759,0.8373493975903614,-0.001506024096385561,0.640596469872185,0.6434029891120578,-0.002806519239872851,0.4807692307692308,0.48717948717948717,-0.0064102564102563875,0.35377358490566035,0.3584905660377358,-0.004716981132075471,0.4076086956521739,0.41304347826086957,-0.005434782608695676,0.7367789274362615,0.7227674646649083,0.014011462771353234,0.41951651268075923,0.4198603964181667,-0.0003438837374074577
Logistic Regression,volatility,0.2,21,17685169307358237695,0.8177710843373494,0.8140060240963856,0.003765060240963791,0.6871576384662204,0.6868279569892473,0.00032968147697309824,0.4375,0.4291497975708502,0.0083502024291498,0.49528301886792453,0.5,-0.004716981132075471,0.4646017699115044,0.46187363834422657,0.0027281315672778583,0.7659768715763846,0.7593832420369243,0.0065936295394602995,0.41398774616347356,0.3996723129496153,0.014315433213858253
Random Forest,volatility,0.2,21,17685169307358237695,0.8358433734939759,0.8283132530120482,0.0075301204819276935,0.640596469872185,0.6208324879962128,0.01976398187597217,0.4807692307692308,0.44666666666666666,0.034102564102564126,0.35377358490566035,0.3160377358490566,0.037735849056603765,0.4076086956521739,0.3701657458563536,0.0374429497958203,0.7367789274362615,0.7324508013795901,0.004328126056671433,0.41951651268075923,0.4074356133202346,0.012080899360524644
Logistic Regression,volatility,0.2,22,10865372255380081877,0.8177710843373494,0.8102409638554217,0.0075301204819276935,0.6871576384662204,0.6845878136200717,0.0025698248461486495,0.4375,0.42063492063492064,0.01686507936507936,0.49528301886792453,0.5,-0.004716981132075471,0.4646017699115044,0.45689655172413796,0.007705218187366469,0.7659768715763846,0.7554439710556571,0.010532900520727528,0.41398774616347356,0.4065955989937537,0.007392147169719865
Random Forest,volatility,0.2,22,10865372255380081877,0.8358433734939759,0.838855421686747,-0.003012048192771122,0.640596469872185,0.6442990464597281,-0.0037025765875431382,0.4807692307692308,0.4935064935064935,-0.012737262737262722,0.35377358490566035,0.3584905660377358,-0.004716981132075471,0.4076086956521739,0.41530054644808745,-0.007691850795913557,0.7367789274362615,0.7381272401433692,-0.0013483127071076684,0.41951651268075923,0.4124473384410198,0.007069174239739462
Logistic Regression,volatility,0.2,23,12116569218655143098,0.8177710843373494,0.802710843373494,0.015060240963855387,0.6871576384662204,0.6801075268817205,0.007050111584499863,0.4375,0.40458015267175573,0.03291984732824427,0.49528301886792453,0.5,-0.004716981132075471,0.4646017699115044,0.4472573839662447,0.01734438594525972,0.7659768715763846,0.7592775748968689,0.006699296679515743,0.41398774616347356,0.40608143385133955,0.007906312312134012
Random Forest,volatility,0.2,23,12116569218655143098,0.8358433734939759,0.8403614457831325,-0.004518072289156683,0.640596469872185,0.647105565699601,-0.006509095827415989,0.4807692307692308,0.5,-0.019230769230769218,0.35377358490566035,0.3632075471698113,-0.009433962264150941,0.4076086956521739,0.4207650273224044,-0.013156331670230503,0.7367789274362615,0.7422228984919186,-0.005443971055657082,0.41951651268075923,0.41866738824118893,0.0008491244395703035
Logistic Regression,volatility,0.2,24,15825411081643633267,0.8177710843373494,0.8034638554216867,0.014307228915662606,0.6871576384662204,0.6786450936633529,0.00851254480286745,0.4375,0.40540540540540543,0.03209459459459457,0.49528301886792453,0.49528301886792453,0.0,0.4646017699115044,0.445859872611465,0.018741897300039445,0.7659768715763846,0.7595100426049909,0.006466828971393723,0.41398774616347356,0.4069552889287505,0.007032457234723066
Random Forest,volatility,0.2,24,15825411081643633267,0.8358433734939759,0.8350903614457831,0.0007530120481927804,0.640596469872185,0.6401484411983499,0.00044802867383508804,0.4807692307692308,0.47770700636942676,0.0030622243998040255,0.35377358490566035,0.35377358490566035,0.0,0.4076086956521739,0.4065040650406504,0.0011046306115234938,0.7367789274362615,0.7333130452424427,0.0034658821938188256,0.41951651268075923,0.4127196219226662,0.006796890758093033
Logistic Regression,volatility,0.2,25,568758483121848016,0.8177710843373494,0.802710843373494,0.015060240963855387,0.6871576384662204,0.6820179887739231,0.005139649692297299,0.4375,0.4053030303030303,0.032196969696969724,0.49528301886792453,0.5047169811320755,-0.009433962264150997,0.4646017699115044,0.4495798319327731,0.015021937978731303,0.7659768715763846,0.7574347399743019,0.008542131602082725,0.41398774616347356,0.40305934434810153,0.010928401815372024
Random Forest,volatility,0.2,25,568758483121848016,0.8358433734939759,0.8381024096385542,-0.0022590361445783413,0.640596469872185,0.6400300940014878,0.0005663758706971889,0.4807692307692308,0.4900662251655629,-0.009296994396332137,0.35377358490566035,0.3490566037735849,0.004716981132075471,0.4076086956521739,0.40771349862258954,-0.00010480297041565168,0.7367789274362615,0.7314363968350579,0.005342530601203599,0.41951651268075923,0.4105559810220594,0.00896053165869981
Logistic Regression,volatility,0.2,26,18294216375635691295,0.8177710843373494,0.8109939759036144,0.006777108433734913,0.6871576384662204,0.6850358422939068,0.0021217961723135614,0.4375,0.42231075697211157,0.015189243027888433,0.49528301886792453,0.5,-0.004716981132075471,0.4646017699115044,0.45788336933045354,0.006718400581050887,0.7659768715763846,0.761953066883073,0.00402380469331165,0.41398774616347356,0.41509250672395837,-0.0011047605604848076
Random Forest,volatility,0.2,26,18294216375635691295,0.8358433734939759,0.8365963855421686,-0.0007530120481927804,0.640596469872185,0.631492189085007,0.009104280787177954,0.4807692307692308,0.4827586206896552,-0.0019893899204244114,0.35377358490566035,0.330188679245283,0.023584905660377353,0.4076086956521739,0.39215686274509803,0.015451832907075858,0.7367789274362615,0.7307897139379185,0.005989213498343027,0.41951651268075923,0.4127503463732732,0.0067661663074860545
Logistic Regression,volatility,0.2,27,677008322540707364,0.8177710843373494,0.8117469879518072,0.0060240963855421326,0.6871576384662204,0.695036180428755,-0.00787854196253468,0.4375,0.4269230769230769,0.010576923076923095,0.49528301886792453,0.5235849056603774,-0.02830188679245288,0.4646017699115044,0.4703389830508475,-0.005737213139343056,0.7659768715763846,0.7550508892946507,0.010925982281733915,0.41398774616347356,0.40181713614097664,0.01217061002249692
Random Forest,volatility,0.2,27,677008322540707364,0.8358433734939759,0.8373493975903614,-0.001506024096385561,0.640596469872185,0.6434029891120578,-0.002806519239872851,0.4807692307692308,0.48717948717948717,-0.0064102564102563875,0.35377358490566035,0.3584905660377358,-0.004716981132075471,0.4076086956521739,0.41304347826086957,-0.005434782608695676,0.7367789274362615,0.721423378643403,0.015355548792858498,0.41951651268075923,0.403578348324701,0.015938164356058215
Logistic Regression,volatility,0.2,28,13740559224923023078,0.8177710843373494,0.8109939759036144,0.006777108433734913,0.6871576384662204,0.6869463041861095,0.0002113342801108864,0.4375,0.42292490118577075,0.014575098814229248,0.49528301886792453,0.5047169811320755,-0.009433962264150997,0.4646017699115044,0.46021505376344085,0.004386716148063574,0.7659768715763846,0.7551481030635018,0.010828768512882836,0.41398774616347356,0.39996163734967694,0.014026108813796623
Random Forest,volatility,0.2,28,13740559224923023078,0.8358433734939759,0.8365963855421686,-0.0007530120481927804,0.640596469872185,0.6334026509772097,0.007193818894975279,0.4807692307692308,0.48299319727891155,-0.0022239665096807637,0.35377358490566035,0.33490566037735847,0.018867924528301883,0.4076086956521739,0.3955431754874652,0.012065520164708687,0.7367789274362615,0.7317069047135998,0.005072022722661718,0.41951651268075923,0.4116486012361577,0.007867911444601527
Logistic Regression,volatility,0.2,29,10363304736690185003,0.8177710843373494,0.8034638554216867,0.014307228915662606,0.6871576384662204,0.6710032460945425,0.016154392371677817,0.4375,0.40239043824701193,0.03510956175298807,0.49528301886792453,0.47641509433962265,0.018867924528301883,0.4646017699115044,0.43628509719222464,0.02831667271927979,0.7659768715763846,0.7542182322310138,0.011758639345370803,0.41398774616347356,0.39983479969341174,0.014152946470061822
Random Forest,volatility,0.2,29,10363304736690185003,0.8358433734939759,0.8381024096385542,-0.0022590361445783413,0.640596469872185,0.6457614796780956,-0.005165009805910614,0.4807692307692308,0.49044585987261147,-0.009676629103380685,0.35377358490566035,0.3632075471698113,-0.009433962264150941,0.4076086956521739,0.4173441734417344,-0.00973547778956052,0.7367789274362615,0.7255866639615879,0.011192263474673614,0.41951651268075923,0.4090812335854715,0.010435279095287742
Logistic Regression,volatility,0.5,0,948888996302153889,0.8177710843373494,0.7688253012048193,0.04894578313253006,0.6871576384662204,0.6694985460201528,0.01765909244606756,0.4375,0.3501577287066246,0.0873422712933754,0.49528301886792453,0.5235849056603774,-0.02830188679245288,0.4646017699115044,0.41965973534971646,0.04494203456178797,0.7659768715763846,0.7256627443024278,0.04031412727395678,0.41398774616347356,0.36166161427275184,0.05232613189072172
Random Forest,volatility,0.5,0,948888996302153889,0.8358433734939759,0.8177710843373494,0.01807228915662651,0.640596469872185,0.620291472239129,0.020304997633056043,0.4807692307692308,0.4117647058823529,0.06900452488687786,0.35377358490566035,0.330188679245283,0.023584905660377353,0.4076086956521739,0.36649214659685864,0.041116549055315255,0.7367789274362615,0.718282951240955,0.018495976195306518,0.41951651268075923,0.3658161255870568,0.05370038709370245
Logistic Regression,volatility,0.5,1,5481664908348511842,0.8177710843373494,0.7838855421686747,0.033885542168674676,0.6871576384662204,0.665085886251437,0.022071752214783302,0.4375,0.3674911660777385,0.07000883392226148,0.49528301886792453,0.49056603773584906,0.004716981132075471,0.4646017699115044,0.4202020202020202,0.04439974970948424,0.7659768715763846,0.7299021099614527,0.03607476161493195,0.41398774616347356,0.3838332145365338,0.030154531626939762
Random Forest,volatility,0.5,1,5481664908348511842,0.8358433734939759,0.8268072289156626,0.009036144578313254,0.640596469872185,0.6371305876783662,0.0034658821938188256,0.4807692307692308,0.4470588235294118,0.033710407239818996,0.35377358490566035,0.3584905660377358,-0.004716981132075471,0.4076086956521739,0.39790575916230364,0.00970293648987025,0.7367789274362615,0.7364238858456753,0.00035504159058619145,0.41951651268075923,0.4005468310777049,0.018969681603054345
Logistic Regression,volatility,0.5,2,9464910232038659367,0.8177710843373494,0.776355421686747,0.04141566265060237,0.6871576384662204,0.6491428281598701,0.03801481030635023,0.4375,0.3487544483985765,0.0887455516014235,0.49528301886792453,0.46226415094339623,0.033018867924528295,0.4646017699115044,0.3975659229208925,0.06703584699061194,0.7659768715763846,0.7183336714681815,0.04764320010820311,0.41398774616347356,0.35585851645180105,0.0581292297116725
Random Forest,volatility,0.5,2,9464910232038659367,0.8358433734939759,0.8207831325301205,0.015060240963855387,0.640596469872185,0.6239940488266721,0.016602421045512905,0.4807692307692308,0.4226190476190476,0.058150183150183166,0.35377358490566035,0.33490566037735847,0.018867924528301883,0.4076086956521739,0.3736842105263158,0.033924485125858106,0.7367789274362615,0.7089884696016773,0.027790457834584226,0.41951651268075923,0.37065679649577143,0.0488597161849878
Logistic Regression,volatility,0.5,3,13751561700188509974,0.8177710843373494,0.7756024096385542,0.04216867469879515,0.6871576384662204,0.6754412659768716,0.011716372489348759,0.4375,0.36129032258064514,0.07620967741935486,0.49528301886792453,0.5283018867924528,-0.033018867924528295,0.4646017699115044,0.42911877394636017,0.03548299596514426,0.7659768715763846,0.7457395009129641,0.020237370663420462,0.41398774616347356,0.3954125933076721,0.01857515285580147
Random Forest,volatility,0.5,3,13751561700188509974,0.8358433734939759,0.8283132530120482,0.0075301204819276935,0.640596469872185,0.6399371069182389,0.0006593629539460855,0.4807692307692308,0.45294117647058824,0.027828054298642546,0.35377358490566035,0.3632075471698113,-0.009433962264150941,0.4076086956521739,0.4031413612565445,0.004467334395629408,0.7367789274362615,0.7182406843849327,0.018538243051328784,0.41951651268075923,0.39765961593683036,0.021856896743928877
Logistic Regression,volatility,0.5,4,8964785114933923937,0.8177710843373494,0.7650602409638554,0.052710843373493965,0.6871576384662204,0.6557956312977615,0.03136200716845883,0.4375,0.3387096774193548,0.09879032258064518,0.49528301886792453,0.49528301886792453,0.0,0.4646017699115044,0.40229885057471265,0.06230291933679177,0.7659768715763846,0.7406843849327112,0.02529248664367345,0.41398774616347356,0.3629706641464416,0.05101708201703198
Random Forest,volatility,0.5,4,8964785114933923937,0.8358433734939759,0.8155120481927711,0.02033132530120474,0.640596469872185,0.6151264624332183,0.025470007438966658,0.4807692307692308,0.40236686390532544,0.07840236686390534,0.35377358490566035,0.32075471698113206,0.033018867924528295,0.4076086956521739,0.3569553805774278,0.050653315074746075,0.7367789274362615,0.7431654493812133,-0.006386521944951817,0.41951651268075923,0.3829899205095827,0.03652659217117654
Logistic Regression,volatility,0.5,5,13342760214407632301,0.8177710843373494,0.7650602409638554,0.052710843373493965,0.6871576384662204,0.663437478866572,0.02372015959964835,0.4375,0.34276729559748426,0.09473270440251574,0.49528301886792453,0.5141509433962265,-0.018867924528301938,0.4646017699115044,0.41132075471698115,0.053281015194523274,0.7659768715763846,0.7333975789544871,0.032579292621897515,0.41398774616347356,0.37995733000774695,0.034030416155726606
Random Forest,volatility,0.5,5,13342760214407632301,0.8358433734939759,0.829066265060241,0.006777108433734913,0.640596469872185,0.6442060593764793,-0.0036095895042943527,0.4807692307692308,0.45664739884393063,0.024121831925300152,0.35377358490566035,0.37264150943396224,-0.018867924528301883,0.4076086956521739,0.4103896103896104,-0.002780914737436524,0.7367789274362615,0.7281184486373166,0.008660478798944937,0.41951651268075923,0.3966502292767125,0.022866283404046728
Logistic Regression,volatility,0.5,6,3280731237242182323,0.8177710843373494,0.7590361445783133,0.0587349397590361,0.6871576384662204,0.6541218637992832,0.03303577466693719,0.4375,0.33125,0.10625000000000001,0.49528301886792453,0.5,-0.004716981132075471,0.4646017699115044,0.39849624060150374,0.06610552931000069,0.7659768715763846,0.724251031311287,0.041725840265097625,0.41398774616347356,0.3646854423743613,0.04930230378911227
Random Forest,volatility,0.5,6,3280731237242182323,0.8358433734939759,0.8268072289156626,0.009036144578313254,0.640596469872185,0.6447724352471766,-0.0041759653749916525,0.4807692307692308,0.449438202247191,0.03133102852203978,0.35377358490566035,0.37735849056603776,-0.02358490566037741,0.4076086956521739,0.41025641025641024,-0.002647714604236351,0.7367789274362615,0.7194452897815649,0.017333637654696643,0.41951651268075923,0.38162313678530874,0.0378933758954505
Logistic Regression,volatility,0.5,7,285392520225402690,0.8177710843373494,0.7680722891566265,0.04969879518072284,0.6871576384662204,0.6423040508554811,0.04485358761073921,0.4375,0.33448275862068966,0.10301724137931034,0.49528301886792453,0.45754716981132076,0.037735849056603765,0.4646017699115044,0.38645418326693226,0.07814758664457216,0.7659768715763846,0.7049393047947521,0.061037566781632524,0.41398774616347356,0.34310956948124055,0.07087817668223301
Random Forest,volatility,0.5,7,285392520225402690,0.8358433734939759,0.8260542168674698,0.009789156626506035,0.640596469872185,0.6233093257591127,0.017287144113072306,0.4807692307692308,0.4394904458598726,0.04127878490935816,0.35377358490566035,0.32547169811320753,0.028301886792452824,0.4076086956521739,0.37398373983739835,0.03362495581477554,0.7367789274362615,0.7068751268005682,0.02990380063569331,0.41951651268075923,0.36836685399176794,0.051149658688991295
Logistic Regression,volatility,0.5,8,10549144490729216452,0.8177710843373494,0.7695783132530121,0.04819277108433728,0.6871576384662204,0.6718570365861906,0.015300601880029796,0.4375,0.3522012578616352,0.0852987421383648,0.49528301886792453,0.5283018867924528,-0.033018867924528295,0.4646017699115044,0.4226415094339623,0.041960260477542144,0.7659768715763846,0.7496153716101981,0.01636149996618652,0.41398774616347356,0.37650189298567327,0.03748585317780029
Random Forest,volatility,0.5,8,10549144490729216452,0.8358433734939759,0.8245481927710844,0.011295180722891485,0.640596469872185,0.6205028065192398,0.020093663352945157,0.4807692307692308,0.43312101910828027,0.04764821166095051,0.35377358490566035,0.32075471698113206,0.033018867924528295,0.4076086956521739,0.3685636856368564,0.039045010015317516,0.7367789274362615,0.734094982078853,0.002683945357408457,0.41951651268075923,0.3847226324350454,0.03479388024571384
Logistic Regression,volatility,0.5,9,14902260062645177247,0.8177710843373494,0.7635542168674698,0.054216867469879526,0.6871576384662204,0.6644518834111044,0.02270575505511596,0.4375,0.3416149068322981,0.09588509316770188,0.49528301886792453,0.5188679245283019,-0.023584905660377353,0.4646017699115044,0.41198501872659177,0.05261675118491266,0.7659768715763846,0.7301852978968013,0.0357915736795833,0.41398774616347356,0.3433434965600614,0.07064424960341215
Random Forest,volatility,0.5,9,14902260062645177247,0.8358433734939759,0.8132530120481928,0.02259036144578308,0.640596469872185,0.6252451477649287,0.015351322107256316,0.4807692307692308,0.40217391304347827,0.07859531772575251,0.35377358490566035,0.3490566037735849,0.004716981132075471,0.4076086956521739,0.37373737373737376,0.033871321914800134,0.7367789274362615,0.7187394332859944,0.018039494150267066,0.41951651268075923,0.3699259375153361,0.049590575165423145
Logistic Regression,volatility,0.5,10,15740262315404231959,0.8177710843373494,0.776355421686747,0.04141566265060237,0.6871576384662204,0.654874213836478,0.03228342462974232,0.4375,0.3519163763066202,0.0855836236933798,0.49528301886792453,0.47641509433962265,0.018867924528301883,0.4646017699115044,0.40480961923847697,0.059792150673027455,0.7659768715763846,0.7290905863258268,0.036886285250557815,0.41398774616347356,0.35905049028472025,0.05493725587875331
Random Forest,volatility,0.5,10,15740262315404231959,0.8358433734939759,0.8283132530120482,0.0075301204819276935,0.640596469872185,0.6342057212416311,0.0063907486305538885,0.4807692307692308,0.45121951219512196,0.02954971857410882,0.35377358490566035,0.3490566037735849,0.004716981132075471,0.4076086956521739,0.39361702127659576,0.013991674375578134,0.7367789274362615,0.7171924663555825,0.019586461080678963,0.41951651268075923,0.3817188897608922,0.03779762291986705
Logistic Regression,volatility,0.5,11,10881473027551853207,0.8177710843373494,0.7778614457831325,0.03990963855421681,0.6871576384662204,0.6691435044295665,0.01801413403665386,0.4375,0.3612040133779264,0.0762959866220736,0.49528301886792453,0.5094339622641509,-0.014150943396226412,0.4646017699115044,0.4227005870841487,0.04190118282735572,0.7659768715763846,0.7448138567660783,0.021163014810306358,0.41398774616347356,0.3950280007921847,0.01895974537128886
Random Forest,volatility,0.5,11,10881473027551853207,0.8358433734939759,0.8358433734939759,0.0,0.640596469872185,0.6597010887942112,-0.019104618922026195,0.4807692307692308,0.48295454545454547,-0.0021853146853146876,0.35377358490566035,0.4009433962264151,-0.04716981132075476,0.4076086956521739,0.4381443298969072,-0.030535634244733323,0.7367789274362615,0.7254936768783392,0.011285250557922288,0.41951651268075923,0.4112043211769609,0.00831219150379836
Logistic Regression,volatility,0.5,12,9570930090910709647,0.8177710843373494,0.7868975903614458,0.030873493975903554,0.6871576384662204,0.6783407722999932,0.008816866166227122,0.4375,0.37800687285223367,0.059493127147766334,0.49528301886792453,0.5188679245283019,-0.023584905660377353,0.4646017699115044,0.43737574552683894,0.02722602438466548,0.7659768715763846,0.7367197538378306,0.029257117738553995,0.41398774616347356,0.3810532070751955,0.032934539088278036
Random Forest,volatility,0.5,12,9570930090910709647,0.8358433734939759,0.829066265060241,0.006777108433734913,0.640596469872185,0.6384746736998715,0.0021217961723134504,0.4807692307692308,0.4550898203592814,0.025679410409949366,0.35377358490566035,0.3584905660377358,-0.004716981132075471,0.4076086956521739,0.40105540897097625,0.006553286681197645,0.7367789274362615,0.7316308243727598,0.005148103063501663,0.41951651268075923,0.40401850735746486,0.015498005323294373
Logistic Regression,volatility,0.5,13,13791341327331739273,0.8177710843373494,0.7786144578313253,0.03915662650602403,0.6871576384662204,0.6829647663488199,0.004192872117400492,0.4375,0.3685897435897436,0.06891025641025639,0.49528301886792453,0.5424528301886793,-0.04716981132075476,0.4646017699115044,0.4389312977099237,0.025670472201580752,0.7659768715763846,0.7307685805099075,0.03520829106647716,0.41398774616347356,0.3857693822947181,0.02821836386875548
Random Forest,volatility,0.5,13,13791341327331739273,0.8358433734939759,0.822289156626506,0.013554216867469826,0.640596469872185,0.6248901061743424,0.015706363697842618,0.4807692307692308,0.42771084337349397,0.05305838739573682,0.35377358490566035,0.33490566037735847,0.018867924528301883,0.4076086956521739,0.37566137566137564,0.03194731999079825,0.7367789274362615,0.7165584635152499,0.020220463921011622,0.41951651268075923,0.39117166457057617,0.028344848110183063
Logistic Regression,volatility,0.5,14,560077463515512319,0.8177710843373494,0.7725903614457831,0.04518072289156627,0.6871576384662204,0.6488131466828971,0.03834449178332322,0.4375,0.34375,0.09375,0.49528301886792453,0.4669811320754717,0.028301886792452824,0.4646017699115044,0.396,0.0686017699115044,0.7659768715763846,0.7169388652194495,0.049038006356935115,0.41398774616347356,0.3546763646589894,0.05931138150448417
Random Forest,volatility,0.5,14,560077463515512319,0.8358433734939759,0.8253012048192772,0.010542168674698704,0.640596469872185,0.6247717589774802,0.01582471089470483,0.4807692307692308,0.4375,0.04326923076923078,0.35377358490566035,0.330188679245283,0.023584905660377353,0.4076086956521739,0.3763440860215054,0.031264609630668516,0.7367789274362615,0.7074499560424697,0.02932897139379176,0.41951651268075923,0.3711439193322163,0.048372593348542936
Logistic Regression,volatility,0.5,15,4010909761721513077,0.8177710843373494,0.7567771084337349,0.06099397590361444,0.6871576384662204,0.6355836207479543,0.051574017718266085,0.4375,0.3180327868852459,0.11946721311475411,0.49528301886792453,0.45754716981132076,0.037735849056603765,0.4646017699115044,0.37524177949709864,0.08935999041440579,0.7659768715763846,0.7191282883613984,0.046848583214986195,0.41398774616347356,0.3564573614541733,0.057530384709300275
Random Forest,volatility,0.5,15,4010909761721513077,0.8358433734939759,0.8192771084337349,0.016566265060240948,0.640596469872185,0.6192770676945967,0.02131940217758832,0.4807692307692308,0.41566265060240964,0.06510658016682114,0.35377358490566035,0.32547169811320753,0.028301886792452824,0.4076086956521739,0.36507936507936506,0.04252933057280883,0.7367789274362615,0.702940082504903,0.03383884493135847,0.41951651268075923,0.37220090127800587,0.047315611402753366
Logistic Regression,volatility,0.5,16,5884078131474223270,0.8177710843373494,0.776355421686747,0.04141566265060237,0.6871576384662204,0.6758892946507067,0.01126834381551367,0.4375,0.36245954692556637,0.07504045307443363,0.49528301886792453,0.5283018867924528,-0.033018867924528295,0.4646017699115044,0.42994241842610365,0.03465935148540078,0.7659768715763846,0.7342344627037262,0.031742408872658445,0.41398774616347356,0.37642853944004684,0.03755920672342672
Random Forest,volatility,0.5,16,5884078131474223270,0.8358433734939759,0.8253012048192772,0.010542168674698704,0.640596469872185,0.6362345303306959,0.004361939541489113,0.4807692307692308,0.4418604651162791,0.038908765652951705,0.35377358490566035,0.3584905660377358,-0.004716981132075471,0.4076086956521739,0.3958333333333333,0.011775362318840576,0.7367789274362615,0.7178729627375396,0.018905964698721855,0.41951651268075923,0.4050042360312679,0.01451227664949134
Logistic Regression,volatility,0.5,17,10633496058247288573,0.8177710843373494,0.7673192771084337,0.050451807228915624,0.6871576384662204,0.6514083316426591,0.035749306823561255,0.4375,0.3388704318936877,0.0986295681063123,0.49528301886792453,0.4811320754716981,0.014150943396226412,0.4646017699115044,0.39766081871345027,0.06694095119805415,0.7659768715763846,0.727078683979171,0.03889818759721364,0.41398774616347356,0.3783034798397508,0.035684266323722735
Random Forest,volatility,0.5,17,10633496058247288573,0.8358433734939759,0.8237951807228916,0.012048192771084265,0.640596469872185,0.6353384729830256,0.0052579968891594,0.4807692307692308,0.4367816091954023,0.04398762157382846,0.35377358490566035,0.3584905660377358,-0.004716981132075471,0.4076086956521739,0.39378238341968913,0.013826312232484761,0.7367789274362615,0.6987387570162981,0.03804017041996344,0.41951651268075923,0.3899833216381663,0.029533191042592943
Logistic Regression,volatility,0.5,18,16129761975198698575,0.8177710843373494,0.7793674698795181,0.03840361445783125,0.6871576384662204,0.6700395617772368,0.017118076688983574,0.4375,0.36363636363636365,0.07386363636363635,0.49528301886792453,0.5094339622641509,-0.014150943396226412,0.4646017699115044,0.4243614931237721,0.04024027678773234,0.7659768715763846,0.7352446405626564,0.03073223101372824,0.41398774616347356,0.3826480060572886,0.031339740106184955
Random Forest,volatility,0.5,18,16129761975198698575,0.8358433734939759,0.8320783132530121,0.003765060240963791,0.640596469872185,0.6383563265030094,0.0022401433691755512,0.4807692307692308,0.4658385093167702,0.014930721452460605,0.35377358490566035,0.35377358490566035,0.0,0.4076086956521739,0.40214477211796246,0.0054639235342114345,0.7367789274362615,0.7313434097518091,0.0054355176844523845,0.41951651268075923,0.39668632934074943,0.022830183340009802
Logistic Regression,volatility,0.5,19,6413886927376710532,0.8177710843373494,0.7876506024096386,0.030120481927710774,0.6871576384662204,0.6826097247582336,0.004547913707986795,0.4375,0.38095238095238093,0.05654761904761907,0.49528301886792453,0.5283018867924528,-0.033018867924528295,0.4646017699115044,0.4426877470355731,0.021914022875931305,0.7659768715763846,0.7465172110637722,0.019459660512612387,0.41398774616347356,0.37866661627481935,0.03532112988865421
Random Forest,volatility,0.5,19,6413886927376710532,0.8358433734939759,0.8283132530120482,0.0075301204819276935,0.640596469872185,0.6284743355650233,0.012122134307161692,0.4807692307692308,0.44936708860759494,0.03140214216163584,0.35377358490566035,0.33490566037735847,0.018867924528301883,0.4076086956521739,0.3837837837837838,0.023824911868390086,0.7367789274362615,0.7357687495773314,0.0010101778589300947,0.41951651268075923,0.3845828832212056,0.03493362945955364
Logistic Regression,volatility,0.5,20,3520630585276873772,0.8177710843373494,0.7650602409638554,0.052710843373493965,0.6871576384662204,0.6577060931899641,0.029451545276256264,0.4375,0.33974358974358976,0.09775641025641024,0.49528301886792453,0.5,-0.004716981132075471,0.4646017699115044,0.40458015267175573,0.06002161723974869,0.7659768715763846,0.7192635423006695,0.04671332927571514,0.41398774616347356,0.3833207401280868,0.030667006035386746
Random Forest,volatility,0.5,20,3520630585276873772,0.8358433734939759,0.829066265060241,0.006777108433734913,0.640596469872185,0.6384746736998715,0.0021217961723134504,0.4807692307692308,0.4550898203592814,0.025679410409949366,0.35377358490566035,0.3584905660377358,-0.004716981132075471,0.4076086956521739,0.40105540897097625,0.006553286681197645,0.7367789274362615,0.7100874078582539,0.02669151957800764,0.41951651268075923,0.39741642356991014,0.022100089110849097
Logistic Regression,volatility,0.5,21,5135935753352459199,0.8177710843373494,0.7688253012048193,0.04894578313253006,0.6871576384662204,0.6561253127747346,0.03103232569148573,0.4375,0.3432343234323432,0.09426567656765678,0.49528301886792453,0.49056603773584906,0.004716981132075471,0.4646017699115044,0.40388349514563104,0.06071827476587338,0.7659768715763846,0.7292638804355177,0.0367129911408669,0.41398774616347356,0.3583500710401858,0.055637675123287766
Random Forest,volatility,0.5,21,5135935753352459199,0.8358433734939759,0.8268072289156626,0.009036144578313254,0.640596469872185,0.6256678163251504,0.014928653547034543,0.4807692307692308,0.4430379746835443,0.037731256085686504,0.35377358490566035,0.330188679245283,0.023584905660377353,0.4076086956521739,0.3783783783783784,0.029230317273795492,0.7367789274362615,0.7097873131804964,0.02699161425576513,0.41951651268075923,0.3729532352952749,0.046563277385484325
Logistic Regression,volatility,0.5,22,11378866554669611760,0.8177710843373494,0.7853915662650602,0.032379518072289115,0.6871576384662204,0.6774447149523231,0.009712923513897298,0.4375,0.37542662116040953,0.062073378839590465,0.49528301886792453,0.5188679245283019,-0.023584905660377353,0.4646017699115044,0.43564356435643564,0.028958205555068783,0.7659768715763846,0.7242214445120714,0.04175542706431323,0.41398774616347356,0.37588914098176884,0.038098605181704714
Random Forest,volatility,0.5,22,11378866554669611760,0.8358433734939759,0.8328313253012049,0.0030120481927710108,0.640596469872185,0.6368938932846419,0.0037025765875431382,0.4807692307692308,0.46835443037974683,0.012414800389483949,0.35377358490566035,0.3490566037735849,0.004716981132075471,0.4076086956521739,0.4,0.007608695652173869,0.7367789274362615,0.7255486237911679,0.011230303645093587,0.41951651268075923,0.39684395520402027,0.022672557476738964
Logistic Regression,volatility,0.5,23,13602055009426018615,0.8177710843373494,0.7725903614457831,0.04518072289156627,0.6871576384662204,0.6755596131737337,0.011598025292486658,0.4375,0.3575949367088608,0.07990506329113922,0.49528301886792453,0.5330188679245284,-0.03773584905660382,0.4646017699115044,0.42803030303030304,0.03657146688120139,0.7659768715763846,0.7324930682356124,0.03348380334077217,0.41398774616347356,0.3709550248633736,0.04303272130009994
Random Forest,volatility,0.5,23,13602055009426018615,0.8358433734939759,0.8140060240963856,0.0218373493975903,0.640596469872185,0.6276036383309664,0.012992831541218552,0.4807692307692308,0.40540540540540543,0.07536382536382535,0.35377358490566035,0.35377358490566035,0.0,0.4076086956521739,0.3778337531486146,0.029774942503559276,0.7367789274362615,0.7324972949212145,0.004281632515046985,0.41951651268075923,0.38060098539064163,0.0389155272901176
Logistic Regression,volatility,0.5,24,7217763374431179231,0.8177710843373494,0.7718373493975904,0.04593373493975894,0.6871576384662204,0.6693801988232908,0.01777743964292955,0.4375,0.3536977491961415,0.0838022508038585,0.49528301886792453,0.5188679245283019,-0.023584905660377353,0.4646017699115044,0.42065009560229444,0.04395167430920999,0.7659768715763846,0.7318379319672685,0.03413893960911607,0.41398774616347356,0.3720891588203633,0.04189858734311025
Random Forest,volatility,0.5,24,7217763374431179231,0.8358433734939759,0.8275602409638554,0.008283132530120474,0.640596469872185,0.6318472306755933,0.008749239196591652,0.4807692307692308,0.44785276073619634,0.03291647003303444,0.35377358490566035,0.3443396226415094,0.009433962264150941,0.4076086956521739,0.3893333333333333,0.018275362318840582,0.7367789274362615,0.7309461013052005,0.005832826131060953,0.41951651268075923,0.3936591259088625,0.02585738677189675
Logistic Regression,volatility,0.5,25,346534623948044412,0.8177710843373494,0.7703313253012049,0.0474397590361445,0.6871576384662204,0.6665736795834178,0.02058395888280251,0.4375,0.3504823151125402,0.08701768488745981,0.49528301886792453,0.5141509433962265,-0.018867924528301938,0.4646017699115044,0.4168260038240918,0.04777576608741263,0.7659768715763846,0.728418543315074,0.03755832826131056,0.41398774616347356,0.3647188330463669,0.04926891311710668
Random Forest,volatility,0.5,25,346534623948044412,0.8358433734939759,0.8328313253012049,0.0030120481927710108,0.640596469872185,0.646446202745655,-0.005849732873470015,0.4807692307692308,0.47023809523809523,0.01053113553113555,0.35377358490566035,0.37264150943396224,-0.018867924528301883,0.4076086956521739,0.41578947368421054,-0.00818077803203665,0.7367789274362615,0.7128854737269222,0.023893453709339263,0.41951651268075923,0.38130467851274524,0.03821183416801399
Logistic Regression,volatility,0.5,26,13186317179445076718,0.8177710843373494,0.7891566265060241,0.028614457831325213,0.6871576384662204,0.677774396429296,0.00938324203692431,0.4375,0.3811188811188811,0.05638111888111891,0.49528301886792453,0.5141509433962265,-0.018867924528301938,0.4646017699115044,0.43775100401606426,0.026850765895440165,0.7659768715763846,0.743241529722053,0.02273534185433157,0.41398774616347356,0.3977881145442619,0.016199631619211674
Random Forest,volatility,0.5,26,13186317179445076718,0.8358433734939759,0.8320783132530121,0.003765060240963791,0.640596469872185,0.6364458646108068,0.004150605261378226,0.4807692307692308,0.46540880503144655,0.015360425737784233,0.35377358490566035,0.3490566037735849,0.004716981132075471,0.4076086956521739,0.39892183288409705,0.008686862768076842,0.7367789274362615,0.7238917630350985,0.012887164401162998,0.41951651268075923,0.40755904000748244,0.011957472673276792
Logistic Regression,volatility,0.5,27,13445483795913119067,0.8177710843373494,0.7680722891566265,0.04969879518072284,0.6871576384662204,0.6594982078853047,0.02765943058091569,0.4375,0.34415584415584416,0.09334415584415584,0.49528301886792453,0.5,-0.004716981132075471,0.4646017699115044,0.4076923076923077,0.05690946221919674,0.7659768715763846,0.7224589166159465,0.04351795496043809,0.41398774616347356,0.3668222473618661,0.047165498801607475
Random Forest,volatility,0.5,27,13445483795913119067,0.8358433734939759,0.829066265060241,0.006777108433734913,0.640596469872185,0.6384746736998715,0.0021217961723134504,0.4807692307692308,0.4550898203592814,0.025679410409949366,0.35377358490566035,0.3584905660377358,-0.004716981132075471,0.4076086956521739,0.40105540897097625,0.006553286681197645,0.7367789274362615,0.7107509974978021,0.02602792993845937,0.41951651268075923,0.3832958597781447,0.03622065290261456
Logistic Regression,volatility,0.5,28,8988170070393864801,0.8177710843373494,0.7733433734939759,0.04442771084337349,0.6871576384662204,0.6683657942787584,0.018791844187461937,0.4375,0.3550488599348534,0.08245114006514659,0.49528301886792453,0.5141509433962265,-0.018867924528301938,0.4646017699115044,0.42003853564547206,0.04456323426603237,0.7659768715763846,0.7186464462027456,0.04733042537363896,0.41398774616347356,0.3633417349700179,0.05064601119345563
Random Forest,volatility,0.5,28,8988170070393864801,0.8358433734939759,0.8177710843373494,0.01807228915662651,0.640596469872185,0.6336647054845472,0.006931764387637762,0.4807692307692308,0.41847826086956524,0.06229096989966554,0.35377358490566035,0.3632075471698113,-0.009433962264150941,0.4076086956521739,0.3888888888888889,0.018719806763284996,0.7367789274362615,0.7187732467708121,0.018005680665449386,0.41951651268075923,0.38049203005172133,0.039024482629037904
Logistic Regression,volatility,0.5,29,13098554056337135245,0.8177710843373494,0.7748493975903614,0.04292168674698793,0.6871576384662204,0.6501572327044025,0.037000405761817845,0.4375,0.3473684210526316,0.0901315789473684,0.49528301886792453,0.4669811320754717,0.028301886792452824,0.4646017699115044,0.3983903420523139,0.06621142785919054,0.7659768715763846,0.7202694934739974,0.04570737810238723,0.41398774616347356,0.36677700778635325,0.04721073837712031
Random Forest,volatility,0.5,29,13098554056337135245,0.8358433734939759,0.8260542168674698,0.009789156626506035,0.640596469872185,0.636682559004531,0.003913910867654025,0.4807692307692308,0.4444444444444444,0.03632478632478636,0.35377358490566035,0.3584905660377358,-0.004716981132075471,0.4076086956521739,0.3968668407310705,0.010741854921103411,0.7367789274362615,0.69908534523568,0.0376935822005815,0.41951651268075923,0.37390884285942183,0.045607669821337404
Logistic Regression,volatility,1.0,0,15934710970075585194,0.8177710843373494,0.6927710843373494,0.125,0.6871576384662204,0.6280685737472105,0.059089064719009876,0.4375,0.2677725118483412,0.16972748815165878,0.49528301886792453,0.5330188679245284,-0.03773584905660382,0.4646017699115044,0.35646687697160884,0.10813489293989559,0.7659768715763846,0.6735012172854534,0.09247565429093119,0.41398774616347356,0.29785341558274037,0.11613433058073319
Random Forest,volatility,1.0,0,15934710970075585194,0.8358433734939759,0.786144578313253,0.04969879518072284,0.640596469872185,0.6014742679380537,0.039122201934131295,0.4807692307692308,0.330188679245283,0.15058055152394778,0.35377358490566035,0.330188679245283,0.023584905660377353,0.4076086956521739,0.330188679245283,0.07742001640689089,0.7367789274362615,0.6888863528775276,0.04789257455873386,0.41951651268075923,0.30929734465789316,0.11021916802286608
Logistic Regression,volatility,1.0,1,11719434150459316471,0.8177710843373494,0.7266566265060241,0.09111445783132521,0.6871576384662204,0.6501403259619936,0.037017312504226796,0.4375,0.3007915567282322,0.1367084432717678,0.49528301886792453,0.5377358490566038,-0.042452830188679236,0.4646017699115044,0.38578680203045684,0.07881496788104758,0.7659768715763846,0.6795918712382498,0.08638500033813479,0.41398774616347356,0.32761885110199823,0.08636889506147533
Random Forest,volatility,1.0,1,11719434150459316471,0.8358433734939759,0.8087349397590361,0.027108433734939763,0.640596469872185,0.6378406708595388,0.0027557990126462206,0.4807692307692308,0.39805825242718446,0.08271097834204633,0.35377358490566035,0.3867924528301887,-0.03301886792452835,0.4076086956521739,0.3923444976076555,0.015264198044518396,0.7367789274362615,0.7195763170352336,0.017202610401027885,0.41951651268075923,0.3724847913086053,0.047031721372153945
Logistic Regression,volatility,1.0,2,3163954811796926775,0.8177710843373494,0.704066265060241,0.1137048192771084,0.6871576384662204,0.6061320754716981,0.08102556299452224,0.4375,0.259946949602122,0.177553050397878,0.49528301886792453,0.46226415094339623,0.033018867924528295,0.4646017699115044,0.33276740237691,0.13183436753459443,0.7659768715763846,0.656133766145939,0.10984310543044562,0.41398774616347356,0.2870353392501123,0.12695240691336124
Random Forest,volatility,1.0,2,3163954811796926775,0.8358433734939759,0.7914156626506024,0.04442771084337349,0.640596469872185,0.6084313924393048,0.03216507743288022,0.4807692307692308,0.3444976076555024,0.13627162311372837,0.35377358490566035,0.33962264150943394,0.014150943396226412,0.4076086956521739,0.342042755344418,0.06556594030775587,0.7367789274362615,0.6769586461080679,0.059820281328193614,0.41951651268075923,0.3167438947315707,0.10277261794918852
Logistic Regression,volatility,1.0,3,9977509078912175281,0.8177710843373494,0.7131024096385542,0.10466867469879515,0.6871576384662204,0.6554490430783797,0.031708595387840655,0.4375,0.2944038929440389,0.1430961070559611,0.49528301886792453,0.5707547169811321,-0.07547169811320759,0.4646017699115044,0.3884430176565008,0.07615875225500363,0.7659768715763846,0.7097450463244741,0.056231825251910506,0.41398774616347356,0.340019698531872,0.07396804763160153
Random Forest,volatility,1.0,3,9977509078912175281,0.8358433734939759,0.7944277108433735,0.04141566265060237,0.640596469872185,0.6274176641644688,0.013178805707716235,0.4807692307692308,0.3632286995515695,0.11754053121766128,0.35377358490566035,0.38207547169811323,-0.02830188679245288,0.4076086956521739,0.3724137931034483,0.03519490254872559,0.7367789274362615,0.7075936633529453,0.02918526408331623,0.41951651268075923,0.3655353046095263,0.05398120807123291
Logistic Regression,volatility,1.0,4,6253104255819744765,0.8177710843373494,0.7085843373493976,0.10918674698795172,0.6871576384662204,0.6355667140055454,0.051590924460674925,0.4375,0.2807017543859649,0.1567982456140351,0.49528301886792453,0.5283018867924528,-0.033018867924528295,0.4646017699115044,0.36661211129296234,0.09798965861854209,0.7659768715763846,0.6921451274768378,0.07383174409954685,0.41398774616347356,0.3036870498240799,0.11030069633939366
Random Forest,volatility,1.0,4,6253104255819744765,0.8358433734939759,0.7771084337349398,0.0587349397590361,0.640596469872185,0.5960979238520322,0.044498546020152796,0.4807692307692308,0.3125,0.16826923076923078,0.35377358490566035,0.330188679245283,0.023584905660377353,0.4076086956521739,0.3211009174311927,0.08650777822098121,0.7367789274362615,0.7197622912017312,0.017016636234530313,0.41951651268075923,0.3298232629643334,0.08969324971642584
Logistic Regression,volatility,1.0,5,9870087880341848849,0.8177710843373494,0.6905120481927711,0.12725903614457823,0.6871576384662204,0.6305454115101102,0.05661222695611012,0.4375,0.2680652680652681,0.1694347319347319,0.49528301886792453,0.5424528301886793,-0.04716981132075476,0.4646017699115044,0.358814352574103,0.10578741733740143,0.7659768715763846,0.6823561236221004,0.0836207479542842,0.41398774616347356,0.3211578182172709,0.09282992794620265
Random Forest,volatility,1.0,5,9870087880341848849,0.8358433734939759,0.7921686746987951,0.04367469879518071,0.640596469872185,0.6298945019273686,0.01070196794481637,0.4807692307692308,0.36086956521739133,0.11989966555183945,0.35377358490566035,0.3915094339622642,-0.03773584905660382,0.4076086956521739,0.3755656108597285,0.03204308479244539,0.7367789274362615,0.7074415026712653,0.029337424764996234,0.41951651268075923,0.361477259911631,0.05803925276912825
Logistic Regression,volatility,1.0,6,1963282416941412643,0.8177710843373494,0.6912650602409639,0.12650602409638545,0.6871576384662204,0.6137992831541219,0.07335835531209844,0.4375,0.25853658536585367,0.17896341463414633,0.49528301886792453,0.5,-0.004716981132075471,0.4646017699115044,0.3408360128617363,0.12376575704976811,0.7659768715763846,0.6702297626293365,0.09574710894704808,0.41398774616347356,0.30390787060293956,0.110079875560534
Random Forest,volatility,1.0,6,1963282416941412643,0.8358433734939759,0.7891566265060241,0.04668674698795172,0.640596469872185,0.633833772908636,0.006762696963549031,0.4807692307692308,0.35833333333333334,0.12243589743589745,0.35377358490566035,0.4056603773584906,-0.05188679245283023,0.4076086956521739,0.3805309734513274,0.027077722200846477,0.7367789274362615,0.6923522350713465,0.04442669236491503,0.41951651268075923,0.32296949197901315,0.09654702070174609
Logistic Regression,volatility,1.0,7,13640988403535224132,0.8177710843373494,0.6882530120481928,0.12951807228915657,0.6871576384662204,0.5852607019679448,0.10189693649827558,0.4375,0.23834196891191708,0.19915803108808292,0.49528301886792453,0.4339622641509434,0.06132075471698112,0.4646017699115044,0.3076923076923077,0.15690946221919672,0.7659768715763846,0.6419870494353148,0.1239898221410698,0.41398774616347356,0.27926985800496446,0.1347178881585091
Random Forest,volatility,1.0,7,13640988403535224132,0.8358433734939759,0.7846385542168675,0.051204819277108404,0.640596469872185,0.6043991343747886,0.036197335497396343,0.4807692307692308,0.3302752293577982,0.1504940014114326,0.35377358490566035,0.33962264150943394,0.014150943396226412,0.4076086956521739,0.33488372093023255,0.07272497472194134,0.7367789274362615,0.6624611144924596,0.07431781294380191,0.41951651268075923,0.30592952883661545,0.11358698384414379
Logistic Regression,volatility,1.0,8,10220725562266470641,0.8177710843373494,0.7085843373493976,0.10918674698795172,0.6871576384662204,0.6451190234665585,0.04203861499966188,0.4375,0.2860635696821516,0.15143643031784843,0.49528301886792453,0.5518867924528302,-0.0566037735849057,0.4646017699115044,0.37681159420289856,0.08779017570860587,0.7659768715763846,0.7019552647595861,0.06402160681679847,0.41398774616347356,0.3186848441247303,0.09530290203874325
Random Forest,volatility,1.0,8,10220725562266470641,0.8358433734939759,0.7914156626506024,0.04442771084337349,0.640596469872185,0.6141627781159127,0.026433691756272304,0.4807692307692308,0.3488372093023256,0.1319320214669052,0.35377358490566035,0.35377358490566035,0.0,0.4076086956521739,0.351288056206089,0.0563206394460849,0.7367789274362615,0.7158230202204638,0.020955907215797653,0.41951651268075923,0.34604893365038014,0.0734675790303791
Logistic Regression,volatility,1.0,9,13289692845540645259,0.8177710843373494,0.6814759036144579,0.13629518072289148,0.6871576384662204,0.6098853722864679,0.07727226617975247,0.4375,0.25176470588235295,0.18573529411764705,0.49528301886792453,0.5047169811320755,-0.009433962264150997,0.4646017699115044,0.3359497645211931,0.12865200539031135,0.7659768715763846,0.6722585717184013,0.0937182998579833,0.41398774616347356,0.2714897403747695,0.14249800578870409
Random Forest,volatility,1.0,9,13289692845540645259,0.8358433734939759,0.7846385542168675,0.051204819277108404,0.640596469872185,0.6196828295124095,0.0209136403597755,0.4807692307692308,0.3418803418803419,0.1388888888888889,0.35377358490566035,0.37735849056603776,-0.02358490566037741,0.4076086956521739,0.35874439461883406,0.04886430103333983,0.7367789274362615,0.6929017041996348,0.04387722323662668,0.41951651268075923,0.3325122772319301,0.08700423544882913
Logistic Regression,volatility,1.0,10,1215081094043845252,0.8177710843373494,0.7123493975903614,0.10542168674698793,0.6871576384662204,0.6225231622371001,0.06463447622912022,0.4375,0.2751322751322751,0.16236772486772488,0.49528301886792453,0.49056603773584906,0.004716981132075471,0.4646017699115044,0.3525423728813559,0.1120593970301485,0.7659768715763846,0.6770685399337255,0.0889083316426591,0.41398774616347356,0.29896893977656336,0.1150188063869102
Random Forest,volatility,1.0,10,1215081094043845252,0.8358433734939759,0.8012048192771084,0.034638554216867457,0.640596469872185,0.6218976127679718,0.01869885710421315,0.4807692307692308,0.37254901960784315,0.10822021116138764,0.35377358490566035,0.3584905660377358,-0.004716981132075471,0.4076086956521739,0.36538461538461536,0.04222408026755853,0.7367789274362615,0.6994826536822886,0.03729627375397293,0.41951651268075923,0.34079647103627997,0.07872004164447927
Logistic Regression,volatility,1.0,11,11854728023279884725,0.8177710843373494,0.7048192771084337,0.11295180722891562,0.6871576384662204,0.6333265706363698,0.05383106782985059,0.4375,0.27722772277227725,0.16027227722772275,0.49528301886792453,0.5283018867924528,-0.033018867924528295,0.4646017699115044,0.36363636363636365,0.10096540627514078,0.7659768715763846,0.6995925475079461,0.06638432406843853,0.41398774616347356,0.34402234473867827,0.06996540142479529
Random Forest,volatility,1.0,11,11854728023279884725,0.8358433734939759,0.8019578313253012,0.033885542168674676,0.640596469872185,0.6490921079326435,-0.008495638060458499,0.4807692307692308,0.38961038961038963,0.09115884115884115,0.35377358490566035,0.42452830188679247,-0.07075471698113212,0.4076086956521739,0.40632054176072235,0.0012881538914515378,0.7367789274362615,0.7020820653276527,0.034696862108608784,0.41951651268075923,0.37911784422239536,0.04039866845836387
Logistic Regression,volatility,1.0,12,17984543640753902497,0.8177710843373494,0.7198795180722891,0.09789156626506024,0.6871576384662204,0.644197606005275,0.042960032460945374,0.4375,0.2927461139896373,0.1447538860103627,0.49528301886792453,0.5330188679245284,-0.03773584905660382,0.4646017699115044,0.3779264214046823,0.08667534850682213,0.7659768715763846,0.6896936498275512,0.0762832217488334,0.41398774616347356,0.32037183477446707,0.09361591138900649
Random Forest,volatility,1.0,12,17984543640753902497,0.8358433734939759,0.7989457831325302,0.03689759036144569,0.640596469872185,0.6243744505308717,0.016222019341313287,0.4807692307692308,0.3696682464454976,0.11110098432373317,0.35377358490566035,0.36792452830188677,-0.014150943396226412,0.4076086956521739,0.36879432624113473,0.03881436941103916,0.7367789274362615,0.7018580509907351,0.03492087644552644,0.41951651268075923,0.36142843289709525,0.05808807978366398
Logistic Regression,volatility,1.0,13,10529487026682480442,0.8177710843373494,0.6875,0.13027108433734935,0.6871576384662204,0.6115591397849462,0.0755984986812741,0.4375,0.25542168674698795,0.18207831325301205,0.49528301886792453,0.5,-0.004716981132075471,0.4646017699115044,0.33811802232854865,0.12648374758295577,0.7659768715763846,0.6753694123216339,0.09060745925475067,0.41398774616347356,0.32219286999826496,0.0917948761652086
Random Forest,volatility,1.0,13,10529487026682480442,0.8358433734939759,0.7891566265060241,0.04668674698795172,0.640596469872185,0.6147291539866099,0.025867315885575115,0.4807692307692308,0.34545454545454546,0.13531468531468532,0.35377358490566035,0.3584905660377358,-0.004716981132075471,0.4076086956521739,0.35185185185185186,0.05575684380032203,0.7367789274362615,0.7044321025224859,0.03234682491377561,0.41951651268075923,0.3515949339553786,0.06792157872538063
Logistic Regression,volatility,1.0,14,4978928787408045984,0.8177710843373494,0.6950301204819277,0.12274096385542166,0.6871576384662204,0.6007557313856766,0.08640190708054374,0.4375,0.2519280205655527,0.1855719794344473,0.49528301886792453,0.46226415094339623,0.033018867924528295,0.4646017699115044,0.3261231281198003,0.1384786417917041,0.7659768715763846,0.6540838236288632,0.11189304794752142,0.41398774616347356,0.28234233484573557,0.131645411317738
Random Forest,volatility,1.0,14,4978928787408045984,0.8358433734939759,0.7974397590361446,0.03840361445783125,0.640596469872185,0.615836545614391,0.02475992425779394,0.4807692307692308,0.36097560975609755,0.11979362101313323,0.35377358490566035,0.3490566037735849,0.004716981132075471,0.4076086956521739,0.354916067146283,0.052692628505890904,0.7367789274362615,0.6703227497125853,0.06645617772367618,0.41951651268075923,0.3170323171888101,0.10248419549194915
Logistic Regression,volatility,1.0,15,6262965163940480684,0.8177710843373494,0.6875,0.13027108433734935,0.6871576384662204,0.6020068303239332,0.08515080814228715,0.4375,0.24938271604938272,0.18811728395061728,0.49528301886792453,0.47641509433962265,0.018867924528301883,0.4646017699115044,0.3273905996758509,0.13721117023565355,0.7659768715763846,0.6573214648001624,0.10865540677622221,0.41398774616347356,0.2860814656137193,0.12790628054975428
Random Forest,volatility,1.0,15,6262965163940480684,0.8358433734939759,0.7816265060240963,0.054216867469879526,0.640596469872185,0.598786095895043,0.041810373977142046,0.4807692307692308,0.3211009174311927,0.1596683133380381,0.35377358490566035,0.330188679245283,0.023584905660377353,0.4076086956521739,0.32558139534883723,0.08202730030333666,0.7367789274362615,0.668475688104416,0.06830323933184546,0.41951651268075923,0.3147823198319564,0.10473419284880281
Logistic Regression,volatility,1.0,16,4065152866119999041,0.8177710843373494,0.704066265060241,0.1137048192771084,0.6871576384662204,0.6290576181781294,0.058100020288090914,0.4375,0.2743142144638404,0.1631857855361596,0.49528301886792453,0.5188679245283019,-0.023584905660377353,0.4646017699115044,0.35889070146818924,0.10571106844331518,0.7659768715763846,0.684613173733685,0.08136369784269959,0.41398774616347356,0.3255816830265241,0.08840606313694943
Random Forest,volatility,1.0,16,4065152866119999041,0.8358433734939759,0.7936746987951807,0.04216867469879515,0.640596469872185,0.6307905592750389,0.009805910597146084,0.4807692307692308,0.36403508771929827,0.11673414304993252,0.35377358490566035,0.3915094339622642,-0.03773584905660382,0.4076086956521739,0.37727272727272726,0.03033596837944663,0.7367789274362615,0.6981089808615676,0.038669946574693914,0.41951651268075923,0.3631335443536563,0.056382968327102934
Logistic Regression,volatility,1.0,17,4455676952826769635,0.8177710843373494,0.7055722891566265,0.11219879518072284,0.6871576384662204,0.6165804422803814,0.07057719618583891,0.4375,0.2675324675324675,0.1699675324675325,0.49528301886792453,0.4858490566037736,0.009433962264150941,0.4646017699115044,0.34505862646566166,0.11954314344584277,0.7659768715763846,0.6736449245959288,0.09233194698045577,0.41398774616347356,0.3283811907702037,0.08560655539326983
Random Forest,volatility,1.0,17,4455676952826769635,0.8358433734939759,0.7876506024096386,0.04819277108433728,0.640596469872185,0.6252958679921553,0.015300601880029685,0.4807692307692308,0.3504273504273504,0.13034188034188038,0.35377358490566035,0.3867924528301887,-0.03301886792452835,0.4076086956521739,0.36771300448430494,0.03989569116786895,0.7367789274362615,0.6755257996889159,0.06125312774734559,0.41951651268075923,0.3645982120270513,0.05491830065370795
Logistic Regression,volatility,1.0,18,16176686476323180724,0.8177710843373494,0.704066265060241,0.1137048192771084,0.6871576384662204,0.6271471562859269,0.06001048218029348,0.4375,0.2731829573934837,0.1643170426065163,0.49528301886792453,0.5141509433962265,-0.018867924528301938,0.4646017699115044,0.3567921440261866,0.10780962588531784,0.7659768715763846,0.6920056468519645,0.07397122472442008,0.41398774616347356,0.32201817348980355,0.09196957267367001
Random Forest,volatility,1.0,18,16176686476323180724,0.8358433734939759,0.8042168674698795,0.031626506024096335,0.640596469872185,0.6332420369243255,0.007354432947859535,0.4807692307692308,0.38571428571428573,0.09505494505494505,0.35377358490566035,0.38207547169811323,-0.02830188679245288,0.4076086956521739,0.38388625592417064,0.023722439728003253,0.7367789274362615,0.7111905728004329,0.025588354635828647,0.41951651268075923,0.35785582500273694,0.0616606876780223
Logistic Regression,volatility,1.0,19,5312510712543451657,0.8177710843373494,0.7131024096385542,0.10466867469879515,0.6871576384662204,0.6363444241563536,0.05081321430986674,0.4375,0.28388746803069054,0.15361253196930946,0.49528301886792453,0.5235849056603774,-0.02830188679245288,0.4646017699115044,0.3681592039800995,0.09644256593140493,0.7659768715763846,0.699685534591195,0.06629133698518963,0.41398774616347356,0.3186687580372438,0.09531898812622974
Random Forest,volatility,1.0,19,5312510712543451657,0.8358433734939759,0.8064759036144579,0.029367469879517993,0.640596469872185,0.6384070467302361,0.0021894231419489207,0.4807692307692308,0.3933649289099526,0.08740430185927817,0.35377358490566035,0.3915094339622642,-0.03773584905660382,0.4076086956521739,0.39243498817966904,0.01517370747250485,0.7367789274362615,0.7147832555623181,0.021995671873943357,0.41951651268075923,0.3452363334443173,0.07428017923644192
Logistic Regression,volatility,1.0,20,6822489799421112566,0.8177710843373494,0.6980421686746988,0.11972891566265054,0.6871576384662204,0.6178315412186379,0.06932609724758243,0.4375,0.26433915211970077,0.17316084788029923,0.49528301886792453,0.5,-0.004716981132075471,0.4646017699115044,0.3458401305057096,0.11876163940579482,0.7659768715763846,0.6633444917833231,0.1026323797930615,0.41398774616347356,0.32422868459790244,0.08975906156557112
Random Forest,volatility,1.0,20,6822489799421112566,0.8358433734939759,0.786144578313253,0.04969879518072284,0.640596469872185,0.6167579630756745,0.02383850679651045,0.4807692307692308,0.34210526315789475,0.13866396761133604,0.35377358490566035,0.36792452830188677,-0.014150943396226412,0.4076086956521739,0.35454545454545455,0.05306324110671934,0.7367789274362615,0.681844694664232,0.05493423277202947,0.41951651268075923,0.35027402138393104,0.06924249129682819
Logistic Regression,volatility,1.0,21,1939092597042165667,0.8177710843373494,0.6920180722891566,0.12575301204819278,0.6871576384662204,0.6180682356123621,0.06908940285385823,0.4375,0.26150121065375304,0.17599878934624696,0.49528301886792453,0.5094339622641509,-0.014150943396226412,0.4646017699115044,0.3456,0.11900176991150441,0.7659768715763846,0.667659937783188,0.09831693379319661,0.41398774616347356,0.290313385604912,0.12367436055856157
Random Forest,volatility,1.0,21,1939092597042165667,0.8358433734939759,0.7891566265060241,0.04668674698795172,0.640596469872185,0.6147291539866099,0.025867315885575115,0.4807692307692308,0.34545454545454546,0.13531468531468532,0.35377358490566035,0.3584905660377358,-0.004716981132075471,0.4076086956521739,0.35185185185185186,0.05575684380032203,0.7367789274362615,0.6950530871711639,0.041725840265097625,0.41951651268075923,0.3272221633686548,0.09229434931210445
Logistic Regression,volatility,1.0,22,355359059748525859,0.8177710843373494,0.7168674698795181,0.10090361445783125,0.6871576384662204,0.644315953202137,0.042841685264083385,0.4375,0.29081632653061223,0.14668367346938777,0.49528301886792453,0.5377358490566038,-0.042452830188679236,0.4646017699115044,0.37748344370860926,0.08711832620289517,0.7659768715763846,0.6758935213363089,0.09008335024007574,0.41398774616347356,0.32385293326681874,0.09013481289665481
Random Forest,volatility,1.0,22,355359059748525859,0.8358433734939759,0.7989457831325302,0.03689759036144569,0.640596469872185,0.6281953743152769,0.012401095556908048,0.4807692307692308,0.37209302325581395,0.10867620751341683,0.35377358490566035,0.37735849056603776,-0.02358490566037741,0.4076086956521739,0.3747072599531616,0.03290143569901227,0.7367789274362615,0.7082741597349024,0.028504767701359124,0.41951651268075923,0.3627789926947735,0.05673751998598575
Logistic Regression,volatility,1.0,23,16791538244978026776,0.8177710843373494,0.6890060240963856,0.1287650602409638,0.6871576384662204,0.6220075065936296,0.06515013187259078,0.4375,0.2624113475177305,0.1750886524822695,0.49528301886792453,0.5235849056603774,-0.02830188679245288,0.4646017699115044,0.34960629921259845,0.11499547069890598,0.7659768715763846,0.6814262527896124,0.08455061878677217,0.41398774616347356,0.31152158504521843,0.10246616111825513
Random Forest,volatility,1.0,23,16791538244978026776,0.8358433734939759,0.7838855421686747,0.051957831325301185,0.640596469872185,0.6192348008385744,0.021361669033610586,0.4807692307692308,0.3404255319148936,0.14034369885433717,0.35377358490566035,0.37735849056603776,-0.02358490566037741,0.4076086956521739,0.3579418344519016,0.049666861200272305,0.7367789274362615,0.7142675999188476,0.022511327517413915,0.41951651268075923,0.3497400430197386,0.06977646966102063
Logistic Regression,volatility,1.0,24,5356917116151533209,0.8177710843373494,0.6950301204819277,0.12274096385542166,0.6871576384662204,0.6198603503077027,0.06729728815851765,0.4375,0.26405867970660146,0.17344132029339854,0.49528301886792453,0.5094339622641509,-0.014150943396226412,0.4646017699115044,0.34782608695652173,0.1167756829549827,0.7659768715763846,0.677698316088456,0.08827855548792862,0.41398774616347356,0.31409132571867315,0.0998964204448004
Random Forest,volatility,1.0,24,5356917116151533209,0.8358433734939759,0.7914156626506024,0.04442771084337349,0.640596469872185,0.6198941637925205,0.0207023060796645,0.4807692307692308,0.35294117647058826,0.12782805429864252,0.35377358490566035,0.36792452830188677,-0.014150943396226412,0.4076086956521739,0.36027713625866054,0.047331559393513356,0.7367789274362615,0.7044490092648948,0.032329918171366656,0.41951651268075923,0.35657298775473745,0.06294352492602179
Logistic Regression,volatility,1.0,25,1491876407225741985,0.8177710843373494,0.6987951807228916,0.11897590361445776,0.6871576384662204,0.643115574491107,0.044042063975113344,0.4375,0.2793427230046948,0.15815727699530518,0.49528301886792453,0.5613207547169812,-0.06603773584905664,0.4646017699115044,0.3730407523510972,0.09156101756040724,0.7659768715763846,0.6751284912423074,0.09084838033407716,0.41398774616347356,0.2983045839061878,0.11568316225728575
Random Forest,volatility,1.0,25,1491876407225741985,0.8358433734939759,0.7966867469879518,0.03915662650602403,0.640596469872185,0.634493135862582,0.006103334009602945,0.4807692307692308,0.37168141592920356,0.10908781484002722,0.35377358490566035,0.39622641509433965,-0.04245283018867929,0.4076086956521739,0.3835616438356164,0.024047051816557474,0.7367789274362615,0.6968156150672888,0.03996331236897266,0.41951651268075923,0.33797129401969567,0.08154521866106357
Logistic Regression,volatility,1.0,26,3638792407988863110,0.8177710843373494,0.7198795180722891,0.09789156626506024,0.6871576384662204,0.6422871441130723,0.04487049435314805,0.4375,0.2916666666666667,0.14583333333333331,0.49528301886792453,0.5283018867924528,-0.033018867924528295,0.4646017699115044,0.37583892617449666,0.08876284373700777,0.7659768715763846,0.7046180766889836,0.061358794887401036,0.41398774616347356,0.3484160139645511,0.06557173219892248
Random Forest,volatility,1.0,26,3638792407988863110,0.8358433734939759,0.8012048192771084,0.034638554216867457,0.640596469872185,0.6371813079055928,0.003415161966592195,0.4807692307692308,0.38181818181818183,0.09895104895104895,0.35377358490566035,0.39622641509433965,-0.04245283018867929,0.4076086956521739,0.3888888888888889,0.018719806763284996,0.7367789274362615,0.7117907621559478,0.024988165280313668,0.41951651268075923,0.3855388496174111,0.03397766306334815
Logistic Regression,volatility,1.0,27,9388378729525110739,0.8177710843373494,0.6837349397590361,0.13403614457831325,0.6871576384662204,0.6188713058767836,0.06828633258943673,0.4375,0.25813953488372093,0.17936046511627907,0.49528301886792453,0.5235849056603774,-0.02830188679245288,0.4646017699115044,0.34579439252336447,0.11880737738813996,0.7659768715763846,0.6646505376344085,0.1013263339419761,0.41398774616347356,0.30164353180431425,0.11234421435915931
Random Forest,volatility,1.0,27,9388378729525110739,0.8358433734939759,0.8004518072289156,0.03539156626506024,0.640596469872185,0.6367332792317577,0.003863190640427283,0.4807692307692308,0.38009049773755654,0.10067873303167424,0.35377358490566035,0.39622641509433965,-0.04245283018867929,0.4076086956521739,0.38799076212471134,0.01961793352746255,0.7367789274362615,0.6825547778454047,0.05422414959085675,0.41951651268075923,0.33461037533107263,0.0849061373496866
Logistic Regression,volatility,1.0,28,8222114328596035680,0.8177710843373494,0.6905120481927711,0.12725903614457823,0.6871576384662204,0.6209931020490972,0.06616453641712317,0.4375,0.26252983293556087,0.17497016706443913,0.49528301886792453,0.5188679245283019,-0.023584905660377353,0.4646017699115044,0.3486529318541997,0.11594883805730472,0.7659768715763846,0.6621060729018733,0.10387079867451132,0.41398774616347356,0.2982159014809043,0.11577184468256924
Random Forest,volatility,1.0,28,8222114328596035680,0.8358433734939759,0.7868975903614458,0.04894578313253006,0.640596469872185,0.6191164536417123,0.021480016230472687,0.4807692307692308,0.34497816593886466,0.13579106483036613,0.35377358490566035,0.37264150943396224,-0.018867924528301883,0.4076086956521739,0.35827664399092973,0.04933205166124416,0.7367789274362615,0.6929355176844525,0.043843409751809004,0.41951651268075923,0.3344142538380179,0.08510225884274131
Logistic Regression,volatility,1.0,29,5208583111008832180,0.8177710843373494,0.7048192771084337,0.11295180722891562,0.6871576384662204,0.6218637992831542,0.0652938391830662,0.4375,0.27040816326530615,0.16709183673469385,0.49528301886792453,0.5,-0.004716981132075471,0.4646017699115044,0.3509933774834437,0.1136083924280607,0.7659768715763846,0.6693928788800974,0.09658399269628726,0.41398774616347356,0.3144481228143526,0.09953962334912098
Random Forest,volatility,1.0,29,5208583111008832180,0.8358433734939759,0.7853915662650602,0.050451807228915624,0.640596469872185,0.608668086833029,0.031928383039156016,0.4807692307692308,0.334841628959276,0.1459276018099548,0.35377358490566035,0.3490566037735849,0.004716981132075471,0.4076086956521739,0.3418013856812933,0.06580730997088058,0.7367789274362615,0.6571862108608914,0.07959271657537015,0.41951651268075923,0.32210721671292875,0.09740929596783049
Logistic Regression,momentum,0.05,0,14370496344354670045,0.8177710843373494,0.8185240963855421,-0.0007530120481927804,0.6871576384662204,0.6876056671400554,-0.00044802867383508804,0.4375,0.4393305439330544,-0.0018305439330543738,0.49528301886792453,0.49528301886792453,0.0,0.4646017699115044,0.4656319290465632,-0.0010301591350587724,0.7659768715763846,0.7665686075606952,-0.0005917359843106151,0.41398774616347356,0.41454121697355983,-0.0005534708100862762
Random Forest,momentum,0.05,0,14370496344354670045,0.8358433734939759,0.8350903614457831,0.0007530120481927804,0.640596469872185,0.6439693649827551,-0.003372895110570151,0.4807692307692308,0.4782608695652174,0.0025083612040133763,0.35377358490566035,0.3632075471698113,-0.009433962264150941,0.4076086956521739,0.4128686327077748,-0.005259937055600905,0.7367789274362615,0.7391923649151281,-0.0024134374788665758,0.41951651268075923,0.4221748494127277,-0.002658336731968469
Logistic Regression,momentum,0.05,1,7439793659137703660,0.8177710843373494,0.8177710843373494,0.0,0.6871576384662204,0.6890681003584229,-0.001910461892202564,0.4375,0.4380165289256198,-0.0005165289256198191,0.49528301886792453,0.5,-0.004716981132075471,0.4646017699115044,0.4669603524229075,-0.0023585825114030845,0.7659768715763846,0.7647426793805369,0.0012341921958477498,0.41398774616347356,0.4126145835375301,0.001373162625943447
Random Forest,momentum,0.05,1,7439793659137703660,0.8358433734939759,0.8328313253012049,0.0030120481927710108,0.640596469872185,0.6349834313924393,0.005613038479745702,0.4807692307692308,0.46794871794871795,0.01282051282051283,0.35377358490566035,0.3443396226415094,0.009433962264150941,0.4076086956521739,0.3967391304347826,0.010869565217391297,0.7367789274362615,0.7380427064313249,-0.0012637789950633582,0.41951651268075923,0.41816749601680114,0.0013490166639580914
Logistic Regression,momentum,0.05,2,2184026866921957114,0.8177710843373494,0.8162650602409639,0.0015060240963854499,0.6871576384662204,0.6862615811185501,0.0008960573476702871,0.4375,0.43388429752066116,0.003615702479338845,0.49528301886792453,0.49528301886792453,0.0,0.4646017699115044,0.46255506607929514,0.0020467038322092845,0.7659768715763846,0.7668856089808614,-0.0009087374044768337,0.41398774616347356,0.41462553818837267,-0.0006377920248991087
Random Forest,momentum,0.05,2,2184026866921957114,0.8358433734939759,0.8365963855421686,-0.0007530120481927804,0.640596469872185,0.6448654223304253,-0.004268952458240327,0.4807692307692308,0.48427672955974843,-0.003507498790517649,0.35377358490566035,0.3632075471698113,-0.009433962264150941,0.4076086956521739,0.41509433962264153,-0.007485643970467637,0.7367789274362615,0.7390571109758571,-0.002278183539595635,0.41951651268075923,0.4203211323933507,-0.0008046197125914922
Logistic Regression,momentum,0.05,3,3851003149851616902,0.8177710843373494,0.8177710843373494,0.0,0.6871576384662204,0.6871576384662204,0.0,0.4375,0.4375,0.0,0.49528301886792453,0.49528301886792453,0.0,0.4646017699115044,0.4646017699115044,0.0,0.7659768715763846,0.7661459390004735,-0.00016906742408884234,0.41398774616347356,0.4135698902365179,0.0004178559269556459
Random Forest,momentum,0.05,3,3851003149851616902,0.8358433734939759,0.8373493975903614,-0.001506024096385561,0.640596469872185,0.6434029891120578,-0.002806519239872851,0.4807692307692308,0.48717948717948717,-0.0064102564102563875,0.35377358490566035,0.3584905660377358,-0.004716981132075471,0.4076086956521739,0.41304347826086957,-0.005434782608695676,0.7367789274362615,0.7386217623588287,-0.0018428349225672047,0.41951651268075923,0.41962942961148864,-0.0001129169307294009
Logistic Regression,momentum,0.05,4,3476673170388223710,0.8177710843373494,0.8185240963855421,-0.0007530120481927804,0.6871576384662204,0.689516129032258,-0.002358490566037652,0.4375,0.43983402489626555,-0.002334024896265552,0.49528301886792453,0.5,-0.004716981132075471,0.4646017699115044,0.46799116997792495,-0.0033894000664205226,0.7659768715763846,0.7648314397781836,0.0011454317982010354,0.41398774616347356,0.41465789042344964,-0.0006701442599760798
Random Forest,momentum,0.05,4,3476673170388223710,0.8358433734939759,0.8373493975903614,-0.001506024096385561,0.640596469872185,0.6453134510042604,-0.004716981132075415,0.4807692307692308,0.4873417721518987,-0.00657254138266794,0.35377358490566035,0.3632075471698113,-0.009433962264150941,0.4076086956521739,0.41621621621621624,-0.008607520564042348,0.7367789274362615,0.7392599918847635,-0.002481064448502046,0.41951651268075923,0.42216774351015957,-0.0026512308294003306
Logistic Regression,momentum,0.05,5,4412226039574509019,0.8177710843373494,0.8170180722891566,0.0007530120481927804,0.6871576384662204,0.6867096097923852,0.00044802867383519906,0.4375,0.43568464730290457,0.0018153526970954292,0.49528301886792453,0.49528301886792453,0.0,0.4646017699115044,0.46357615894039733,0.0010256109711070938,0.7659768715763846,0.767591465476432,-0.0016145939000473675,0.41398774616347356,0.4147941555640416,-0.0008064094005680311
Random Forest,momentum,0.05,5,4412226039574509019,0.8358433734939759,0.8343373493975904,0.0015060240963854499,0.640596469872185,0.6377899506323121,0.002806519239872851,0.4807692307692308,0.47435897435897434,0.006410256410256443,0.35377358490566035,0.3490566037735849,0.004716981132075471,0.4076086956521739,0.40217391304347827,0.005434782608695621,0.7367789274362615,0.7381103334009604,-0.0013314059646989396,0.41951651268075923,0.41963190401172257,-0.00011539133096333254
Logistic Regression,momentum,0.05,6,14177229952427923385,0.8177710843373494,0.8155120481927711,0.0022590361445782303,0.6871576384662204,0.6839030905525123,0.00325454791370805,0.4375,0.4315352697095436,0.00596473029045641,0.49528301886792453,0.49056603773584906,0.004716981132075471,0.4646017699115044,0.45916114790286977,0.005440622008634655,0.7659768715763846,0.7658162575235002,0.00016061405288436692,0.41398774616347356,0.4137233537495801,0.00026439241389347723
Random Forest,momentum,0.05,6,14177229952427923385,0.8358433734939759,0.8365963855421686,-0.0007530120481927804,0.640596469872185,0.646775884222628,-0.006179414350443002,0.4807692307692308,0.484472049689441,-0.003702818920210238,0.35377358490566035,0.36792452830188677,-0.014150943396226412,0.4076086956521739,0.41823056300268097,-0.010621867350507075,0.7367789274362615,0.738123013457767,-0.0013440860215054862,0.41951651268075923,0.42143961195552615,-0.0019230992747669151
Logistic Regression,momentum,0.05,7,5807427384028858589,0.8177710843373494,0.8185240963855421,-0.0007530120481927804,0.6871576384662204,0.6876056671400554,-0.00044802867383508804,0.4375,0.4393305439330544,-0.0018305439330543738,0.49528301886792453,0.49528301886792453,0.0,0.4646017699115044,0.4656319290465632,-0.0010301591350587724,0.7659768715763846,0.7668391154392372,-0.0008622438628526075,0.41398774616347356,0.41555147518843377,-0.0015637290249602143
Random Forest,momentum,0.05,7,5807427384028858589,0.8358433734939759,0.8365963855421686,-0.0007530120481927804,0.640596469872185,0.6410444985460202,-0.00044802867383519906,0.4807692307692308,0.4838709677419355,-0.003101736972704716,0.35377358490566035,0.35377358490566035,0.0,0.4076086956521739,0.4087193460490463,-0.0011106503968724146,0.7367789274362615,0.7375524109014675,-0.0007734834652060041,0.41951651268075923,0.4190621158384167,0.0004543968423425526
Logistic Regression,momentum,0.05,8,5216663389169818656,0.8177710843373494,0.8170180722891566,0.0007530120481927804,0.6871576384662204,0.6886200716845878,-0.001462433218367476,0.4375,0.43621399176954734,0.001286008230452662,0.49528301886792453,0.5,-0.004716981132075471,0.4646017699115044,0.46593406593406594,-0.0013322960225615188,0.7659768715763846,0.7655668830729696,0.00040998850341500415,0.41398774616347356,0.4139872405771872,5.055862863367899e-07
Random Forest,momentum,0.05,8,5216663389169818656,0.8358433734939759,0.8358433734939759,0.0,0.640596469872185,0.640596469872185,0.0,0.4807692307692308,0.4807692307692308,0.0,0.35377358490566035,0.35377358490566035,0.0,0.4076086956521739,0.4076086956521739,0.0,0.7367789274362615,0.7372819030229256,-0.0005029755866641228,0.41951651268075923,0.41956050666491085,-4.3993984151613486e-05
Logistic Regression,momentum,0.05,9,12571456236910455442,0.8177710843373494,0.8185240963855421,-0.0007530120481927804,0.6871576384662204,0.6914265909244607,-0.004268952458240327,0.4375,0.4403292181069959,-0.002829218106995879,0.49528301886792453,0.5047169811320755,-0.009433962264150997,0.4646017699115044,0.4703296703296703,-0.005727900418165899,0.7659768715763846,0.7651019476567255,0.0008749239196591541,0.41398774616347356,0.41249521328906963,0.001492532874403929
Random Forest,momentum,0.05,9,12571456236910455442,0.8358433734939759,0.8350903614457831,0.0007530120481927804,0.640596469872185,0.6401484411983499,0.00044802867383508804,0.4807692307692308,0.47770700636942676,0.0030622243998040255,0.35377358490566035,0.35377358490566035,0.0,0.4076086956521739,0.4065040650406504,0.0011046306115234938,0.7367789274362615,0.7375270507878543,-0.0007481233515927999,0.41951651268075923,0.4190926294745856,0.0004238832061736475
Logistic Regression,momentum,0.05,10,8281396906980179361,0.8177710843373494,0.8170180722891566,0.0007530120481927804,0.6871576384662204,0.6847991479001826,0.002358490566037763,0.4375,0.4351464435146444,0.0023535564853556235,0.49528301886792453,0.49056603773584906,0.004716981132075471,0.4646017699115044,0.4611973392461197,0.0034044306653847056,0.7659768715763846,0.765634510042605,0.00034236153377964484,0.41398774616347356,0.4151039671206469,-0.0011162209571733417
Random Forest,momentum,0.05,10,8281396906980179361,0.8358433734939759,0.8358433734939759,0.0,0.640596469872185,0.6425069317643877,-0.001910461892202675,0.4807692307692308,0.4810126582278481,-0.00024342745861732906,0.35377358490566035,0.3584905660377358,-0.004716981132075471,0.4076086956521739,0.41081081081081083,-0.0032021151586369423,0.7367789274362615,0.7391205112598904,-0.0023415838236289233,0.41951651268075923,0.42072901327066203,-0.0012125005899027985
Logistic Regression,momentum,0.05,11,10591990076673787147,0.8177710843373494,0.8200301204819277,-0.0022590361445783413,0.6871576384662204,0.6904121863799283,-0.003254547913707939,0.4375,0.4435146443514644,-0.0060146443514644266,0.49528301886792453,0.5,-0.004716981132075471,0.4646017699115044,0.4700665188470067,-0.0054647489355022505,0.7659768715763846,0.7660064583756001,-2.958679921549745e-05,0.41398774616347356,0.41370344306023366,0.0002843031032399024
Random Forest,momentum,0.05,11,10591990076673787147,0.8358433734939759,0.8335843373493976,0.0022590361445782303,0.640596469872185,0.6354314600662745,0.005165009805910503,0.4807692307692308,0.47096774193548385,0.00980148883374693,0.35377358490566035,0.3443396226415094,0.009433962264150941,0.4076086956521739,0.3978201634877384,0.009788532164435482,0.7367789274362615,0.7376623047271251,-0.0008833772908636295,0.41951651268075923,0.41710894247941765,0.00240757020134158
Logistic Regression,momentum,0.05,12,2713370416362179032,0.8177710843373494,0.8162650602409639,0.0015060240963854499,0.6871576384662204,0.6862615811185501,0.0008960573476702871,0.4375,0.43388429752066116,0.003615702479338845,0.49528301886792453,0.49528301886792453,0.0,0.4646017699115044,0.46255506607929514,0.0020467038322092845,0.7659768715763846,0.766137485629269,-0.00016061405288436692,0.41398774616347356,0.4129727360366931,0.0010150101267804579
Random Forest,momentum,0.05,12,2713370416362179032,0.8358433734939759,0.8373493975903614,-0.001506024096385561,0.640596469872185,0.6414925272198553,-0.0008960573476702871,0.4807692307692308,0.487012987012987,-0.006243756243756227,0.35377358490566035,0.35377358490566035,0.0,0.4076086956521739,0.4098360655737705,-0.0022273699215966114,0.7367789274362615,0.7400968756340028,-0.0033179481977413383,0.41951651268075923,0.41951554777586764,9.649048915982839e-07
Logistic Regression,momentum,0.05,13,13459305582919726281,0.8177710843373494,0.8192771084337349,-0.001506024096385561,0.6871576384662204,0.6899641577060932,-0.002806519239872851,0.4375,0.44166666666666665,-0.004166666666666652,0.49528301886792453,0.5,-0.004716981132075471,0.4646017699115044,0.4690265486725664,-0.004424778761061954,0.7659768715763846,0.7659007912355447,7.608034083994575e-05,0.41398774616347356,0.4128078782605909,0.0011798679028826586
Random Forest,momentum,0.05,13,13459305582919726281,0.8358433734939759,0.8328313253012049,0.0030120481927710108,0.640596469872185,0.6349834313924393,0.005613038479745702,0.4807692307692308,0.46794871794871795,0.01282051282051283,0.35377358490566035,0.3443396226415094,0.009433962264150941,0.4076086956521739,0.3967391304347826,0.010869565217391297,0.7367789274362615,0.7394290593088524,-0.0026501318725908884,0.41951651268075923,0.42008591066073964,-0.0005693979799804016
Logistic Regression,momentum,0.05,14,17929272722351546859,0.8177710843373494,0.8185240963855421,-0.0007530120481927804,0.6871576384662204,0.6876056671400554,-0.00044802867383508804,0.4375,0.4393305439330544,-0.0018305439330543738,0.49528301886792453,0.49528301886792453,0.0,0.4646017699115044,0.4656319290465632,-0.0010301591350587724,0.7659768715763846,0.7655415229593563,0.0004353486170283194,0.41398774616347356,0.4133441868775105,0.0006435592859630468
Random Forest,momentum,0.05,14,17929272722351546859,0.8358433734939759,0.8358433734939759,0.0,0.640596469872185,0.6425069317643877,-0.001910461892202675,0.4807692307692308,0.4810126582278481,-0.00024342745861732906,0.35377358490566035,0.3584905660377358,-0.004716981132075471,0.4076086956521739,0.41081081081081083,-0.0032021151586369423,0.7367789274362615,0.7376792114695341,-0.0009002840332725803,0.41951651268075923,0.42149039275760025,-0.001973880076841017
Logistic Regression,momentum,0.05,15,12666309676350805631,0.8177710843373494,0.8170180722891566,0.0007530120481927804,0.6871576384662204,0.6847991479001826,0.002358490566037763,0.4375,0.4351464435146444,0.0023535564853556235,0.49528301886792453,0.49056603773584906,0.004716981132075471,0.4646017699115044,0.4611973392461197,0.0034044306653847056,0.7659768715763846,0.7661248055724622,-0.00014793399607759827,0.41398774616347356,0.413553461061547,0.000434285101926557
Random Forest,momentum,0.05,15,12666309676350805631,0.8358433734939759,0.8373493975903614,-0.001506024096385561,0.640596469872185,0.6472239128964631,-0.00662744302427809,0.4807692307692308,0.4875,-0.006730769230769207,0.35377358490566035,0.36792452830188677,-0.014150943396226412,0.4076086956521739,0.41935483870967744,-0.011746143057503544,0.7367789274362615,0.7389598972070063,-0.0021809697707447784,0.41951651268075923,0.42200326821917855,-0.0024867555384193163
Logistic Regression,momentum,0.05,16,18357244816047800265,0.8177710843373494,0.8200301204819277,-0.0022590361445783413,0.6871576384662204,0.692322648272131,-0.005165009805910614,0.4375,0.44398340248962653,-0.006483402489626533,0.49528301886792453,0.5047169811320755,-0.009433962264150997,0.4646017699115044,0.47240618101545256,-0.007804411103948139,0.7659768715763846,0.7673632244539121,-0.0013863528775275302,0.41398774616347356,0.41503187451207263,-0.0010441283485990716
Random Forest,momentum,0.05,16,18357244816047800265,0.8358433734939759,0.8343373493975904,0.0015060240963854499,0.640596469872185,0.6435213363089201,-0.002924866436735063,0.4807692307692308,0.47530864197530864,0.005460588793922139,0.35377358490566035,0.3632075471698113,-0.009433962264150941,0.4076086956521739,0.4117647058823529,-0.00415601023017903,0.7367789274362615,0.7364492459592885,0.0003296814769729872,0.41951651268075923,0.41778284824632195,0.0017336644344372876
Logistic Regression,momentum,0.05,17,208485806915452520,0.8177710843373494,0.8200301204819277,-0.0022590361445783413,0.6871576384662204,0.692322648272131,-0.005165009805910614,0.4375,0.44398340248962653,-0.006483402489626533,0.49528301886792453,0.5047169811320755,-0.009433962264150997,0.4646017699115044,0.47240618101545256,-0.007804411103948139,0.7659768715763846,0.7667672617839996,-0.0007903902076149549,0.41398774616347356,0.4142020916971907,-0.00021434553371713072
Random Forest,momentum,0.05,17,208485806915452520,0.8358433734939759,0.8358433734939759,0.0,0.640596469872185,0.640596469872185,0.0,0.4807692307692308,0.4807692307692308,0.0,0.35377358490566035,0.35377358490566035,0.0,0.4076086956521739,0.4076086956521739,0.0,0.7367789274362615,0.7391670048015149,-0.0023880773652533716,0.41951651268075923,0.4205602753648076,-0.0010437626840483771
Logistic Regression,momentum,0.05,18,12648940074288122835,0.8177710843373494,0.8177710843373494,0.0,0.6871576384662204,0.6871576384662204,0.0,0.4375,0.4375,0.0,0.49528301886792453,0.49528301886792453,0.0,0.4646017699115044,0.4646017699115044,0.0,0.7659768715763846,0.7657148170690472,0.0002620545073374059,0.41398774616347356,0.41376315586484697,0.0002245902986265924
Random Forest,momentum,0.05,18,12648940074288122835,0.8358433734939759,0.8358433734939759,0.0,0.640596469872185,0.640596469872185,0.0,0.4807692307692308,0.4807692307692308,0.0,0.35377358490566035,0.35377358490566035,0.0,0.4076086956521739,0.4076086956521739,0.0,0.7367789274362615,0.7372185027388922,-0.00043957530263072364,0.41951651268075923,0.41909144568451606,0.000425066996243173
Logistic Regression,momentum,0.05,19,15063792527142206802,0.8177710843373494,0.8200301204819277,-0.0022590361445783413,0.6871576384662204,0.692322648272131,-0.005165009805910614,0.4375,0.44398340248962653,-0.006483402489626533,0.49528301886792453,0.5047169811320755,-0.009433962264150997,0.4646017699115044,0.47240618101545256,-0.007804411103948139,0.7659768715763846,0.7661417123148712,-0.00016484073848654912,0.41398774616347356,0.4145028399276168,-0.0005150937641432152
Random Forest,momentum,0.05,19,15063792527142206802,0.8358433734939759,0.8343373493975904,0.0015060240963854499,0.640596469872185,0.6397004125245147,0.0008960573476702871,0.4807692307692308,0.47468354430379744,0.006085686465433338,0.35377358490566035,0.35377358490566035,0.0,0.4076086956521739,0.40540540540540543,0.0022032902467684634,0.7367789274362615,0.7396277135321566,-0.0028487860958951172,0.41951651268075923,0.4225439881510659,-0.003027475470306684
Logistic Regression,momentum,0.05,20,14071916074644830569,0.8177710843373494,0.8200301204819277,-0.0022590361445783413,0.6871576384662204,0.6904121863799283,-0.003254547913707939,0.4375,0.4435146443514644,-0.0060146443514644266,0.49528301886792453,0.5,-0.004716981132075471,0.4646017699115044,0.4700665188470067,-0.0054647489355022505,0.7659768715763846,0.7665474741326841,-0.0005706025562994821,0.41398774616347356,0.41371740949114794,0.00027033667232562175
Random Forest,momentum,0.05,20,14071916074644830569,0.8358433734939759,0.8365963855421686,-0.0007530120481927804,0.640596469872185,0.6429549604382228,-0.002358490566037763,0.4807692307692308,0.4840764331210191,-0.0033072023517883298,0.35377358490566035,0.3584905660377358,-0.004716981132075471,0.4076086956521739,0.41192411924119243,-0.004315423589018541,0.7367789274362615,0.7392008182863326,-0.002421890850071051,0.41951651268075923,0.4210712622789117,-0.0015547495981524384
Logistic Regression,momentum,0.05,21,14113567078776926328,0.8177710843373494,0.8177710843373494,0.0,0.6871576384662204,0.6890681003584229,-0.001910461892202564,0.4375,0.4380165289256198,-0.0005165289256198191,0.49528301886792453,0.5,-0.004716981132075471,0.4646017699115044,0.4669603524229075,-0.0023585825114030845,0.7659768715763846,0.7662177926557111,-0.00024092107932649487,0.41398774616347356,0.41442666013784274,-0.00043891397436918167
Random Forest,momentum,0.05,21,14113567078776926328,0.8358433734939759,0.8373493975903614,-0.001506024096385561,0.640596469872185,0.6453134510042604,-0.004716981132075415,0.4807692307692308,0.4873417721518987,-0.00657254138266794,0.35377358490566035,0.3632075471698113,-0.009433962264150941,0.4076086956521739,0.41621621621621624,-0.008607520564042348,0.7367789274362615,0.7374974639886388,-0.0007185365523773024,0.41951651268075923,0.42104853251242125,-0.0015320198316620126
Logistic Regression,momentum,0.05,22,4330110378277550828,0.8177710843373494,0.8200301204819277,-0.0022590361445783413,0.6871576384662204,0.6942331101643335,-0.007075471698113178,0.4375,0.4444444444444444,-0.00694444444444442,0.49528301886792453,0.5094339622641509,-0.014150943396226412,0.4646017699115044,0.4747252747252747,-0.010123504813770279,0.7659768715763846,0.7656345100426051,0.0003423615337795338,0.41398774616347356,0.4134874563011842,0.0005002898622893381
Random Forest,momentum,0.05,22,4330110378277550828,0.8358433734939759,0.8365963855421686,-0.0007530120481927804,0.640596469872185,0.6448654223304253,-0.004268952458240327,0.4807692307692308,0.48427672955974843,-0.003507498790517649,0.35377358490566035,0.3632075471698113,-0.009433962264150941,0.4076086956521739,0.41509433962264153,-0.007485643970467637,0.7367789274362615,0.738587948874011,-0.001809021437749525,0.41951651268075923,0.4205958260520017,-0.0010793133712424519
Logistic Regression,momentum,0.05,23,6616007040776994732,0.8177710843373494,0.8185240963855421,-0.0007530120481927804,0.6871576384662204,0.6856952052478529,0.001462433218367476,0.4375,0.4388185654008439,-0.0013185654008439074,0.49528301886792453,0.49056603773584906,0.004716981132075471,0.4646017699115044,0.46325167037861914,0.001350099532885285,0.7659768715763846,0.7657486305538649,0.00022824102251972622,0.41398774616347356,0.4133598319035116,0.000627914259961948
Random Forest,momentum,0.05,23,6616007040776994732,0.8358433734939759,0.838855421686747,-0.003012048192771122,0.640596469872185,0.6462095083519308,-0.005613038479745813,0.4807692307692308,0.4935897435897436,-0.01282051282051283,0.35377358490566035,0.3632075471698113,-0.009433962264150941,0.4076086956521739,0.41847826086956524,-0.010869565217391353,0.7367789274362615,0.736516872928924,0.0002620545073375169,0.41951651268075923,0.41847632231866383,0.0010401903620954056
Logistic Regression,momentum,0.05,24,10619781342230024965,0.8177710843373494,0.8177710843373494,0.0,0.6871576384662204,0.6871576384662204,0.0,0.4375,0.4375,0.0,0.49528301886792453,0.49528301886792453,0.0,0.4646017699115044,0.4646017699115044,0.0,0.7659768715763846,0.7662051125989043,-0.00022824102251972622,0.41398774616347356,0.4130611263888027,0.0009266197746708449
Random Forest,momentum,0.05,24,10619781342230024965,0.8358433734939759,0.8358433734939759,0.0,0.640596469872185,0.6425069317643877,-0.001910461892202675,0.4807692307692308,0.4810126582278481,-0.00024342745861732906,0.35377358490566035,0.3584905660377358,-0.004716981132075471,0.4076086956521739,0.41081081081081083,-0.0032021151586369423,0.7367789274362615,0.738435788192331,-0.0016568607560695225,0.41951651268075923,0.4231002387414107,-0.0035837260606514376
Logistic Regression,momentum,0.05,25,9342632229222139291,0.8177710843373494,0.8200301204819277,-0.0022590361445783413,0.6871576384662204,0.692322648272131,-0.005165009805910614,0.4375,0.44398340248962653,-0.006483402489626533,0.49528301886792453,0.5047169811320755,-0.009433962264150997,0.4646017699115044,0.47240618101545256,-0.007804411103948139,0.7659768715763846,0.7665347940758774,-0.0005579224994928245,0.41398774616347356,0.4150809046448715,-0.00109315848139796
Random Forest,momentum,0.05,25,9342632229222139291,0.8358433734939759,0.8358433734939759,0.0,0.640596469872185,0.640596469872185,0.0,0.4807692307692308,0.4807692307692308,0.0,0.35377358490566035,0.35377358490566035,0.0,0.4076086956521739,0.4076086956521739,0.0,0.7367789274362615,0.7385583620747954,-0.0017794346385339166,0.41951651268075923,0.41890492695039794,0.000611585730361297
Logistic Regression,momentum,0.05,26,18128634868389753287,0.8177710843373494,0.8177710843373494,0.0,0.6871576384662204,0.6871576384662204,0.0,0.4375,0.4375,0.0,0.49528301886792453,0.49528301886792453,0.0,0.4646017699115044,0.4646017699115044,0.0,0.7659768715763846,0.765905017921147,7.185365523765253e-05,0.41398774616347356,0.4128433941794122,0.0011443519840613758
Random Forest,momentum,0.05,26,18128634868389753287,0.8358433734939759,0.8358433734939759,0.0,0.640596469872185,0.6425069317643877,-0.001910461892202675,0.4807692307692308,0.4810126582278481,-0.00024342745861732906,0.35377358490566035,0.3584905660377358,-0.004716981132075471,0.4076086956521739,0.41081081081081083,-0.0032021151586369423,0.7367789274362615,0.7376284912423074,-0.0008495638060459498,0.41951651268075923,0.42012276419546823,-0.0006062515147089997
Logistic Regression,momentum,0.05,27,8753898155170160133,0.8177710843373494,0.8192771084337349,-0.001506024096385561,0.6871576384662204,0.6880536958138905,-0.0008960573476701761,0.4375,0.4411764705882353,-0.003676470588235281,0.49528301886792453,0.49528301886792453,0.0,0.4646017699115044,0.4666666666666667,-0.002064896755162249,0.7659768715763846,0.7655415229593562,0.0004353486170284304,0.41398774616347356,0.4131266866046911,0.0008610595587824621
Random Forest,momentum,0.05,27,8753898155170160133,0.8358433734939759,0.8365963855421686,-0.0007530120481927804,0.640596469872185,0.646775884222628,-0.006179414350443002,0.4807692307692308,0.484472049689441,-0.003702818920210238,0.35377358490566035,0.36792452830188677,-0.014150943396226412,0.4076086956521739,0.41823056300268097,-0.010621867350507075,0.7367789274362615,0.7353460810171097,0.0014328464191517565,0.41951651268075923,0.41724091021510534,0.002275602465653892
Logistic Regression,momentum,0.05,28,13747111206196293730,0.8177710843373494,0.8170180722891566,0.0007530120481927804,0.6871576384662204,0.6847991479001826,0.002358490566037763,0.4375,0.4351464435146444,0.0023535564853556235,0.49528301886792453,0.49056603773584906,0.004716981132075471,0.4646017699115044,0.4611973392461197,0.0034044306653847056,0.7659768715763846,0.7644383580171773,0.0015385135592073107,0.41398774616347356,0.4129672630306547,0.0010204831328188835
Random Forest,momentum,0.05,28,13747111206196293730,0.8358433734939759,0.8373493975903614,-0.001506024096385561,0.640596469872185,0.6453134510042604,-0.004716981132075415,0.4807692307692308,0.4873417721518987,-0.00657254138266794,0.35377358490566035,0.3632075471698113,-0.009433962264150941,0.4076086956521739,0.41621621621621624,-0.008607520564042348,0.7367789274362615,0.7341414756204775,0.0026374518157840088,0.41951651268075923,0.4177236484281858,0.0017928642525734118
Logistic Regression,momentum,0.05,29,12021560920226096890,0.8177710843373494,0.8170180722891566,0.0007530120481927804,0.6871576384662204,0.6867096097923852,0.00044802867383519906,0.4375,0.43568464730290457,0.0018153526970954292,0.49528301886792453,0.49528301886792453,0.0,0.4646017699115044,0.46357615894039733,0.0010256109711070938,0.7659768715763846,0.7673928112531277,-0.0014159396767431387,0.41398774616347356,0.4135937948827135,0.00039395128076008534
Random Forest,momentum,0.05,29,12021560920226096890,0.8358433734939759,0.8358433734939759,0.0,0.640596469872185,0.6425069317643877,-0.001910461892202675,0.4807692307692308,0.4810126582278481,-0.00024342745861732906,0.35377358490566035,0.3584905660377358,-0.004716981132075471,0.4076086956521739,0.41081081081081083,-0.0032021151586369423,0.7367789274362615,0.7361914181375533,0.0005875092987082109,0.41951651268075923,0.41896753555238847,0.0005489771283707645
Logistic Regression,momentum,0.1,0,2941701037961676527,0.8177710843373494,0.8170180722891566,0.0007530120481927804,0.6871576384662204,0.6847991479001826,0.002358490566037763,0.4375,0.4351464435146444,0.0023535564853556235,0.49528301886792453,0.49056603773584906,0.004716981132075471,0.4646017699115044,0.4611973392461197,0.0034044306653847056,0.7659768715763846,0.7668982890376683,-0.0009214174612837134,0.41398774616347356,0.41518937673292944,-0.0012016305694558804
Random Forest,momentum,0.1,0,2941701037961676527,0.8358433734939759,0.8350903614457831,0.0007530120481927804,0.640596469872185,0.6401484411983499,0.00044802867383508804,0.4807692307692308,0.47770700636942676,0.0030622243998040255,0.35377358490566035,0.35377358490566035,0.0,0.4076086956521739,0.4065040650406504,0.0011046306115234938,0.7367789274362615,0.7419650706701832,-0.005186143233921747,0.41951651268075923,0.4228936513745903,-0.00337713869383105
Logistic Regression,momentum,0.1,1,12161813221108585507,0.8177710843373494,0.8185240963855421,-0.0007530120481927804,0.6871576384662204,0.6933370528166634,-0.006179414350443002,0.4375,0.44081632653061226,-0.003316326530612257,0.49528301886792453,0.5094339622641509,-0.014150943396226412,0.4646017699115044,0.4726477024070022,-0.008045932495497787,0.7659768715763846,0.7628871644011632,0.00308970717522139,0.41398774616347356,0.4112967793657727,0.0026909667977008667
Random Forest,momentum,0.1,1,12161813221108585507,0.8358433734939759,0.8343373493975904,0.0015060240963854499,0.640596469872185,0.6377899506323121,0.002806519239872851,0.4807692307692308,0.47435897435897434,0.006410256410256443,0.35377358490566035,0.3490566037735849,0.004716981132075471,0.4076086956521739,0.40217391304347827,0.005434782608695621,0.7367789274362615,0.7391078312030837,-0.0023289037668221546,0.41951651268075923,0.4167349668861605,0.0027815457945987165
Logistic Regression,momentum,0.1,2,14979148996452900903,0.8177710843373494,0.8170180722891566,0.0007530120481927804,0.6871576384662204,0.6847991479001826,0.002358490566037763,0.4375,0.4351464435146444,0.0023535564853556235,0.49528301886792453,0.49056603773584906,0.004716981132075471,0.4646017699115044,0.4611973392461197,0.0034044306653847056,0.7659768715763846,0.7678197064989517,-0.0018428349225670937,0.41398774616347356,0.4157284152724413,-0.0017406691089677517
Random Forest,momentum,0.1,2,14979148996452900903,0.8358433734939759,0.8343373493975904,0.0015060240963854499,0.640596469872185,0.6435213363089201,-0.002924866436735063,0.4807692307692308,0.47530864197530864,0.005460588793922139,0.35377358490566035,0.3632075471698113,-0.009433962264150941,0.4076086956521739,0.4117647058823529,-0.00415601023017903,0.7367789274362615,0.7420284709542165,-0.005249543517955035,0.41951651268075923,0.42121245547342284,-0.0016959427926636073
Logistic Regression,momentum,0.1,3,1631071081886145194,0.8177710843373494,0.8170180722891566,0.0007530120481927804,0.6871576384662204,0.6867096097923852,0.00044802867383519906,0.4375,0.43568464730290457,0.0018153526970954292,0.49528301886792453,0.49528301886792453,0.0,0.4646017699115044,0.46357615894039733,0.0010256109711070938,0.7659768715763846,0.7662051125989044,-0.00022824102251983724,0.41398774616347356,0.414083807421618,-9.60612581444309e-05
Random Forest,momentum,0.1,3,1631071081886145194,0.8358433734939759,0.8381024096385542,-0.0022590361445783413,0.640596469872185,0.6476719415702982,-0.007075471698113178,0.4807692307692308,0.49056603773584906,-0.009796806966618277,0.35377358490566035,0.36792452830188677,-0.014150943396226412,0.4076086956521739,0.42048517520215634,-0.012876479549982445,0.7367789274362615,0.7397460607290188,-0.002967133292757329,0.41951651268075923,0.41959398206747694,-7.746938671771009e-05
Logistic Regression,momentum,0.1,4,11682533577612834761,0.8177710843373494,0.8192771084337349,-0.001506024096385561,0.6871576384662204,0.6880536958138905,-0.0008960573476701761,0.4375,0.4411764705882353,-0.003676470588235281,0.49528301886792453,0.49528301886792453,0.0,0.4646017699115044,0.4666666666666667,-0.002064896755162249,0.7659768715763846,0.762980151484412,0.0029967200919726045,0.41398774616347356,0.4146069175548599,-0.0006191713913863417
Random Forest,momentum,0.1,4,11682533577612834761,0.8358433734939759,0.8365963855421686,-0.0007530120481927804,0.640596469872185,0.6448654223304253,-0.004268952458240327,0.4807692307692308,0.48427672955974843,-0.003507498790517649,0.35377358490566035,0.3632075471698113,-0.009433962264150941,0.4076086956521739,0.41509433962264153,-0.007485643970467637,0.7367789274362615,0.7405068641374181,-0.0037279367011565645,0.41951651268075923,0.42183897723681935,-0.002322464556060111
Logistic Regression,momentum,0.1,5,12968962452213107003,0.8177710843373494,0.8177710843373494,0.0,0.6871576384662204,0.6852471765740178,0.001910461892202564,0.4375,0.4369747899159664,0.0005252100840336116,0.49528301886792453,0.49056603773584906,0.004716981132075471,0.4646017699115044,0.4622222222222222,0.0023795476892822243,0.7659768715763846,0.7687749374450531,-0.0027980658686684867,0.41398774616347356,0.414833615238336,-0.0008458690748624487
Random Forest,momentum,0.1,5,12968962452213107003,0.8358433734939759,0.8313253012048193,0.004518072289156572,0.640596469872185,0.6359978359369717,0.004598633935213314,0.4807692307692308,0.4625,0.01826923076923076,0.35377358490566035,0.3490566037735849,0.004716981132075471,0.4076086956521739,0.3978494623655914,0.009759233286582514,0.7367789274362615,0.7388288699533374,-0.002049942517075909,0.41951651268075923,0.42026651236620577,-0.0007499996854465341
Logistic Regression,momentum,0.1,6,7125207968512589309,0.8177710843373494,0.8162650602409639,0.0015060240963854499,0.6871576384662204,0.6862615811185501,0.0008960573476702871,0.4375,0.43388429752066116,0.003615702479338845,0.49528301886792453,0.49528301886792453,0.0,0.4646017699115044,0.46255506607929514,0.0020467038322092845,0.7659768715763846,0.7654316291336987,0.0005452424426859448,0.41398774616347356,0.4137403078716628,0.00024743829181073096
Random Forest,momentum,0.1,6,7125207968512589309,0.8358433734939759,0.8365963855421686,-0.0007530120481927804,0.640596469872185,0.646775884222628,-0.006179414350443002,0.4807692307692308,0.484472049689441,-0.003702818920210238,0.35377358490566035,0.36792452830188677,-0.014150943396226412,0.4076086956521739,0.41823056300268097,-0.010621867350507075,0.7367789274362615,0.7396403935889633,-0.002861466152701775,0.41951651268075923,0.42276755544981215,-0.0032510427690529142
Logistic Regression,momentum,0.1,7,4264041596531336559,0.8177710843373494,0.8192771084337349,-0.001506024096385561,0.6871576384662204,0.6880536958138905,-0.0008960573476701761,0.4375,0.4411764705882353,-0.003676470588235281,0.49528301886792453,0.49528301886792453,0.0,0.4646017699115044,0.4666666666666667,-0.002064896755162249,0.7659768715763846,0.7673336376546966,-0.0013567660783120328,0.41398774616347356,0.4167818688993242,-0.002794122735850668
Random Forest,momentum,0.1,7,4264041596531336559,0.8358433734939759,0.8350903614457831,0.0007530120481927804,0.640596469872185,0.6420589030905525,-0.001462433218367476,0.4807692307692308,0.4779874213836478,0.0027818093855829784,0.35377358490566035,0.3584905660377358,-0.004716981132075471,0.4076086956521739,0.40970350404312667,-0.0020948083909527737,0.7367789274362615,0.7362210049367688,0.0005579224994927134,0.41951651268075923,0.4174522810208998,0.002064231659859417
Logistic Regression,momentum,0.1,8,9809608466261287668,0.8177710843373494,0.8185240963855421,-0.0007530120481927804,0.6871576384662204,0.689516129032258,-0.002358490566037652,0.4375,0.43983402489626555,-0.002334024896265552,0.49528301886792453,0.5,-0.004716981132075471,0.4646017699115044,0.46799116997792495,-0.0033894000664205226,0.7659768715763846,0.764937106918239,0.0010397646581455922,0.41398774616347356,0.4134035644060881,0.0005841817573854491
Random Forest,momentum,0.1,8,9809608466261287668,0.8358433734939759,0.8343373493975904,0.0015060240963854499,0.640596469872185,0.6416108744167174,-0.001014404544532388,0.4807692307692308,0.475,0.005769230769230804,0.35377358490566035,0.3584905660377358,-0.004716981132075471,0.4076086956521739,0.40860215053763443,-0.000993454885460543,0.7367789274362615,0.7380553864881314,-0.0012764590518699048,0.41951651268075923,0.42026237711930375,-0.000745864438544519
Logistic Regression,momentum,0.1,9,6462997681105768802,0.8177710843373494,0.8177710843373494,0.0,0.6871576384662204,0.6890681003584229,-0.001910461892202564,0.4375,0.4380165289256198,-0.0005165289256198191,0.49528301886792453,0.5,-0.004716981132075471,0.4646017699115044,0.4669603524229075,-0.0023585825114030845,0.7659768715763846,0.7639227023737066,0.00205416920267798,0.41398774616347356,0.41075824642591535,0.0032294997375582057
Random Forest,momentum,0.1,9,6462997681105768802,0.8358433734939759,0.8358433734939759,0.0,0.640596469872185,0.6444173936565902,-0.003820923784405239,0.4807692307692308,0.48125,-0.00048076923076922906,0.35377358490566035,0.3632075471698113,-0.009433962264150941,0.4076086956521739,0.41397849462365593,-0.0063697989714820435,0.7367789274362615,0.7373748901061744,-0.0005959626699129084,0.41951651268075923,0.421405869218835,-0.0018893565380757593
Logistic Regression,momentum,0.1,10,11518703234685924374,0.8177710843373494,0.8147590361445783,0.0030120481927710108,0.6871576384662204,0.679634138094272,0.007523500371948377,0.4375,0.42857142857142855,0.008928571428571452,0.49528301886792453,0.4811320754716981,0.014150943396226412,0.4646017699115044,0.4533333333333333,0.011268436578171115,0.7659768715763846,0.7647004125245147,0.0012764590518699048,0.41398774616347356,0.4145741796453421,-0.0005864334818685424
Random Forest,momentum,0.1,10,11518703234685924374,0.8358433734939759,0.8365963855421686,-0.0007530120481927804,0.640596469872185,0.646775884222628,-0.006179414350443002,0.4807692307692308,0.484472049689441,-0.003702818920210238,0.35377358490566035,0.36792452830188677,-0.014150943396226412,0.4076086956521739,0.41823056300268097,-0.010621867350507075,0.7367789274362615,0.7432457564076554,-0.006466828971393945,0.41951651268075923,0.42196272576329097,-0.002446213082531734
Logistic Regression,momentum,0.1,11,3568536222808829708,0.8177710843373494,0.8185240963855421,-0.0007530120481927804,0.6871576384662204,0.689516129032258,-0.002358490566037652,0.4375,0.43983402489626555,-0.002334024896265552,0.49528301886792453,0.5,-0.004716981132075471,0.4646017699115044,0.46799116997792495,-0.0033894000664205226,0.7659768715763846,0.7656556434706161,0.0003212281057685118,0.41398774616347356,0.41300740321948654,0.0009803429439870226
Random Forest,momentum,0.1,11,3568536222808829708,0.8358433734939759,0.8305722891566265,0.005271084337349352,0.640596469872185,0.6355498072631365,0.005046662609048513,0.4807692307692308,0.45962732919254656,0.02114190157668422,0.35377358490566035,0.3490566037735849,0.004716981132075471,0.4076086956521739,0.3967828418230563,0.010825853829117604,0.7367789274362615,0.7393445255968079,-0.0025655981605463563,0.41951651268075923,0.4166566093914227,0.0028599032893365517
Logistic Regression,momentum,0.1,12,12058648714391594445,0.8177710843373494,0.8162650602409639,0.0015060240963854499,0.6871576384662204,0.6862615811185501,0.0008960573476702871,0.4375,0.43388429752066116,0.003615702479338845,0.49528301886792453,0.49528301886792453,0.0,0.4646017699115044,0.46255506607929514,0.0020467038322092845,0.7659768715763846,0.7658754311219315,0.00010144045445314998,0.41398774616347356,0.4126184592371768,0.001369286926296731
Random Forest,momentum,0.1,12,12058648714391594445,0.8358433734939759,0.8343373493975904,0.0015060240963854499,0.640596469872185,0.6397004125245147,0.0008960573476702871,0.4807692307692308,0.47468354430379744,0.006085686465433338,0.35377358490566035,0.35377358490566035,0.0,0.4076086956521739,0.40540540540540543,0.0022032902467684634,0.7367789274362615,0.7399489416379252,-0.00317001420166374,0.41951651268075923,0.418499697946305,0.0010168147344542522
Logistic Regression,momentum,0.1,13,8817781248361008262,0.8177710843373494,0.8170180722891566,0.0007530120481927804,0.6871576384662204,0.6886200716845878,-0.001462433218367476,0.4375,0.43621399176954734,0.001286008230452662,0.49528301886792453,0.5,-0.004716981132075471,0.4646017699115044,0.46593406593406594,-0.0013322960225615188,0.7659768715763846,0.765672550213025,0.00030432136335956095,0.41398774616347356,0.4129779570857921,0.0010097890776814555
Random Forest,momentum,0.1,13,8817781248361008262,0.8358433734939759,0.8358433734939759,0.0,0.640596469872185,0.640596469872185,0.0,0.4807692307692308,0.4807692307692308,0.0,0.35377358490566035,0.35377358490566035,0.0,0.4076086956521739,0.4076086956521739,0.0,0.7367789274362615,0.7393318455400014,-0.0025529181037399207,0.41951651268075923,0.41778423747010707,0.0017322752106521677
Logistic Regression,momentum,0.1,14,16343095542145333070,0.8177710843373494,0.8170180722891566,0.0007530120481927804,0.6871576384662204,0.6867096097923852,0.00044802867383519906,0.4375,0.43568464730290457,0.0018153526970954292,0.49528301886792453,0.49528301886792453,0.0,0.4646017699115044,0.46357615894039733,0.0010256109711070938,0.7659768715763846,0.7647891729221613,0.0011876986542233015,0.41398774616347356,0.4131576457519457,0.0008301004115278676
Random Forest,momentum,0.1,14,16343095542145333070,0.8358433734939759,0.8350903614457831,0.0007530120481927804,0.640596469872185,0.6477902887671603,-0.007193818894975279,0.4807692307692308,0.47878787878787876,0.0019813519813520197,0.35377358490566035,0.37264150943396224,-0.018867924528301883,0.4076086956521739,0.41909814323607425,-0.011489447583900358,0.7367789274362615,0.7445433488875364,-0.007764421451274872,0.41951651268075923,0.4241571571412507,-0.00464064446049145
Logistic Regression,momentum,0.1,15,4184092025017878468,0.8177710843373494,0.8170180722891566,0.0007530120481927804,0.6871576384662204,0.6867096097923852,0.00044802867383519906,0.4375,0.43568464730290457,0.0018153526970954292,0.49528301886792453,0.49528301886792453,0.0,0.4646017699115044,0.46357615894039733,0.0010256109711070938,0.7659768715763846,0.7655837898153783,0.00039308176100627534,0.41398774616347356,0.4131617204399582,0.0008260257235153667
Random Forest,momentum,0.1,15,4184092025017878468,0.8358433734939759,0.8320783132530121,0.003765060240963791,0.640596469872185,0.6383563265030094,0.0022401433691755512,0.4807692307692308,0.4658385093167702,0.014930721452460605,0.35377358490566035,0.35377358490566035,0.0,0.4076086956521739,0.40214477211796246,0.0054639235342114345,0.7367789274362615,0.740160275918036,-0.0033813484817745154,0.41951651268075923,0.42286689805439115,-0.0033503853736319145
Logistic Regression,momentum,0.1,16,1527920526376522425,0.8177710843373494,0.8200301204819277,-0.0022590361445783413,0.6871576384662204,0.692322648272131,-0.005165009805910614,0.4375,0.44398340248962653,-0.006483402489626533,0.49528301886792453,0.5047169811320755,-0.009433962264150997,0.4646017699115044,0.47240618101545256,-0.007804411103948139,0.7659768715763846,0.7681789747751402,-0.0022021031987555784,0.41398774616347356,0.4148836539689026,-0.0008959078054290304
Random Forest,momentum,0.1,16,1527920526376522425,0.8358433734939759,0.8328313253012049,0.0030120481927710108,0.640596469872185,0.6445357408534523,-0.00393927098126734,0.4807692307692308,0.46987951807228917,0.010889712696941611,0.35377358490566035,0.36792452830188677,-0.014150943396226412,0.4076086956521739,0.4126984126984127,-0.005089717046238784,0.7367789274362615,0.7371846892540745,-0.000405761817813044,0.41951651268075923,0.4174437023696183,0.002072810311140927
Logistic Regression,momentum,0.1,17,17111381082708264070,0.8177710843373494,0.8192771084337349,-0.001506024096385561,0.6871576384662204,0.6937850814904984,-0.00662744302427809,0.4375,0.4426229508196721,-0.005122950819672123,0.49528301886792453,0.5094339622641509,-0.014150943396226412,0.4646017699115044,0.47368421052631576,-0.009082440614811338,0.7659768715763846,0.7672026104010279,-0.0012257388246432743,0.41398774616347356,0.414586108975059,-0.0005983628115854289
Random Forest,momentum,0.1,17,17111381082708264070,0.8358433734939759,0.8365963855421686,-0.0007530120481927804,0.640596469872185,0.6448654223304253,-0.004268952458240327,0.4807692307692308,0.48427672955974843,-0.003507498790517649,0.35377358490566035,0.3632075471698113,-0.009433962264150941,0.4076086956521739,0.41509433962264153,-0.007485643970467637,0.7367789274362615,0.739247311827957,-0.0024683843916954995,0.41951651268075923,0.4220532815143972,-0.002536768833637959
Logistic Regression,momentum,0.1,18,12987227650052256413,0.8177710843373494,0.8185240963855421,-0.0007530120481927804,0.6871576384662204,0.689516129032258,-0.002358490566037652,0.4375,0.43983402489626555,-0.002334024896265552,0.49528301886792453,0.5,-0.004716981132075471,0.4646017699115044,0.46799116997792495,-0.0033894000664205226,0.7659768715763846,0.7650808142287145,0.0008960573476700651,0.41398774616347356,0.41385488173331886,0.00013286443015469995
Random Forest,momentum,0.1,18,12987227650052256413,0.8358433734939759,0.8328313253012049,0.0030120481927710108,0.640596469872185,0.6368938932846419,0.0037025765875431382,0.4807692307692308,0.46835443037974683,0.012414800389483949,0.35377358490566035,0.3490566037735849,0.004716981132075471,0.4076086956521739,0.4,0.007608695652173869,0.7367789274362615,0.7367324338946372,4.6493541624337276e-05,0.41951651268075923,0.4176244801608764,0.001892032519882847
Logistic Regression,momentum,0.1,19,11215999374188080547,0.8177710843373494,0.8200301204819277,-0.0022590361445783413,0.6871576384662204,0.6904121863799283,-0.003254547913707939,0.4375,0.4435146443514644,-0.0060146443514644266,0.49528301886792453,0.5,-0.004716981132075471,0.4646017699115044,0.4700665188470067,-0.0054647489355022505,0.7659768715763846,0.7662980996821532,-0.0003212281057686228,0.41398774616347356,0.41522007248400683,-0.0012323263205332724
Random Forest,momentum,0.1,19,11215999374188080547,0.8358433734939759,0.8313253012048193,0.004518072289156572,0.640596469872185,0.634087374044769,0.006509095827415989,0.4807692307692308,0.4620253164556962,0.01874391431353456,0.35377358490566035,0.3443396226415094,0.009433962264150941,0.4076086956521739,0.3945945945945946,0.013014101057579275,0.7367789274362615,0.7415212686819503,-0.004742341245688841,0.41951651268075923,0.4233494212902408,-0.0038329086094815445
Logistic Regression,momentum,0.1,20,8239546322188809193,0.8177710843373494,0.8192771084337349,-0.001506024096385561,0.6871576384662204,0.6918746195982959,-0.004716981132075526,0.4375,0.44214876033057854,-0.0046487603305785385,0.49528301886792453,0.5047169811320755,-0.009433962264150997,0.4646017699115044,0.4713656387665198,-0.006763868855015398,0.7659768715763846,0.7672575573138567,-0.001280685737472087,0.41398774616347356,0.41333248027036007,0.000655265893113488
Random Forest,momentum,0.1,20,8239546322188809193,0.8358433734939759,0.8350903614457831,0.0007530120481927804,0.640596469872185,0.6401484411983499,0.00044802867383508804,0.4807692307692308,0.47770700636942676,0.0030622243998040255,0.35377358490566035,0.35377358490566035,0.0,0.4076086956521739,0.4065040650406504,0.0011046306115234938,0.7367789274362615,0.7386344424156355,-0.0018555149793739734,0.41951651268075923,0.42158438426098044,-0.0020678715802212033
Logistic Regression,momentum,0.1,21,3661991141955895394,0.8177710843373494,0.8147590361445783,0.0030120481927710108,0.6871576384662204,0.6872759856630825,-0.00011834719686210082,0.4375,0.43089430894308944,0.0066056910569105565,0.49528301886792453,0.5,-0.004716981132075471,0.4646017699115044,0.462882096069869,0.0017196738416354052,0.7659768715763846,0.7663150064245621,-0.00033813484817746264,0.41398774616347356,0.41471187912700946,-0.0007241329635359062
Random Forest,momentum,0.1,21,3661991141955895394,0.8358433734939759,0.8358433734939759,0.0,0.640596469872185,0.6425069317643877,-0.001910461892202675,0.4807692307692308,0.4810126582278481,-0.00024342745861732906,0.35377358490566035,0.3584905660377358,-0.004716981132075471,0.4076086956521739,0.41081081081081083,-0.0032021151586369423,0.7367789274362615,0.7402152228308649,-0.003436295394603439,0.41951651268075923,0.4234982827411363,-0.003981770060377088
Logistic Regression,momentum,0.1,22,12691077839917403998,0.8177710843373494,0.8207831325301205,-0.003012048192771122,0.6871576384662204,0.6965916007303713,-0.009433962264150941,0.4375,0.44672131147540983,-0.009221311475409832,0.49528301886792453,0.5141509433962265,-0.018867924528301938,0.4646017699115044,0.4780701754385965,-0.013468405527092053,0.7659768715763846,0.7650047338878745,0.0009721376885101218,0.41398774616347356,0.4142145931442681,-0.00022684698079455945
Random Forest,momentum,0.1,22,12691077839917403998,0.8358433734939759,0.8373493975903614,-0.001506024096385561,0.640596469872185,0.6472239128964631,-0.00662744302427809,0.4807692307692308,0.4875,-0.006730769230769207,0.35377358490566035,0.36792452830188677,-0.014150943396226412,0.4076086956521739,0.41935483870967744,-0.011746143057503544,0.7367789274362615,0.7418720835869345,-0.005093156150672962,0.41951651268075923,0.4205307450085676,-0.0010142323278083398
Logistic Regression,momentum,0.1,23,10253341705635437674,0.8177710843373494,0.8215361445783133,-0.0037650602409639022,0.6871576384662204,0.6874873199431933,-0.0003296814769729872,0.4375,0.44635193133047213,-0.00885193133047213,0.49528301886792453,0.49056603773584906,0.004716981132075471,0.4646017699115044,0.46741573033707867,-0.0028139604255742467,0.7659768715763846,0.7649455602894434,0.0010313112869412278,0.41398774616347356,0.41298015567050106,0.0010075904929724988
Random Forest,momentum,0.1,23,10253341705635437674,0.8358433734939759,0.838855421686747,-0.003012048192771122,0.640596469872185,0.6462095083519308,-0.005613038479745813,0.4807692307692308,0.4935897435897436,-0.01282051282051283,0.35377358490566035,0.3632075471698113,-0.009433962264150941,0.4076086956521739,0.41847826086956524,-0.010869565217391353,0.7367789274362615,0.7374256103334009,-0.0006466828971394278,0.41951651268075923,0.41912398547821667,0.0003925272025425697
Logistic Regression,momentum,0.1,24,7336103260425944121,0.8177710843373494,0.8170180722891566,0.0007530120481927804,0.6871576384662204,0.6886200716845878,-0.001462433218367476,0.4375,0.43621399176954734,0.001286008230452662,0.49528301886792453,0.5,-0.004716981132075471,0.4646017699115044,0.46593406593406594,-0.0013322960225615188,0.7659768715763846,0.7663868600797998,-0.0004099885034152262,0.41398774616347356,0.41207887714674585,0.00190886901672771
Random Forest,momentum,0.1,24,7336103260425944121,0.8358433734939759,0.8358433734939759,0.0,0.640596469872185,0.640596469872185,0.0,0.4807692307692308,0.4807692307692308,0.0,0.35377358490566035,0.35377358490566035,0.0,0.4076086956521739,0.4076086956521739,0.0,0.7367789274362615,0.7397080205585989,-0.002929093122337356,0.41951651268075923,0.42265236211077706,-0.003135849430017823
Logistic Regression,momentum,0.1,25,6275059954814316517,0.8177710843373494,0.8200301204819277,-0.0022590361445783413,0.6871576384662204,0.692322648272131,-0.005165009805910614,0.4375,0.44398340248962653,-0.006483402489626533,0.49528301886792453,0.5047169811320755,-0.009433962264150997,0.4646017699115044,0.47240618101545256,-0.007804411103948139,0.7659768715763846,0.766526340704673,-0.000549469128288349,0.41398774616347356,0.41516064502442135,-0.0011728988609477908
Random Forest,momentum,0.1,25,6275059954814316517,0.8358433734939759,0.8381024096385542,-0.0022590361445783413,0.640596469872185,0.6457614796780956,-0.005165009805910614,0.4807692307692308,0.49044585987261147,-0.009676629103380685,0.35377358490566035,0.3632075471698113,-0.009433962264150941,0.4076086956521739,0.4173441734417344,-0.00973547778956052,0.7367789274362615,0.7376496246703186,-0.0008706972340570829,0.41951651268075923,0.42087650172950325,-0.0013599890487440147
Logistic Regression,momentum,0.1,26,7682180758142813527,0.8177710843373494,0.8185240963855421,-0.0007530120481927804,0.6871576384662204,0.689516129032258,-0.002358490566037652,0.4375,0.43983402489626555,-0.002334024896265552,0.49528301886792453,0.5,-0.004716981132075471,0.4646017699115044,0.46799116997792495,-0.0033894000664205226,0.7659768715763846,0.7655119361601406,0.0004649354162440389,0.41398774616347356,0.4113640366666168,0.002623709496856752
Random Forest,momentum,0.1,26,7682180758142813527,0.8358433734939759,0.8343373493975904,0.0015060240963854499,0.640596469872185,0.6416108744167174,-0.001014404544532388,0.4807692307692308,0.475,0.005769230769230804,0.35377358490566035,0.3584905660377358,-0.004716981132075471,0.4076086956521739,0.40860215053763443,-0.000993454885460543,0.7367789274362615,0.7382878541962535,-0.0015089267599920353,0.41951651268075923,0.42270531576657944,-0.003188803085820202
Logistic Regression,momentum,0.1,27,6651161423110457216,0.8177710843373494,0.8170180722891566,0.0007530120481927804,0.6871576384662204,0.6847991479001826,0.002358490566037763,0.4375,0.4351464435146444,0.0023535564853556235,0.49528301886792453,0.49056603773584906,0.004716981132075471,0.4646017699115044,0.4611973392461197,0.0034044306653847056,0.7659768715763846,0.7648863866910123,0.0010904848853723337,0.41398774616347356,0.41317185816637864,0.0008158879970949218
Random Forest,momentum,0.1,27,6651161423110457216,0.8358433734939759,0.8358433734939759,0.0,0.640596469872185,0.6444173936565902,-0.003820923784405239,0.4807692307692308,0.48125,-0.00048076923076922906,0.35377358490566035,0.3632075471698113,-0.009433962264150941,0.4076086956521739,0.41397849462365593,-0.0063697989714820435,0.7367789274362615,0.7332792317576249,0.0034996956786366162,0.41951651268075923,0.4173370993181549,0.0021794133626043544
Logistic Regression,momentum,0.1,28,5325672036250219717,0.8177710843373494,0.8177710843373494,0.0,0.6871576384662204,0.6890681003584229,-0.001910461892202564,0.4375,0.4380165289256198,-0.0005165289256198191,0.49528301886792453,0.5,-0.004716981132075471,0.4646017699115044,0.4669603524229075,-0.0023585825114030845,0.7659768715763846,0.7627350037194832,0.0032418678569013926,0.41398774616347356,0.4118316830767016,0.0021560630867719643
Random Forest,momentum,0.1,28,5325672036250219717,0.8358433734939759,0.8373493975903614,-0.001506024096385561,0.640596469872185,0.6472239128964631,-0.00662744302427809,0.4807692307692308,0.4875,-0.006730769230769207,0.35377358490566035,0.36792452830188677,-0.014150943396226412,0.4076086956521739,0.41935483870967744,-0.011746143057503544,0.7367789274362615,0.7327255359437344,0.0040533914925271475,0.41951651268075923,0.41873398082331326,0.0007825318574459783
Logistic Regression,momentum,0.1,29,10710465114143032596,0.8177710843373494,0.8185240963855421,-0.0007530120481927804,0.6871576384662204,0.6876056671400554,-0.00044802867383508804,0.4375,0.4393305439330544,-0.0018305439330543738,0.49528301886792453,0.49528301886792453,0.0,0.4646017699115044,0.4656319290465632,-0.0010301591350587724,0.7659768715763846,0.7680394941502672,-0.0020626225738825665,0.41398774616347356,0.41294264292925387,0.0010451032342196909
Random Forest,momentum,0.1,29,10710465114143032596,0.8358433734939759,0.8343373493975904,0.0015060240963854499,0.640596469872185,0.6416108744167174,-0.001014404544532388,0.4807692307692308,0.475,0.005769230769230804,0.35377358490566035,0.3584905660377358,-0.004716981132075471,0.4076086956521739,0.40860215053763443,-0.000993454885460543,0.7367789274362615,0.7365126462433219,0.0002662811929395881,0.41951651268075923,0.4182161889530155,0.0013003237277437463
Logistic Regression,momentum,0.2,0,2881124897118757320,0.8177710843373494,0.8125,0.005271084337349352,0.6871576384662204,0.6840214377493744,0.0031362007168459494,0.4375,0.4251012145748988,0.0123987854251012,0.49528301886792453,0.49528301886792453,0.0,0.4646017699115044,0.45751633986928103,0.007085430042223395,0.7659768715763846,0.7670419963481436,-0.0010651247717590184,0.41398774616347356,0.4130598738952291,0.0009278722682444784
Random Forest,momentum,0.2,0,2881124897118757320,0.8358433734939759,0.8381024096385542,-0.0022590361445783413,0.640596469872185,0.643851017785893,-0.00325454791370805,0.4807692307692308,0.49032258064516127,-0.009553349875930484,0.35377358490566035,0.3584905660377358,-0.004716981132075471,0.4076086956521739,0.4141689373297003,-0.0065602416775263905,0.7367789274362615,0.7420073375262055,-0.005228410089944013,0.41951651268075923,0.42566342990977324,-0.006146917229014004
Logistic Regression,momentum,0.2,1,391069726420143119,0.8177710843373494,0.8177710843373494,0.0,0.6871576384662204,0.6947994860350308,-0.007641847568810478,0.4375,0.43951612903225806,-0.0020161290322580627,0.49528301886792453,0.5141509433962265,-0.018867924528301938,0.4646017699115044,0.47391304347826085,-0.009311273566756428,0.7659768715763846,0.7581532765266787,0.007823595049705867,0.41398774616347356,0.40738812278371594,0.006599623379757613
Random Forest,momentum,0.2,1,391069726420143119,0.8358433734939759,0.8358433734939759,0.0,0.640596469872185,0.6444173936565902,-0.003820923784405239,0.4807692307692308,0.48125,-0.00048076923076922906,0.35377358490566035,0.3632075471698113,-0.009433962264150941,0.4076086956521739,0.41397849462365593,-0.0063697989714820435,0.7367789274362615,0.740604077906269,-0.0038251504700075323,0.41951651268075923,0.4182455249464397,0.0012709877343195508
Logistic Regression,momentum,0.2,2,1578114656009743049,0.8177710843373494,0.8170180722891566,0.0007530120481927804,0.6871576384662204,0.6867096097923852,0.00044802867383519906,0.4375,0.43568464730290457,0.0018153526970954292,0.49528301886792453,0.49528301886792453,0.0,0.4646017699115044,0.46357615894039733,0.0010256109711070938,0.7659768715763846,0.7681578413471293,-0.0021809697707446674,0.41398774616347356,0.4175009049060732,-0.0035131587425996647
Random Forest,momentum,0.2,2,1578114656009743049,0.8358433734939759,0.8343373493975904,0.0015060240963854499,0.640596469872185,0.6454317982011226,-0.004835328328937627,0.4807692307692308,0.47560975609756095,0.005159474671669828,0.35377358490566035,0.36792452830188677,-0.014150943396226412,0.4076086956521739,0.4148936170212766,-0.007284921369102693,0.7367789274362615,0.7414156015418949,-0.004636674105633398,0.41951651268075923,0.41710763303932563,0.0024088796414336033
Logistic Regression,momentum,0.2,3,12061831170003059936,0.8177710843373494,0.8185240963855421,-0.0007530120481927804,0.6871576384662204,0.6876056671400554,-0.00044802867383508804,0.4375,0.4393305439330544,-0.0018305439330543738,0.49528301886792453,0.49528301886792453,0.0,0.4646017699115044,0.4656319290465632,-0.0010301591350587724,0.7659768715763846,0.7653006018800297,0.0006762696963549253,0.41398774616347356,0.41215105593948737,0.0018366902239861926
Random Forest,momentum,0.2,3,12061831170003059936,0.8358433734939759,0.8365963855421686,-0.0007530120481927804,0.640596469872185,0.646775884222628,-0.006179414350443002,0.4807692307692308,0.484472049689441,-0.003702818920210238,0.35377358490566035,0.36792452830188677,-0.014150943396226412,0.4076086956521739,0.41823056300268097,-0.010621867350507075,0.7367789274362615,0.7358490566037736,0.0009298708324878557,0.41951651268075923,0.41420517950459,0.0053113331761692195
Logistic Regression,momentum,0.2,4,4449116527279893539,0.8177710843373494,0.8192771084337349,-0.001506024096385561,0.6871576384662204,0.6880536958138905,-0.0008960573476701761,0.4375,0.4411764705882353,-0.003676470588235281,0.49528301886792453,0.49528301886792453,0.0,0.4646017699115044,0.4666666666666667,-0.002064896755162249,0.7659768715763846,0.7593494285521065,0.00662744302427809,0.41398774616347356,0.41347038105474276,0.000517365108730794
Random Forest,momentum,0.2,4,4449116527279893539,0.8358433734939759,0.838855421686747,-0.003012048192771122,0.640596469872185,0.6481199702441334,-0.007523500371948377,0.4807692307692308,0.4936708860759494,-0.012901655306718607,0.35377358490566035,0.36792452830188677,-0.014150943396226412,0.4076086956521739,0.42162162162162165,-0.014012925969447754,0.7367789274362615,0.7393952458240347,-0.002616318387773209,0.41951651268075923,0.423639649638189,-0.004123136957429774
Logistic Regression,momentum,0.2,5,14257775113548650264,0.8177710843373494,0.8170180722891566,0.0007530120481927804,0.6871576384662204,0.6809782241157774,0.006179414350443002,0.4375,0.4340425531914894,0.0034574468085106225,0.49528301886792453,0.4811320754716981,0.014150943396226412,0.4646017699115044,0.4563758389261745,0.008225930985329921,0.7659768715763846,0.7708713735037532,-0.004894501927368622,0.41398774616347356,0.41449557920119684,-0.000507833037723282
Random Forest,momentum,0.2,5,14257775113548650264,0.8358433734939759,0.8343373493975904,0.0015060240963854499,0.640596469872185,0.6435213363089201,-0.002924866436735063,0.4807692307692308,0.47530864197530864,0.005460588793922139,0.35377358490566035,0.3632075471698113,-0.009433962264150941,0.4076086956521739,0.4117647058823529,-0.00415601023017903,0.7367789274362615,0.7357856563197404,0.0009932711165211439,0.41951651268075923,0.41839799528598803,0.0011185173947712013
Logistic Regression,momentum,0.2,6,11683594117288682255,0.8177710843373494,0.8132530120481928,0.004518072289156572,0.6871576384662204,0.6844694664232096,0.0026881720430107503,0.4375,0.4268292682926829,0.010670731707317083,0.49528301886792453,0.49528301886792453,0.0,0.4646017699115044,0.4585152838427948,0.006086486068709651,0.7659768715763846,0.7643157841347129,0.0016610874416717047,0.41398774616347356,0.41013443324874277,0.0038533129147307887
Random Forest,momentum,0.2,6,11683594117288682255,0.8358433734939759,0.8365963855421686,-0.0007530120481927804,0.640596469872185,0.6429549604382228,-0.002358490566037763,0.4807692307692308,0.4840764331210191,-0.0033072023517883298,0.35377358490566035,0.3584905660377358,-0.004716981132075471,0.4076086956521739,0.41192411924119243,-0.004315423589018541,0.7367789274362615,0.7406252113342802,-0.0038462838980186653,0.41951651268075923,0.42680431957421006,-0.007287806893450821
Logistic Regression,momentum,0.2,7,10377143288874420272,0.8177710843373494,0.8117469879518072,0.0060240963855421326,0.6871576384662204,0.6759315615067288,0.011226076959491516,0.4375,0.42083333333333334,0.016666666666666663,0.49528301886792453,0.47641509433962265,0.018867924528301883,0.4646017699115044,0.4469026548672566,0.017699115044247815,0.7659768715763846,0.7671392101169947,-0.0011623385406100972,0.41398774616347356,0.4179501602858811,-0.003962414122407554
Random Forest,momentum,0.2,7,10377143288874420272,0.8358433734939759,0.8373493975903614,-0.001506024096385561,0.640596469872185,0.6434029891120578,-0.002806519239872851,0.4807692307692308,0.48717948717948717,-0.0064102564102563875,0.35377358490566035,0.3584905660377358,-0.004716981132075471,0.4076086956521739,0.41304347826086957,-0.005434782608695676,0.7367789274362615,0.7311532088997093,0.005625718536552249,0.41951651268075923,0.418189031217478,0.0013274814632812104
Logistic Regression,momentum,0.2,8,11793769950644583951,0.8177710843373494,0.8147590361445783,0.0030120481927710108,0.6871576384662204,0.6834550618786772,0.0037025765875431382,0.4375,0.4297520661157025,0.007747933884297509,0.49528301886792453,0.49056603773584906,0.004716981132075471,0.4646017699115044,0.4581497797356828,0.006451990175821598,0.7659768715763846,0.7634915804422804,0.0024852911341042283,0.41398774616347356,0.4127450977596151,0.0012426484038584595
Random Forest,momentum,0.2,8,11793769950644583951,0.8358433734939759,0.8373493975903614,-0.001506024096385561,0.640596469872185,0.6453134510042604,-0.004716981132075415,0.4807692307692308,0.4873417721518987,-0.00657254138266794,0.35377358490566035,0.3632075471698113,-0.009433962264150941,0.4076086956521739,0.41621621621621624,-0.008607520564042348,0.7367789274362615,0.7364492459592885,0.0003296814769729872,0.41951651268075923,0.4184155330003134,0.0011009796804458127
Logistic Regression,momentum,0.2,9,17115765704966483167,0.8177710843373494,0.8140060240963856,0.003765060240963791,0.6871576384662204,0.6887384188814499,-0.0015807804152295768,0.4375,0.42971887550200805,0.007781124497991954,0.49528301886792453,0.5047169811320755,-0.009433962264150997,0.4646017699115044,0.4642082429501085,0.00039352696139594023,0.7659768715763846,0.7606639277743964,0.0053129438019882125,0.41398774616347356,0.40744189056189806,0.006545855601575501
Random Forest,momentum,0.2,9,17115765704966483167,0.8358433734939759,0.8335843373493976,0.0022590361445782303,0.640596469872185,0.6392523838506796,0.0013440860215053752,0.4807692307692308,0.4716981132075472,0.009071117561683606,0.35377358490566035,0.35377358490566035,0.0,0.4076086956521739,0.40431266846361186,0.003296027188562034,0.7367789274362615,0.7363647122472442,0.00041421518901729737,0.41951651268075923,0.4236031847726068,-0.004086672091847543
Logistic Regression,momentum,0.2,10,12179596796322663187,0.8177710843373494,0.8117469879518072,0.0060240963855421326,0.6871576384662204,0.6778420233989315,0.00931561506728884,0.4375,0.4214876033057851,0.016012396694214892,0.49528301886792453,0.4811320754716981,0.014150943396226412,0.4646017699115044,0.44933920704845814,0.01526256286304628,0.7659768715763846,0.7617501859741665,0.004226685602218061,0.41398774616347356,0.41377756560793166,0.00021018055554189452
Random Forest,momentum,0.2,10,12179596796322663187,0.8358433734939759,0.8343373493975904,0.0015060240963854499,0.640596469872185,0.6454317982011226,-0.004835328328937627,0.4807692307692308,0.47560975609756095,0.005159474671669828,0.35377358490566035,0.36792452830188677,-0.014150943396226412,0.4076086956521739,0.4148936170212766,-0.007284921369102693,0.7367789274362615,0.741610029079597,-0.004831101643335556,0.41951651268075923,0.42277805760561604,-0.0032615449248568074
Logistic Regression,momentum,0.2,11,14907763124796832955,0.8177710843373494,0.8102409638554217,0.0075301204819276935,0.6871576384662204,0.6845878136200717,0.0025698248461486495,0.4375,0.42063492063492064,0.01686507936507936,0.49528301886792453,0.5,-0.004716981132075471,0.4646017699115044,0.45689655172413796,0.007705218187366469,0.7659768715763846,0.7641678501386353,0.001809021437749303,0.41398774616347356,0.41182922123005705,0.0021585249334165058
Random Forest,momentum,0.2,11,14907763124796832955,0.8358433734939759,0.8328313253012049,0.0030120481927710108,0.640596469872185,0.6388043551768445,0.0017921146953404632,0.4807692307692308,0.46875,0.012019230769230782,0.35377358490566035,0.35377358490566035,0.0,0.4076086956521739,0.4032258064516129,0.004382889200561013,0.7367789274362615,0.7341752891052952,0.002603638330966329,0.41951651268075923,0.4123144882869962,0.007202024393763051
Logistic Regression,momentum,0.2,12,2613061574740943840,0.8177710843373494,0.8170180722891566,0.0007530120481927804,0.6871576384662204,0.6847991479001826,0.002358490566037763,0.4375,0.4351464435146444,0.0023535564853556235,0.49528301886792453,0.49056603773584906,0.004716981132075471,0.4646017699115044,0.4611973392461197,0.0034044306653847056,0.7659768715763846,0.7653006018800298,0.0006762696963548143,0.41398774616347356,0.4101911668086061,0.0037965793548674354
Random Forest,momentum,0.2,12,2613061574740943840,0.8358433734939759,0.8320783132530121,0.003765060240963791,0.640596469872185,0.6383563265030094,0.0022401433691755512,0.4807692307692308,0.4658385093167702,0.014930721452460605,0.35377358490566035,0.35377358490566035,0.0,0.4076086956521739,0.40214477211796246,0.0054639235342114345,0.7367789274362615,0.7410732400081153,-0.004294312571853753,0.41951651268075923,0.4169639940839651,0.0025525185967941177
Logistic Regression,momentum,0.2,13,11219974951892766906,0.8177710843373494,0.8079819277108434,0.009789156626505924,0.6871576384662204,0.6756018800297559,0.011555758436464503,0.4375,0.41295546558704455,0.024544534412955454,0.49528301886792453,0.4811320754716981,0.014150943396226412,0.4646017699115044,0.4444444444444444,0.020157325467060005,0.7659768715763846,0.7642819706498951,0.0016949009264894954,0.41398774616347356,0.41006037038135196,0.0039273757821216004
Random Forest,momentum,0.2,13,11219974951892766906,0.8358433734939759,0.8343373493975904,0.0015060240963854499,0.640596469872185,0.6377899506323121,0.002806519239872851,0.4807692307692308,0.47435897435897434,0.006410256410256443,0.35377358490566035,0.3490566037735849,0.004716981132075471,0.4076086956521739,0.40217391304347827,0.005434782608695621,0.7367789274362615,0.7371381957124501,-0.0003592682761885957,0.41951651268075923,0.41476019220179267,0.004756320478966569
Logistic Regression,momentum,0.2,14,8801670569307350076,0.8177710843373494,0.8170180722891566,0.0007530120481927804,0.6871576384662204,0.6886200716845878,-0.001462433218367476,0.4375,0.43621399176954734,0.001286008230452662,0.49528301886792453,0.5,-0.004716981132075471,0.4646017699115044,0.46593406593406594,-0.0013322960225615188,0.7659768715763846,0.7627984040035166,0.0031784675728679934,0.41398774616347356,0.412719789761988,0.0012679564014855815
Random Forest,momentum,0.2,14,8801670569307350076,0.8358433734939759,0.8343373493975904,0.0015060240963854499,0.640596469872185,0.6454317982011226,-0.004835328328937627,0.4807692307692308,0.47560975609756095,0.005159474671669828,0.35377358490566035,0.36792452830188677,-0.014150943396226412,0.4076086956521739,0.4148936170212766,-0.007284921369102693,0.7367789274362615,0.741398694799486,-0.004619767363224447,0.41951651268075923,0.4178548406305619,0.0016616720501973492
Logistic Regression,momentum,0.2,15,5903220265067738694,0.8177710843373494,0.8155120481927711,0.0022590361445782303,0.6871576384662204,0.6877240143369175,-0.0005663758706971889,0.4375,0.4326530612244898,0.004846938775510179,0.49528301886792453,0.5,-0.004716981132075471,0.4646017699115044,0.4638949671772429,0.0007068027342615468,0.7659768715763846,0.7645144383580172,0.001462433218367365,0.41398774616347356,0.41341801010517143,0.0005697360583021283
Random Forest,momentum,0.2,15,5903220265067738694,0.8358433734939759,0.8343373493975904,0.0015060240963854499,0.640596469872185,0.6377899506323121,0.002806519239872851,0.4807692307692308,0.47435897435897434,0.006410256410256443,0.35377358490566035,0.3490566037735849,0.004716981132075471,0.4076086956521739,0.40217391304347827,0.005434782608695621,0.7367789274362615,0.736766247379455,1.2680056806546602e-05,0.41951651268075923,0.42312113515484806,-0.0036046224740888255
Logistic Regression,momentum,0.2,16,17801129047969694404,0.8177710843373494,0.8155120481927711,0.0022590361445782303,0.6871576384662204,0.685813552444715,0.0013440860215053752,0.4375,0.43209876543209874,0.0054012345679012586,0.49528301886792453,0.49528301886792453,0.0,0.4646017699115044,0.46153846153846156,0.003063308373042861,0.7659768715763846,0.7693497666869547,-0.00337289511057004,0.41398774616347356,0.41288222641118066,0.001105519752292894
Random Forest,momentum,0.2,16,17801129047969694404,0.8358433734939759,0.8335843373493976,0.0022590361445782303,0.640596469872185,0.6449837695272874,-0.004387299655102428,0.4807692307692308,0.4727272727272727,0.008041958041958064,0.35377358490566035,0.36792452830188677,-0.014150943396226412,0.4076086956521739,0.41379310344827586,-0.006184407796101965,0.7367789274362615,0.7420073375262055,-0.005228410089944013,0.41951651268075923,0.4211106060346715,-0.0015940933539122515
Logistic Regression,momentum,0.2,17,15911886665065780631,0.8177710843373494,0.8125,0.005271084337349352,0.6871576384662204,0.6897528234259822,-0.0025951849597618537,0.4375,0.4268774703557312,0.010622529644268797,0.49528301886792453,0.5094339622641509,-0.014150943396226412,0.4646017699115044,0.4645161290322581,8.564087924634034e-05,0.7659768715763846,0.7672406505714477,-0.0012637789950631362,0.41398774616347356,0.4147585975192959,-0.0007708513558223329
Random Forest,momentum,0.2,17,15911886665065780631,0.8358433734939759,0.8358433734939759,0.0,0.640596469872185,0.6425069317643877,-0.001910461892202675,0.4807692307692308,0.4810126582278481,-0.00024342745861732906,0.35377358490566035,0.3584905660377358,-0.004716981132075471,0.4076086956521739,0.41081081081081083,-0.0032021151586369423,0.7367789274362615,0.7377426117535673,-0.0009636843173057574,0.41951651268075923,0.4204090407324156,-0.0008925280516563494
Logistic Regression,momentum,0.2,18,15175500685361722155,0.8177710843373494,0.8132530120481928,0.004518072289156572,0.6871576384662204,0.6844694664232096,0.0026881720430107503,0.4375,0.4268292682926829,0.010670731707317083,0.49528301886792453,0.49528301886792453,0.0,0.4646017699115044,0.4585152838427948,0.006086486068709651,0.7659768715763846,0.763060458510854,0.0029164130655305875,0.41398774616347356,0.4120213889717757,0.001966357191697854
Random Forest,momentum,0.2,18,15175500685361722155,0.8358433734939759,0.8365963855421686,-0.0007530120481927804,0.640596469872185,0.6429549604382228,-0.002358490566037763,0.4807692307692308,0.4840764331210191,-0.0033072023517883298,0.35377358490566035,0.3584905660377358,-0.004716981132075471,0.4076086956521739,0.41192411924119243,-0.004315423589018541,0.7367789274362615,0.7392388584567525,-0.002459931020491024,0.41951651268075923,0.4177973885449039,0.0017191241358553433
Logistic Regression,momentum,0.2,19,801712155258748452,0.8177710843373494,0.8147590361445783,0.0030120481927710108,0.6871576384662204,0.6891864475552851,-0.002028809089064776,0.4375,0.4314516129032258,0.006048387096774188,0.49528301886792453,0.5047169811320755,-0.009433962264150997,0.4646017699115044,0.4652173913043478,-0.0006156213928433796,0.7659768715763846,0.7656640968418207,0.00031277473456392535,0.41398774616347356,0.4146685207377043,-0.0006807745742307691
Random Forest,momentum,0.2,19,801712155258748452,0.8358433734939759,0.8313253012048193,0.004518072289156572,0.640596469872185,0.6359978359369717,0.004598633935213314,0.4807692307692308,0.4625,0.01826923076923076,0.35377358490566035,0.3490566037735849,0.004716981132075471,0.4076086956521739,0.3978494623655914,0.009759233286582514,0.7367789274362615,0.744048826672077,-0.007269899235815447,0.41951651268075923,0.4243086278144058,-0.0047921151336465795
Logistic Regression,momentum,0.2,20,2609467260777642595,0.8177710843373494,0.8117469879518072,0.0060240963855421326,0.6871576384662204,0.6835734090755393,0.0035842293906810374,0.4375,0.42338709677419356,0.014112903225806439,0.49528301886792453,0.49528301886792453,0.0,0.4646017699115044,0.45652173913043476,0.00808003078106967,0.7659768715763846,0.767164570230608,-0.0011876986542234125,0.41398774616347356,0.41221310155807467,0.0017746446053988896
Random Forest,momentum,0.2,20,2609467260777642595,0.8358433734939759,0.8350903614457831,0.0007530120481927804,0.640596469872185,0.6401484411983499,0.00044802867383508804,0.4807692307692308,0.47770700636942676,0.0030622243998040255,0.35377358490566035,0.35377358490566035,0.0,0.4076086956521739,0.4065040650406504,0.0011046306115234938,0.7367789274362615,0.7379623994048827,-0.0011834719686212303,0.41951651268075923,0.4206535663082681,-0.0011370536275088772
Logistic Regression,momentum,0.2,21,2095648246673470509,0.8177710843373494,0.8117469879518072,0.0060240963855421326,0.6871576384662204,0.685483870967742,0.0016737674984783624,0.4375,0.424,0.013500000000000012,0.49528301886792453,0.5,-0.004716981132075471,0.4646017699115044,0.4588744588744589,0.005727311037045546,0.7659768715763846,0.7655626563873672,0.0004142151890174084,0.41398774616347356,0.4135778884028983,0.0004098577605752829
Random Forest,momentum,0.2,21,2095648246673470509,0.8358433734939759,0.8358433734939759,0.0,0.640596469872185,0.6444173936565902,-0.003820923784405239,0.4807692307692308,0.48125,-0.00048076923076922906,0.35377358490566035,0.3632075471698113,-0.009433962264150941,0.4076086956521739,0.41397849462365593,-0.0063697989714820435,0.7367789274362615,0.7434063704605397,-0.006627443024278201,0.41951651268075923,0.42512073377387677,-0.005604221093117534
Logistic Regression,momentum,0.2,22,3876106536786923864,0.8177710843373494,0.8162650602409639,0.0015060240963854499,0.6871576384662204,0.6919929667951579,-0.004835328328937516,0.4375,0.43548387096774194,0.0020161290322580627,0.49528301886792453,0.5094339622641509,-0.014150943396226412,0.4646017699115044,0.46956521739130436,-0.004963447479799932,0.7659768715763846,0.7630012849124231,0.0029755866639614714,0.41398774616347356,0.4128382849080468,0.0011494612554267536
Random Forest,momentum,0.2,22,3876106536786923864,0.8358433734939759,0.8350903614457831,0.0007530120481927804,0.640596469872185,0.6458798268749577,-0.005283357002772715,0.4807692307692308,0.4785276073619632,0.002241623407267579,0.35377358490566035,0.36792452830188677,-0.014150943396226412,0.4076086956521739,0.416,-0.00839130434782609,0.7367789274362615,0.7398813146682898,-0.0031023872320282697,0.41951651268075923,0.4230796771317965,-0.0035631644510372706
Logistic Regression,momentum,0.2,23,8573761866112214598,0.8177710843373494,0.8215361445783133,-0.0037650602409639022,0.6871576384662204,0.6893977818353959,-0.0022401433691755512,0.4375,0.44680851063829785,-0.009308510638297851,0.49528301886792453,0.49528301886792453,0.0,0.4646017699115044,0.4697986577181208,-0.005196887806616368,0.7659768715763846,0.7635634340975181,0.0024134374788664648,0.41398774616347356,0.41278171543596287,0.0012060307275106874
Random Forest,momentum,0.2,23,8573761866112214598,0.8358433734939759,0.8358433734939759,0.0,0.640596469872185,0.640596469872185,0.0,0.4807692307692308,0.4807692307692308,0.0,0.35377358490566035,0.35377358490566035,0.0,0.4076086956521739,0.4076086956521739,0.0,0.7367789274362615,0.7361237911679178,0.0006551362683436812,0.41951651268075923,0.41897892999229974,0.0005375826884594925
Logistic Regression,momentum,0.2,24,15910347098580353625,0.8177710843373494,0.8140060240963856,0.003765060240963791,0.6871576384662204,0.6868279569892473,0.00032968147697309824,0.4375,0.4291497975708502,0.0083502024291498,0.49528301886792453,0.5,-0.004716981132075471,0.4646017699115044,0.46187363834422657,0.0027281315672778583,0.7659768715763846,0.7656556434706161,0.0003212281057685118,0.41398774616347356,0.4097725278615916,0.004215218301881984
Random Forest,momentum,0.2,24,15910347098580353625,0.8358433734939759,0.8343373493975904,0.0015060240963854499,0.640596469872185,0.6377899506323121,0.002806519239872851,0.4807692307692308,0.47435897435897434,0.006410256410256443,0.35377358490566035,0.3490566037735849,0.004716981132075471,0.4076086956521739,0.40217391304347827,0.005434782608695621,0.7367789274362615,0.7384569216203422,-0.0016779941840806556,0.41951651268075923,0.4194237527211545,9.275995960472683e-05
Logistic Regression,momentum,0.2,25,9882472032570206851,0.8177710843373494,0.8155120481927711,0.0022590361445782303,0.6871576384662204,0.685813552444715,0.0013440860215053752,0.4375,0.43209876543209874,0.0054012345679012586,0.49528301886792453,0.49528301886792453,0.0,0.4646017699115044,0.46153846153846156,0.003063308373042861,0.7659768715763846,0.7662811929397442,-0.00030432136335956095,0.41398774616347356,0.4142132312962492,-0.00022548513277564908
Random Forest,momentum,0.2,25,9882472032570206851,0.8358433734939759,0.8381024096385542,-0.0022590361445783413,0.640596469872185,0.6457614796780956,-0.005165009805910614,0.4807692307692308,0.49044585987261147,-0.009676629103380685,0.35377358490566035,0.3632075471698113,-0.009433962264150941,0.4076086956521739,0.4173441734417344,-0.00973547778956052,0.7367789274362615,0.7399235815243119,-0.003144654088050425,0.41951651268075923,0.42295041896139374,-0.003433906280634502
Logistic Regression,momentum,0.2,26,4079699315968299360,0.8177710843373494,0.8125,0.005271084337349352,0.6871576384662204,0.6821109758571718,0.005046662609048513,0.4375,0.42448979591836733,0.01301020408163267,0.49528301886792453,0.49056603773584906,0.004716981132075471,0.4646017699115044,0.4551422319474836,0.009459537964020825,0.7659768715763846,0.7638254886048557,0.002151382971528948,0.41398774616347356,0.4074986377393589,0.0064891084241146535
Random Forest,momentum,0.2,26,4079699315968299360,0.8358433734939759,0.8343373493975904,0.0015060240963854499,0.640596469872185,0.6454317982011226,-0.004835328328937627,0.4807692307692308,0.47560975609756095,0.005159474671669828,0.35377358490566035,0.36792452830188677,-0.014150943396226412,0.4076086956521739,0.4148936170212766,-0.007284921369102693,0.7367789274362615,0.7360772976262934,0.0007016298099681295,0.41951651268075923,0.42208287937801686,-0.002566366697257627
Logistic Regression,momentum,0.2,27,7198675570347777498,0.8177710843373494,0.8132530120481928,0.004518072289156572,0.6871576384662204,0.6787380807466017,0.008419557719618664,0.4375,0.425,0.012500000000000011,0.49528301886792453,0.4811320754716981,0.014150943396226412,0.4646017699115044,0.45132743362831856,0.013274336283185861,0.7659768715763846,0.7628956177723677,0.0030812538040169146,0.41398774616347356,0.41069768109144533,0.0032900650720282254
Random Forest,momentum,0.2,27,7198675570347777498,0.8358433734939759,0.8381024096385542,-0.0022590361445783413,0.640596469872185,0.6476719415702982,-0.007075471698113178,0.4807692307692308,0.49056603773584906,-0.009796806966618277,0.35377358490566035,0.36792452830188677,-0.014150943396226412,0.4076086956521739,0.42048517520215634,-0.012876479549982445,0.7367789274362615,0.7319097856225062,0.004869141813755307,0.41951651268075923,0.4141215221489168,0.005394990531842447
Logistic Regression,momentum,0.2,28,3148294931125273371,0.8177710843373494,0.8109939759036144,0.006777108433734913,0.6871576384662204,0.6831253804017042,0.0040322580645161255,0.4375,0.42168674698795183,0.015813253012048167,0.49528301886792453,0.49528301886792453,0.0,0.4646017699115044,0.455531453362256,0.009070316549248447,0.7659768715763846,0.7582547169811322,0.007722154595252384,0.41398774616347356,0.40994400235569706,0.004043743807776501
Random Forest,momentum,0.2,28,3148294931125273371,0.8358433734939759,0.8343373493975904,0.0015060240963854499,0.640596469872185,0.6416108744167174,-0.001014404544532388,0.4807692307692308,0.475,0.005769230769230804,0.35377358490566035,0.3584905660377358,-0.004716981132075471,0.4076086956521739,0.40860215053763443,-0.000993454885460543,0.7367789274362615,0.7303374585784811,0.006441468857780408,0.41951651268075923,0.4201737601740229,-0.0006572474932636796
Logistic Regression,momentum,0.2,29,1382578998756873495,0.8177710843373494,0.8155120481927711,0.0022590361445782303,0.6871576384662204,0.685813552444715,0.0013440860215053752,0.4375,0.43209876543209874,0.0054012345679012586,0.49528301886792453,0.49528301886792453,0.0,0.4646017699115044,0.46153846153846156,0.003063308373042861,0.7659768715763846,0.769159565834855,-0.0031826942584703977,0.41398774616347356,0.4121649784266765,0.0018227677367970707
Random Forest,momentum,0.2,29,1382578998756873495,0.8358433734939759,0.8358433734939759,0.0,0.640596469872185,0.6444173936565902,-0.003820923784405239,0.4807692307692308,0.48125,-0.00048076923076922906,0.35377358490566035,0.3632075471698113,-0.009433962264150941,0.4076086956521739,0.41397849462365593,-0.0063697989714820435,0.7367789274362615,0.7387232028132819,-0.0019442753770203547,0.41951651268075923,0.42186688131941974,-0.002350368638660505
Logistic Regression,momentum,0.5,0,14696289575915503538,0.8177710843373494,0.8004518072289156,0.017319277108433728,0.6871576384662204,0.678763440860215,0.00839419760600535,0.4375,0.4,0.03749999999999998,0.49528301886792453,0.5,-0.004716981132075471,0.4646017699115044,0.4444444444444444,0.020157325467060005,0.7659768715763846,0.7626377899506324,0.0033390816257522493,0.41398774616347356,0.40912502733403006,0.004862718829443502
Random Forest,momentum,0.5,0,14696289575915503538,0.8358433734939759,0.8411144578313253,-0.005271084337349463,0.640596469872185,0.6609268276188545,-0.02033035774666947,0.4807692307692308,0.5029940119760479,-0.02222478120681709,0.35377358490566035,0.39622641509433965,-0.04245283018867929,0.4076086956521739,0.44327176781002636,-0.03566307215785247,0.7367789274362615,0.7483811794143505,-0.011602251978088951,0.41951651268075923,0.421059596493248,-0.0015430838124887436
Logistic Regression,momentum,0.5,1,2388863330417092974,0.8177710843373494,0.7944277108433735,0.02334337349397586,0.6871576384662204,0.6732687495773314,0.01388888888888895,0.4375,0.3874538745387454,0.05004612546125459,0.49528301886792453,0.49528301886792453,0.0,0.4646017699115044,0.43478260869565216,0.029819161215852263,0.7659768715763846,0.7420707378102388,0.02390613376614581,0.41398774616347356,0.3949521538902434,0.01903559227323015
Random Forest,momentum,0.5,1,2388863330417092974,0.8358433734939759,0.8320783132530121,0.003765060240963791,0.640596469872185,0.6440877121796172,-0.003491242307432252,0.4807692307692308,0.46706586826347307,0.01370336250575771,0.35377358490566035,0.36792452830188677,-0.014150943396226412,0.4076086956521739,0.41160949868073876,-0.00400080302856487,0.7367789274362615,0.7454267261784,-0.008647798742138502,0.41951651268075923,0.41602702898398897,0.003489483696770268
Logistic Regression,momentum,0.5,2,13598663328337100674,0.8177710843373494,0.8102409638554217,0.0075301204819276935,0.6871576384662204,0.6922296611888821,-0.005072022722661718,0.4375,0.4230769230769231,0.014423076923076927,0.49528301886792453,0.5188679245283019,-0.023584905660377353,0.4646017699115044,0.4661016949152542,-0.0014999250037497913,0.7659768715763846,0.7632633394197607,0.0027135321566239545,0.41398774616347356,0.41219520258237646,0.0017925435810970947
Random Forest,momentum,0.5,2,13598663328337100674,0.8358433734939759,0.8328313253012049,0.0030120481927710108,0.640596469872185,0.6502671265300602,-0.009670656657875254,0.4807692307692308,0.47093023255813954,0.009838998211091243,0.35377358490566035,0.38207547169811323,-0.02830188679245288,0.4076086956521739,0.421875,-0.014266304347826109,0.7367789274362615,0.7344542503550415,0.0023246770812199724,0.41951651268075923,0.41110621916429535,0.008410293516463885
Logistic Regression,momentum,0.5,3,2293186766602034671,0.8177710843373494,0.8094879518072289,0.008283132530120474,0.6871576384662204,0.6879607087306419,-0.0008030702644215015,0.4375,0.42023346303501946,0.01726653696498054,0.49528301886792453,0.5094339622641509,-0.014150943396226412,0.4646017699115044,0.4605543710021322,0.004047398909372224,0.7659768715763846,0.757303712720633,0.008673158855751595,0.41398774616347356,0.40491013246474344,0.009077613698730114
Random Forest,momentum,0.5,3,2293186766602034671,0.8358433734939759,0.8381024096385542,-0.0022590361445783413,0.640596469872185,0.6534033272469061,-0.012806857374721092,0.4807692307692308,0.4909090909090909,-0.010139860139860124,0.35377358490566035,0.38207547169811323,-0.02830188679245288,0.4076086956521739,0.4297082228116711,-0.0220995271594972,0.7367789274362615,0.7303543653208899,0.006424562115371568,0.41951651268075923,0.4090544682482224,0.010462044432536843
Logistic Regression,momentum,0.5,4,2984616389537708584,0.8177710843373494,0.8042168674698795,0.013554216867469826,0.6871576384662204,0.6790931223371881,0.008064516129032251,0.4375,0.4069767441860465,0.030523255813953487,0.49528301886792453,0.49528301886792453,0.0,0.4646017699115044,0.44680851063829785,0.017793259273206574,0.7659768715763846,0.7455577534320686,0.020419118144315962,0.41398774616347356,0.40732852036901035,0.006659225794463208
Random Forest,momentum,0.5,4,2984616389537708584,0.8358433734939759,0.8365963855421686,-0.0007530120481927804,0.640596469872185,0.6486863461148306,-0.008089876242645566,0.4807692307692308,0.48466257668711654,-0.00389334591788576,0.35377358490566035,0.37264150943396224,-0.018867924528301883,0.4076086956521739,0.42133333333333334,-0.013724637681159446,0.7367789274362615,0.7341879691621018,0.0025909582741596715,0.41951651268075923,0.4126771860799258,0.0068393266008334175
Logistic Regression,momentum,0.5,5,17710692037019544227,0.8177710843373494,0.8019578313253012,0.015813253012048167,0.6871576384662204,0.6720176506390749,0.015139987827145429,0.4375,0.4,0.03749999999999998,0.49528301886792453,0.4811320754716981,0.014150943396226412,0.4646017699115044,0.43683083511777304,0.027770934793731383,0.7659768715763846,0.7706177723676202,-0.00464090079123558,0.41398774616347356,0.4060221238621548,0.007965622301318753
Random Forest,momentum,0.5,5,17710692037019544227,0.8358433734939759,0.8305722891566265,0.005271084337349352,0.640596469872185,0.6412811929397444,-0.0006847230675594007,0.4807692307692308,0.46107784431137727,0.01969138645785351,0.35377358490566035,0.3632075471698113,-0.009433962264150941,0.4076086956521739,0.40633245382585753,0.00127624182631636,0.7367789274362615,0.7390063907486305,-0.0022274633123690046,0.41951651268075923,0.4173663132081432,0.002150199472616021
Logistic Regression,momentum,0.5,6,11871415528020832350,0.8177710843373494,0.8079819277108434,0.009789156626505924,0.6871576384662204,0.6813332657063637,0.0058243727598567,0.4375,0.4150197628458498,0.022480237154150207,0.49528301886792453,0.49528301886792453,0.0,0.4646017699115044,0.45161290322580644,0.012988866685697986,0.7659768715763846,0.754205552174207,0.011771319402177571,0.41398774616347356,0.398628219556369,0.015359526607104546
Random Forest,momentum,0.5,6,11871415528020832350,0.8358433734939759,0.8365963855421686,-0.0007530120481927804,0.640596469872185,0.6505968080070332,-0.010000338134848241,0.4807692307692308,0.48484848484848486,-0.00407925407925408,0.35377358490566035,0.37735849056603776,-0.02358490566037741,0.4076086956521739,0.4244031830238727,-0.016794487371698807,0.7367789274362615,0.741204267261784,-0.004425339825522512,0.41951651268075923,0.4294651788996995,-0.00994866621894025
Logistic Regression,momentum,0.5,7,4174483368717248677,0.8177710843373494,0.8019578313253012,0.015813253012048167,0.6871576384662204,0.681569960100088,0.005587678366132387,0.4375,0.4037735849056604,0.0337264150943396,0.49528301886792453,0.5047169811320755,-0.009433962264150997,0.4646017699115044,0.44863731656184486,0.01596445334965957,0.7659768715763846,0.7624475890985325,0.0035292824778521137,0.41398774616347356,0.4159541241431926,-0.0019663779797190473
Random Forest,momentum,0.5,7,4174483368717248677,0.8358433734939759,0.8350903614457831,0.0007530120481927804,0.640596469872185,0.6477902887671603,-0.007193818894975279,0.4807692307692308,0.47878787878787876,0.0019813519813520197,0.35377358490566035,0.37264150943396224,-0.018867924528301883,0.4076086956521739,0.41909814323607425,-0.011489447583900358,0.7367789274362615,0.7247497802123486,0.012029147223912906,0.41951651268075923,0.41770587465980985,0.0018106380209493844
Logistic Regression,momentum,0.5,8,9710739912423668720,0.8177710843373494,0.8042168674698795,0.013554216867469826,0.6871576384662204,0.6771826604449855,0.009974978021234815,0.4375,0.40625,0.03125,0.49528301886792453,0.49056603773584906,0.004716981132075471,0.4646017699115044,0.4444444444444444,0.020157325467060005,0.7659768715763846,0.7546958477040645,0.011281023872320106,0.41398774616347356,0.4034797803339186,0.010507965829554933
Random Forest,momentum,0.5,8,9710739912423668720,0.8358433734939759,0.8373493975903614,-0.001506024096385561,0.640596469872185,0.652955298573071,-0.012358828700886004,0.4807692307692308,0.4879518072289157,-0.007182576459684897,0.35377358490566035,0.38207547169811323,-0.02830188679245288,0.4076086956521739,0.42857142857142855,-0.020962732919254656,0.7367789274362615,0.737522824102252,-0.0007438966659905066,0.41951651268075923,0.41742701508910923,0.0020894975916500025
Logistic Regression,momentum,0.5,9,7241477557436172603,0.8177710843373494,0.8042168674698795,0.013554216867469826,0.6871576384662204,0.6771826604449855,0.009974978021234815,0.4375,0.40625,0.03125,0.49528301886792453,0.49056603773584906,0.004716981132075471,0.4646017699115044,0.4444444444444444,0.020157325467060005,0.7659768715763846,0.7478782038276864,0.018098667748698172,0.41398774616347356,0.3917760794915933,0.022211666671880237
Random Forest,momentum,0.5,9,7241477557436172603,0.8358433734939759,0.838855421686747,-0.003012048192771122,0.640596469872185,0.6500304321363359,-0.009433962264150941,0.4807692307692308,0.49375,-0.01298076923076924,0.35377358490566035,0.37264150943396224,-0.018867924528301883,0.4076086956521739,0.42473118279569894,-0.017122487143525045,0.7367789274362615,0.7310644485020625,0.005714478934198963,0.41951651268075923,0.42037879671318723,-0.0008622840324279957
Logistic Regression,momentum,0.5,10,9328502875146849102,0.8177710843373494,0.7989457831325302,0.018825301204819178,0.6871576384662204,0.6835987691891526,0.003558869277067722,0.4375,0.3992673992673993,0.03823260073260071,0.49528301886792453,0.5141509433962265,-0.018867924528301938,0.4646017699115044,0.44948453608247424,0.015117233829030186,0.7659768715763846,0.7502409210793265,0.015735950497058115,0.41398774616347356,0.4057074259656145,0.00828032019785907
Random Forest,momentum,0.5,10,9328502875146849102,0.8358433734939759,0.8365963855421686,-0.0007530120481927804,0.640596469872185,0.6582386555758437,-0.01764218570365872,0.4807692307692308,0.48554913294797686,-0.004779902178746076,0.35377358490566035,0.39622641509433965,-0.04245283018867929,0.4076086956521739,0.43636363636363634,-0.02875494071146245,0.7367789274362615,0.7324423480083857,0.004336579427875797,0.41951651268075923,0.4173904843776237,0.0021260283031355187
Logistic Regression,momentum,0.5,11,18296183081910253763,0.8177710843373494,0.8094879518072289,0.008283132530120474,0.6871576384662204,0.6879607087306419,-0.0008030702644215015,0.4375,0.42023346303501946,0.01726653696498054,0.49528301886792453,0.5094339622641509,-0.014150943396226412,0.4646017699115044,0.4605543710021322,0.004047398909372224,0.7659768715763846,0.7575826739703795,0.008394197606005127,0.41398774616347356,0.39984271749092254,0.014145028672551019
Random Forest,momentum,0.5,11,18296183081910253763,0.8358433734939759,0.8320783132530121,0.003765060240963791,0.640596469872185,0.640266788395212,0.0003296814769729872,0.4807692307692308,0.4662576687116564,0.014511562057574368,0.35377358490566035,0.3584905660377358,-0.004716981132075471,0.4076086956521739,0.4053333333333333,0.002275362318840568,0.7367789274362615,0.7298006695069994,0.006978257929262099,0.41951651268075923,0.4049818488932573,0.014534663787501956
Logistic Regression,momentum,0.5,12,11848627411238515735,0.8177710843373494,0.8049698795180723,0.012801204819277046,0.6871576384662204,0.6795411510110232,0.007616487455197163,0.4375,0.4085603112840467,0.028939688715953316,0.49528301886792453,0.49528301886792453,0.0,0.4646017699115044,0.44776119402985076,0.016840575881653663,0.7659768715763846,0.758271623723541,0.007705247852843655,0.41398774616347356,0.3955052179721274,0.01848252819134616
Random Forest,momentum,0.5,12,11848627411238515735,0.8358433734939759,0.8411144578313253,-0.005271084337349463,0.640596469872185,0.6571059038344491,-0.01650943396226412,0.4807692307692308,0.5030674846625767,-0.022298253893345887,0.35377358490566035,0.3867924528301887,-0.03301886792452835,0.4076086956521739,0.43733333333333335,-0.02972463768115946,0.7367789274362615,0.7369733549739637,-0.0001944275377021576,0.41951651268075923,0.41171807065482735,0.007798442025931884
Logistic Regression,momentum,0.5,13,17105918819393401005,0.8177710843373494,0.8004518072289156,0.017319277108433728,0.6871576384662204,0.6749425170758099,0.012215121390410477,0.4375,0.39846743295019155,0.03903256704980845,0.49528301886792453,0.49056603773584906,0.004716981132075471,0.4646017699115044,0.4397463002114165,0.02485546970008795,0.7659768715763846,0.7550170758098329,0.010959795766551705,0.41398774616347356,0.396865787640476,0.017121958522997582
Random Forest,momentum,0.5,13,17105918819393401005,0.8358433734939759,0.8403614457831325,-0.004518072289156683,0.640596469872185,0.656657875160614,-0.01606140528842903,0.4807692307692308,0.5,-0.019230769230769218,0.35377358490566035,0.3867924528301887,-0.03301886792452835,0.4076086956521739,0.43617021276595747,-0.028561517113783574,0.7367789274362615,0.7401645026036383,-0.0033855751673768086,0.41951651268075923,0.4074019543519551,0.012114558328804148
Logistic Regression,momentum,0.5,14,1546482784069907709,0.8177710843373494,0.8049698795180723,0.012801204819277046,0.6871576384662204,0.6833620747954284,0.003795563670791924,0.4375,0.4099616858237548,0.027538314176245193,0.49528301886792453,0.5047169811320755,-0.009433962264150997,0.4646017699115044,0.452431289640592,0.012170480270912443,0.7659768715763846,0.7525360113613309,0.013440860215053752,0.41398774616347356,0.4009891968410479,0.012998549322425668
Random Forest,momentum,0.5,14,1546482784069907709,0.8358433734939759,0.8358433734939759,0.0,0.640596469872185,0.6520592412254007,-0.011462771353215717,0.4807692307692308,0.48214285714285715,-0.0013736263736263687,0.35377358490566035,0.38207547169811323,-0.02830188679245288,0.4076086956521739,0.4263157894736842,-0.018707093821510312,0.7367789274362615,0.7378482788936228,-0.0010693514573613117,0.41951651268075923,0.4100782849158368,0.009438227764922424
Logistic Regression,momentum,0.5,15,8740251842880065238,0.8177710843373494,0.8147590361445783,0.0030120481927710108,0.6871576384662204,0.6949178332318928,-0.007760194765672468,0.4375,0.4330708661417323,0.004429133858267709,0.49528301886792453,0.5188679245283019,-0.023584905660377353,0.4646017699115044,0.4721030042918455,-0.00750123438034106,0.7659768715763846,0.7569106309596266,0.009066240616757981,0.41398774616347356,0.40738443485992915,0.006603311303544412
Random Forest,momentum,0.5,15,8740251842880065238,0.8358433734939759,0.8365963855421686,-0.0007530120481927804,0.640596469872185,0.646775884222628,-0.006179414350443002,0.4807692307692308,0.484472049689441,-0.003702818920210238,0.35377358490566035,0.36792452830188677,-0.014150943396226412,0.4076086956521739,0.41823056300268097,-0.010621867350507075,0.7367789274362615,0.7331989247311828,0.003580002705078744,0.41951651268075923,0.42342527069307295,-0.003908758012313718
Logistic Regression,momentum,0.5,16,265729904464545000,0.8177710843373494,0.802710843373494,0.015060240963855387,0.6871576384662204,0.6839284506661256,0.003229187800094735,0.4375,0.40601503759398494,0.03148496240601506,0.49528301886792453,0.5094339622641509,-0.014150943396226412,0.4646017699115044,0.45188284518828453,0.012718924723219893,0.7659768715763846,0.7680310407790626,-0.00205416920267798,0.41398774616347356,0.406403325496838,0.007584420666635561
Random Forest,momentum,0.5,16,265729904464545000,0.8358433734939759,0.8350903614457831,0.0007530120481927804,0.640596469872185,0.6516112125515656,-0.011014742679380629,0.4807692307692308,0.47928994082840237,0.00147928994082841,0.35377358490566035,0.38207547169811323,-0.02830188679245288,0.4076086956521739,0.4251968503937008,-0.017588154741526918,0.7367789274362615,0.7428442212754446,-0.0060652938391830835,0.41951651268075923,0.4149966804043559,0.004519832276403346
Logistic Regression,momentum,0.5,17,13590537918172802787,0.8177710843373494,0.8042168674698795,0.013554216867469826,0.6871576384662204,0.6886454317982011,-0.0014877933319807912,0.4375,0.41044776119402987,0.02705223880597013,0.49528301886792453,0.5188679245283019,-0.023584905660377353,0.4646017699115044,0.4583333333333333,0.0062684365781711104,0.7659768715763846,0.7643749577331441,0.0016019138432404878,0.41398774616347356,0.4088158577750745,0.0051718883883990485
Random Forest,momentum,0.5,17,13590537918172802787,0.8358433734939759,0.8305722891566265,0.005271084337349352,0.640596469872185,0.6355498072631365,0.005046662609048513,0.4807692307692308,0.45962732919254656,0.02114190157668422,0.35377358490566035,0.3490566037735849,0.004716981132075471,0.4076086956521739,0.3967828418230563,0.010825853829117604,0.7367789274362615,0.7369395414891458,-0.0001606140528842559,0.41951651268075923,0.4185616345671706,0.0009548781135886308
Logistic Regression,momentum,0.5,18,17955383614942377263,0.8177710843373494,0.8072289156626506,0.010542168674698704,0.6871576384662204,0.688527084601339,-0.0013694461351186904,0.4375,0.41603053435114506,0.021469465648854935,0.49528301886792453,0.5141509433962265,-0.018867924528301938,0.4646017699115044,0.459915611814346,0.004686158097158444,0.7659768715763846,0.7534151619665922,0.012561709609792415,0.41398774616347356,0.4039151726192281,0.010072573544245456
Random Forest,momentum,0.5,18,17955383614942377263,0.8358433734939759,0.8358433734939759,0.0,0.640596469872185,0.6463278555487928,-0.005731385676607803,0.4807692307692308,0.48148148148148145,-0.0007122507122506727,0.35377358490566035,0.36792452830188677,-0.014150943396226412,0.4076086956521739,0.41711229946524064,-0.009503603813066752,0.7367789274362615,0.7427385541353891,-0.00595962669912764,0.41951651268075923,0.41429027690891745,0.005226235771841781
Logistic Regression,momentum,0.5,19,6894761346371364129,0.8177710843373494,0.7989457831325302,0.018825301204819178,0.6871576384662204,0.6759569216203422,0.0112007168458782,0.4375,0.39622641509433965,0.041273584905660354,0.49528301886792453,0.49528301886792453,0.0,0.4646017699115044,0.44025157232704404,0.024350197584460387,0.7659768715763846,0.7600045648204503,0.005972306755934298,0.41398774616347356,0.40744455553870107,0.006543190624772488
Random Forest,momentum,0.5,19,6894761346371364129,0.8358433734939759,0.8320783132530121,0.003765060240963791,0.640596469872185,0.6440877121796172,-0.003491242307432252,0.4807692307692308,0.46706586826347307,0.01370336250575771,0.35377358490566035,0.36792452830188677,-0.014150943396226412,0.4076086956521739,0.41160949868073876,-0.00400080302856487,0.7367789274362615,0.7476541894907689,-0.010875262054507395,0.41951651268075923,0.4258025360580397,-0.006286023377280459
Logistic Regression,momentum,0.5,20,1515698104642460022,0.8177710843373494,0.7981927710843374,0.01957831325301196,0.6871576384662204,0.6697775072698993,0.01738013119632109,0.4375,0.3923076923076923,0.0451923076923077,0.49528301886792453,0.4811320754716981,0.014150943396226412,0.4646017699115044,0.4322033898305085,0.03239838008099594,0.7659768715763846,0.7625363494961792,0.0034405220802053993,0.41398774616347356,0.4019885138621153,0.011999232301358242
Random Forest,momentum,0.5,20,1515698104642460022,0.8358433734939759,0.8426204819277109,-0.006777108433735024,0.640596469872185,0.6580019611821195,-0.017405491309934518,0.4807692307692308,0.5093167701863354,-0.028547539417104584,0.35377358490566035,0.3867924528301887,-0.03301886792452835,0.4076086956521739,0.43967828418230565,-0.032069588530131754,0.7367789274362615,0.7337357138026646,0.0030432136335969417,0.41951651268075923,0.411288853025282,0.008227659655477226
Logistic Regression,momentum,0.5,21,8942684547401938860,0.8177710843373494,0.7989457831325302,0.018825301204819178,0.6871576384662204,0.6778673835125448,0.009290254953675525,0.4375,0.3970037453183521,0.040496254681647914,0.49528301886792453,0.5,-0.004716981132075471,0.4646017699115044,0.44258872651356995,0.022013043397934473,0.7659768715763846,0.7591930411848246,0.006783830391560053,0.41398774616347356,0.40399789434568806,0.0099898518177855
Random Forest,momentum,0.5,21,8942684547401938860,0.8358433734939759,0.8358433734939759,0.0,0.640596469872185,0.6520592412254007,-0.011462771353215717,0.4807692307692308,0.48214285714285715,-0.0013736263736263687,0.35377358490566035,0.38207547169811323,-0.02830188679245288,0.4076086956521739,0.4263157894736842,-0.018707093821510312,0.7367789274362615,0.7427427808209914,-0.0059638533847299335,0.41951651268075923,0.4254997476024443,-0.0059832349216850655
Logistic Regression,momentum,0.5,22,16695717295369406555,0.8177710843373494,0.8042168674698795,0.013554216867469826,0.6871576384662204,0.6790931223371881,0.008064516129032251,0.4375,0.4069767441860465,0.030523255813953487,0.49528301886792453,0.49528301886792453,0.0,0.4646017699115044,0.44680851063829785,0.017793259273206574,0.7659768715763846,0.7543703929126935,0.011606478663691133,0.41398774616347356,0.4044709331695656,0.009516812993907942
Random Forest,momentum,0.5,22,16695717295369406555,0.8358433734939759,0.8350903614457831,0.0007530120481927804,0.640596469872185,0.649700750659363,-0.009104280787177954,0.4807692307692308,0.47904191616766467,0.00172731460156611,0.35377358490566035,0.37735849056603776,-0.02358490566037741,0.4076086956521739,0.42216358839050133,-0.01455489273832744,0.7367789274362615,0.7369564482315547,-0.00017752079529320675,0.41951651268075923,0.41584652750633744,0.003669985174421797
Logistic Regression,momentum,0.5,23,5667235143584026495,0.8177710843373494,0.8072289156626506,0.010542168674698704,0.6871576384662204,0.6713329275715155,0.01582471089470483,0.4375,0.4098360655737705,0.027663934426229497,0.49528301886792453,0.4716981132075472,0.023584905660377353,0.4646017699115044,0.43859649122807015,0.026005278683434274,0.7659768715763846,0.7534236153377968,0.012553256238587829,0.41398774616347356,0.40526810936576474,0.008719636797708818
Random Forest,momentum,0.5,23,5667235143584026495,0.8358433734939759,0.8305722891566265,0.005271084337349352,0.640596469872185,0.6393707310475417,0.0012257388246432743,0.4807692307692308,0.46060606060606063,0.020163170163170152,0.35377358490566035,0.3584905660377358,-0.004716981132075471,0.4076086956521739,0.40318302387267907,0.004425671779494822,0.7367789274362615,0.7362590451071888,0.0005198823290727406,0.41951651268075923,0.41594274378934587,0.0035737688914133647
Logistic Regression,momentum,0.5,24,12428753965273828482,0.8177710843373494,0.8042168674698795,0.013554216867469826,0.6871576384662204,0.6867349699059986,0.0004226685602217728,0.4375,0.40977443609022557,0.02772556390977443,0.49528301886792453,0.5141509433962265,-0.018867924528301938,0.4646017699115044,0.4560669456066946,0.00853482430480984,0.7659768715763846,0.76038496652465,0.005591905051734569,0.41398774616347356,0.39968603217523574,0.014301713988237819
Random Forest,momentum,0.5,24,12428753965273828482,0.8358433734939759,0.8320783132530121,0.003765060240963791,0.640596469872185,0.6364458646108068,0.004150605261378226,0.4807692307692308,0.46540880503144655,0.015360425737784233,0.35377358490566035,0.3490566037735849,0.004716981132075471,0.4076086956521739,0.39892183288409705,0.008686862768076842,0.7367789274362615,0.7416100290795968,-0.004831101643335334,0.41951651268075923,0.41491743184990065,0.004599080830858582
Logistic Regression,momentum,0.5,25,396615087210316930,0.8177710843373494,0.8057228915662651,0.012048192771084265,0.6871576384662204,0.6857205653614662,0.0014370731047541607,0.4375,0.4122137404580153,0.025286259541984712,0.49528301886792453,0.5094339622641509,-0.014150943396226412,0.4646017699115044,0.45569620253164556,0.00890556737985887,0.7659768715763846,0.7612810238723203,0.004695847704064282,0.41398774616347356,0.40928474031999174,0.004703005843481822
Random Forest,momentum,0.5,25,396615087210316930,0.8358433734939759,0.8396084337349398,-0.0037650602409639022,0.640596469872185,0.6581203083789815,-0.017523838506796507,0.4807692307692308,0.49700598802395207,-0.01623675725472129,0.35377358490566035,0.3915094339622642,-0.03773584905660382,0.4076086956521739,0.43799472295514513,-0.03038602730297124,0.7367789274362615,0.7344965172110638,0.0022824102251977063,0.41951651268075923,0.4216257248763537,-0.0021092121955944565
Logistic Regression,momentum,0.5,26,13290970943554176464,0.8177710843373494,0.8004518072289156,0.017319277108433728,0.6871576384662204,0.6806739027524177,0.006483735713802674,0.4375,0.40074906367041196,0.036750936329588035,0.49528301886792453,0.5047169811320755,-0.009433962264150997,0.4646017699115044,0.44676409185803756,0.017837678053466866,0.7659768715763846,0.7541336985189694,0.011843173057415224,0.41398774616347356,0.3950593036054778,0.01892844255799575
Random Forest,momentum,0.5,26,13290970943554176464,0.8358433734939759,0.8328313253012049,0.0030120481927710108,0.640596469872185,0.6483566646378576,-0.007760194765672579,0.4807692307692308,0.47058823529411764,0.010180995475113142,0.35377358490566035,0.37735849056603776,-0.02358490566037741,0.4076086956521739,0.418848167539267,-0.011239471887093122,0.7367789274362615,0.7279747413268411,0.008804186109420353,0.41951651268075923,0.4061763632417547,0.013340149439004523
Logistic Regression,momentum,0.5,27,13135800336419244456,0.8177710843373494,0.8012048192771084,0.016566265060240948,0.6871576384662204,0.6658382362886319,0.02131940217758843,0.4375,0.396,0.04149999999999998,0.49528301886792453,0.4669811320754717,0.028301886792452824,0.4646017699115044,0.42857142857142855,0.03603034134007588,0.7659768715763846,0.7504902955298572,0.015486576046527367,0.41398774616347356,0.39607933050183824,0.017908415661635313
Random Forest,momentum,0.5,27,13135800336419244456,0.8358433734939759,0.8350903614457831,0.0007530120481927804,0.640596469872185,0.6420589030905525,-0.001462433218367476,0.4807692307692308,0.4779874213836478,0.0027818093855829784,0.35377358490566035,0.3584905660377358,-0.004716981132075471,0.4076086956521739,0.40970350404312667,-0.0020948083909527737,0.7367789274362615,0.7277676337323324,0.009011293703929057,0.41951651268075923,0.4051881591485611,0.014328353532198135
Logistic Regression,momentum,0.5,28,4814042367305808472,0.8177710843373494,0.7944277108433735,0.02334337349397586,0.6871576384662204,0.6732687495773314,0.01388888888888895,0.4375,0.3874538745387454,0.05004612546125459,0.49528301886792453,0.49528301886792453,0.0,0.4646017699115044,0.43478260869565216,0.029819161215852263,0.7659768715763846,0.7427427808209914,0.023234090755393177,0.41398774616347356,0.3958104933020018,0.01817725286147176
Random Forest,momentum,0.5,28,4814042367305808472,0.8358433734939759,0.8343373493975904,0.0015060240963854499,0.640596469872185,0.6473422600933252,-0.006745790221140191,0.4807692307692308,0.4759036144578313,0.004865616311399479,0.35377358490566035,0.37264150943396224,-0.018867924528301883,0.4076086956521739,0.41798941798941797,-0.010380722337244075,0.7367789274362615,0.7152904578345844,0.02148846960167705,0.41951651268075923,0.41413625622741557,0.005380256453343668
Logistic Regression,momentum,0.5,29,18345675921899187304,0.8177710843373494,0.8019578313253012,0.015813253012048167,0.6871576384662204,0.681569960100088,0.005587678366132387,0.4375,0.4037735849056604,0.0337264150943396,0.49528301886792453,0.5047169811320755,-0.009433962264150997,0.4646017699115044,0.44863731656184486,0.01596445334965957,0.7659768715763846,0.7672321972002436,-0.0012553256238589938,0.41398774616347356,0.39875192953512006,0.015235816628353493
Random Forest,momentum,0.5,29,18345675921899187304,0.8358433734939759,0.8403614457831325,-0.004518072289156683,0.640596469872185,0.656657875160614,-0.01606140528842903,0.4807692307692308,0.5,-0.019230769230769218,0.35377358490566035,0.3867924528301887,-0.03301886792452835,0.4076086956521739,0.43617021276595747,-0.028561517113783574,0.7367789274362615,0.7353460810171096,0.0014328464191518675,0.41951651268075923,0.42269578916186745,-0.0031792764811082175
Logistic Regression,momentum,1.0,0,11531758637897380427,0.8177710843373494,0.7703313253012049,0.0474397590361445,0.6871576384662204,0.6703946033678232,0.01676303509839716,0.4375,0.3523809523809524,0.0851190476190476,0.49528301886792453,0.5235849056603774,-0.02830188679245288,0.4646017699115044,0.42125237191650855,0.043349397994995875,0.7659768715763846,0.7442221207817679,0.02175475079461675,0.41398774616347356,0.3862906246448279,0.027697121518645673
Random Forest,momentum,1.0,0,11531758637897380427,0.8358433734939759,0.8396084337349398,-0.0037650602409639022,0.640596469872185,0.665762155947792,-0.025165686075606986,0.4807692307692308,0.49714285714285716,-0.016373626373626382,0.35377358490566035,0.41037735849056606,-0.0566037735849057,0.4076086956521739,0.4496124031007752,-0.042003707448601324,0.7367789274362615,0.7518174748089538,-0.01503854737269228,0.41951651268075923,0.4140296610131291,0.005486851667630133
Logistic Regression,momentum,1.0,1,5592562593346793915,0.8177710843373494,0.7522590361445783,0.06551204819277101,0.6871576384662204,0.6443582200581592,0.04279941840806112,0.4375,0.3188854489164087,0.11861455108359131,0.49528301886792453,0.4858490566037736,0.009433962264150941,0.4646017699115044,0.3850467289719626,0.0795550409395418,0.7659768715763846,0.7089715628592683,0.05700530871711629,0.41398774616347356,0.36014287708824116,0.05384486907523239
Random Forest,momentum,1.0,1,5592562593346793915,0.8358433734939759,0.8305722891566265,0.005271084337349352,0.640596469872185,0.6470125786163522,-0.006416108744167204,0.4807692307692308,0.4624277456647399,0.018341485104490907,0.35377358490566035,0.37735849056603776,-0.02358490566037741,0.4076086956521739,0.4155844155844156,-0.00797571993224172,0.7367789274362615,0.7275858862514372,0.009193041184824335,0.41951651268075923,0.39713152899535675,0.022384983685402482
Logistic Regression,momentum,1.0,2,1037811741242042187,0.8177710843373494,0.776355421686747,0.04141566265060237,0.6871576384662204,0.6682474470818962,0.01891019138432415,0.4375,0.3588039867109635,0.07869601328903653,0.49528301886792453,0.5094339622641509,-0.014150943396226412,0.4646017699115044,0.42105263157894735,0.04354913833255708,0.7659768715763846,0.7463312368972747,0.019645634679109958,0.41398774616347356,0.3927879541083938,0.02119979205507977
Random Forest,momentum,1.0,2,1037811741242042187,0.8358433734939759,0.8335843373493976,0.0022590361445782303,0.640596469872185,0.6602674646649084,-0.019670994792723384,0.4807692307692308,0.47513812154696133,0.005631109222269448,0.35377358490566035,0.4056603773584906,-0.05188679245283023,0.4076086956521739,0.43765903307888043,-0.03005033742670654,0.7367789274362615,0.731284236153378,0.00549469128288349,0.41951651268075923,0.4105843762243973,0.008932136456361928
Logistic Regression,momentum,1.0,3,14087083340384046319,0.8177710843373494,0.7801204819277109,0.03765060240963847,0.6871576384662204,0.6666666666666667,0.020490971799553614,0.4375,0.363013698630137,0.074486301369863,0.49528301886792453,0.5,-0.004716981132075471,0.4646017699115044,0.42063492063492064,0.043966849276583786,0.7659768715763846,0.7320323595049706,0.033944512071414024,0.41398774616347356,0.3789980150399778,0.03498973112349574
Random Forest,momentum,1.0,3,14087083340384046319,0.8358433734939759,0.8320783132530121,0.003765060240963791,0.640596469872185,0.6517295597484276,-0.011133089876242619,0.4807692307692308,0.4685714285714286,0.012197802197802199,0.35377358490566035,0.3867924528301887,-0.03301886792452835,0.4076086956521739,0.42377260981912146,-0.01616391416694757,0.7367789274362615,0.7229703455738148,0.013808581862446712,0.41951651268075923,0.39268445405567454,0.026832058625084698
Logistic Regression,momentum,1.0,4,765100686953146701,0.8177710843373494,0.776355421686747,0.04141566265060237,0.6871576384662204,0.6586951376208832,0.02846250084533719,0.4375,0.3539518900343643,0.08354810996563572,0.49528301886792453,0.4858490566037736,0.009433962264150941,0.4646017699115044,0.4095427435387674,0.05505902637273702,0.7659768715763846,0.7165584635152499,0.04941840806113473,0.41398774616347356,0.38075818454735183,0.03322956161612173
Random Forest,momentum,1.0,4,765100686953146701,0.8358433734939759,0.8403614457831325,-0.004518072289156683,0.640596469872185,0.6585683370528167,-0.017971867180631707,0.4807692307692308,0.5,-0.019230769230769218,0.35377358490566035,0.3915094339622642,-0.03773584905660382,0.4076086956521739,0.43915343915343913,-0.03154474350126524,0.7367789274362615,0.7293061472915399,0.007472780144721636,0.41951651268075923,0.40590626710163036,0.013610245579128877
Logistic Regression,momentum,1.0,5,8469326277673040038,0.8177710843373494,0.7793674698795181,0.03840361445783125,0.6871576384662204,0.6681290998850342,0.01902853858118614,0.4375,0.36271186440677966,0.07478813559322034,0.49528301886792453,0.5047169811320755,-0.009433962264150997,0.4646017699115044,0.42209072978303747,0.04251104012846696,0.7659768715763846,0.7543577128558869,0.01161915872049768,0.41398774616347356,0.3825523262700486,0.031435419893424965
Random Forest,momentum,1.0,5,8469326277673040038,0.8358433734939759,0.8350903614457831,0.0007530120481927804,0.640596469872185,0.6516112125515656,-0.011014742679380629,0.4807692307692308,0.47928994082840237,0.00147928994082841,0.35377358490566035,0.38207547169811323,-0.02830188679245288,0.4076086956521739,0.4251968503937008,-0.017588154741526918,0.7367789274362615,0.7377299316967606,-0.0009510042604990998,0.41951651268075923,0.4127603138958526,0.006756198784906631
Logistic Regression,momentum,1.0,6,12718161982635564505,0.8177710843373494,0.7816265060240963,0.03614457831325302,0.6871576384662204,0.67711503347535,0.010042604990870396,0.4375,0.37,0.0675,0.49528301886792453,0.5235849056603774,-0.02830188679245288,0.4646017699115044,0.43359375,0.031008019911504425,0.7659768715763846,0.7271674443768175,0.03880942719956715,0.41398774616347356,0.37021281417557733,0.043774931987896226
Random Forest,momentum,1.0,6,12718161982635564505,0.8358433734939759,0.8350903614457831,0.0007530120481927804,0.640596469872185,0.6554321363359707,-0.014835666463785757,0.4807692307692308,0.4797687861271676,0.0010004446420631696,0.35377358490566035,0.3915094339622642,-0.03773584905660382,0.4076086956521739,0.43116883116883115,-0.023560135516657255,0.7367789274362615,0.7438839859335902,-0.007105058497328676,0.41951651268075923,0.42711216397586527,-0.007595651295106032
Logistic Regression,momentum,1.0,7,10020427178322342913,0.8177710843373494,0.7718373493975904,0.04593373493975894,0.6871576384662204,0.6598278893622777,0.027329749103942702,0.4375,0.3488372093023256,0.08866279069767441,0.49528301886792453,0.49528301886792453,0.0,0.4646017699115044,0.4093567251461988,0.05524504476530562,0.7659768715763846,0.7455746601744776,0.02040221140190701,0.41398774616347356,0.3992415644112519,0.014746181752221643
Random Forest,momentum,1.0,7,10020427178322342913,0.8358433734939759,0.8350903614457831,0.0007530120481927804,0.640596469872185,0.6611635220125787,-0.02056705214039367,0.4807692307692308,0.48044692737430167,0.0003223033949291132,0.35377358490566035,0.4056603773584906,-0.05188679245283023,0.4076086956521739,0.4398976982097187,-0.0322890025575448,0.7367789274362615,0.7192719956718739,0.017506931764387557,0.41951651268075923,0.4128360093850777,0.006680503295681539
Logistic Regression,momentum,1.0,8,5356065032563962579,0.8177710843373494,0.776355421686747,0.04141566265060237,0.6871576384662204,0.6606055995130858,0.026552038953134516,0.4375,0.35494880546075086,0.08255119453924914,0.49528301886792453,0.49056603773584906,0.004716981132075471,0.4646017699115044,0.41188118811881186,0.05272058179269257,0.7659768715763846,0.7319393724217218,0.03403749915466281,0.41398774616347356,0.37869485125271185,0.03529289491076171
Random Forest,momentum,1.0,8,5356065032563962579,0.8358433734939759,0.8313253012048193,0.004518072289156572,0.640596469872185,0.64937106918239,-0.008774599310204967,0.4807692307692308,0.46551724137931033,0.01525198938992045,0.35377358490566035,0.38207547169811323,-0.02830188679245288,0.4076086956521739,0.41968911917098445,-0.012080423518810557,0.7367789274362615,0.7377764252383852,-0.0009974978021236591,0.41951651268075923,0.411615863322113,0.007900649358646261
Logistic Regression,momentum,1.0,9,11125945812378450712,0.8177710843373494,0.7703313253012049,0.0474397590361445,0.6871576384662204,0.6551109082302022,0.03204673023601812,0.4375,0.34448160535117056,0.09301839464882944,0.49528301886792453,0.4858490566037736,0.009433962264150941,0.4646017699115044,0.40313111545988256,0.061470654451621864,0.7659768715763846,0.717065665787516,0.04891120578886865,0.41398774616347356,0.35719974268581123,0.05678800347766233
Random Forest,momentum,1.0,9,11125945812378450712,0.8358433734939759,0.8275602409638554,0.008283132530120474,0.640596469872185,0.6528623114898222,-0.012265841617637219,0.4807692307692308,0.4540540540540541,0.026715176715176703,0.35377358490566035,0.39622641509433965,-0.04245283018867929,0.4076086956521739,0.42317380352644834,-0.015565107874274453,0.7367789274362615,0.7246356597010888,0.012143267735172714,0.41951651268075923,0.4112395429227175,0.008276969758041708
Logistic Regression,momentum,1.0,10,10176099382520094094,0.8177710843373494,0.7635542168674698,0.054216867469879526,0.6871576384662204,0.6625414215189018,0.024616216947318525,0.4375,0.340625,0.09687499999999999,0.49528301886792453,0.5141509433962265,-0.018867924528301938,0.4646017699115044,0.40977443609022557,0.054827333821278856,0.7659768715763846,0.7246694731859065,0.041307398390478145,0.41398774616347356,0.3798645320768371,0.03412321408663643
Random Forest,momentum,1.0,10,10176099382520094094,0.8358433734939759,0.829066265060241,0.006777108433734913,0.640596469872185,0.6518479069452898,-0.01125143707310483,0.4807692307692308,0.4585635359116022,0.022205694857628577,0.35377358490566035,0.3915094339622642,-0.03773584905660382,0.4076086956521739,0.4223918575063613,-0.014783161854187432,0.7367789274362615,0.7241030973152093,0.012675830121052223,0.41951651268075923,0.4105493797383825,0.008967132942376721
Logistic Regression,momentum,1.0,11,7902903051924860081,0.8177710843373494,0.7816265060240963,0.03614457831325302,0.6871576384662204,0.6732941096909448,0.013863528775275524,0.4375,0.36824324324324326,0.06925675675675674,0.49528301886792453,0.5141509433962265,-0.018867924528301938,0.4646017699115044,0.42913385826771655,0.035467911643787875,0.7659768715763846,0.7360857509974977,0.029891120578886876,0.41398774616347356,0.3654968607878404,0.048490885375633175
Random Forest,momentum,1.0,11,7902903051924860081,0.8358433734939759,0.8313253012048193,0.004518072289156572,0.640596469872185,0.6455501453979847,-0.004953675525799728,0.4807692307692308,0.4647058823529412,0.01606334841628959,0.35377358490566035,0.37264150943396224,-0.018867924528301883,0.4076086956521739,0.41361256544502617,-0.006003869792852279,0.7367789274362615,0.717936363021573,0.018842564414688456,0.41951651268075923,0.3894851402632933,0.03003137241746595
Logistic Regression,momentum,1.0,12,7568018175004473233,0.8177710843373494,0.7703313253012049,0.0474397590361445,0.6871576384662204,0.6532004463379997,0.03395719212822068,0.4375,0.3434343434343434,0.09406565656565657,0.49528301886792453,0.4811320754716981,0.014150943396226412,0.4646017699115044,0.40078585461689586,0.06381591529460856,0.7659768715763846,0.7356123622100493,0.03036450936633528,0.41398774616347356,0.36593192712744904,0.048055819036024516
Random Forest,momentum,1.0,12,7568018175004473233,0.8358433734939759,0.8343373493975904,0.0015060240963854499,0.640596469872185,0.6530736457699331,-0.012477175897748105,0.4807692307692308,0.47674418604651164,0.00402504472271914,0.35377358490566035,0.3867924528301887,-0.03301886792452835,0.4076086956521739,0.4270833333333333,-0.019474637681159424,0.7367789274362615,0.7389514438358018,-0.002172516399540303,0.41951651268075923,0.4077711869356528,0.01174532574510645
Logistic Regression,momentum,1.0,13,8613773190291841101,0.8177710843373494,0.7778614457831325,0.03990963855421681,0.6871576384662204,0.6615016568607561,0.02565598160546423,0.4375,0.35738831615120276,0.08011168384879724,0.49528301886792453,0.49056603773584906,0.004716981132075471,0.4646017699115044,0.4135188866799205,0.05108288323158394,0.7659768715763846,0.7285833840535607,0.0373934875228239,0.41398774616347356,0.3650045690676007,0.048983177095872854
Random Forest,momentum,1.0,13,8613773190291841101,0.8358433734939759,0.8298192771084337,0.0060240963855421326,0.640596469872185,0.6408331642659093,-0.00023669439372431267,0.4807692307692308,0.4583333333333333,0.022435897435897467,0.35377358490566035,0.3632075471698113,-0.009433962264150941,0.4076086956521739,0.4052631578947368,0.002345537757437066,0.7367789274362615,0.7373917968485832,-0.0006128694123217482,0.41951651268075923,0.38940319169915727,0.030113320981601965
Logistic Regression,momentum,1.0,14,16716380072060594127,0.8177710843373494,0.7748493975903614,0.04292168674698793,0.6871576384662204,0.6654409278420235,0.02171671062419689,0.4375,0.3554817275747508,0.08201827242524917,0.49528301886792453,0.5047169811320755,-0.009433962264150997,0.4646017699115044,0.4171539961013645,0.047447773810139926,0.7659768715763846,0.7285030770271185,0.03747379454926614,0.41398774616347356,0.37424614301752546,0.0397416031459481
Random Forest,momentum,1.0,14,16716380072060594127,0.8358433734939759,0.8381024096385542,-0.0022590361445783413,0.640596469872185,0.6648660986001217,-0.0242696287279367,0.4807692307692308,0.4915254237288136,-0.0107561929595828,0.35377358490566035,0.41037735849056606,-0.0566037735849057,0.4076086956521739,0.4473007712082262,-0.03969207555605231,0.7367789274362615,0.734251369446135,0.0025275579901264944,0.41951651268075923,0.4057822374146784,0.013734275266080842
Logistic Regression,momentum,1.0,15,11197371830450126095,0.8177710843373494,0.7771084337349398,0.04066265060240959,0.6871576384662204,0.6648745519713262,0.02228308649489419,0.4375,0.3581081081081081,0.07939189189189189,0.49528301886792453,0.5,-0.004716981132075471,0.4646017699115044,0.41732283464566927,0.047278935265835154,0.7659768715763846,0.7352869074186785,0.030689964157706084,0.41398774616347356,0.3823794789743217,0.031608267189151884
Random Forest,momentum,1.0,15,11197371830450126095,0.8358433734939759,0.829066265060241,0.006777108433734913,0.640596469872185,0.6518479069452898,-0.01125143707310483,0.4807692307692308,0.4585635359116022,0.022205694857628577,0.35377358490566035,0.3915094339622642,-0.03773584905660382,0.4076086956521739,0.4223918575063613,-0.014783161854187432,0.7367789274362615,0.7225265435855819,0.014252383850679617,0.41951651268075923,0.4178934265433992,0.001623086137360008
Logistic Regression,momentum,1.0,16,2764177832665644000,0.8177710843373494,0.7673192771084337,0.050451807228915624,0.6871576384662204,0.6743338743490904,0.012823764117129932,0.4375,0.3507692307692308,0.08673076923076922,0.49528301886792453,0.5377358490566038,-0.042452830188679236,0.4646017699115044,0.4245810055865922,0.04002076432491225,0.7659768715763846,0.7527262122134307,0.013250659362953887,0.41398774616347356,0.38185354080810296,0.03213420535537059
Random Forest,momentum,1.0,16,2764177832665644000,0.8358433734939759,0.8335843373493976,0.0022590361445782303,0.640596469872185,0.6545360789883006,-0.013939609116115581,0.4807692307692308,0.4742857142857143,0.006483516483516472,0.35377358490566035,0.3915094339622642,-0.03773584905660382,0.4076086956521739,0.4289405684754522,-0.02133187282327831,0.7367789274362615,0.7452238452694935,-0.00844491783323198,0.41951651268075923,0.4077783090515978,0.011738203629161448
Logistic Regression,momentum,1.0,17,17913496732998944970,0.8177710843373494,0.7823795180722891,0.03539156626506024,0.6871576384662204,0.6699212145803747,0.017236423885845675,0.4375,0.36769759450171824,0.06980240549828176,0.49528301886792453,0.5047169811320755,-0.009433962264150997,0.4646017699115044,0.4254473161033797,0.03915445380812471,0.7659768715763846,0.7466397849462366,0.019337086630147993,0.41398774616347356,0.3829108276626554,0.031076918500818174
Random Forest,momentum,1.0,17,17913496732998944970,0.8358433734939759,0.8343373493975904,0.0015060240963854499,0.640596469872185,0.6530736457699331,-0.012477175897748105,0.4807692307692308,0.47674418604651164,0.00402504472271914,0.35377358490566035,0.3867924528301887,-0.03301886792452835,0.4076086956521739,0.4270833333333333,-0.019474637681159424,0.7367789274362615,0.7366014066409684,0.00017752079529309572,0.41951651268075923,0.4088955982823991,0.01062091439836016
Logistic Regression,momentum,1.0,18,10065850953258388634,0.8177710843373494,0.7808734939759037,0.03689759036144569,0.6871576384662204,0.6671146953405018,0.020042943125718526,0.4375,0.3642611683848797,0.07323883161512029,0.49528301886792453,0.5,-0.004716981132075471,0.4646017699115044,0.42147117296222664,0.04313059694927779,0.7659768715763846,0.7291497599242578,0.03682711165212682,0.41398774616347356,0.37307194823352546,0.040915797929948095
Random Forest,momentum,1.0,18,10065850953258388634,0.8358433734939759,0.8305722891566265,0.005271084337349352,0.640596469872185,0.6412811929397444,-0.0006847230675594007,0.4807692307692308,0.46107784431137727,0.01969138645785351,0.35377358490566035,0.3632075471698113,-0.009433962264150941,0.4076086956521739,0.40633245382585753,0.00127624182631636,0.7367789274362615,0.7363139920200176,0.00046493541624392787,0.41951651268075923,0.40583198708185586,0.013684525598903374
Logistic Regression,momentum,1.0,19,6827024563380297967,0.8177710843373494,0.7733433734939759,0.04442771084337349,0.6871576384662204,0.6645448704943532,0.022612767971867176,0.4375,0.35313531353135313,0.08436468646864687,0.49528301886792453,0.5047169811320755,-0.009433962264150997,0.4646017699115044,0.4155339805825243,0.04906778932898015,0.7659768715763846,0.7386386691012374,0.027338202475147177,0.41398774616347356,0.3803069111775058,0.033680834985967745
Random Forest,momentum,1.0,19,6827024563380297967,0.8358433734939759,0.8350903614457831,0.0007530120481927804,0.640596469872185,0.6573425982281734,-0.016746128355988432,0.4807692307692308,0.48,0.0007692307692307998,0.35377358490566035,0.39622641509433965,-0.04245283018867929,0.4076086956521739,0.43410852713178294,-0.02649983147960905,0.7367789274362615,0.7415424021099615,-0.0047634746736999745,0.41951651268075923,0.4157450455653174,0.003771467115441851
Logistic Regression,momentum,1.0,20,7179837340298995706,0.8177710843373494,0.7673192771084337,0.050451807228915624,0.6871576384662204,0.6609606411036721,0.026196997362548213,0.4375,0.3440514469453376,0.09344855305466238,0.49528301886792453,0.5047169811320755,-0.009433962264150997,0.4646017699115044,0.4091778202676864,0.05542394964381803,0.7659768715763846,0.7419481639277745,0.024028707648610093,0.41398774616347356,0.37806831848910327,0.035919427674370286
Random Forest,momentum,1.0,20,7179837340298995706,0.8358433734939759,0.8358433734939759,0.0,0.640596469872185,0.6539697031176033,-0.013373233245418281,0.4807692307692308,0.4823529411764706,-0.0015837104072398134,0.35377358490566035,0.3867924528301887,-0.03301886792452835,0.4076086956521739,0.4293193717277487,-0.02171067607557481,0.7367789274362615,0.7372100493676879,-0.00043112193142635924,0.41951651268075923,0.40848810003227637,0.011028412648482866
Logistic Regression,momentum,1.0,21,1888136618780221902,0.8177710843373494,0.7808734939759037,0.03689759036144569,0.6871576384662204,0.6747565429093123,0.012401095556908048,0.4375,0.36789297658862874,0.06960702341137126,0.49528301886792453,0.5188679245283019,-0.023584905660377353,0.4646017699115044,0.43052837573385516,0.03407339417764926,0.7659768715763846,0.7388330966389397,0.02714377493744491,0.41398774616347356,0.37760405119381246,0.036383694969661096
Random Forest,momentum,1.0,21,1888136618780221902,0.8358433734939759,0.8358433734939759,0.0,0.640596469872185,0.6635220125786163,-0.022925542706431323,0.4807692307692308,0.48333333333333334,-0.002564102564102555,0.35377358490566035,0.41037735849056606,-0.0566037735849057,0.4076086956521739,0.44387755102040816,-0.036268855368234265,0.7367789274362615,0.7428357679042402,-0.006056840467978719,0.41951651268075923,0.4271588552418962,-0.007642342561136939
Logistic Regression,momentum,1.0,22,17543432961884522148,0.8177710843373494,0.7725903614457831,0.04518072289156627,0.6871576384662204,0.6602759180361129,0.026881720430107503,0.4375,0.35,0.08750000000000002,0.49528301886792453,0.49528301886792453,0.0,0.4646017699115044,0.41015625,0.054445519911504425,0.7659768715763846,0.7314702103198756,0.03450666125650903,0.41398774616347356,0.3792327479153024,0.03475499824817113
Random Forest,momentum,1.0,22,17543432961884522148,0.8358433734939759,0.8320783132530121,0.003765060240963791,0.640596469872185,0.6593714073172381,-0.018774937445053097,0.4807692307692308,0.46994535519125685,0.01082387557797393,0.35377358490566035,0.4056603773584906,-0.05188679245283023,0.4076086956521739,0.43544303797468353,-0.027834342322509642,0.7367789274362615,0.7376073578142962,-0.0008284303780347058,0.41951651268075923,0.4132087391791335,0.0063077735016257575
Logistic Regression,momentum,1.0,23,5665709802658224567,0.8177710843373494,0.7786144578313253,0.03915662650602403,0.6871576384662204,0.6600392236423885,0.027118414823831816,0.4375,0.3576388888888889,0.0798611111111111,0.49528301886792453,0.4858490566037736,0.009433962264150941,0.4646017699115044,0.412,0.05260176991150445,0.7659768715763846,0.7267997227294245,0.03917714884696011,0.41398774616347356,0.37936560743910963,0.03462213872436393
Random Forest,momentum,1.0,23,5665709802658224567,0.8358433734939759,0.829066265060241,0.006777108433734913,0.640596469872185,0.6442060593764793,-0.0036095895042943527,0.4807692307692308,0.45664739884393063,0.024121831925300152,0.35377358490566035,0.37264150943396224,-0.018867924528301883,0.4076086956521739,0.4103896103896104,-0.002780914737436524,0.7367789274362615,0.7336427267194157,0.0031362007168458383,0.41951651268075923,0.4105619596185072,0.008954553062252013
Logistic Regression,momentum,1.0,24,12918545237137848771,0.8177710843373494,0.7778614457831325,0.03990963855421681,0.6871576384662204,0.6672330425373639,0.019924595928856426,0.4375,0.3602693602693603,0.0772306397306397,0.49528301886792453,0.5047169811320755,-0.009433962264150997,0.4646017699115044,0.4204322200392927,0.04416954987221172,0.7659768715763846,0.7386851626428619,0.02729170893352273,0.41398774616347356,0.3692453444426915,0.04474240172078203
Random Forest,momentum,1.0,24,12918545237137848771,0.8358433734939759,0.8313253012048193,0.004518072289156572,0.640596469872185,0.6417292216135795,-0.0011327517413944888,0.4807692307692308,0.463855421686747,0.0169138090824838,0.35377358490566035,0.3632075471698113,-0.009433962264150941,0.4076086956521739,0.4074074074074074,0.00020128824476650653,0.7367789274362615,0.7344965172110637,0.0022824102251978173,0.41951651268075923,0.4011770694341906,0.01833944324656861
Logistic Regression,momentum,1.0,25,16811936221845447336,0.8177710843373494,0.7710843373493976,0.04668674698795172,0.6871576384662204,0.667021708257253,0.020135930208967312,0.4375,0.35161290322580646,0.08588709677419354,0.49528301886792453,0.5141509433962265,-0.018867924528301938,0.4646017699115044,0.41762452107279696,0.046977248838707464,0.7659768715763846,0.7418086833029011,0.02416818827348355,0.41398774616347356,0.38058832236294193,0.033399423800531625
Random Forest,momentum,1.0,25,16811936221845447336,0.8358433734939759,0.8365963855421686,-0.0007530120481927804,0.640596469872185,0.6582386555758437,-0.01764218570365872,0.4807692307692308,0.48554913294797686,-0.004779902178746076,0.35377358490566035,0.39622641509433965,-0.04245283018867929,0.4076086956521739,0.43636363636363634,-0.02875494071146245,0.7367789274362615,0.7301176709271658,0.006661256509095659,0.41951651268075923,0.40980489668601067,0.009711615994748568
Logistic Regression,momentum,1.0,26,16363774600047849255,0.8177710843373494,0.7635542168674698,0.054216867469879526,0.6871576384662204,0.6568100358422939,0.03034760262392644,0.4375,0.3375796178343949,0.09992038216560511,0.49528301886792453,0.5,-0.004716981132075471,0.4646017699115044,0.40304182509505704,0.06155994481644739,0.7659768715763846,0.7252231689997972,0.04075370257658739,0.41398774616347356,0.36323433052487664,0.05075341563859692
Random Forest,momentum,1.0,26,16363774600047849255,0.8358433734939759,0.8335843373493976,0.0022590361445782303,0.640596469872185,0.6564465408805031,-0.015850071008318145,0.4807692307692308,0.4745762711864407,0.006192959582790092,0.35377358490566035,0.39622641509433965,-0.04245283018867929,0.4076086956521739,0.4318766066838046,-0.02426791103163073,0.7367789274362615,0.7250118347196862,0.011767092716575278,0.41951651268075923,0.39665904770560884,0.0228574649751504
Logistic Regression,momentum,1.0,27,8434668696794946298,0.8177710843373494,0.7725903614457831,0.04518072289156627,0.6871576384662204,0.6507236085750998,0.036434029891120545,0.4375,0.3448275862068966,0.09267241379310343,0.49528301886792453,0.4716981132075472,0.023584905660377353,0.4646017699115044,0.398406374501992,0.06619539540951241,0.7659768715763846,0.7208062825454792,0.04517058903090543,0.41398774616347356,0.35956636195121977,0.05442138421225379
Random Forest,momentum,1.0,27,8434668696794946298,0.8358433734939759,0.8350903614457831,0.0007530120481927804,0.640596469872185,0.6554321363359707,-0.014835666463785757,0.4807692307692308,0.4797687861271676,0.0010004446420631696,0.35377358490566035,0.3915094339622642,-0.03773584905660382,0.4076086956521739,0.43116883116883115,-0.023560135516657255,0.7367789274362615,0.726617975248529,0.010160952187732497,0.41951651268075923,0.3990583755735294,0.020458137107229823
Logistic Regression,momentum,1.0,28,2292009223933036791,0.8177710843373494,0.776355421686747,0.04141566265060237,0.6871576384662204,0.6682474470818962,0.01891019138432415,0.4375,0.3588039867109635,0.07869601328903653,0.49528301886792453,0.5094339622641509,-0.014150943396226412,0.4646017699115044,0.42105263157894735,0.04354913833255708,0.7659768715763846,0.7115878812470413,0.0543889903293433,0.41398774616347356,0.3628287026672012,0.05115904349627237
Random Forest,momentum,1.0,28,2292009223933036791,0.8358433734939759,0.8335843373493976,0.0022590361445782303,0.640596469872185,0.6430733076350849,-0.002476837762899864,0.4807692307692308,0.4723926380368098,0.008376592732420973,0.35377358490566035,0.3632075471698113,-0.009433962264150941,0.4076086956521739,0.4106666666666667,-0.0030579710144927885,0.7367789274362615,0.717158652870765,0.01962027456549653,0.41951651268075923,0.411711735004862,0.007804777675897212
Logistic Regression,momentum,1.0,29,4857780964678783629,0.8177710843373494,0.7740963855421686,0.04367469879518071,0.6871576384662204,0.6726347467369987,0.01452289172922161,0.4375,0.3580645161290323,0.07943548387096772,0.49528301886792453,0.5235849056603774,-0.02830188679245288,0.4646017699115044,0.42528735632183906,0.039314413589665365,0.7659768715763846,0.7518639683505781,0.014112903225806495,0.41398774616347356,0.3693439012360089,0.04464384492746465
Random Forest,momentum,1.0,29,4857780964678783629,0.8358433734939759,0.8350903614457831,0.0007530120481927804,0.640596469872185,0.6535216744437682,-0.012925204571583193,0.4807692307692308,0.47953216374269003,0.0012370670265407502,0.35377358490566035,0.3867924528301887,-0.03301886792452835,0.4076086956521739,0.4281984334203655,-0.02058973776819162,0.7367789274362615,0.7375185974166497,-0.0007396699803882134,0.41951651268075923,0.408086641512946,0.011429871167813244
Logistic Regression,volume_and_range,0.05,0,674160711642378653,0.8177710843373494,0.8162650602409639,0.0015060240963854499,0.6871576384662204,0.6843511192263474,0.002806519239872962,0.4375,0.43333333333333335,0.004166666666666652,0.49528301886792453,0.49056603773584906,0.004716981132075471,0.4646017699115044,0.46017699115044247,0.004424778761061954,0.7659768715763846,0.7661121255156557,-0.00013525393927105167,0.41398774616347356,0.4131885481212527,0.0007991980422208389
Random Forest,volume_and_range,0.05,0,674160711642378653,0.8358433734939759,0.8358433734939759,0.0,0.640596469872185,0.6425069317643877,-0.001910461892202675,0.4807692307692308,0.4810126582278481,-0.00024342745861732906,0.35377358490566035,0.3584905660377358,-0.004716981132075471,0.4076086956521739,0.41081081081081083,-0.0032021151586369423,0.7367789274362615,0.7386936160140665,-0.0019146885778049683,0.41951651268075923,0.42022684228771706,-0.0007103296069578269
Logistic Regression,volume_and_range,0.05,1,6507063268366371727,0.8177710843373494,0.8177710843373494,0.0,0.6871576384662204,0.6871576384662204,0.0,0.4375,0.4375,0.0,0.49528301886792453,0.49528301886792453,0.0,0.4646017699115044,0.4646017699115044,0.0,0.7659768715763846,0.7655034827889362,0.0004733887874484033,0.41398774616347356,0.41372873254543563,0.00025901361803792877
Random Forest,volume_and_range,0.05,1,6507063268366371727,0.8358433734939759,0.8373493975903614,-0.001506024096385561,0.640596469872185,0.6472239128964631,-0.00662744302427809,0.4807692307692308,0.4875,-0.006730769230769207,0.35377358490566035,0.36792452830188677,-0.014150943396226412,0.4076086956521739,0.41935483870967744,-0.011746143057503544,0.7367789274362615,0.7348135186312301,0.0019654088050313767,0.41951651268075923,0.41595206576479166,0.0035644469159675785
Logistic Regression,volume_and_range,0.05,2,9535448647296024643,0.8177710843373494,0.8170180722891566,0.0007530120481927804,0.6871576384662204,0.6847991479001826,0.002358490566037763,0.4375,0.4351464435146444,0.0023535564853556235,0.49528301886792453,0.49056603773584906,0.004716981132075471,0.4646017699115044,0.4611973392461197,0.0034044306653847056,0.7659768715763846,0.7656979103266384,0.0002789612497462457,0.41398774616347356,0.41376785067923705,0.00021989548423650973
Random Forest,volume_and_range,0.05,2,9535448647296024643,0.8358433734939759,0.8365963855421686,-0.0007530120481927804,0.640596469872185,0.6429549604382228,-0.002358490566037763,0.4807692307692308,0.4840764331210191,-0.0033072023517883298,0.35377358490566035,0.3584905660377358,-0.004716981132075471,0.4076086956521739,0.41192411924119243,-0.004315423589018541,0.7367789274362615,0.733592006492189,0.003186920944072469,0.41951651268075923,0.41768091980950395,0.0018355928712552871
Logistic Regression,volume_and_range,0.05,3,16215390639656426666,0.8177710843373494,0.8185240963855421,-0.0007530120481927804,0.6871576384662204,0.689516129032258,-0.002358490566037652,0.4375,0.43983402489626555,-0.002334024896265552,0.49528301886792453,0.5,-0.004716981132075471,0.4646017699115044,0.46799116997792495,-0.0033894000664205226,0.7659768715763846,0.7667165415567729,-0.0007396699803883244,0.41398774616347356,0.4151544961077392,-0.0011667499442656326
Random Forest,volume_and_range,0.05,3,16215390639656426666,0.8358433734939759,0.8373493975903614,-0.001506024096385561,0.640596469872185,0.6472239128964631,-0.00662744302427809,0.4807692307692308,0.4875,-0.006730769230769207,0.35377358490566035,0.36792452830188677,-0.014150943396226412,0.4076086956521739,0.41935483870967744,-0.011746143057503544,0.7367789274362615,0.736614086697775,0.00016484073848654912,0.41951651268075923,0.4196415101351034,-0.00012499745434418896
Logistic Regression,volume_and_range,0.05,4,2673574631887090352,0.8177710843373494,0.8177710843373494,0.0,0.6871576384662204,0.6852471765740178,0.001910461892202564,0.4375,0.4369747899159664,0.0005252100840336116,0.49528301886792453,0.49056603773584906,0.004716981132075471,0.4646017699115044,0.4622222222222222,0.0023795476892822243,0.7659768715763846,0.7664037668222087,-0.000426895245824066,0.41398774616347356,0.4145579837170307,-0.000570237553557118
Random Forest,volume_and_range,0.05,4,2673574631887090352,0.8358433734939759,0.8381024096385542,-0.0022590361445783413,0.640596469872185,0.6419405558936904,-0.0013440860215053752,0.4807692307692308,0.49019607843137253,-0.009426847662141746,0.35377358490566035,0.35377358490566035,0.0,0.4076086956521739,0.410958904109589,-0.003350208457415127,0.7367789274362615,0.7372269561100967,-0.00044802867383519906,0.41951651268075923,0.41768479895927996,0.0018317137214792778
Logistic Regression,volume_and_range,0.05,5,13966849677664417577,0.8177710843373494,0.8162650602409639,0.0015060240963854499,0.6871576384662204,0.6862615811185501,0.0008960573476702871,0.4375,0.43388429752066116,0.003615702479338845,0.49528301886792453,0.49528301886792453,0.0,0.4646017699115044,0.46255506607929514,0.0020467038322092845,0.7659768715763846,0.7663488199093799,-0.0003719483329952533,0.41398774616347356,0.41361351005328423,0.0003742361101893299
Random Forest,volume_and_range,0.05,5,13966849677664417577,0.8358433734939759,0.8365963855421686,-0.0007530120481927804,0.640596469872185,0.6429549604382228,-0.002358490566037763,0.4807692307692308,0.4840764331210191,-0.0033072023517883298,0.35377358490566035,0.3584905660377358,-0.004716981132075471,0.4076086956521739,0.41192411924119243,-0.004315423589018541,0.7367789274362615,0.7369141813755327,-0.0001352539392711627,0.41951651268075923,0.41920844245485495,0.0003080702259042889
Logistic Regression,volume_and_range,0.05,6,3087953523787643783,0.8177710843373494,0.8177710843373494,0.0,0.6871576384662204,0.6852471765740178,0.001910461892202564,0.4375,0.4369747899159664,0.0005252100840336116,0.49528301886792453,0.49056603773584906,0.004716981132075471,0.4646017699115044,0.4622222222222222,0.0023795476892822243,0.7659768715763846,0.7656810035842295,0.0002958679921550855,0.41398774616347356,0.41334835045590496,0.0006393957075686019
Random Forest,volume_and_range,0.05,6,3087953523787643783,0.8358433734939759,0.8381024096385542,-0.0022590361445783413,0.640596469872185,0.6476719415702982,-0.007075471698113178,0.4807692307692308,0.49056603773584906,-0.009796806966618277,0.35377358490566035,0.36792452830188677,-0.014150943396226412,0.4076086956521739,0.42048517520215634,-0.012876479549982445,0.7367789274362615,0.7371001555420301,-0.0003212281057686228,0.41951651268075923,0.41953556446816515,-1.9051787405910403e-05
Logistic Regression,volume_and_range,0.05,7,4431713478196287407,0.8177710843373494,0.8185240963855421,-0.0007530120481927804,0.6871576384662204,0.6876056671400554,-0.00044802867383508804,0.4375,0.4393305439330544,-0.0018305439330543738,0.49528301886792453,0.49528301886792453,0.0,0.4646017699115044,0.4656319290465632,-0.0010301591350587724,0.7659768715763846,0.7658754311219313,0.000101440454453261,0.41398774616347356,0.4135265116789709,0.00046123448450263727
Random Forest,volume_and_range,0.05,7,4431713478196287407,0.8358433734939759,0.8365963855421686,-0.0007530120481927804,0.640596469872185,0.6448654223304253,-0.004268952458240327,0.4807692307692308,0.48427672955974843,-0.003507498790517649,0.35377358490566035,0.3632075471698113,-0.009433962264150941,0.4076086956521739,0.41509433962264153,-0.007485643970467637,0.7367789274362615,0.7372945830797322,-0.0005156556434706694,0.41951651268075923,0.42044741313749123,-0.0009309004567319978
Logistic Regression,volume_and_range,0.05,8,17192377326125464522,0.8177710843373494,0.8192771084337349,-0.001506024096385561,0.6871576384662204,0.6880536958138905,-0.0008960573476701761,0.4375,0.4411764705882353,-0.003676470588235281,0.49528301886792453,0.49528301886792453,0.0,0.4646017699115044,0.4666666666666667,-0.002064896755162249,0.7659768715763846,0.7664544870494353,-0.0004776154730506965,0.41398774616347356,0.4142550415522088,-0.0002672953887352669
Random Forest,volume_and_range,0.05,8,17192377326125464522,0.8358433734939759,0.8381024096385542,-0.0022590361445783413,0.640596469872185,0.6476719415702982,-0.007075471698113178,0.4807692307692308,0.49056603773584906,-0.009796806966618277,0.35377358490566035,0.36792452830188677,-0.014150943396226412,0.4076086956521739,0.42048517520215634,-0.012876479549982445,0.7367789274362615,0.7390866977750726,-0.0023077703388111326,0.41951651268075923,0.42030969033317106,-0.000793177652411825
Logistic Regression,volume_and_range,0.05,9,6763095051276511956,0.8177710843373494,0.8177710843373494,0.0,0.6871576384662204,0.6871576384662204,0.0,0.4375,0.4375,0.0,0.49528301886792453,0.49528301886792453,0.0,0.4646017699115044,0.4646017699115044,0.0,0.7659768715763846,0.7659853249475891,-8.453371204475424e-06,0.41398774616347356,0.4130780117498636,0.000909734413609975
Random Forest,volume_and_range,0.05,9,6763095051276511956,0.8358433734939759,0.8365963855421686,-0.0007530120481927804,0.640596469872185,0.6448654223304253,-0.004268952458240327,0.4807692307692308,0.48427672955974843,-0.003507498790517649,0.35377358490566035,0.3632075471698113,-0.009433962264150941,0.4076086956521739,0.41509433962264153,-0.007485643970467637,0.7367789274362615,0.7351854669642253,0.0015934604720362344,0.41951651268075923,0.4174811951562353,0.0020353175245239608
Logistic Regression,volume_and_range,0.05,10,10503095396916780200,0.8177710843373494,0.8162650602409639,0.0015060240963854499,0.6871576384662204,0.6843511192263474,0.002806519239872962,0.4375,0.43333333333333335,0.004166666666666652,0.49528301886792453,0.49056603773584906,0.004716981132075471,0.4646017699115044,0.46017699115044247,0.004424778761061954,0.7659768715763846,0.7655964698721849,0.00038040170419972874,0.41398774616347356,0.41395280406551055,3.4942097963008845e-05
Random Forest,volume_and_range,0.05,10,10503095396916780200,0.8358433734939759,0.8358433734939759,0.0,0.640596469872185,0.6444173936565902,-0.003820923784405239,0.4807692307692308,0.48125,-0.00048076923076922906,0.35377358490566035,0.3632075471698113,-0.009433962264150941,0.4076086956521739,0.41397849462365593,-0.0063697989714820435,0.7367789274362615,0.7358110164333537,0.0009679110029078286,0.41951651268075923,0.41929869213764537,0.0002178205431138669
Logistic Regression,volume_and_range,0.05,11,15550159730279895949,0.8177710843373494,0.8192771084337349,-0.001506024096385561,0.6871576384662204,0.686143233921688,0.001014404544532388,0.4375,0.4406779661016949,-0.003177966101694907,0.49528301886792453,0.49056603773584906,0.004716981132075471,0.4646017699115044,0.4642857142857143,0.0003160556257901237,0.7659768715763846,0.7663741800229932,-0.00039730844660856857,0.41398774616347356,0.41351633432411855,0.0004714118393550071
Random Forest,volume_and_range,0.05,11,15550159730279895949,0.8358433734939759,0.8343373493975904,0.0015060240963854499,0.640596469872185,0.6377899506323121,0.002806519239872851,0.4807692307692308,0.47435897435897434,0.006410256410256443,0.35377358490566035,0.3490566037735849,0.004716981132075471,0.4076086956521739,0.40217391304347827,0.005434782608695621,0.7367789274362615,0.7351262933657943,0.0016526340704672293,0.41951651268075923,0.4165812240194847,0.0029352886612745155
Logistic Regression,volume_and_range,0.05,12,13586947281678653086,0.8177710843373494,0.8192771084337349,-0.001506024096385561,0.6871576384662204,0.6899641577060932,-0.002806519239872851,0.4375,0.44166666666666665,-0.004166666666666652,0.49528301886792453,0.5,-0.004716981132075471,0.4646017699115044,0.4690265486725664,-0.004424778761061954,0.7659768715763846,0.7660614052884291,-8.45337120445322e-05,0.41398774616347356,0.41324203022706474,0.0007457159364088195
Random Forest,volume_and_range,0.05,12,13586947281678653086,0.8358433734939759,0.8343373493975904,0.0015060240963854499,0.640596469872185,0.6416108744167174,-0.001014404544532388,0.4807692307692308,0.475,0.005769230769230804,0.35377358490566035,0.3584905660377358,-0.004716981132075471,0.4076086956521739,0.40860215053763443,-0.000993454885460543,0.7367789274362615,0.7365760465273552,0.00020288090890629995,0.41951651268075923,0.4177914232381037,0.0017250894426555363
Logistic Regression,volume_and_range,0.05,13,17518626178700676369,0.8177710843373494,0.8185240963855421,-0.0007530120481927804,0.6871576384662204,0.689516129032258,-0.002358490566037652,0.4375,0.43983402489626555,-0.002334024896265552,0.49528301886792453,0.5,-0.004716981132075471,0.4646017699115044,0.46799116997792495,-0.0033894000664205226,0.7659768715763846,0.7662220193413134,-0.0002451477649287881,0.41398774616347356,0.41301774229702093,0.0009700038664526289
Random Forest,volume_and_range,0.05,13,17518626178700676369,0.8358433734939759,0.8365963855421686,-0.0007530120481927804,0.640596469872185,0.6429549604382228,-0.002358490566037763,0.4807692307692308,0.4840764331210191,-0.0033072023517883298,0.35377358490566035,0.3584905660377358,-0.004716981132075471,0.4076086956521739,0.41192411924119243,-0.004315423589018541,0.7367789274362615,0.7371593291404612,-0.00038040170419972874,0.41951651268075923,0.42136698298912706,-0.0018504703083678242
Logistic Regression,volume_and_range,0.05,14,9161126037768419570,0.8177710843373494,0.8192771084337349,-0.001506024096385561,0.6871576384662204,0.686143233921688,0.001014404544532388,0.4375,0.4406779661016949,-0.003177966101694907,0.49528301886792453,0.49056603773584906,0.004716981132075471,0.4646017699115044,0.4642857142857143,0.0003160556257901237,0.7659768715763846,0.7655922431865828,0.0003846283898017999,0.41398774616347356,0.4126924095294764,0.0012953366339971684
Random Forest,volume_and_range,0.05,14,9161126037768419570,0.8358433734939759,0.8373493975903614,-0.001506024096385561,0.640596469872185,0.6453134510042604,-0.004716981132075415,0.4807692307692308,0.4873417721518987,-0.00657254138266794,0.35377358490566035,0.3632075471698113,-0.009433962264150941,0.4076086956521739,0.41621621621621624,-0.008607520564042348,0.7367789274362615,0.7346021843511192,0.002176743085142263,0.41951651268075923,0.4182578538516761,0.001258658829083159
Logistic Regression,volume_and_range,0.05,15,16088797218194499044,0.8177710843373494,0.8170180722891566,0.0007530120481927804,0.6871576384662204,0.6886200716845878,-0.001462433218367476,0.4375,0.43621399176954734,0.001286008230452662,0.49528301886792453,0.5,-0.004716981132075471,0.4646017699115044,0.46593406593406594,-0.0013322960225615188,0.7659768715763846,0.7665305673902753,-0.0005536958138906423,0.41398774616347356,0.4140137907977942,-2.6044634320654403e-05
Random Forest,volume_and_range,0.05,15,16088797218194499044,0.8358433734939759,0.8350903614457831,0.0007530120481927804,0.640596469872185,0.6420589030905525,-0.001462433218367476,0.4807692307692308,0.4779874213836478,0.0027818093855829784,0.35377358490566035,0.3584905660377358,-0.004716981132075471,0.4076086956521739,0.40970350404312667,-0.0020948083909527737,0.7367789274362615,0.7366267667545817,0.00015216068167978047,0.41951651268075923,0.41943732807621514,7.918460454409137e-05
Logistic Regression,volume_and_range,0.05,16,8028596455331559545,0.8177710843373494,0.8207831325301205,-0.003012048192771122,0.6871576384662204,0.6908602150537635,-0.0037025765875431382,0.4375,0.44537815126050423,-0.00787815126050423,0.49528301886792453,0.5,-0.004716981132075471,0.4646017699115044,0.4711111111111111,-0.006509341199606666,0.7659768715763846,0.7663319131669709,-0.00035504159058630247,0.41398774616347356,0.4138406996770592,0.00014704648641433726
Random Forest,volume_and_range,0.05,16,8028596455331559545,0.8358433734939759,0.8365963855421686,-0.0007530120481927804,0.640596469872185,0.6429549604382228,-0.002358490566037763,0.4807692307692308,0.4840764331210191,-0.0033072023517883298,0.35377358490566035,0.3584905660377358,-0.004716981132075471,0.4076086956521739,0.41192411924119243,-0.004315423589018541,0.7367789274362615,0.7354982416987895,0.001280685737471976,0.41951651268075923,0.4190968176771326,0.00041969500362665224
Logistic Regression,volume_and_range,0.05,17,7762359179193682469,0.8177710843373494,0.8177710843373494,0.0,0.6871576384662204,0.6890681003584229,-0.001910461892202564,0.4375,0.4380165289256198,-0.0005165289256198191,0.49528301886792453,0.5,-0.004716981132075471,0.4646017699115044,0.4669603524229075,-0.0023585825114030845,0.7659768715763846,0.7666151011023195,-0.0006382295259348414,0.41398774616347356,0.4144982051358187,-0.0005104589723451403
Random Forest,volume_and_range,0.05,17,7762359179193682469,0.8358433734939759,0.8358433734939759,0.0,0.640596469872185,0.6425069317643877,-0.001910461892202675,0.4807692307692308,0.4810126582278481,-0.00024342745861732906,0.35377358490566035,0.3584905660377358,-0.004716981132075471,0.4076086956521739,0.41081081081081083,-0.0032021151586369423,0.7367789274362615,0.7359462703726245,0.000832657063636999,0.41951651268075923,0.42070929187167294,-0.0011927791909137064
Logistic Regression,volume_and_range,0.05,18,15908994695175941563,0.8177710843373494,0.8192771084337349,-0.001506024096385561,0.6871576384662204,0.6899641577060932,-0.002806519239872851,0.4375,0.44166666666666665,-0.004166666666666652,0.49528301886792453,0.5,-0.004716981132075471,0.4646017699115044,0.4690265486725664,-0.004424778761061954,0.7659768715763846,0.765558429701765,0.0004184418746195906,0.41398774616347356,0.41276637437291674,0.0012213717905568133
Random Forest,volume_and_range,0.05,18,15908994695175941563,0.8358433734939759,0.8365963855421686,-0.0007530120481927804,0.640596469872185,0.6429549604382228,-0.002358490566037763,0.4807692307692308,0.4840764331210191,-0.0033072023517883298,0.35377358490566035,0.3584905660377358,-0.004716981132075471,0.4076086956521739,0.41192411924119243,-0.004315423589018541,0.7367789274362615,0.735836376546967,0.0009425508892945134,0.41951651268075923,0.41900206979776067,0.000514442882998567
Logistic Regression,volume_and_range,0.05,19,6499506924098958018,0.8177710843373494,0.8200301204819277,-0.0022590361445783413,0.6871576384662204,0.6904121863799283,-0.003254547913707939,0.4375,0.4435146443514644,-0.0060146443514644266,0.49528301886792453,0.5,-0.004716981132075471,0.4646017699115044,0.4700665188470067,-0.0054647489355022505,0.7659768715763846,0.7660867654020423,-0.00010989382565773642,0.41398774616347356,0.41336074542901496,0.0006270007344585937
Random Forest,volume_and_range,0.05,19,6499506924098958018,0.8358433734939759,0.8373493975903614,-0.001506024096385561,0.640596469872185,0.6472239128964631,-0.00662744302427809,0.4807692307692308,0.4875,-0.006730769230769207,0.35377358490566035,0.36792452830188677,-0.014150943396226412,0.4076086956521739,0.41935483870967744,-0.011746143057503544,0.7367789274362615,0.7356081355244471,0.0011707919118143506,0.41951651268075923,0.4195944994822641,-7.798680150489234e-05
Logistic Regression,volume_and_range,0.05,20,3091715307068739129,0.8177710843373494,0.8185240963855421,-0.0007530120481927804,0.6871576384662204,0.6856952052478529,0.001462433218367476,0.4375,0.4388185654008439,-0.0013185654008439074,0.49528301886792453,0.49056603773584906,0.004716981132075471,0.4646017699115044,0.46325167037861914,0.001350099532885285,0.7659768715763846,0.7655457496449585,0.0004311219314261372,0.41398774616347356,0.4131557630691622,0.0008319830943113726
Random Forest,volume_and_range,0.05,20,3091715307068739129,0.8358433734939759,0.8350903614457831,0.0007530120481927804,0.640596469872185,0.6439693649827551,-0.003372895110570151,0.4807692307692308,0.4782608695652174,0.0025083612040133763,0.35377358490566035,0.3632075471698113,-0.009433962264150941,0.4076086956521739,0.4128686327077748,-0.005259937055600905,0.7367789274362615,0.7340653952796377,0.0027135321566238435,0.41951651268075923,0.41755483525944836,0.00196167742131087
Logistic Regression,volume_and_range,0.05,21,12356232347972539029,0.8177710843373494,0.8162650602409639,0.0015060240963854499,0.6871576384662204,0.6862615811185501,0.0008960573476702871,0.4375,0.43388429752066116,0.003615702479338845,0.49528301886792453,0.49528301886792453,0.0,0.4646017699115044,0.46255506607929514,0.0020467038322092845,0.7659768715763846,0.7660952187732468,-0.00011834719686221185,0.41398774616347356,0.4134897918371288,0.0004979543263447517
Random Forest,volume_and_range,0.05,21,12356232347972539029,0.8358433734939759,0.8343373493975904,0.0015060240963854499,0.640596469872185,0.6435213363089201,-0.002924866436735063,0.4807692307692308,0.47530864197530864,0.005460588793922139,0.35377358490566035,0.3632075471698113,-0.009433962264150941,0.4076086956521739,0.4117647058823529,-0.00415601023017903,0.7367789274362615,0.7355024683843916,0.0012764590518699048,0.41951651268075923,0.4168826916085398,0.0026338210722194333
Logistic Regression,volume_and_range,0.05,22,14279980746144400759,0.8177710843373494,0.8185240963855421,-0.0007530120481927804,0.6871576384662204,0.6856952052478529,0.001462433218367476,0.4375,0.4388185654008439,-0.0013185654008439074,0.49528301886792453,0.49056603773584906,0.004716981132075471,0.4646017699115044,0.46325167037861914,0.001350099532885285,0.7659768715763846,0.765634510042605,0.00034236153377964484,0.41398774616347356,0.41360159642817057,0.00038614973530298746
Random Forest,volume_and_range,0.05,22,14279980746144400759,0.8358433734939759,0.8335843373493976,0.0022590361445782303,0.640596469872185,0.6411628457428823,-0.0005663758706972999,0.4807692307692308,0.4720496894409938,0.00871954132823699,0.35377358490566035,0.3584905660377358,-0.004716981132075471,0.4076086956521739,0.4075067024128686,0.00010199323930526472,0.7367789274362615,0.7378609589504295,-0.0010820315141679693,0.41951651268075923,0.41794888993713514,0.0015676227436240975
Logistic Regression,volume_and_range,0.05,23,14927013664995706708,0.8177710843373494,0.8162650602409639,0.0015060240963854499,0.6871576384662204,0.6843511192263474,0.002806519239872962,0.4375,0.43333333333333335,0.004166666666666652,0.49528301886792453,0.49056603773584906,0.004716981132075471,0.4646017699115044,0.46017699115044247,0.004424778761061954,0.7659768715763846,0.7659303780347603,4.6493541624337276e-05,0.41398774616347356,0.41361609889535317,0.00037164726812038973
Random Forest,volume_and_range,0.05,23,14927013664995706708,0.8358433734939759,0.8365963855421686,-0.0007530120481927804,0.640596469872185,0.6448654223304253,-0.004268952458240327,0.4807692307692308,0.48427672955974843,-0.003507498790517649,0.35377358490566035,0.3632075471698113,-0.009433962264150941,0.4076086956521739,0.41509433962264153,-0.007485643970467637,0.7367789274362615,0.7382836275106512,-0.001504700074389742,0.41951651268075923,0.41876723035082447,0.000749282329934764
Logistic Regression,volume_and_range,0.05,24,2070788399843793805,0.8177710843373494,0.8170180722891566,0.0007530120481927804,0.6871576384662204,0.6847991479001826,0.002358490566037763,0.4375,0.4351464435146444,0.0023535564853556235,0.49528301886792453,0.49056603773584906,0.004716981132075471,0.4646017699115044,0.4611973392461197,0.0034044306653847056,0.7659768715763846,0.7656894569554338,0.00028741462095083214,0.41398774616347356,0.41288421228979216,0.0011035338736813949
Random Forest,volume_and_range,0.05,24,2070788399843793805,0.8358433734939759,0.8358433734939759,0.0,0.640596469872185,0.6463278555487928,-0.005731385676607803,0.4807692307692308,0.48148148148148145,-0.0007122507122506727,0.35377358490566035,0.36792452830188677,-0.014150943396226412,0.4076086956521739,0.41711229946524064,-0.009503603813066752,0.7367789274362615,0.7359420436870225,0.0008368837492389591,0.41951651268075923,0.4197695285181712,-0.00025301583741194067
Logistic Regression,volume_and_range,0.05,25,7733437267305991453,0.8177710843373494,0.8170180722891566,0.0007530120481927804,0.6871576384662204,0.6847991479001826,0.002358490566037763,0.4375,0.4351464435146444,0.0023535564853556235,0.49528301886792453,0.49056603773584906,0.004716981132075471,0.4646017699115044,0.4611973392461197,0.0034044306653847056,0.7659768715763846,0.7660318184892135,-5.494691282892372e-05,0.41398774616347356,0.41355654118019786,0.00043120498327570145
Random Forest,volume_and_range,0.05,25,7733437267305991453,0.8358433734939759,0.8343373493975904,0.0015060240963854499,0.640596469872185,0.6435213363089201,-0.002924866436735063,0.4807692307692308,0.47530864197530864,0.005460588793922139,0.35377358490566035,0.3632075471698113,-0.009433962264150941,0.4076086956521739,0.4117647058823529,-0.00415601023017903,0.7367789274362615,0.7379370392912694,-0.001158111855007915,0.41951651268075923,0.4183463688761614,0.0011701438045978452
Logistic Regression,volume_and_range,0.05,26,8151404097118609637,0.8177710843373494,0.8155120481927711,0.0022590361445782303,0.6871576384662204,0.685813552444715,0.0013440860215053752,0.4375,0.43209876543209874,0.0054012345679012586,0.49528301886792453,0.49528301886792453,0.0,0.4646017699115044,0.46153846153846156,0.003063308373042861,0.7659768715763846,0.7654147223912896,0.0005621491850950067,0.41398774616347356,0.4132458731521292,0.0007418730113443739
Random Forest,volume_and_range,0.05,26,8151404097118609637,0.8358433734939759,0.8358433734939759,0.0,0.640596469872185,0.6425069317643877,-0.001910461892202675,0.4807692307692308,0.4810126582278481,-0.00024342745861732906,0.35377358490566035,0.3584905660377358,-0.004716981132075471,0.4076086956521739,0.41081081081081083,-0.0032021151586369423,0.7367789274362615,0.7352404138770542,0.0015385135592073107,0.41951651268075923,0.42055890295662224,-0.0010423902758630033
Logistic Regression,volume_and_range,0.05,27,8646950756107210222,0.8177710843373494,0.8192771084337349,-0.001506024096385561,0.6871576384662204,0.686143233921688,0.001014404544532388,0.4375,0.4406779661016949,-0.003177966101694907,0.49528301886792453,0.49056603773584906,0.004716981132075471,0.4646017699115044,0.4642857142857143,0.0003160556257901237,0.7659768715763846,0.7661586190572801,-0.00018174748089549997,0.41398774616347356,0.4140637865229338,-7.60403594602388e-05
Random Forest,volume_and_range,0.05,27,8646950756107210222,0.8358433734939759,0.8381024096385542,-0.0022590361445783413,0.640596469872185,0.6476719415702982,-0.007075471698113178,0.4807692307692308,0.49056603773584906,-0.009796806966618277,0.35377358490566035,0.36792452830188677,-0.014150943396226412,0.4076086956521739,0.42048517520215634,-0.012876479549982445,0.7367789274362615,0.7365802732129574,0.00019865422330411775,0.41951651268075923,0.4195899062414639,-7.339356070468206e-05
Logistic Regression,volume_and_range,0.05,28,5091465540726821183,0.8177710843373494,0.8170180722891566,0.0007530120481927804,0.6871576384662204,0.6867096097923852,0.00044802867383519906,0.4375,0.43568464730290457,0.0018153526970954292,0.49528301886792453,0.49528301886792453,0.0,0.4646017699115044,0.46357615894039733,0.0010256109711070938,0.7659768715763846,0.7662685128829376,-0.00029164130655301435,0.41398774616347356,0.4132578729165054,0.0007298732469681601
Random Forest,volume_and_range,0.05,28,5091465540726821183,0.8358433734939759,0.838855421686747,-0.003012048192771122,0.640596469872185,0.6481199702441334,-0.007523500371948377,0.4807692307692308,0.4936708860759494,-0.012901655306718607,0.35377358490566035,0.36792452830188677,-0.014150943396226412,0.4076086956521739,0.42162162162162165,-0.014012925969447754,0.7367789274362615,0.7355700953540272,0.0012088320822343235,0.41951651268075923,0.4202945635106802,-0.0007780508299209399
Logistic Regression,volume_and_range,0.05,29,18236316150367430687,0.8177710843373494,0.8192771084337349,-0.001506024096385561,0.6871576384662204,0.6899641577060932,-0.002806519239872851,0.4375,0.44166666666666665,-0.004166666666666652,0.49528301886792453,0.5,-0.004716981132075471,0.4646017699115044,0.4690265486725664,-0.004424778761061954,0.7659768715763846,0.7665178873334687,-0.0005410157570840957,0.41398774616347356,0.4143326898756965,-0.00034494371222293374
Random Forest,volume_and_range,0.05,29,18236316150367430687,0.8358433734939759,0.8396084337349398,-0.0037650602409639022,0.640596469872185,0.6485679989179685,-0.007971529045783465,0.4807692307692308,0.4968152866242038,-0.01604605585497304,0.35377358490566035,0.36792452830188677,-0.014150943396226412,0.4076086956521739,0.42276422764227645,-0.015155531990102555,0.7367789274362615,0.7354432947859606,0.0013356326503008997,0.41951651268075923,0.41946307119928483,5.344148147440331e-05
Logistic Regression,volume_and_range,0.1,0,8097368859142305210,0.8177710843373494,0.8170180722891566,0.0007530120481927804,0.6871576384662204,0.6847991479001826,0.002358490566037763,0.4375,0.4351464435146444,0.0023535564853556235,0.49528301886792453,0.49056603773584906,0.004716981132075471,0.4646017699115044,0.4611973392461197,0.0034044306653847056,0.7659768715763846,0.7662980996821533,-0.00032122810576873384,0.41398774616347356,0.41324434179654834,0.0007434043669252155
Random Forest,volume_and_range,0.1,0,8097368859142305210,0.8358433734939759,0.8365963855421686,-0.0007530120481927804,0.640596469872185,0.646775884222628,-0.006179414350443002,0.4807692307692308,0.484472049689441,-0.003702818920210238,0.35377358490566035,0.36792452830188677,-0.014150943396226412,0.4076086956521739,0.41823056300268097,-0.010621867350507075,0.7367789274362615,0.7385034151619665,-0.0017244877257049929,0.41951651268075923,0.4187629563866163,0.0007535562941429208
Logistic Regression,volume_and_range,0.1,1,2797757477496401104,0.8177710843373494,0.8177710843373494,0.0,0.6871576384662204,0.6871576384662204,0.0,0.4375,0.4375,0.0,0.49528301886792453,0.49528301886792453,0.0,0.4646017699115044,0.4646017699115044,0.0,0.7659768715763846,0.7650258673158856,0.0009510042604989888,0.41398774616347356,0.4135589135975371,0.00042883256593645447
Random Forest,volume_and_range,0.1,1,2797757477496401104,0.8358433734939759,0.8373493975903614,-0.001506024096385561,0.640596469872185,0.6491343747886658,-0.008537904916480765,0.4807692307692308,0.4876543209876543,-0.00688509021842354,0.35377358490566035,0.37264150943396224,-0.018867924528301883,0.4076086956521739,0.42245989304812837,-0.014851197395954474,0.7367789274362615,0.735122066680192,0.0016568607560695225,0.41951651268075923,0.4172501891259968,0.002266323554762417
Logistic Regression,volume_and_range,0.1,2,18243013731437633422,0.8177710843373494,0.8185240963855421,-0.0007530120481927804,0.6871576384662204,0.6876056671400554,-0.00044802867383508804,0.4375,0.4393305439330544,-0.0018305439330543738,0.49528301886792453,0.49528301886792453,0.0,0.4646017699115044,0.4656319290465632,-0.0010301591350587724,0.7659768715763846,0.7652372015959965,0.0007396699803881024,0.41398774616347356,0.4132642145794326,0.0007235315840409817
Random Forest,volume_and_range,0.1,2,18243013731437633422,0.8358433734939759,0.8365963855421686,-0.0007530120481927804,0.640596469872185,0.6448654223304253,-0.004268952458240327,0.4807692307692308,0.48427672955974843,-0.003507498790517649,0.35377358490566035,0.3632075471698113,-0.009433962264150941,0.4076086956521739,0.41509433962264153,-0.007485643970467637,0.7367789274362615,0.7308108473659295,0.005968080070332005,0.41951651268075923,0.41547041069871443,0.004046101982044803
Logistic Regression,volume_and_range,0.1,3,3888172665498703981,0.8177710843373494,0.8177710843373494,0.0,0.6871576384662204,0.6909785622506256,-0.003820923784405239,0.4375,0.4385245901639344,-0.0010245901639344135,0.49528301886792453,0.5047169811320755,-0.009433962264150997,0.4646017699115044,0.4692982456140351,-0.004696475702530678,0.7659768715763846,0.7673589977683102,-0.00138212619192557,0.41398774616347356,0.4157030697123812,-0.0017153235489076324
Random Forest,volume_and_range,0.1,3,3888172665498703981,0.8358433734939759,0.8403614457831325,-0.004518072289156683,0.640596469872185,0.6547474132684115,-0.014150943396226467,0.4807692307692308,0.5,-0.019230769230769218,0.35377358490566035,0.38207547169811323,-0.02830188679245288,0.4076086956521739,0.43315508021390375,-0.025546384561729862,0.7367789274362615,0.7385456820179888,-0.001766754581727259,0.41951651268075923,0.42077365906787945,-0.0012571463871202115
Logistic Regression,volume_and_range,0.1,4,12004479628542741096,0.8177710843373494,0.8162650602409639,0.0015060240963854499,0.6871576384662204,0.6843511192263474,0.002806519239872962,0.4375,0.43333333333333335,0.004166666666666652,0.49528301886792453,0.49056603773584906,0.004716981132075471,0.4646017699115044,0.46017699115044247,0.004424778761061954,0.7659768715763846,0.7667926218976129,-0.0008157503212282702,0.41398774616347356,0.4153422138898158,-0.0013544677263422344
Random Forest,volume_and_range,0.1,4,12004479628542741096,0.8358433734939759,0.8365963855421686,-0.0007530120481927804,0.640596469872185,0.6429549604382228,-0.002358490566037763,0.4807692307692308,0.4840764331210191,-0.0033072023517883298,0.35377358490566035,0.3584905660377358,-0.004716981132075471,0.4076086956521739,0.41192411924119243,-0.004315423589018541,0.7367789274362615,0.7372058226820856,-0.000426895245824066,0.41951651268075923,0.416871736097187,0.0026447765835722614
Logistic Regression,volume_and_range,0.1,5,11062110611513519073,0.8177710843373494,0.8170180722891566,0.0007530120481927804,0.6871576384662204,0.6867096097923852,0.00044802867383519906,0.4375,0.43568464730290457,0.0018153526970954292,0.49528301886792453,0.49528301886792453,0.0,0.4646017699115044,0.46357615894039733,0.0010256109711070938,0.7659768715763846,0.766526340704673,-0.000549469128288349,0.41398774616347356,0.41365689695058433,0.0003308492128892282
Random Forest,volume_and_range,0.1,5,11062110611513519073,0.8358433734939759,0.8373493975903614,-0.001506024096385561,0.640596469872185,0.6434029891120578,-0.002806519239872851,0.4807692307692308,0.48717948717948717,-0.0064102564102563875,0.35377358490566035,0.3584905660377358,-0.004716981132075471,0.4076086956521739,0.41304347826086957,-0.005434782608695676,0.7367789274362615,0.7380807466017447,-0.00130181916548322,0.41951651268075923,0.4182318749482493,0.001284637732509919
Logistic Regression,volume_and_range,0.1,6,17079234493762267900,0.8177710843373494,0.8177710843373494,0.0,0.6871576384662204,0.6852471765740178,0.001910461892202564,0.4375,0.4369747899159664,0.0005252100840336116,0.49528301886792453,0.49056603773584906,0.004716981132075471,0.4646017699115044,0.4622222222222222,0.0023795476892822243,0.7659768715763846,0.7656640968418206,0.00031277473456403637,0.41398774616347356,0.41312762031455885,0.0008601258489147057
Random Forest,volume_and_range,0.1,6,17079234493762267900,0.8358433734939759,0.8373493975903614,-0.001506024096385561,0.640596469872185,0.6491343747886658,-0.008537904916480765,0.4807692307692308,0.4876543209876543,-0.00688509021842354,0.35377358490566035,0.37264150943396224,-0.018867924528301883,0.4076086956521739,0.42245989304812837,-0.014851197395954474,0.7367789274362615,0.7358067897477514,0.0009721376885101218,0.41951651268075923,0.4151734316169846,0.004343081063774623
Logistic Regression,volume_and_range,0.1,7,14780253847370618827,0.8177710843373494,0.8170180722891566,0.0007530120481927804,0.6871576384662204,0.6847991479001826,0.002358490566037763,0.4375,0.4351464435146444,0.0023535564853556235,0.49528301886792453,0.49056603773584906,0.004716981132075471,0.4646017699115044,0.4611973392461197,0.0034044306653847056,0.7659768715763846,0.7653893622776764,0.0005875092987082109,0.41398774616347356,0.41243248396210624,0.0015552622013673134
Random Forest,volume_and_range,0.1,7,14780253847370618827,0.8358433734939759,0.8365963855421686,-0.0007530120481927804,0.640596469872185,0.6429549604382228,-0.002358490566037763,0.4807692307692308,0.4840764331210191,-0.0033072023517883298,0.35377358490566035,0.3584905660377358,-0.004716981132075471,0.4076086956521739,0.41192411924119243,-0.004315423589018541,0.7367789274362615,0.7376369446135119,-0.0008580171772504253,0.41951651268075923,0.4210353284824331,-0.0015188158016738451
Logistic Regression,volume_and_range,0.1,8,16089047680761431827,0.8177710843373494,0.8177710843373494,0.0,0.6871576384662204,0.6852471765740178,0.001910461892202564,0.4375,0.4369747899159664,0.0005252100840336116,0.49528301886792453,0.49056603773584906,0.004716981132075471,0.4646017699115044,0.4622222222222222,0.0023795476892822243,0.7659768715763846,0.7669194224656792,-0.0009425508892946244,0.41398774616347356,0.41402846953065375,-4.0723367180195424e-05
Random Forest,volume_and_range,0.1,8,16089047680761431827,0.8358433734939759,0.8335843373493976,0.0022590361445782303,0.640596469872185,0.6449837695272874,-0.004387299655102428,0.4807692307692308,0.4727272727272727,0.008041958041958064,0.35377358490566035,0.36792452830188677,-0.014150943396226412,0.4076086956521739,0.41379310344827586,-0.006184407796101965,0.7367789274362615,0.7397249273010076,-0.002945999864746085,0.41951651268075923,0.41848003761615316,0.0010364750646060794
Logistic Regression,volume_and_range,0.1,9,11893789729551253652,0.8177710843373494,0.8192771084337349,-0.001506024096385561,0.6871576384662204,0.6880536958138905,-0.0008960573476701761,0.4375,0.4411764705882353,-0.003676470588235281,0.49528301886792453,0.49528301886792453,0.0,0.4646017699115044,0.4666666666666667,-0.002064896755162249,0.7659768715763846,0.7661248055724623,-0.0001479339960777093,0.41398774616347356,0.41295194613770325,0.001035800025770306
Random Forest,volume_and_range,0.1,9,11893789729551253652,0.8358433734939759,0.8365963855421686,-0.0007530120481927804,0.640596469872185,0.646775884222628,-0.006179414350443002,0.4807692307692308,0.484472049689441,-0.003702818920210238,0.35377358490566035,0.36792452830188677,-0.014150943396226412,0.4076086956521739,0.41823056300268097,-0.010621867350507075,0.7367789274362615,0.7339893149387977,0.0027896124974637893,0.41951651268075923,0.4157035290107334,0.00381298367002586
Logistic Regression,volume_and_range,0.1,10,11627080231113207693,0.8177710843373494,0.8177710843373494,0.0,0.6871576384662204,0.6871576384662204,0.0,0.4375,0.4375,0.0,0.49528301886792453,0.49528301886792453,0.0,0.4646017699115044,0.4646017699115044,0.0,0.7659768715763846,0.7653090552512342,0.0006678163251504499,0.41398774616347356,0.4141624277846469,-0.00017468162117334485
Random Forest,volume_and_range,0.1,10,11627080231113207693,0.8358433734939759,0.8335843373493976,0.0022590361445782303,0.640596469872185,0.6430733076350849,-0.002476837762899864,0.4807692307692308,0.4723926380368098,0.008376592732420973,0.35377358490566035,0.3632075471698113,-0.009433962264150941,0.4076086956521739,0.4106666666666667,-0.0030579710144927885,0.7367789274362615,0.735895550145398,0.0008833772908635185,0.41951651268075923,0.41760202507902944,0.0019144876017297974
Logistic Regression,volume_and_range,0.1,11,3269081541656497627,0.8177710843373494,0.8155120481927711,0.0022590361445782303,0.6871576384662204,0.6819926286603097,0.005165009805910614,0.4375,0.4309623430962343,0.006537656903765676,0.49528301886792453,0.4858490566037736,0.009433962264150941,0.4646017699115044,0.4567627494456763,0.007839020465828128,0.7659768715763846,0.7663276864813687,-0.00035081490498412027,0.41398774616347356,0.41272157000547677,0.00126617615799679
Random Forest,volume_and_range,0.1,11,3269081541656497627,0.8358433734939759,0.8328313253012049,0.0030120481927710108,0.640596469872185,0.6349834313924393,0.005613038479745702,0.4807692307692308,0.46794871794871795,0.01282051282051283,0.35377358490566035,0.3443396226415094,0.009433962264150941,0.4076086956521739,0.3967391304347826,0.010869565217391297,0.7367789274362615,0.7357518428349226,0.0010270846013389345,0.41951651268075923,0.4144413329194693,0.005075179761289961
Logistic Regression,volume_and_range,0.1,12,7962682307688596486,0.8177710843373494,0.8162650602409639,0.0015060240963854499,0.6871576384662204,0.6862615811185501,0.0008960573476702871,0.4375,0.43388429752066116,0.003615702479338845,0.49528301886792453,0.49528301886792453,0.0,0.4646017699115044,0.46255506607929514,0.0020467038322092845,0.7659768715763846,0.7659684182051802,8.453371204364402e-06,0.41398774616347356,0.4129284711497937,0.0010592750136798612
Random Forest,volume_and_range,0.1,12,7962682307688596486,0.8358433734939759,0.8350903614457831,0.0007530120481927804,0.640596469872185,0.6420589030905525,-0.001462433218367476,0.4807692307692308,0.4779874213836478,0.0027818093855829784,0.35377358490566035,0.3584905660377358,-0.004716981132075471,0.4076086956521739,0.40970350404312667,-0.0020948083909527737,0.7367789274362615,0.7357180293501048,0.0010608980861567252,0.41951651268075923,0.4163668560018594,0.003149656678899826
Logistic Regression,volume_and_range,0.1,13,17901785600304953765,0.8177710843373494,0.8177710843373494,0.0,0.6871576384662204,0.6890681003584229,-0.001910461892202564,0.4375,0.4380165289256198,-0.0005165289256198191,0.49528301886792453,0.5,-0.004716981132075471,0.4646017699115044,0.4669603524229075,-0.0023585825114030845,0.7659768715763846,0.7664291269358221,-0.0004522553594374923,0.41398774616347356,0.41272393508306454,0.0012638110804090164
Random Forest,volume_and_range,0.1,13,17901785600304953765,0.8358433734939759,0.8343373493975904,0.0015060240963854499,0.640596469872185,0.6416108744167174,-0.001014404544532388,0.4807692307692308,0.475,0.005769230769230804,0.35377358490566035,0.3584905660377358,-0.004716981132075471,0.4076086956521739,0.40860215053763443,-0.000993454885460543,0.7367789274362615,0.7351516534794076,0.001627273956853914,0.41951651268075923,0.4202862894169061,-0.0007697767361468655
Logistic Regression,volume_and_range,0.1,14,9825535331142247046,0.8177710843373494,0.8192771084337349,-0.001506024096385561,0.6871576384662204,0.686143233921688,0.001014404544532388,0.4375,0.4406779661016949,-0.003177966101694907,0.49528301886792453,0.49056603773584906,0.004716981132075471,0.4646017699115044,0.4642857142857143,0.0003160556257901237,0.7659768715763846,0.765207614796781,0.0007692567796035998,0.41398774616347356,0.4124102699848082,0.0015774761786653824
Random Forest,volume_and_range,0.1,14,9825535331142247046,0.8358433734939759,0.8365963855421686,-0.0007530120481927804,0.640596469872185,0.6410444985460202,-0.00044802867383519906,0.4807692307692308,0.4838709677419355,-0.003101736972704716,0.35377358490566035,0.35377358490566035,0.0,0.4076086956521739,0.4087193460490463,-0.0011106503968724146,0.7367789274362615,0.7349614526273078,0.0018174748089536674,0.41951651268075923,0.41715268733439687,0.0023638253463623693
Logistic Regression,volume_and_range,0.1,15,8052283404196647777,0.8177710843373494,0.8177710843373494,0.0,0.6871576384662204,0.6890681003584229,-0.001910461892202564,0.4375,0.4380165289256198,-0.0005165289256198191,0.49528301886792453,0.5,-0.004716981132075471,0.4646017699115044,0.4669603524229075,-0.0023585825114030845,0.7659768715763846,0.7669109690944749,-0.00093409751809026,0.41398774616347356,0.41447147886750146,-0.000483732704027906
Random Forest,volume_and_range,0.1,15,8052283404196647777,0.8358433734939759,0.8343373493975904,0.0015060240963854499,0.640596469872185,0.6435213363089201,-0.002924866436735063,0.4807692307692308,0.47530864197530864,0.005460588793922139,0.35377358490566035,0.3632075471698113,-0.009433962264150941,0.4076086956521739,0.4117647058823529,-0.00415601023017903,0.7367789274362615,0.7365887265841619,0.00019020085209964233,0.41951651268075923,0.4211887208100296,-0.0016722081292703805
Logistic Regression,volume_and_range,0.1,16,7461263820458078224,0.8177710843373494,0.822289156626506,-0.004518072289156683,0.6871576384662204,0.6936667342936363,-0.006509095827415989,0.4375,0.4495798319327731,-0.012079831932773122,0.49528301886792453,0.5047169811320755,-0.009433962264150997,0.4646017699115044,0.47555555555555556,-0.01095378564405114,0.7659768715763846,0.7665305673902751,-0.0005536958138905312,0.41398774616347356,0.41452786642790646,-0.0005401202644328973
Random Forest,volume_and_range,0.1,16,7461263820458078224,0.8358433734939759,0.8358433734939759,0.0,0.640596469872185,0.6425069317643877,-0.001910461892202675,0.4807692307692308,0.4810126582278481,-0.00024342745861732906,0.35377358490566035,0.3584905660377358,-0.004716981132075471,0.4076086956521739,0.41081081081081083,-0.0032021151586369423,0.7367789274362615,0.735933590315818,0.0008453371204435456,0.41951651268075923,0.4183235137208155,0.0011929989599437363
Logistic Regression,volume_and_range,0.1,17,10517417347684882710,0.8177710843373494,0.8177710843373494,0.0,0.6871576384662204,0.6909785622506256,-0.003820923784405239,0.4375,0.4385245901639344,-0.0010245901639344135,0.49528301886792453,0.5047169811320755,-0.009433962264150997,0.4646017699115044,0.4692982456140351,-0.004696475702530678,0.7659768715763846,0.7672955974842767,-0.00131872590789206,0.41398774616347356,0.41564545955752286,-0.0016577133940492983
Random Forest,volume_and_range,0.1,17,10517417347684882710,0.8358433734939759,0.8350903614457831,0.0007530120481927804,0.640596469872185,0.6439693649827551,-0.003372895110570151,0.4807692307692308,0.4782608695652174,0.0025083612040133763,0.35377358490566035,0.3632075471698113,-0.009433962264150941,0.4076086956521739,0.4128686327077748,-0.005259937055600905,0.7367789274362615,0.7357729762629337,0.0010059511733278015,0.41951651268075923,0.42053215913257924,-0.001015646451820007
Logistic Regression,volume_and_range,0.1,18,9983468183744378741,0.8177710843373494,0.8192771084337349,-0.001506024096385561,0.6871576384662204,0.6899641577060932,-0.002806519239872851,0.4375,0.44166666666666665,-0.004166666666666652,0.49528301886792453,0.5,-0.004716981132075471,0.4646017699115044,0.4690265486725664,-0.004424778761061954,0.7659768715763846,0.7650343206870899,0.0009425508892947354,0.41398774616347356,0.41210375185127013,0.0018839943122034297
Random Forest,volume_and_range,0.1,18,9983468183744378741,0.8358433734939759,0.8365963855421686,-0.0007530120481927804,0.640596469872185,0.6410444985460202,-0.00044802867383519906,0.4807692307692308,0.4838709677419355,-0.003101736972704716,0.35377358490566035,0.35377358490566035,0.0,0.4076086956521739,0.4087193460490463,-0.0011106503968724146,0.7367789274362615,0.7346486778927437,0.002130249543517815,0.41951651268075923,0.4202372648575177,-0.0007207521767584879
Logistic Regression,volume_and_range,0.1,19,4098203926130037016,0.8177710843373494,0.8192771084337349,-0.001506024096385561,0.6871576384662204,0.6899641577060932,-0.002806519239872851,0.4375,0.44166666666666665,-0.004166666666666652,0.49528301886792453,0.5,-0.004716981132075471,0.4646017699115044,0.4690265486725664,-0.004424778761061954,0.7659768715763846,0.7660487252316224,-7.185365523776355e-05,0.41398774616347356,0.41364711738934723,0.0003406287741263281
Random Forest,volume_and_range,0.1,19,4098203926130037016,0.8358433734939759,0.8365963855421686,-0.0007530120481927804,0.640596469872185,0.646775884222628,-0.006179414350443002,0.4807692307692308,0.484472049689441,-0.003702818920210238,0.35377358490566035,0.36792452830188677,-0.014150943396226412,0.4076086956521739,0.41823056300268097,-0.010621867350507075,0.7367789274362615,0.7337864340298912,0.0029924934063703112,0.41951651268075923,0.4182892383469229,0.0012272743338363479
Logistic Regression,volume_and_range,0.1,20,14422104929598500313,0.8177710843373494,0.8200301204819277,-0.0022590361445783413,0.6871576384662204,0.686591262595523,0.0005663758706972999,0.4375,0.4425531914893617,-0.005053191489361675,0.49528301886792453,0.49056603773584906,0.004716981132075471,0.4646017699115044,0.465324384787472,-0.0007226148759675866,0.7659768715763846,0.7647680394941503,0.0012088320822343235,0.41398774616347356,0.4129077770281786,0.0010799691352949559
Random Forest,volume_and_range,0.1,20,14422104929598500313,0.8358433734939759,0.8350903614457831,0.0007530120481927804,0.640596469872185,0.6439693649827551,-0.003372895110570151,0.4807692307692308,0.4782608695652174,0.0025083612040133763,0.35377358490566035,0.3632075471698113,-0.009433962264150941,0.4076086956521739,0.4128686327077748,-0.005259937055600905,0.7367789274362615,0.7333299519848516,0.0034489754514098747,0.41951651268075923,0.4159931336989698,0.003523378981789449
Logistic Regression,volume_and_range,0.1,21,12783851941345583512,0.8177710843373494,0.8155120481927711,0.0022590361445782303,0.6871576384662204,0.6877240143369175,-0.0005663758706971889,0.4375,0.4326530612244898,0.004846938775510179,0.49528301886792453,0.5,-0.004716981132075471,0.4646017699115044,0.4638949671772429,0.0007068027342615468,0.7659768715763846,0.7663614999661865,-0.00038462838980191094,0.41398774616347356,0.4131595643075911,0.0008281818558824594
Random Forest,volume_and_range,0.1,21,12783851941345583512,0.8358433734939759,0.8350903614457831,0.0007530120481927804,0.640596469872185,0.6458798268749577,-0.005283357002772715,0.4807692307692308,0.4785276073619632,0.002241623407267579,0.35377358490566035,0.36792452830188677,-0.014150943396226412,0.4076086956521739,0.416,-0.00839130434782609,0.7367789274362615,0.7357307094069114,0.0010482180293500676,0.41951651268075923,0.4155773597725315,0.003939152908227717
Logistic Regression,volume_and_range,0.1,22,1565418106612667680,0.8177710843373494,0.8200301204819277,-0.0022590361445783413,0.6871576384662204,0.6885017244877257,-0.0013440860215053752,0.4375,0.4430379746835443,-0.005537974683544278,0.49528301886792453,0.49528301886792453,0.0,0.4646017699115044,0.46770601336302897,-0.0031042434515245465,0.7659768715763846,0.7650977209711232,0.0008791506052614473,0.41398774616347356,0.4132537785891198,0.0007339675743537333
Random Forest,volume_and_range,0.1,22,1565418106612667680,0.8358433734939759,0.8343373493975904,0.0015060240963854499,0.640596469872185,0.6435213363089201,-0.002924866436735063,0.4807692307692308,0.47530864197530864,0.005460588793922139,0.35377358490566035,0.3632075471698113,-0.009433962264150941,0.4076086956521739,0.4117647058823529,-0.00415601023017903,0.7367789274362615,0.7363013119632109,0.0004776154730505855,0.41951651268075923,0.41542178897305376,0.004094723707705472
Logistic Regression,volume_and_range,0.1,23,12983692467481344157,0.8177710843373494,0.8147590361445783,0.0030120481927710108,0.6871576384662204,0.6834550618786772,0.0037025765875431382,0.4375,0.4297520661157025,0.007747933884297509,0.49528301886792453,0.49056603773584906,0.004716981132075471,0.4646017699115044,0.4581497797356828,0.006451990175821598,0.7659768715763846,0.7659599648339759,1.6906742408728803e-05,0.41398774616347356,0.41346444009672373,0.000523306066749829
Random Forest,volume_and_range,0.1,23,12983692467481344157,0.8358433734939759,0.8358433734939759,0.0,0.640596469872185,0.6425069317643877,-0.001910461892202675,0.4807692307692308,0.4810126582278481,-0.00024342745861732906,0.35377358490566035,0.3584905660377358,-0.004716981132075471,0.4076086956521739,0.41081081081081083,-0.0032021151586369423,0.7367789274362615,0.737501690674241,-0.0007227632379794846,0.41951651268075923,0.4164631114369037,0.003053401243855558
Logistic Regression,volume_and_range,0.1,24,3910393069376166869,0.8177710843373494,0.8155120481927711,0.0022590361445782303,0.6871576384662204,0.685813552444715,0.0013440860215053752,0.4375,0.43209876543209874,0.0054012345679012586,0.49528301886792453,0.49528301886792453,0.0,0.4646017699115044,0.46153846153846156,0.003063308373042861,0.7659768715763846,0.765266788395212,0.0007100831811726049,0.41398774616347356,0.41262265773121465,0.0013650884322589096
Random Forest,volume_and_range,0.1,24,3910393069376166869,0.8358433734939759,0.8343373493975904,0.0015060240963854499,0.640596469872185,0.6435213363089201,-0.002924866436735063,0.4807692307692308,0.47530864197530864,0.005460588793922139,0.35377358490566035,0.3632075471698113,-0.009433962264150941,0.4076086956521739,0.4117647058823529,-0.00415601023017903,0.7367789274362615,0.7338456076283221,0.0029333198079394274,0.41951651268075923,0.4187463057950172,0.0007702068857420308
Logistic Regression,volume_and_range,0.1,25,2332553147219832115,0.8177710843373494,0.8177710843373494,0.0,0.6871576384662204,0.6852471765740178,0.001910461892202564,0.4375,0.4369747899159664,0.0005252100840336116,0.49528301886792453,0.49056603773584906,0.004716981132075471,0.4646017699115044,0.4622222222222222,0.0023795476892822243,0.7659768715763846,0.7657824440386826,0.00019442753770204657,0.41398774616347356,0.41360851570751067,0.00037923045596288674
Random Forest,volume_and_range,0.1,25,2332553147219832115,0.8358433734939759,0.8320783132530121,0.003765060240963791,0.640596469872185,0.6421772502874146,-0.0015807804152295768,0.4807692307692308,0.4666666666666667,0.014102564102564108,0.35377358490566035,0.3632075471698113,-0.009433962264150941,0.4076086956521739,0.40848806366047746,-0.0008793680083035715,0.7367789274362615,0.7360730709406912,0.0007058564955703117,0.41951651268075923,0.4149052460301241,0.00461126665063516
Logistic Regression,volume_and_range,0.1,26,15710590005716894206,0.8177710843373494,0.8147590361445783,0.0030120481927710108,0.6871576384662204,0.6853655237708798,0.0017921146953405742,0.4375,0.430327868852459,0.0071721311475410054,0.49528301886792453,0.49528301886792453,0.0,0.4646017699115044,0.4605263157894737,0.004075454122030753,0.7659768715763846,0.7649582403462502,0.0010186312301344591,0.41398774616347356,0.41303436473117483,0.0009533814322987277
Random Forest,volume_and_range,0.1,26,15710590005716894206,0.8358433734939759,0.8343373493975904,0.0015060240963854499,0.640596469872185,0.6435213363089201,-0.002924866436735063,0.4807692307692308,0.47530864197530864,0.005460588793922139,0.35377358490566035,0.3632075471698113,-0.009433962264150941,0.4076086956521739,0.4117647058823529,-0.00415601023017903,0.7367789274362615,0.7352488672482587,0.0015300601880028353,0.41951651268075923,0.41983652480255185,-0.0003200121217926122
Logistic Regression,volume_and_range,0.1,27,2763527244112839932,0.8177710843373494,0.8200301204819277,-0.0022590361445783413,0.6871576384662204,0.686591262595523,0.0005663758706972999,0.4375,0.4425531914893617,-0.005053191489361675,0.49528301886792453,0.49056603773584906,0.004716981132075471,0.4646017699115044,0.465324384787472,-0.0007226148759675866,0.7659768715763846,0.7662304727125178,-0.0002536011361331525,0.41398774616347356,0.4139026064366272,8.513972684637272e-05
Random Forest,volume_and_range,0.1,27,2763527244112839932,0.8358433734939759,0.8350903614457831,0.0007530120481927804,0.640596469872185,0.6439693649827551,-0.003372895110570151,0.4807692307692308,0.4782608695652174,0.0025083612040133763,0.35377358490566035,0.3632075471698113,-0.009433962264150941,0.4076086956521739,0.4128686327077748,-0.005259937055600905,0.7367789274362615,0.7374213836477987,-0.0006424562115372456,0.41951651268075923,0.418440496562654,0.0010760161181052608
Logistic Regression,volume_and_range,0.1,28,9780467993583877160,0.8177710843373494,0.8162650602409639,0.0015060240963854499,0.6871576384662204,0.6881720430107527,-0.001014404544532388,0.4375,0.4344262295081967,0.003073770491803296,0.49528301886792453,0.5,-0.004716981132075471,0.4646017699115044,0.4649122807017544,-0.00031051079024996264,0.7659768715763846,0.7664544870494353,-0.0004776154730506965,0.41398774616347356,0.41325818624807054,0.0007295599154030219
Random Forest,volume_and_range,0.1,28,9780467993583877160,0.8358433734939759,0.8365963855421686,-0.0007530120481927804,0.640596469872185,0.646775884222628,-0.006179414350443002,0.4807692307692308,0.484472049689441,-0.003702818920210238,0.35377358490566035,0.36792452830188677,-0.014150943396226412,0.4076086956521739,0.41823056300268097,-0.010621867350507075,0.7367789274362615,0.7350037194833299,0.0017752079529316234,0.41951651268075923,0.4187092540883407,0.000807258592418536
Logistic Regression,volume_and_range,0.1,29,12135790588274973910,0.8177710843373494,0.8200301204819277,-0.0022590361445783413,0.6871576384662204,0.692322648272131,-0.005165009805910614,0.4375,0.44398340248962653,-0.006483402489626533,0.49528301886792453,0.5047169811320755,-0.009433962264150997,0.4646017699115044,0.47240618101545256,-0.007804411103948139,0.7659768715763846,0.7671392101169946,-0.0011623385406099862,0.41398774616347356,0.41451132017731707,-0.0005235740138435085
Random Forest,volume_and_range,0.1,29,12135790588274973910,0.8358433734939759,0.8358433734939759,0.0,0.640596469872185,0.6425069317643877,-0.001910461892202675,0.4807692307692308,0.4810126582278481,-0.00024342745861732906,0.35377358490566035,0.3584905660377358,-0.004716981132075471,0.4076086956521739,0.41081081081081083,-0.0032021151586369423,0.7367789274362615,0.7366225400689794,0.0001563873672820737,0.41951651268075923,0.4200322539307597,-0.0005157412500004788
Logistic Regression,volume_and_range,0.2,0,1457402477784947523,0.8177710843373494,0.8155120481927711,0.0022590361445782303,0.6871576384662204,0.6819926286603097,0.005165009805910614,0.4375,0.4309623430962343,0.006537656903765676,0.49528301886792453,0.4858490566037736,0.009433962264150941,0.4646017699115044,0.4567627494456763,0.007839020465828128,0.7659768715763846,0.7665347940758774,-0.0005579224994928245,0.41398774616347356,0.4143179766778801,-0.0003302305144065598
Random Forest,volume_and_range,0.2,0,1457402477784947523,0.8358433734939759,0.8381024096385542,-0.0022590361445783413,0.640596469872185,0.6514928653547034,-0.010896395482518417,0.4807692307692308,0.49079754601226994,-0.010028315243039154,0.35377358490566035,0.37735849056603776,-0.02358490566037741,0.4076086956521739,0.4266666666666667,-0.019057971014492803,0.7367789274362615,0.7396403935889633,-0.002861466152701775,0.41951651268075923,0.4207691699800203,-0.0012526572992610507
Logistic Regression,volume_and_range,0.2,1,12091359647980854310,0.8177710843373494,0.8177710843373494,0.0,0.6871576384662204,0.6890681003584229,-0.001910461892202564,0.4375,0.4380165289256198,-0.0005165289256198191,0.49528301886792453,0.5,-0.004716981132075471,0.4646017699115044,0.4669603524229075,-0.0023585825114030845,0.7659768715763846,0.7638254886048557,0.002151382971528948,0.41398774616347356,0.41367614555270493,0.00031160061076862533
Random Forest,volume_and_range,0.2,1,12091359647980854310,0.8358433734939759,0.838855421686747,-0.003012048192771122,0.640596469872185,0.6500304321363359,-0.009433962264150941,0.4807692307692308,0.49375,-0.01298076923076924,0.35377358490566035,0.37264150943396224,-0.018867924528301883,0.4076086956521739,0.42473118279569894,-0.017122487143525045,0.7367789274362615,0.7312039291269359,0.005574998309325618,0.41951651268075923,0.4164452429731413,0.003071269707617952
Logistic Regression,volume_and_range,0.2,2,13025110686872067739,0.8177710843373494,0.8155120481927711,0.0022590361445782303,0.6871576384662204,0.6839030905525123,0.00325454791370805,0.4375,0.4315352697095436,0.00596473029045641,0.49528301886792453,0.49056603773584906,0.004716981132075471,0.4646017699115044,0.45916114790286977,0.005440622008634655,0.7659768715763846,0.7643453709339284,0.0016315006424562073,0.41398774616347356,0.4135364093097355,0.0004513368537380491
Random Forest,volume_and_range,0.2,2,13025110686872067739,0.8358433734939759,0.8343373493975904,0.0015060240963854499,0.640596469872185,0.6435213363089201,-0.002924866436735063,0.4807692307692308,0.47530864197530864,0.005460588793922139,0.35377358490566035,0.3632075471698113,-0.009433962264150941,0.4076086956521739,0.4117647058823529,-0.00415601023017903,0.7367789274362615,0.7269096165550821,0.009869310881179372,0.41951651268075923,0.4120375950496314,0.007478917631127846
Logistic Regression,volume_and_range,0.2,3,14870013322375144190,0.8177710843373494,0.8177710843373494,0.0,0.6871576384662204,0.6890681003584229,-0.001910461892202564,0.4375,0.4380165289256198,-0.0005165289256198191,0.49528301886792453,0.5,-0.004716981132075471,0.4646017699115044,0.4669603524229075,-0.0023585825114030845,0.7659768715763846,0.7682001082031515,-0.0022232366267669335,0.41398774616347356,0.41611219176832603,-0.0021244456048524762
Random Forest,volume_and_range,0.2,3,14870013322375144190,0.8358433734939759,0.8396084337349398,-0.0037650602409639022,0.640596469872185,0.650478460810171,-0.00988199093798603,0.4807692307692308,0.4968553459119497,-0.016086115142718904,0.35377358490566035,0.37264150943396224,-0.018867924528301883,0.4076086956521739,0.42587601078167114,-0.018267315129497252,0.7367789274362615,0.7406590248190978,-0.003880097382836345,0.41951651268075923,0.42122047847747074,-0.001703965796711504
Logistic Regression,volume_and_range,0.2,4,12748394409212116084,0.8177710843373494,0.8140060240963856,0.003765060240963791,0.6871576384662204,0.6791861094204369,0.007971529045783465,0.4375,0.42677824267782427,0.010721757322175729,0.49528301886792453,0.4811320754716981,0.014150943396226412,0.4646017699115044,0.4523281596452328,0.012273610266271606,0.7659768715763846,0.7670927165753703,-0.001115844998985649,0.41398774616347356,0.415733431728687,-0.0017456855652134284
Random Forest,volume_and_range,0.2,4,12748394409212116084,0.8358433734939759,0.8358433734939759,0.0,0.640596469872185,0.6463278555487928,-0.005731385676607803,0.4807692307692308,0.48148148148148145,-0.0007122507122506727,0.35377358490566035,0.36792452830188677,-0.014150943396226412,0.4076086956521739,0.41711229946524064,-0.009503603813066752,0.7367789274362615,0.7400250219787652,-0.003246094542503686,0.41951651268075923,0.4170115395664038,0.0025049731143554355
Logistic Regression,volume_and_range,0.2,5,6290585582782522584,0.8177710843373494,0.8185240963855421,-0.0007530120481927804,0.6871576384662204,0.6856952052478529,0.001462433218367476,0.4375,0.4388185654008439,-0.0013185654008439074,0.49528301886792453,0.49056603773584906,0.004716981132075471,0.4646017699115044,0.46325167037861914,0.001350099532885285,0.7659768715763846,0.7670842632041659,-0.0011073916277812845,0.41398774616347356,0.4144020117361516,-0.00041426557267804087
Random Forest,volume_and_range,0.2,5,6290585582782522584,0.8358433734939759,0.8373493975903614,-0.001506024096385561,0.640596469872185,0.6472239128964631,-0.00662744302427809,0.4807692307692308,0.4875,-0.006730769230769207,0.35377358490566035,0.36792452830188677,-0.014150943396226412,0.4076086956521739,0.41935483870967744,-0.011746143057503544,0.7367789274362615,0.7359716304862378,0.0008072969500236837,0.41951651268075923,0.41840907395599564,0.0011074387247635986
Logistic Regression,volume_and_range,0.2,6,14120177123773171045,0.8177710843373494,0.8170180722891566,0.0007530120481927804,0.6871576384662204,0.6847991479001826,0.002358490566037763,0.4375,0.4351464435146444,0.0023535564853556235,0.49528301886792453,0.49056603773584906,0.004716981132075471,0.4646017699115044,0.4611973392461197,0.0034044306653847056,0.7659768715763846,0.7648610265773991,0.001115844998985538,0.41398774616347356,0.4110513904661509,0.0029363556973226457
Random Forest,volume_and_range,0.2,6,14120177123773171045,0.8358433734939759,0.8381024096385542,-0.0022590361445783413,0.640596469872185,0.6495824034625008,-0.008985933590315853,0.4807692307692308,0.4906832298136646,-0.009913999044433797,0.35377358490566035,0.37264150943396224,-0.018867924528301883,0.4076086956521739,0.42359249329758714,-0.015983797645413245,0.7367789274362615,0.7358828700885913,0.0008960573476701761,0.41951651268075923,0.4152944976161055,0.00422201506465375
Logistic Regression,volume_and_range,0.2,7,2669927979486777842,0.8177710843373494,0.8170180722891566,0.0007530120481927804,0.6871576384662204,0.68288868600798,0.004268952458240327,0.4375,0.4345991561181435,0.0029008438818565185,0.49528301886792453,0.4858490566037736,0.009433962264150941,0.4646017699115044,0.45879732739420936,0.005804442517295061,0.7659768715763846,0.7643918644755527,0.00158500710083187,0.41398774616347356,0.4103447357336623,0.0036430104298112442
Random Forest,volume_and_range,0.2,7,2669927979486777842,0.8358433734939759,0.8343373493975904,0.0015060240963854499,0.640596469872185,0.6416108744167174,-0.001014404544532388,0.4807692307692308,0.475,0.005769230769230804,0.35377358490566035,0.3584905660377358,-0.004716981132075471,0.4076086956521739,0.40860215053763443,-0.000993454885460543,0.7367789274362615,0.7346106377223236,0.0021682897139378987,0.41951651268075923,0.41896176153415937,0.0005547511465998634
Logistic Regression,volume_and_range,0.2,8,12485348627977427752,0.8177710843373494,0.8177710843373494,0.0,0.6871576384662204,0.6852471765740178,0.001910461892202564,0.4375,0.4369747899159664,0.0005252100840336116,0.49528301886792453,0.49056603773584906,0.004716981132075471,0.4646017699115044,0.4622222222222222,0.0023795476892822243,0.7659768715763846,0.76732095759789,-0.0013440860215053752,0.41398774616347356,0.41395111838260706,3.6627780866493875e-05
Random Forest,volume_and_range,0.2,8,12485348627977427752,0.8358433734939759,0.8335843373493976,0.0022590361445782303,0.640596469872185,0.6449837695272874,-0.004387299655102428,0.4807692307692308,0.4727272727272727,0.008041958041958064,0.35377358490566035,0.36792452830188677,-0.014150943396226412,0.4076086956521739,0.41379310344827586,-0.006184407796101965,0.7367789274362615,0.7396826604449855,-0.002903733008724041,0.41951651268075923,0.417911809025401,0.0016047036553582528
Logistic Regression,volume_and_range,0.2,9,14506490794603914346,0.8177710843373494,0.8207831325301205,-0.003012048192771122,0.6871576384662204,0.6946811388381686,-0.007523500371948266,0.4375,0.4462809917355372,-0.008780991735537202,0.49528301886792453,0.5094339622641509,-0.014150943396226412,0.4646017699115044,0.47577092511013214,-0.011169155198627712,0.7659768715763846,0.765845844322716,0.00013102725366864743,0.41398774616347356,0.41269428822515564,0.0012934579383179212
Random Forest,volume_and_range,0.2,9,14506490794603914346,0.8358433734939759,0.8365963855421686,-0.0007530120481927804,0.640596469872185,0.646775884222628,-0.006179414350443002,0.4807692307692308,0.484472049689441,-0.003702818920210238,0.35377358490566035,0.36792452830188677,-0.014150943396226412,0.4076086956521739,0.41823056300268097,-0.010621867350507075,0.7367789274362615,0.7302444714952323,0.006534455941029194,0.41951651268075923,0.4108953516525508,0.008621161028208424
Logistic Regression,volume_and_range,0.2,10,3190393651991056697,0.8177710843373494,0.8177710843373494,0.0,0.6871576384662204,0.6871576384662204,0.0,0.4375,0.4375,0.0,0.49528301886792453,0.49528301886792453,0.0,0.4646017699115044,0.4646017699115044,0.0,0.7659768715763846,0.7644425847027795,0.0015342868736051285,0.41398774616347356,0.4142711985218736,-0.00028345235840004923
Random Forest,volume_and_range,0.2,10,3190393651991056697,0.8358433734939759,0.8358433734939759,0.0,0.640596469872185,0.6482383174409955,-0.007641847568810478,0.4807692307692308,0.4817073170731707,-0.0009380863039399334,0.35377358490566035,0.37264150943396224,-0.018867924528301883,0.4076086956521739,0.42021276595744683,-0.01260407030527294,0.7367789274362615,0.7345303306958815,0.0022485967403800267,0.41951651268075923,0.42060299313214744,-0.0010864804513882054
Logistic Regression,volume_and_range,0.2,11,4240232494868490550,0.8177710843373494,0.8170180722891566,0.0007530120481927804,0.6871576384662204,0.6847991479001826,0.002358490566037763,0.4375,0.4351464435146444,0.0023535564853556235,0.49528301886792453,0.49056603773584906,0.004716981132075471,0.4646017699115044,0.4611973392461197,0.0034044306653847056,0.7659768715763846,0.7667249949279773,-0.0007481233515926888,0.41398774616347356,0.41276322853941816,0.001224517624055399
Random Forest,volume_and_range,0.2,11,4240232494868490550,0.8358433734939759,0.8343373493975904,0.0015060240963854499,0.640596469872185,0.6416108744167174,-0.001014404544532388,0.4807692307692308,0.475,0.005769230769230804,0.35377358490566035,0.3584905660377358,-0.004716981132075471,0.4076086956521739,0.40860215053763443,-0.000993454885460543,0.7367789274362615,0.7334863393521337,0.003292588084127801,0.41951651268075923,0.412560571187937,0.0069559414928222485
Logistic Regression,volume_and_range,0.2,12,15973576809509775379,0.8177710843373494,0.8162650602409639,0.0015060240963854499,0.6871576384662204,0.6862615811185501,0.0008960573476702871,0.4375,0.43388429752066116,0.003615702479338845,0.49528301886792453,0.49528301886792453,0.0,0.4646017699115044,0.46255506607929514,0.0020467038322092845,0.7659768715763846,0.7658162575235005,0.00016061405288414488,0.41398774616347356,0.4125141973490572,0.0014735488144163589
Random Forest,volume_and_range,0.2,12,15973576809509775379,0.8358433734939759,0.8396084337349398,-0.0037650602409639022,0.640596469872185,0.6542993845945764,-0.01370291472239138,0.4807692307692308,0.49693251533742333,-0.01616328456819255,0.35377358490566035,0.38207547169811323,-0.02830188679245288,0.4076086956521739,0.432,-0.024391304347826104,0.7367789274362615,0.7377257050111585,-0.0009467775748970286,0.41951651268075923,0.41856711010914277,0.0009494025716164645
Logistic Regression,volume_and_range,0.2,13,4917735193525380998,0.8177710843373494,0.8147590361445783,0.0030120481927710108,0.6871576384662204,0.6891864475552851,-0.002028809089064776,0.4375,0.4314516129032258,0.006048387096774188,0.49528301886792453,0.5047169811320755,-0.009433962264150997,0.4646017699115044,0.4652173913043478,-0.0006156213928433796,0.7659768715763846,0.7667841685264083,-0.0008072969500236837,0.41398774616347356,0.4127735577427778,0.001214188420695761
Random Forest,volume_and_range,0.2,13,4917735193525380998,0.8358433734939759,0.8350903614457831,0.0007530120481927804,0.640596469872185,0.6477902887671603,-0.007193818894975279,0.4807692307692308,0.47878787878787876,0.0019813519813520197,0.35377358490566035,0.37264150943396224,-0.018867924528301883,0.4076086956521739,0.41909814323607425,-0.011489447583900358,0.7367789274362615,0.7349910394265234,0.001787888009738059,0.41951651268075923,0.41918356149651237,0.00033295118424686576
Logistic Regression,volume_and_range,0.2,14,11107492906480135476,0.8177710843373494,0.8170180722891566,0.0007530120481927804,0.6871576384662204,0.6847991479001826,0.002358490566037763,0.4375,0.4351464435146444,0.0023535564853556235,0.49528301886792453,0.49056603773584906,0.004716981132075471,0.4646017699115044,0.4611973392461197,0.0034044306653847056,0.7659768715763846,0.7639776492865356,0.0019992222898490564,0.41398774616347356,0.4114621988022387,0.0025255473612348367
Random Forest,volume_and_range,0.2,14,11107492906480135476,0.8358433734939759,0.8343373493975904,0.0015060240963854499,0.640596469872185,0.6377899506323121,0.002806519239872851,0.4807692307692308,0.47435897435897434,0.006410256410256443,0.35377358490566035,0.3490566037735849,0.004716981132075471,0.4076086956521739,0.40217391304347827,0.005434782608695621,0.7367789274362615,0.732543788462839,0.004235138973422536,0.41951651268075923,0.4150059649161322,0.00451054776462706
Logistic Regression,volume_and_range,0.2,15,8169420703123964982,0.8177710843373494,0.8192771084337349,-0.001506024096385561,0.6871576384662204,0.6899641577060932,-0.002806519239872851,0.4375,0.44166666666666665,-0.004166666666666652,0.49528301886792453,0.5,-0.004716981132075471,0.4646017699115044,0.4690265486725664,-0.004424778761061954,0.7659768715763846,0.7677943463853385,-0.0018174748089538895,0.41398774616347356,0.41571694168865014,-0.0017291955251765856
Random Forest,volume_and_range,0.2,15,8169420703123964982,0.8358433734939759,0.8343373493975904,0.0015060240963854499,0.640596469872185,0.6416108744167174,-0.001014404544532388,0.4807692307692308,0.475,0.005769230769230804,0.35377358490566035,0.3584905660377358,-0.004716981132075471,0.4076086956521739,0.40860215053763443,-0.000993454885460543,0.7367789274362615,0.7378271454656118,-0.0010482180293502896,0.41951651268075923,0.4226699089070619,-0.003153396226302674
Logistic Regression,volume_and_range,0.2,16,11916613142329624573,0.8177710843373494,0.8215361445783133,-0.0037650602409639022,0.6871576384662204,0.6932187056198011,-0.00606106715358079,0.4375,0.4476987447698745,-0.01019874476987448,0.49528301886792453,0.5047169811320755,-0.009433962264150997,0.4646017699115044,0.4745011086474501,-0.009899338735945673,0.7659768715763846,0.7665559275038887,-0.0005790559275040685,0.41398774616347356,0.41537092710771034,-0.0013831809442367837
Random Forest,volume_and_range,0.2,16,11916613142329624573,0.8358433734939759,0.8373493975903614,-0.001506024096385561,0.640596469872185,0.6491343747886658,-0.008537904916480765,0.4807692307692308,0.4876543209876543,-0.00688509021842354,0.35377358490566035,0.37264150943396224,-0.018867924528301883,0.4076086956521739,0.42245989304812837,-0.014851197395954474,0.7367789274362615,0.7318167985392574,0.004962128897004092,0.41951651268075923,0.41666924333693933,0.0028472693438199026
Logistic Regression,volume_and_range,0.2,17,4300058565524555213,0.8177710843373494,0.8185240963855421,-0.0007530120481927804,0.6871576384662204,0.6933370528166634,-0.006179414350443002,0.4375,0.44081632653061226,-0.003316326530612257,0.49528301886792453,0.5094339622641509,-0.014150943396226412,0.4646017699115044,0.4726477024070022,-0.008045932495497787,0.7659768715763846,0.7680690809494827,-0.002092209373098064,0.41398774616347356,0.41686535717627327,-0.002877611012799708
Random Forest,volume_and_range,0.2,17,4300058565524555213,0.8358433734939759,0.8335843373493976,0.0022590361445782303,0.640596469872185,0.6411628457428823,-0.0005663758706972999,0.4807692307692308,0.4720496894409938,0.00871954132823699,0.35377358490566035,0.3584905660377358,-0.004716981132075471,0.4076086956521739,0.4075067024128686,0.00010199323930526472,0.7367789274362615,0.7352869074186785,0.0014920200175829734,0.41951651268075923,0.4211407822394998,-0.0016242695587405653
Logistic Regression,volume_and_range,0.2,18,17084401251675668948,0.8177710843373494,0.8162650602409639,0.0015060240963854499,0.6871576384662204,0.6862615811185501,0.0008960573476702871,0.4375,0.43388429752066116,0.003615702479338845,0.49528301886792453,0.49528301886792453,0.0,0.4646017699115044,0.46255506607929514,0.0020467038322092845,0.7659768715763846,0.7637663150064246,0.002210556569960054,0.41398774616347356,0.41135816211068893,0.002629584052784628
Random Forest,volume_and_range,0.2,18,17084401251675668948,0.8358433734939759,0.8358433734939759,0.0,0.640596469872185,0.6444173936565902,-0.003820923784405239,0.4807692307692308,0.48125,-0.00048076923076922906,0.35377358490566035,0.3632075471698113,-0.009433962264150941,0.4076086956521739,0.41397849462365593,-0.0063697989714820435,0.7367789274362615,0.7316899979711909,0.0050889294650705574,0.41951651268075923,0.41767337535033294,0.0018431373304262921
Logistic Regression,volume_and_range,0.2,19,16991113463912202039,0.8177710843373494,0.8207831325301205,-0.003012048192771122,0.6871576384662204,0.6889497531615608,-0.0017921146953404632,0.4375,0.4449152542372881,-0.007415254237288116,0.49528301886792453,0.49528301886792453,0.0,0.4646017699115044,0.46875,-0.004148230088495575,0.7659768715763846,0.765520389531345,0.00045648204503956347,0.41398774616347356,0.4134660954441437,0.0005216507193298581
Random Forest,volume_and_range,0.2,19,16991113463912202039,0.8358433734939759,0.8365963855421686,-0.0007530120481927804,0.640596469872185,0.646775884222628,-0.006179414350443002,0.4807692307692308,0.484472049689441,-0.003702818920210238,0.35377358490566035,0.36792452830188677,-0.014150943396226412,0.4076086956521739,0.41823056300268097,-0.010621867350507075,0.7367789274362615,0.7309968215324272,0.0057821059038343225,0.41951651268075923,0.41562014776526013,0.0038963649154991065
Logistic Regression,volume_and_range,0.2,20,3329009372903803590,0.8177710843373494,0.8200301204819277,-0.0022590361445783413,0.6871576384662204,0.6846808007033205,0.002476837762899864,0.4375,0.44206008583690987,-0.004560085836909866,0.49528301886792453,0.4858490566037736,0.009433962264150941,0.4646017699115044,0.46292134831460674,0.0016804215968976854,0.7659768715763846,0.7631788057077161,0.0027980658686684867,0.41398774616347356,0.41148296932934125,0.002504776834132305
Random Forest,volume_and_range,0.2,20,3329009372903803590,0.8358433734939759,0.8381024096385542,-0.0022590361445783413,0.640596469872185,0.6476719415702982,-0.007075471698113178,0.4807692307692308,0.49056603773584906,-0.009796806966618277,0.35377358490566035,0.36792452830188677,-0.014150943396226412,0.4076086956521739,0.42048517520215634,-0.012876479549982445,0.7367789274362615,0.7332623250152162,0.003516602421045345,0.41951651268075923,0.41372646160564414,0.005790051075115099
Logistic Regression,volume_and_range,0.2,21,4342295721302858196,0.8177710843373494,0.8147590361445783,0.0030120481927710108,0.6871576384662204,0.6815445999864747,0.005613038479745702,0.4375,0.42916666666666664,0.00833333333333336,0.49528301886792453,0.4858490566037736,0.009433962264150941,0.4646017699115044,0.4557522123893805,0.008849557522123908,0.7659768715763846,0.7659472847771691,2.958679921549745e-05,0.41398774616347356,0.4113949789346238,0.0025927672288497683
Random Forest,volume_and_range,0.2,21,4342295721302858196,0.8358433734939759,0.8320783132530121,0.003765060240963791,0.640596469872185,0.6421772502874146,-0.0015807804152295768,0.4807692307692308,0.4666666666666667,0.014102564102564108,0.35377358490566035,0.3632075471698113,-0.009433962264150941,0.4076086956521739,0.40848806366047746,-0.0008793680083035715,0.7367789274362615,0.7344119834990194,0.0023669439372421275,0.41951651268075923,0.4111427233253923,0.008373789355366923
Logistic Regression,volume_and_range,0.2,22,13418843528289589410,0.8177710843373494,0.8170180722891566,0.0007530120481927804,0.6871576384662204,0.6790677622235748,0.008089876242645566,0.4375,0.4334763948497854,0.004023605150214604,0.49528301886792453,0.47641509433962265,0.018867924528301883,0.4646017699115044,0.45393258426966293,0.010669185641841494,0.7659768715763846,0.7638762088320823,0.0021006627443023174,0.41398774616347356,0.41257452342298817,0.001413222740485387
Random Forest,volume_and_range,0.2,22,13418843528289589410,0.8358433734939759,0.8358433734939759,0.0,0.640596469872185,0.6444173936565902,-0.003820923784405239,0.4807692307692308,0.48125,-0.00048076923076922906,0.35377358490566035,0.3632075471698113,-0.009433962264150941,0.4076086956521739,0.41397849462365593,-0.0063697989714820435,0.7367789274362615,0.7374129302765943,-0.0006340028403327702,0.41951651268075923,0.4162106159841992,0.0033058966965600622
Logistic Regression,volume_and_range,0.2,23,7924696542498949414,0.8177710843373494,0.8147590361445783,0.0030120481927710108,0.6871576384662204,0.6815445999864747,0.005613038479745702,0.4375,0.42916666666666664,0.00833333333333336,0.49528301886792453,0.4858490566037736,0.009433962264150941,0.4646017699115044,0.4557522123893805,0.008849557522123908,0.7659768715763846,0.7662177926557112,-0.0002409210793266059,0.41398774616347356,0.4133131576797414,0.0006745884837321414
Random Forest,volume_and_range,0.2,23,7924696542498949414,0.8358433734939759,0.8350903614457831,0.0007530120481927804,0.640596469872185,0.6420589030905525,-0.001462433218367476,0.4807692307692308,0.4779874213836478,0.0027818093855829784,0.35377358490566035,0.3584905660377358,-0.004716981132075471,0.4076086956521739,0.40970350404312667,-0.0020948083909527737,0.7367789274362615,0.737831372151214,-0.0010524447149524718,0.41951651268075923,0.4161748748563294,0.0033416378244298106
Logistic Regression,volume_and_range,0.2,24,18164881690418851342,0.8177710843373494,0.8140060240963856,0.003765060240963791,0.6871576384662204,0.6849174950970447,0.0022401433691756623,0.4375,0.42857142857142855,0.008928571428571452,0.49528301886792453,0.49528301886792453,0.0,0.4646017699115044,0.45951859956236324,0.005083170349141186,0.7659768715763846,0.7644214512747683,0.0015554203016162615,0.41398774616347356,0.41235080925029677,0.0016369369131767897
Random Forest,volume_and_range,0.2,24,18164881690418851342,0.8358433734939759,0.8350903614457831,0.0007530120481927804,0.640596469872185,0.6439693649827551,-0.003372895110570151,0.4807692307692308,0.4782608695652174,0.0025083612040133763,0.35377358490566035,0.3632075471698113,-0.009433962264150941,0.4076086956521739,0.4128686327077748,-0.005259937055600905,0.7367789274362615,0.7345387840670858,0.0022401433691756623,0.41951651268075923,0.41949186988232534,2.464279843389372e-05
Logistic Regression,volume_and_range,0.2,25,8843565910907165523,0.8177710843373494,0.8132530120481928,0.004518072289156572,0.6871576384662204,0.6806485426388044,0.006509095827415989,0.4375,0.4256198347107438,0.011880165289256173,0.49528301886792453,0.4858490566037736,0.009433962264150941,0.4646017699115044,0.45374449339207046,0.010857276519433967,0.7659768715763846,0.765516162845743,0.00046070873064163465,0.41398774616347356,0.4136242499096546,0.00036349625381898454
Random Forest,volume_and_range,0.2,25,8843565910907165523,0.8358433734939759,0.8328313253012049,0.0030120481927710108,0.640596469872185,0.6426252789612497,-0.002028809089064665,0.4807692307692308,0.4695121951219512,0.01125703564727959,0.35377358490566035,0.3632075471698113,-0.009433962264150941,0.4076086956521739,0.4095744680851064,-0.0019657724329325,0.7367789274362615,0.7357307094069115,0.0010482180293499566,0.41951651268075923,0.4148235990974781,0.004692913583281111
Logistic Regression,volume_and_range,0.2,26,4990558463449497421,0.8177710843373494,0.8147590361445783,0.0030120481927710108,0.6871576384662204,0.6853655237708798,0.0017921146953405742,0.4375,0.430327868852459,0.0071721311475410054,0.49528301886792453,0.49528301886792453,0.0,0.4646017699115044,0.4605263157894737,0.004075454122030753,0.7659768715763846,0.7634958071278826,0.002481064448502046,0.41398774616347356,0.41188446486036306,0.0021032813031104935
Random Forest,volume_and_range,0.2,26,4990558463449497421,0.8358433734939759,0.8358433734939759,0.0,0.640596469872185,0.6482383174409955,-0.007641847568810478,0.4807692307692308,0.4817073170731707,-0.0009380863039399334,0.35377358490566035,0.37264150943396224,-0.018867924528301883,0.4076086956521739,0.42021276595744683,-0.01260407030527294,0.7367789274362615,0.7344669304118483,0.0023119970244132038,0.41951651268075923,0.417865313734733,0.0016511989460262222
Logistic Regression,volume_and_range,0.2,27,6237557374001391941,0.8177710843373494,0.8185240963855421,-0.0007530120481927804,0.6871576384662204,0.6837847433556502,0.003372895110570151,0.4375,0.43829787234042555,-0.0007978723404255539,0.49528301886792453,0.4858490566037736,0.009433962264150941,0.4646017699115044,0.4608501118568233,0.0037516580546811396,0.7659768715763846,0.766505207276662,-0.000528335700277438,0.41398774616347356,0.4148930091974175,-0.0009052630339439482
Random Forest,volume_and_range,0.2,27,6237557374001391941,0.8358433734939759,0.8358433734939759,0.0,0.640596469872185,0.6463278555487928,-0.005731385676607803,0.4807692307692308,0.48148148148148145,-0.0007122507122506727,0.35377358490566035,0.36792452830188677,-0.014150943396226412,0.4076086956521739,0.41711229946524064,-0.009503603813066752,0.7367789274362615,0.7426075268817205,-0.005828599445458993,0.41951651268075923,0.42053506921439987,-0.0010185565336406355
Logistic Regression,volume_and_range,0.2,28,12354865897556923168,0.8177710843373494,0.8177710843373494,0.0,0.6871576384662204,0.6890681003584229,-0.001910461892202564,0.4375,0.4380165289256198,-0.0005165289256198191,0.49528301886792453,0.5,-0.004716981132075471,0.4646017699115044,0.4669603524229075,-0.0023585825114030845,0.7659768715763846,0.7665770609318996,-0.0006001893555149795,0.41398774616347356,0.4124516316540854,0.0015361145093881756
Random Forest,volume_and_range,0.2,28,12354865897556923168,0.8358433734939759,0.8335843373493976,0.0022590361445782303,0.640596469872185,0.6411628457428823,-0.0005663758706972999,0.4807692307692308,0.4720496894409938,0.00871954132823699,0.35377358490566035,0.3584905660377358,-0.004716981132075471,0.4076086956521739,0.4075067024128686,0.00010199323930526472,0.7367789274362615,0.7362294583079732,0.000549469128288349,0.41951651268075923,0.41786659169472934,0.0016499209860298958
Logistic Regression,volume_and_range,0.2,29,1860643365989654540,0.8177710843373494,0.8200301204819277,-0.0022590361445783413,0.6871576384662204,0.6942331101643335,-0.007075471698113178,0.4375,0.4444444444444444,-0.00694444444444442,0.49528301886792453,0.5094339622641509,-0.014150943396226412,0.4646017699115044,0.4747252747252747,-0.010123504813770279,0.7659768715763846,0.767726719415703,-0.0017498478393184191,0.41398774616347356,0.41460317847996997,-0.0006154323164964115
Random Forest,volume_and_range,0.2,29,1860643365989654540,0.8358433734939759,0.8343373493975904,0.0015060240963854499,0.640596469872185,0.6397004125245147,0.0008960573476702871,0.4807692307692308,0.47468354430379744,0.006085686465433338,0.35377358490566035,0.35377358490566035,0.0,0.4076086956521739,0.40540540540540543,0.0022032902467684634,0.7367789274362615,0.735489788327585,0.0012891391086764514,0.41951651268075923,0.41914177426979327,0.00037473841096596905
Logistic Regression,volume_and_range,0.5,0,739314713314674169,0.8177710843373494,0.8140060240963856,0.003765060240963791,0.6871576384662204,0.6849174950970447,0.0022401433691756623,0.4375,0.42857142857142855,0.008928571428571452,0.49528301886792453,0.49528301886792453,0.0,0.4646017699115044,0.45951859956236324,0.005083170349141186,0.7659768715763846,0.7661036721444513,-0.00012680056806668727,0.41398774616347356,0.4107713325058027,0.0032164136576708358
Random Forest,volume_and_range,0.5,0,739314713314674169,0.8358433734939759,0.8381024096385542,-0.0022590361445783413,0.640596469872185,0.6553137891391088,-0.014717319266923767,0.4807692307692308,0.49101796407185627,-0.01024873330262549,0.35377358490566035,0.3867924528301887,-0.03301886792452835,0.4076086956521739,0.43271767810026385,-0.025108982448089956,0.7367789274362615,0.7289046121593291,0.007874315276932387,0.41951651268075923,0.416029901502033,0.003486611178726229
Logistic Regression,volume_and_range,0.5,1,13350001091734585521,0.8177710843373494,0.8117469879518072,0.0060240963855421326,0.6871576384662204,0.6816629471833366,0.0054946912828837124,0.4375,0.42276422764227645,0.014735772357723553,0.49528301886792453,0.49056603773584906,0.004716981132075471,0.4646017699115044,0.45414847161572053,0.010453298295783897,0.7659768715763846,0.7588126394806249,0.007164232095759671,0.41398774616347356,0.40994023998522244,0.004047506178251115
Random Forest,volume_and_range,0.5,1,13350001091734585521,0.8358433734939759,0.8335843373493976,0.0022590361445782303,0.640596469872185,0.6449837695272874,-0.004387299655102428,0.4807692307692308,0.4727272727272727,0.008041958041958064,0.35377358490566035,0.36792452830188677,-0.014150943396226412,0.4076086956521739,0.41379310344827586,-0.006184407796101965,0.7367789274362615,0.7223405694190843,0.014438358017177189,0.41951651268075923,0.41152016843475453,0.007996344246004705
Logistic Regression,volume_and_range,0.5,2,4904710529213364878,0.8177710843373494,0.8087349397590361,0.009036144578313254,0.6871576384662204,0.6875126800568067,-0.00035504159058630247,0.4375,0.4186046511627907,0.01889534883720928,0.49528301886792453,0.5094339622641509,-0.014150943396226412,0.4646017699115044,0.4595744680851064,0.005027301826398045,0.7659768715763846,0.7597890038547372,0.0061878677216473665,0.41398774616347356,0.4087282286829092,0.005259517480564357
Random Forest,volume_and_range,0.5,2,4904710529213364878,0.8358433734939759,0.8320783132530121,0.003765060240963791,0.640596469872185,0.6479086359640225,-0.007312166091837491,0.4807692307692308,0.4678362573099415,0.012932973459289288,0.35377358490566035,0.37735849056603776,-0.02358490566037741,0.4076086956521739,0.4177545691906005,-0.010145873538426609,0.7367789274362615,0.7230168391154391,0.013762088320822374,0.41951651268075923,0.4149430031206358,0.004573509560123423
Logistic Regression,volume_and_range,0.5,3,18002497617911761924,0.8177710843373494,0.8162650602409639,0.0015060240963854499,0.6871576384662204,0.6900825049029553,-0.002924866436734952,0.4375,0.4349593495934959,0.002540650406504086,0.49528301886792453,0.5047169811320755,-0.009433962264150997,0.4646017699115044,0.4672489082969432,-0.0026471383854387853,0.7659768715763846,0.7702077838642051,-0.004230912287820465,0.41398774616347356,0.4190341923558814,-0.00504644619240785
Random Forest,volume_and_range,0.5,3,18002497617911761924,0.8358433734939759,0.8350903614457831,0.0007530120481927804,0.640596469872185,0.649700750659363,-0.009104280787177954,0.4807692307692308,0.47904191616766467,0.00172731460156611,0.35377358490566035,0.37735849056603776,-0.02358490566037741,0.4076086956521739,0.42216358839050133,-0.01455489273832744,0.7367789274362615,0.7381103334009604,-0.0013314059646989396,0.41951651268075923,0.4261026267614216,-0.006586114080662342
Logistic Regression,volume_and_range,0.5,4,9562651525177131962,0.8177710843373494,0.8064759036144579,0.011295180722891485,0.6871576384662204,0.672795360789883,0.014362277676337354,0.4375,0.4089068825910931,0.02859311740890691,0.49528301886792453,0.47641509433962265,0.018867924528301883,0.4646017699115044,0.4400871459694989,0.024514623942005542,0.7659768715763846,0.7668517954960438,-0.0008749239196591541,0.41398774616347356,0.4154214604334927,-0.0014337142700191485
Random Forest,volume_and_range,0.5,4,9562651525177131962,0.8358433734939759,0.8320783132530121,0.003765060240963791,0.640596469872185,0.6479086359640225,-0.007312166091837491,0.4807692307692308,0.4678362573099415,0.012932973459289288,0.35377358490566035,0.37735849056603776,-0.02358490566037741,0.4076086956521739,0.4177545691906005,-0.010145873538426609,0.7367789274362615,0.7387358828700886,-0.0019569554338271233,0.41951651268075923,0.41341624979588765,0.006100262884871588
Logistic Regression,volume_and_range,0.5,5,13532742199821524154,0.8177710843373494,0.8147590361445783,0.0030120481927710108,0.6871576384662204,0.6872759856630825,-0.00011834719686210082,0.4375,0.43089430894308944,0.0066056910569105565,0.49528301886792453,0.5,-0.004716981132075471,0.4646017699115044,0.462882096069869,0.0017196738416354052,0.7659768715763846,0.7668644755528505,-0.0008876039764659227,0.41398774616347356,0.4147226305394306,-0.0007348843759570345
Random Forest,volume_and_range,0.5,5,13532742199821524154,0.8358433734939759,0.8411144578313253,-0.005271084337349463,0.640596469872185,0.6609268276188545,-0.02033035774666947,0.4807692307692308,0.5029940119760479,-0.02222478120681709,0.35377358490566035,0.39622641509433965,-0.04245283018867929,0.4076086956521739,0.44327176781002636,-0.03566307215785247,0.7367789274362615,0.7276535132210725,0.009125414215188976,0.41951651268075923,0.41913579652385724,0.00038071615690199456
Logistic Regression,volume_and_range,0.5,6,6749811800735354883,0.8177710843373494,0.8117469879518072,0.0060240963855421326,0.6871576384662204,0.6816629471833366,0.0054946912828837124,0.4375,0.42276422764227645,0.014735772357723553,0.49528301886792453,0.49056603773584906,0.004716981132075471,0.4646017699115044,0.45414847161572053,0.010453298295783897,0.7659768715763846,0.761196490160276,0.004780381416108592,0.41398774616347356,0.40561090126430815,0.008376844899165403
Random Forest,volume_and_range,0.5,6,6749811800735354883,0.8358433734939759,0.8343373493975904,0.0015060240963854499,0.640596469872185,0.6511631838777304,-0.01056671400554543,0.4807692307692308,0.4764705882352941,0.004298642533936692,0.35377358490566035,0.38207547169811323,-0.02830188679245288,0.4076086956521739,0.42408376963350786,-0.016475073981333965,0.7367789274362615,0.7301768445255968,0.006602082910664664,0.41951651268075923,0.4156497735472161,0.003866739133543129
Logistic Regression,volume_and_range,0.5,7,4577709302303295575,0.8177710843373494,0.8117469879518072,0.0060240963855421326,0.6871576384662204,0.6740210996145263,0.01313653885169408,0.4375,0.42016806722689076,0.017331932773109238,0.49528301886792453,0.4716981132075472,0.023584905660377353,0.4646017699115044,0.4444444444444444,0.020157325467060005,0.7659768715763846,0.7606639277743965,0.0053129438019881015,0.41398774616347356,0.4052926721804031,0.008695073983070456
Random Forest,volume_and_range,0.5,7,4577709302303295575,0.8358433734939759,0.8328313253012049,0.0030120481927710108,0.640596469872185,0.6407148170690471,-0.00011834719686210082,0.4807692307692308,0.4691358024691358,0.011633428300095006,0.35377358490566035,0.3584905660377358,-0.004716981132075471,0.4076086956521739,0.40641711229946526,0.0011915833527086361,0.7367789274362615,0.7345261040102793,0.002252823425982209,0.41951651268075923,0.4138736574965972,0.005642855184162021
Logistic Regression,volume_and_range,0.5,8,6309344783733288545,0.8177710843373494,0.8140060240963856,0.003765060240963791,0.6871576384662204,0.6868279569892473,0.00032968147697309824,0.4375,0.4291497975708502,0.0083502024291498,0.49528301886792453,0.5,-0.004716981132075471,0.4646017699115044,0.46187363834422657,0.0027281315672778583,0.7659768715763846,0.7674857983363765,-0.0015089267599919243,0.41398774616347356,0.41119245151217904,0.002795294651294522
Random Forest,volume_and_range,0.5,8,6309344783733288545,0.8358433734939759,0.8373493975903614,-0.001506024096385561,0.640596469872185,0.6548657604652736,-0.014269290593088568,0.4807692307692308,0.4880952380952381,-0.0073260073260073,0.35377358490566035,0.3867924528301887,-0.03301886792452835,0.4076086956521739,0.43157894736842106,-0.02397025171624717,0.7367789274362615,0.7354940150131872,0.0012849124230742692,0.41951651268075923,0.41996851626982745,-0.00045200358906821725
Logistic Regression,volume_and_range,0.5,9,983247025491477906,0.8177710843373494,0.8207831325301205,-0.003012048192771122,0.6871576384662204,0.6965916007303713,-0.009433962264150941,0.4375,0.44672131147540983,-0.009221311475409832,0.49528301886792453,0.5141509433962265,-0.018867924528301938,0.4646017699115044,0.4780701754385965,-0.013468405527092053,0.7659768715763846,0.7639903293433422,0.0019865422330423987,0.41398774616347356,0.4106379328885617,0.0033498132749118503
Random Forest,volume_and_range,0.5,9,983247025491477906,0.8358433734939759,0.8320783132530121,0.003765060240963791,0.640596469872185,0.6421772502874146,-0.0015807804152295768,0.4807692307692308,0.4666666666666667,0.014102564102564108,0.35377358490566035,0.3632075471698113,-0.009433962264150941,0.4076086956521739,0.40848806366047746,-0.0008793680083035715,0.7367789274362615,0.7236170284709542,0.013161898965307284,0.41951651268075923,0.40179111178961796,0.017725400891141274
Logistic Regression,volume_and_range,0.5,10,16929954974116944344,0.8177710843373494,0.8079819277108434,0.009789156626505924,0.6871576384662204,0.6832437275985663,0.003913910867654025,0.4375,0.41568627450980394,0.021813725490196056,0.49528301886792453,0.5,-0.004716981132075471,0.4646017699115044,0.4539614561027837,0.010640313808720714,0.7659768715763846,0.760676607831203,0.005300263745181555,0.41398774616347356,0.40958458625736244,0.00440315990611112
Random Forest,volume_and_range,0.5,10,16929954974116944344,0.8358433734939759,0.8328313253012049,0.0030120481927710108,0.640596469872185,0.6483566646378576,-0.007760194765672579,0.4807692307692308,0.47058823529411764,0.010180995475113142,0.35377358490566035,0.37735849056603776,-0.02358490566037741,0.4076086956521739,0.418848167539267,-0.011239471887093122,0.7367789274362615,0.7333384053560559,0.0034405220802056213,0.41951651268075923,0.418011051993748,0.0015054606870112397
Logistic Regression,volume_and_range,0.5,11,17395114427398430355,0.8177710843373494,0.8094879518072289,0.008283132530120474,0.6871576384662204,0.6822293230540339,0.0049283154121864126,0.4375,0.41832669322709165,0.01917330677290835,0.49528301886792453,0.49528301886792453,0.0,0.4646017699115044,0.4535637149028078,0.011038055008696646,0.7659768715763846,0.7650427740582945,0.000934097518090149,0.41398774616347356,0.40804353028670104,0.005944215876772518
Random Forest,volume_and_range,0.5,11,17395114427398430355,0.8358433734939759,0.8320783132530121,0.003765060240963791,0.640596469872185,0.640266788395212,0.0003296814769729872,0.4807692307692308,0.4662576687116564,0.014511562057574368,0.35377358490566035,0.3584905660377358,-0.004716981132075471,0.4076086956521739,0.4053333333333333,0.002275362318840568,0.7367789274362615,0.7237734158382363,0.01300551159802521,0.41951651268075923,0.4068071540945718,0.012709358586187436
Logistic Regression,volume_and_range,0.5,12,8571765890625582158,0.8177710843373494,0.8147590361445783,0.0030120481927710108,0.6871576384662204,0.6853655237708798,0.0017921146953405742,0.4375,0.430327868852459,0.0071721311475410054,0.49528301886792453,0.49528301886792453,0.0,0.4646017699115044,0.4605263157894737,0.004075454122030753,0.7659768715763846,0.7628998444579699,0.0030770271184147324,0.41398774616347356,0.4083247509666881,0.005662995196785481
Random Forest,volume_and_range,0.5,12,8571765890625582158,0.8358433734939759,0.8381024096385542,-0.0022590361445783413,0.640596469872185,0.6553137891391088,-0.014717319266923767,0.4807692307692308,0.49101796407185627,-0.01024873330262549,0.35377358490566035,0.3867924528301887,-0.03301886792452835,0.4076086956521739,0.43271767810026385,-0.025108982448089956,0.7367789274362615,0.7374678771894231,-0.0006889497531615829,0.41951651268075923,0.41768391339634253,0.0018325992844167027
Logistic Regression,volume_and_range,0.5,13,123108568604150839,0.8177710843373494,0.8109939759036144,0.006777108433734913,0.6871576384662204,0.688856766078312,-0.0016991276120916776,0.4375,0.4235294117647059,0.013970588235294124,0.49528301886792453,0.5094339622641509,-0.014150943396226412,0.4646017699115044,0.4625267665952891,0.0020750033162153514,0.7659768715763846,0.7656260566714005,0.00035081490498412027,0.41398774616347356,0.41084648745600033,0.0031412587074732268
Random Forest,volume_and_range,0.5,13,123108568604150839,0.8358433734939759,0.8320783132530121,0.003765060240963791,0.640596469872185,0.6440877121796172,-0.003491242307432252,0.4807692307692308,0.46706586826347307,0.01370336250575771,0.35377358490566035,0.36792452830188677,-0.014150943396226412,0.4076086956521739,0.41160949868073876,-0.00400080302856487,0.7367789274362615,0.7317576249408263,0.005021302495435198,0.41951651268075923,0.4160444118208336,0.0034721008599256087
Logistic Regression,volume_and_range,0.5,14,5247613444631913500,0.8177710843373494,0.8094879518072289,0.008283132530120474,0.6871576384662204,0.6745874754852235,0.01257016298099689,0.4375,0.4156378600823045,0.021862139917695478,0.49528301886792453,0.47641509433962265,0.018867924528301883,0.4646017699115044,0.44395604395604393,0.020645725955460492,0.7659768715763846,0.759590349631433,0.006386521944951595,0.41398774616347356,0.4077877655855086,0.0061999805779649475
Random Forest,volume_and_range,0.5,14,5247613444631913500,0.8358433734939759,0.8365963855421686,-0.0007530120481927804,0.640596469872185,0.6525072698992358,-0.011910800027050805,0.4807692307692308,0.48502994011976047,-0.00426070935052969,0.35377358490566035,0.38207547169811323,-0.02830188679245288,0.4076086956521739,0.42744063324538256,-0.01983193759320867,0.7367789274362615,0.7290356394129979,0.007743288023263628,0.41951651268075923,0.40785153136164315,0.011664981319116086
Logistic Regression,volume_and_range,0.5,15,12721062250033803289,0.8177710843373494,0.8200301204819277,-0.0022590361445783413,0.6871576384662204,0.6961435720565361,-0.008985933590315742,0.4375,0.4448979591836735,-0.007397959183673475,0.49528301886792453,0.5141509433962265,-0.018867924528301938,0.4646017699115044,0.47702407002188185,-0.012422300110377427,0.7659768715763846,0.7684537093392845,-0.002476837762899864,0.41398774616347356,0.4167208687109386,-0.00273312254746505
Random Forest,volume_and_range,0.5,15,12721062250033803289,0.8358433734939759,0.8313253012048193,0.004518072289156572,0.640596469872185,0.6417292216135795,-0.0011327517413944888,0.4807692307692308,0.463855421686747,0.0169138090824838,0.35377358490566035,0.3632075471698113,-0.009433962264150941,0.4076086956521739,0.4074074074074074,0.00020128824476650653,0.7367789274362615,0.7361237911679177,0.0006551362683437922,0.41951651268075923,0.4256504815815182,-0.006133968900758957
Logistic Regression,volume_and_range,0.5,16,5792316999782089158,0.8177710843373494,0.8147590361445783,0.0030120481927710108,0.6871576384662204,0.6815445999864747,0.005613038479745702,0.4375,0.42916666666666664,0.00833333333333336,0.49528301886792453,0.4858490566037736,0.009433962264150941,0.4646017699115044,0.4557522123893805,0.008849557522123908,0.7659768715763846,0.7651146277135321,0.0008622438628524964,0.41398774616347356,0.4161185975529781,-0.002130851389504529
Random Forest,volume_and_range,0.5,16,5792316999782089158,0.8358433734939759,0.8358433734939759,0.0,0.640596469872185,0.6482383174409955,-0.007641847568810478,0.4807692307692308,0.4817073170731707,-0.0009380863039399334,0.35377358490566035,0.37264150943396224,-0.018867924528301883,0.4076086956521739,0.42021276595744683,-0.01260407030527294,0.7367789274362615,0.73020220463921,0.00657672279705146,0.41951651268075923,0.41864882920441193,0.0008676834763473029
Logistic Regression,volume_and_range,0.5,17,13632439893258526378,0.8177710843373494,0.8094879518072289,0.008283132530120474,0.6871576384662204,0.6822293230540339,0.0049283154121864126,0.4375,0.41832669322709165,0.01917330677290835,0.49528301886792453,0.49528301886792453,0.0,0.4646017699115044,0.4535637149028078,0.011038055008696646,0.7659768715763846,0.7681578413471293,-0.0021809697707446674,0.41398774616347356,0.41633627344164076,-0.0023485272781672006
Random Forest,volume_and_range,0.5,17,13632439893258526378,0.8358433734939759,0.8328313253012049,0.0030120481927710108,0.640596469872185,0.6502671265300602,-0.009670656657875254,0.4807692307692308,0.47093023255813954,0.009838998211091243,0.35377358490566035,0.38207547169811323,-0.02830188679245288,0.4076086956521739,0.421875,-0.014266304347826109,0.7367789274362615,0.7318675187664841,0.004911408669777351,0.41951651268075923,0.4254160869587147,-0.005899574277955455
Logistic Regression,volume_and_range,0.5,18,9261609406881404376,0.8177710843373494,0.8064759036144579,0.011295180722891485,0.6871576384662204,0.6804372083586935,0.006720430107526876,0.4375,0.4117647058823529,0.02573529411764708,0.49528301886792453,0.49528301886792453,0.0,0.4646017699115044,0.44967880085653106,0.014922969054973367,0.7659768715763846,0.7577010211672416,0.008275850409143026,0.41398774616347356,0.40587307815319884,0.008114668010274717
Random Forest,volume_and_range,0.5,18,9261609406881404376,0.8358433734939759,0.8335843373493976,0.0022590361445782303,0.640596469872185,0.6468942314194901,-0.006297761547305103,0.4807692307692308,0.47305389221556887,0.00771533855366191,0.35377358490566035,0.37264150943396224,-0.018867924528301883,0.4076086956521739,0.41688654353562005,-0.009277847883446155,0.7367789274362615,0.722953438831406,0.013825488604855551,0.41951651268075923,0.4107497184091943,0.00876679427156496
Logistic Regression,volume_and_range,0.5,19,1770642281369724444,0.8177710843373494,0.8185240963855421,-0.0007530120481927804,0.6871576384662204,0.6933370528166634,-0.006179414350443002,0.4375,0.44081632653061226,-0.003316326530612257,0.49528301886792453,0.5094339622641509,-0.014150943396226412,0.4646017699115044,0.4726477024070022,-0.008045932495497787,0.7659768715763846,0.7632633394197607,0.0027135321566239545,0.41398774616347356,0.40911519032675847,0.004872555836715087
Random Forest,volume_and_range,0.5,19,1770642281369724444,0.8358433734939759,0.8350903614457831,0.0007530120481927804,0.640596469872185,0.6439693649827551,-0.003372895110570151,0.4807692307692308,0.4782608695652174,0.0025083612040133763,0.35377358490566035,0.3632075471698113,-0.009433962264150941,0.4076086956521739,0.4128686327077748,-0.005259937055600905,0.7367789274362615,0.723633935213363,0.013144992222898444,0.41951651268075923,0.4089012356885132,0.010615276992246014
Logistic Regression,volume_and_range,0.5,20,18027086335366229412,0.8177710843373494,0.8147590361445783,0.0030120481927710108,0.6871576384662204,0.6815445999864747,0.005613038479745702,0.4375,0.42916666666666664,0.00833333333333336,0.49528301886792453,0.4858490566037736,0.009433962264150941,0.4646017699115044,0.4557522123893805,0.008849557522123908,0.7659768715763846,0.7566866166227092,0.009290254953675414,0.41398774616347356,0.40561008849636443,0.008377657667109129
Random Forest,volume_and_range,0.5,20,18027086335366229412,0.8358433734939759,0.8373493975903614,-0.001506024096385561,0.640596469872185,0.6472239128964631,-0.00662744302427809,0.4807692307692308,0.4875,-0.006730769230769207,0.35377358490566035,0.36792452830188677,-0.014150943396226412,0.4076086956521739,0.41935483870967744,-0.011746143057503544,0.7367789274362615,0.7275436193954148,0.009235308040846713,0.41951651268075923,0.4150435570086264,0.00447295567213285
Logistic Regression,volume_and_range,0.5,21,694664807710545658,0.8177710843373494,0.8155120481927711,0.0022590361445782303,0.6871576384662204,0.6839030905525123,0.00325454791370805,0.4375,0.4315352697095436,0.00596473029045641,0.49528301886792453,0.49056603773584906,0.004716981132075471,0.4646017699115044,0.45916114790286977,0.005440622008634655,0.7659768715763846,0.7642692905930886,0.001707580983296042,0.41398774616347356,0.4083917511198196,0.005595995043653934
Random Forest,volume_and_range,0.5,21,694664807710545658,0.8358433734939759,0.8268072289156626,0.009036144578313254,0.640596469872185,0.642861973354974,-0.0022655034827889775,0.4807692307692308,0.44886363636363635,0.03190559440559443,0.35377358490566035,0.37264150943396224,-0.018867924528301883,0.4076086956521739,0.4072164948453608,0.00039220080681307,0.7367789274362615,0.7278352607019679,0.008943666734293587,0.41951651268075923,0.40052411246701763,0.0189924002137416
Logistic Regression,volume_and_range,0.5,22,7382393078288276099,0.8177710843373494,0.8132530120481928,0.004518072289156572,0.6871576384662204,0.6768276188543991,0.010330019611821228,0.4375,0.42436974789915966,0.013130252100840345,0.49528301886792453,0.47641509433962265,0.018867924528301883,0.4646017699115044,0.4488888888888889,0.015712881022615532,0.7659768715763846,0.7587703726246026,0.007206498951782048,0.41398774616347356,0.40839699667403123,0.005590749489442326
Random Forest,volume_and_range,0.5,22,7382393078288276099,0.8358433734939759,0.8343373493975904,0.0015060240963854499,0.640596469872185,0.6454317982011226,-0.004835328328937627,0.4807692307692308,0.47560975609756095,0.005159474671669828,0.35377358490566035,0.36792452830188677,-0.014150943396226412,0.4076086956521739,0.4148936170212766,-0.007284921369102693,0.7367789274362615,0.7307094069114762,0.006069520524785266,0.41951651268075923,0.410323795216662,0.009192717464097222
Logistic Regression,volume_and_range,0.5,23,10529111123880759741,0.8177710843373494,0.8109939759036144,0.006777108433734913,0.6871576384662204,0.6735730709406911,0.013584567525529279,0.4375,0.41841004184100417,0.019089958158995834,0.49528301886792453,0.4716981132075472,0.023584905660377353,0.4646017699115044,0.4434589800443459,0.021142789867158507,0.7659768715763846,0.7648610265773991,0.001115844998985538,0.41398774616347356,0.40771002027834385,0.0062777258851297035
Random Forest,volume_and_range,0.5,23,10529111123880759741,0.8358433734939759,0.8335843373493976,0.0022590361445782303,0.640596469872185,0.6507151552038953,-0.010118685331710342,0.4807692307692308,0.47368421052631576,0.007085020242915019,0.35377358490566035,0.38207547169811323,-0.02830188679245288,0.4076086956521739,0.42297650130548303,-0.015367805653309141,0.7367789274362615,0.7360603908838845,0.0007185365523769693,0.41951651268075923,0.4064951508988547,0.01302136178190455
Logistic Regression,volume_and_range,0.5,24,9970352244217247512,0.8177710843373494,0.8049698795180723,0.012801204819277046,0.6871576384662204,0.6795411510110232,0.007616487455197163,0.4375,0.4085603112840467,0.028939688715953316,0.49528301886792453,0.49528301886792453,0.0,0.4646017699115044,0.44776119402985076,0.016840575881653663,0.7659768715763846,0.761893893284642,0.004082978291742645,0.41398774616347356,0.40913483306578574,0.0048529130976878165
Random Forest,volume_and_range,0.5,24,9970352244217247512,0.8358433734939759,0.8343373493975904,0.0015060240963854499,0.640596469872185,0.6530736457699331,-0.012477175897748105,0.4807692307692308,0.47674418604651164,0.00402504472271914,0.35377358490566035,0.3867924528301887,-0.03301886792452835,0.4076086956521739,0.4270833333333333,-0.019474637681159424,0.7367789274362615,0.7221334618245756,0.014645465611685893,0.41951651268075923,0.41072356340990906,0.00879294927085017
Logistic Regression,volume_and_range,0.5,25,4641213273068016886,0.8177710843373494,0.8034638554216867,0.014307228915662606,0.6871576384662204,0.66909278420234,0.01806485426388038,0.4375,0.40160642570281124,0.03589357429718876,0.49528301886792453,0.4716981132075472,0.023584905660377353,0.4646017699115044,0.43383947939262474,0.030762290518879687,0.7659768715763846,0.7622996551024549,0.003677216473929712,0.41398774616347356,0.4124009096196102,0.0015868365438633791
Random Forest,volume_and_range,0.5,25,4641213273068016886,0.8358433734939759,0.8343373493975904,0.0015060240963854499,0.640596469872185,0.6492527219855279,-0.008656252113342866,0.4807692307692308,0.47619047619047616,0.004578754578754618,0.35377358490566035,0.37735849056603776,-0.02358490566037741,0.4076086956521739,0.42105263157894735,-0.013443935926773454,0.7367789274362615,0.7328734699398121,0.003905457496449438,0.41951651268075923,0.41452456156291617,0.004991951117843063
Logistic Regression,volume_and_range,0.5,26,6638947374818956251,0.8177710843373494,0.8132530120481928,0.004518072289156572,0.6871576384662204,0.682559004531007,0.004598633935213314,0.4375,0.4262295081967213,0.011270491803278715,0.49528301886792453,0.49056603773584906,0.004716981132075471,0.4646017699115044,0.45614035087719296,0.008461419034311468,0.7659768715763846,0.7580898762426457,0.007886995333738933,0.41398774616347356,0.4074645356355125,0.006523210527961065
Random Forest,volume_and_range,0.5,26,6638947374818956251,0.8358433734939759,0.838855421686747,-0.003012048192771122,0.640596469872185,0.6538513559207412,-0.01325488604855618,0.4807692307692308,0.49390243902439024,-0.013133208255159456,0.35377358490566035,0.38207547169811323,-0.02830188679245288,0.4076086956521739,0.4308510638297872,-0.023242368177613326,0.7367789274362615,0.7317787583688374,0.005000169067424065,0.41951651268075923,0.4161910755156789,0.003325437165080325
Logistic Regression,volume_and_range,0.5,27,12274236454992017979,0.8177710843373494,0.8132530120481928,0.004518072289156572,0.6871576384662204,0.6787380807466017,0.008419557719618664,0.4375,0.425,0.012500000000000011,0.49528301886792453,0.4811320754716981,0.014150943396226412,0.4646017699115044,0.45132743362831856,0.013274336283185861,0.7659768715763846,0.7654485358761075,0.000528335700277105,0.41398774616347356,0.4155678098821654,-0.0015800637186918487
Random Forest,volume_and_range,0.5,27,12274236454992017979,0.8358433734939759,0.8328313253012049,0.0030120481927710108,0.640596469872185,0.6426252789612497,-0.002028809089064665,0.4807692307692308,0.4695121951219512,0.01125703564727959,0.35377358490566035,0.3632075471698113,-0.009433962264150941,0.4076086956521739,0.4095744680851064,-0.0019657724329325,0.7367789274362615,0.7386555758436464,-0.0018766484073848844,0.41951651268075923,0.4210214854948995,-0.0015049728141402485
Logistic Regression,volume_and_range,0.5,28,15978621172493457067,0.8177710843373494,0.8170180722891566,0.0007530120481927804,0.6871576384662204,0.6905305335767904,-0.00337289511057004,0.4375,0.43673469387755104,0.000765306122448961,0.49528301886792453,0.5047169811320755,-0.009433962264150997,0.4646017699115044,0.4682713347921225,-0.0036695648806180925,0.7659768715763846,0.7646074254412659,0.0013694461351186904,0.41398774616347356,0.408018346178454,0.005969399985019552
Random Forest,volume_and_range,0.5,28,15978621172493457067,0.8358433734939759,0.8343373493975904,0.0015060240963854499,0.640596469872185,0.6435213363089201,-0.002924866436735063,0.4807692307692308,0.47530864197530864,0.005460588793922139,0.35377358490566035,0.3632075471698113,-0.009433962264150941,0.4076086956521739,0.4117647058823529,-0.00415601023017903,0.7367789274362615,0.7372015959964835,-0.00042266856022199484,0.41951651268075923,0.42102078064502946,-0.0015042679642702228
Logistic Regression,volume_and_range,0.5,29,11038092257429457497,0.8177710843373494,0.8192771084337349,-0.001506024096385561,0.6871576384662204,0.6995164671671062,-0.012358828700885893,0.4375,0.444,-0.006500000000000006,0.49528301886792453,0.5235849056603774,-0.02830188679245288,0.4646017699115044,0.4805194805194805,-0.015917710607976088,0.7659768715763846,0.7680648542638804,-0.0020879826874957708,0.41398774616347356,0.4126193747319845,0.001368371431489046
Random Forest,volume_and_range,0.5,29,11038092257429457497,0.8358433734939759,0.8381024096385542,-0.0022590361445783413,0.640596469872185,0.6572242510313113,-0.01662778115912633,0.4807692307692308,0.4911242603550296,-0.010355029585798814,0.35377358490566035,0.3915094339622642,-0.03773584905660382,0.4076086956521739,0.4356955380577428,-0.028086842405568913,0.7367789274362615,0.733376445526476,0.0034024819097855374,0.41951651268075923,0.4187068868755578,0.0008096258052014416
Logistic Regression,volume_and_range,1.0,0,11248867216087064640,0.8177710843373494,0.8072289156626506,0.010542168674698704,0.6871576384662204,0.6808852370325286,0.006272401433691788,0.4375,0.41338582677165353,0.02411417322834647,0.49528301886792453,0.49528301886792453,0.0,0.4646017699115044,0.45064377682403434,0.013957993087470089,0.7659768715763846,0.7627814972611078,0.0031953743152768332,0.41398774616347356,0.402215294596644,0.011772451566829545
Random Forest,volume_and_range,1.0,0,11248867216087064640,0.8358433734939759,0.8328313253012049,0.0030120481927710108,0.640596469872185,0.655998512206668,-0.015402042334483057,0.4807692307692308,0.47191011235955055,0.008859118409680233,0.35377358490566035,0.39622641509433965,-0.04245283018867929,0.4076086956521739,0.4307692307692308,-0.023160535117056902,0.7367789274362615,0.7275816595658348,0.00919726787042674,0.41951651268075923,0.4165581445974339,0.0029583680833253356
Logistic Regression,volume_and_range,1.0,1,1069104066412629563,0.8177710843373494,0.8019578313253012,0.015813253012048167,0.6871576384662204,0.6777490363156827,0.009408602150537626,0.4375,0.40229885057471265,0.03520114942528735,0.49528301886792453,0.49528301886792453,0.0,0.4646017699115044,0.4439746300211416,0.0206271398903628,0.7659768715763846,0.747907790626902,0.018069080949482563,0.41398774616347356,0.39959762730483245,0.01439011885864111
Random Forest,volume_and_range,1.0,1,1069104066412629563,0.8358433734939759,0.8283132530120482,0.0075301204819276935,0.640596469872185,0.6494894163792521,-0.008892946507067068,0.4807692307692308,0.45555555555555555,0.025213675213675235,0.35377358490566035,0.3867924528301887,-0.03301886792452835,0.4076086956521739,0.41836734693877553,-0.01075865128660164,0.7367789274362615,0.7115329343342125,0.025245993102049002,0.41951651268075923,0.4058304213403754,0.013686091340383844
Logistic Regression,volume_and_range,1.0,2,16647850710931613203,0.8177710843373494,0.795933734939759,0.0218373493975903,0.6871576384662204,0.6798961926016095,0.00726144586461086,0.4375,0.3927272727272727,0.0447727272727273,0.49528301886792453,0.5094339622641509,-0.014150943396226412,0.4646017699115044,0.44353182751540043,0.02106994239610399,0.7659768715763846,0.7491588895651585,0.016817982011226085,0.41398774616347356,0.39617054966477117,0.017817196498702392
Random Forest,volume_and_range,1.0,2,16647850710931613203,0.8358433734939759,0.8230421686746988,0.012801204819277046,0.640596469872185,0.642532291878001,-0.0019358220058159903,0.4807692307692308,0.4371584699453552,0.043610760823875605,0.35377358490566035,0.37735849056603776,-0.02358490566037741,0.4076086956521739,0.4050632911392405,0.0025454045129333913,0.7367789274362615,0.7138533847298303,0.022925542706431212,0.41951651268075923,0.4007977805056694,0.018718732175089847
Logistic Regression,volume_and_range,1.0,3,15530338031061612798,0.8177710843373494,0.8034638554216867,0.014307228915662606,0.6871576384662204,0.6805555555555556,0.006602082910664775,0.4375,0.4061302681992337,0.0313697318007663,0.49528301886792453,0.5,-0.004716981132075471,0.4646017699115044,0.44820295983086683,0.016398810080637594,0.7659768715763846,0.7694638871982147,-0.0034870156218300696,0.41398774616347356,0.41945955708343546,-0.005471810919961906
Random Forest,volume_and_range,1.0,3,15530338031061612798,0.8358433734939759,0.8320783132530121,0.003765060240963791,0.640596469872185,0.6574609454250355,-0.016864475552850533,0.4807692307692308,0.4696132596685083,0.011155971100722473,0.35377358490566035,0.4009433962264151,-0.04716981132075476,0.4076086956521739,0.43256997455470736,-0.024961278902533468,0.7367789274362615,0.7276831000202881,0.009095827415973368,0.41951651268075923,0.4276559926142018,-0.00813947993344255
Logistic Regression,volume_and_range,1.0,4,230710668443853651,0.8177710843373494,0.7989457831325302,0.018825301204819178,0.6871576384662204,0.6702255359437344,0.016932102522486003,0.4375,0.3938223938223938,0.04367760617760619,0.49528301886792453,0.4811320754716981,0.014150943396226412,0.4646017699115044,0.43312101910828027,0.031480750803224156,0.7659768715763846,0.762012240481504,0.003964631094880655,0.41398774616347356,0.408796409427836,0.005191336735637542
Random Forest,volume_and_range,1.0,4,230710668443853651,0.8358433734939759,0.8275602409638554,0.008283132530120474,0.640596469872185,0.6509518495976195,-0.010355379725434544,0.4807692307692308,0.453551912568306,0.027217318200924767,0.35377358490566035,0.3915094339622642,-0.03773584905660382,0.4076086956521739,0.42025316455696204,-0.012644468904788153,0.7367789274362615,0.726787042672618,0.009991884763643544,0.41951651268075923,0.40377851081831245,0.015738001862446782
Logistic Regression,volume_and_range,1.0,5,17908016449681520269,0.8177710843373494,0.8012048192771084,0.016566265060240948,0.6871576384662204,0.6792114695340502,0.00794616893217015,0.4375,0.4015151515151515,0.03598484848484851,0.49528301886792453,0.5,-0.004716981132075471,0.4646017699115044,0.44537815126050423,0.019223618651000196,0.7659768715763846,0.7643453709339285,0.0016315006424560963,0.41398774616347356,0.41192668443350167,0.0020610617299718914
Random Forest,volume_and_range,1.0,5,17908016449681520269,0.8358433734939759,0.8350903614457831,0.0007530120481927804,0.640596469872185,0.6611635220125787,-0.02056705214039367,0.4807692307692308,0.48044692737430167,0.0003223033949291132,0.35377358490566035,0.4056603773584906,-0.05188679245283023,0.4076086956521739,0.4398976982097187,-0.0322890025575448,0.7367789274362615,0.7191071549333874,0.017671772502874106,0.41951651268075923,0.4160630193095796,0.0034534933711796167
Logistic Regression,volume_and_range,1.0,6,14129989357436600401,0.8177710843373494,0.795933734939759,0.0218373493975903,0.6871576384662204,0.6779857307094069,0.009171907756813424,0.4375,0.39194139194139194,0.04555860805860806,0.49528301886792453,0.5047169811320755,-0.009433962264150997,0.4646017699115044,0.44123711340206184,0.023364656509442583,0.7659768715763846,0.7523415838236289,0.013635287752755687,0.41398774616347356,0.39734072088757844,0.016647025275895122
Random Forest,volume_and_range,1.0,6,14129989357436600401,0.8358433734939759,0.8298192771084337,0.0060240963855421326,0.640596469872185,0.6465645499425171,-0.005968080070332116,0.4807692307692308,0.45977011494252873,0.020999115826702053,0.35377358490566035,0.37735849056603776,-0.02358490566037741,0.4076086956521739,0.41450777202072536,-0.006899076368551471,0.7367789274362615,0.7255866639615879,0.011192263474673614,0.41951651268075923,0.4127400072831364,0.006776505397622812
Logistic Regression,volume_and_range,1.0,7,18186450463149076709,0.8177710843373494,0.8019578313253012,0.015813253012048167,0.6871576384662204,0.6701071887468723,0.017050449719348104,0.4375,0.39920948616600793,0.03829051383399207,0.49528301886792453,0.47641509433962265,0.018867924528301883,0.4646017699115044,0.4344086021505376,0.03019316776096681,0.7659768715763846,0.7542604990870359,0.011716372489348759,0.41398774616347356,0.3937112614488051,0.020276484714668475
Random Forest,volume_and_range,1.0,7,18186450463149076709,0.8358433734939759,0.8343373493975904,0.0015060240963854499,0.640596469872185,0.6473422600933252,-0.006745790221140191,0.4807692307692308,0.4759036144578313,0.004865616311399479,0.35377358490566035,0.37264150943396224,-0.018867924528301883,0.4076086956521739,0.41798941798941797,-0.010380722337244075,0.7367789274362615,0.7277634070467301,0.00901552038953135,0.41951651268075923,0.41247146420071,0.007045048480049221
Logistic Regression,volume_and_range,1.0,8,17468632160798240346,0.8177710843373494,0.7996987951807228,0.01807228915662651,0.6871576384662204,0.6802258740785826,0.006931764387637762,0.4375,0.39925373134328357,0.03824626865671643,0.49528301886792453,0.5047169811320755,-0.009433962264150997,0.4646017699115044,0.44583333333333336,0.018768436578171066,0.7659768715763846,0.7624940826401568,0.0034827889362277764,0.41398774616347356,0.40277313644909823,0.011214609714375323
Random Forest,volume_and_range,1.0,8,17468632160798240346,0.8358433734939759,0.8253012048192772,0.010542168674698704,0.640596469872185,0.6438763778995064,-0.0032799080273213654,0.4807692307692308,0.4444444444444444,0.03632478632478636,0.35377358490566035,0.37735849056603776,-0.02358490566037741,0.4076086956521739,0.40816326530612246,-0.0005545696539485667,0.7367789274362615,0.7234479610468655,0.013330966389396015,0.41951651268075923,0.4137330344998918,0.005783478180867441
Logistic Regression,volume_and_range,1.0,9,10992141647122464046,0.8177710843373494,0.8034638554216867,0.014307228915662606,0.6871576384662204,0.6901078650165686,-0.002950226550348267,0.4375,0.4095940959409594,0.027905904059040587,0.49528301886792453,0.5235849056603774,-0.02830188679245288,0.4646017699115044,0.45962732919254656,0.004974440718957862,0.7659768715763846,0.7580898762426455,0.007886995333739155,0.41398774616347356,0.39930819603091555,0.014679550132558006
Random Forest,volume_and_range,1.0,9,10992141647122464046,0.8358433734939759,0.8275602409638554,0.008283132530120474,0.640596469872185,0.6471309258132143,-0.006534455941029305,0.4807692307692308,0.45251396648044695,0.028255264288783832,0.35377358490566035,0.38207547169811323,-0.02830188679245288,0.4076086956521739,0.4143222506393862,-0.006713554987212322,0.7367789274362615,0.7149269628727937,0.02185196456346783,0.41951651268075923,0.3990260487069875,0.020490463973771744
Logistic Regression,volume_and_range,1.0,10,8728204921380896845,0.8177710843373494,0.8012048192771084,0.016566265060240948,0.6871576384662204,0.6773010076418475,0.009856630824372825,0.4375,0.40076335877862596,0.036736641221374045,0.49528301886792453,0.49528301886792453,0.0,0.4646017699115044,0.4430379746835443,0.021563795227960147,0.7659768715763846,0.7525106512477175,0.013466220328667067,0.41398774616347356,0.4014992692241185,0.012488476939355064
Random Forest,volume_and_range,1.0,10,8728204921380896845,0.8358433734939759,0.8313253012048193,0.004518072289156572,0.640596469872185,0.6551024548589978,-0.01450598498681277,0.4807692307692308,0.4666666666666667,0.014102564102564108,0.35377358490566035,0.39622641509433965,-0.04245283018867929,0.4076086956521739,0.42857142857142855,-0.020962732919254656,0.7367789274362615,0.7257684114424833,0.011010515993778225,0.41951651268075923,0.41133165768190355,0.008184854998855684
Logistic Regression,volume_and_range,1.0,11,13866324582000174633,0.8177710843373494,0.7996987951807228,0.01807228915662651,0.6871576384662204,0.6783154121863799,0.008842226279840437,0.4375,0.39849624060150374,0.03900375939849626,0.49528301886792453,0.5,-0.004716981132075471,0.4646017699115044,0.4435146443514644,0.02108712556004,0.7659768715763846,0.7589648001623047,0.00701207141407989,0.41398774616347356,0.3992678874972348,0.014719858666238761
Random Forest,volume_and_range,1.0,11,13866324582000174633,0.8358433734939759,0.8313253012048193,0.004518072289156572,0.640596469872185,0.6531919929667952,-0.012595523094610206,0.4807692307692308,0.46629213483146065,0.014477095937770135,0.35377358490566035,0.3915094339622642,-0.03773584905660382,0.4076086956521739,0.4256410256410256,-0.018032329988851736,0.7367789274362615,0.716135794955028,0.020643132481233506,0.41951651268075923,0.40472286773907135,0.014793644941687889
Logistic Regression,volume_and_range,1.0,12,6030340387929558872,0.8177710843373494,0.7989457831325302,0.018825301204819178,0.6871576384662204,0.6778673835125448,0.009290254953675525,0.4375,0.3970037453183521,0.040496254681647914,0.49528301886792453,0.5,-0.004716981132075471,0.4646017699115044,0.44258872651356995,0.022013043397934473,0.7659768715763846,0.7568979509028201,0.009078920673564528,0.41398774616347356,0.39630649687466285,0.017681249288810708
Random Forest,volume_and_range,1.0,12,6030340387929558872,0.8358433734939759,0.829066265060241,0.006777108433734913,0.640596469872185,0.6461165212686819,-0.005520051396496917,0.4807692307692308,0.45714285714285713,0.023626373626373653,0.35377358490566035,0.37735849056603776,-0.02358490566037741,0.4076086956521739,0.4134366925064599,-0.005827996854286033,0.7367789274362615,0.7345472374382904,0.002231689997971076,0.41951651268075923,0.4100877284758064,0.009428784204952856
Logistic Regression,volume_and_range,1.0,13,6901067073881590567,0.8177710843373494,0.7989457831325302,0.018825301204819178,0.6871576384662204,0.6759569216203422,0.0112007168458782,0.4375,0.39622641509433965,0.041273584905660354,0.49528301886792453,0.49528301886792453,0.0,0.4646017699115044,0.44025157232704404,0.024350197584460387,0.7659768715763846,0.7606470210319876,0.005329850544397052,0.41398774616347356,0.40223870824681335,0.01174903791666021
Random Forest,volume_and_range,1.0,13,6901067073881590567,0.8358433734939759,0.8253012048192772,0.010542168674698704,0.640596469872185,0.6419659160073037,-0.0013694461351186904,0.4807692307692308,0.4438202247191011,0.036949006050129685,0.35377358490566035,0.37264150943396224,-0.018867924528301883,0.4076086956521739,0.40512820512820513,0.002480490523968759,0.7367789274362615,0.7183336714681815,0.01844525596808,0.41951651268075923,0.4091267438275546,0.01038976885320464
Logistic Regression,volume_and_range,1.0,14,13576253263802575253,0.8177710843373494,0.8012048192771084,0.016566265060240948,0.6871576384662204,0.6677486981808345,0.019408940285385867,0.4375,0.3968253968253968,0.0406746031746032,0.49528301886792453,0.4716981132075472,0.023584905660377353,0.4646017699115044,0.43103448275862066,0.03356728715288376,0.7659768715763846,0.7504015351322108,0.01557533644417386,0.41398774616347356,0.39459291154052367,0.019394834622949886
Random Forest,volume_and_range,1.0,14,13576253263802575253,0.8358433734939759,0.8335843373493976,0.0022590361445782303,0.640596469872185,0.6488046933116927,-0.008208223439507667,0.4807692307692308,0.47337278106508873,0.00739644970414205,0.35377358490566035,0.37735849056603776,-0.02358490566037741,0.4076086956521739,0.4199475065616798,-0.012338810909505893,0.7367789274362615,0.7216220328667072,0.015156894569554269,0.41951651268075923,0.4016359208954079,0.01788059178535134
Logistic Regression,volume_and_range,1.0,15,2548668481974692448,0.8177710843373494,0.8109939759036144,0.006777108433734913,0.6871576384662204,0.6964986136471225,-0.009340975180902156,0.4375,0.42585551330798477,0.011644486692015232,0.49528301886792453,0.5283018867924528,-0.033018867924528295,0.4646017699115044,0.47157894736842104,-0.006977177456916617,0.7659768715763846,0.7657697639818759,0.0002071075945087042,0.41398774616347356,0.41451464710390346,-0.0005269009404298974
Random Forest,volume_and_range,1.0,15,2548668481974692448,0.8358433734939759,0.8328313253012049,0.0030120481927710108,0.640596469872185,0.655998512206668,-0.015402042334483057,0.4807692307692308,0.47191011235955055,0.008859118409680233,0.35377358490566035,0.39622641509433965,-0.04245283018867929,0.4076086956521739,0.4307692307692308,-0.023160535117056902,0.7367789274362615,0.7352235071346452,0.0015554203016162615,0.41951651268075923,0.42389347222716367,-0.004376959546404435
Logistic Regression,volume_and_range,1.0,16,14567122037077964655,0.8177710843373494,0.8057228915662651,0.012048192771084265,0.6871576384662204,0.681899641577061,0.0052579968891594,0.4375,0.4108527131782946,0.026647286821705418,0.49528301886792453,0.5,-0.004716981132075471,0.4646017699115044,0.451063829787234,0.013537940124270398,0.7659768715763846,0.7593198417528909,0.006657029823493699,0.41398774616347356,0.41042110599139975,0.0035666401720738095
Random Forest,volume_and_range,1.0,16,14567122037077964655,0.8358433734939759,0.8313253012048193,0.004518072289156572,0.640596469872185,0.6570129167512004,-0.016416446879015445,0.4807692307692308,0.46703296703296704,0.013736263736263743,0.35377358490566035,0.4009433962264151,-0.04716981132075476,0.4076086956521739,0.43147208121827413,-0.023863385566100237,0.7367789274362615,0.7233084804219923,0.013470447014269249,0.41951651268075923,0.4102824854378986,0.009234027242860654
Logistic Regression,volume_and_range,1.0,17,18396364526903168600,0.8177710843373494,0.7981927710843374,0.01957831325301196,0.6871576384662204,0.6812402786231149,0.005917359843105485,0.4375,0.39705882352941174,0.04044117647058826,0.49528301886792453,0.5094339622641509,-0.014150943396226412,0.4646017699115044,0.4462809917355372,0.018320778175967223,0.7659768715763846,0.7648779333198079,0.001098938256576698,0.41398774616347356,0.4145349621550882,-0.000547215991614669
Random Forest,volume_and_range,1.0,17,18396364526903168600,0.8358433734939759,0.8253012048192772,0.010542168674698704,0.640596469872185,0.6476973016839116,-0.0071008318117266045,0.4807692307692308,0.44565217391304346,0.03511705685618732,0.35377358490566035,0.3867924528301887,-0.03301886792452835,0.4076086956521739,0.41414141414141414,-0.006532718489240252,0.7367789274362615,0.723883309663894,0.012895617772367474,0.41951651268075923,0.4262674120394129,-0.006750899358653639
Logistic Regression,volume_and_range,1.0,18,9368992923857566510,0.8177710843373494,0.7868975903614458,0.030873493975903554,0.6871576384662204,0.6668780009467776,0.020279637519442728,0.4375,0.3727598566308244,0.0647401433691756,0.49528301886792453,0.49056603773584906,0.004716981132075471,0.4646017699115044,0.42362525458248473,0.04097651532901969,0.7659768715763846,0.7433387434909041,0.02263812808548049,0.41398774616347356,0.3898706688170383,0.024117077346435256
Random Forest,volume_and_range,1.0,18,9368992923857566510,0.8358433734939759,0.8237951807228916,0.012048192771084265,0.640596469872185,0.6468012443362413,-0.006204774464056317,0.4807692307692308,0.44086021505376344,0.039909015715467344,0.35377358490566035,0.3867924528301887,-0.03301886792452835,0.4076086956521739,0.4120603015075377,-0.004451605855363805,0.7367789274362615,0.7231351863123013,0.013643741123960162,0.41951651268075923,0.41121630763778294,0.008300205042976294
Logistic Regression,volume_and_range,1.0,19,16483697068191647735,0.8177710843373494,0.8140060240963856,0.003765060240963791,0.6871576384662204,0.6963802664502604,-0.009222627984040055,0.4375,0.43190661478599224,0.005593385214007762,0.49528301886792453,0.5235849056603774,-0.02830188679245288,0.4646017699115044,0.47334754797441364,-0.008745778062909215,0.7659768715763846,0.7572107256373843,0.00876614593900027,0.41398774616347356,0.39811359695467285,0.015874149208800703
Random Forest,volume_and_range,1.0,19,16483697068191647735,0.8358433734939759,0.8260542168674698,0.009789156626506035,0.640596469872185,0.6424139446811388,-0.0018174748089537784,0.4807692307692308,0.4463276836158192,0.03444154715341158,0.35377358490566035,0.37264150943396224,-0.018867924528301883,0.4076086956521739,0.40616966580976865,0.0014390298424052372,0.7367789274362615,0.7280888618381011,0.008690065598160435,0.41951651268075923,0.40723622913906343,0.012280283541695802
Logistic Regression,volume_and_range,1.0,20,13736143941044133854,0.8177710843373494,0.8049698795180723,0.012801204819277046,0.6871576384662204,0.6795411510110232,0.007616487455197163,0.4375,0.4085603112840467,0.028939688715953316,0.49528301886792453,0.49528301886792453,0.0,0.4646017699115044,0.44776119402985076,0.016840575881653663,0.7659768715763846,0.7457014607425442,0.020275410833840435,0.41398774616347356,0.39234126442160555,0.021646481741868007
Random Forest,volume_and_range,1.0,20,13736143941044133854,0.8358433734939759,0.8343373493975904,0.0015060240963854499,0.640596469872185,0.6568945695543382,-0.016298099682153233,0.4807692307692308,0.4772727272727273,0.003496503496503489,0.35377358490566035,0.39622641509433965,-0.04245283018867929,0.4076086956521739,0.4329896907216495,-0.02538099506947561,0.7367789274362615,0.7106495570433489,0.026129370392912632,0.41951651268075923,0.4110195831623204,0.008496929518438834
Logistic Regression,volume_and_range,1.0,21,14032219139437627060,0.8177710843373494,0.8072289156626506,0.010542168674698704,0.6871576384662204,0.6827956989247312,0.004361939541489113,0.4375,0.4140625,0.0234375,0.49528301886792453,0.5,-0.004716981132075471,0.4646017699115044,0.452991452991453,0.011610316920051433,0.7659768715763846,0.7569106309596267,0.00906624061675787,0.41398774616347356,0.3935298755160605,0.020457870647413057
Random Forest,volume_and_range,1.0,21,14032219139437627060,0.8358433734939759,0.8192771084337349,0.016566265060240948,0.640596469872185,0.6326503009400148,0.00794616893217015,0.4807692307692308,0.4222222222222222,0.05854700854700856,0.35377358490566035,0.3584905660377358,-0.004716981132075471,0.4076086956521739,0.3877551020408163,0.01985359361135758,0.7367789274362615,0.7193649827551227,0.01741394468113877,0.41951651268075923,0.3951709267898986,0.02434558589086061
Logistic Regression,volume_and_range,1.0,22,7731552270038696861,0.8177710843373494,0.7996987951807228,0.01807228915662651,0.6871576384662204,0.6744944884019748,0.012663150064245565,0.4375,0.3969465648854962,0.04055343511450382,0.49528301886792453,0.49056603773584906,0.004716981132075471,0.4646017699115044,0.4388185654008439,0.025783204510660518,0.7659768715763846,0.7470413200784474,0.018935551497937242,0.41398774616347356,0.3942047460575812,0.019783000105892345
Random Forest,volume_and_range,1.0,22,7731552270038696861,0.8358433734939759,0.8275602409638554,0.008283132530120474,0.640596469872185,0.6471309258132143,-0.006534455941029305,0.4807692307692308,0.45251396648044695,0.028255264288783832,0.35377358490566035,0.38207547169811323,-0.02830188679245288,0.4076086956521739,0.4143222506393862,-0.006713554987212322,0.7367789274362615,0.7205611347805505,0.016217792655710994,0.41951651268075923,0.40847669578715556,0.011039816893603671
Logistic Regression,volume_and_range,1.0,23,5616337335884008060,0.8177710843373494,0.8132530120481928,0.004518072289156572,0.6871576384662204,0.6882903902076148,-0.0011327517413944888,0.4375,0.428,0.009500000000000008,0.49528301886792453,0.5047169811320755,-0.009433962264150997,0.4646017699115044,0.46320346320346323,0.001398306708041197,0.7659768715763846,0.7593325218096976,0.006644349766687041,0.41398774616347356,0.3952356489911215,0.018752097172352045
Random Forest,volume_and_range,1.0,23,5616337335884008060,0.8358433734939759,0.8245481927710844,0.011295180722891485,0.640596469872185,0.6491597349022791,-0.00856326503009408,0.4807692307692308,0.44385026737967914,0.03691896338955164,0.35377358490566035,0.3915094339622642,-0.03773584905660382,0.4076086956521739,0.41604010025062654,-0.008431404598452652,0.7367789274362615,0.730159937783188,0.006618989653073504,0.41951651268075923,0.39526832311405447,0.02424818956670477
Logistic Regression,volume_and_range,1.0,24,3964334773184354808,0.8177710843373494,0.7981927710843374,0.01957831325301196,0.6871576384662204,0.6927030499763305,-0.005545411510110121,0.4375,0.4014084507042254,0.03609154929577463,0.49528301886792453,0.5377358490566038,-0.042452830188679236,0.4646017699115044,0.4596774193548387,0.004924350556665735,0.7659768715763846,0.7548649151281531,0.011111956448231486,0.41398774616347356,0.3999335700838338,0.014054176079639769
Random Forest,volume_and_range,1.0,24,3964334773184354808,0.8358433734939759,0.8245481927710844,0.011295180722891485,0.640596469872185,0.6491597349022791,-0.00856326503009408,0.4807692307692308,0.44385026737967914,0.03691896338955164,0.35377358490566035,0.3915094339622642,-0.03773584905660382,0.4076086956521739,0.41604010025062654,-0.008431404598452652,0.7367789274362615,0.7106199702441334,0.02615895719212813,0.41951651268075923,0.4071128015258523,0.01240371115490696
Logistic Regression,volume_and_range,1.0,25,15103591642214582021,0.8177710843373494,0.7906626506024096,0.027108433734939763,0.6871576384662204,0.6652972205315479,0.021860417934672416,0.4375,0.37777777777777777,0.05972222222222223,0.49528301886792453,0.4811320754716981,0.014150943396226412,0.4646017699115044,0.42323651452282157,0.04136525538868285,0.7659768715763846,0.7544464732535334,0.011530398322851187,0.41398774616347356,0.4045012114588676,0.009486534704605976
Random Forest,volume_and_range,1.0,25,15103591642214582021,0.8358433734939759,0.8268072289156626,0.009036144578313254,0.640596469872185,0.6447724352471766,-0.0041759653749916525,0.4807692307692308,0.449438202247191,0.03133102852203978,0.35377358490566035,0.37735849056603776,-0.02358490566037741,0.4076086956521739,0.41025641025641024,-0.002647714604236351,0.7367789274362615,0.7264658145668492,0.010313112869412278,0.41951651268075923,0.40783117132624597,0.011685341354513268
Logistic Regression,volume_and_range,1.0,26,14202481176526931256,0.8177710843373494,0.7951807228915663,0.02259036144578308,0.6871576384662204,0.6756272401433692,0.011530398322851187,0.4375,0.3897058823529412,0.04779411764705882,0.49528301886792453,0.5,-0.004716981132075471,0.4646017699115044,0.4380165289256198,0.026585240985884606,0.7659768715763846,0.7482247920470684,0.017752079529316234,0.41398774616347356,0.3921282289953283,0.02185951716814527
Random Forest,volume_and_range,1.0,26,14202481176526931256,0.8358433734939759,0.8298192771084337,0.0060240963855421326,0.640596469872185,0.6465645499425171,-0.005968080070332116,0.4807692307692308,0.45977011494252873,0.020999115826702053,0.35377358490566035,0.37735849056603776,-0.02358490566037741,0.4076086956521739,0.41450777202072536,-0.006899076368551471,0.7367789274362615,0.7193396226415094,0.017439304794752086,0.41951651268075923,0.404909021138457,0.014607491542302231
Logistic Regression,volume_and_range,1.0,27,6786011836445388212,0.8177710843373494,0.8057228915662651,0.012048192771084265,0.6871576384662204,0.681899641577061,0.0052579968891594,0.4375,0.4108527131782946,0.026647286821705418,0.49528301886792453,0.5,-0.004716981132075471,0.4646017699115044,0.451063829787234,0.013537940124270398,0.7659768715763846,0.7605455805775342,0.005431290998850424,0.41398774616347356,0.41050345450346437,0.0034842916600091867
Random Forest,volume_and_range,1.0,27,6786011836445388212,0.8358433734939759,0.8328313253012049,0.0030120481927710108,0.640596469872185,0.6540880503144654,-0.013491580442280382,0.4807692307692308,0.4715909090909091,0.009178321678321666,0.35377358490566035,0.3915094339622642,-0.03773584905660382,0.4076086956521739,0.42783505154639173,-0.02022635589421784,0.7367789274362615,0.7299021099614527,0.006876817474808838,0.41951651268075923,0.4162038961430799,0.003312616537679336
Logistic Regression,volume_and_range,1.0,28,8234469358283773895,0.8177710843373494,0.8072289156626506,0.010542168674698704,0.6871576384662204,0.6904375464935416,-0.0032799080273212544,0.4375,0.4166666666666667,0.020833333333333315,0.49528301886792453,0.5188679245283019,-0.023584905660377353,0.4646017699115044,0.46218487394957986,0.00241689596192457,0.7659768715763846,0.7590451071887468,0.006931764387637762,0.41398774616347356,0.3962839154437867,0.01770383071968684
Random Forest,volume_and_range,1.0,28,8234469358283773895,0.8358433734939759,0.8328313253012049,0.0030120481927710108,0.640596469872185,0.6540880503144654,-0.013491580442280382,0.4807692307692308,0.4715909090909091,0.009178321678321666,0.35377358490566035,0.3915094339622642,-0.03773584905660382,0.4076086956521739,0.42783505154639173,-0.02022635589421784,0.7367789274362615,0.7307981673091228,0.005980760127138662,0.41951651268075923,0.4187687483215576,0.0007477643592016525
Logistic Regression,volume_and_range,1.0,29,1675572477957836380,0.8177710843373494,0.8109939759036144,0.006777108433734913,0.6871576384662204,0.69458815175492,-0.007430513288699592,0.4375,0.42528735632183906,0.01221264367816094,0.49528301886792453,0.5235849056603774,-0.02830188679245288,0.4646017699115044,0.4693446088794926,-0.004742838967988161,0.7659768715763846,0.7662051125989046,-0.00022824102251994827,0.41398774616347356,0.4061959399264874,0.007791806236986165
Random Forest,volume_and_range,1.0,29,1675572477957836380,0.8358433734939759,0.8298192771084337,0.0060240963855421326,0.640596469872185,0.6503854737269223,-0.009789003854737355,0.4807692307692308,0.4606741573033708,0.02009507346585998,0.35377358490566035,0.3867924528301887,-0.03301886792452835,0.4076086956521739,0.4205128205128205,-0.012904124860646626,0.7367789274362615,0.7327086292013255,0.004070298234935987,0.41951651268075923,0.415172759547812,0.0043437531329472145
Logistic Regression,all_predictors,0.05,0,8499353968994374011,0.8177710843373494,0.8170180722891566,0.0007530120481927804,0.6871576384662204,0.6867096097923852,0.00044802867383519906,0.4375,0.43568464730290457,0.0018153526970954292,0.49528301886792453,0.49528301886792453,0.0,0.4646017699115044,0.46357615894039733,0.0010256109711070938,0.7659768715763846,0.7641889835666466,0.001787888009738059,0.41398774616347356,0.4115325317774011,0.002455214386072435
Random Forest,all_predictors,0.05,0,8499353968994374011,0.8358433734939759,0.8373493975903614,-0.001506024096385561,0.640596469872185,0.6472239128964631,-0.00662744302427809,0.4807692307692308,0.4875,-0.006730769230769207,0.35377358490566035,0.36792452830188677,-0.014150943396226412,0.4076086956521739,0.41935483870967744,-0.011746143057503544,0.7367789274362615,0.741512815310746,-0.004733887874484477,0.41951651268075923,0.4190418907967632,0.00047462188399605143
Logistic Regression,all_predictors,0.05,1,632433524846431116,0.8177710843373494,0.8170180722891566,0.0007530120481927804,0.6871576384662204,0.68288868600798,0.004268952458240327,0.4375,0.4345991561181435,0.0029008438818565185,0.49528301886792453,0.4858490566037736,0.009433962264150941,0.4646017699115044,0.45879732739420936,0.005804442517295061,0.7659768715763846,0.7647933996077635,0.0011834719686211193,0.41398774616347356,0.41195805439240907,0.00202969177106449
Random Forest,all_predictors,0.05,1,632433524846431116,0.8358433734939759,0.8343373493975904,0.0015060240963854499,0.640596469872185,0.6435213363089201,-0.002924866436735063,0.4807692307692308,0.47530864197530864,0.005460588793922139,0.35377358490566035,0.3632075471698113,-0.009433962264150941,0.4076086956521739,0.4117647058823529,-0.00415601023017903,0.7367789274362615,0.7364238858456752,0.00035504159058630247,0.41951651268075923,0.42088892424502666,-0.0013724115642674284
Logistic Regression,all_predictors,0.05,2,13764159588163263000,0.8177710843373494,0.8162650602409639,0.0015060240963854499,0.6871576384662204,0.6900825049029553,-0.002924866436734952,0.4375,0.4349593495934959,0.002540650406504086,0.49528301886792453,0.5047169811320755,-0.009433962264150997,0.4646017699115044,0.4672489082969432,-0.0026471383854387853,0.7659768715763846,0.7677774396429295,-0.0018005680665449386,0.41398774616347356,0.4147009632521956,-0.0007132170887220179
Random Forest,all_predictors,0.05,2,13764159588163263000,0.8358433734939759,0.8358433734939759,0.0,0.640596469872185,0.640596469872185,0.0,0.4807692307692308,0.4807692307692308,0.0,0.35377358490566035,0.35377358490566035,0.0,0.4076086956521739,0.4076086956521739,0.0,0.7367789274362615,0.7337526205450733,0.003026306891188213,0.41951651268075923,0.418233907486302,0.0012826051944572203
Logistic Regression,all_predictors,0.05,3,11819959195738138604,0.8177710843373494,0.8170180722891566,0.0007530120481927804,0.6871576384662204,0.6886200716845878,-0.001462433218367476,0.4375,0.43621399176954734,0.001286008230452662,0.49528301886792453,0.5,-0.004716981132075471,0.4646017699115044,0.46593406593406594,-0.0013322960225615188,0.7659768715763846,0.766682728071955,-0.0007058564955704227,0.41398774616347356,0.4144634975073031,-0.00047575134382954465
Random Forest,all_predictors,0.05,3,11819959195738138604,0.8358433734939759,0.8358433734939759,0.0,0.640596469872185,0.6444173936565902,-0.003820923784405239,0.4807692307692308,0.48125,-0.00048076923076922906,0.35377358490566035,0.3632075471698113,-0.009433962264150941,0.4076086956521739,0.41397849462365593,-0.0063697989714820435,0.7367789274362615,0.7318506120240752,0.0049283154121863015,0.41951651268075923,0.4186955398357013,0.0008209728450579434
Logistic Regression,all_predictors,0.05,4,10181567458312603957,0.8177710843373494,0.8192771084337349,-0.001506024096385561,0.6871576384662204,0.6880536958138905,-0.0008960573476701761,0.4375,0.4411764705882353,-0.003676470588235281,0.49528301886792453,0.49528301886792453,0.0,0.4646017699115044,0.4666666666666667,-0.002064896755162249,0.7659768715763846,0.7659388314059647,3.804017041986185e-05,0.41398774616347356,0.414010583978421,-2.2837814947440638e-05
Random Forest,all_predictors,0.05,4,10181567458312603957,0.8358433734939759,0.8358433734939759,0.0,0.640596469872185,0.6367755460877798,0.003820923784405239,0.4807692307692308,0.48026315789473684,0.0005060728744939458,0.35377358490566035,0.3443396226415094,0.009433962264150941,0.4076086956521739,0.4010989010989011,0.006509794553272774,0.7367789274362615,0.7350459863393523,0.0017329410969092462,0.41951651268075923,0.4172881873014757,0.0022283253792835245
Logistic Regression,all_predictors,0.05,5,14661244767083352035,0.8177710843373494,0.8147590361445783,0.0030120481927710108,0.6871576384662204,0.6853655237708798,0.0017921146953405742,0.4375,0.430327868852459,0.0071721311475410054,0.49528301886792453,0.49528301886792453,0.0,0.4646017699115044,0.4605263157894737,0.004075454122030753,0.7659768715763846,0.7663361398525732,-0.0003592682761885957,0.41398774616347356,0.4109598928662051,0.003027853297268457
Random Forest,all_predictors,0.05,5,14661244767083352035,0.8358433734939759,0.8343373493975904,0.0015060240963854499,0.640596469872185,0.6377899506323121,0.002806519239872851,0.4807692307692308,0.47435897435897434,0.006410256410256443,0.35377358490566035,0.3490566037735849,0.004716981132075471,0.4076086956521739,0.40217391304347827,0.005434782608695621,0.7367789274362615,0.73612801785352,0.000650909582741499,0.41951651268075923,0.4146238343283253,0.0048926783524339545
Logistic Regression,all_predictors,0.05,6,2405970867960174068,0.8177710843373494,0.8147590361445783,0.0030120481927710108,0.6871576384662204,0.6853655237708798,0.0017921146953405742,0.4375,0.430327868852459,0.0071721311475410054,0.49528301886792453,0.49528301886792453,0.0,0.4646017699115044,0.4605263157894737,0.004075454122030753,0.7659768715763846,0.763829715290458,0.0021471562859266546,0.41398774616347356,0.4118498313141343,0.002137914849339284
Random Forest,all_predictors,0.05,6,2405970867960174068,0.8358433734939759,0.8358433734939759,0.0,0.640596469872185,0.6367755460877798,0.003820923784405239,0.4807692307692308,0.48026315789473684,0.0005060728744939458,0.35377358490566035,0.3443396226415094,0.009433962264150941,0.4076086956521739,0.4010989010989011,0.006509794553272774,0.7367789274362615,0.7306248731994319,0.006154054236829576,0.41951651268075923,0.4183233732454988,0.0011931394352604485
Logistic Regression,all_predictors,0.05,7,15999364452122649067,0.8177710843373494,0.8162650602409639,0.0015060240963854499,0.6871576384662204,0.6862615811185501,0.0008960573476702871,0.4375,0.43388429752066116,0.003615702479338845,0.49528301886792453,0.49528301886792453,0.0,0.4646017699115044,0.46255506607929514,0.0020467038322092845,0.7659768715763846,0.7679084668965984,-0.001931595320213808,0.41398774616347356,0.41639406476083957,-0.0024063185973660084
Random Forest,all_predictors,0.05,7,15999364452122649067,0.8358433734939759,0.8365963855421686,-0.0007530120481927804,0.640596469872185,0.6334026509772097,0.007193818894975279,0.4807692307692308,0.48299319727891155,-0.0022239665096807637,0.35377358490566035,0.33490566037735847,0.018867924528301883,0.4076086956521739,0.3955431754874652,0.012065520164708687,0.7367789274362615,0.7423370190031785,-0.005558091566917001,0.41951651268075923,0.42041580139786777,-0.0008992887171085373
Logistic Regression,all_predictors,0.05,8,1894539056854641781,0.8177710843373494,0.8155120481927711,0.0022590361445782303,0.6871576384662204,0.6896344762291202,-0.002476837762899864,0.4375,0.4331983805668016,0.0043016194331984,0.49528301886792453,0.5047169811320755,-0.009433962264150997,0.4646017699115044,0.4662309368191721,-0.0016291669076676785,0.7659768715763846,0.7633859133022249,0.0025909582741596715,0.41398774616347356,0.41086679026844775,0.003120955895025812
Random Forest,all_predictors,0.05,8,1894539056854641781,0.8358433734939759,0.8358433734939759,0.0,0.640596469872185,0.640596469872185,0.0,0.4807692307692308,0.4807692307692308,0.0,0.35377358490566035,0.35377358490566035,0.0,0.4076086956521739,0.4076086956521739,0.0,0.7367789274362615,0.7320196794481639,0.00475924798809757,0.41951651268075923,0.41295758839398183,0.006558924286777401
Logistic Regression,all_predictors,0.05,9,7498351708667313555,0.8177710843373494,0.8125,0.005271084337349352,0.6871576384662204,0.6840214377493744,0.0031362007168459494,0.4375,0.4251012145748988,0.0123987854251012,0.49528301886792453,0.49528301886792453,0.0,0.4646017699115044,0.45751633986928103,0.007085430042223395,0.7659768715763846,0.7656810035842294,0.00029586799215519655,0.41398774616347356,0.4122528384688886,0.0017349076945849529
Random Forest,all_predictors,0.05,9,7498351708667313555,0.8358433734939759,0.8426204819277109,-0.006777108433735024,0.640596469872185,0.6541810373977142,-0.013584567525529168,0.4807692307692308,0.5095541401273885,-0.02878490935815775,0.35377358490566035,0.37735849056603776,-0.02358490566037741,0.4076086956521739,0.43360433604336046,-0.02599564039118657,0.7367789274362615,0.7414029214850881,-0.0046239940488266296,0.41951651268075923,0.4252216928633756,-0.005705180182616343
Logistic Regression,all_predictors,0.05,10,15982687038767679233,0.8177710843373494,0.8192771084337349,-0.001506024096385561,0.6871576384662204,0.686143233921688,0.001014404544532388,0.4375,0.4406779661016949,-0.003177966101694907,0.49528301886792453,0.49056603773584906,0.004716981132075471,0.4646017699115044,0.4642857142857143,0.0003160556257901237,0.7659768715763846,0.7669785960641105,-0.0010017244877258413,0.41398774616347356,0.4131518289260727,0.0008359172374008406
Random Forest,all_predictors,0.05,10,15982687038767679233,0.8358433734939759,0.838855421686747,-0.003012048192771122,0.640596469872185,0.6500304321363359,-0.009433962264150941,0.4807692307692308,0.49375,-0.01298076923076924,0.35377358490566035,0.37264150943396224,-0.018867924528301883,0.4076086956521739,0.42473118279569894,-0.017122487143525045,0.7367789274362615,0.735874416717387,0.0009045107188745405,0.41951651268075923,0.4212419017616229,-0.0017253890808636707
Logistic Regression,all_predictors,0.05,11,2305577265413579696,0.8177710843373494,0.8155120481927711,0.0022590361445782303,0.6871576384662204,0.6839030905525123,0.00325454791370805,0.4375,0.4315352697095436,0.00596473029045641,0.49528301886792453,0.49056603773584906,0.004716981132075471,0.4646017699115044,0.45916114790286977,0.005440622008634655,0.7659768715763846,0.7646370122404815,0.001339859335903082,0.41398774616347356,0.41088723286982937,0.0031005132936441915
Random Forest,all_predictors,0.05,11,2305577265413579696,0.8358433734939759,0.8365963855421686,-0.0007530120481927804,0.640596469872185,0.6391340366538175,0.001462433218367476,0.4807692307692308,0.48366013071895425,-0.002890899949723469,0.35377358490566035,0.3490566037735849,0.004716981132075471,0.4076086956521739,0.4054794520547945,0.002129243597379371,0.7367789274362615,0.7397545141002233,-0.0029755866639618045,0.41951651268075923,0.4269284499759332,-0.007411937295173976
Logistic Regression,all_predictors,0.05,12,5582615704026325799,0.8177710843373494,0.8185240963855421,-0.0007530120481927804,0.6871576384662204,0.6856952052478529,0.001462433218367476,0.4375,0.4388185654008439,-0.0013185654008439074,0.49528301886792453,0.49056603773584906,0.004716981132075471,0.4646017699115044,0.46325167037861914,0.001350099532885285,0.7659768715763846,0.7676633191316696,-0.00168644755528502,0.41398774616347356,0.41399495510399964,-7.20894052608223e-06
Random Forest,all_predictors,0.05,12,5582615704026325799,0.8358433734939759,0.8426204819277109,-0.006777108433735024,0.640596469872185,0.6465391898289038,-0.0059427199567188005,0.4807692307692308,0.5100671140939598,-0.02929788332472899,0.35377358490566035,0.3584905660377358,-0.004716981132075471,0.4076086956521739,0.42105263157894735,-0.013443935926773454,0.7367789274362615,0.7342429160749308,0.0025360113613307478,0.41951651268075923,0.4259795190379838,-0.006463006357224577
Logistic Regression,all_predictors,0.05,13,13522335441974703498,0.8177710843373494,0.8215361445783133,-0.0037650602409639022,0.6871576384662204,0.6932187056198011,-0.00606106715358079,0.4375,0.4476987447698745,-0.01019874476987448,0.49528301886792453,0.5047169811320755,-0.009433962264150997,0.4646017699115044,0.4745011086474501,-0.009899338735945673,0.7659768715763846,0.7654823493609252,0.0004945222154594253,0.41398774616347356,0.4100358489419927,0.003951897221480871
Random Forest,all_predictors,0.05,13,13522335441974703498,0.8358433734939759,0.8403614457831325,-0.004518072289156683,0.640596469872185,0.6547474132684115,-0.014150943396226467,0.4807692307692308,0.5,-0.019230769230769218,0.35377358490566035,0.38207547169811323,-0.02830188679245288,0.4076086956521739,0.43315508021390375,-0.025546384561729862,0.7367789274362615,0.7373241698789477,-0.0005452424426861668,0.41951651268075923,0.42096151814673277,-0.0014450054659735367
Logistic Regression,all_predictors,0.05,14,5194280499715204806,0.8177710843373494,0.8215361445783133,-0.0037650602409639022,0.6871576384662204,0.6893977818353959,-0.0022401433691755512,0.4375,0.44680851063829785,-0.009308510638297851,0.49528301886792453,0.49528301886792453,0.0,0.4646017699115044,0.4697986577181208,-0.005196887806616368,0.7659768715763846,0.7647553594373436,0.001221512139040981,0.41398774616347356,0.4098837041066778,0.004104042056795765
Random Forest,all_predictors,0.05,14,5194280499715204806,0.8358433734939759,0.8373493975903614,-0.001506024096385561,0.640596469872185,0.6414925272198553,-0.0008960573476702871,0.4807692307692308,0.487012987012987,-0.006243756243756227,0.35377358490566035,0.35377358490566035,0.0,0.4076086956521739,0.4098360655737705,-0.0022273699215966114,0.7367789274362615,0.7408534523567999,-0.0040745249205383915,0.41951651268075923,0.42195427037612443,-0.0024377576953651947
Logistic Regression,all_predictors,0.05,15,7697137535495194546,0.8177710843373494,0.8140060240963856,0.003765060240963791,0.6871576384662204,0.6868279569892473,0.00032968147697309824,0.4375,0.4291497975708502,0.0083502024291498,0.49528301886792453,0.5,-0.004716981132075471,0.4646017699115044,0.46187363834422657,0.0027281315672778583,0.7659768715763846,0.7626335632650301,0.0033433083113545425,0.41398774616347356,0.40900305489627187,0.004984691267201691
Random Forest,all_predictors,0.05,15,7697137535495194546,0.8358433734939759,0.8328313253012049,0.0030120481927710108,0.640596469872185,0.6368938932846419,0.0037025765875431382,0.4807692307692308,0.46835443037974683,0.012414800389483949,0.35377358490566035,0.3490566037735849,0.004716981132075471,0.4076086956521739,0.4,0.007608695652173869,0.7367789274362615,0.7302698316088455,0.006509095827415989,0.41951651268075923,0.4164313366553591,0.0030851760254001492
Logistic Regression,all_predictors,0.05,16,15882290443134437505,0.8177710843373494,0.8215361445783133,-0.0037650602409639022,0.6871576384662204,0.6874873199431933,-0.0003296814769729872,0.4375,0.44635193133047213,-0.00885193133047213,0.49528301886792453,0.49056603773584906,0.004716981132075471,0.4646017699115044,0.46741573033707867,-0.0028139604255742467,0.7659768715763846,0.7662896463109488,-0.0003127747345641474,0.41398774616347356,0.41515844080041325,-0.0011706946369396953
Random Forest,all_predictors,0.05,16,15882290443134437505,0.8358433734939759,0.8350903614457831,0.0007530120481927804,0.640596469872185,0.6420589030905525,-0.001462433218367476,0.4807692307692308,0.4779874213836478,0.0027818093855829784,0.35377358490566035,0.3584905660377358,-0.004716981132075471,0.4076086956521739,0.40970350404312667,-0.0020948083909527737,0.7367789274362615,0.7322901873267059,0.004488740109555578,0.41951651268075923,0.41879275885504064,0.0007237538257185983
Logistic Regression,all_predictors,0.05,17,13934437105729357694,0.8177710843373494,0.8155120481927711,0.0022590361445782303,0.6871576384662204,0.6839030905525123,0.00325454791370805,0.4375,0.4315352697095436,0.00596473029045641,0.49528301886792453,0.49056603773584906,0.004716981132075471,0.4646017699115044,0.45916114790286977,0.005440622008634655,0.7659768715763846,0.7667165415567728,-0.0007396699803882134,0.41398774616347356,0.41504526581644113,-0.0010575196529675757
Random Forest,all_predictors,0.05,17,13934437105729357694,0.8358433734939759,0.8320783132530121,0.003765060240963791,0.640596469872185,0.6383563265030094,0.0022401433691755512,0.4807692307692308,0.4658385093167702,0.014930721452460605,0.35377358490566035,0.35377358490566035,0.0,0.4076086956521739,0.40214477211796246,0.0054639235342114345,0.7367789274362615,0.7421087779806588,-0.005329850544397274,0.41951651268075923,0.42279645208327943,-0.0032799394025201933
Logistic Regression,all_predictors,0.05,18,13965450639613490352,0.8177710843373494,0.8200301204819277,-0.0022590361445783413,0.6871576384662204,0.692322648272131,-0.005165009805910614,0.4375,0.44398340248962653,-0.006483402489626533,0.49528301886792453,0.5047169811320755,-0.009433962264150997,0.4646017699115044,0.47240618101545256,-0.007804411103948139,0.7659768715763846,0.7650258673158857,0.0009510042604988778,0.41398774616347356,0.4146397043087443,-0.0006519581452707479
Random Forest,all_predictors,0.05,18,13965450639613490352,0.8358433734939759,0.8350903614457831,0.0007530120481927804,0.640596469872185,0.6420589030905525,-0.001462433218367476,0.4807692307692308,0.4779874213836478,0.0027818093855829784,0.35377358490566035,0.3584905660377358,-0.004716981132075471,0.4076086956521739,0.40970350404312667,-0.0020948083909527737,0.7367789274362615,0.7404307837965781,-0.0036518563603166188,0.41951651268075923,0.4209992502310298,-0.001482737550270563
Logistic Regression,all_predictors,0.05,19,4554610652464865193,0.8177710843373494,0.8192771084337349,-0.001506024096385561,0.6871576384662204,0.686143233921688,0.001014404544532388,0.4375,0.4406779661016949,-0.003177966101694907,0.49528301886792453,0.49056603773584906,0.004716981132075471,0.4646017699115044,0.4642857142857143,0.0003160556257901237,0.7659768715763846,0.7649244268614324,0.0010524447149522498,0.41398774616347356,0.41317704626289714,0.000810699900576417
Random Forest,all_predictors,0.05,19,4554610652464865193,0.8358433734939759,0.8381024096385542,-0.0022590361445783413,0.640596469872185,0.6514928653547034,-0.010896395482518417,0.4807692307692308,0.49079754601226994,-0.010028315243039154,0.35377358490566035,0.37735849056603776,-0.02358490566037741,0.4076086956521739,0.4266666666666667,-0.019057971014492803,0.7367789274362615,0.7320661729897883,0.004712754446473233,0.41951651268075923,0.41587138416750946,0.0036451285132497735
Logistic Regression,all_predictors,0.05,20,9854151048509914436,0.8177710843373494,0.8215361445783133,-0.0037650602409639022,0.6871576384662204,0.6874873199431933,-0.0003296814769729872,0.4375,0.44635193133047213,-0.00885193133047213,0.49528301886792453,0.49056603773584906,0.004716981132075471,0.4646017699115044,0.46741573033707867,-0.0028139604255742467,0.7659768715763846,0.7607991817136676,0.00517768986271705,0.41398774616347356,0.41415316710010375,-0.00016542093663018953
Random Forest,all_predictors,0.05,20,9854151048509914436,0.8358433734939759,0.8403614457831325,-0.004518072289156683,0.640596469872185,0.6451951038073984,-0.004598633935213425,0.4807692307692308,0.5,-0.019230769230769218,0.35377358490566035,0.3584905660377358,-0.004716981132075471,0.4076086956521739,0.4175824175824176,-0.009973721930243706,0.7367789274362615,0.734073848650842,0.002705078785419479,0.41951651268075923,0.4157917496326859,0.003724763048073343
Logistic Regression,all_predictors,0.05,21,18403394890256603501,0.8177710843373494,0.8170180722891566,0.0007530120481927804,0.6871576384662204,0.6867096097923852,0.00044802867383519906,0.4375,0.43568464730290457,0.0018153526970954292,0.49528301886792453,0.49528301886792453,0.0,0.4646017699115044,0.46357615894039733,0.0010256109711070938,0.7659768715763846,0.7654612159329139,0.0005156556434706694,0.41398774616347356,0.41350510637808835,0.00048263978538520824
Random Forest,all_predictors,0.05,21,18403394890256603501,0.8358433734939759,0.8358433734939759,0.0,0.640596469872185,0.640596469872185,0.0,0.4807692307692308,0.4807692307692308,0.0,0.35377358490566035,0.35377358490566035,0.0,0.4076086956521739,0.4076086956521739,0.0,0.7367789274362615,0.734597957665517,0.0021809697707444453,0.41951651268075923,0.4207772354567976,-0.0012607227760383921
Logistic Regression,all_predictors,0.05,22,10436166255460197919,0.8177710843373494,0.8147590361445783,0.0030120481927710108,0.6871576384662204,0.6815445999864747,0.005613038479745702,0.4375,0.42916666666666664,0.00833333333333336,0.49528301886792453,0.4858490566037736,0.009433962264150941,0.4646017699115044,0.4557522123893805,0.008849557522123908,0.7659768715763846,0.7628237641171299,0.003153107459254678,0.41398774616347356,0.4100550305724796,0.0039327155909939515
Random Forest,all_predictors,0.05,22,10436166255460197919,0.8358433734939759,0.8396084337349398,-0.0037650602409639022,0.640596469872185,0.6466575370257659,-0.006061067153580901,0.4807692307692308,0.4967741935483871,-0.016004962779156306,0.35377358490566035,0.3632075471698113,-0.009433962264150941,0.4076086956521739,0.4196185286103542,-0.012009832958180311,0.7367789274362615,0.7357645228917292,0.001014404544532277,0.41951651268075923,0.41818395074964626,0.0013325619311129744
Logistic Regression,all_predictors,0.05,23,7400062593307050796,0.8177710843373494,0.8200301204819277,-0.0022590361445783413,0.6871576384662204,0.6942331101643335,-0.007075471698113178,0.4375,0.4444444444444444,-0.00694444444444442,0.49528301886792453,0.5094339622641509,-0.014150943396226412,0.4646017699115044,0.4747252747252747,-0.010123504813770279,0.7659768715763846,0.7661712991140867,-0.00019442753770204657,0.41398774616347356,0.4128292858317793,0.0011584603316942554
Random Forest,all_predictors,0.05,23,7400062593307050796,0.8358433734939759,0.8328313253012049,0.0030120481927710108,0.640596469872185,0.6368938932846419,0.0037025765875431382,0.4807692307692308,0.46835443037974683,0.012414800389483949,0.35377358490566035,0.3490566037735849,0.004716981132075471,0.4076086956521739,0.4,0.007608695652173869,0.7367789274362615,0.7321042131602082,0.00467471427605326,0.41951651268075923,0.4161520358513868,0.003364476829372409
Logistic Regression,all_predictors,0.05,24,18425359327891781035,0.8177710843373494,0.8125,0.005271084337349352,0.6871576384662204,0.676379590180564,0.010778048285656316,0.4375,0.4225941422594142,0.014905857740585782,0.49528301886792453,0.47641509433962265,0.018867924528301883,0.4646017699115044,0.44789356984478934,0.016708200066715084,0.7659768715763846,0.7661712991140867,-0.00019442753770204657,0.41398774616347356,0.41306884689150397,0.0009188992719695865
Random Forest,all_predictors,0.05,24,18425359327891781035,0.8358433734939759,0.8358433734939759,0.0,0.640596469872185,0.6425069317643877,-0.001910461892202675,0.4807692307692308,0.4810126582278481,-0.00024342745861732906,0.35377358490566035,0.3584905660377358,-0.004716981132075471,0.4076086956521739,0.41081081081081083,-0.0032021151586369423,0.7367789274362615,0.7367831541218637,-4.226685602182201e-06,0.41951651268075923,0.4177534514987596,0.0017630611819996478
Logistic Regression,all_predictors,0.05,25,713435552723540259,0.8177710843373494,0.8230421686746988,-0.005271084337349463,0.6871576384662204,0.6960252248596741,-0.008867586393453752,0.4375,0.45188284518828453,-0.014382845188284532,0.49528301886792453,0.5094339622641509,-0.014150943396226412,0.4646017699115044,0.4789356984478936,-0.014333928536389151,0.7659768715763846,0.7627603638330966,0.0032165077432879663,0.41398774616347356,0.4129306065371215,0.001057139626352066
Random Forest,all_predictors,0.05,25,713435552723540259,0.8358433734939759,0.8403614457831325,-0.004518072289156683,0.640596469872185,0.6451951038073984,-0.004598633935213425,0.4807692307692308,0.5,-0.019230769230769218,0.35377358490566035,0.3584905660377358,-0.004716981132075471,0.4076086956521739,0.4175824175824176,-0.009973721930243706,0.7367789274362615,0.7338625143707311,0.0029164130655303655,0.41951651268075923,0.41565944190162807,0.0038570707791311665
Logistic Regression,all_predictors,0.05,26,8966494009613562851,0.8177710843373494,0.8207831325301205,-0.003012048192771122,0.6871576384662204,0.6889497531615608,-0.0017921146953404632,0.4375,0.4449152542372881,-0.007415254237288116,0.49528301886792453,0.49528301886792453,0.0,0.4646017699115044,0.46875,-0.004148230088495575,0.7659768715763846,0.7680859876918915,-0.002109116115506904,0.41398774616347356,0.41546302993971723,-0.0014752837762436743
Random Forest,all_predictors,0.05,26,8966494009613562851,0.8358433734939759,0.8365963855421686,-0.0007530120481927804,0.640596469872185,0.6486863461148306,-0.008089876242645566,0.4807692307692308,0.48466257668711654,-0.00389334591788576,0.35377358490566035,0.37264150943396224,-0.018867924528301883,0.4076086956521739,0.42133333333333334,-0.013724637681159446,0.7367789274362615,0.7422736187191452,-0.0054946912828837124,0.41951651268075923,0.41848255690645036,0.00103395577430887
Logistic Regression,all_predictors,0.05,27,8545520018338901057,0.8177710843373494,0.8253012048192772,-0.0075301204819278045,0.6871576384662204,0.699279772773382,-0.012122134307161692,0.4375,0.4579831932773109,-0.020483193277310907,0.49528301886792453,0.5141509433962265,-0.018867924528301938,0.4646017699115044,0.48444444444444446,-0.01984267453294003,0.7659768715763846,0.7650554541151012,0.0009214174612833803,0.41398774616347356,0.4123522319123493,0.001635514251124237
Random Forest,all_predictors,0.05,27,8545520018338901057,0.8358433734939759,0.8358433734939759,0.0,0.640596469872185,0.6444173936565902,-0.003820923784405239,0.4807692307692308,0.48125,-0.00048076923076922906,0.35377358490566035,0.3632075471698113,-0.009433962264150941,0.4076086956521739,0.41397849462365593,-0.0063697989714820435,0.7367789274362615,0.7315378372895109,0.00524109014675056,0.41951651268075923,0.41721771463389107,0.002298798046868167
Logistic Regression,all_predictors,0.05,28,6871746042068755219,0.8177710843373494,0.8185240963855421,-0.0007530120481927804,0.6871576384662204,0.6856952052478529,0.001462433218367476,0.4375,0.4388185654008439,-0.0013185654008439074,0.49528301886792453,0.49056603773584906,0.004716981132075471,0.4646017699115044,0.46325167037861914,0.001350099532885285,0.7659768715763846,0.7647553594373437,0.00122151213904087,0.41398774616347356,0.41235152273019343,0.0016362234332801262
Random Forest,all_predictors,0.05,28,6871746042068755219,0.8358433734939759,0.8343373493975904,0.0015060240963854499,0.640596469872185,0.6397004125245147,0.0008960573476702871,0.4807692307692308,0.47468354430379744,0.006085686465433338,0.35377358490566035,0.35377358490566035,0.0,0.4076086956521739,0.40540540540540543,0.0022032902467684634,0.7367789274362615,0.7408534523567999,-0.0040745249205383915,0.41951651268075923,0.42728594536260894,-0.007769432681849708
Logistic Regression,all_predictors,0.05,29,13720542434842942884,0.8177710843373494,0.8140060240963856,0.003765060240963791,0.6871576384662204,0.6849174950970447,0.0022401433691756623,0.4375,0.42857142857142855,0.008928571428571452,0.49528301886792453,0.49528301886792453,0.0,0.4646017699115044,0.45951859956236324,0.005083170349141186,0.7659768715763846,0.7646201054980726,0.0013567660783120328,0.41398774616347356,0.41263942619446664,0.001348319969006917
Random Forest,all_predictors,0.05,29,13720542434842942884,0.8358433734939759,0.8343373493975904,0.0015060240963854499,0.640596469872185,0.6320585649557043,0.008537904916480654,0.4807692307692308,0.47333333333333333,0.007435897435897454,0.35377358490566035,0.33490566037735847,0.018867924528301883,0.4076086956521739,0.39226519337016574,0.015343502282008148,0.7367789274362615,0.7353376276459052,0.001441299790356343,0.41951651268075923,0.4176045306805705,0.0019119820001887167
Logistic Regression,all_predictors,0.1,0,12113896614345844736,0.8177710843373494,0.8125,0.005271084337349352,0.6871576384662204,0.6821109758571718,0.005046662609048513,0.4375,0.42448979591836733,0.01301020408163267,0.49528301886792453,0.49056603773584906,0.004716981132075471,0.4646017699115044,0.4551422319474836,0.009459537964020825,0.7659768715763846,0.7608372218840873,0.005139649692297299,0.41398774616347356,0.4076430965788842,0.006344649584589357
Random Forest,all_predictors,0.1,0,12113896614345844736,0.8358433734939759,0.8403614457831325,-0.004518072289156683,0.640596469872185,0.6413741800229932,-0.0007777101508081863,0.4807692307692308,0.5,-0.019230769230769218,0.35377358490566035,0.3490566037735849,0.004716981132075471,0.4076086956521739,0.4111111111111111,-0.0035024154589372025,0.7367789274362615,0.7369057280043281,-0.00012680056806657625,0.41951651268075923,0.4171867515588884,0.0023297611218708325
Logistic Regression,all_predictors,0.1,1,11252315241728647398,0.8177710843373494,0.8102409638554217,0.0075301204819276935,0.6871576384662204,0.6769459660512612,0.010211672414959128,0.4375,0.4180327868852459,0.01946721311475408,0.49528301886792453,0.4811320754716981,0.014150943396226412,0.4646017699115044,0.4473684210526316,0.017233348858872843,0.7659768715763846,0.7622066680192061,0.0037702035571784975,0.41398774616347356,0.40964829220415605,0.0043394539593175074
Random Forest,all_predictors,0.1,1,11252315241728647398,0.8358433734939759,0.8335843373493976,0.0022590361445782303,0.640596469872185,0.6411628457428823,-0.0005663758706972999,0.4807692307692308,0.4720496894409938,0.00871954132823699,0.35377358490566035,0.3584905660377358,-0.004716981132075471,0.4076086956521739,0.4075067024128686,0.00010199323930526472,0.7367789274362615,0.7327847095421655,0.0039942178940960416,0.41951651268075923,0.4211716230463123,-0.0016551103655530475
Logistic Regression,all_predictors,0.1,2,14678840341084568600,0.8177710843373494,0.8087349397590361,0.009036144578313254,0.6871576384662204,0.6875126800568067,-0.00035504159058630247,0.4375,0.4186046511627907,0.01889534883720928,0.49528301886792453,0.5094339622641509,-0.014150943396226412,0.4646017699115044,0.4595744680851064,0.005027301826398045,0.7659768715763846,0.7684325759112735,-0.002455704334888842,0.41398774616347356,0.41333447214505054,0.0006532740184230224
Random Forest,all_predictors,0.1,2,14678840341084568600,0.8358433734939759,0.8350903614457831,0.0007530120481927804,0.640596469872185,0.6382379793061472,0.002358490566037763,0.4807692307692308,0.4774193548387097,0.0033498759305211068,0.35377358490566035,0.3490566037735849,0.004716981132075471,0.4076086956521739,0.4032697547683924,0.004338940883781506,0.7367789274362615,0.7340527152228308,0.002726212213430723,0.41951651268075923,0.4151370857598799,0.004379426920879337
Logistic Regression,all_predictors,0.1,3,18134741157831566600,0.8177710843373494,0.8094879518072289,0.008283132530120474,0.6871576384662204,0.6803188611618314,0.006838777304388977,0.4375,0.41767068273092367,0.01982931726907633,0.49528301886792453,0.49056603773584906,0.004716981132075471,0.4646017699115044,0.4511930585683297,0.013408711343174728,0.7659768715763846,0.7655499763305607,0.000426895245823955,0.41398774616347356,0.41364909857072013,0.00033864759275342715
Random Forest,all_predictors,0.1,3,18134741157831566600,0.8358433734939759,0.8358433734939759,0.0,0.640596469872185,0.6425069317643877,-0.001910461892202675,0.4807692307692308,0.4810126582278481,-0.00024342745861732906,0.35377358490566035,0.3584905660377358,-0.004716981132075471,0.4076086956521739,0.41081081081081083,-0.0032021151586369423,0.7367789274362615,0.7344457969838372,0.002333130452424337,0.41951651268075923,0.418348763796816,0.0011677488839432204
Logistic Regression,all_predictors,0.1,4,13037622383565548178,0.8177710843373494,0.8170180722891566,0.0007530120481927804,0.6871576384662204,0.6943514573611957,-0.00719381889497539,0.4375,0.43775100401606426,-0.00025100401606426015,0.49528301886792453,0.5141509433962265,-0.018867924528301938,0.4646017699115044,0.47288503253796094,-0.008283262626456511,0.7659768715763846,0.7646961858389126,0.001280685737471976,0.41398774616347356,0.41158312120437085,0.002404624959102708
Random Forest,all_predictors,0.1,4,13037622383565548178,0.8358433734939759,0.8350903614457831,0.0007530120481927804,0.640596469872185,0.6305961317373369,0.01000033813484813,0.4807692307692308,0.47619047619047616,0.004578754578754618,0.35377358490566035,0.330188679245283,0.023584905660377353,0.4076086956521739,0.38997214484679665,0.017636550805377238,0.7367789274362615,0.7348346520592413,0.0019442753770202437,0.41951651268075923,0.4143457409650663,0.005170771715692912
Logistic Regression,all_predictors,0.1,5,14099465583431462907,0.8177710843373494,0.8057228915662651,0.012048192771084265,0.6871576384662204,0.6723473321160479,0.014810306350172442,0.4375,0.40725806451612906,0.03024193548387094,0.49528301886792453,0.47641509433962265,0.018867924528301883,0.4646017699115044,0.4391304347826087,0.02547133512889571,0.7659768715763846,0.7640199161425577,0.0019569554338269013,0.41398774616347356,0.4049596318480035,0.00902811431547007
Random Forest,all_predictors,0.1,5,14099465583431462907,0.8358433734939759,0.8358433734939759,0.0,0.640596469872185,0.6348650841955772,0.005731385676607803,0.4807692307692308,0.48,0.0007692307692307998,0.35377358490566035,0.33962264150943394,0.014150943396226412,0.4076086956521739,0.39779005524861877,0.009818640403555123,0.7367789274362615,0.7401053290052072,-0.0033264015689457027,0.41951651268075923,0.4155287041090533,0.003987808571705942
Logistic Regression,all_predictors,0.1,6,5991456476108604251,0.8177710843373494,0.8094879518072289,0.008283132530120474,0.6871576384662204,0.6822293230540339,0.0049283154121864126,0.4375,0.41832669322709165,0.01917330677290835,0.49528301886792453,0.49528301886792453,0.0,0.4646017699115044,0.4535637149028078,0.011038055008696646,0.7659768715763846,0.7610823696490161,0.004894501927368511,0.41398774616347356,0.40887258339478466,0.005115162768688897
Random Forest,all_predictors,0.1,6,5991456476108604251,0.8358433734939759,0.8381024096385542,-0.0022590361445783413,0.640596469872185,0.6400300940014878,0.0005663758706971889,0.4807692307692308,0.4900662251655629,-0.009296994396332137,0.35377358490566035,0.3490566037735849,0.004716981132075471,0.4076086956521739,0.40771349862258954,-0.00010480297041565168,0.7367789274362615,0.7288581186177047,0.007920808818556835,0.41951651268075923,0.41970343394201365,-0.00018692126125441355
Logistic Regression,all_predictors,0.1,7,9130346537919394808,0.8177710843373494,0.8125,0.005271084337349352,0.6871576384662204,0.6821109758571718,0.005046662609048513,0.4375,0.42448979591836733,0.01301020408163267,0.49528301886792453,0.49056603773584906,0.004716981132075471,0.4646017699115044,0.4551422319474836,0.009459537964020825,0.7659768715763846,0.7680648542638804,-0.0020879826874957708,0.41398774616347356,0.41654235037496634,-0.0025546042114927836
Random Forest,all_predictors,0.1,7,9130346537919394808,0.8358433734939759,0.8335843373493976,0.0022590361445782303,0.640596469872185,0.6239686887130588,0.01662778115912622,0.4807692307692308,0.46853146853146854,0.01223776223776224,0.35377358490566035,0.3160377358490566,0.037735849056603765,0.4076086956521739,0.37746478873239436,0.03014390691977953,0.7367789274362615,0.747696456346791,-0.01091752891052955,0.41951651268075923,0.4199073796934791,-0.00039086701271984214
Logistic Regression,all_predictors,0.1,8,5607680155741819157,0.8177710843373494,0.8064759036144579,0.011295180722891485,0.6871576384662204,0.6842581321430987,0.0028995063231216367,0.4375,0.41312741312741313,0.024372586872586866,0.49528301886792453,0.5047169811320755,-0.009433962264150997,0.4646017699115044,0.4543524416135881,0.010249328297916305,0.7659768715763846,0.7593452018665043,0.006631669709880272,0.41398774616347356,0.4055922585612389,0.00839548760223463
Random Forest,all_predictors,0.1,8,5607680155741819157,0.8358433734939759,0.8335843373493976,0.0022590361445782303,0.640596469872185,0.6354314600662745,0.005165009805910503,0.4807692307692308,0.47096774193548385,0.00980148883374693,0.35377358490566035,0.3443396226415094,0.009433962264150941,0.4076086956521739,0.3978201634877384,0.009788532164435482,0.7367789274362615,0.7317787583688375,0.005000169067423954,0.41951651268075923,0.40898860770213374,0.01052790497862549
Logistic Regression,all_predictors,0.1,9,11234676198134724937,0.8177710843373494,0.8049698795180723,0.012801204819277046,0.6871576384662204,0.6661679177656049,0.020989720700615444,0.4375,0.40329218106995884,0.034207818930041156,0.49528301886792453,0.46226415094339623,0.033018867924528295,0.4646017699115044,0.4307692307692308,0.03383253914227363,0.7659768715763846,0.763542300669507,0.002434570906877598,0.41398774616347356,0.40804224443003345,0.005945501733440106
Random Forest,all_predictors,0.1,9,11234676198134724937,0.8358433734939759,0.8448795180722891,-0.009036144578313254,0.640596469872185,0.653614661527017,-0.013018191654831979,0.4807692307692308,0.5197368421052632,-0.03896761133603238,0.35377358490566035,0.37264150943396224,-0.018867924528301883,0.4076086956521739,0.4340659340659341,-0.026457238413760187,0.7367789274362615,0.7460987691891526,-0.009319841752891134,0.41951651268075923,0.4272893625095889,-0.007772849828829642
Logistic Regression,all_predictors,0.1,10,5604135329572568852,0.8177710843373494,0.8117469879518072,0.0060240963855421326,0.6871576384662204,0.6797524852911341,0.0074051531750862765,0.4375,0.42213114754098363,0.015368852459016369,0.49528301886792453,0.4858490566037736,0.009433962264150941,0.4646017699115044,0.4517543859649123,0.012847383946592128,0.7659768715763846,0.7661882058564956,-0.00021133428011099742,0.41398774616347356,0.4114604976844118,0.002527248479061772
Random Forest,all_predictors,0.1,10,5604135329572568852,0.8358433734939759,0.8396084337349398,-0.0037650602409639022,0.640596469872185,0.6485679989179685,-0.007971529045783465,0.4807692307692308,0.4968152866242038,-0.01604605585497304,0.35377358490566035,0.36792452830188677,-0.014150943396226412,0.4076086956521739,0.42276422764227645,-0.015155531990102555,0.7367789274362615,0.7341034354500574,0.0026754919862040927,0.41951651268075923,0.41660577166370094,0.0029107410170582937
Logistic Regression,all_predictors,0.1,11,14269989122193941944,0.8177710843373494,0.8162650602409639,0.0015060240963854499,0.6871576384662204,0.6862615811185501,0.0008960573476702871,0.4375,0.43388429752066116,0.003615702479338845,0.49528301886792453,0.49528301886792453,0.0,0.4646017699115044,0.46255506607929514,0.0020467038322092845,0.7659768715763846,0.7619065733414485,0.004070298234936098,0.41398774616347356,0.4076362103281596,0.006351535835313948
Random Forest,all_predictors,0.1,11,14269989122193941944,0.8358433734939759,0.8448795180722891,-0.009036144578313254,0.640596469872185,0.653614661527017,-0.013018191654831979,0.4807692307692308,0.5197368421052632,-0.03896761133603238,0.35377358490566035,0.37264150943396224,-0.018867924528301883,0.4076086956521739,0.4340659340659341,-0.026457238413760187,0.7367789274362615,0.7350417596537498,0.0017371677825116505,0.41951651268075923,0.42093074674282804,-0.0014142340620688088
Logistic Regression,all_predictors,0.1,12,15140796728580391771,0.8177710843373494,0.8162650602409639,0.0015060240963854499,0.6871576384662204,0.6862615811185501,0.0008960573476702871,0.4375,0.43388429752066116,0.003615702479338845,0.49528301886792453,0.49528301886792453,0.0,0.4646017699115044,0.46255506607929514,0.0020467038322092845,0.7659768715763846,0.7682085615743559,-0.002231689997971298,0.41398774616347356,0.4121147475828123,0.001872998580661256
Random Forest,all_predictors,0.1,12,15140796728580391771,0.8358433734939759,0.8426204819277109,-0.006777108433735024,0.640596469872185,0.6484496517211064,-0.007853181848921365,0.4807692307692308,0.5099337748344371,-0.029164544065206355,0.35377358490566035,0.3632075471698113,-0.009433962264150941,0.4076086956521739,0.42424242424242425,-0.016633728590250363,0.7367789274362615,0.7361026577399067,0.0006762696963548143,0.41951651268075923,0.4249908600136726,-0.005474347332913354
Logistic Regression,all_predictors,0.1,13,3101550168318938138,0.8177710843373494,0.8177710843373494,0.0,0.6871576384662204,0.6909785622506256,-0.003820923784405239,0.4375,0.4385245901639344,-0.0010245901639344135,0.49528301886792453,0.5047169811320755,-0.009433962264150997,0.4646017699115044,0.4692982456140351,-0.004696475702530678,0.7659768715763846,0.7641002231689998,0.0018766484073847733,0.41398774616347356,0.40673604265847174,0.007251703505001816
Random Forest,all_predictors,0.1,13,3101550168318938138,0.8358433734939759,0.8373493975903614,-0.001506024096385561,0.640596469872185,0.6491343747886658,-0.008537904916480765,0.4807692307692308,0.4876543209876543,-0.00688509021842354,0.35377358490566035,0.37264150943396224,-0.018867924528301883,0.4076086956521739,0.42245989304812837,-0.014851197395954474,0.7367789274362615,0.7391839115439237,-0.0024049841076622114,0.41951651268075923,0.4213106012467689,-0.001794088566009655
Logistic Regression,all_predictors,0.1,14,14064444534613982836,0.8177710843373494,0.8155120481927711,0.0022590361445782303,0.6871576384662204,0.6781717048759045,0.008985933590315853,0.4375,0.4297872340425532,0.007712765957446799,0.49528301886792453,0.47641509433962265,0.018867924528301883,0.4646017699115044,0.4519015659955257,0.012700203915978703,0.7659768715763846,0.7623376952728748,0.00363917630350985,0.41398774616347356,0.405273710027128,0.008714036136345582
Random Forest,all_predictors,0.1,14,14064444534613982836,0.8358433734939759,0.838855421686747,-0.003012048192771122,0.640596469872185,0.6366571988909177,0.00393927098126734,0.4807692307692308,0.4931506849315068,-0.01238145416227604,0.35377358490566035,0.33962264150943394,0.014150943396226412,0.4076086956521739,0.4022346368715084,0.005374058780665492,0.7367789274362615,0.7407139717319267,-0.003935044295665158,0.41951651268075923,0.41751202683506566,0.002004485845693571
Logistic Regression,all_predictors,0.1,15,15777560193162076351,0.8177710843373494,0.8057228915662651,0.012048192771084265,0.6871576384662204,0.6780787177926557,0.009078920673564639,0.4375,0.4094488188976378,0.02805118110236221,0.49528301886792453,0.49056603773584906,0.004716981132075471,0.4646017699115044,0.44635193133047213,0.018249838581032296,0.7659768715763846,0.7581363697842701,0.007840501792114485,0.41398774616347356,0.40441577341146584,0.009571972752007718
Random Forest,all_predictors,0.1,15,15777560193162076351,0.8358433734939759,0.8313253012048193,0.004518072289156572,0.640596469872185,0.634087374044769,0.006509095827415989,0.4807692307692308,0.4620253164556962,0.01874391431353456,0.35377358490566035,0.3443396226415094,0.009433962264150941,0.4076086956521739,0.3945945945945946,0.013014101057579275,0.7367789274362615,0.7275732061946304,0.009205721241631104,0.41951651268075923,0.407803034863901,0.01171347781685822
Logistic Regression,all_predictors,0.1,16,3005903682255146990,0.8177710843373494,0.8215361445783133,-0.0037650602409639022,0.6871576384662204,0.6893977818353959,-0.0022401433691755512,0.4375,0.44680851063829785,-0.009308510638297851,0.49528301886792453,0.49528301886792453,0.0,0.4646017699115044,0.4697986577181208,-0.005196887806616368,0.7659768715763846,0.7649878271454656,0.0009890444309189617,0.41398774616347356,0.4143224272740373,-0.0003346811105637282
Random Forest,all_predictors,0.1,16,3005903682255146990,0.8358433734939759,0.8403614457831325,-0.004518072289156683,0.640596469872185,0.6451951038073984,-0.004598633935213425,0.4807692307692308,0.5,-0.019230769230769218,0.35377358490566035,0.3584905660377358,-0.004716981132075471,0.4076086956521739,0.4175824175824176,-0.009973721930243706,0.7367789274362615,0.7292765604923244,0.007502366943937133,0.41951651268075923,0.41961976245300703,-0.00010324977224779319
Logistic Regression,all_predictors,0.1,17,5617892225777399283,0.8177710843373494,0.8177710843373494,0.0,0.6871576384662204,0.6967099479272334,-0.009552309461013042,0.4375,0.44,-0.0025000000000000022,0.49528301886792453,0.5188679245283019,-0.023584905660377353,0.4646017699115044,0.47619047619047616,-0.011588706278971739,0.7659768715763846,0.7661924325420978,-0.00021556096571317962,0.41398774616347356,0.41548287870697354,-0.0014951325434999774
Random Forest,all_predictors,0.1,17,5617892225777399283,0.8358433734939759,0.8298192771084337,0.0060240963855421326,0.640596469872185,0.6312808548048962,0.00931561506728884,0.4807692307692308,0.45569620253164556,0.025073028237585226,0.35377358490566035,0.33962264150943394,0.014150943396226412,0.4076086956521739,0.3891891891891892,0.01841950646298468,0.7367789274362615,0.7411577737201597,-0.0043788462838981745,0.41951651268075923,0.4207115819189416,-0.0011950692381823558
Logistic Regression,all_predictors,0.1,18,1744543405125888848,0.8177710843373494,0.8162650602409639,0.0015060240963854499,0.6871576384662204,0.6900825049029553,-0.002924866436734952,0.4375,0.4349593495934959,0.002540650406504086,0.49528301886792453,0.5047169811320755,-0.009433962264150997,0.4646017699115044,0.4672489082969432,-0.0026471383854387853,0.7659768715763846,0.762498309325759,0.003478562250625594,0.41398774616347356,0.41389561614568027,9.213001779329044e-05
Random Forest,all_predictors,0.1,18,1744543405125888848,0.8358433734939759,0.8343373493975904,0.0015060240963854499,0.640596469872185,0.6377899506323121,0.002806519239872851,0.4807692307692308,0.47435897435897434,0.006410256410256443,0.35377358490566035,0.3490566037735849,0.004716981132075471,0.4076086956521739,0.40217391304347827,0.005434782608695621,0.7367789274362615,0.7376580780415228,-0.0008791506052613363,0.41951651268075923,0.4142445754159408,0.005271937264818449
Logistic Regression,all_predictors,0.1,19,7463602180445651057,0.8177710843373494,0.8177710843373494,0.0,0.6871576384662204,0.6871576384662204,0.0,0.4375,0.4375,0.0,0.49528301886792453,0.49528301886792453,0.0,0.4646017699115044,0.4646017699115044,0.0,0.7659768715763846,0.7622996551024548,0.003677216473929823,0.41398774616347356,0.4101896571064257,0.003798089057047871
Random Forest,all_predictors,0.1,19,7463602180445651057,0.8358433734939759,0.8365963855421686,-0.0007530120481927804,0.640596469872185,0.6448654223304253,-0.004268952458240327,0.4807692307692308,0.48427672955974843,-0.003507498790517649,0.35377358490566035,0.3632075471698113,-0.009433962264150941,0.4076086956521739,0.41509433962264153,-0.007485643970467637,0.7367789274362615,0.721617806181105,0.015161121255156451,0.41951651268075923,0.414478832124703,0.005037680556056245
Logistic Regression,all_predictors,0.1,20,9727560410366472839,0.8177710843373494,0.8125,0.005271084337349352,0.6871576384662204,0.676379590180564,0.010778048285656316,0.4375,0.4225941422594142,0.014905857740585782,0.49528301886792453,0.47641509433962265,0.018867924528301883,0.4646017699115044,0.44789356984478934,0.016708200066715084,0.7659768715763846,0.7542562724014337,0.01172059917495094,0.41398774616347356,0.41113863177199206,0.0028491143914815
Random Forest,all_predictors,0.1,20,9727560410366472839,0.8358433734939759,0.8411144578313253,-0.005271084337349463,0.640596469872185,0.6475535943734361,-0.006957124501251077,0.4807692307692308,0.5032679738562091,-0.022498743086978357,0.35377358490566035,0.3632075471698113,-0.009433962264150941,0.4076086956521739,0.42191780821917807,-0.014309112567004179,0.7367789274362615,0.733008723879083,0.0037702035571784975,0.41951651268075923,0.4184628779850491,0.0010536346957101261
Logistic Regression,all_predictors,0.1,21,4679941168183751972,0.8177710843373494,0.8087349397590361,0.009036144578313254,0.6871576384662204,0.6760499087035909,0.011107729762629415,0.4375,0.4146341463414634,0.022865853658536606,0.49528301886792453,0.4811320754716981,0.014150943396226412,0.4646017699115044,0.44541484716157204,0.01918692274993239,0.7659768715763846,0.7630012849124231,0.0029755866639614714,0.41398774616347356,0.40912935520208393,0.004858390961389625
Random Forest,all_predictors,0.1,21,4679941168183751972,0.8358433734939759,0.8358433734939759,0.0,0.640596469872185,0.6367755460877798,0.003820923784405239,0.4807692307692308,0.48026315789473684,0.0005060728744939458,0.35377358490566035,0.3443396226415094,0.009433962264150941,0.4076086956521739,0.4010989010989011,0.006509794553272774,0.7367789274362615,0.7277338202475148,0.009045107188746737,0.41951651268075923,0.4176919997441358,0.0018245129366234458
Logistic Regression,all_predictors,0.1,22,10918956083728436949,0.8177710843373494,0.8155120481927711,0.0022590361445782303,0.6871576384662204,0.6839030905525123,0.00325454791370805,0.4375,0.4315352697095436,0.00596473029045641,0.49528301886792453,0.49056603773584906,0.004716981132075471,0.4646017699115044,0.45916114790286977,0.005440622008634655,0.7659768715763846,0.7575530871711639,0.008423784405220736,0.41398774616347356,0.4039942844012504,0.009993461762223155
Random Forest,all_predictors,0.1,22,10918956083728436949,0.8358433734939759,0.8365963855421686,-0.0007530120481927804,0.640596469872185,0.6429549604382228,-0.002358490566037763,0.4807692307692308,0.4840764331210191,-0.0033072023517883298,0.35377358490566035,0.3584905660377358,-0.004716981132075471,0.4076086956521739,0.41192411924119243,-0.004315423589018541,0.7367789274362615,0.7295935619124907,0.007185365523770804,0.41951651268075923,0.4131174502777759,0.006399062402983324
Logistic Regression,all_predictors,0.1,23,16696231998854692585,0.8177710843373494,0.8177710843373494,0.0,0.6871576384662204,0.6928890241428282,-0.005731385676607803,0.4375,0.43902439024390244,-0.0015243902439024404,0.49528301886792453,0.5094339622641509,-0.014150943396226412,0.4646017699115044,0.47161572052401746,-0.007013950612513031,0.7659768715763846,0.7644256779603705,0.0015511936160140793,0.41398774616347356,0.4086382220992682,0.005349524064205358
Random Forest,all_predictors,0.1,23,16696231998854692585,0.8358433734939759,0.8350903614457831,0.0007530120481927804,0.640596469872185,0.6401484411983499,0.00044802867383508804,0.4807692307692308,0.47770700636942676,0.0030622243998040255,0.35377358490566035,0.35377358490566035,0.0,0.4076086956521739,0.4065040650406504,0.0011046306115234938,0.7367789274362615,0.7366774869818085,0.00010144045445303895,0.41951651268075923,0.4152519925421094,0.004264520138649808
Logistic Regression,all_predictors,0.1,24,4823134023190748817,0.8177710843373494,0.8102409638554217,0.0075301204819276935,0.6871576384662204,0.6750355041590587,0.012122134307161692,0.4375,0.41735537190082644,0.020144628099173556,0.49528301886792453,0.47641509433962265,0.018867924528301883,0.4646017699115044,0.44493392070484583,0.019667849206658594,0.7659768715763846,0.7646116521268682,0.0013652194495163972,0.41398774616347356,0.40985654726343956,0.004131198900033994
Random Forest,all_predictors,0.1,24,4823134023190748817,0.8358433734939759,0.8411144578313253,-0.005271084337349463,0.640596469872185,0.653284980050044,-0.012688510177858991,0.4807692307692308,0.5031446540880503,-0.02237542331881953,0.35377358490566035,0.37735849056603776,-0.02358490566037741,0.4076086956521739,0.431266846361186,-0.023658150709012116,0.7367789274362615,0.7420707378102387,-0.0052918103739771905,0.41951651268075923,0.42806940919401204,-0.008552896513252806
Logistic Regression,all_predictors,0.1,25,15347319381432679582,0.8177710843373494,0.8207831325301205,-0.003012048192771122,0.6871576384662204,0.6965916007303713,-0.009433962264150941,0.4375,0.44672131147540983,-0.009221311475409832,0.49528301886792453,0.5141509433962265,-0.018867924528301938,0.4646017699115044,0.4780701754385965,-0.013468405527092053,0.7659768715763846,0.7584153310340164,0.007561540542368239,0.41398774616347356,0.4106809463721133,0.003306799791360282
Random Forest,all_predictors,0.1,25,15347319381432679582,0.8358433734939759,0.8403614457831325,-0.004518072289156683,0.640596469872185,0.6451951038073984,-0.004598633935213425,0.4807692307692308,0.5,-0.019230769230769218,0.35377358490566035,0.3584905660377358,-0.004716981132075471,0.4076086956521739,0.4175824175824176,-0.009973721930243706,0.7367789274362615,0.7362632717927909,0.0005156556434705584,0.41951651268075923,0.41690693266910833,0.0026095800116509027
Logistic Regression,all_predictors,0.1,26,3999451431982859143,0.8177710843373494,0.8177710843373494,0.0,0.6871576384662204,0.6928890241428282,-0.005731385676607803,0.4375,0.43902439024390244,-0.0015243902439024404,0.49528301886792453,0.5094339622641509,-0.014150943396226412,0.4646017699115044,0.47161572052401746,-0.007013950612513031,0.7659768715763846,0.7679338270102116,-0.0019569554338270123,0.41398774616347356,0.4166634664493463,-0.0026757202858727624
Random Forest,all_predictors,0.1,26,3999451431982859143,0.8358433734939759,0.8381024096385542,-0.0022590361445783413,0.640596469872185,0.6419405558936904,-0.0013440860215053752,0.4807692307692308,0.49019607843137253,-0.009426847662141746,0.35377358490566035,0.35377358490566035,0.0,0.4076086956521739,0.410958904109589,-0.003350208457415127,0.7367789274362615,0.7385964022452155,-0.0018174748089540005,0.41951651268075923,0.41761358894876094,0.0019029237319982961
Logistic Regression,all_predictors,0.1,27,14186585735447413955,0.8177710843373494,0.8147590361445783,0.0030120481927710108,0.6871576384662204,0.6891864475552851,-0.002028809089064776,0.4375,0.4314516129032258,0.006048387096774188,0.49528301886792453,0.5047169811320755,-0.009433962264150997,0.4646017699115044,0.4652173913043478,-0.0006156213928433796,0.7659768715763846,0.7622573882464327,0.003719483329951867,0.41398774616347356,0.4102771174249997,0.0037106287384738312
Random Forest,all_predictors,0.1,27,14186585735447413955,0.8358433734939759,0.8403614457831325,-0.004518072289156683,0.640596469872185,0.6451951038073984,-0.004598633935213425,0.4807692307692308,0.5,-0.019230769230769218,0.35377358490566035,0.3584905660377358,-0.004716981132075471,0.4076086956521739,0.4175824175824176,-0.009973721930243706,0.7367789274362615,0.7304219922905254,0.006356935145736098,0.41951651268075923,0.41840951663223924,0.0011069960485199926
Logistic Regression,all_predictors,0.1,28,3484410334590775860,0.8177710843373494,0.8170180722891566,0.0007530120481927804,0.6871576384662204,0.6886200716845878,-0.001462433218367476,0.4375,0.43621399176954734,0.001286008230452662,0.49528301886792453,0.5,-0.004716981132075471,0.4646017699115044,0.46593406593406594,-0.0013322960225615188,0.7659768715763846,0.7626842834922566,0.003292588084128023,0.41398774616347356,0.409899550954475,0.004088195208998557
Random Forest,all_predictors,0.1,28,3484410334590775860,0.8358433734939759,0.838855421686747,-0.003012048192771122,0.640596469872185,0.6462095083519308,-0.005613038479745813,0.4807692307692308,0.4935897435897436,-0.01282051282051283,0.35377358490566035,0.3632075471698113,-0.009433962264150941,0.4076086956521739,0.41847826086956524,-0.010869565217391353,0.7367789274362615,0.7476076959491444,-0.010828768512882947,0.41951651268075923,0.42600931493567684,-0.006492802254917607
Logistic Regression,all_predictors,0.1,29,12474727748479884154,0.8177710843373494,0.8117469879518072,0.0060240963855421326,0.6871576384662204,0.6835734090755393,0.0035842293906810374,0.4375,0.42338709677419356,0.014112903225806439,0.49528301886792453,0.49528301886792453,0.0,0.4646017699115044,0.45652173913043476,0.00808003078106967,0.7659768715763846,0.7620333739095151,0.003943497666869522,0.41398774616347356,0.41114790883953173,0.0028398373239418295
Random Forest,all_predictors,0.1,29,12474727748479884154,0.8358433734939759,0.8381024096385542,-0.0022590361445783413,0.640596469872185,0.6381196321092852,0.002476837762899753,0.4807692307692308,0.4899328859060403,-0.009163655136809501,0.35377358490566035,0.3443396226415094,0.009433962264150941,0.4076086956521739,0.40443213296398894,0.0031765626881849474,0.7367789274362615,0.7349360925136945,0.0018428349225669827,0.41951651268075923,0.4212354215371401,-0.001718908856380874
Logistic Regression,all_predictors,0.2,0,16740471370213063786,0.8177710843373494,0.8057228915662651,0.012048192771084265,0.6871576384662204,0.6780787177926557,0.009078920673564639,0.4375,0.4094488188976378,0.02805118110236221,0.49528301886792453,0.49056603773584906,0.004716981132075471,0.4646017699115044,0.44635193133047213,0.018249838581032296,0.7659768715763846,0.7519738621762359,0.014003009400148758,0.41398774616347356,0.39711586647316427,0.016871879690309288
Random Forest,all_predictors,0.2,0,16740471370213063786,0.8358433734939759,0.8396084337349398,-0.0037650602409639022,0.640596469872185,0.640926151349158,-0.0003296814769729872,0.4807692307692308,0.4966442953020134,-0.015875064532782646,0.35377358490566035,0.3490566037735849,0.004716981132075471,0.4076086956521739,0.4099722991689751,-0.002363603516801205,0.7367789274362615,0.727467539054575,0.009311388381686547,0.41951651268075923,0.4128822872862353,0.006634225394523907
Logistic Regression,all_predictors,0.2,1,2520385854039185647,0.8177710843373494,0.8072289156626506,0.010542168674698704,0.6871576384662204,0.6770643132481233,0.010093325218097027,0.4375,0.412,0.025500000000000023,0.49528301886792453,0.4858490566037736,0.009433962264150941,0.4646017699115044,0.4458874458874459,0.018714324024058537,0.7659768715763846,0.7544633799959424,0.011513491580442237,0.41398774616347356,0.40205265755106423,0.011935088612409328
Random Forest,all_predictors,0.2,1,2520385854039185647,0.8358433734939759,0.8350903614457831,0.0007530120481927804,0.640596469872185,0.6439693649827551,-0.003372895110570151,0.4807692307692308,0.4782608695652174,0.0025083612040133763,0.35377358490566035,0.3632075471698113,-0.009433962264150941,0.4076086956521739,0.4128686327077748,-0.005259937055600905,0.7367789274362615,0.7316984513423953,0.005080476093866193,0.41951651268075923,0.4146559984721778,0.004860514208581412
Logistic Regression,all_predictors,0.2,2,12514378317817473503,0.8177710843373494,0.8049698795180723,0.012801204819277046,0.6871576384662204,0.6890934604720362,-0.0019358220058158793,0.4375,0.41198501872659177,0.025514981273408233,0.49528301886792453,0.5188679245283019,-0.023584905660377353,0.4646017699115044,0.4592901878914405,0.005311582020063932,0.7659768715763846,0.7665517008182864,-0.0005748292419017753,0.41398774616347356,0.4085876063743028,0.005400139789170755
Random Forest,all_predictors,0.2,2,12514378317817473503,0.8358433734939759,0.8350903614457831,0.0007530120481927804,0.640596469872185,0.6420589030905525,-0.001462433218367476,0.4807692307692308,0.4779874213836478,0.0027818093855829784,0.35377358490566035,0.3584905660377358,-0.004716981132075471,0.4076086956521739,0.40970350404312667,-0.0020948083909527737,0.7367789274362615,0.7329960438222763,0.003782883613985155,0.41951651268075923,0.408532905345464,0.010983607335295242
Logistic Regression,all_predictors,0.2,3,12497983983811653696,0.8177710843373494,0.8049698795180723,0.012801204819277046,0.6871576384662204,0.6852725366876311,0.0018851017785892488,0.4375,0.41064638783269963,0.026853612167300367,0.49528301886792453,0.5094339622641509,-0.014150943396226412,0.4646017699115044,0.45473684210526316,0.009864927806241264,0.7659768715763846,0.7608752620545074,0.005101609521877215,0.41398774616347356,0.4084938029162276,0.005493943247245947
Random Forest,all_predictors,0.2,3,12497983983811653696,0.8358433734939759,0.8298192771084337,0.0060240963855421326,0.640596469872185,0.6351017785893014,0.005494691282883601,0.4807692307692308,0.4567901234567901,0.023979107312440684,0.35377358490566035,0.3490566037735849,0.004716981132075471,0.4076086956521739,0.39572192513368987,0.011886770518484024,0.7367789274362615,0.7367662473794548,1.2680056806657625e-05,0.41951651268075923,0.41572654551505056,0.003789967165708674
Logistic Regression,all_predictors,0.2,4,14975742972905029442,0.8177710843373494,0.8079819277108434,0.009789156626505924,0.6871576384662204,0.6908855751673768,-0.0037279367011564535,0.4375,0.41825095057034223,0.019249049429657772,0.49528301886792453,0.5188679245283019,-0.023584905660377353,0.4646017699115044,0.4631578947368421,0.0014438751746623235,0.7659768715763846,0.760169405558937,0.005807466017447638,0.41398774616347356,0.407352771078303,0.00663497508517058
Random Forest,all_predictors,0.2,4,14975742972905029442,0.8358433734939759,0.8433734939759037,-0.0075301204819278045,0.640596469872185,0.6412558328261311,-0.0006593629539460855,0.4807692307692308,0.5140845070422535,-0.03331527627302272,0.35377358490566035,0.3443396226415094,0.009433962264150941,0.4076086956521739,0.4124293785310734,-0.004820682878899529,0.7367789274362615,0.7290821329546223,0.00769679448163918,0.41951651268075923,0.41436195226586037,0.005154560414898868
Logistic Regression,all_predictors,0.2,5,8277058944943366,0.8177710843373494,0.795933734939759,0.0218373493975903,0.6871576384662204,0.6646124974639886,0.022545141002231706,0.4375,0.3861003861003861,0.051399613899613894,0.49528301886792453,0.4716981132075472,0.023584905660377353,0.4646017699115044,0.42462845010615713,0.039973319805347296,0.7659768715763846,0.7565555893690404,0.009421282207344173,0.41398774616347356,0.3929246733154501,0.021063072848023445
Random Forest,all_predictors,0.2,5,8277058944943366,0.8358433734939759,0.8350903614457831,0.0007530120481927804,0.640596469872185,0.6344170555217421,0.006179414350442891,0.4807692307692308,0.4768211920529801,0.003948038716250657,0.35377358490566035,0.33962264150943394,0.014150943396226412,0.4076086956521739,0.39669421487603307,0.010914480776140822,0.7367789274362615,0.733862514370731,0.0029164130655304765,0.41951651268075923,0.40759874707542565,0.011917765605333586
Logistic Regression,all_predictors,0.2,6,15926903056562185604,0.8177710843373494,0.7944277108433735,0.02334337349397586,0.6871576384662204,0.6751792114695341,0.011978426996686276,0.4375,0.3882783882783883,0.04922161172161171,0.49528301886792453,0.5,-0.004716981132075471,0.4646017699115044,0.43711340206185567,0.027488367849648754,0.7659768715763846,0.753157334144857,0.012819537431527639,0.41398774616347356,0.4017653129011152,0.012222433262358334
Random Forest,all_predictors,0.2,6,15926903056562185604,0.8358433734939759,0.8403614457831325,-0.004518072289156683,0.640596469872185,0.6528369513762089,-0.012240481504023903,0.4807692307692308,0.5,-0.019230769230769218,0.35377358490566035,0.37735849056603776,-0.02358490566037741,0.4076086956521739,0.43010752688172044,-0.022498831229546545,0.7367789274362615,0.7340527152228309,0.002726212213430612,0.41951651268075923,0.42095933243553646,-0.0014428197547772248
Logistic Regression,all_predictors,0.2,7,10525633750578212062,0.8177710843373494,0.8079819277108434,0.009789156626505924,0.6871576384662204,0.6851541894907689,0.0020034489754514606,0.4375,0.4163424124513619,0.021157587548638113,0.49528301886792453,0.5047169811320755,-0.009433962264150997,0.4646017699115044,0.4562899786780384,0.008311791233466037,0.7659768715763846,0.7649497869750458,0.0010270846013388235,0.41398774616347356,0.4126473978421129,0.0013403483213606515
Random Forest,all_predictors,0.2,7,10525633750578212062,0.8358433734939759,0.8350903614457831,0.0007530120481927804,0.640596469872185,0.6382379793061472,0.002358490566037763,0.4807692307692308,0.4774193548387097,0.0033498759305211068,0.35377358490566035,0.3490566037735849,0.004716981132075471,0.4076086956521739,0.4032697547683924,0.004338940883781506,0.7367789274362615,0.7534616555082168,-0.016682728071955255,0.41951651268075923,0.42076282610603083,-0.0012463134252715946
Logistic Regression,all_predictors,0.2,8,9037806539076816349,0.8177710843373494,0.7974397590361446,0.02033132530120474,0.6871576384662204,0.6827027118414823,0.004454926624738009,0.4375,0.39636363636363636,0.04113636363636364,0.49528301886792453,0.5141509433962265,-0.018867924528301938,0.4646017699115044,0.44763860369609854,0.01696316621540589,0.7659768715763846,0.7494547575573138,0.016522114019070777,0.41398774616347356,0.39425871342322405,0.019729032740249508
Random Forest,all_predictors,0.2,8,9037806539076816349,0.8358433734939759,0.8320783132530121,0.003765060240963791,0.640596469872185,0.6383563265030094,0.0022401433691755512,0.4807692307692308,0.4658385093167702,0.014930721452460605,0.35377358490566035,0.35377358490566035,0.0,0.4076086956521739,0.40214477211796246,0.0054639235342114345,0.7367789274362615,0.72570501115845,0.011073916277811513,0.41951651268075923,0.40274835178733215,0.016768160893427086
Logistic Regression,all_predictors,0.2,9,3416566204191948120,0.8177710843373494,0.795933734939759,0.0218373493975903,0.6871576384662204,0.6569706498951782,0.030186988571042184,0.4375,0.38247011952191234,0.055029880478087656,0.49528301886792453,0.4528301886792453,0.042452830188679236,0.4646017699115044,0.4146868250539957,0.04991494485750875,0.7659768715763846,0.7547000743896666,0.011276797186718035,0.41398774616347356,0.39921843167466914,0.01476931448880442
Random Forest,all_predictors,0.2,9,3416566204191948120,0.8358433734939759,0.8381024096385542,-0.0022590361445783413,0.640596469872185,0.643851017785893,-0.00325454791370805,0.4807692307692308,0.49032258064516127,-0.009553349875930484,0.35377358490566035,0.3584905660377358,-0.004716981132075471,0.4076086956521739,0.4141689373297003,-0.0065602416775263905,0.7367789274362615,0.7386936160140665,-0.0019146885778049683,0.41951651268075923,0.40892053085616775,0.010595981824591483
Logistic Regression,all_predictors,0.2,10,636041069637944868,0.8177710843373494,0.8034638554216867,0.014307228915662606,0.6871576384662204,0.6729137079867451,0.014243930479475253,0.4375,0.4031620553359684,0.03433794466403162,0.49528301886792453,0.4811320754716981,0.014150943396226412,0.4646017699115044,0.43870967741935485,0.025892092492149577,0.7659768715763846,0.7616656522621222,0.004311219314262371,0.41398774616347356,0.4054275492680207,0.008560196895452843
Random Forest,all_predictors,0.2,10,636041069637944868,0.8358433734939759,0.8335843373493976,0.0022590361445782303,0.640596469872185,0.637341921958477,0.003254547913707939,0.4807692307692308,0.4713375796178344,0.00943165115139638,0.35377358490566035,0.3490566037735849,0.004716981132075471,0.4076086956521739,0.4010840108401084,0.006524684812065473,0.7367789274362615,0.741284574288226,-0.004505646851964529,0.41951651268075923,0.41885294179189,0.0006635708888692582
Logistic Regression,all_predictors,0.2,11,4387497692331165357,0.8177710843373494,0.8057228915662651,0.012048192771084265,0.6871576384662204,0.6799891796848583,0.007168458781362075,0.4375,0.41015625,0.02734375,0.49528301886792453,0.49528301886792453,0.0,0.4646017699115044,0.44871794871794873,0.01588382119355569,0.7659768715763846,0.7525064245621154,0.013470447014269249,0.41398774616347356,0.3982964970964376,0.01569124906703595
Random Forest,all_predictors,0.2,11,4387497692331165357,0.8358433734939759,0.8418674698795181,-0.006024096385542244,0.640596469872185,0.644180699262866,-0.0035842293906810374,0.4807692307692308,0.5067567567567568,-0.025987525987526017,0.35377358490566035,0.35377358490566035,0.0,0.4076086956521739,0.4166666666666667,-0.009057971014492794,0.7367789274362615,0.7257684114424833,0.011010515993778225,0.41951651268075923,0.4072762396123476,0.012240273068411633
Logistic Regression,all_predictors,0.2,12,3088403154243705354,0.8177710843373494,0.8094879518072289,0.008283132530120474,0.6871576384662204,0.6841397849462365,0.0030178535199838485,0.4375,0.4189723320158103,0.0185276679841897,0.49528301886792453,0.5,-0.004716981132075471,0.4646017699115044,0.4559139784946237,0.008687791416880752,0.7659768715763846,0.7651230810847366,0.000853790491648021,0.41398774616347356,0.4019060032489214,0.012081742914552163
Random Forest,all_predictors,0.2,12,3088403154243705354,0.8358433734939759,0.8418674698795181,-0.006024096385542244,0.640596469872185,0.6537330087238791,-0.01313653885169408,0.4807692307692308,0.5063291139240507,-0.025559883154819885,0.35377358490566035,0.37735849056603776,-0.02358490566037741,0.4076086956521739,0.43243243243243246,-0.024823736780258565,0.7367789274362615,0.7343359031581794,0.0024430242780820732,0.41951651268075923,0.4099161438507864,0.009600368829972838
Logistic Regression,all_predictors,0.2,13,15703490767169278067,0.8177710843373494,0.8064759036144579,0.011295180722891485,0.6871576384662204,0.6899895178197065,-0.0028318793534861664,0.4375,0.41509433962264153,0.02240566037735847,0.49528301886792453,0.5188679245283019,-0.023584905660377353,0.4646017699115044,0.4612159329140461,0.0033858369974583136,0.7659768715763846,0.7577728748224791,0.008203996753905485,0.41398774616347356,0.39582731789316605,0.018160428270307505
Random Forest,all_predictors,0.2,13,15703490767169278067,0.8358433734939759,0.8298192771084337,0.0060240963855421326,0.640596469872185,0.6389227023737066,0.0016737674984783624,0.4807692307692308,0.4578313253012048,0.022937905468025988,0.35377358490566035,0.3584905660377358,-0.004716981132075471,0.4076086956521739,0.4021164021164021,0.005492293535771797,0.7367789274362615,0.7389894840062217,-0.002210556569960165,0.41951651268075923,0.4121378080263096,0.007378704654449619
Logistic Regression,all_predictors,0.2,14,5745804550722988044,0.8177710843373494,0.8049698795180723,0.012801204819277046,0.6871576384662204,0.675720227226618,0.011437411239602402,0.4375,0.40711462450592883,0.030385375494071165,0.49528301886792453,0.4858490566037736,0.009433962264150941,0.4646017699115044,0.443010752688172,0.021591017223332398,0.7659768715763846,0.7549409954689932,0.011035876107391429,0.41398774616347356,0.39345994984577565,0.02052779631769791
Random Forest,all_predictors,0.2,14,5745804550722988044,0.8358433734939759,0.8343373493975904,0.0015060240963854499,0.640596469872185,0.6282376411712991,0.012358828700885893,0.4807692307692308,0.4726027397260274,0.008166491043203383,0.35377358490566035,0.32547169811320753,0.028301886792452824,0.4076086956521739,0.3854748603351955,0.02213383531697838,0.7367789274362615,0.7380257996889159,-0.0012468722526544074,0.41951651268075923,0.4067776981078616,0.012738814572897661
Logistic Regression,all_predictors,0.2,15,12704729519844177787,0.8177710843373494,0.7974397590361446,0.02033132530120474,0.6871576384662204,0.6674190167038615,0.019738621762358854,0.4375,0.38996138996138996,0.04753861003861004,0.49528301886792453,0.47641509433962265,0.018867924528301883,0.4646017699115044,0.4288747346072187,0.035727035304285726,0.7659768715763846,0.7467369987150875,0.019239872861297136,0.41398774616347356,0.39014547779457165,0.02384226836890191
Random Forest,all_predictors,0.2,15,12704729519844177787,0.8358433734939759,0.8298192771084337,0.0060240963855421326,0.640596469872185,0.6293703929126936,0.011226076959491404,0.4807692307692308,0.4551282051282051,0.02564102564102566,0.35377358490566035,0.33490566037735847,0.018867924528301883,0.4076086956521739,0.3858695652173913,0.021739130434782594,0.7367789274362615,0.7217657401771828,0.015013187259078742,0.41951651268075923,0.39594642139856306,0.02357009128219617
Logistic Regression,all_predictors,0.2,16,3566317636067802481,0.8177710843373494,0.8102409638554217,0.0075301204819276935,0.6871576384662204,0.6864982755122744,0.0006593629539459744,0.4375,0.421259842519685,0.016240157480314987,0.49528301886792453,0.5047169811320755,-0.009433962264150997,0.4646017699115044,0.4592274678111588,0.005374302100345618,0.7659768715763846,0.7596748833434774,0.006301988232907174,0.41398774616347356,0.4109987263122153,0.0029890198512582677
Random Forest,all_predictors,0.2,16,3566317636067802481,0.8358433734939759,0.8411144578313253,-0.005271084337349463,0.640596469872185,0.6494640562656387,-0.008867586393453752,0.4807692307692308,0.5032258064516129,-0.022456575682382074,0.35377358490566035,0.36792452830188677,-0.014150943396226412,0.4076086956521739,0.4250681198910082,-0.017459424238834287,0.7367789274362615,0.7230337458578481,0.013745181578413423,0.41951651268075923,0.41784156640356396,0.0016749462771952772
Logistic Regression,all_predictors,0.2,17,13281749229816386241,0.8177710843373494,0.8117469879518072,0.0060240963855421326,0.6871576384662204,0.6969466423209576,-0.009789003854737244,0.4375,0.42748091603053434,0.010019083969465659,0.49528301886792453,0.5283018867924528,-0.033018867924528295,0.4646017699115044,0.47257383966244726,-0.007972069750942834,0.7659768715763846,0.7618854399134375,0.00409143166294712,0.41398774616347356,0.4118575580142671,0.002130188149206458
Random Forest,all_predictors,0.2,17,13281749229816386241,0.8358433734939759,0.8365963855421686,-0.0007530120481927804,0.640596469872185,0.6410444985460202,-0.00044802867383519906,0.4807692307692308,0.4838709677419355,-0.003101736972704716,0.35377358490566035,0.35377358490566035,0.0,0.4076086956521739,0.4087193460490463,-0.0011106503968724146,0.7367789274362615,0.7411112801785351,-0.004332352742273615,0.41951651268075923,0.41934224223950145,0.00017427044125778446
Logistic Regression,all_predictors,0.2,18,10134223656813026965,0.8177710843373494,0.7989457831325302,0.018825301204819178,0.6871576384662204,0.6759569216203422,0.0112007168458782,0.4375,0.39622641509433965,0.041273584905660354,0.49528301886792453,0.49528301886792453,0.0,0.4646017699115044,0.44025157232704404,0.024350197584460387,0.7659768715763846,0.7559046797862988,0.010072191790085783,0.41398774616347356,0.40817068647260296,0.005817059690870596
Random Forest,all_predictors,0.2,18,10134223656813026965,0.8358433734939759,0.8328313253012049,0.0030120481927710108,0.640596469872185,0.6368938932846419,0.0037025765875431382,0.4807692307692308,0.46835443037974683,0.012414800389483949,0.35377358490566035,0.3490566037735849,0.004716981132075471,0.4076086956521739,0.4,0.007608695652173869,0.7367789274362615,0.7346909447487658,0.0020879826874956597,0.41951651268075923,0.41180577468422086,0.007710737996538375
Logistic Regression,all_predictors,0.2,19,10886382004919487555,0.8177710843373494,0.8087349397590361,0.009036144578313254,0.6871576384662204,0.6779603705957936,0.00919726787042674,0.4375,0.4153225806451613,0.02217741935483869,0.49528301886792453,0.4858490566037736,0.009433962264150941,0.4646017699115044,0.44782608695652176,0.016775682954982662,0.7659768715763846,0.7548945019273686,0.011082369649015988,0.41398774616347356,0.40152508081141997,0.012462665352053592
Random Forest,all_predictors,0.2,19,10886382004919487555,0.8358433734939759,0.8358433734939759,0.0,0.640596469872185,0.6425069317643877,-0.001910461892202675,0.4807692307692308,0.4810126582278481,-0.00024342745861732906,0.35377358490566035,0.3584905660377358,-0.004716981132075471,0.4076086956521739,0.41081081081081083,-0.0032021151586369423,0.7367789274362615,0.7097957665517008,0.026983160884560653,0.41951651268075923,0.3922737145797769,0.027242798100982346
Logistic Regression,all_predictors,0.2,20,882436613205254028,0.8177710843373494,0.7981927710843374,0.01957831325301196,0.6871576384662204,0.6716879691621018,0.015469669304118527,0.4375,0.3931297709923664,0.0443702290076336,0.49528301886792453,0.4858490566037736,0.009433962264150941,0.4646017699115044,0.4345991561181435,0.030002613793360944,0.7659768715763846,0.7400757422059917,0.025901129370392906,0.41398774616347356,0.40559801305575616,0.008389733107717401
Random Forest,all_predictors,0.2,20,882436613205254028,0.8358433734939759,0.8403614457831325,-0.004518072289156683,0.640596469872185,0.6509264894840062,-0.010330019611821228,0.4807692307692308,0.5,-0.019230769230769218,0.35377358490566035,0.37264150943396224,-0.018867924528301883,0.4076086956521739,0.42702702702702705,-0.01941833137485316,0.7367789274362615,0.7292131602082912,0.00756576722797031,0.41951651268075923,0.41449227592773863,0.005024236753020606
Logistic Regression,all_predictors,0.2,21,11085805124288240215,0.8177710843373494,0.7966867469879518,0.02108433734939752,0.6871576384662204,0.6707919118144317,0.016365726651788703,0.4375,0.39015151515151514,0.04734848484848486,0.49528301886792453,0.4858490566037736,0.009433962264150941,0.4646017699115044,0.4327731092436975,0.03182866066780693,0.7659768715763846,0.7556003584229392,0.010376513153445455,0.41398774616347356,0.3976842540661514,0.01630349209732218
Random Forest,all_predictors,0.2,21,11085805124288240215,0.8358433734939759,0.8320783132530121,0.003765060240963791,0.640596469872185,0.630714478934199,0.00988199093798603,0.4807692307692308,0.46405228758169936,0.01671694318753142,0.35377358490566035,0.33490566037735847,0.018867924528301883,0.4076086956521739,0.38904109589041097,0.01856759976176292,0.7367789274362615,0.721228951105701,0.015549976330560544,0.41951651268075923,0.4052317438971313,0.014284768783627944
Logistic Regression,all_predictors,0.2,22,9020034668927110785,0.8177710843373494,0.8057228915662651,0.012048192771084265,0.6871576384662204,0.6761682559004532,0.010989382565767203,0.4375,0.4087301587301587,0.02876984126984128,0.49528301886792453,0.4858490566037736,0.009433962264150941,0.4646017699115044,0.44396551724137934,0.020636252670125088,0.7659768715763846,0.7453675525799689,0.020609318996415715,0.41398774616347356,0.3910199582511508,0.022967787912322735
Random Forest,all_predictors,0.2,22,9020034668927110785,0.8358433734939759,0.8358433734939759,0.0,0.640596469872185,0.6425069317643877,-0.001910461892202675,0.4807692307692308,0.4810126582278481,-0.00024342745861732906,0.35377358490566035,0.3584905660377358,-0.004716981132075471,0.4076086956521739,0.41081081081081083,-0.0032021151586369423,0.7367789274362615,0.7162076486102658,0.020571278825995742,0.41951651268075923,0.4045414064398014,0.014975106240957825
Logistic Regression,all_predictors,0.2,23,16597976161649807144,0.8177710843373494,0.8072289156626506,0.010542168674698704,0.6871576384662204,0.6808852370325286,0.006272401433691788,0.4375,0.41338582677165353,0.02411417322834647,0.49528301886792453,0.49528301886792453,0.0,0.4646017699115044,0.45064377682403434,0.013957993087470089,0.7659768715763846,0.7583265706363698,0.0076503009400148425,0.41398774616347356,0.4003519592715935,0.013635786891880053
Random Forest,all_predictors,0.2,23,16597976161649807144,0.8358433734939759,0.8358433734939759,0.0,0.640596469872185,0.6425069317643877,-0.001910461892202675,0.4807692307692308,0.4810126582278481,-0.00024342745861732906,0.35377358490566035,0.3584905660377358,-0.004716981132075471,0.4076086956521739,0.41081081081081083,-0.0032021151586369423,0.7367789274362615,0.7304431257185366,0.006335801717724854,0.41951651268075923,0.406425236093013,0.013091276587746226
Logistic Regression,all_predictors,0.2,24,10047706916999609969,0.8177710843373494,0.8087349397590361,0.009036144578313254,0.6871576384662204,0.6894231419490093,-0.0022655034827889775,0.4375,0.41923076923076924,0.01826923076923076,0.49528301886792453,0.5141509433962265,-0.018867924528301938,0.4646017699115044,0.461864406779661,0.0027373631318434177,0.7659768715763846,0.7591803611280179,0.0067965104483667105,0.41398774616347356,0.4017658611746773,0.012221884988796283
Random Forest,all_predictors,0.2,24,10047706916999609969,0.8358433734939759,0.838855421686747,-0.003012048192771122,0.640596469872185,0.6385676607831203,0.002028809089064665,0.4807692307692308,0.49324324324324326,-0.012474012474012475,0.35377358490566035,0.3443396226415094,0.009433962264150941,0.4076086956521739,0.40555555555555556,0.0020531400966183333,0.7367789274362615,0.7394755528504767,-0.0026966254142152257,0.41951651268075923,0.42119512779790685,-0.0016786151171476194
Logistic Regression,all_predictors,0.2,25,16038810912357581223,0.8177710843373494,0.8064759036144579,0.011295180722891485,0.6871576384662204,0.6899895178197065,-0.0028318793534861664,0.4375,0.41509433962264153,0.02240566037735847,0.49528301886792453,0.5188679245283019,-0.023584905660377353,0.4646017699115044,0.4612159329140461,0.0033858369974583136,0.7659768715763846,0.7475527490363157,0.018424122540068866,0.41398774616347356,0.40198438034269124,0.012003365820782319
Random Forest,all_predictors,0.2,25,16038810912357581223,0.8358433734939759,0.8403614457831325,-0.004518072289156683,0.640596469872185,0.6451951038073984,-0.004598633935213425,0.4807692307692308,0.5,-0.019230769230769218,0.35377358490566035,0.3584905660377358,-0.004716981132075471,0.4076086956521739,0.4175824175824176,-0.009973721930243706,0.7367789274362615,0.7340315817948198,0.002747345641441745,0.41951651268075923,0.4200136669218371,-0.0004971542410778795
Logistic Regression,all_predictors,0.2,26,15457830054215413941,0.8177710843373494,0.8117469879518072,0.0060240963855421326,0.6871576384662204,0.6893047947521471,-0.0021471562859267657,0.4375,0.4251968503937008,0.01230314960629919,0.49528301886792453,0.5094339622641509,-0.014150943396226412,0.4646017699115044,0.463519313304721,0.0010824566067834107,0.7659768715763846,0.7648483465205924,0.0011285250557921955,0.41398774616347356,0.414839573893781,-0.0008518277303074528
Random Forest,all_predictors,0.2,26,15457830054215413941,0.8358433734939759,0.8418674698795181,-0.006024096385542244,0.640596469872185,0.6480016230472712,-0.0074051531750861654,0.4807692307692308,0.506578947368421,-0.025809716599190236,0.35377358490566035,0.3632075471698113,-0.009433962264150941,0.4076086956521739,0.4230769230769231,-0.015468227424749181,0.7367789274362615,0.7479162439981064,-0.011137316561844912,0.41951651268075923,0.4173714128145371,0.0021450998662221332
Logistic Regression,all_predictors,0.2,27,1817605519259945406,0.8177710843373494,0.8019578313253012,0.015813253012048167,0.6871576384662204,0.681569960100088,0.005587678366132387,0.4375,0.4037735849056604,0.0337264150943396,0.49528301886792453,0.5047169811320755,-0.009433962264150997,0.4646017699115044,0.44863731656184486,0.01596445334965957,0.7659768715763846,0.7541886454317981,0.011788226144586522,0.41398774616347356,0.40463088148477594,0.009356864678697618
Random Forest,all_predictors,0.2,27,1817605519259945406,0.8358433734939759,0.8456325301204819,-0.009789156626506035,0.640596469872185,0.6502417664164468,-0.009645296544261828,0.4807692307692308,0.5238095238095238,-0.043040293040293054,0.35377358490566035,0.3632075471698113,-0.009433962264150941,0.4076086956521739,0.42896935933147634,-0.02136066367930245,0.7367789274362615,0.7258740785825386,0.010904848853722893,0.41951651268075923,0.417200340725752,0.002316171955007218
Logistic Regression,all_predictors,0.2,28,8757230152819145453,0.8177710843373494,0.8064759036144579,0.011295180722891485,0.6871576384662204,0.6880790559275038,-0.0009214174612834913,0.4375,0.4144486692015209,0.023051330798479097,0.49528301886792453,0.5141509433962265,-0.018867924528301938,0.4646017699115044,0.4589473684210526,0.005654401490451821,0.7659768715763846,0.7553425306012037,0.0106343409751809,0.41398774616347356,0.40265489950317357,0.011332846660299989
Random Forest,all_predictors,0.2,28,8757230152819145453,0.8358433734939759,0.8358433734939759,0.0,0.640596469872185,0.6425069317643877,-0.001910461892202675,0.4807692307692308,0.4810126582278481,-0.00024342745861732906,0.35377358490566035,0.3584905660377358,-0.004716981132075471,0.4076086956521739,0.41081081081081083,-0.0032021151586369423,0.7367789274362615,0.7472526543585583,-0.010473726922296756,0.41951651268075923,0.4204664367188693,-0.0009499240381100615
Logistic Regression,all_predictors,0.2,29,8546050498710533485,0.8177710843373494,0.8049698795180723,0.012801204819277046,0.6871576384662204,0.6776306891188206,0.009526949347399727,0.4375,0.40784313725490196,0.029656862745098045,0.49528301886792453,0.49056603773584906,0.004716981132075471,0.4646017699115044,0.44539614561027835,0.019205624301226076,0.7659768715763846,0.7540914316629471,0.01188543991343749,0.41398774616347356,0.4023233384629836,0.011664407700489932
Random Forest,all_predictors,0.2,29,8546050498710533485,0.8358433734939759,0.8335843373493976,0.0022590361445782303,0.640596469872185,0.6354314600662745,0.005165009805910503,0.4807692307692308,0.47096774193548385,0.00980148883374693,0.35377358490566035,0.3443396226415094,0.009433962264150941,0.4076086956521739,0.3978201634877384,0.009788532164435482,0.7367789274362615,0.730743220396294,0.006035707039967475,0.41951651268075923,0.41426594360719116,0.005250569073568079
Logistic Regression,all_predictors,0.5,0,17246183912606126167,0.8177710843373494,0.7628012048192772,0.054969879518072196,0.6871576384662204,0.6506306214918509,0.03652701697436944,0.4375,0.3333333333333333,0.10416666666666669,0.49528301886792453,0.4858490566037736,0.009433962264150941,0.4646017699115044,0.39539347408829173,0.0692082958232127,0.7659768715763846,0.7120528166632853,0.05392405491309926,0.41398774616347356,0.35600423490409105,0.0579835112593825
Random Forest,all_predictors,0.5,0,17246183912606126167,0.8358433734939759,0.822289156626506,0.013554216867469826,0.640596469872185,0.645905186988571,-0.00530871711638603,0.4807692307692308,0.43617021276595747,0.044599018003273316,0.35377358490566035,0.3867924528301887,-0.03301886792452835,0.4076086956521739,0.41,-0.0023913043478260843,0.7367789274362615,0.7171671062419693,0.019611821194292167,0.41951651268075923,0.39050386079793803,0.029012651882821205
Logistic Regression,all_predictors,0.5,1,10815710217171948432,0.8177710843373494,0.7650602409638554,0.052710843373493965,0.6871576384662204,0.6443328599445459,0.042824778521674434,0.4375,0.33221476510067116,0.10528523489932884,0.49528301886792453,0.4669811320754717,0.028301886792452824,0.4646017699115044,0.38823529411764707,0.07636647579385736,0.7659768715763846,0.7166852640833163,0.04929160749306827,0.41398774616347356,0.3576542169821656,0.05633352918130796
Random Forest,all_predictors,0.5,1,10815710217171948432,0.8358433734939759,0.8245481927710844,0.011295180722891485,0.640596469872185,0.6510701967944816,-0.010473726922296644,0.4807692307692308,0.4444444444444444,0.03632478632478636,0.35377358490566035,0.39622641509433965,-0.04245283018867929,0.4076086956521739,0.41895261845386533,-0.011343922801691442,0.7367789274362615,0.7151594305809157,0.02161949685534581,0.41951651268075923,0.38417134138043124,0.03534517130032799
Logistic Regression,all_predictors,0.5,2,11404398213135461949,0.8177710843373494,0.7643072289156626,0.053463855421686746,0.6871576384662204,0.6744522215459525,0.012705416920267831,0.4375,0.3474320241691843,0.09006797583081572,0.49528301886792453,0.5424528301886793,-0.04716981132075476,0.4646017699115044,0.42357274401473294,0.04102902589677149,0.7659768715763846,0.7425356732264827,0.02344119834990188,0.41398774616347356,0.378362612427569,0.035625133735904535
Random Forest,all_predictors,0.5,2,11404398213135461949,0.8358433734939759,0.8147590361445783,0.02108433734939752,0.640596469872185,0.6395144383580172,0.0010820315141677472,0.4807692307692308,0.413265306122449,0.06750392464678179,0.35377358490566035,0.38207547169811323,-0.02830188679245288,0.4076086956521739,0.39705882352941174,0.01054987212276215,0.7367789274362615,0.7101423547710828,0.026636572665178715,0.41951651268075923,0.37397455230840637,0.04554196037235286
Logistic Regression,all_predictors,0.5,3,16746267000447113399,0.8177710843373494,0.7725903614457831,0.04518072289156627,0.6871576384662204,0.6793805369581389,0.007777101508081419,0.4375,0.359375,0.078125,0.49528301886792453,0.5424528301886793,-0.04716981132075476,0.4646017699115044,0.4323308270676692,0.03227094284383525,0.7659768715763846,0.7297584026509771,0.03621846892540748,0.41398774616347356,0.37093753058679535,0.04305021557667821
Random Forest,all_predictors,0.5,3,16746267000447113399,0.8358433734939759,0.8155120481927711,0.02033132530120474,0.640596469872185,0.6342310813552444,0.006365388516940573,0.4807692307692308,0.4126984126984127,0.0680708180708181,0.35377358490566035,0.36792452830188677,-0.014150943396226412,0.4076086956521739,0.38902743142144636,0.018581264230727534,0.7367789274362615,0.703561405288429,0.03321752214783247,0.41951651268075923,0.39006771535609974,0.029448797324659493
Logistic Regression,all_predictors,0.5,4,15677302637395330049,0.8177710843373494,0.7582831325301205,0.05948795180722888,0.6871576384662204,0.6651366064786637,0.022021031987556672,0.4375,0.33633633633633636,0.10116366366366364,0.49528301886792453,0.5283018867924528,-0.033018867924528295,0.4646017699115044,0.41100917431192663,0.0535925955995778,0.7659768715763846,0.731089808615676,0.03488706296070865,0.41398774616347356,0.36728358773776826,0.0467041584257053
Random Forest,all_predictors,0.5,4,15677302637395330049,0.8358433734939759,0.8207831325301205,0.015060240963855387,0.640596469872185,0.6450091296409008,-0.004412659768715854,0.4807692307692308,0.43157894736842106,0.04919028340080972,0.35377358490566035,0.3867924528301887,-0.03301886792452835,0.4076086956521739,0.4079601990049751,-0.0003515033528012079,0.7367789274362615,0.7135828768512883,0.023196050584973205,0.41951651268075923,0.3879186093401908,0.031597903340568445
Logistic Regression,all_predictors,0.5,5,13525572666039440122,0.8177710843373494,0.7605421686746988,0.05722891566265054,0.6871576384662204,0.656928383039156,0.03022925542706434,0.4375,0.334375,0.10312500000000002,0.49528301886792453,0.5047169811320755,-0.009433962264150997,0.4646017699115044,0.40225563909774437,0.06234613081376006,0.7659768715763846,0.7159836342733482,0.0499932373030364,0.41398774616347356,0.3478710750334848,0.06611667112998876
Random Forest,all_predictors,0.5,5,13525572666039440122,0.8358433734939759,0.8140060240963856,0.0218373493975903,0.640596469872185,0.6256931764387638,0.014903293433421227,0.4807692307692308,0.40437158469945356,0.07639764606977723,0.35377358490566035,0.3490566037735849,0.004716981132075471,0.4076086956521739,0.37468354430379747,0.032925151348376425,0.7367789274362615,0.7118076688983566,0.02497125853790494,0.41951651268075923,0.367880872563166,0.05163564011759325
Logistic Regression,all_predictors,0.5,6,16644556850032399075,0.8177710843373494,0.7454819277108434,0.07228915662650592,0.6871576384662204,0.6460573476702509,0.04110029079596944,0.4375,0.3136094674556213,0.1238905325443787,0.49528301886792453,0.5,-0.004716981132075471,0.4646017699115044,0.38545454545454544,0.07914722445695899,0.7659768715763846,0.7151213904104957,0.050855481165888894,0.41398774616347356,0.3575310248047584,0.056456721358715156
Random Forest,all_predictors,0.5,6,16644556850032399075,0.8358433734939759,0.8170180722891566,0.01882530120481929,0.640596469872185,0.6465899100561304,-0.005993440183945431,0.4807692307692308,0.4221105527638191,0.05865867800541169,0.35377358490566035,0.39622641509433965,-0.04245283018867929,0.4076086956521739,0.40875912408759124,-0.00115042843541735,0.7367789274362615,0.7048674511395145,0.031911476296746955,0.41951651268075923,0.3883044803668138,0.031212032313945426
Logistic Regression,all_predictors,0.5,7,436403144633198962,0.8177710843373494,0.7733433734939759,0.04442771084337349,0.6871576384662204,0.6779181037397715,0.009239534726448895,0.4375,0.35962145110410093,0.07787854889589907,0.49528301886792453,0.5377358490566038,-0.042452830188679236,0.4646017699115044,0.43100189035916825,0.033599879552336176,0.7659768715763846,0.7341457023060796,0.03183116927030505,0.41398774616347356,0.3813789413354961,0.032608804827977456
Random Forest,all_predictors,0.5,7,436403144633198962,0.8358433734939759,0.8200301204819277,0.015813253012048167,0.640596469872185,0.63309832961385,0.007498140258334951,0.4807692307692308,0.4245810055865922,0.05618822518263861,0.35377358490566035,0.3584905660377358,-0.004716981132075471,0.4076086956521739,0.3887468030690537,0.01886189258312021,0.7367789274362615,0.7338963278555489,0.002882599580712575,0.41951651268075923,0.38846094826358896,0.03105556441717028
Logistic Regression,all_predictors,0.5,8,2169987971780900458,0.8177710843373494,0.7560240963855421,0.06174698795180722,0.6871576384662204,0.6580611347805505,0.02909650368566985,0.4375,0.3303030303030303,0.10719696969696968,0.49528301886792453,0.5141509433962265,-0.018867924528301938,0.4646017699115044,0.4022140221402214,0.06238774777128303,0.7659768715763846,0.7082826131061066,0.05769425847027798,0.41398774616347356,0.34488801083486254,0.06909973532861102
Random Forest,all_predictors,0.5,8,2169987971780900458,0.8358433734939759,0.8140060240963856,0.0218373493975903,0.640596469872185,0.6371559477919795,0.0034405220802055103,0.4807692307692308,0.41025641025641024,0.07051282051282054,0.35377358490566035,0.37735849056603776,-0.02358490566037741,0.4076086956521739,0.3931203931203931,0.014488302531780795,0.7367789274362615,0.6962915060526138,0.04048742138364769,0.41951651268075923,0.36379393252637615,0.05572258015438308
Logistic Regression,all_predictors,0.5,9,2738389023666336751,0.8177710843373494,0.7454819277108434,0.07228915662650592,0.6871576384662204,0.6422364238858457,0.04492121458037468,0.4375,0.31137724550898205,0.12612275449101795,0.49528301886792453,0.49056603773584906,0.004716981132075471,0.4646017699115044,0.38095238095238093,0.0836493889591235,0.7659768715763846,0.7096266991276121,0.056350172448772495,0.41398774616347356,0.354642072925453,0.059345673238020535
Random Forest,all_predictors,0.5,9,2738389023666336751,0.8358433734939759,0.822289156626506,0.013554216867469826,0.640596469872185,0.6535470345573815,-0.012950564685196508,0.4807692307692308,0.4387755102040816,0.04199372056514916,0.35377358490566035,0.4056603773584906,-0.05188679245283023,0.4076086956521739,0.4215686274509804,-0.013959931798806502,0.7367789274362615,0.7234690944748766,0.013309832961384882,0.41951651268075923,0.38080650267919275,0.038710010001566486
Logistic Regression,all_predictors,0.5,10,16497438200988989094,0.8177710843373494,0.7545180722891566,0.06325301204819278,0.6871576384662204,0.6476127679718672,0.03954487049435318,0.4375,0.32298136645962733,0.11451863354037267,0.49528301886792453,0.49056603773584906,0.004716981132075471,0.4646017699115044,0.3895131086142322,0.07508866129727221,0.7659768715763846,0.7294202678027998,0.03655660377358483,0.41398774616347356,0.3711003594833022,0.042887386680171335
Random Forest,all_predictors,0.5,10,16497438200988989094,0.8358433734939759,0.8215361445783133,0.014307228915662606,0.640596469872185,0.630173463177115,0.010423006695070014,0.4807692307692308,0.4277456647398844,0.05302356602934638,0.35377358490566035,0.3490566037735849,0.004716981132075471,0.4076086956521739,0.38441558441558443,0.02319311123658946,0.7367789274362615,0.7177377087982688,0.019041218637992685,0.41951651268075923,0.39128094086274484,0.028235571818014393
Logistic Regression,all_predictors,0.5,11,11516646357534705546,0.8177710843373494,0.7567771084337349,0.06099397590361444,0.6871576384662204,0.6585091634543856,0.028648475011834762,0.4375,0.331306990881459,0.10619300911854102,0.49528301886792453,0.5141509433962265,-0.018867924528301938,0.4646017699115044,0.4029574861367837,0.0616442837747207,0.7659768715763846,0.7104551295056468,0.05552174207073779,0.41398774616347356,0.35820757557617344,0.055780170587300115
Random Forest,all_predictors,0.5,11,11516646357534705546,0.8358433734939759,0.8162650602409639,0.01957831325301196,0.640596469872185,0.6442314194900927,-0.003634949617907668,0.4807692307692308,0.41919191919191917,0.06157731157731161,0.35377358490566035,0.3915094339622642,-0.03773584905660382,0.4076086956521739,0.40487804878048783,0.00273064687168606,0.7367789274362615,0.6981681544599987,0.03861077297626281,0.41951651268075923,0.37431975812659185,0.045196754554167384
Logistic Regression,all_predictors,0.5,12,16820812766946906840,0.8177710843373494,0.7673192771084337,0.050451807228915624,0.6871576384662204,0.6819757219179008,0.005181916548319565,0.4375,0.35435435435435436,0.08314564564564564,0.49528301886792453,0.5566037735849056,-0.06132075471698112,0.4646017699115044,0.43302752293577984,0.031574246975724585,0.7659768715763846,0.7375101440454453,0.028466727530939262,0.41398774616347356,0.3583819892350641,0.05560575692840947
Random Forest,all_predictors,0.5,12,16820812766946906840,0.8358433734939759,0.8185240963855421,0.017319277108433728,0.640596469872185,0.6398441198349902,0.00075235003719476,0.4807692307692308,0.42328042328042326,0.057488807488807525,0.35377358490566035,0.37735849056603776,-0.02358490566037741,0.4076086956521739,0.39900249376558605,0.008606201886587839,0.7367789274362615,0.7108101710962332,0.025968756340028265,0.41951651268075923,0.36008046424412826,0.05943604843663097
Logistic Regression,all_predictors,0.5,13,8741511767210238544,0.8177710843373494,0.7409638554216867,0.0768072289156626,0.6871576384662204,0.6471900994116453,0.03996753905457506,0.4375,0.3103448275862069,0.1271551724137931,0.49528301886792453,0.5094339622641509,-0.014150943396226412,0.4646017699115044,0.38571428571428573,0.0788874841972187,0.7659768715763846,0.7210091634543856,0.04496770812199902,0.41398774616347356,0.34042775938423325,0.0735599867792403
Random Forest,all_predictors,0.5,13,8741511767210238544,0.8358433734939759,0.8117469879518072,0.02409638554216864,0.640596469872185,0.635811861770474,0.0047846081017109965,0.4807692307692308,0.40404040404040403,0.07672882672882675,0.35377358490566035,0.37735849056603776,-0.02358490566037741,0.4076086956521739,0.3902439024390244,0.017364793213149488,0.7367789274362615,0.7057973219720024,0.0309816054642591,0.41951651268075923,0.3604474190233022,0.05906909365745705
Logistic Regression,all_predictors,0.5,14,4721191326007108614,0.8177710843373494,0.7605421686746988,0.05722891566265054,0.6871576384662204,0.6588388449313587,0.028318793534861664,0.4375,0.33540372670807456,0.10209627329192544,0.49528301886792453,0.5094339622641509,-0.014150943396226412,0.4646017699115044,0.4044943820224719,0.060107387889032526,0.7659768715763846,0.71520592412254,0.050770947453844584,0.41398774616347356,0.33807668283940134,0.07591106332407221
Random Forest,all_predictors,0.5,14,4721191326007108614,0.8358433734939759,0.8049698795180723,0.030873493975903554,0.640596469872185,0.6145854466761345,0.02601102319605053,0.4807692307692308,0.37566137566137564,0.10510785510785514,0.35377358490566035,0.33490566037735847,0.018867924528301883,0.4076086956521739,0.3541147132169576,0.0534939824352163,0.7367789274362615,0.7117315885575167,0.025047338878744774,0.41951651268075923,0.35960074322664426,0.059915769454114975
Logistic Regression,all_predictors,0.5,15,13570903849910319934,0.8177710843373494,0.7507530120481928,0.06701807228915657,0.6871576384662204,0.6453726246026916,0.04178501386352873,0.4375,0.3180428134556575,0.11945718654434251,0.49528301886792453,0.49056603773584906,0.004716981132075471,0.4646017699115044,0.38589981447124305,0.07870195544026137,0.7659768715763846,0.6996897612767972,0.06628711029958745,0.41398774616347356,0.33249540997389904,0.08149233618957452
Random Forest,all_predictors,0.5,15,13570903849910319934,0.8358433734939759,0.8079819277108434,0.027861445783132432,0.640596469872185,0.6163775613714749,0.024218908500710068,0.4807692307692308,0.3837837837837838,0.09698544698544698,0.35377358490566035,0.33490566037735847,0.018867924528301883,0.4076086956521739,0.35768261964735515,0.04992607600481874,0.7367789274362615,0.6827027118414823,0.05407621559477915,0.41951651268075923,0.3323249523880979,0.08719156029266134
Logistic Regression,all_predictors,0.5,16,11842125406130288956,0.8177710843373494,0.7748493975903614,0.04292168674698793,0.6871576384662204,0.6711723135186312,0.015985324947589197,0.4375,0.3583061889250814,0.07919381107491857,0.49528301886792453,0.5188679245283019,-0.023584905660377353,0.4646017699115044,0.4238921001926782,0.040709669718826225,0.7659768715763846,0.7256542909312235,0.040322580645161143,0.41398774616347356,0.3796480651930987,0.034339680970374875
Random Forest,all_predictors,0.5,16,11842125406130288956,0.8358433734939759,0.8268072289156626,0.009036144578313254,0.640596469872185,0.6466828971393792,-0.0060864272671942166,0.4807692307692308,0.45,0.03076923076923077,0.35377358490566035,0.38207547169811323,-0.02830188679245288,0.4076086956521739,0.413265306122449,-0.005656610470275103,0.7367789274362615,0.7205569080949482,0.016222019341313287,0.41951651268075923,0.38960189625833885,0.02991461642242038
Logistic Regression,all_predictors,0.5,17,6903537251150963257,0.8177710843373494,0.766566265060241,0.051204819277108404,0.6871576384662204,0.6757963075674579,0.011361330898762456,0.4375,0.35060975609756095,0.08689024390243905,0.49528301886792453,0.5424528301886793,-0.04716981132075476,0.4646017699115044,0.42592592592592593,0.038675843985578495,0.7659768715763846,0.7351727869074187,0.030804084668965892,0.41398774616347356,0.37699106374459324,0.03699668241888032
Random Forest,all_predictors,0.5,17,6903537251150963257,0.8358433734939759,0.8215361445783133,0.014307228915662606,0.640596469872185,0.6435466964225334,-0.0029502265503483782,0.4807692307692308,0.43315508021390375,0.04761415055532703,0.35377358490566035,0.38207547169811323,-0.02830188679245288,0.4076086956521739,0.40601503759398494,0.0015936580581889515,0.7367789274362615,0.7189761276797187,0.017802799756542753,0.41951651268075923,0.3849322927907137,0.03458421989004551
Logistic Regression,all_predictors,0.5,18,5358569768466724241,0.8177710843373494,0.766566265060241,0.051204819277108404,0.6871576384662204,0.6662439981064449,0.0209136403597755,0.4375,0.34591194968553457,0.09158805031446543,0.49528301886792453,0.5188679245283019,-0.023584905660377353,0.4646017699115044,0.41509433962264153,0.0495074302888629,0.7659768715763846,0.7219474876580779,0.044029383918306686,0.41398774616347356,0.3721873577765131,0.041800388386960485
Random Forest,all_predictors,0.5,18,5358569768466724241,0.8358433734939759,0.8245481927710844,0.011295180722891485,0.640596469872185,0.6415178873334686,-0.0009214174612836024,0.4807692307692308,0.441340782122905,0.039428448646325776,0.35377358490566035,0.37264150943396224,-0.018867924528301883,0.4076086956521739,0.4040920716112532,0.0035166240409206795,0.7367789274362615,0.7087264150943396,0.028052512341921854,0.41951651268075923,0.37985063902582505,0.03966587365493418
Logistic Regression,all_predictors,0.5,19,3384883183041674630,0.8177710843373494,0.7710843373493976,0.04668674698795172,0.6871576384662204,0.6612903225806452,0.025867315885575115,0.4375,0.34868421052631576,0.08881578947368424,0.49528301886792453,0.5,-0.004716981132075471,0.4646017699115044,0.4108527131782946,0.05374905673320984,0.7659768715763846,0.720184959761953,0.04579191181443165,0.41398774616347356,0.35781056315949605,0.056177183003977504
Random Forest,all_predictors,0.5,19,3384883183041674630,0.8358433734939759,0.8177710843373494,0.01807228915662651,0.640596469872185,0.6393960911611551,0.001200378711029848,0.4807692307692308,0.42105263157894735,0.05971659919028344,0.35377358490566035,0.37735849056603776,-0.02358490566037741,0.4076086956521739,0.39800995024875624,0.009598745403417652,0.7367789274362615,0.6915576181781293,0.04522130925813217,0.41951651268075923,0.35907464201354317,0.06044187066721607
Logistic Regression,all_predictors,0.5,20,4769691003069802644,0.8177710843373494,0.7484939759036144,0.06927710843373491,0.6871576384662204,0.6421180766889836,0.04503956177723678,0.4375,0.31402439024390244,0.12347560975609756,0.49528301886792453,0.4858490566037736,0.009433962264150941,0.4646017699115044,0.3814814814814815,0.08312028843002295,0.7659768715763846,0.6926945966051261,0.0732822749712585,0.41398774616347356,0.3667538308844402,0.04723391527903337
Random Forest,all_predictors,0.5,20,4769691003069802644,0.8358433734939759,0.8185240963855421,0.017319277108433728,0.640596469872185,0.6341127341583823,0.006483735713802674,0.4807692307692308,0.4207650273224044,0.06000420344682639,0.35377358490566035,0.3632075471698113,-0.009433962264150941,0.4076086956521739,0.389873417721519,0.01773527793065488,0.7367789274362615,0.6895668492594846,0.04721207817677686,0.41951651268075923,0.3781568913739892,0.04135962130677001
Logistic Regression,all_predictors,0.5,21,631496081843243183,0.8177710843373494,0.7387048192771084,0.07906626506024095,0.6871576384662204,0.636293703929127,0.05086393453709337,0.4375,0.3020527859237537,0.13544721407624633,0.49528301886792453,0.4858490566037736,0.009433962264150941,0.4646017699115044,0.37251356238698013,0.09208820752452429,0.7659768715763846,0.7173404003516601,0.048636471224724476,0.41398774616347356,0.3470366706154921,0.06695107554798146
Random Forest,all_predictors,0.5,21,631496081843243183,0.8358433734939759,0.8147590361445783,0.02108433734939752,0.640596469872185,0.635693514573612,0.004902955298572986,0.4807692307692308,0.4114583333333333,0.06931089743589747,0.35377358490566035,0.37264150943396224,-0.018867924528301883,0.4076086956521739,0.3910891089108911,0.016519586741282788,0.7367789274362615,0.6928552106580104,0.04392371677825113,0.41951651268075923,0.36895853140543416,0.05055798127532507
Logistic Regression,all_predictors,0.5,22,3636285947223734161,0.8177710843373494,0.7545180722891566,0.06325301204819278,0.6871576384662204,0.6437918441874619,0.04336579427875842,0.4375,0.32075471698113206,0.11674528301886794,0.49528301886792453,0.4811320754716981,0.014150943396226412,0.4646017699115044,0.3849056603773585,0.07969610953414591,0.7659768715763846,0.6982484614864408,0.06772841008994379,0.41398774616347356,0.337661502404647,0.07632624375882657
Random Forest,all_predictors,0.5,22,3636285947223734161,0.8358433734939759,0.8237951807228916,0.012048192771084265,0.640596469872185,0.6448907824440387,-0.004294312571853753,0.4807692307692308,0.44021739130434784,0.040551839464882944,0.35377358490566035,0.38207547169811323,-0.02830188679245288,0.4076086956521739,0.4090909090909091,-0.0014822134387352248,0.7367789274362615,0.6885017244877256,0.04827720294853588,0.41951651268075923,0.3600088088007085,0.05950770388005072
Logistic Regression,all_predictors,0.5,23,8286234284424037803,0.8177710843373494,0.7605421686746988,0.05722891566265054,0.6871576384662204,0.6454656116859404,0.041692026780279945,0.4375,0.32792207792207795,0.10957792207792205,0.49528301886792453,0.47641509433962265,0.018867924528301883,0.4646017699115044,0.38846153846153847,0.07614023144996596,0.7659768715763846,0.7241664975992426,0.041810373977142046,0.41398774616347356,0.35853080963012696,0.0554569365333466
Random Forest,all_predictors,0.5,23,8286234284424037803,0.8358433734939759,0.8117469879518072,0.02409638554216864,0.640596469872185,0.626259552309461,0.014336917562724039,0.4807692307692308,0.39893617021276595,0.08183306055646483,0.35377358490566035,0.35377358490566035,0.0,0.4076086956521739,0.375,0.03260869565217389,0.7367789274362615,0.7187732467708122,0.018005680665449275,0.41951651268075923,0.3718473770743902,0.04766913560636904
Logistic Regression,all_predictors,0.5,24,16805193008240991189,0.8177710843373494,0.7567771084337349,0.06099397590361444,0.6871576384662204,0.6546882396699805,0.03246939879623989,0.4375,0.3292307692307692,0.10826923076923078,0.49528301886792453,0.5047169811320755,-0.009433962264150997,0.4646017699115044,0.3985102420856611,0.06609152782584332,0.7659768715763846,0.7250287414620951,0.04094813011428955,0.41398774616347356,0.3651522755079408,0.04883547065553273
Random Forest,all_predictors,0.5,24,16805193008240991189,0.8358433734939759,0.8215361445783133,0.014307228915662606,0.640596469872185,0.639725772638128,0.0008706972340569719,0.4807692307692308,0.43169398907103823,0.04907524169819255,0.35377358490566035,0.37264150943396224,-0.018867924528301883,0.4076086956521739,0.4,0.007608695652173869,0.7367789274362615,0.7134011293703929,0.023377798065868594,0.41951651268075923,0.37560880270388836,0.04390770997687088
Logistic Regression,all_predictors,0.5,25,16917397469286167706,0.8177710843373494,0.7748493975903614,0.04292168674698793,0.6871576384662204,0.6654409278420235,0.02171671062419689,0.4375,0.3554817275747508,0.08201827242524917,0.49528301886792453,0.5047169811320755,-0.009433962264150997,0.4646017699115044,0.4171539961013645,0.047447773810139926,0.7659768715763846,0.7031556434706161,0.06282122810576851,0.41398774616347356,0.3565570198412886,0.05743072632218493
Random Forest,all_predictors,0.5,25,16917397469286167706,0.8358433734939759,0.8207831325301205,0.015060240963855387,0.640596469872185,0.6411882058564956,-0.0005917359843106151,0.4807692307692308,0.43010752688172044,0.050661703887510345,0.35377358490566035,0.37735849056603776,-0.02358490566037741,0.4076086956521739,0.4020100502512563,0.00559864540091759,0.7367789274362615,0.7032782173530805,0.03350071008318101,0.41951651268075923,0.37059293903189106,0.04892357364886818
Logistic Regression,all_predictors,0.5,26,5492883797633628050,0.8177710843373494,0.7718373493975904,0.04593373493975894,0.6871576384662204,0.6655592750388855,0.0215983634273349,0.4375,0.3517915309446254,0.0857084690553746,0.49528301886792453,0.5094339622641509,-0.014150943396226412,0.4646017699115044,0.4161849710982659,0.048416798813238515,0.7659768715763846,0.7372438628525054,0.028733008723879183,0.41398774616347356,0.3877180174532249,0.026269728710248685
Random Forest,all_predictors,0.5,26,5492883797633628050,0.8358433734939759,0.8260542168674698,0.009789156626506035,0.640596469872185,0.636682559004531,0.003913910867654025,0.4807692307692308,0.4444444444444444,0.03632478632478636,0.35377358490566035,0.3584905660377358,-0.004716981132075471,0.4076086956521739,0.3968668407310705,0.010741854921103411,0.7367789274362615,0.7208908162575236,0.015888111178737896,0.41951651268075923,0.3802062517499824,0.03931026093077683
Logistic Regression,all_predictors,0.5,27,4263088305798713491,0.8177710843373494,0.7605421686746988,0.05722891566265054,0.6871576384662204,0.6588388449313587,0.028318793534861664,0.4375,0.33540372670807456,0.10209627329192544,0.49528301886792453,0.5094339622641509,-0.014150943396226412,0.4646017699115044,0.4044943820224719,0.060107387889032526,0.7659768715763846,0.7157638466220329,0.05021302495435176,0.41398774616347356,0.3649393849262994,0.049048361237174154
Random Forest,all_predictors,0.5,27,4263088305798713491,0.8358433734939759,0.8170180722891566,0.01882530120481929,0.640596469872185,0.6217539054574964,0.018842564414688567,0.4807692307692308,0.41040462427745666,0.07036460649177412,0.35377358490566035,0.33490566037735847,0.018867924528301883,0.4076086956521739,0.36883116883116884,0.03877752682100505,0.7367789274362615,0.6985781429634138,0.03820078447284769,0.41951651268075923,0.3826516166639251,0.036864896016834126
Logistic Regression,all_predictors,0.5,28,6849908714682582967,0.8177710843373494,0.7680722891566265,0.04969879518072284,0.6871576384662204,0.672871441130723,0.014286197335497408,0.4375,0.35093167701863354,0.08656832298136646,0.49528301886792453,0.5330188679245284,-0.03773584905660382,0.4646017699115044,0.4232209737827715,0.04138079612873291,0.7659768715763846,0.7218840873740447,0.04409278420233986,0.41398774616347356,0.3628458732183207,0.05114187294515288
Random Forest,all_predictors,0.5,28,6849908714682582967,0.8358433734939759,0.8102409638554217,0.025602409638554202,0.640596469872185,0.6387367282072091,0.0018597416649759335,0.4807692307692308,0.4019607843137255,0.07880844645550528,0.35377358490566035,0.3867924528301887,-0.03301886792452835,0.4076086956521739,0.3942307692307692,0.013377926421404673,0.7367789274362615,0.7316265976871577,0.0051523297491038456,0.41951651268075923,0.3838262348382473,0.03569027784251194
Logistic Regression,all_predictors,0.5,29,12078133551705847973,0.8177710843373494,0.7552710843373494,0.0625,0.6871576384662204,0.6557026442145127,0.03145499425170761,0.4375,0.3282674772036474,0.1092325227963526,0.49528301886792453,0.5094339622641509,-0.014150943396226412,0.4646017699115044,0.39926062846580407,0.06534114144570036,0.7659768715763846,0.7144155339149253,0.05156133766145932,0.41398774616347356,0.35836882546288884,0.05561892070058472
Random Forest,all_predictors,0.5,29,12078133551705847973,0.8358433734939759,0.8117469879518072,0.02409638554216864,0.640596469872185,0.6243490904172584,0.016247379454926603,0.4807692307692308,0.3978494623655914,0.0829197684036394,0.35377358490566035,0.3490566037735849,0.004716981132075471,0.4076086956521739,0.37185929648241206,0.03574939916976183,0.7367789274362615,0.7034134712923514,0.033365456143910066,0.41951651268075923,0.37577325989617677,0.043743252784582465
Logistic Regression,all_predictors,1.0,0,9067338402108420613,0.8177710843373494,0.6814759036144579,0.13629518072289148,0.6871576384662204,0.6156167579630757,0.07154088050314467,0.4375,0.2552204176334107,0.1822795823665893,0.49528301886792453,0.5188679245283019,-0.023584905660377353,0.4646017699115044,0.3421461897356143,0.12245558017589014,0.7659768715763846,0.6489737607357815,0.11700311084060311,0.41398774616347356,0.30063658197037413,0.11335116419309943
Random Forest,all_predictors,1.0,0,9067338402108420613,0.8358433734939759,0.7454819277108434,0.09036144578313243,0.640596469872185,0.6135794955028065,0.027016974369378444,0.4807692307692308,0.29276315789473684,0.18800607287449395,0.35377358490566035,0.419811320754717,-0.06603773584905664,0.4076086956521739,0.3449612403100775,0.06264745534209637,0.7367789274362615,0.6531919929667951,0.08358693446946641,0.41951651268075923,0.3191771778676348,0.10033933481312446
Logistic Regression,all_predictors,1.0,1,17750905998937096563,0.8177710843373494,0.6957831325301205,0.12198795180722888,0.6871576384662204,0.6260397646581457,0.06111787380807465,0.4375,0.26811594202898553,0.16938405797101447,0.49528301886792453,0.5235849056603774,-0.02830188679245288,0.4646017699115044,0.3546325878594249,0.1099691820520795,0.7659768715763846,0.6564085007100833,0.10956837086630133,0.41398774616347356,0.28713891339987346,0.1268488327636001
Random Forest,all_predictors,1.0,1,17750905998937096563,0.8358433734939759,0.7530120481927711,0.08283132530120474,0.640596469872185,0.6027760871035369,0.037820382768648075,0.4807692307692308,0.29136690647482016,0.18940232429441062,0.35377358490566035,0.38207547169811323,-0.02830188679245288,0.4076086956521739,0.3306122448979592,0.07699645075421468,0.7367789274362615,0.6671485088253196,0.06963041861094188,0.41951651268075923,0.2999975845011457,0.11951892817961352
Logistic Regression,all_predictors,1.0,2,17205623581953654925,0.8177710843373494,0.6852409638554217,0.1325301204819277,0.6871576384662204,0.6446033678230878,0.04255427064313255,0.4375,0.27312775330396477,0.16437224669603523,0.49528301886792453,0.5849056603773585,-0.08962264150943394,0.4646017699115044,0.37237237237237236,0.09222939753913206,0.7659768715763846,0.6938484817745316,0.07212838980185299,0.41398774616347356,0.3271623779513269,0.08682536821214665
Random Forest,all_predictors,1.0,2,17205623581953654925,0.8358433734939759,0.7537650602409639,0.08207831325301196,0.640596469872185,0.6280601203760059,0.0125363494961791,0.4807692307692308,0.3102310231023102,0.17053820766692057,0.35377358490566035,0.44339622641509435,-0.089622641509434,0.4076086956521739,0.3650485436893204,0.04256015196285351,0.7367789274362615,0.6757878541962534,0.060991073240008076,0.41951651268075923,0.32554861242582983,0.0939679002549294
Logistic Regression,all_predictors,1.0,3,9295415643632322949,0.8177710843373494,0.6859939759036144,0.1317771084337349,0.6871576384662204,0.6278572394670995,0.059300398999120874,0.4375,0.26436781609195403,0.17313218390804597,0.49528301886792453,0.5424528301886793,-0.04716981132075476,0.4646017699115044,0.3554868624420402,0.10911490746946423,0.7659768715763846,0.672833400960303,0.09314347061608164,0.41398774616347356,0.30678809727635,0.10719964888712358
Random Forest,all_predictors,1.0,3,9295415643632322949,0.8358433734939759,0.7469879518072289,0.08885542168674698,0.640596469872185,0.6297592479880977,0.010837221884087311,0.4807692307692308,0.3050314465408805,0.1757377842283503,0.35377358490566035,0.45754716981132076,-0.10377358490566041,0.4076086956521739,0.3660377358490566,0.04157095980311731,0.7367789274362615,0.6688011428957868,0.06797778454047465,0.41951651268075923,0.3356169358713387,0.08389957680942056
Logistic Regression,all_predictors,1.0,4,7238439522393964808,0.8177710843373494,0.6867469879518072,0.13102409638554213,0.6871576384662204,0.6378575776019477,0.04930006086427263,0.4375,0.2702702702702703,0.16722972972972971,0.49528301886792453,0.5660377358490566,-0.07075471698113206,0.4646017699115044,0.36585365853658536,0.09874811137491907,0.7659768715763846,0.6712906607154933,0.09468621086089135,0.41398774616347356,0.30096525764365867,0.11302248851981489
Random Forest,all_predictors,1.0,4,7238439522393964808,0.8358433734939759,0.740210843373494,0.0956325301204819,0.640596469872185,0.6257269899235816,0.014869479948603437,0.4807692307692308,0.2966360856269113,0.1841331451423195,0.35377358490566035,0.45754716981132076,-0.10377358490566041,0.4076086956521739,0.35992578849721707,0.04768290715495682,0.7367789274362615,0.6783154121863799,0.05846351524988158,0.41951651268075923,0.3232118463816086,0.09630466629915063
Logistic Regression,all_predictors,1.0,5,13393571104089812688,0.8177710843373494,0.6784638554216867,0.1393072289156626,0.6871576384662204,0.6119141813755327,0.0752434570906877,0.4375,0.2517321016166282,0.18576789838337182,0.49528301886792453,0.5141509433962265,-0.018867924528301938,0.4646017699115044,0.33798449612403103,0.1266172737874734,0.7659768715763846,0.6532004463379997,0.11277642523838494,0.41398774616347356,0.2815144104093882,0.13247333575408538
Random Forest,all_predictors,1.0,5,13393571104089812688,0.8358433734939759,0.7477409638554217,0.0881024096385542,0.640596469872185,0.6187445053087172,0.02185196456346783,0.4807692307692308,0.2983606557377049,0.18240857503152585,0.35377358490566035,0.42924528301886794,-0.07547169811320759,0.4076086956521739,0.3520309477756286,0.05557774787654529,0.7367789274362615,0.6503220734428892,0.08645685399337233,0.41951651268075923,0.3051641693316407,0.11435234334911853
Logistic Regression,all_predictors,1.0,6,17425098736671999081,0.8177710843373494,0.6724397590361446,0.14533132530120474,0.6871576384662204,0.6045090282004464,0.08264861026577397,0.4375,0.2448512585812357,0.1926487414187643,0.49528301886792453,0.5047169811320755,-0.009433962264150997,0.4646017699115044,0.32973805855161786,0.13486371135988656,0.7659768715763846,0.6569072496111448,0.10906962196523984,0.41398774616347356,0.29417483767163394,0.11981290849183962
Random Forest,all_predictors,1.0,6,17425098736671999081,0.8358433734939759,0.7274096385542169,0.10843373493975894,0.640596469872185,0.6219314262527896,0.01866504361939536,0.4807692307692308,0.28448275862068967,0.1962864721485411,0.35377358490566035,0.4669811320754717,-0.11320754716981135,0.4076086956521739,0.3535714285714286,0.0540372670807453,0.7367789274362615,0.6638094271995671,0.07296950023669435,0.41951651268075923,0.3238270860902962,0.09568942659046303
Logistic Regression,all_predictors,1.0,7,8345002891854727004,0.8177710843373494,0.6965361445783133,0.1212349397590361,0.6871576384662204,0.6455924122540069,0.04156522621221348,0.4375,0.279445727482679,0.15805427251732102,0.49528301886792453,0.5707547169811321,-0.07547169811320759,0.4646017699115044,0.3751937984496124,0.089407971461892,0.7659768715763846,0.6777997565429094,0.08817711503347525,0.41398774616347356,0.323899543948657,0.09008820221481656
Random Forest,all_predictors,1.0,7,8345002891854727004,0.8358433734939759,0.7492469879518072,0.08659638554216864,0.640596469872185,0.6330137959018056,0.007582673970379372,0.4807692307692308,0.30914826498422715,0.17162096578500363,0.35377358490566035,0.46226415094339623,-0.10849056603773588,0.4076086956521739,0.3705103969754253,0.037098298676748576,0.7367789274362615,0.6953193683641036,0.041459559072157925,0.41951651268075923,0.32215455233928014,0.09736196034147909
Logistic Regression,all_predictors,1.0,8,9064892219183621207,0.8177710843373494,0.6618975903614458,0.15587349397590355,0.6871576384662204,0.5905947791979441,0.09656285926827624,0.4375,0.2325056433408578,0.2049943566591422,0.49528301886792453,0.4858490566037736,0.009433962264150941,0.4646017699115044,0.3145038167938931,0.15009795311761132,0.7659768715763846,0.645634679110029,0.12034219246635558,0.41398774616347356,0.2690924709028714,0.14489527526060214
Random Forest,all_predictors,1.0,8,9064892219183621207,0.8358433734939759,0.7304216867469879,0.10542168674698793,0.640596469872185,0.5969770744572935,0.04361939541489146,0.4807692307692308,0.2689873417721519,0.2117818889970789,0.35377358490566035,0.4009433962264151,-0.04716981132075476,0.4076086956521739,0.32196969696969696,0.08563899868247693,0.7367789274362615,0.6573595049705823,0.07941942246567923,0.41951651268075923,0.30123438946199754,0.11828212321876169
Logistic Regression,all_predictors,1.0,9,15319118974936563339,0.8177710843373494,0.6671686746987951,0.1506024096385542,0.6871576384662204,0.6071042131602082,0.08005342530601212,0.4375,0.24444444444444444,0.19305555555555556,0.49528301886792453,0.5188679245283019,-0.023584905660377353,0.4646017699115044,0.3323262839879154,0.132275485923589,0.7659768715763846,0.642494251707581,0.1234826198688036,0.41398774616347356,0.2936683527168899,0.12031939344658366
Random Forest,all_predictors,1.0,9,15319118974936563339,0.8358433734939759,0.7628012048192772,0.0730421686746987,0.640596469872185,0.6410783120308379,-0.0004818421586528787,0.4807692307692308,0.3277591973244147,0.15301003344481606,0.35377358490566035,0.46226415094339623,-0.10849056603773588,0.4076086956521739,0.3835616438356164,0.024047051816557474,0.7367789274362615,0.6832014607425441,0.053577466693717435,0.41951651268075923,0.3319743709826085,0.08754214169815072
Logistic Regression,all_predictors,1.0,10,13188209246489228477,0.8177710843373494,0.6822289156626506,0.1355421686746987,0.6871576384662204,0.619885710421316,0.06727192804490434,0.4375,0.25806451612903225,0.17943548387096775,0.49528301886792453,0.5283018867924528,-0.033018867924528295,0.4646017699115044,0.34674922600619196,0.11785254390531247,0.7659768715763846,0.6674781903022925,0.09849868127409211,0.41398774616347356,0.30710021953403266,0.1068875266294409
Random Forest,all_predictors,1.0,10,13188209246489228477,0.8358433734939759,0.7492469879518072,0.08659638554216864,0.640596469872185,0.611998715087577,0.02859775478460802,0.4807692307692308,0.29491525423728815,0.18585397653194263,0.35377358490566035,0.41037735849056606,-0.0566037735849057,0.4076086956521739,0.3431952662721893,0.06441342937998457,0.7367789274362615,0.6797947521471562,0.056984175289105266,0.41951651268075923,0.304765015015228,0.11475149766553122
Logistic Regression,all_predictors,1.0,11,1320377456482977525,0.8177710843373494,0.6867469879518072,0.13102409638554213,0.6871576384662204,0.6225738824643268,0.06458375600189359,0.4375,0.2616822429906542,0.17581775700934582,0.49528301886792453,0.5283018867924528,-0.033018867924528295,0.4646017699115044,0.35,0.11460176991150445,0.7659768715763846,0.6463701224048151,0.11960674917156955,0.41398774616347356,0.29861920650622886,0.1153685396572447
Random Forest,all_predictors,1.0,11,1320377456482977525,0.8358433734939759,0.7251506024096386,0.11069277108433728,0.640596469872185,0.5995722594170556,0.041024210455129384,0.4807692307692308,0.2674772036474164,0.2132920271218144,0.35377358490566035,0.41509433962264153,-0.061320754716981174,0.4076086956521739,0.32532347504621073,0.08228522060596316,0.7367789274362615,0.646213735037533,0.09056519239872851,0.41951651268075923,0.30289836814192017,0.11661814453883906
Logistic Regression,all_predictors,1.0,12,14678251340992298141,0.8177710843373494,0.6754518072289156,0.14231927710843373,0.6871576384662204,0.6139429904645973,0.07321464800162303,0.4375,0.25170068027210885,0.18579931972789115,0.49528301886792453,0.5235849056603774,-0.02830188679245288,0.4646017699115044,0.33996937212863704,0.12463239778286739,0.7659768715763846,0.6808049300060866,0.08517194157029806,0.41398774616347356,0.2897982528239988,0.12418949333947477
Random Forest,all_predictors,1.0,12,14678251340992298141,0.8358433734939759,0.7560240963855421,0.07981927710843373,0.640596469872185,0.6427774396429295,-0.0021809697707445563,0.4807692307692308,0.321656050955414,0.15911317981381679,0.35377358490566035,0.47641509433962265,-0.12264150943396229,0.4076086956521739,0.3840304182509506,0.023578277401223313,0.7367789274362615,0.6862742611753568,0.05050466626090466,0.41951651268075923,0.2971778844653781,0.12233862821538116
Logistic Regression,all_predictors,1.0,13,16994255131990089641,0.8177710843373494,0.6573795180722891,0.16039156626506024,0.6871576384662204,0.6031903022925542,0.08396733617366614,0.4375,0.23870967741935484,0.19879032258064516,0.49528301886792453,0.5235849056603774,-0.02830188679245288,0.4646017699115044,0.32791728212703103,0.1366844877844734,0.7659768715763846,0.6566071549333875,0.1093697166429971,0.41398774616347356,0.266509886439923,0.14747785972355054
Random Forest,all_predictors,1.0,13,16994255131990089641,0.8358433734939759,0.7341867469879518,0.10165662650602403,0.640596469872185,0.6221427605329005,0.018453709339284474,0.4807692307692308,0.28955223880597014,0.19121699196326064,0.35377358490566035,0.45754716981132076,-0.10377358490566041,0.4076086956521739,0.3546617915904936,0.05294690406168029,0.7367789274362615,0.6614298032055184,0.07534912423074314,0.41951651268075923,0.300931392364276,0.11858512031648322
Logistic Regression,all_predictors,1.0,14,12502126047461919158,0.8177710843373494,0.6890060240963856,0.1287650602409638,0.6871576384662204,0.6353807398390479,0.051776898627172496,0.4375,0.2700228832951945,0.16747711670480547,0.49528301886792453,0.5566037735849056,-0.06132075471698112,0.4646017699115044,0.36363636363636365,0.10096540627514078,0.7659768715763846,0.6439355514979375,0.12204132007844715,0.41398774616347356,0.261233438460657,0.15275430770281656
Random Forest,all_predictors,1.0,14,12502126047461919158,0.8358433734939759,0.7545180722891566,0.08132530120481929,0.640596469872185,0.6380604585108541,0.002536011361330859,0.4807692307692308,0.3173076923076923,0.1634615384615385,0.35377358490566035,0.4669811320754717,-0.11320754716981135,0.4076086956521739,0.37786259541984735,0.029746100232326544,0.7367789274362615,0.6624399810644485,0.07433894637181304,0.41951651268075923,0.2996924768959499,0.11982403578480932
Logistic Regression,all_predictors,1.0,15,4507589922333038794,0.8177710843373494,0.661144578313253,0.15662650602409633,0.6871576384662204,0.5920572124163117,0.09510042604990865,0.4375,0.23318385650224216,0.20431614349775784,0.49528301886792453,0.49056603773584906,0.004716981132075471,0.4646017699115044,0.3161094224924012,0.14849234741910322,0.7659768715763846,0.6252916413065531,0.14068523026983148,0.41398774616347356,0.2598042817638521,0.15418346439962144
Random Forest,all_predictors,1.0,15,4507589922333038794,0.8358433734939759,0.7183734939759037,0.1174698795180722,0.640596469872185,0.5745249205383107,0.06607154933387427,0.4807692307692308,0.24367088607594936,0.23709834469328142,0.35377358490566035,0.3632075471698113,-0.009433962264150941,0.4076086956521739,0.2916666666666667,0.1159420289855072,0.7367789274362615,0.6265511936160141,0.11022773382024742,0.41951651268075923,0.2610638745503382,0.15845263813042104
Logistic Regression,all_predictors,1.0,16,8161976229765069660,0.8177710843373494,0.6882530120481928,0.12951807228915657,0.6871576384662204,0.6177385541353893,0.0694190843308311,0.4375,0.25952380952380955,0.17797619047619045,0.49528301886792453,0.5141509433962265,-0.018867924528301938,0.4646017699115044,0.3449367088607595,0.11966506105074493,0.7659768715763846,0.6660284371407318,0.09994843443565282,0.41398774616347356,0.3201666024000399,0.09382114376343365
Random Forest,all_predictors,1.0,16,8161976229765069660,0.8358433734939759,0.7650602409638554,0.07078313253012047,0.640596469872185,0.6405119361601407,8.453371204431015e-05,0.4807692307692308,0.3299319727891156,0.15083725798011516,0.35377358490566035,0.45754716981132076,-0.10377358490566041,0.4076086956521739,0.383399209486166,0.024209486166007876,0.7367789274362615,0.6792495097044702,0.05752941773179132,0.41951651268075923,0.34050570372883804,0.0790108089519212
Logistic Regression,all_predictors,1.0,17,17342677991577390631,0.8177710843373494,0.6844879518072289,0.13328313253012047,0.6871576384662204,0.6307821059038345,0.05637553256238581,0.4375,0.2653061224489796,0.1721938775510204,0.49528301886792453,0.5518867924528302,-0.0566037735849057,0.4646017699115044,0.35834609494640124,0.10625567496510319,0.7659768715763846,0.6848963616690337,0.08108050990735094,0.41398774616347356,0.3081575942289909,0.10583015193448264
Random Forest,all_predictors,1.0,17,17342677991577390631,0.8358433734939759,0.7484939759036144,0.08734939759036142,0.640596469872185,0.6134611483059444,0.027135321566240544,0.4807692307692308,0.2953020134228188,0.18546721734641197,0.35377358490566035,0.41509433962264153,-0.061320754716981174,0.4076086956521739,0.34509803921568627,0.06251065643648762,0.7367789274362615,0.6749551971326163,0.061823730303645186,0.41951651268075923,0.3045925439501834,0.11492396873057581
Logistic Regression,all_predictors,1.0,18,6172286576059069090,0.8177710843373494,0.6844879518072289,0.13328313253012047,0.6871576384662204,0.6346030296882397,0.05255460877798068,0.4375,0.26741573033707866,0.17008426966292134,0.49528301886792453,0.5613207547169812,-0.06603773584905664,0.4646017699115044,0.3622526636225266,0.10234910628897781,0.7659768715763846,0.6660073037127207,0.09996956786366396,0.41398774616347356,0.30888019634145214,0.10510754982202142
Random Forest,all_predictors,1.0,18,6172286576059069090,0.8358433734939759,0.7454819277108434,0.09036144578313243,0.640596469872185,0.6154899573950091,0.02510651247717588,0.4807692307692308,0.29411764705882354,0.18665158371040724,0.35377358490566035,0.42452830188679247,-0.07075471698113212,0.4076086956521739,0.3474903474903475,0.060118348161826374,0.7367789274362615,0.6650224859674039,0.07175644146885762,0.41951651268075923,0.3237899311020502,0.09572658157870906
Logistic Regression,all_predictors,1.0,19,3289797051696504718,0.8177710843373494,0.6754518072289156,0.14231927710843373,0.6871576384662204,0.6139429904645973,0.07321464800162303,0.4375,0.25170068027210885,0.18579931972789115,0.49528301886792453,0.5235849056603774,-0.02830188679245288,0.4646017699115044,0.33996937212863704,0.12463239778286739,0.7659768715763846,0.6570678636640293,0.10890900791235536,0.41398774616347356,0.2842917957981036,0.12969595036536996
Random Forest,all_predictors,1.0,19,3289797051696504718,0.8358433734939759,0.7454819277108434,0.09036144578313243,0.640596469872185,0.6174004192872118,0.023196050584973205,0.4807692307692308,0.29545454545454547,0.1853146853146853,0.35377358490566035,0.42924528301886794,-0.07547169811320759,0.4076086956521739,0.35,0.057608695652173914,0.7367789274362615,0.6423716778251167,0.09440724961114477,0.41951651268075923,0.2928663510792988,0.12665016160146042
Logistic Regression,all_predictors,1.0,20,16999924192997574501,0.8177710843373494,0.6581325301204819,0.15963855421686746,0.6871576384662204,0.5902650977209711,0.09689254074524922,0.4375,0.2311111111111111,0.2063888888888889,0.49528301886792453,0.49056603773584906,0.004716981132075471,0.4646017699115044,0.31419939577039274,0.15040237414111168,0.7659768715763846,0.6219736931088118,0.14400317846757282,0.41398774616347356,0.2913381046331957,0.12264964153027785
Random Forest,all_predictors,1.0,20,16999924192997574501,0.8358433734939759,0.7394578313253012,0.09638554216867468,0.640596469872185,0.6214580374653412,0.019138432406843764,0.4807692307692308,0.2932098765432099,0.18755935422602088,0.35377358490566035,0.4481132075471698,-0.09433962264150947,0.4076086956521739,0.35447761194029853,0.05313108371187536,0.7367789274362615,0.6507785554879287,0.08600037194833277,0.41951651268075923,0.31617716258034556,0.10333935010041367
Logistic Regression,all_predictors,1.0,21,2765353172817818319,0.8177710843373494,0.6566265060240963,0.16114457831325302,0.6871576384662204,0.5931899641577061,0.09396767430851427,0.4375,0.2324561403508772,0.2050438596491228,0.49528301886792453,0.5,-0.004716981132075471,0.4646017699115044,0.31736526946107785,0.14723650045042658,0.7659768715763846,0.6538598092919456,0.11211706228443896,0.41398774616347356,0.2797076912075015,0.13428005495597206
Random Forest,all_predictors,1.0,21,2765353172817818319,0.8358433734939759,0.7296686746987951,0.10617469879518071,0.640596469872185,0.6022604314600664,0.038336038412118634,0.4807692307692308,0.2724458204334365,0.20832341033579427,0.35377358490566035,0.41509433962264153,-0.061320754716981174,0.4076086956521739,0.32897196261682243,0.07863673303535146,0.7367789274362615,0.6399751470886589,0.09680378034760262,0.41951651268075923,0.3053317124354076,0.11418480024535166
Logistic Regression,all_predictors,1.0,22,2946431505688010954,0.8177710843373494,0.6483433734939759,0.1694277108433735,0.6871576384662204,0.5691570298234936,0.11800060864272677,0.4375,0.21476510067114093,0.22273489932885907,0.49528301886792453,0.4528301886792453,0.042452830188679236,0.4646017699115044,0.291350531107739,0.17325123880376542,0.7659768715763846,0.625329681476973,0.14064719009941162,0.41398774616347356,0.2599576581685173,0.15403008799495627
Random Forest,all_predictors,1.0,22,2946431505688010954,0.8358433734939759,0.7552710843373494,0.08057228915662651,0.640596469872185,0.6213143301548658,0.01928213971731918,0.4807692307692308,0.30716723549488056,0.17360199527435022,0.35377358490566035,0.42452830188679247,-0.07075471698113212,0.4076086956521739,0.3564356435643564,0.05117305208781747,0.7367789274362615,0.6391593967674308,0.09761953066883067,0.41951651268075923,0.2793491921341953,0.14016732054656394
Logistic Regression,all_predictors,1.0,23,7146768211154714855,0.8177710843373494,0.670933734939759,0.1468373493975903,0.6871576384662204,0.5959711232839656,0.09118651518225473,0.4375,0.23897911832946636,0.19852088167053364,0.49528301886792453,0.4858490566037736,0.009433962264150941,0.4646017699115044,0.3203732503888025,0.14422851952270194,0.7659768715763846,0.6675542706431326,0.09842260093325206,0.41398774616347356,0.2923350656909197,0.12165268047255384
Random Forest,all_predictors,1.0,23,7146768211154714855,0.8358433734939759,0.75,0.08584337349397586,0.640596469872185,0.6124467437614121,0.028149726110772932,0.4807692307692308,0.29591836734693877,0.184850863422292,0.35377358490566035,0.41037735849056606,-0.0566037735849057,0.4076086956521739,0.3438735177865613,0.06373517786561261,0.7367789274362615,0.6647857915736796,0.07199313586258194,0.41951651268075923,0.3041981533593487,0.11531835932141055
Logistic Regression,all_predictors,1.0,24,12946688838283370456,0.8177710843373494,0.6769578313253012,0.14081325301204817,0.6871576384662204,0.6110181240278623,0.07613951443835809,0.4375,0.25057471264367814,0.18692528735632186,0.49528301886792453,0.5141509433962265,-0.018867924528301938,0.4646017699115044,0.3369397217928903,0.12766204811861415,0.7659768715763846,0.6704537769662542,0.09552309461013042,0.41398774616347356,0.30785468689265105,0.1061330592708225
Random Forest,all_predictors,1.0,24,12946688838283370456,0.8358433734939759,0.7560240963855421,0.07981927710843373,0.640596469872185,0.6294042063975114,0.011192263474673614,0.4807692307692308,0.31333333333333335,0.16743589743589743,0.35377358490566035,0.44339622641509435,-0.089622641509434,0.4076086956521739,0.3671875,0.04042119565217389,0.7367789274362615,0.6723938256576723,0.06438510177858925,0.41951651268075923,0.3211212766559814,0.09839523602477784
Logistic Regression,all_predictors,1.0,25,8414402406360231486,0.8177710843373494,0.6859939759036144,0.1317771084337349,0.6871576384662204,0.6030212348684656,0.08413640359775476,0.4375,0.24938875305623473,0.18811124694376527,0.49528301886792453,0.4811320754716981,0.014150943396226412,0.4646017699115044,0.3285024154589372,0.1360993544525672,0.7659768715763846,0.6376589233786434,0.12831794819774123,0.41398774616347356,0.2894902542511034,0.12449749191237014
Random Forest,all_predictors,1.0,25,8414402406360231486,0.8358433734939759,0.7605421686746988,0.07530120481927705,0.640596469872185,0.6359133022249273,0.0046831676472577355,0.4807692307692308,0.3221476510067114,0.1586215797625194,0.35377358490566035,0.4528301886792453,-0.09905660377358494,0.4076086956521739,0.3764705882352941,0.03113810741687978,0.7367789274362615,0.6622201934131331,0.0745587340231284,0.41951651268075923,0.30928082737905954,0.11023568530169969
Logistic Regression,all_predictors,1.0,26,8798352252865012662,0.8177710843373494,0.6950301204819277,0.12274096385542166,0.6871576384662204,0.6370545073375262,0.050103131128694134,0.4375,0.27400468384074944,0.16349531615925056,0.49528301886792453,0.5518867924528302,-0.0566037735849057,0.4646017699115044,0.36619718309859156,0.09840458681291286,0.7659768715763846,0.678645093663353,0.0873317779130316,0.41398774616347356,0.32606798356146005,0.08791976260201351
Random Forest,all_predictors,1.0,26,8798352252865012662,0.8358433734939759,0.7515060240963856,0.0843373493975903,0.640596469872185,0.624805572462298,0.01579089740988704,0.4807692307692308,0.3059210526315789,0.17484817813765186,0.35377358490566035,0.4386792452830189,-0.08490566037735853,0.4076086956521739,0.36046511627906974,0.04714357937310415,0.7367789274362615,0.7021750524109016,0.03460387502535989,0.41951651268075923,0.3411849789581288,0.07833153372263041
Logistic Regression,all_predictors,1.0,27,9115640200926409417,0.8177710843373494,0.6844879518072289,0.13328313253012047,0.6871576384662204,0.6250507202272266,0.062106918238993725,0.4375,0.2620689655172414,0.1754310344827586,0.49528301886792453,0.5377358490566038,-0.042452830188679236,0.4646017699115044,0.35239567233384855,0.11220609757765587,0.7659768715763846,0.6522452153918983,0.11373165618448633,0.41398774616347356,0.2958523843816682,0.11813536178180534
Random Forest,all_predictors,1.0,27,9115640200926409417,0.8358433734939759,0.7477409638554217,0.0881024096385542,0.640596469872185,0.6397595861229458,0.0008368837492391812,0.4807692307692308,0.3119266055045872,0.1688426252646436,0.35377358490566035,0.4811320754716981,-0.12735849056603776,0.4076086956521739,0.3784786641929499,0.029130031459223993,0.7367789274362615,0.66545360789883,0.07132531953743149,0.41951651268075923,0.3272349291888898,0.09228158349186943
Logistic Regression,all_predictors,1.0,28,2168817884347421783,0.8177710843373494,0.6875,0.13027108433734935,0.6871576384662204,0.6344846824913776,0.05267295597484278,0.4375,0.26879271070615035,0.16870728929384965,0.49528301886792453,0.5566037735849056,-0.06132075471698112,0.4646017699115044,0.36251920122887865,0.10208256868262577,0.7659768715763846,0.6670090282004464,0.09896784337593822,0.41398774616347356,0.3036106573724494,0.11037708879102415
Random Forest,all_predictors,1.0,28,2168817884347421783,0.8358433734939759,0.7387048192771084,0.09713855421686746,0.640596469872185,0.6229204706837086,0.0176759991884764,0.4807692307692308,0.29357798165137616,0.18719124911785462,0.35377358490566035,0.4528301886792453,-0.09905660377358494,0.4076086956521739,0.3562152133580705,0.0513934822941034,0.7367789274362615,0.6693506120240751,0.06742831541218641,0.41951651268075923,0.31214535576020896,0.10737115692055027
Logistic Regression,all_predictors,1.0,29,1939924753316757935,0.8177710843373494,0.6701807228915663,0.14759036144578308,0.6871576384662204,0.6165381754243593,0.07061946304186106,0.4375,0.2511013215859031,0.1863986784140969,0.49528301886792453,0.5377358490566038,-0.042452830188679236,0.4646017699115044,0.34234234234234234,0.12225942756916208,0.7659768715763846,0.652279028876716,0.11369784269966865,0.41398774616347356,0.2927995586421459,0.12118818752132765
Random Forest,all_predictors,1.0,29,1939924753316757935,0.8358433734939759,0.7454819277108434,0.09036144578313243,0.640596469872185,0.6135794955028065,0.027016974369378444,0.4807692307692308,0.29276315789473684,0.18800607287449395,0.35377358490566035,0.419811320754717,-0.06603773584905664,0.4076086956521739,0.3449612403100775,0.06264745534209637,0.7367789274362615,0.6522578954487049,0.08452103198755656,0.41951651268075923,0.3126478169658482,0.10686869571491103
