model,feature_group,noise_intensity,seed,dataset_signature,clean_accuracy,noisy_accuracy,accuracy_degradation,clean_balanced_accuracy,noisy_balanced_accuracy,balanced_accuracy_degradation,clean_precision,noisy_precision,precision_degradation,clean_recall,noisy_recall,recall_degradation,clean_f1_score,noisy_f1_score,f1_score_degradation,clean_roc_auc,noisy_roc_auc,roc_auc_degradation,clean_average_precision,noisy_average_precision,average_precision_degradation
Logistic Regression,returns,0.05,0,7530416826157774923,0.6295180722891566,0.6317771084337349,-0.0022590361445783413,0.5657168650905603,0.5681120577780285,-0.0023951926874682394,0.35944700460829493,0.3625866050808314,-0.0031396004725364746,0.42162162162162165,0.4243243243243243,-0.002702702702702675,0.3880597014925373,0.39103362391033625,-0.0029739224177989243,0.6075156576200418,0.6079444789256898,-0.00042882130564803056,0.4248495663195855,0.4247107399808174,0.00013882633876810546
Random Forest,returns,0.05,0,7530416826157774923,0.6935240963855421,0.6957831325301205,-0.0022590361445783413,0.5851972013767421,0.5875923940642104,-0.0023951926874682394,0.4359861591695502,0.4409722222222222,-0.0049860630526720184,0.34054054054054056,0.34324324324324323,-0.002702702702702675,0.38239757207890746,0.3860182370820669,-0.00362066500315944,0.5833380353213339,0.5824155052756305,0.000922530045703418,0.4320047066000814,0.4321370401670801,-0.00013233356699871024
Logistic Regression,returns,0.05,1,14908229805258625339,0.6295180722891566,0.6287650602409639,0.0007530120481926694,0.5657168650905603,0.5660243751057947,-0.00030751001523443566,0.35944700460829493,0.35926773455377575,0.0001792700545191761,0.42162162162162165,0.4243243243243243,-0.002702702702702675,0.3880597014925373,0.38909541511771994,-0.0010357136251826216,0.6075156576200418,0.6073492072448231,0.00016645037521867412,0.4248495663195855,0.4247264278159979,0.00012313850358758316
Random Forest,returns,0.05,1,14908229805258625339,0.6935240963855421,0.6912650602409639,0.0022590361445782303,0.5851972013767421,0.581972578005981,0.003224623370761126,0.4359861591695502,0.4305555555555556,0.005430603613994611,0.34054054054054056,0.33513513513513515,0.005405405405405406,0.38239757207890746,0.3768996960486322,0.005497876030275239,0.5833380353213339,0.5818315183659651,0.0015065169553687419,0.4320047066000814,0.43130770142636315,0.0006970051737182348
Logistic Regression,returns,0.05,2,8869907090708513896,0.6295180722891566,0.6317771084337349,-0.0022590361445783413,0.5657168650905603,0.5697709191446143,-0.004054054054054013,0.35944700460829493,0.36384439359267734,-0.004397388984382411,0.42162162162162165,0.4297297297297297,-0.00810810810810808,0.3880597014925373,0.3940520446096654,-0.005992343117128096,0.6075156576200418,0.6074564125712351,5.924504880672199e-05,0.4248495663195855,0.4248235164822975,2.6049837287989153e-05
Random Forest,returns,0.05,2,8869907090708513896,0.6935240963855421,0.6965361445783133,-0.003012048192771122,0.5851972013767421,0.5872848840489759,-0.0020876826722338038,0.4359861591695502,0.4421052631578947,-0.006119103988344532,0.34054054054054056,0.34054054054054056,0.0,0.38239757207890746,0.3847328244274809,-0.0023352523485734578,0.5833380353213339,0.5808187101506517,0.0025193251706822073,0.4320047066000814,0.431610401291525,0.00039430530855638635
Logistic Regression,returns,0.05,3,15752290238473616293,0.6295180722891566,0.6287650602409639,0.0007530120481926694,0.5657168650905603,0.5660243751057947,-0.00030751001523443566,0.35944700460829493,0.35926773455377575,0.0001792700545191761,0.42162162162162165,0.4243243243243243,-0.002702702702702675,0.3880597014925373,0.38909541511771994,-0.0010357136251826216,0.6075156576200418,0.6076002934040512,-8.463578400941252e-05,0.4248495663195855,0.42517129508924567,-0.00032172876966019004
Random Forest,returns,0.05,3,15752290238473616293,0.6935240963855421,0.6942771084337349,-0.0007530120481927804,0.5851972013767421,0.5873779834113864,-0.002180782034644224,0.4359861591695502,0.4383561643835616,-0.002370005214011428,0.34054054054054056,0.34594594594594597,-0.005405405405405406,0.38239757207890746,0.3867069486404834,-0.004309376561575928,0.5833380353213339,0.5809795181402697,0.002358517181064168,0.4320047066000814,0.43120401359514887,0.0008006930049325178
Logistic Regression,returns,0.05,4,1086699067295625726,0.6295180722891566,0.6295180722891566,0.0,0.5657168650905603,0.5657168650905603,0.0,0.35944700460829493,0.35944700460829493,0.0,0.42162162162162165,0.42162162162162165,0.0,0.3880597014925373,0.3880597014925373,0.0,0.6075156576200418,0.6076115781752525,-9.592055521068232e-05,0.4248495663195855,0.4248624053670344,-1.2839047448920393e-05
Random Forest,returns,0.05,4,1086699067295625726,0.6935240963855421,0.6927710843373494,0.0007530120481927804,0.5851972013767421,0.5855047113919766,-0.00030751001523443566,0.4359861591695502,0.4349315068493151,0.0010546523202351055,0.34054054054054056,0.34324324324324323,-0.002702702702702675,0.38239757207890746,0.38368580060422963,-0.001288228525322177,0.5833380353213339,0.5811318625514869,0.0022061727698470257,0.4320047066000814,0.4300222310933121,0.0019824755067692768
Logistic Regression,returns,0.05,5,195726263658300338,0.6295180722891566,0.6310240963855421,-0.001506024096385561,0.5657168650905603,0.568419567793263,-0.002702702702702675,0.35944700460829493,0.3623853211009174,-0.0029383164926224947,0.42162162162162165,0.42702702702702705,-0.005405405405405406,0.3880597014925373,0.3920595533498759,-0.003999851857338588,0.6075156576200418,0.6078090616712746,-0.0002934040512327929,0.4248495663195855,0.42505169171115875,-0.00020212539157327125
Random Forest,returns,0.05,5,195726263658300338,0.6935240963855421,0.697289156626506,-0.0037650602409639022,0.5851972013767421,0.5878068047170344,-0.0026096033402922547,0.4359861591695502,0.44366197183098594,-0.007675812661435744,0.34054054054054056,0.34054054054054056,0.0,0.38239757207890746,0.3853211009174312,-0.002923528838523759,0.5833380353213339,0.5831574789821137,0.00018055633922020586,0.4320047066000814,0.43203439036808045,-2.968376799905581e-05
Logistic Regression,returns,0.05,6,6589023774234522870,0.6295180722891566,0.6325301204819277,-0.003012048192771122,0.5657168650905603,0.5694634091293799,-0.003746544038819577,0.35944700460829493,0.3640552995391705,-0.004608294930875556,0.42162162162162165,0.42702702702702705,-0.005405405405405406,0.3880597014925373,0.39303482587064675,-0.00497512437810943,0.6075156576200418,0.6074564125712351,5.924504880672199e-05,0.4248495663195855,0.4249191989651019,-6.963264551640425e-05
Random Forest,returns,0.05,6,6589023774234522870,0.6935240963855421,0.6935240963855421,0.0,0.5851972013767421,0.5843677706934491,0.0008294306832929976,0.4359861591695502,0.4355400696864111,0.00044608948313906716,0.34054054054054056,0.33783783783783783,0.0027027027027027306,0.38239757207890746,0.380517503805175,0.0018800682737324381,0.5833380353213339,0.5828781808948823,0.00045985442645157804,0.4320047066000814,0.4314791991059598,0.0005255074941216131
Logistic Regression,returns,0.05,7,403559179241004890,0.6295180722891566,0.6325301204819277,-0.003012048192771122,0.5657168650905603,0.5694634091293799,-0.003746544038819577,0.35944700460829493,0.3640552995391705,-0.004608294930875556,0.42162162162162165,0.42702702702702705,-0.005405405405405406,0.3880597014925373,0.39303482587064675,-0.00497512437810943,0.6075156576200418,0.6080065451672967,-0.0004908875472549035,0.4248495663195855,0.4248994633022765,-4.9896982691033376e-05
Random Forest,returns,0.05,7,403559179241004890,0.6935240963855421,0.6920180722891566,0.001506024096385561,0.5851972013767421,0.5841533600406252,0.0010438413361169019,0.4359861591695502,0.4329896907216495,0.002996468447900691,0.34054054054054056,0.34054054054054056,0.0,0.38239757207890746,0.3812405446293495,0.001157027449557979,0.5833380353213339,0.5835326976245557,-0.00019466230322184863,0.4320047066000814,0.4324656989918369,-0.0004609923917555103
Logistic Regression,returns,0.05,8,10364184164053576098,0.6295180722891566,0.6325301204819277,-0.003012048192771122,0.5657168650905603,0.5694634091293799,-0.003746544038819577,0.35944700460829493,0.3640552995391705,-0.004608294930875556,0.42162162162162165,0.42702702702702705,-0.005405405405405406,0.3880597014925373,0.39303482587064675,-0.00497512437810943,0.6075156576200418,0.6074761609208374,3.9496699204333297e-05,0.4248495663195855,0.4247373851940364,0.00011218112554906012
Random Forest,returns,0.05,8,10364184164053576098,0.6935240963855421,0.6957831325301205,-0.0022590361445783413,0.5851972013767421,0.5875923940642104,-0.0023951926874682394,0.4359861591695502,0.4409722222222222,-0.0049860630526720184,0.34054054054054056,0.34324324324324323,-0.002702702702702675,0.38239757207890746,0.3860182370820669,-0.00362066500315944,0.5833380353213339,0.5830135981492974,0.0003244371720364514,0.4320047066000814,0.4326775699356251,-0.0006728633355437275
Logistic Regression,returns,0.05,9,7846721353621334999,0.6295180722891566,0.6302710843373494,-0.0007530120481927804,0.5657168650905603,0.5670682164419116,-0.0013513513513513375,0.35944700460829493,0.36091954022988504,-0.0014725356215901098,0.42162162162162165,0.4243243243243243,-0.002702702702702675,0.3880597014925373,0.39006211180124223,-0.002002410308704905,0.6075156576200418,0.607428200643232,8.745697680978548e-05,0.4248495663195855,0.42448001088377846,0.000369555435807023
Random Forest,returns,0.05,9,7846721353621334999,0.6935240963855421,0.6980421686746988,-0.004518072289156683,0.5851972013767421,0.5891581560683857,-0.003960954691643592,0.4359861591695502,0.4456140350877193,-0.009627875918169104,0.34054054054054056,0.34324324324324323,-0.002702702702702675,0.38239757207890746,0.38778625954198476,-0.005388687463077302,0.5833380353213339,0.5824606443604355,0.0008773909608983388,0.4320047066000814,0.43190123009961034,0.00010347650047104473
Logistic Regression,returns,0.05,10,5045868631643555118,0.6295180722891566,0.6310240963855421,-0.001506024096385561,0.5657168650905603,0.5675901371099701,-0.0018732720194097885,0.35944700460829493,0.3617511520737327,-0.002304147465437778,0.42162162162162165,0.4243243243243243,-0.002702702702702675,0.3880597014925373,0.39054726368159204,-0.002487562189054715,0.6075156576200418,0.607481803306438,3.3854313603809416e-05,0.4248495663195855,0.4247922584541691,5.730786541635613e-05
Random Forest,returns,0.05,10,5045868631643555118,0.6935240963855421,0.6980421686746988,-0.004518072289156683,0.5851972013767421,0.5899875867516786,-0.004790385374936479,0.4359861591695502,0.445993031358885,-0.010006872189334826,0.34054054054054056,0.34594594594594597,-0.005405405405405406,0.38239757207890746,0.3896499238964992,-0.007252351817591762,0.5833380353213339,0.5818681938723693,0.0014698414489645595,0.4320047066000814,0.4308629689850056,0.0011417376150757996
Logistic Regression,returns,0.05,11,7782143659402295553,0.6295180722891566,0.6317771084337349,-0.0022590361445783413,0.5657168650905603,0.5681120577780285,-0.0023951926874682394,0.35944700460829493,0.3625866050808314,-0.0031396004725364746,0.42162162162162165,0.4243243243243243,-0.002702702702702675,0.3880597014925373,0.39103362391033625,-0.0029739224177989243,0.6075156576200418,0.6077611013936692,-0.00024544377362745173,0.4248495663195855,0.42481188758061994,3.767873896554086e-05
Random Forest,returns,0.05,11,7782143659402295553,0.6935240963855421,0.6980421686746988,-0.004518072289156683,0.5851972013767421,0.5891581560683857,-0.003960954691643592,0.4359861591695502,0.4456140350877193,-0.009627875918169104,0.34054054054054056,0.34324324324324323,-0.002702702702702675,0.38239757207890746,0.38778625954198476,-0.005388687463077302,0.5833380353213339,0.5822631608644135,0.0010748744569203383,0.4320047066000814,0.43224097228374503,-0.00023626568366363898
Logistic Regression,returns,0.05,12,11914754218506457398,0.6295180722891566,0.6302710843373494,-0.0007530120481927804,0.5657168650905603,0.5670682164419116,-0.0013513513513513375,0.35944700460829493,0.36091954022988504,-0.0014725356215901098,0.42162162162162165,0.4243243243243243,-0.002702702702702675,0.3880597014925373,0.39006211180124223,-0.002002410308704905,0.6075156576200418,0.607704677537663,-0.00018901991762121373,0.4248495663195855,0.42495249670658863,-0.00010293038700315282
Random Forest,returns,0.05,12,11914754218506457398,0.6935240963855421,0.6965361445783133,-0.003012048192771122,0.5851972013767421,0.5872848840489759,-0.0020876826722338038,0.4359861591695502,0.4421052631578947,-0.006119103988344532,0.34054054054054056,0.34054054054054056,0.0,0.38239757207890746,0.3847328244274809,-0.0023352523485734578,0.5833380353213339,0.582900750437285,0.0004372848840489274,0.4320047066000814,0.432199476320561,-0.00019476972047960395
Logistic Regression,returns,0.05,13,15478337664984760169,0.6295180722891566,0.6325301204819277,-0.003012048192771122,0.5657168650905603,0.5694634091293799,-0.003746544038819577,0.35944700460829493,0.3640552995391705,-0.004608294930875556,0.42162162162162165,0.42702702702702705,-0.005405405405405406,0.3880597014925373,0.39303482587064675,-0.00497512437810943,0.6075156576200418,0.6072843198104159,0.00023133780962592,0.4248495663195855,0.424504654874235,0.000344911445350482
Random Forest,returns,0.05,13,15478337664984760169,0.6935240963855421,0.6927710843373494,0.0007530120481927804,0.5851972013767421,0.5855047113919766,-0.00030751001523443566,0.4359861591695502,0.4349315068493151,0.0010546523202351055,0.34054054054054056,0.34324324324324323,-0.002702702702702675,0.38239757207890746,0.38368580060422963,-0.001288228525322177,0.5833380353213339,0.5816848163403486,0.0016532189809852493,0.4320047066000814,0.4325666858682875,-0.0005619792682061142
Logistic Regression,returns,0.05,14,3579558439085922956,0.6295180722891566,0.6310240963855421,-0.001506024096385561,0.5657168650905603,0.5692489984765559,-0.0035321333859955617,0.35944700460829493,0.363013698630137,-0.003566694021842065,0.42162162162162165,0.4297297297297297,-0.00810810810810808,0.3880597014925373,0.3935643564356436,-0.0055046549431062575,0.6075156576200418,0.6077526378152682,-0.00023698019522644387,0.4248495663195855,0.42503916141171005,-0.0001895950921245726
Random Forest,returns,0.05,14,3579558439085922956,0.6935240963855421,0.6905120481927711,0.0030120481927710108,0.5851972013767421,0.5814506573379226,0.003746544038819577,0.4359861591695502,0.4290657439446367,0.00692041522491349,0.34054054054054056,0.33513513513513515,0.005405405405405406,0.38239757207890746,0.37632776934749623,0.006069802731411222,0.5833380353213339,0.5824070416972296,0.0009309936241043149,0.4320047066000814,0.4324057176937392,-0.0004010110936578104
Logistic Regression,returns,0.05,15,2685956949511075910,0.6295180722891566,0.6325301204819277,-0.003012048192771122,0.5657168650905603,0.5694634091293799,-0.003746544038819577,0.35944700460829493,0.3640552995391705,-0.004608294930875556,0.42162162162162165,0.42702702702702705,-0.005405405405405406,0.3880597014925373,0.39303482587064675,-0.00497512437810943,0.6075156576200418,0.607535405969644,-1.9748349602166648e-05,0.4248495663195855,0.424711148634183,0.0001384176854024588
Random Forest,returns,0.05,15,2685956949511075910,0.6935240963855421,0.6935240963855421,0.0,0.5851972013767421,0.586026632060035,-0.0008294306832928866,0.4359861591695502,0.436426116838488,-0.0004399576689377849,0.34054054054054056,0.34324324324324323,-0.002702702702702675,0.38239757207890746,0.3842662632375189,-0.0018686911586114352,0.5833380353213339,0.5832082604525193,0.00012977486881460276,0.4320047066000814,0.4319263923400023,7.831426007909315e-05
Logistic Regression,returns,0.05,16,4503162779650442751,0.6295180722891566,0.6317771084337349,-0.0022590361445783413,0.5657168650905603,0.5681120577780285,-0.0023951926874682394,0.35944700460829493,0.3625866050808314,-0.0031396004725364746,0.42162162162162165,0.4243243243243243,-0.002702702702702675,0.3880597014925373,0.39103362391033625,-0.0029739224177989243,0.6075156576200418,0.607357670823224,0.00015798679681777728,0.4248495663195855,0.4245508706802589,0.00029869563932660714
Random Forest,returns,0.05,16,4503162779650442751,0.6935240963855421,0.6965361445783133,-0.003012048192771122,0.5851972013767421,0.5864554533656829,-0.0012582519889408061,0.4359861591695502,0.4416961130742049,-0.00570995390465473,0.34054054054054056,0.33783783783783783,0.0027027027027027306,0.38239757207890746,0.38284839203675347,-0.0004508199578460159,0.5833380353213339,0.5813998758675167,0.0019381594538171454,0.4320047066000814,0.43094956864462763,0.0010551379554537554
Logistic Regression,returns,0.05,17,3328445296910993830,0.6295180722891566,0.6295180722891566,0.0,0.5657168650905603,0.5665462957738532,-0.0008294306832928866,0.35944700460829493,0.36009174311926606,-0.0006447385109711323,0.42162162162162165,0.4243243243243243,-0.002702702702702675,0.3880597014925373,0.38957816377171217,-0.001518462279174848,0.6075156576200418,0.6076454324888563,-0.00012977486881449174,0.4248495663195855,0.42483666315075697,1.2903168828515277e-05
Random Forest,returns,0.05,17,3328445296910993830,0.6935240963855421,0.6965361445783133,-0.003012048192771122,0.5851972013767421,0.5881143147322688,-0.0029171133555266904,0.4359861591695502,0.4425087108013937,-0.0065225516318435095,0.34054054054054056,0.34324324324324323,-0.002702702702702675,0.38239757207890746,0.3866057838660578,-0.004208211787150362,0.5833380353213339,0.5835580883597585,-0.00022005303842465018,0.4320047066000814,0.43253806832276065,-0.0005333617226792597
Logistic Regression,returns,0.05,18,5325315955395756984,0.6295180722891566,0.6302710843373494,-0.0007530120481927804,0.5657168650905603,0.5670682164419116,-0.0013513513513513375,0.35944700460829493,0.36091954022988504,-0.0014725356215901098,0.42162162162162165,0.4243243243243243,-0.002702702702702675,0.3880597014925373,0.39006211180124223,-0.002002410308704905,0.6075156576200418,0.6071206906279975,0.00039496699204433217,0.4248495663195855,0.424633775338472,0.00021579098111346173
Random Forest,returns,0.05,18,5325315955395756984,0.6935240963855421,0.6950301204819277,-0.001506024096385561,0.5851972013767421,0.586241042712859,-0.0010438413361169019,0.4359861591695502,0.43902439024390244,-0.003038231074352249,0.34054054054054056,0.34054054054054056,0.0,0.38239757207890746,0.3835616438356164,-0.001164071756708962,0.5833380353213339,0.5806804717034362,0.002657563617897707,0.4320047066000814,0.4306743868781082,0.0013303197219731722
Logistic Regression,returns,0.05,19,444929679311040003,0.6295180722891566,0.6332831325301205,-0.0037650602409639022,0.5657168650905603,0.5708147604807312,-0.0050978953901709145,0.35944700460829493,0.36551724137931035,-0.006070236771015425,0.42162162162162165,0.4297297297297297,-0.00810810810810808,0.3880597014925373,0.3950310559006211,-0.006971354408083774,0.6075156576200418,0.607749816622468,-0.00023415900242618193,0.4248495663195855,0.424858877352643,-9.311033057513018e-06
Random Forest,returns,0.05,19,444929679311040003,0.6935240963855421,0.6957831325301205,-0.0022590361445783413,0.5851972013767421,0.5884218247475033,-0.003224623370761126,0.4359861591695502,0.4413793103448276,-0.005393151175277389,0.34054054054054056,0.34594594594594597,-0.005405405405405406,0.38239757207890746,0.3878787878787879,-0.005481215799880423,0.5833380353213339,0.5831490154037127,0.00018901991762121373,0.4320047066000814,0.43178393501918966,0.0002207715808917321
Logistic Regression,returns,0.05,20,3843734667332339937,0.6295180722891566,0.6325301204819277,-0.003012048192771122,0.5657168650905603,0.5694634091293799,-0.003746544038819577,0.35944700460829493,0.3640552995391705,-0.004608294930875556,0.42162162162162165,0.42702702702702705,-0.005405405405405406,0.3880597014925373,0.39303482587064675,-0.00497512437810943,0.6075156576200418,0.6078429159848784,-0.0003272583648366023,0.4248495663195855,0.42499310281813174,-0.0001435364985462595
Random Forest,returns,0.05,20,3843734667332339937,0.6935240963855421,0.6957831325301205,-0.0022590361445783413,0.5851972013767421,0.5884218247475033,-0.003224623370761126,0.4359861591695502,0.4413793103448276,-0.005393151175277389,0.34054054054054056,0.34594594594594597,-0.005405405405405406,0.38239757207890746,0.3878787878787879,-0.005481215799880423,0.5833380353213339,0.5816566044123455,0.0016814309089884238,0.4320047066000814,0.43247027698269713,-0.00046557038261574313
Logistic Regression,returns,0.05,21,13895452246548779435,0.6295180722891566,0.6325301204819277,-0.003012048192771122,0.5657168650905603,0.568633978446087,-0.0029171133555266904,0.35944700460829493,0.36342592592592593,-0.003978921317631001,0.42162162162162165,0.4243243243243243,-0.002702702702702675,0.3880597014925373,0.3915211970074813,-0.0034614955149439575,0.6075156576200418,0.6077131411160639,-0.00019748349602211057,0.4248495663195855,0.42478971741544347,5.9848904142012493e-05
Random Forest,returns,0.05,21,13895452246548779435,0.6935240963855421,0.6965361445783133,-0.003012048192771122,0.5851972013767421,0.5856260226823902,-0.00042882130564803056,0.4359861591695502,0.4412811387900356,-0.005294979620485418,0.34054054054054056,0.33513513513513515,0.005405405405405406,0.38239757207890746,0.38095238095238093,0.0014451911265265238,0.5833380353213339,0.5828415053884783,0.0004965299328555384,0.4320047066000814,0.4315172403831995,0.0004874662168818933
Logistic Regression,returns,0.05,22,501256330199141784,0.6295180722891566,0.6295180722891566,0.0,0.5657168650905603,0.5665462957738532,-0.0008294306832928866,0.35944700460829493,0.36009174311926606,-0.0006447385109711323,0.42162162162162165,0.4243243243243243,-0.002702702702702675,0.3880597014925373,0.38957816377171217,-0.001518462279174848,0.6075156576200418,0.6073858827512272,0.00012977486881460276,0.4248495663195855,0.42494226015233505,-9.269383274956855e-05
Random Forest,returns,0.05,22,501256330199141784,0.6935240963855421,0.697289156626506,-0.0037650602409639022,0.5851972013767421,0.5886362354003273,-0.0034390340235851413,0.4359861591695502,0.44405594405594406,-0.008069784886393871,0.34054054054054056,0.34324324324324323,-0.002702702702702675,0.38239757207890746,0.3871951219512195,-0.004797549872312068,0.5833380353213339,0.5831574789821137,0.00018055633922020586,0.4320047066000814,0.4328200631772008,-0.0008153565771193971
Logistic Regression,returns,0.05,23,11281977615277578202,0.6295180722891566,0.6325301204819277,-0.003012048192771122,0.5657168650905603,0.5702928398126728,-0.004575974722112464,0.35944700460829493,0.3646788990825688,-0.005231894474273857,0.42162162162162165,0.4297297297297297,-0.00810810810810808,0.3880597014925373,0.3945409429280397,-0.006481241435502383,0.6075156576200418,0.6077328894656661,-0.00021723184562427722,0.4248495663195855,0.42508131016000594,-0.00023174384042046192
Random Forest,returns,0.05,23,11281977615277578202,0.6935240963855421,0.6957831325301205,-0.0022590361445783413,0.5851972013767421,0.5859335326976245,-0.0007363313208823552,0.4359861591695502,0.44014084507042256,-0.004154685900872368,0.34054054054054056,0.33783783783783783,0.0027027027027027306,0.38239757207890746,0.382262996941896,0.00013457513701142787,0.5833380353213339,0.5822377701292107,0.0011002651921231399,0.4320047066000814,0.431524624199091,0.00048008240099040034
Logistic Regression,returns,0.05,24,7526130832390737593,0.6295180722891566,0.6295180722891566,0.0,0.5657168650905603,0.5673757264571461,-0.0016588613665857732,0.35944700460829493,0.3607305936073059,-0.0012835889990109872,0.42162162162162165,0.42702702702702705,-0.005405405405405406,0.3880597014925373,0.3910891089108911,-0.00302940741835378,0.6075156576200418,0.607749816622468,-0.00023415900242618193,0.4248495663195855,0.425137051664355,-0.0002874853447695225
Random Forest,returns,0.05,24,7526130832390737593,0.6935240963855421,0.6950301204819277,-0.001506024096385561,0.5851972013767421,0.5870704733961519,-0.0018732720194097885,0.4359861591695502,0.43944636678200694,-0.003460207612456745,0.34054054054054056,0.34324324324324323,-0.002702702702702675,0.38239757207890746,0.38543247344461307,-0.003034901365705611,0.5833380353213339,0.582438074818033,0.0008999605033008784,0.4320047066000814,0.43191187598068626,9.283061939513448e-05
Logistic Regression,returns,0.05,25,16939701703186512643,0.6295180722891566,0.6302710843373494,-0.0007530120481927804,0.5657168650905603,0.5662387857586187,-0.0005219206680584509,0.35944700460829493,0.36027713625866054,-0.0008301316503656064,0.42162162162162165,0.42162162162162165,0.0,0.3880597014925373,0.38854296388542964,-0.0004832623928923141,0.6075156576200418,0.6072645714608136,0.00025108615922819766,0.4248495663195855,0.42467174689161213,0.00017781942797334693
Random Forest,returns,0.05,25,16939701703186512643,0.6935240963855421,0.6920180722891566,0.001506024096385561,0.5851972013767421,0.5833239293573322,0.0018732720194098995,0.4359861591695502,0.43252595155709345,0.003460207612456745,0.34054054054054056,0.33783783783783783,0.0027027027027027306,0.38239757207890746,0.37936267071320184,0.003034901365705611,0.5833380353213339,0.5832675055013259,7.05298200079918e-05,0.4320047066000814,0.43138842359991847,0.0006162830001629205
Logistic Regression,returns,0.05,26,10560918332958228128,0.6295180722891566,0.6310240963855421,-0.001506024096385561,0.5657168650905603,0.5675901371099701,-0.0018732720194097885,0.35944700460829493,0.3617511520737327,-0.002304147465437778,0.42162162162162165,0.4243243243243243,-0.002702702702702675,0.3880597014925373,0.39054726368159204,-0.002487562189054715,0.6075156576200418,0.607222253568809,0.0002934040512327929,0.4248495663195855,0.4246005714955614,0.0002489948240240736
Random Forest,returns,0.05,26,10560918332958228128,0.6935240963855421,0.6927710843373494,0.0007530120481927804,0.5851972013767421,0.5821869886588049,0.0030102127179372218,0.4359861591695502,0.43309859154929575,0.0028875676202544387,0.34054054054054056,0.3324324324324324,0.008108108108108136,0.38239757207890746,0.3761467889908257,0.006250783088081746,0.5833380353213339,0.582178525080404,0.0011595102409298619,0.4320047066000814,0.43125127646033895,0.0007534301397424392
Logistic Regression,returns,0.05,27,1275256140175227152,0.6295180722891566,0.6310240963855421,-0.001506024096385561,0.5657168650905603,0.568419567793263,-0.002702702702702675,0.35944700460829493,0.3623853211009174,-0.0029383164926224947,0.42162162162162165,0.42702702702702705,-0.005405405405405406,0.3880597014925373,0.3920595533498759,-0.003999851857338588,0.6075156576200418,0.6078288100208769,-0.00031315240083507057,0.4248495663195855,0.42496093510168464,-0.00011136878209916379
Random Forest,returns,0.05,27,1275256140175227152,0.6935240963855421,0.6927710843373494,0.0007530120481927804,0.5851972013767421,0.5830164193420979,0.002180782034644224,0.4359861591695502,0.43356643356643354,0.0024197256031166514,0.34054054054054056,0.33513513513513515,0.005405405405405406,0.38239757207890746,0.3780487804878049,0.004348791591102574,0.5833380353213339,0.580322180217796,0.0030158551035378567,0.4320047066000814,0.43040552223453177,0.0015991843655496218
Logistic Regression,returns,0.05,28,13542801473620643696,0.6295180722891566,0.6302710843373494,-0.0007530120481927804,0.5657168650905603,0.5670682164419116,-0.0013513513513513375,0.35944700460829493,0.36091954022988504,-0.0014725356215901098,0.42162162162162165,0.4243243243243243,-0.002702702702702675,0.3880597014925373,0.39006211180124223,-0.002002410308704905,0.6075156576200418,0.6076905715736614,-0.00017491395361957096,0.4248495663195855,0.4250332274360926,-0.0001836611165071389
Random Forest,returns,0.05,28,13542801473620643696,0.6935240963855421,0.6950301204819277,-0.001506024096385561,0.5851972013767421,0.5895587654460306,-0.004361564069288448,0.4359861591695502,0.4406779661016949,-0.004691806932144715,0.34054054054054056,0.35135135135135137,-0.010810810810810811,0.38239757207890746,0.39097744360902253,-0.00857987153011508,0.5833380353213339,0.5833747108277381,-3.667550640418238e-05,0.4320047066000814,0.43243918976292534,-0.00043448316284394606
Logistic Regression,returns,0.05,29,757874417695080597,0.6295180722891566,0.6302710843373494,-0.0007530120481927804,0.5657168650905603,0.5670682164419116,-0.0013513513513513375,0.35944700460829493,0.36091954022988504,-0.0014725356215901098,0.42162162162162165,0.4243243243243243,-0.002702702702702675,0.3880597014925373,0.39006211180124223,-0.002002410308704905,0.6075156576200418,0.6077244258872652,-0.00020876826722338038,0.4248495663195855,0.42495066761551925,-0.00010110129593376982
Random Forest,returns,0.05,29,757874417695080597,0.6935240963855421,0.6950301204819277,-0.001506024096385561,0.5851972013767421,0.5845821813462733,0.0006150200304688713,0.4359861591695502,0.4381625441696113,-0.0021763850000611207,0.34054054054054056,0.33513513513513515,0.005405405405405406,0.38239757207890746,0.37978560490045943,0.002611967178448027,0.5833380353213339,0.581848445522767,0.0014895897985668372,0.4320047066000814,0.4317766240228206,0.00022808257726081305
Logistic Regression,returns,0.1,0,12796031806548101623,0.6295180722891566,0.6302710843373494,-0.0007530120481927804,0.5657168650905603,0.5678976471252045,-0.002180782034644224,0.35944700460829493,0.36155606407322655,-0.0021090594649316174,0.42162162162162165,0.42702702702702705,-0.005405405405405406,0.3880597014925373,0.3915737298636927,-0.0035140283711553866,0.6075156576200418,0.6082604525193251,-0.0007447948992833631,0.4248495663195855,0.4247286277148177,0.00012093860476780627
Random Forest,returns,0.1,0,12796031806548101623,0.6935240963855421,0.6957831325301205,-0.0022590361445783413,0.5851972013767421,0.5867629633809175,-0.0015657620041753528,0.4359861591695502,0.4405594405594406,-0.004573281389890382,0.34054054054054056,0.34054054054054056,0.0,0.38239757207890746,0.38414634146341464,-0.0017487693845071872,0.5833380353213339,0.5819866839699825,0.0013513513513513375,0.4320047066000814,0.4317543750174634,0.0002503315826180019
Logistic Regression,returns,0.1,1,8374987933828575291,0.6295180722891566,0.6272590361445783,0.0022590361445782303,0.5657168650905603,0.5649805337696778,0.0007363313208824662,0.35944700460829493,0.357630979498861,0.0018160251094339053,0.42162162162162165,0.4243243243243243,-0.002702702702702675,0.3880597014925373,0.38813349814585907,-7.37966533217449e-05,0.6075156576200418,0.6072363595328105,0.00027929808723126115,0.4248495663195855,0.42465503369708446,0.00019453262250102021
Random Forest,returns,0.1,1,8374987933828575291,0.6935240963855421,0.6927710843373494,0.0007530120481927804,0.5851972013767421,0.581357557975512,0.0038396434012301084,0.4359861591695502,0.4326241134751773,0.0033620456943728727,0.34054054054054056,0.32972972972972975,0.010810810810810811,0.38239757207890746,0.37423312883435583,0.008164443244551622,0.5833380353213339,0.582830220617277,0.0005078147040569192,0.4320047066000814,0.4317519642036946,0.00025274239638678475
Logistic Regression,returns,0.1,2,14843130619675656254,0.6295180722891566,0.6310240963855421,-0.001506024096385561,0.5657168650905603,0.5700784291598489,-0.004361564069288559,0.35944700460829493,0.36363636363636365,-0.004189359028068718,0.42162162162162165,0.43243243243243246,-0.010810810810810811,0.3880597014925373,0.3950617283950617,-0.007002026902524383,0.6075156576200418,0.6074479489928342,6.770862720761883e-05,0.4248495663195855,0.4248679248771543,-1.8358557568820544e-05
Random Forest,returns,0.1,2,14843130619675656254,0.6935240963855421,0.6980421686746988,-0.004518072289156683,0.5851972013767421,0.5899875867516786,-0.004790385374936479,0.4359861591695502,0.445993031358885,-0.010006872189334826,0.34054054054054056,0.34594594594594597,-0.005405405405405406,0.38239757207890746,0.3896499238964992,-0.007252351817591762,0.5833380353213339,0.5820318230547876,0.0013062122665462583,0.4320047066000814,0.4332298043031967,-0.0012250977031152965
Logistic Regression,returns,0.1,3,7690994691493375669,0.6295180722891566,0.6317771084337349,-0.0022590361445783413,0.5657168650905603,0.5689414884613214,-0.003224623370761126,0.35944700460829493,0.3632183908045977,-0.003771386196302795,0.42162162162162165,0.42702702702702705,-0.005405405405405406,0.3880597014925373,0.39254658385093166,-0.00448688235839434,0.6075156576200418,0.6074423066072334,7.335101280836476e-05,0.4248495663195855,0.42535055605503713,-0.0005009897354516513
Random Forest,returns,0.1,3,7690994691493375669,0.6935240963855421,0.6935240963855421,0.0,0.5851972013767421,0.5876854934266208,-0.00248829204987866,0.4359861591695502,0.43728813559322033,-0.001301976423670137,0.34054054054054056,0.34864864864864864,-0.00810810810810808,0.38239757207890746,0.3879699248120301,-0.005572352733122621,0.5833380353213339,0.5825142470236416,0.0008237882976922517,0.4320047066000814,0.4328605011332138,-0.0008557945331323924
Logistic Regression,returns,0.1,4,9463411282884389690,0.6295180722891566,0.6302710843373494,-0.0007530120481927804,0.5657168650905603,0.5662387857586187,-0.0005219206680584509,0.35944700460829493,0.36027713625866054,-0.0008301316503656064,0.42162162162162165,0.42162162162162165,0.0,0.3880597014925373,0.38854296388542964,-0.0004832623928923141,0.6075156576200418,0.6076115781752525,-9.592055521068232e-05,0.4248495663195855,0.4248458983636352,3.6679559503038917e-06
Random Forest,returns,0.1,4,9463411282884389690,0.6935240963855421,0.6957831325301205,-0.0022590361445783413,0.5851972013767421,0.5875923940642104,-0.0023951926874682394,0.4359861591695502,0.4409722222222222,-0.0049860630526720184,0.34054054054054056,0.34324324324324323,-0.002702702702702675,0.38239757207890746,0.3860182370820669,-0.00362066500315944,0.5833380353213339,0.581391412289116,0.0019466230322179312,0.4320047066000814,0.4309126319647443,0.0010920746353371147
Logistic Regression,returns,0.1,5,15615056051371003195,0.6295180722891566,0.6310240963855421,-0.001506024096385561,0.5657168650905603,0.5675901371099701,-0.0018732720194097885,0.35944700460829493,0.3617511520737327,-0.002304147465437778,0.42162162162162165,0.4243243243243243,-0.002702702702702675,0.3880597014925373,0.39054726368159204,-0.002487562189054715,0.6075156576200418,0.6079698696608926,-0.0004542120408508321,0.4248495663195855,0.42514421740394115,-0.0002946510843556682
Random Forest,returns,0.1,5,15615056051371003195,0.6935240963855421,0.6935240963855421,0.0,0.5851972013767421,0.5851972013767421,0.0,0.4359861591695502,0.4359861591695502,0.0,0.34054054054054056,0.34054054054054056,0.0,0.38239757207890746,0.38239757207890746,0.0,0.5833380353213339,0.5835411612029566,-0.00020312588162274547,0.4320047066000814,0.43159585833932435,0.0004088482607570443
Logistic Regression,returns,0.1,6,4139237193202576995,0.6295180722891566,0.6302710843373494,-0.0007530120481927804,0.5657168650905603,0.5678976471252045,-0.002180782034644224,0.35944700460829493,0.36155606407322655,-0.0021090594649316174,0.42162162162162165,0.42702702702702705,-0.005405405405405406,0.3880597014925373,0.3915737298636927,-0.0035140283711553866,0.6075156576200418,0.6075015516560403,1.4105964001531746e-05,0.4248495663195855,0.4251040501009994,-0.0002544837814139056
Random Forest,returns,0.1,6,4139237193202576995,0.6935240963855421,0.6965361445783133,-0.003012048192771122,0.5851972013767421,0.5872848840489759,-0.0020876826722338038,0.4359861591695502,0.4421052631578947,-0.006119103988344532,0.34054054054054056,0.34054054054054056,0.0,0.38239757207890746,0.3847328244274809,-0.0023352523485734578,0.5833380353213339,0.5839840884726062,-0.0006460531512723078,0.4320047066000814,0.4322148478409655,-0.00021014124088408748
Logistic Regression,returns,0.1,7,425150026238475712,0.6295180722891566,0.6317771084337349,-0.0022590361445783413,0.5657168650905603,0.5681120577780285,-0.0023951926874682394,0.35944700460829493,0.3625866050808314,-0.0031396004725364746,0.42162162162162165,0.4243243243243243,-0.002702702702702675,0.3880597014925373,0.39103362391033625,-0.0029739224177989243,0.6075156576200418,0.6085594989561587,-0.0010438413361169019,0.4248495663195855,0.42532316088892774,-0.00047359456934226163
Random Forest,returns,0.1,7,425150026238475712,0.6935240963855421,0.6927710843373494,0.0007530120481927804,0.5851972013767421,0.5830164193420979,0.002180782034644224,0.4359861591695502,0.43356643356643354,0.0024197256031166514,0.34054054054054056,0.33513513513513515,0.005405405405405406,0.38239757207890746,0.3780487804878049,0.004348791591102574,0.5833380353213339,0.5849122609039101,-0.0015742255825762497,0.4320047066000814,0.43316828170285293,-0.0011635751027715413
Logistic Regression,returns,0.1,8,14828170487571504413,0.6295180722891566,0.6317771084337349,-0.0022590361445783413,0.5657168650905603,0.5689414884613214,-0.003224623370761126,0.35944700460829493,0.3632183908045977,-0.003771386196302795,0.42162162162162165,0.42702702702702705,-0.005405405405405406,0.3880597014925373,0.39254658385093166,-0.00448688235839434,0.6075156576200418,0.6073830615584269,0.0001325960616148647,0.4248495663195855,0.4244671964692066,0.00038236985037887194
Random Forest,returns,0.1,8,14828170487571504413,0.6935240963855421,0.6957831325301205,-0.0022590361445783413,0.5851972013767421,0.5867629633809175,-0.0015657620041753528,0.4359861591695502,0.4405594405594406,-0.004573281389890382,0.34054054054054056,0.34054054054054056,0.0,0.38239757207890746,0.38414634146341464,-0.0017487693845071872,0.5833380353213339,0.5852536252327484,-0.0019155899114144948,0.4320047066000814,0.433847998904899,-0.001843292304817612
Logistic Regression,returns,0.1,9,10498560153419540166,0.6295180722891566,0.6287650602409639,0.0007530120481926694,0.5657168650905603,0.5660243751057947,-0.00030751001523443566,0.35944700460829493,0.35926773455377575,0.0001792700545191761,0.42162162162162165,0.4243243243243243,-0.002702702702702675,0.3880597014925373,0.38909541511771994,-0.0010357136251826216,0.6075156576200418,0.6071460813632004,0.0003695762568414196,0.4248495663195855,0.42411632166223895,0.0007332446573465323
Random Forest,returns,0.1,9,10498560153419540166,0.6935240963855421,0.697289156626506,-0.0037650602409639022,0.5851972013767421,0.5894656660836202,-0.004268464706878028,0.4359861591695502,0.4444444444444444,-0.008458285274894228,0.34054054054054056,0.34594594594594597,-0.005405405405405406,0.38239757207890746,0.3890577507598784,-0.006660178680970963,0.5833380353213339,0.5827117305196636,0.0006263048016702522,0.4320047066000814,0.4321363600165866,-0.00013165341650522855
Logistic Regression,returns,0.1,10,506186363740209405,0.6295180722891566,0.6310240963855421,-0.001506024096385561,0.5657168650905603,0.5675901371099701,-0.0018732720194097885,0.35944700460829493,0.3617511520737327,-0.002304147465437778,0.42162162162162165,0.4243243243243243,-0.002702702702702675,0.3880597014925373,0.39054726368159204,-0.002487562189054715,0.6075156576200418,0.6073463860520227,0.00016927156801904708,0.4248495663195855,0.4248842705962754,-3.4704276689945246e-05
Random Forest,returns,0.1,10,506186363740209405,0.6935240963855421,0.6965361445783133,-0.003012048192771122,0.5851972013767421,0.5881143147322688,-0.0029171133555266904,0.4359861591695502,0.4425087108013937,-0.0065225516318435095,0.34054054054054056,0.34324324324324323,-0.002702702702702675,0.38239757207890746,0.3866057838660578,-0.004208211787150362,0.5833380353213339,0.5825847768436494,0.000753258477684482,0.4320047066000814,0.4314248460470112,0.0005798605530701884
Logistic Regression,returns,0.1,11,12098511493932000423,0.6295180722891566,0.6310240963855421,-0.001506024096385561,0.5657168650905603,0.5675901371099701,-0.0018732720194097885,0.35944700460829493,0.3617511520737327,-0.002304147465437778,0.42162162162162165,0.4243243243243243,-0.002702702702702675,0.3880597014925373,0.39054726368159204,-0.002487562189054715,0.6075156576200418,0.6077554590080685,-0.0002398013880267058,0.4248495663195855,0.42475593767045905,9.362864912643154e-05
Random Forest,returns,0.1,11,12098511493932000423,0.6935240963855421,0.697289156626506,-0.0037650602409639022,0.5851972013767421,0.590295096766913,-0.0050978953901709145,0.4359861591695502,0.44482758620689655,-0.008841427037346361,0.34054054054054056,0.34864864864864864,-0.00810810810810808,0.38239757207890746,0.39090909090909093,-0.008511518830183473,0.5833380353213339,0.5812813857699035,0.0020566495514303673,0.4320047066000814,0.4311698273001044,0.0008348792999769983
Logistic Regression,returns,0.1,12,13302138984469698225,0.6295180722891566,0.6287650602409639,0.0007530120481926694,0.5657168650905603,0.5660243751057947,-0.00030751001523443566,0.35944700460829493,0.35926773455377575,0.0001792700545191761,0.42162162162162165,0.4243243243243243,-0.002702702702702675,0.3880597014925373,0.38909541511771994,-0.0010357136251826216,0.6075156576200418,0.6076736444168596,-0.00015798679681777728,0.4248495663195855,0.424787831213658,6.17351059274962e-05
Random Forest,returns,0.1,12,13302138984469698225,0.6935240963855421,0.6942771084337349,-0.0007530120481927804,0.5851972013767421,0.5840602606782148,0.0011369406985273223,0.4359861591695502,0.43661971830985913,-0.0006335591403089369,0.34054054054054056,0.33513513513513515,0.005405405405405406,0.38239757207890746,0.37920489296636084,0.0031926791125466147,0.5833380353213339,0.5833267505501325,1.1284771201380828e-05,0.4320047066000814,0.43236626938034217,-0.00036156278026078237
Logistic Regression,returns,0.1,13,1645953018578661452,0.6295180722891566,0.6317771084337349,-0.0022590361445783413,0.5657168650905603,0.5681120577780285,-0.0023951926874682394,0.35944700460829493,0.3625866050808314,-0.0031396004725364746,0.42162162162162165,0.4243243243243243,-0.002702702702702675,0.3880597014925373,0.39103362391033625,-0.0029739224177989243,0.6075156576200418,0.6068752468543701,0.0006404107656716729,0.4248495663195855,0.4242920951949645,0.0005574711246209563
Random Forest,returns,0.1,13,1645953018578661452,0.6935240963855421,0.6980421686746988,-0.004518072289156683,0.5851972013767421,0.5891581560683857,-0.003960954691643592,0.4359861591695502,0.4456140350877193,-0.009627875918169104,0.34054054054054056,0.34324324324324323,-0.002702702702702675,0.38239757207890746,0.38778625954198476,-0.005388687463077302,0.5833380353213339,0.5810669751170796,0.0022710602042542716,0.4320047066000814,0.43285481125728986,-0.0008501046572084725
Logistic Regression,returns,0.1,14,1064394820965288389,0.6295180722891566,0.6295180722891566,0.0,0.5657168650905603,0.5673757264571461,-0.0016588613665857732,0.35944700460829493,0.3607305936073059,-0.0012835889990109872,0.42162162162162165,0.42702702702702705,-0.005405405405405406,0.3880597014925373,0.3910891089108911,-0.00302940741835378,0.6075156576200418,0.6080432206737009,-0.0005275630536590858,0.4248495663195855,0.42543820741972943,-0.0005886411001439495
Random Forest,returns,0.1,14,1064394820965288389,0.6935240963855421,0.6897590361445783,0.003765060240963791,0.5851972013767421,0.5817581673531569,0.0034390340235852523,0.4359861591695502,0.4280821917808219,0.007903967388728284,0.34054054054054056,0.33783783783783783,0.0027027027027027306,0.38239757207890746,0.3776435045317221,0.004754067547185381,0.5833380353213339,0.5820938892963945,0.0012441460249393854,0.4320047066000814,0.43271961916004786,-0.0007149125599664741
Logistic Regression,returns,0.1,15,8418114516770874650,0.6295180722891566,0.6310240963855421,-0.001506024096385561,0.5657168650905603,0.568419567793263,-0.002702702702702675,0.35944700460829493,0.3623853211009174,-0.0029383164926224947,0.42162162162162165,0.42702702702702705,-0.005405405405405406,0.3880597014925373,0.3920595533498759,-0.003999851857338588,0.6075156576200418,0.6076002934040513,-8.463578400952354e-05,0.4248495663195855,0.42464444605551444,0.0002051202640710459
Random Forest,returns,0.1,15,8418114516770874650,0.6935240963855421,0.6987951807228916,-0.005271084337349463,0.5851972013767421,0.5880212153698583,-0.002824013993116159,0.4359861591695502,0.44642857142857145,-0.010442412259021261,0.34054054054054056,0.33783783783783783,0.0027027027027027306,0.38239757207890746,0.38461538461538464,-0.0022178125364771817,0.5833380353213339,0.5840010156294081,-0.0006629803080742125,0.4320047066000814,0.43239244545216976,-0.00038773885208837067
Logistic Regression,returns,0.1,16,5922810597437704800,0.6295180722891566,0.6295180722891566,0.0,0.5657168650905603,0.5665462957738532,-0.0008294306832928866,0.35944700460829493,0.36009174311926606,-0.0006447385109711323,0.42162162162162165,0.4243243243243243,-0.002702702702702675,0.3880597014925373,0.38957816377171217,-0.001518462279174848,0.6075156576200418,0.6075410483552446,-2.539073520280155e-05,0.4248495663195855,0.42464738313121897,0.0002021831883665115
Random Forest,returns,0.1,16,5922810597437704800,0.6935240963855421,0.6950301204819277,-0.001506024096385561,0.5851972013767421,0.5845821813462733,0.0006150200304688713,0.4359861591695502,0.4381625441696113,-0.0021763850000611207,0.34054054054054056,0.33513513513513515,0.005405405405405406,0.38239757207890746,0.37978560490045943,0.002611967178448027,0.5833380353213339,0.5823139423348191,0.0010240929865147352,0.4320047066000814,0.4316787422357172,0.0003259643643641619
Logistic Regression,returns,0.1,17,2753149771576397921,0.6295180722891566,0.6302710843373494,-0.0007530120481927804,0.5657168650905603,0.5670682164419116,-0.0013513513513513375,0.35944700460829493,0.36091954022988504,-0.0014725356215901098,0.42162162162162165,0.4243243243243243,-0.002702702702702675,0.3880597014925373,0.39006211180124223,-0.002002410308704905,0.6075156576200418,0.6077977769000733,-0.0002821192800315231,0.4248495663195855,0.4249073374466442,-5.777112705873666e-05
Random Forest,returns,0.1,17,2753149771576397921,0.6935240963855421,0.6965361445783133,-0.003012048192771122,0.5851972013767421,0.5881143147322688,-0.0029171133555266904,0.4359861591695502,0.4425087108013937,-0.0065225516318435095,0.34054054054054056,0.34324324324324323,-0.002702702702702675,0.38239757207890746,0.3866057838660578,-0.004208211787150362,0.5833380353213339,0.5854877842351747,-0.0021497489138407877,0.4320047066000814,0.4342364658240729,-0.002231759223991492
Logistic Regression,returns,0.1,18,10182991556518907759,0.6295180722891566,0.6295180722891566,0.0,0.5657168650905603,0.5657168650905603,0.0,0.35944700460829493,0.35944700460829493,0.0,0.42162162162162165,0.42162162162162165,0.0,0.3880597014925373,0.3880597014925373,0.0,0.6075156576200418,0.6067257236359532,0.0007899339840885533,0.4248495663195855,0.42452558128665796,0.0003239850329275207
Random Forest,returns,0.1,18,10182991556518907759,0.6935240963855421,0.6987951807228916,-0.005271084337349463,0.5851972013767421,0.5888506460531513,-0.0036534446764091566,0.4359861591695502,0.44680851063829785,-0.01082235146874766,0.34054054054054056,0.34054054054054056,0.0,0.38239757207890746,0.38650306748466257,-0.004105495405755111,0.5833380353213339,0.580813067765051,0.002524967556282842,0.4320047066000814,0.431910138035513,9.456856456840912e-05
Logistic Regression,returns,0.1,19,17129427883416827554,0.6295180722891566,0.6325301204819277,-0.003012048192771122,0.5657168650905603,0.5702928398126728,-0.004575974722112464,0.35944700460829493,0.3646788990825688,-0.005231894474273857,0.42162162162162165,0.4297297297297297,-0.00810810810810808,0.3880597014925373,0.3945409429280397,-0.006481241435502383,0.6075156576200418,0.6079726908536929,-0.00045703323365109405,0.4248495663195855,0.42490252294354514,-5.2956623959654614e-05
Random Forest,returns,0.1,19,17129427883416827554,0.6935240963855421,0.6927710843373494,0.0007530120481927804,0.5851972013767421,0.5838458500253907,0.0013513513513514486,0.4359861591695502,0.4340277777777778,0.0019583813917724013,0.34054054054054056,0.33783783783783783,0.0027027027027027306,0.38239757207890746,0.3799392097264438,0.002458362352463661,0.5833380353213339,0.5832110816453195,0.00012695367601434082,0.4320047066000814,0.4327405704219286,-0.0007358638218472047
Logistic Regression,returns,0.1,20,8277676791787796402,0.6295180722891566,0.6317771084337349,-0.0022590361445783413,0.5657168650905603,0.5689414884613214,-0.003224623370761126,0.35944700460829493,0.3632183908045977,-0.003771386196302795,0.42162162162162165,0.42702702702702705,-0.005405405405405406,0.3880597014925373,0.39254658385093166,-0.00448688235839434,0.6075156576200418,0.6080432206737008,-0.0005275630536589748,0.4248495663195855,0.4253051458756355,-0.0004555795560500231
Random Forest,returns,0.1,20,8277676791787796402,0.6935240963855421,0.6987951807228916,-0.005271084337349463,0.5851972013767421,0.59133893810303,-0.006141736726287816,0.4359861591695502,0.4479166666666667,-0.011930507497116494,0.34054054054054056,0.34864864864864864,-0.00810810810810808,0.38239757207890746,0.39209726443769,-0.009699692358782541,0.5833380353213339,0.5835214128533545,-0.00018337753202057883,0.4320047066000814,0.43359308963457593,-0.0015883830344945449
Logistic Regression,returns,0.1,21,14374411834781213125,0.6295180722891566,0.6325301204819277,-0.003012048192771122,0.5657168650905603,0.568633978446087,-0.0029171133555266904,0.35944700460829493,0.36342592592592593,-0.003978921317631001,0.42162162162162165,0.4243243243243243,-0.002702702702702675,0.3880597014925373,0.3915211970074813,-0.0034614955149439575,0.6075156576200418,0.6078542007560797,-0.0003385431360378721,0.4248495663195855,0.42448859403672357,0.0003609722828619155
Random Forest,returns,0.1,21,14374411834781213125,0.6935240963855421,0.6942771084337349,-0.0007530120481927804,0.5851972013767421,0.5824013993116289,0.0027958020651132065,0.4359861591695502,0.4357142857142857,0.0002718734552644708,0.34054054054054056,0.32972972972972975,0.010810810810810811,0.38239757207890746,0.37538461538461537,0.007012956694292083,0.5833380353213339,0.5829966709924956,0.0003413643288382451,0.4320047066000814,0.43130774503283276,0.0006969615672486329
Logistic Regression,returns,0.1,22,2875152438278184402,0.6295180722891566,0.6272590361445783,0.0022590361445782303,0.5657168650905603,0.5641511030863849,0.0015657620041753528,0.35944700460829493,0.35697940503432496,0.0024675995739699697,0.42162162162162165,0.42162162162162165,0.0,0.3880597014925373,0.38661710037174724,0.001442601120790088,0.6075156576200418,0.6070586243863905,0.0004570332336513161,0.4248495663195855,0.4247256690594875,0.00012389726009798263
Random Forest,returns,0.1,22,2875152438278184402,0.6935240963855421,0.6987951807228916,-0.005271084337349463,0.5851972013767421,0.5880212153698583,-0.002824013993116159,0.4359861591695502,0.44642857142857145,-0.010442412259021261,0.34054054054054056,0.33783783783783783,0.0027027027027027306,0.38239757207890746,0.38461538461538464,-0.0022178125364771817,0.5833380353213339,0.5849207244823111,-0.0015826891609772575,0.4320047066000814,0.4333957316270398,-0.0013910250269584257
Logistic Regression,returns,0.1,23,6358162393766745619,0.6295180722891566,0.6325301204819277,-0.003012048192771122,0.5657168650905603,0.5702928398126728,-0.004575974722112464,0.35944700460829493,0.3646788990825688,-0.005231894474273857,0.42162162162162165,0.4297297297297297,-0.00810810810810808,0.3880597014925373,0.3945409429280397,-0.006481241435502383,0.6075156576200418,0.607794955707273,-0.00027929808723126115,0.4248495663195855,0.4249366004940445,-8.703417445904416e-05
Random Forest,returns,0.1,23,6358162393766745619,0.6935240963855421,0.6987951807228916,-0.005271084337349463,0.5851972013767421,0.5905095074197371,-0.00531230604299493,0.4359861591695502,0.44755244755244755,-0.01156628838289736,0.34054054054054056,0.34594594594594597,-0.005405405405405406,0.38239757207890746,0.3902439024390244,-0.007846330360116949,0.5833380353213339,0.5827907239180725,0.0005473114032613635,0.4320047066000814,0.4327131578797181,-0.0007084512796367015
Logistic Regression,returns,0.1,24,5026858620472991751,0.6295180722891566,0.6310240963855421,-0.001506024096385561,0.5657168650905603,0.5692489984765559,-0.0035321333859955617,0.35944700460829493,0.363013698630137,-0.003566694021842065,0.42162162162162165,0.4297297297297297,-0.00810810810810808,0.3880597014925373,0.3935643564356436,-0.0055046549431062575,0.6075156576200418,0.6079049822264853,-0.0003893246064434752,0.4248495663195855,0.42531548627398486,-0.00046591995439937417
Random Forest,returns,0.1,24,5026858620472991751,0.6935240963855421,0.6965361445783133,-0.003012048192771122,0.5851972013767421,0.5881143147322688,-0.0029171133555266904,0.4359861591695502,0.4425087108013937,-0.0065225516318435095,0.34054054054054056,0.34324324324324323,-0.002702702702702675,0.38239757207890746,0.3866057838660578,-0.004208211787150362,0.5833380353213339,0.5823957569260283,0.0009422783953055847,0.4320047066000814,0.4319289746879632,7.573191211818209e-05
Logistic Regression,returns,0.1,25,11770097635454129765,0.6295180722891566,0.6302710843373494,-0.0007530120481927804,0.5657168650905603,0.5654093550753259,0.00030751001523443566,0.35944700460829493,0.35962877030162416,-0.00018176569332922776,0.42162162162162165,0.4189189189189189,0.0027027027027027306,0.3880597014925373,0.38701622971285893,0.0010434717796783954,0.6075156576200418,0.6067680415279582,0.000747616092083625,0.4248495663195855,0.42451189337078854,0.000337672948796941
Random Forest,returns,0.1,25,11770097635454129765,0.6935240963855421,0.6920180722891566,0.001506024096385561,0.5851972013767421,0.5833239293573322,0.0018732720194098995,0.4359861591695502,0.43252595155709345,0.003460207612456745,0.34054054054054056,0.33783783783783783,0.0027027027027027306,0.38239757207890746,0.37936267071320184,0.003034901365705611,0.5833380353213339,0.582875359702082,0.00046267561925184,0.4320047066000814,0.4314090105491576,0.0005956960509237996
Logistic Regression,returns,0.1,26,12679388429148385295,0.6295180722891566,0.6265060240963856,0.0030120481927710108,0.5657168650905603,0.5644586131016194,0.0012582519889409172,0.35944700460829493,0.3568181818181818,0.0026288227901131167,0.42162162162162165,0.4243243243243243,-0.002702702702702675,0.3880597014925373,0.38765432098765434,0.0004053805048829795,0.6075156576200418,0.6068188229983638,0.0006968346216780219,0.4248495663195855,0.42473625950560623,0.00011330681397925257
Random Forest,returns,0.1,26,12679388429148385295,0.6935240963855421,0.6942771084337349,-0.0007530120481927804,0.5851972013767421,0.5807425379450432,0.00445466343169898,0.4359861591695502,0.43478260869565216,0.0012035504738980296,0.34054054054054056,0.32432432432432434,0.016216216216216217,0.38239757207890746,0.3715170278637771,0.01088054421513035,0.5833380353213339,0.582900750437285,0.0004372848840489274,0.4320047066000814,0.43116914566652986,0.0008355609335515268
Logistic Regression,returns,0.1,27,6660525970108469778,0.6295180722891566,0.6310240963855421,-0.001506024096385561,0.5657168650905603,0.568419567793263,-0.002702702702702675,0.35944700460829493,0.3623853211009174,-0.0029383164926224947,0.42162162162162165,0.42702702702702705,-0.005405405405405406,0.3880597014925373,0.3920595533498759,-0.003999851857338588,0.6075156576200418,0.608017829938498,-0.0005021723184561733,0.4248495663195855,0.42540135320200506,-0.0005517868824195804
Random Forest,returns,0.1,27,6660525970108469778,0.6935240963855421,0.6950301204819277,-0.001506024096385561,0.5851972013767421,0.585411612029566,-0.00021441065282390426,0.4359861591695502,0.43859649122807015,-0.0026103320585199596,0.34054054054054056,0.33783783783783783,0.0027027027027027306,0.38239757207890746,0.3816793893129771,0.0007181827659303308,0.5833380353213339,0.5802713987473904,0.00306663657394346,0.4320047066000814,0.4306223789011448,0.0013823276989365918
Logistic Regression,returns,0.1,28,14129123837440412593,0.6295180722891566,0.6295180722891566,0.0,0.5657168650905603,0.5665462957738532,-0.0008294306832928866,0.35944700460829493,0.36009174311926606,-0.0006447385109711323,0.42162162162162165,0.4243243243243243,-0.002702702702702675,0.3880597014925373,0.38957816377171217,-0.001518462279174848,0.6075156576200418,0.6077977769000733,-0.0002821192800315231,0.4248495663195855,0.42533934596517076,-0.0004897796455852754
Random Forest,returns,0.1,28,14129123837440412593,0.6935240963855421,0.6942771084337349,-0.0007530120481927804,0.5851972013767421,0.5882074140946792,-0.0030102127179371108,0.4359861591695502,0.4387755102040816,-0.0027893510345314287,0.34054054054054056,0.34864864864864864,-0.00810810810810808,0.38239757207890746,0.3885542168674699,-0.0061566447885624265,0.5833380353213339,0.5840320487502115,-0.0006940134288776489,0.4320047066000814,0.4315511438100724,0.0004535627900089656
Logistic Regression,returns,0.1,29,14685756391484061169,0.6295180722891566,0.6272590361445783,0.0022590361445782303,0.5657168650905603,0.5641511030863849,0.0015657620041753528,0.35944700460829493,0.35697940503432496,0.0024675995739699697,0.42162162162162165,0.42162162162162165,0.0,0.3880597014925373,0.38661710037174724,0.001442601120790088,0.6075156576200418,0.6078908762624838,-0.0003752186424420545,0.4248495663195855,0.4250436375135009,-0.00019407119391540162
Random Forest,returns,0.1,29,14685756391484061169,0.6935240963855421,0.6920180722891566,0.001506024096385561,0.5851972013767421,0.5841533600406252,0.0010438413361169019,0.4359861591695502,0.4329896907216495,0.002996468447900691,0.34054054054054056,0.34054054054054056,0.0,0.38239757207890746,0.3812405446293495,0.001157027449557979,0.5833380353213339,0.5817327766179541,0.0016052587033797971,0.4320047066000814,0.4325737669312811,-0.0005690603311996889
Logistic Regression,returns,0.2,0,1137646624987659355,0.6295180722891566,0.6317771084337349,-0.0022590361445783413,0.5657168650905603,0.5697709191446143,-0.004054054054054013,0.35944700460829493,0.36384439359267734,-0.004397388984382411,0.42162162162162165,0.4297297297297297,-0.00810810810810808,0.3880597014925373,0.3940520446096654,-0.005992343117128096,0.6075156576200418,0.6089601083338034,-0.001444450713761647,0.4248495663195855,0.42478451967731023,6.504664227524604e-05
Random Forest,returns,0.2,0,1137646624987659355,0.6935240963855421,0.697289156626506,-0.0037650602409639022,0.5851972013767421,0.5853185126671556,-0.00012131129041348387,0.4359861591695502,0.44244604316546765,-0.006459883995917459,0.34054054054054056,0.3324324324324324,0.008108108108108136,0.38239757207890746,0.37962962962962965,0.002767942449277805,0.5833380353213339,0.5830389888845003,0.0002990464368335388,0.4320047066000814,0.43257813274763773,-0.000573426147556344
Logistic Regression,returns,0.2,1,3829458059980528879,0.6295180722891566,0.6272590361445783,0.0022590361445782303,0.5657168650905603,0.5649805337696778,0.0007363313208824662,0.35944700460829493,0.357630979498861,0.0018160251094339053,0.42162162162162165,0.4243243243243243,-0.002702702702702675,0.3880597014925373,0.38813349814585907,-7.37966533217449e-05,0.6075156576200418,0.6069965581447836,0.000519099475258189,0.4248495663195855,0.4244870653757169,0.0003625009438685822
Random Forest,returns,0.2,1,3829458059980528879,0.6935240963855421,0.6905120481927711,0.0030120481927710108,0.5851972013767421,0.5756446425548722,0.009552558821869894,0.4359861591695502,0.4254545454545455,0.010531613715004717,0.34054054054054056,0.3162162162162162,0.024324324324324353,0.38239757207890746,0.3627906976744186,0.019606874404488828,0.5833380353213339,0.5859532810472268,-0.0026152457258928896,0.4320047066000814,0.43357273983088535,-0.0015680332308039557
Logistic Regression,returns,0.2,2,17445835490968513844,0.6295180722891566,0.6310240963855421,-0.001506024096385561,0.5657168650905603,0.5700784291598489,-0.004361564069288559,0.35944700460829493,0.36363636363636365,-0.004189359028068718,0.42162162162162165,0.43243243243243246,-0.010810810810810811,0.3880597014925373,0.3950617283950617,-0.007002026902524383,0.6075156576200418,0.6072645714608136,0.00025108615922819766,0.4248495663195855,0.4251970321532842,-0.0003474658336987124
Random Forest,returns,0.2,2,17445835490968513844,0.6935240963855421,0.6927710843373494,0.0007530120481927804,0.5851972013767421,0.581357557975512,0.0038396434012301084,0.4359861591695502,0.4326241134751773,0.0033620456943728727,0.34054054054054056,0.32972972972972975,0.010810810810810811,0.38239757207890746,0.37423312883435583,0.008164443244551622,0.5833380353213339,0.5820459290187892,0.0012921063025447266,0.4320047066000814,0.433132012821011,-0.0011273062209296025
Logistic Regression,returns,0.2,3,8851197460576911914,0.6295180722891566,0.6325301204819277,-0.003012048192771122,0.5657168650905603,0.568633978446087,-0.0029171133555266904,0.35944700460829493,0.36342592592592593,-0.003978921317631001,0.42162162162162165,0.4243243243243243,-0.002702702702702675,0.3880597014925373,0.3915211970074813,-0.0034614955149439575,0.6075156576200418,0.607213789990408,0.00030186762963380076,0.4248495663195855,0.42516678727978957,-0.00031722096020408985
Random Forest,returns,0.2,3,8851197460576911914,0.6935240963855421,0.6965361445783133,-0.003012048192771122,0.5851972013767421,0.5906026067821475,-0.00540540540540535,0.4359861591695502,0.44368600682593856,-0.00769984765638837,0.34054054054054056,0.35135135135135137,-0.010810810810810811,0.38239757207890746,0.39215686274509803,-0.009759290666190579,0.5833380353213339,0.5866924335609095,-0.0033543982395756178,0.4320047066000814,0.43649669079089626,-0.004491984190814868
Logistic Regression,returns,0.2,4,482180687189935968,0.6295180722891566,0.6287650602409639,0.0007530120481926694,0.5657168650905603,0.5651949444225018,0.0005219206680584509,0.35944700460829493,0.3586206896551724,0.00082631495312252,0.42162162162162165,0.42162162162162165,0.0,0.3880597014925373,0.3875776397515528,0.0004820617409845296,0.6075156576200418,0.607481803306438,3.3854313603809416e-05,0.4248495663195855,0.4246814742617205,0.00016809205786499914
Random Forest,returns,0.2,4,482180687189935968,0.6935240963855421,0.6890060240963856,0.004518072289156572,0.5851972013767421,0.5795773853185127,0.0056198160582294765,0.4359861591695502,0.42560553633217996,0.010380622837370235,0.34054054054054056,0.3324324324324324,0.008108108108108136,0.38239757207890746,0.37329286798179057,0.009104704097116889,0.5833380353213339,0.5840038368222085,-0.0006658015008745855,0.4320047066000814,0.43083399872574735,0.0011707078743340427
Logistic Regression,returns,0.2,5,11065243086567118958,0.6295180722891566,0.6310240963855421,-0.001506024096385561,0.5657168650905603,0.5667607064266772,-0.0010438413361169019,0.35944700460829493,0.3611111111111111,-0.0016641065028161761,0.42162162162162165,0.42162162162162165,0.0,0.3880597014925373,0.38902743142144636,-0.0009677299289090335,0.6075156576200418,0.6085397506065564,-0.0010240929865146242,0.4248495663195855,0.4256324490020353,-0.0007828826824498036
Random Forest,returns,0.2,5,11065243086567118958,0.6935240963855421,0.6912650602409639,0.0022590361445782303,0.5851972013767421,0.581972578005981,0.003224623370761126,0.4359861591695502,0.4305555555555556,0.005430603613994611,0.34054054054054056,0.33513513513513515,0.005405405405405406,0.38239757207890746,0.3768996960486322,0.005497876030275239,0.5833380353213339,0.5857783670936072,-0.0024403317722733187,0.4320047066000814,0.43292810016394984,-0.0009233935638684465
Logistic Regression,returns,0.2,6,11389554655099865982,0.6295180722891566,0.6280120481927711,0.0015060240963854499,0.5657168650905603,0.5663318851210292,-0.0006150200304688713,0.35944700460829493,0.35909090909090907,0.0003560955173858571,0.42162162162162165,0.42702702702702705,-0.005405405405405406,0.3880597014925373,0.39012345679012345,-0.002063755297586123,0.6075156576200418,0.6073266377024207,0.0001890199176211027,0.4248495663195855,0.42534940028155144,-0.0004998339619659564
Random Forest,returns,0.2,6,11389554655099865982,0.6935240963855421,0.697289156626506,-0.0037650602409639022,0.5851972013767421,0.5861479433504486,-0.0009507419737064815,0.4359861591695502,0.44285714285714284,-0.006870983687592647,0.34054054054054056,0.33513513513513515,0.005405405405405406,0.38239757207890746,0.38153846153846155,0.0008591105404459065,0.5833380353213339,0.5846555323590814,-0.0013174970377475281,0.4320047066000814,0.4314501696075963,0.0005545369924850885
Logistic Regression,returns,0.2,7,2972746288603723761,0.6295180722891566,0.6310240963855421,-0.001506024096385561,0.5657168650905603,0.5675901371099701,-0.0018732720194097885,0.35944700460829493,0.3617511520737327,-0.002304147465437778,0.42162162162162165,0.4243243243243243,-0.002702702702702675,0.3880597014925373,0.39054726368159204,-0.002487562189054715,0.6075156576200418,0.6094538170738588,-0.0019381594538170344,0.4248495663195855,0.4255984213805822,-0.0007488550609967004
Random Forest,returns,0.2,7,2972746288603723761,0.6935240963855421,0.6957831325301205,-0.0022590361445783413,0.5851972013767421,0.5842746713310387,0.000922530045703418,0.4359861591695502,0.4392857142857143,-0.003299555116164088,0.34054054054054056,0.3324324324324324,0.008108108108108136,0.38239757207890746,0.37846153846153846,0.003936033617368995,0.5833380353213339,0.5836116910229645,-0.00027365570163062625,0.4320047066000814,0.4313089526832269,0.0006957539168545024
Logistic Regression,returns,0.2,8,6335149596288892532,0.6295180722891566,0.6280120481927711,0.0015060240963854499,0.5657168650905603,0.5655024544377363,0.00021441065282401528,0.35944700460829493,0.3584474885844749,0.0009995160238200351,0.42162162162162165,0.4243243243243243,-0.002702702702702675,0.3880597014925373,0.3886138613861386,-0.0005541598936013026,0.6075156576200418,0.6070727303503921,0.00044292726964967333,0.4248495663195855,0.42380411894499215,0.0010454473745933335
Random Forest,returns,0.2,8,6335149596288892532,0.6935240963855421,0.697289156626506,-0.0037650602409639022,0.5851972013767421,0.5861479433504486,-0.0009507419737064815,0.4359861591695502,0.44285714285714284,-0.006870983687592647,0.34054054054054056,0.33513513513513515,0.005405405405405406,0.38239757207890746,0.38153846153846155,0.0008591105404459065,0.5833380353213339,0.584455227670259,-0.0011171923489251556,0.4320047066000814,0.43311746147892116,-0.0011127548788397723
Logistic Regression,returns,0.2,9,15305894849145385447,0.6295180722891566,0.6302710843373494,-0.0007530120481927804,0.5657168650905603,0.5678976471252045,-0.002180782034644224,0.35944700460829493,0.36155606407322655,-0.0021090594649316174,0.42162162162162165,0.42702702702702705,-0.005405405405405406,0.3880597014925373,0.3915737298636927,-0.0035140283711553866,0.6075156576200418,0.6064323195847203,0.0010833380353214572,0.4248495663195855,0.4229162495371944,0.001933316782391059
Random Forest,returns,0.2,9,15305894849145385447,0.6935240963855421,0.6987951807228916,-0.005271084337349463,0.5851972013767421,0.5896800767364442,-0.004482875359702043,0.4359861591695502,0.4471830985915493,-0.01119693942199912,0.34054054054054056,0.34324324324324323,-0.002702702702702675,0.38239757207890746,0.38837920489296635,-0.00598163281405889,0.5833380353213339,0.5847260621790893,-0.001388026857755409,0.4320047066000814,0.43514318565617216,-0.0031384790560907705
Logistic Regression,returns,0.2,10,10708923919930889124,0.6295180722891566,0.6302710843373494,-0.0007530120481927804,0.5657168650905603,0.5662387857586187,-0.0005219206680584509,0.35944700460829493,0.36027713625866054,-0.0008301316503656064,0.42162162162162165,0.42162162162162165,0.0,0.3880597014925373,0.38854296388542964,-0.0004832623928923141,0.6075156576200418,0.6072166111832082,0.0002990464368335388,0.4248495663195855,0.42507644825098195,-0.00022688193139647206
Random Forest,returns,0.2,10,10708923919930889124,0.6935240963855421,0.6920180722891566,0.001506024096385561,0.5851972013767421,0.5833239293573322,0.0018732720194098995,0.4359861591695502,0.43252595155709345,0.003460207612456745,0.34054054054054056,0.33783783783783783,0.0027027027027027306,0.38239757207890746,0.37936267071320184,0.003034901365705611,0.5833380353213339,0.5847570952998928,-0.0014190599785589564,0.4320047066000814,0.43280094095276134,-0.0007962343526799476
Logistic Regression,returns,0.2,11,2897734966139746082,0.6295180722891566,0.6355421686746988,-0.006024096385542244,0.5657168650905603,0.5723805224849066,-0.006663657394346267,0.35944700460829493,0.3680555555555556,-0.008608550947260651,0.42162162162162165,0.4297297297297297,-0.00810810810810808,0.3880597014925373,0.39650872817955113,-0.008449026687013805,0.6075156576200418,0.6080009027816962,-0.0004852451616543796,0.4248495663195855,0.4248218591663896,2.7707153195888345e-05
Random Forest,returns,0.2,11,2897734966139746082,0.6935240963855421,0.6987951807228916,-0.005271084337349463,0.5851972013767421,0.5888506460531513,-0.0036534446764091566,0.4359861591695502,0.44680851063829785,-0.01082235146874766,0.34054054054054056,0.34054054054054056,0.0,0.38239757207890746,0.38650306748466257,-0.004105495405755111,0.5833380353213339,0.5831010551261073,0.0002369801952265549,0.4320047066000814,0.43386761349049835,-0.00186290689041696
Logistic Regression,returns,0.2,12,12651949793864159714,0.6295180722891566,0.6287650602409639,0.0007530120481926694,0.5657168650905603,0.5668538057890876,-0.0011369406985273223,0.35944700460829493,0.35990888382687924,-0.0004618792185843157,0.42162162162162165,0.42702702702702705,-0.005405405405405406,0.3880597014925373,0.39060568603213847,-0.0025459845396011427,0.6075156576200418,0.607687750380861,-0.000172092760819198,0.4248495663195855,0.42477036175347177,7.920456611371085e-05
Random Forest,returns,0.2,12,12651949793864159714,0.6935240963855421,0.6942771084337349,-0.0007530120481927804,0.5851972013767421,0.5848896913615076,0.0003075100152345467,0.4359861591695502,0.4370629370629371,-0.0010767778933868932,0.34054054054054056,0.33783783783783783,0.0027027027027027306,0.38239757207890746,0.38109756097560976,0.0013000111032976935,0.5833380353213339,0.5877447384754274,-0.0044067031540935275,0.4320047066000814,0.4342166083915395,-0.0022119017914581374
Logistic Regression,returns,0.2,13,7472398313614436250,0.6295180722891566,0.6287650602409639,0.0007530120481926694,0.5657168650905603,0.564365513739209,0.0013513513513513375,0.35944700460829493,0.3579676674364896,0.0014793371718053172,0.42162162162162165,0.4189189189189189,0.0027027027027027306,0.3880597014925373,0.386052303860523,0.002007397632014296,0.6075156576200418,0.6061671274614907,0.0013485301585510756,0.4248495663195855,0.4237064778925395,0.0011430884270459685
Random Forest,returns,0.2,13,7472398313614436250,0.6935240963855421,0.6935240963855421,0.0,0.5851972013767421,0.5835383400101564,0.0016588613665857732,0.4359861591695502,0.43508771929824563,0.0008984398713045572,0.34054054054054056,0.33513513513513515,0.005405405405405406,0.38239757207890746,0.3786259541984733,0.003771617880434175,0.5833380353213339,0.5810697963098799,0.0022682390114540096,0.4320047066000814,0.4324791033646195,-0.00047439676453808755
Logistic Regression,returns,0.2,14,12076888804139126233,0.6295180722891566,0.6280120481927711,0.0015060240963854499,0.5657168650905603,0.5646730237544434,0.0010438413361169019,0.35944700460829493,0.3577981651376147,0.00164883947068023,0.42162162162162165,0.42162162162162165,0.0,0.3880597014925373,0.3870967741935484,0.000962927298988947,0.6075156576200418,0.6083591942673362,-0.0008435366472944184,0.4248495663195855,0.42571809349061207,-0.0008685271710265896
Random Forest,returns,0.2,14,12076888804139126233,0.6935240963855421,0.6890060240963856,0.004518072289156572,0.5851972013767421,0.5787479546352198,0.006449246741522363,0.4359861591695502,0.4250871080139373,0.010899051155612904,0.34054054054054056,0.32972972972972975,0.010810810810810811,0.38239757207890746,0.3713850837138508,0.011012488365056639,0.5833380353213339,0.5837668566269819,-0.00042882130564803056,0.4320047066000814,0.43463130400138883,-0.00262659740130744
Logistic Regression,returns,0.2,15,3477500942628461992,0.6295180722891566,0.6265060240963856,0.0030120481927710108,0.5657168650905603,0.5636291824183265,0.0020876826722338038,0.35944700460829493,0.3561643835616438,0.003282621046651113,0.42162162162162165,0.42162162162162165,0.0,0.3880597014925373,0.38613861386138615,0.0019210876311511749,0.6075156576200418,0.6077611013936692,-0.00024544377362745173,0.4248495663195855,0.4244310148953725,0.0004185514242129873
Random Forest,returns,0.2,15,3477500942628461992,0.6935240963855421,0.7063253012048193,-0.012801204819277157,0.5851972013767421,0.5965581447836146,-0.011360943406872437,0.4359861591695502,0.46402877697841727,-0.028042617808867076,0.34054054054054056,0.34864864864864864,-0.00810810810810808,0.38239757207890746,0.39814814814814814,-0.015750576069240685,0.5833380353213339,0.5886108446651244,-0.0052728093437904855,0.4320047066000814,0.43465859916224353,-0.002653892562162141
Logistic Regression,returns,0.2,16,504868815514664899,0.6295180722891566,0.6280120481927711,0.0015060240963854499,0.5657168650905603,0.5663318851210292,-0.0006150200304688713,0.35944700460829493,0.35909090909090907,0.0003560955173858571,0.42162162162162165,0.42702702702702705,-0.005405405405405406,0.3880597014925373,0.39012345679012345,-0.002063755297586123,0.6075156576200418,0.607374597980026,0.00014105964001576154,0.4248495663195855,0.42457727767110337,0.00027228864848211076
Random Forest,returns,0.2,16,504868815514664899,0.6935240963855421,0.7010542168674698,-0.0075301204819276935,0.5851972013767421,0.5920752694239124,-0.006878068047170283,0.4359861591695502,0.45229681978798586,-0.01631066061843567,0.34054054054054056,0.34594594594594597,-0.005405405405405406,0.38239757207890746,0.39203675344563554,-0.009639181366728089,0.5833380353213339,0.5842267110534334,-0.0008886757320994976,0.4320047066000814,0.4337721314577468,-0.0017674248576654006
Logistic Regression,returns,0.2,17,3035310445145068481,0.6295180722891566,0.6310240963855421,-0.001506024096385561,0.5657168650905603,0.5667607064266772,-0.0010438413361169019,0.35944700460829493,0.3611111111111111,-0.0016641065028161761,0.42162162162162165,0.42162162162162165,0.0,0.3880597014925373,0.38902743142144636,-0.0009677299289090335,0.6075156576200418,0.6078739491056819,-0.0003582914856401498,0.4248495663195855,0.42505838310019367,-0.00020881678060818976
Random Forest,returns,0.2,17,3035310445145068481,0.6935240963855421,0.7010542168674698,-0.0075301204819276935,0.5851972013767421,0.5937341307904982,-0.008536929413756056,0.4359861591695502,0.4529616724738676,-0.016975513304317402,0.34054054054054056,0.35135135135135137,-0.010810810810810811,0.38239757207890746,0.395738203957382,-0.013340631878474563,0.5833380353213339,0.5897647125204537,-0.0064266771991198235,0.4320047066000814,0.43756356201853197,-0.005558855418450581
Logistic Regression,returns,0.2,18,17067025774827697147,0.6295180722891566,0.6280120481927711,0.0015060240963854499,0.5657168650905603,0.5638435930711505,0.0018732720194097885,0.35944700460829493,0.35714285714285715,0.002304147465437778,0.42162162162162165,0.4189189189189189,0.0027027027027027306,0.3880597014925373,0.3855721393034826,0.002487562189054715,0.6075156576200418,0.6058229419398522,0.0016927156801895826,0.4248495663195855,0.4239443139892372,0.0009052523303482718
Random Forest,returns,0.2,18,17067025774827697147,0.6935240963855421,0.6965361445783133,-0.003012048192771122,0.5851972013767421,0.5864554533656829,-0.0012582519889408061,0.4359861591695502,0.4416961130742049,-0.00570995390465473,0.34054054054054056,0.33783783783783783,0.0027027027027027306,0.38239757207890746,0.38284839203675347,-0.0004508199578460159,0.5833380353213339,0.5835778367093607,-0.00023980138802681683,0.4320047066000814,0.4339037533113427,-0.0018990467112612874
Logistic Regression,returns,0.2,19,1695113513058951196,0.6295180722891566,0.6302710843373494,-0.0007530120481927804,0.5657168650905603,0.5687270778084974,-0.0030102127179371108,0.35944700460829493,0.3621867881548975,-0.002739783546602592,0.42162162162162165,0.4297297297297297,-0.00810810810810808,0.3880597014925373,0.3930778739184178,-0.005018172425880485,0.6075156576200418,0.6083422671105343,-0.0008266094904925136,0.4248495663195855,0.4250104921026604,-0.00016092578307491667
Random Forest,returns,0.2,19,1695113513058951196,0.6935240963855421,0.6920180722891566,0.001506024096385561,0.5851972013767421,0.5833239293573322,0.0018732720194098995,0.4359861591695502,0.43252595155709345,0.003460207612456745,0.34054054054054056,0.33783783783783783,0.0027027027027027306,0.38239757207890746,0.37936267071320184,0.003034901365705611,0.5833380353213339,0.583205439259719,0.0001325960616148647,0.4320047066000814,0.4332434582368121,-0.001238751636730706
Logistic Regression,returns,0.2,20,6703985376249443386,0.6295180722891566,0.6325301204819277,-0.003012048192771122,0.5657168650905603,0.5702928398126728,-0.004575974722112464,0.35944700460829493,0.3646788990825688,-0.005231894474273857,0.42162162162162165,0.4297297297297297,-0.00810810810810808,0.3880597014925373,0.3945409429280397,-0.006481241435502383,0.6075156576200418,0.6084212605089432,-0.0009056028889014023,0.4248495663195855,0.4258008237735514,-0.0009512574539659036
Random Forest,returns,0.2,20,6703985376249443386,0.6935240963855421,0.7033132530120482,-0.009789156626506035,0.5851972013767421,0.591982170061502,-0.006784968684759862,0.4359861591695502,0.45652173913043476,-0.020535579960884565,0.34054054054054056,0.34054054054054056,0.0,0.38239757207890746,0.39009287925696595,-0.007695307178058497,0.5833380353213339,0.5850053602663206,-0.00166732494498667,0.4320047066000814,0.4341562024879123,-0.002151495887830923
Logistic Regression,returns,0.2,21,14514216994856815246,0.6295180722891566,0.6340361445783133,-0.004518072289156683,0.5657168650905603,0.5696778197822039,-0.003960954691643592,0.35944700460829493,0.36511627906976746,-0.005669274461472529,0.42162162162162165,0.4243243243243243,-0.002702702702702675,0.3880597014925373,0.3925,-0.004440298507462692,0.6075156576200418,0.6082971280257292,-0.0007814704056874344,0.4248495663195855,0.4244653850431376,0.00038418127644790356
Random Forest,returns,0.2,21,14514216994856815246,0.6935240963855421,0.6987951807228916,-0.005271084337349463,0.5851972013767421,0.5888506460531513,-0.0036534446764091566,0.4359861591695502,0.44680851063829785,-0.01082235146874766,0.34054054054054056,0.34054054054054056,0.0,0.38239757207890746,0.38650306748466257,-0.004105495405755111,0.5833380353213339,0.5843649495006489,-0.0010269141793149972,0.4320047066000814,0.4343043168518044,-0.0022996102517229833
Logistic Regression,returns,0.2,22,5437642455654873792,0.6295180722891566,0.6280120481927711,0.0015060240963854499,0.5657168650905603,0.5646730237544434,0.0010438413361169019,0.35944700460829493,0.3577981651376147,0.00164883947068023,0.42162162162162165,0.42162162162162165,0.0,0.3880597014925373,0.3870967741935484,0.000962927298988947,0.6075156576200418,0.6066100547311403,0.0009056028889015133,0.4248495663195855,0.42467804015127186,0.00017152616831361822
Random Forest,returns,0.2,22,5437642455654873792,0.6935240963855421,0.7010542168674698,-0.0075301204819276935,0.5851972013767421,0.5887575466907409,-0.003560345313998736,0.4359861591695502,0.4509090909090909,-0.014922931739540735,0.34054054054054056,0.33513513513513515,0.005405405405405406,0.38239757207890746,0.38449612403100775,-0.0020985519521002916,0.5833380353213339,0.5843988038142527,-0.0010607684929188066,0.4320047066000814,0.431975972447192,2.8734152889398068e-05
Logistic Regression,returns,0.2,23,457960387768534496,0.6295180722891566,0.6317771084337349,-0.0022590361445783413,0.5657168650905603,0.5689414884613214,-0.003224623370761126,0.35944700460829493,0.3632183908045977,-0.003771386196302795,0.42162162162162165,0.42702702702702705,-0.005405405405405406,0.3880597014925373,0.39254658385093166,-0.00448688235839434,0.6075156576200418,0.6081447836145122,-0.0006291259944704031,0.4248495663195855,0.4250095896635234,-0.00016002334393794282
Random Forest,returns,0.2,23,457960387768534496,0.6935240963855421,0.7010542168674698,-0.0075301204819276935,0.5851972013767421,0.5920752694239124,-0.006878068047170283,0.4359861591695502,0.45229681978798586,-0.01631066061843567,0.34054054054054056,0.34594594594594597,-0.005405405405405406,0.38239757207890746,0.39203675344563554,-0.009639181366728089,0.5833380353213339,0.5838345652541894,-0.0004965299328555384,0.4320047066000814,0.43402815407854006,-0.002023447478458673
Logistic Regression,returns,0.2,24,16346995220437381450,0.6295180722891566,0.6295180722891566,0.0,0.5657168650905603,0.568205157140439,-0.00248829204987866,0.35944700460829493,0.3613636363636364,-0.001916631755341458,0.42162162162162165,0.4297297297297297,-0.00810810810810808,0.3880597014925373,0.3925925925925926,-0.004532891100055281,0.6075156576200418,0.608017829938498,-0.0005021723184561733,0.4248495663195855,0.4257262889896833,-0.000876722670097807
Random Forest,returns,0.2,24,16346995220437381450,0.6935240963855421,0.6942771084337349,-0.0007530120481927804,0.5851972013767421,0.5832308299949218,0.00196637138182032,0.4359861591695502,0.43617021276595747,-0.00018405359640727426,0.34054054054054056,0.3324324324324324,0.008108108108108136,0.38239757207890746,0.3773006134969325,0.005096958581974953,0.5833380353213339,0.5830587372341025,0.00027929808723137217,0.4320047066000814,0.4311039155989206,0.0009007910011608056
Logistic Regression,returns,0.2,25,13691925717551200684,0.6295180722891566,0.6265060240963856,0.0030120481927710108,0.5657168650905603,0.5619703210517407,0.003746544038819577,0.35944700460829493,0.3548387096774194,0.004608294930875556,0.42162162162162165,0.41621621621621624,0.005405405405405406,0.3880597014925373,0.38308457711442784,0.004975124378109486,0.6075156576200418,0.6061784122326919,0.0013372453873499168,0.4248495663195855,0.4242175989514897,0.0006319673680957871
Random Forest,returns,0.2,25,13691925717551200684,0.6935240963855421,0.697289156626506,-0.0037650602409639022,0.5851972013767421,0.5861479433504486,-0.0009507419737064815,0.4359861591695502,0.44285714285714284,-0.006870983687592647,0.34054054054054056,0.33513513513513515,0.005405405405405406,0.38239757207890746,0.38153846153846155,0.0008591105404459065,0.5833380353213339,0.5809710545618687,0.002366980759465176,0.4320047066000814,0.430379681040181,0.001625025559900406
Logistic Regression,returns,0.2,26,1659721426643069078,0.6295180722891566,0.6295180722891566,0.0,0.5657168650905603,0.569034587823732,-0.0033177227331716574,0.35944700460829493,0.36199095022624433,-0.0025439456179494058,0.42162162162162165,0.43243243243243246,-0.010810810810810811,0.3880597014925373,0.39408866995073893,-0.006028968458201611,0.6075156576200418,0.6060288890142753,0.0014867686057664642,0.4248495663195855,0.42429241248194055,0.0005571538376449303
Random Forest,returns,0.2,26,1659721426643069078,0.6935240963855421,0.6987951807228916,-0.005271084337349463,0.5851972013767421,0.5863623540032726,-0.0011651526265304968,0.4359861591695502,0.44565217391304346,-0.009666014743493268,0.34054054054054056,0.3324324324324324,0.008108108108108136,0.38239757207890746,0.38080495356037153,0.0015926185185359265,0.5833380353213339,0.5862128307848558,-0.002874795463521873,0.4320047066000814,0.43232373151932263,-0.00031902491924123977
Logistic Regression,returns,0.2,27,10658273057552939122,0.6295180722891566,0.6325301204819277,-0.003012048192771122,0.5657168650905603,0.5694634091293799,-0.003746544038819577,0.35944700460829493,0.3640552995391705,-0.004608294930875556,0.42162162162162165,0.42702702702702705,-0.005405405405405406,0.3880597014925373,0.39303482587064675,-0.00497512437810943,0.6075156576200418,0.6083281611465328,-0.0008125035264909819,0.4248495663195855,0.4250434939619331,-0.00019392764234760218
Random Forest,returns,0.2,27,10658273057552939122,0.6935240963855421,0.6987951807228916,-0.005271084337349463,0.5851972013767421,0.5888506460531513,-0.0036534446764091566,0.4359861591695502,0.44680851063829785,-0.01082235146874766,0.34054054054054056,0.34054054054054056,0.0,0.38239757207890746,0.38650306748466257,-0.004105495405755111,0.5833380353213339,0.5813801275179146,0.001957907803419312,0.4320047066000814,0.4309627308085512,0.001041975791530203
Logistic Regression,returns,0.2,28,13298827766044723025,0.6295180722891566,0.6265060240963856,0.0030120481927710108,0.5657168650905603,0.5669469051514981,-0.0012300400609378537,0.35944700460829493,0.35874439461883406,0.0007026099894608673,0.42162162162162165,0.43243243243243246,-0.010810810810810811,0.3880597014925373,0.39215686274509803,-0.00409716125256071,0.6075156576200418,0.6078880550696835,-0.00037239744964168153,0.4248495663195855,0.4254964854251554,-0.0006469191055699097
Random Forest,returns,0.2,28,13298827766044723025,0.6935240963855421,0.697289156626506,-0.0037650602409639022,0.5851972013767421,0.5886362354003273,-0.0034390340235851413,0.4359861591695502,0.44405594405594406,-0.008069784886393871,0.34054054054054056,0.34324324324324323,-0.002702702702702675,0.38239757207890746,0.3871951219512195,-0.004797549872312068,0.5833380353213339,0.5877560232466286,-0.004417987925294686,0.4320047066000814,0.4324812477135146,-0.00047654111343320427
Logistic Regression,returns,0.2,29,13451059941564099215,0.6295180722891566,0.6295180722891566,0.0,0.5657168650905603,0.5657168650905603,0.0,0.35944700460829493,0.35944700460829493,0.0,0.42162162162162165,0.42162162162162165,0.0,0.3880597014925373,0.3880597014925373,0.0,0.6075156576200418,0.608000902781696,-0.00048524516165426856,0.4248495663195855,0.42496566927407964,-0.0001161029544941572
Random Forest,returns,0.2,29,13451059941564099215,0.6935240963855421,0.6905120481927711,0.0030120481927710108,0.5851972013767421,0.5839389493878011,0.0012582519889410282,0.4359861591695502,0.43050847457627117,0.00547768459327902,0.34054054054054056,0.34324324324324323,-0.002702702702702675,0.38239757207890746,0.3819548872180451,0.00044268486086235237,0.5833380353213339,0.5822208429724087,0.0011171923489251556,0.4320047066000814,0.4331292755985149,-0.001124568998433495
Logistic Regression,returns,0.5,0,3028981507783126191,0.6295180722891566,0.6325301204819277,-0.003012048192771122,0.5657168650905603,0.5719517011792585,-0.006234836088698237,0.35944700460829493,0.3659090909090909,-0.006462086300795977,0.42162162162162165,0.43513513513513513,-0.013513513513513487,0.3880597014925373,0.39753086419753086,-0.009471162704993541,0.6075156576200418,0.6103594199627603,-0.0028437623427185477,0.4248495663195855,0.42451993051230874,0.00032963580727674024
Random Forest,returns,0.5,0,3028981507783126191,0.6935240963855421,0.7003012048192772,-0.006777108433735024,0.5851972013767421,0.583259041922925,0.0019381594538171454,0.4359861591695502,0.44696969696969696,-0.01098353780014677,0.34054054054054056,0.31891891891891894,0.021621621621621623,0.38239757207890746,0.3722397476340694,0.010157824444838037,0.5833380353213339,0.5878942616938442,-0.004556226372510297,0.4320047066000814,0.43582078288360115,-0.003816076283519765
Logistic Regression,returns,0.5,1,8752894325936550185,0.6295180722891566,0.6227409638554217,0.006777108433734913,0.5657168650905603,0.56267844044462,0.0030384246459402853,0.35944700460829493,0.3534675615212528,0.0059794430870421245,0.42162162162162165,0.42702702702702705,-0.005405405405405406,0.3880597014925373,0.386780905752754,0.001278795739783345,0.6075156576200418,0.6061812334254923,0.0013344241945494328,0.4248495663195855,0.4240605005183511,0.0007890658012343899
Random Forest,returns,0.5,1,8752894325936550185,0.6935240963855421,0.6995481927710844,-0.006024096385542244,0.5851972013767421,0.5802488292049879,0.004948372171754256,0.4359861591695502,0.444015444015444,-0.008029284845893825,0.34054054054054056,0.3108108108108108,0.02972972972972976,0.38239757207890746,0.3656597774244833,0.016737794654424154,0.5833380353213339,0.5886616261355302,-0.005323590814196311,0.4320047066000814,0.43379314697219784,-0.001788440372116451
Logistic Regression,returns,0.5,2,375750985423881850,0.6295180722891566,0.6332831325301205,-0.0037650602409639022,0.5657168650905603,0.5741324832139029,-0.008415618123342572,0.35944700460829493,0.36794582392776526,-0.00849881931947033,0.42162162162162165,0.44054054054054054,-0.018918918918918892,0.3880597014925373,0.4009840098400984,-0.012924308347561086,0.6075156576200418,0.6062856175591039,0.0012300400609378537,0.4248495663195855,0.4255421559281969,-0.0006925896086114047
Random Forest,returns,0.5,2,375750985423881850,0.6935240963855421,0.6965361445783133,-0.003012048192771122,0.5851972013767421,0.5823082999492186,0.002888901427523516,0.4359861591695502,0.43956043956043955,-0.0035742803908893617,0.34054054054054056,0.32432432432432434,0.016216216216216217,0.38239757207890746,0.37325038880248834,0.009147183276419113,0.5833380353213339,0.5820910681035942,0.0012469672177396474,0.4320047066000814,0.4317169155711162,0.0002877910289652008
Logistic Regression,returns,0.5,3,1496896622768429928,0.6295180722891566,0.6317771084337349,-0.0022590361445783413,0.5657168650905603,0.5706003498279073,-0.00488348473734701,0.35944700460829493,0.36446469248291574,-0.005017687874620813,0.42162162162162165,0.43243243243243246,-0.010810810810810811,0.3880597014925373,0.39555006180469715,-0.007490360312159827,0.6075156576200418,0.6070670879647915,0.00044856965525030823,0.4248495663195855,0.4262949680329112,-0.0014454017133257446
Random Forest,returns,0.5,3,1496896622768429928,0.6935240963855421,0.7018072289156626,-0.008283132530120474,0.5851972013767421,0.5925971900919709,-0.007399988715228734,0.4359861591695502,0.45390070921985815,-0.017914550050307954,0.34054054054054056,0.34594594594594597,-0.005405405405405406,0.38239757207890746,0.39263803680981596,-0.010240464730908505,0.5833380353213339,0.5885374936523162,-0.005199458330982343,0.4320047066000814,0.43613918195404017,-0.0041344753539587775
Logistic Regression,returns,0.5,4,593812326331919724,0.6295180722891566,0.6272590361445783,0.0022590361445782303,0.5657168650905603,0.5674688258195566,-0.0017519607289963046,0.35944700460829493,0.3595505617977528,-0.00010355718945787018,0.42162162162162165,0.43243243243243246,-0.010810810810810811,0.3880597014925373,0.39263803680981596,-0.004578335317278637,0.6075156576200418,0.6073774191728262,0.00013823844721561063,0.4248495663195855,0.42437553864132427,0.00047402767826121295
Random Forest,returns,0.5,4,593812326331919724,0.6935240963855421,0.6935240963855421,0.0,0.5851972013767421,0.5818794786435705,0.0033177227331716574,0.4359861591695502,0.43416370106761565,0.0018224581019345432,0.34054054054054056,0.32972972972972975,0.010810810810810811,0.38239757207890746,0.37480798771121354,0.007589584367693913,0.5833380353213339,0.5915928454550584,-0.008254810133724533,0.4320047066000814,0.43394025567561,-0.0019355490755286198
Logistic Regression,returns,0.5,5,2339341379428856350,0.6295180722891566,0.6340361445783133,-0.004518072289156683,0.5657168650905603,0.5729955425153754,-0.007278677424815139,0.35944700460829493,0.3675799086757991,-0.008132904067504165,0.42162162162162165,0.43513513513513513,-0.013513513513513487,0.3880597014925373,0.39851485148514854,-0.010455149992611212,0.6075156576200418,0.6095158833154658,-0.0020002256954240183,0.4248495663195855,0.42683056705350975,-0.0019810007339242652
Random Forest,returns,0.5,5,2339341379428856350,0.6935240963855421,0.6957831325301205,-0.0022590361445783413,0.5851972013767421,0.5834452406477458,0.0017519607289963046,0.4359861591695502,0.43884892086330934,-0.0028627616937591527,0.34054054054054056,0.32972972972972975,0.010810810810810811,0.38239757207890746,0.3765432098765432,0.005854362202364238,0.5833380353213339,0.5849037973255092,-0.0015657620041753528,0.4320047066000814,0.43123352035744233,0.0007711862426390548
Logistic Regression,returns,0.5,6,11643453429268668585,0.6295180722891566,0.625,0.004518072289156572,0.5657168650905603,0.5683913558652598,-0.0026744907746995006,0.35944700460829493,0.3590308370044053,0.0004161676038896278,0.42162162162162165,0.44054054054054054,-0.018918918918918892,0.3880597014925373,0.39563106796116504,-0.007571366468627716,0.6075156576200418,0.6069429554815775,0.0005727021384642761,0.4248495663195855,0.4254252452641588,-0.0005756789445733324
Random Forest,returns,0.5,6,11643453429268668585,0.6935240963855421,0.6935240963855421,0.0,0.5851972013767421,0.5785617559103989,0.006635445466343204,0.4359861591695502,0.43223443223443225,0.0037517269351179383,0.34054054054054056,0.31891891891891894,0.021621621621621623,0.38239757207890746,0.36702954898911355,0.015368023089793903,0.5833380353213339,0.582652485470857,0.0006855498504768631,0.4320047066000814,0.4272932205240307,0.004711486076050708
Logistic Regression,returns,0.5,7,7041226796895360434,0.6295180722891566,0.6340361445783133,-0.004518072289156683,0.5657168650905603,0.5754838345652542,-0.00976696947469391,0.35944700460829493,0.36936936936936937,-0.009922364761074443,0.42162162162162165,0.44324324324324327,-0.021621621621621623,0.3880597014925373,0.40294840294840295,-0.014888701455865627,0.6075156576200418,0.6120605992213508,-0.004544941601309027,0.4248495663195855,0.42667226797605473,-0.00182270165646925
Random Forest,returns,0.5,7,7041226796895360434,0.6935240963855421,0.6897590361445783,0.003765060240963791,0.5851972013767421,0.5759521525701067,0.009245048806635459,0.4359861591695502,0.4244604316546763,0.011525727514873907,0.34054054054054056,0.31891891891891894,0.021621621621621623,0.38239757207890746,0.36419753086419754,0.018200041214709917,0.5833380353213339,0.5826440218924561,0.00069401342887776,0.4320047066000814,0.43004006639742615,0.0019646402026552434
Logistic Regression,returns,0.5,8,6173315223331997829,0.6295180722891566,0.625,0.004518072289156572,0.5657168650905603,0.5659030638153811,-0.00018619872482084077,0.35944700460829493,0.35714285714285715,0.002304147465437778,0.42162162162162165,0.43243243243243246,-0.010810810810810811,0.3880597014925373,0.39119804400978,-0.003138342517242654,0.6075156576200418,0.6066580150087457,0.0008576426112960611,0.4248495663195855,0.423628996737365,0.0012205695822204987
Random Forest,returns,0.5,8,6173315223331997829,0.6935240963855421,0.6980421686746988,-0.004518072289156683,0.5851972013767421,0.5858404333352141,-0.0006432319584719348,0.4359861591695502,0.44404332129963897,-0.00805716213008878,0.34054054054054056,0.3324324324324324,0.008108108108108136,0.38239757207890746,0.3802163833075734,0.0021811887713340528,0.5833380353213339,0.5832618631157254,7.617220560851568e-05,0.4320047066000814,0.43270455994108636,-0.0006998533410049745
Logistic Regression,returns,0.5,9,2194289556859023977,0.6295180722891566,0.6287650602409639,0.0007530120481926694,0.5657168650905603,0.5668538057890876,-0.0011369406985273223,0.35944700460829493,0.35990888382687924,-0.0004618792185843157,0.42162162162162165,0.42702702702702705,-0.005405405405405406,0.3880597014925373,0.39060568603213847,-0.0025459845396011427,0.6075156576200418,0.6046972860125261,0.002818371607515635,0.4248495663195855,0.4207707374050002,0.004078828914585275
Random Forest,returns,0.5,9,2194289556859023977,0.6935240963855421,0.6927710843373494,0.0007530120481927804,0.5851972013767421,0.5780398352423405,0.007157366134401655,0.4359861591695502,0.4306569343065693,0.005329224862980875,0.34054054054054056,0.31891891891891894,0.021621621621621623,0.38239757207890746,0.36645962732919257,0.015937944749714883,0.5833380353213339,0.5837104327709756,-0.00037239744964168153,0.4320047066000814,0.4357671742792496,-0.0037624676791682132
Logistic Regression,returns,0.5,10,319073101315769187,0.6295180722891566,0.634789156626506,-0.005271084337349463,0.5657168650905603,0.5710291711335552,-0.00531230604299493,0.35944700460829493,0.3665893271461717,-0.007142322537876777,0.42162162162162165,0.42702702702702705,-0.005405405405405406,0.3880597014925373,0.3945068664169788,-0.006447164924441473,0.6075156576200418,0.6062799751735034,0.0012356824465383776,0.4248495663195855,0.42552902875245496,-0.000679462432869482
Random Forest,returns,0.5,10,319073101315769187,0.6935240963855421,0.6927710843373494,0.0007530120481927804,0.5851972013767421,0.5805281272922191,0.004669074084522995,0.4359861591695502,0.43214285714285716,0.0038433020266930296,0.34054054054054056,0.327027027027027,0.013513513513513542,0.38239757207890746,0.3723076923076923,0.010089879771215171,0.5833380353213339,0.5913981831518366,-0.008060147830502684,0.4320047066000814,0.43749966292754944,-0.005494956327468048
Logistic Regression,returns,0.5,11,13666562085155973839,0.6295180722891566,0.6332831325301205,-0.0037650602409639022,0.5657168650905603,0.5699853297974383,-0.004268464706878028,0.35944700460829493,0.3648960739030023,-0.005449069294707398,0.42162162162162165,0.42702702702702705,-0.005405405405405406,0.3880597014925373,0.39352428393524286,-0.0054645824427055345,0.6075156576200418,0.6082830220617277,-0.0007673644416859027,0.4248495663195855,0.4241265657099266,0.0007230006096589081
Random Forest,returns,0.5,11,13666562085155973839,0.6935240963855421,0.7010542168674698,-0.0075301204819276935,0.5851972013767421,0.5862692546408621,-0.0010720532641199654,0.4359861591695502,0.44981412639405205,-0.013827967224501858,0.34054054054054056,0.327027027027027,0.013513513513513542,0.38239757207890746,0.37871674491392804,0.0036808271649794166,0.5833380353213339,0.5843903402358517,-0.0010523049145177987,0.4320047066000814,0.4345198949033553,-0.0025151883032739075
Logistic Regression,returns,0.5,12,7366649949707987251,0.6295180722891566,0.6302710843373494,-0.0007530120481927804,0.5657168650905603,0.5712153698583762,-0.005498504767815882,0.35944700460829493,0.36404494382022473,-0.004597939211929802,0.42162162162162165,0.43783783783783786,-0.016216216216216217,0.3880597014925373,0.39754601226993863,-0.009486310777401308,0.6075156576200418,0.6082519889409241,-0.0007363313208823552,0.4248495663195855,0.4252930233994797,-0.0004434570798942383
Random Forest,returns,0.5,12,7366649949707987251,0.6935240963855421,0.7025602409638554,-0.009036144578313254,0.5851972013767421,0.5898013880268578,-0.004604186650115638,0.4359861591695502,0.4542124542124542,-0.018226295042904017,0.34054054054054056,0.33513513513513515,0.005405405405405406,0.38239757207890746,0.3856920684292379,-0.003294496350330467,0.5833380353213339,0.5880635332618631,-0.004725497940529233,0.4320047066000814,0.4358344003394935,-0.00382969373941211
Logistic Regression,returns,0.5,13,17666195855959292042,0.6295180722891566,0.6219879518072289,0.0075301204819276935,0.5657168650905603,0.5596682277266828,0.006048637363877507,0.35944700460829493,0.3506787330316742,0.008768271576620745,0.42162162162162165,0.4189189189189189,0.0027027027027027306,0.3880597014925373,0.3817733990147783,0.00628630247775902,0.6075156576200418,0.6039158156068386,0.0035998420132031805,0.4248495663195855,0.4223357269875586,0.002513839332026868
Random Forest,returns,0.5,13,17666195855959292042,0.6935240963855421,0.7048192771084337,-0.011295180722891596,0.5851972013767421,0.5905377193477402,-0.005340517970998104,0.4359861591695502,0.458955223880597,-0.022969064711046816,0.34054054054054056,0.3324324324324324,0.008108108108108136,0.38239757207890746,0.38557993730407525,-0.0031823652251677936,0.5833380353213339,0.5851548834847373,-0.0018168481634034395,0.4320047066000814,0.43537714967188956,-0.0033724430718081733
Logistic Regression,returns,0.5,14,16089544047238137036,0.6295180722891566,0.6325301204819277,-0.003012048192771122,0.5657168650905603,0.5719517011792585,-0.006234836088698237,0.35944700460829493,0.3659090909090909,-0.006462086300795977,0.42162162162162165,0.43513513513513513,-0.013513513513513487,0.3880597014925373,0.39753086419753086,-0.009471162704993541,0.6075156576200418,0.6092450488066354,-0.001729391186593654,0.4248495663195855,0.4262940813376368,-0.0014445150180513178
Random Forest,returns,0.5,14,16089544047238137036,0.6935240963855421,0.6935240963855421,0.0,0.5851972013767421,0.5752440331772274,0.00995316819951475,0.4359861591695502,0.43018867924528303,0.005797479924267157,0.34054054054054056,0.3081081081081081,0.032432432432432434,0.38239757207890746,0.3590551181102362,0.02334245396867124,0.5833380353213339,0.5823054787564181,0.001032556564915743,0.4320047066000814,0.4363128657520947,-0.0043081591520133244
Logistic Regression,returns,0.5,15,12316881484375507139,0.6295180722891566,0.6287650602409639,0.0007530120481926694,0.5657168650905603,0.5685126671556735,-0.0027958020651132065,0.35944700460829493,0.3611738148984199,-0.0017268102901249471,0.42162162162162165,0.43243243243243246,-0.010810810810810811,0.3880597014925373,0.3936039360393604,-0.005544234546823068,0.6075156576200418,0.607473339728037,4.231789200481728e-05,0.4248495663195855,0.4232783612397532,0.0015712050798322719
Random Forest,returns,0.5,15,12316881484375507139,0.6935240963855421,0.7055722891566265,-0.012048192771084376,0.5851972013767421,0.5894007786492128,-0.004203577272470671,0.4359861591695502,0.4600760456273764,-0.024089886457826226,0.34054054054054056,0.327027027027027,0.013513513513513542,0.38239757207890746,0.382306477093207,9.109498570047947e-05,0.5833380353213339,0.5916633752750663,-0.008325339953732414,0.4320047066000814,0.43540403466630456,-0.003399328066223173
Logistic Regression,returns,0.5,16,2490165793973679230,0.6295180722891566,0.6234939759036144,0.0060240963855421326,0.5657168650905603,0.5673475145291429,-0.0016306494385825987,0.35944700460829493,0.3574561403508772,0.001990864257417735,0.42162162162162165,0.44054054054054054,-0.018918918918918892,0.3880597014925373,0.3946731234866828,-0.006613421994145496,0.6075156576200418,0.6067906110703606,0.0007250465496811964,0.4248495663195855,0.42405329061410996,0.0007962757054755243
Random Forest,returns,0.5,16,2490165793973679230,0.6935240963855421,0.7055722891566265,-0.012048192771084376,0.5851972013767421,0.5935479320656774,-0.008350730688935215,0.4359861591695502,0.46153846153846156,-0.025552302368911373,0.34054054054054056,0.34054054054054056,0.0,0.38239757207890746,0.39191290824261277,-0.009515336163705312,0.5833380353213339,0.5924166337527507,-0.009078598431416784,0.4320047066000814,0.4398767613900316,-0.007872054789950234
Logistic Regression,returns,0.5,17,15422536824638011627,0.6295180722891566,0.6385542168674698,-0.009036144578313254,0.5657168650905603,0.5769564972070191,-0.011239632116458842,0.35944700460829493,0.37327188940092165,-0.013824884792626724,0.42162162162162165,0.43783783783783786,-0.016216216216216217,0.3880597014925373,0.40298507462686567,-0.014925373134328346,0.6075156576200418,0.6074197370648311,9.592055521068232e-05,0.4248495663195855,0.4249465778453361,-9.701152575064542e-05
Random Forest,returns,0.5,17,15422536824638011627,0.6935240963855421,0.6942771084337349,-0.0007530120481927804,0.5851972013767421,0.5840602606782148,0.0011369406985273223,0.4359861591695502,0.43661971830985913,-0.0006335591403089369,0.34054054054054056,0.33513513513513515,0.005405405405405406,0.38239757207890746,0.37920489296636084,0.0031926791125466147,0.5833380353213339,0.591973706483101,-0.008635671161767111,0.4320047066000814,0.4386838979953791,-0.006679191395297712
Logistic Regression,returns,0.5,18,17995124503898715247,0.6295180722891566,0.6265060240963856,0.0030120481927710108,0.5657168650905603,0.5652880437849123,0.00042882130564803056,0.35944700460829493,0.3574660633484163,0.0019809412598786325,0.42162162162162165,0.42702702702702705,-0.005405405405405406,0.3880597014925373,0.3891625615763547,-0.0011028600838173808,0.6075156576200418,0.6037267956892174,0.0037888619308243943,0.4248495663195855,0.4232529043916351,0.0015966619279503824
Random Forest,returns,0.5,18,17995124503898715247,0.6935240963855421,0.6957831325301205,-0.0022590361445783413,0.5851972013767421,0.5859335326976245,-0.0007363313208823552,0.4359861591695502,0.44014084507042256,-0.004154685900872368,0.34054054054054056,0.33783783783783783,0.0027027027027027306,0.38239757207890746,0.382262996941896,0.00013457513701142787,0.5833380353213339,0.5852000225695424,-0.0018619872482085187,0.4320047066000814,0.4358319709367748,-0.0038272643366933923
Logistic Regression,returns,0.5,19,13640952952889364235,0.6295180722891566,0.6362951807228916,-0.006777108433735024,0.5657168650905603,0.5787084579360153,-0.012991592845455036,0.35944700460829493,0.37303370786516854,-0.013586703256873611,0.42162162162162165,0.4486486486486487,-0.02702702702702703,0.3880597014925373,0.40736196319018403,-0.019302261697646705,0.6075156576200418,0.6090842408170174,-0.0015685831969756148,0.4248495663195855,0.4253946630994606,-0.0005450967798751316
Random Forest,returns,0.5,19,13640952952889364235,0.6935240963855421,0.6995481927710844,-0.006024096385542244,0.5851972013767421,0.5852254133047452,-2.821192800306349e-05,0.4359861591695502,0.44649446494464945,-0.010508305775099258,0.34054054054054056,0.327027027027027,0.013513513513513542,0.38239757207890746,0.37753510140405616,0.004862470674851294,0.5833380353213339,0.5866614004401061,-0.0033233651187721813,0.4320047066000814,0.4324278298116017,-0.0004231232115203265
Logistic Regression,returns,0.5,20,12173574598712442343,0.6295180722891566,0.6340361445783133,-0.004518072289156683,0.5657168650905603,0.5754838345652542,-0.00976696947469391,0.35944700460829493,0.36936936936936937,-0.009922364761074443,0.42162162162162165,0.44324324324324327,-0.021621621621621623,0.3880597014925373,0.40294840294840295,-0.014888701455865627,0.6075156576200418,0.6095779495570727,-0.002062291937030891,0.4248495663195855,0.4268248786034987,-0.001975312283913233
Random Forest,returns,0.5,20,12173574598712442343,0.6935240963855421,0.6987951807228916,-0.005271084337349463,0.5851972013767421,0.583044631270101,0.0021525701066411607,0.4359861591695502,0.44402985074626866,-0.00804369157671847,0.34054054054054056,0.3216216216216216,0.018918918918918948,0.38239757207890746,0.3730407523510972,0.009356819727810273,0.5833380353213339,0.5877193477402245,-0.004381312418890615,0.4320047066000814,0.4346587038473717,-0.0026539972472903184
Logistic Regression,returns,0.5,21,2695361215357566843,0.6295180722891566,0.6317771084337349,-0.0022590361445783413,0.5657168650905603,0.5722592111944931,-0.0065423461039327835,0.35944700460829493,0.3656884875846501,-0.006241482976355184,0.42162162162162165,0.43783783783783786,-0.016216216216216217,0.3880597014925373,0.3985239852398524,-0.010464283747315062,0.6075156576200418,0.6092253004570333,-0.0017096428369914873,0.4248495663195855,0.42375652195770463,0.001093044361880846
Random Forest,returns,0.5,21,2695361215357566843,0.6935240963855421,0.6965361445783133,-0.003012048192771122,0.5851972013767421,0.5831377306325114,0.0020594707442307403,0.4359861591695502,0.44,-0.004013840830449811,0.34054054054054056,0.327027027027027,0.013513513513513542,0.38239757207890746,0.3751937984496124,0.007203773629295029,0.5833380353213339,0.589321785250804,-0.00598374992947015,0.4320047066000814,0.43542492679344535,-0.0034202201933639653
Logistic Regression,returns,0.5,22,17659263836576964312,0.6295180722891566,0.6287650602409639,0.0007530120481926694,0.5657168650905603,0.5668538057890876,-0.0011369406985273223,0.35944700460829493,0.35990888382687924,-0.0004618792185843157,0.42162162162162165,0.42702702702702705,-0.005405405405405406,0.3880597014925373,0.39060568603213847,-0.0025459845396011427,0.6075156576200418,0.6051853523669808,0.0023303052530609936,0.4248495663195855,0.4248564057714157,-6.839451830220611e-06
Random Forest,returns,0.5,22,17659263836576964312,0.6935240963855421,0.6987951807228916,-0.005271084337349463,0.5851972013767421,0.5805563392202223,0.0046408621565198205,0.4359861591695502,0.44274809160305345,-0.006761932433503259,0.34054054054054056,0.31351351351351353,0.02702702702702703,0.38239757207890746,0.3670886075949367,0.015308964483970733,0.5833380353213339,0.5907972690853692,-0.0074592337640353445,0.4320047066000814,0.4331747297944921,-0.0011700231944107298
Logistic Regression,returns,0.5,23,17834660766014288057,0.6295180722891566,0.6265060240963856,0.0030120481927710108,0.5657168650905603,0.5661174744682052,-0.00040060937764485605,0.35944700460829493,0.3581081081081081,0.0013388965001868147,0.42162162162162165,0.4297297297297297,-0.00810810810810808,0.3880597014925373,0.3906633906633907,-0.0026036891708533516,0.6075156576200418,0.6082548101337245,-0.0007391525136827282,0.4248495663195855,0.4249656357394068,-0.00011606941982134078
Random Forest,returns,0.5,23,17834660766014288057,0.6935240963855421,0.6987951807228916,-0.005271084337349463,0.5851972013767421,0.5863623540032726,-0.0011651526265304968,0.4359861591695502,0.44565217391304346,-0.009666014743493268,0.34054054054054056,0.3324324324324324,0.008108108108108136,0.38239757207890746,0.38080495356037153,0.0015926185185359265,0.5833380353213339,0.5855075325847767,-0.0021694972634428433,0.4320047066000814,0.4384785538022447,-0.006473847202163319
Logistic Regression,returns,0.5,24,9158361374810057627,0.6295180722891566,0.6325301204819277,-0.003012048192771122,0.5657168650905603,0.5736105625458444,-0.007893697455284121,0.35944700460829493,0.36711711711711714,-0.007670112508822213,0.42162162162162165,0.44054054054054054,-0.018918918918918892,0.3880597014925373,0.4004914004914005,-0.01243169899886315,0.6075156576200418,0.6090024262258082,-0.0014867686057664642,0.4248495663195855,0.42726199768591366,-0.0024124313663281827
Random Forest,returns,0.5,24,9158361374810057627,0.6935240963855421,0.6897590361445783,0.003765060240963791,0.5851972013767421,0.5718049991536421,0.013392202223100003,0.4359861591695502,0.4216417910447761,0.014344368124774076,0.34054054054054056,0.3054054054054054,0.035135135135135165,0.38239757207890746,0.3542319749216301,0.028165597157277344,0.5833380353213339,0.5817722733171585,0.0015657620041753528,0.4320047066000814,0.42541091152267063,0.006593795077410758
Logistic Regression,returns,0.5,25,6949424573029293800,0.6295180722891566,0.6287650602409639,0.0007530120481926694,0.5657168650905603,0.5651949444225018,0.0005219206680584509,0.35944700460829493,0.3586206896551724,0.00082631495312252,0.42162162162162165,0.42162162162162165,0.0,0.3880597014925373,0.3875776397515528,0.0004820617409845296,0.6075156576200418,0.6032359081419625,0.004279749478079298,0.4248495663195855,0.42216352596373746,0.0026860403558480184
Random Forest,returns,0.5,25,6949424573029293800,0.6935240963855421,0.6935240963855421,0.0,0.5851972013767421,0.5744146024939345,0.010782598882807637,0.4359861591695502,0.4296577946768061,0.0063283644927440985,0.34054054054054056,0.3054054054054054,0.035135135135135165,0.38239757207890746,0.3570300157977883,0.02536755628111914,0.5833380353213339,0.5848671218191052,-0.0015290864977712815,0.4320047066000814,0.4332227825947037,-0.001218075994622314
Logistic Regression,returns,0.5,26,5495492183675090370,0.6295180722891566,0.6287650602409639,0.0007530120481926694,0.5657168650905603,0.5685126671556735,-0.0027958020651132065,0.35944700460829493,0.3611738148984199,-0.0017268102901249471,0.42162162162162165,0.43243243243243246,-0.010810810810810811,0.3880597014925373,0.3936039360393604,-0.005544234546823068,0.6075156576200418,0.6040230209332507,0.0034926366867911174,0.4248495663195855,0.4231058026440013,0.0017437636755841535
Random Forest,returns,0.5,26,5495492183675090370,0.6935240963855421,0.697289156626506,-0.0037650602409639022,0.5851972013767421,0.5820007899339841,0.0031964114427580625,0.4359861591695502,0.44074074074074077,-0.004754581571190575,0.34054054054054056,0.3216216216216216,0.018918918918918948,0.38239757207890746,0.371875,0.010522572078907444,0.5833380353213339,0.5888760367883541,-0.005538001467020215,0.4320047066000814,0.4324419864827427,-0.00043727988266129003
Logistic Regression,returns,0.5,27,3749710577945403380,0.6295180722891566,0.6408132530120482,-0.011295180722891596,0.5657168650905603,0.5776928285279016,-0.011975963437341308,0.35944700460829493,0.3752913752913753,-0.015844370683080367,0.42162162162162165,0.43513513513513513,-0.013513513513513487,0.3880597014925373,0.4030037546933667,-0.014944053200829366,0.6075156576200418,0.6091886249506291,-0.001672967330587305,0.4248495663195855,0.42506248388144374,-0.00021291756185826127
Random Forest,returns,0.5,27,3749710577945403380,0.6935240963855421,0.7010542168674698,-0.0075301204819276935,0.5851972013767421,0.5862692546408621,-0.0010720532641199654,0.4359861591695502,0.44981412639405205,-0.013827967224501858,0.34054054054054056,0.327027027027027,0.013513513513513542,0.38239757207890746,0.37871674491392804,0.0036808271649794166,0.5833380353213339,0.5806720081250353,0.0026660271962986037,0.4320047066000814,0.431350978701175,0.0006537278989063866
Logistic Regression,returns,0.5,28,13926068785852895859,0.6295180722891566,0.6310240963855421,-0.001506024096385561,0.5657168650905603,0.5733961518930204,-0.007679286802460106,0.35944700460829493,0.36607142857142855,-0.006624423963133619,0.42162162162162165,0.44324324324324327,-0.021621621621621623,0.3880597014925373,0.40097799511002447,-0.012918293617487142,0.6075156576200418,0.6076087569824522,-9.309936241042038e-05,0.4248495663195855,0.42546814392924953,-0.0006185776096640505
Random Forest,returns,0.5,28,13926068785852895859,0.6935240963855421,0.7003012048192772,-0.006777108433735024,0.5851972013767421,0.5840884726062179,0.0011087287705242588,0.4359861591695502,0.4473684210526316,-0.01138226188308139,0.34054054054054056,0.3216216216216216,0.018918918918918948,0.38239757207890746,0.3742138364779874,0.008183735600920061,0.5833380353213339,0.5855780624047847,-0.002240027083450835,0.4320047066000814,0.4300529259360427,0.0019517806640386715
Logistic Regression,returns,0.5,29,16637990231558892181,0.6295180722891566,0.6317771084337349,-0.0022590361445783413,0.5657168650905603,0.5681120577780285,-0.0023951926874682394,0.35944700460829493,0.3625866050808314,-0.0031396004725364746,0.42162162162162165,0.4243243243243243,-0.002702702702702675,0.3880597014925373,0.39103362391033625,-0.0029739224177989243,0.6075156576200418,0.6087880155729842,-0.001272357952942449,0.4248495663195855,0.42463050731709695,0.00021905900248853083
Random Forest,returns,0.5,29,16637990231558892181,0.6935240963855421,0.6980421686746988,-0.004518072289156683,0.5851972013767421,0.5899875867516786,-0.004790385374936479,0.4359861591695502,0.445993031358885,-0.010006872189334826,0.34054054054054056,0.34594594594594597,-0.005405405405405406,0.38239757207890746,0.3896499238964992,-0.007252351817591762,0.5833380353213339,0.583902273881397,-0.0005642385600631572,0.4320047066000814,0.43593303444736803,-0.003928327847286639
Logistic Regression,returns,1.0,0,7207346064993867195,0.6295180722891566,0.6227409638554217,0.006777108433734913,0.5657168650905603,0.570972747277549,-0.005255882186988692,0.35944700460829493,0.35974304068522484,-0.0002960360769299064,0.42162162162162165,0.4540540540540541,-0.032432432432432434,0.3880597014925373,0.4014336917562724,-0.013373990263735092,0.6075156576200418,0.6121452350053602,-0.00462957738531844,0.4248495663195855,0.4237862955635867,0.0010632707559987686
Random Forest,returns,1.0,0,7207346064993867195,0.6935240963855421,0.7063253012048193,-0.012801204819277157,0.5851972013767421,0.584116684534221,0.0010805168425210843,0.4359861591695502,0.4596774193548387,-0.0236912601852885,0.34054054054054056,0.3081081081081081,0.032432432432432434,0.38239757207890746,0.36893203883495146,0.013465533243955996,0.5833380353213339,0.5876149636066129,-0.004276928285279036,0.4320047066000814,0.43630273443684764,-0.0042980278367662494
Logistic Regression,returns,1.0,1,5723549221528077349,0.6295180722891566,0.6144578313253012,0.015060240963855387,0.5657168650905603,0.5594256051458557,0.006291259944704586,0.35944700460829493,0.34698275862068967,0.01246424598760526,0.42162162162162165,0.43513513513513513,-0.013513513513513487,0.3880597014925373,0.38609112709832133,0.001968574394215994,0.6075156576200418,0.6040850871748575,0.0034305704451842445,0.4248495663195855,0.4231762291198812,0.0016733371997043056
Random Forest,returns,1.0,1,5723549221528077349,0.6935240963855421,0.7085843373493976,-0.015060240963855498,0.5851972013767421,0.589829599954861,-0.004632398578118813,0.4359861591695502,0.4666666666666667,-0.030680507497116483,0.34054054054054056,0.3216216216216216,0.018918918918918948,0.38239757207890746,0.3808,0.0015975720789074277,0.5833380353213339,0.597438356937313,-0.014100321615979072,0.4320047066000814,0.4389376001653193,-0.0069328935652379076
Logistic Regression,returns,1.0,2,9466948876341624462,0.6295180722891566,0.6257530120481928,0.003765060240963791,0.5657168650905603,0.571401568583197,-0.005684703492636722,0.35944700460829493,0.3616557734204793,-0.0022087688121843474,0.42162162162162165,0.4486486486486487,-0.02702702702702703,0.3880597014925373,0.40048250904704463,-0.012422807554507309,0.6075156576200418,0.6051204649325734,0.0023951926874683505,0.4248495663195855,0.42530943405971383,-0.0004598677401283502
Random Forest,returns,1.0,2,9466948876341624462,0.6935240963855421,0.6890060240963856,0.004518072289156572,0.5851972013767421,0.5712830784855837,0.013914122891158454,0.4359861591695502,0.4200743494423792,0.01591180972717099,0.34054054054054056,0.3054054054054054,0.035135135135135165,0.38239757207890746,0.3536776212832551,0.02871995079565237,0.5833380353213339,0.5806353326186311,0.002702702702702786,0.4320047066000814,0.4297080544644453,0.002296652135636068
Logistic Regression,returns,1.0,3,15171301857021729770,0.6295180722891566,0.6332831325301205,-0.0037650602409639022,0.5657168650905603,0.5757913445804886,-0.010074479489928345,0.35944700460829493,0.3691275167785235,-0.009680512170228583,0.42162162162162165,0.44594594594594594,-0.024324324324324298,0.3880597014925373,0.4039167686658507,-0.015857067173313366,0.6075156576200418,0.6058680810246573,0.0016475765953845034,0.4248495663195855,0.42746440259172247,-0.002614836272136989
Random Forest,returns,1.0,3,15171301857021729770,0.6935240963855421,0.6965361445783133,-0.003012048192771122,0.5851972013767421,0.5856260226823902,-0.00042882130564803056,0.4359861591695502,0.4412811387900356,-0.005294979620485418,0.34054054054054056,0.33513513513513515,0.005405405405405406,0.38239757207890746,0.38095238095238093,0.0014451911265265238,0.5833380353213339,0.5909947525813914,-0.007656717260057566,0.4320047066000814,0.4352667812436127,-0.0032620746435312875
Logistic Regression,returns,1.0,4,5667799345337755462,0.6295180722891566,0.6280120481927711,0.0015060240963854499,0.5657168650905603,0.5737967612706653,-0.008079896180104962,0.35944700460829493,0.3646288209606987,-0.005181816352403779,0.42162162162162165,0.45135135135135135,-0.029729729729729704,0.3880597014925373,0.4033816425120773,-0.015321941019539986,0.6075156576200418,0.6065931275743384,0.000922530045703418,0.4248495663195855,0.4235317388484702,0.001317827471115307
Random Forest,returns,1.0,4,5667799345337755462,0.6935240963855421,0.6905120481927711,0.0030120481927710108,0.5851972013767421,0.5723269198217006,0.012870281555041552,0.4359861591695502,0.4232209737827715,0.012765185386778677,0.34054054054054056,0.3054054054054054,0.035135135135135165,0.38239757207890746,0.35478806907378335,0.027609503005124103,0.5833380353213339,0.5868701687073294,-0.0035321333859955617,0.4320047066000814,0.4327441663115468,-0.0007394597114653845
Logistic Regression,returns,1.0,5,12325762718637598337,0.6295180722891566,0.6287650602409639,0.0007530120481926694,0.5657168650905603,0.5726598205721378,-0.0069429554815775285,0.35944700460829493,0.36423841059602646,-0.004791405987731534,0.42162162162162165,0.44594594594594594,-0.024324324324324298,0.3880597014925373,0.40097205346294046,-0.012912351970403135,0.6075156576200418,0.6103283868419568,-0.002812729221915,0.4248495663195855,0.4280205927590003,-0.0031710264394148036
Random Forest,returns,1.0,5,12325762718637598337,0.6935240963855421,0.6987951807228916,-0.005271084337349463,0.5851972013767421,0.5822152005868081,0.0029820007899340473,0.4359861591695502,0.44360902255639095,-0.007622863386840761,0.34054054054054056,0.31891891891891894,0.021621621621621623,0.38239757207890746,0.3710691823899371,0.011328389688970375,0.5833380353213339,0.5839248434237996,-0.0005868081024656968,0.4320047066000814,0.42914110846166337,0.002863598138418022
Logistic Regression,returns,1.0,6,5390833165863109966,0.6295180722891566,0.6219879518072289,0.0075301204819276935,0.5657168650905603,0.5679625345596118,-0.00224566946905147,0.35944700460829493,0.35714285714285715,0.002304147465437778,0.42162162162162165,0.44594594594594594,-0.024324324324324298,0.3880597014925373,0.39663461538461536,-0.00857491389207804,0.6075156576200418,0.6059160413022626,0.0015996163177791622,0.4248495663195855,0.426536166926634,-0.0016866006070485051
Random Forest,returns,1.0,6,5390833165863109966,0.6935240963855421,0.6987951807228916,-0.005271084337349463,0.5851972013767421,0.583044631270101,0.0021525701066411607,0.4359861591695502,0.44402985074626866,-0.00804369157671847,0.34054054054054056,0.3216216216216216,0.018918918918918948,0.38239757207890746,0.3730407523510972,0.009356819727810273,0.5833380353213339,0.5830728431981042,0.0002651921232297294,0.4320047066000814,0.42684289833764616,0.00516180826243523
Logistic Regression,returns,1.0,7,17523292115622072029,0.6295180722891566,0.6325301204819277,-0.003012048192771122,0.5657168650905603,0.5785871466456017,-0.01287028155504144,0.35944700460829493,0.3706140350877193,-0.011167030479424356,0.42162162162162165,0.45675675675675675,-0.03513513513513511,0.3880597014925373,0.4092009685230024,-0.021141267030465094,0.6075156576200418,0.6151836596513005,-0.007668002031258725,0.4248495663195855,0.4284088404931447,-0.0035592741735592237
Random Forest,returns,1.0,7,17523292115622072029,0.6935240963855421,0.6927710843373494,0.0007530120481927804,0.5851972013767421,0.5747221125091689,0.010475088867573201,0.4359861591695502,0.42857142857142855,0.007414730598121644,0.34054054054054056,0.3081081081081081,0.032432432432432434,0.38239757207890746,0.3584905660377358,0.02390700604117163,0.5833380353213339,0.5816255712915421,0.0017124640297917493,0.4320047066000814,0.42985124223368376,0.0021534643663976283
Logistic Regression,returns,1.0,8,8186728598732691469,0.6295180722891566,0.6212349397590361,0.008283132530120474,0.5657168650905603,0.5649523218416747,0.0007645432488856407,0.35944700460829493,0.3544857768052516,0.004961227803043311,0.42162162162162165,0.43783783783783786,-0.016216216216216217,0.3880597014925373,0.39177750906892383,-0.0037178075763865115,0.6075156576200418,0.6052925576933927,0.0022230999266490414,0.4248495663195855,0.42236528499329085,0.002484281326294635
Random Forest,returns,1.0,8,8186728598732691469,0.6935240963855421,0.697289156626506,-0.0037650602409639022,0.5851972013767421,0.5795124978841054,0.005684703492636722,0.4359861591695502,0.4393939393939394,-0.003407780224389201,0.34054054054054056,0.31351351351351353,0.02702702702702703,0.38239757207890746,0.3659305993690852,0.01646697270982228,0.5833380353213339,0.5798595045985442,0.0034785307227896967,0.4320047066000814,0.4330176010736167,-0.0010128944735353085
Logistic Regression,returns,1.0,9,4472107390195613010,0.6295180722891566,0.6295180722891566,0.0,0.5657168650905603,0.5740111719234893,-0.008294306832928977,0.35944700460829493,0.3656387665198238,-0.00619176191152887,0.42162162162162165,0.4486486486486487,-0.02702702702702703,0.3880597014925373,0.4029126213592233,-0.014852919866685965,0.6075156576200418,0.6017519607289963,0.0057636968910455,0.4248495663195855,0.4158745212351474,0.008975045084438082
Random Forest,returns,1.0,9,4472107390195613010,0.6935240963855421,0.7025602409638554,-0.009036144578313254,0.5851972013767421,0.5856542346103932,-0.00045703323365109405,0.4359861591695502,0.4524714828897338,-0.01648532372018363,0.34054054054054056,0.3216216216216216,0.018918918918918948,0.38239757207890746,0.37598736176935227,0.0064102103095551866,0.5833380353213339,0.5905518253117419,-0.007213789990408004,0.4320047066000814,0.44606844110223487,-0.01406373450215348
Logistic Regression,returns,1.0,10,12518845767775628145,0.6295180722891566,0.6310240963855421,-0.001506024096385561,0.5657168650905603,0.5733961518930204,-0.007679286802460106,0.35944700460829493,0.36607142857142855,-0.006624423963133619,0.42162162162162165,0.44324324324324327,-0.021621621621621623,0.3880597014925373,0.40097799511002447,-0.012918293617487142,0.6075156576200418,0.6045590475653106,0.0029566100547311347,0.4248495663195855,0.42577916216549444,-0.0009295958459089593
Random Forest,returns,1.0,10,12518845767775628145,0.6935240963855421,0.697289156626506,-0.0037650602409639022,0.5851972013767421,0.5853185126671556,-0.00012131129041348387,0.4359861591695502,0.44244604316546765,-0.006459883995917459,0.34054054054054056,0.3324324324324324,0.008108108108108136,0.38239757207890746,0.37962962962962965,0.002767942449277805,0.5833380353213339,0.5892963945156011,-0.005958359194267238,0.4320047066000814,0.43684936804498664,-0.004844661444905252
Logistic Regression,returns,1.0,11,6652400538499168547,0.6295180722891566,0.6295180722891566,0.0,0.5657168650905603,0.5706934491903177,-0.004976584099757431,0.35944700460829493,0.3632286995515695,-0.0037816949432745717,0.42162162162162165,0.43783783783783786,-0.016216216216216217,0.3880597014925373,0.39705882352941174,-0.008999122036874418,0.6075156576200418,0.6082181346273204,-0.0007024770072786568,0.4248495663195855,0.422568720357929,0.002280845961656508
Random Forest,returns,1.0,11,6652400538499168547,0.6935240963855421,0.6995481927710844,-0.006024096385542244,0.5851972013767421,0.5802488292049879,0.004948372171754256,0.4359861591695502,0.444015444015444,-0.008029284845893825,0.34054054054054056,0.3108108108108108,0.02972972972972976,0.38239757207890746,0.3656597774244833,0.016737794654424154,0.5833380353213339,0.582830220617277,0.0005078147040569192,0.4320047066000814,0.43370577262915083,-0.0017010660290694424
Logistic Regression,returns,1.0,12,2490443744257999174,0.6295180722891566,0.6302710843373494,-0.0007530120481927804,0.5657168650905603,0.572874231224962,-0.007157366134401655,0.35944700460829493,0.36525612472160357,-0.005809120113308641,0.42162162162162165,0.44324324324324327,-0.021621621621621623,0.3880597014925373,0.4004884004884005,-0.012428698995863185,0.6075156576200418,0.607964227275292,-0.0004485696552501972,0.4248495663195855,0.4273162018826444,-0.0024666355630589276
Random Forest,returns,1.0,12,2490443744257999174,0.6935240963855421,0.7010542168674698,-0.0075301204819276935,0.5851972013767421,0.5862692546408621,-0.0010720532641199654,0.4359861591695502,0.44981412639405205,-0.013827967224501858,0.34054054054054056,0.327027027027027,0.013513513513513542,0.38239757207890746,0.37871674491392804,0.0036808271649794166,0.5833380353213339,0.5893697455284095,-0.006031710207075602,0.4320047066000814,0.43953727753190797,-0.0075325709318265766
Logistic Regression,returns,1.0,13,11750919336034495059,0.6295180722891566,0.615210843373494,0.014307228915662606,0.5657168650905603,0.5591180951306212,0.0065987699599391325,0.35944700460829493,0.3470715835140998,0.01237542109419515,0.42162162162162165,0.43243243243243246,-0.010810810810810811,0.3880597014925373,0.3850782190132371,0.002981482479300246,0.6075156576200418,0.6001692715680189,0.0073463860520228685,0.4248495663195855,0.42062422824401624,0.0042253380755692405
Random Forest,returns,1.0,13,11750919336034495059,0.6935240963855421,0.7025602409638554,-0.009036144578313254,0.5851972013767421,0.5856542346103932,-0.00045703323365109405,0.4359861591695502,0.4524714828897338,-0.01648532372018363,0.34054054054054056,0.3216216216216216,0.018918918918918948,0.38239757207890746,0.37598736176935227,0.0064102103095551866,0.5833380353213339,0.5845060091406646,-0.0011679738193307587,0.4320047066000814,0.4331134365306267,-0.001108729930545338
Logistic Regression,returns,1.0,14,9140066436853886966,0.6295180722891566,0.6280120481927711,0.0015060240963854499,0.5657168650905603,0.5713084692207866,-0.005591604130226302,0.35944700460829493,0.36283185840707965,-0.003384853798784726,0.42162162162162165,0.44324324324324327,-0.021621621621621623,0.3880597014925373,0.39902676399026765,-0.010967062497730329,0.6075156576200418,0.6105117643739773,-0.002996106753935468,0.4248495663195855,0.42893430761349693,-0.004084741293911454
Random Forest,returns,1.0,14,9140066436853886966,0.6935240963855421,0.7025602409638554,-0.009036144578313254,0.5851972013767421,0.5823365118772217,0.0028606894995204524,0.4359861591695502,0.45098039215686275,-0.014994232987312561,0.34054054054054056,0.3108108108108108,0.02972972972972976,0.38239757207890746,0.368,0.014397572078907461,0.5833380353213339,0.590526434576539,-0.007188399255205091,0.4320047066000814,0.43986185258920557,-0.007857145989124181
Logistic Regression,returns,1.0,15,3273157809695540003,0.6295180722891566,0.6287650602409639,0.0007530120481926694,0.5657168650905603,0.5726598205721378,-0.0069429554815775285,0.35944700460829493,0.36423841059602646,-0.004791405987731534,0.42162162162162165,0.44594594594594594,-0.024324324324324298,0.3880597014925373,0.40097205346294046,-0.012912351970403135,0.6075156576200418,0.6062602268239011,0.0012554307961406552,0.4248495663195855,0.4227679457721877,0.0020816205473978
Random Forest,returns,1.0,15,3273157809695540003,0.6935240963855421,0.7003012048192772,-0.006777108433735024,0.5851972013767421,0.583259041922925,0.0019381594538171454,0.4359861591695502,0.44696969696969696,-0.01098353780014677,0.34054054054054056,0.31891891891891894,0.021621621621621623,0.38239757207890746,0.3722397476340694,0.010157824444838037,0.5833380353213339,0.5930006206624161,-0.00966258534108222,0.4320047066000814,0.43695494306046434,-0.004950236460382951
Logistic Regression,returns,1.0,16,990263506138870189,0.6295180722891566,0.6234939759036144,0.0060240963855421326,0.5657168650905603,0.5706652372623146,-0.004948372171754256,0.35944700460829493,0.3599137931034483,-0.0004667884951533585,0.42162162162162165,0.45135135135135135,-0.029729729729729704,0.3880597014925373,0.40047961630695444,-0.012419914814417121,0.6075156576200418,0.6048355244597416,0.0026801331603001355,0.4248495663195855,0.42320585005809463,0.0016437162614908463
Random Forest,returns,1.0,16,990263506138870189,0.6935240963855421,0.7070783132530121,-0.013554216867469937,0.5851972013767421,0.5921034813519156,-0.006906279975173457,0.4359861591695502,0.4641509433962264,-0.02816478422667623,0.34054054054054056,0.3324324324324324,0.008108108108108136,0.38239757207890746,0.38740157480314963,-0.005004002724242174,0.5833380353213339,0.5983637081758167,-0.015025672854482863,0.4320047066000814,0.4421235338841979,-0.010118827284116505
Logistic Regression,returns,1.0,17,5233236710723656900,0.6295180722891566,0.6423192771084337,-0.012801204819277157,0.5657168650905603,0.582883823280483,-0.017166958189922754,0.35944700460829493,0.37986270022883295,-0.02041569562053802,0.42162162162162165,0.4486486486486487,-0.02702702702702703,0.3880597014925373,0.4114002478314746,-0.023340546338937285,0.6075156576200418,0.6073802403656265,0.00013541725441523766,0.4248495663195855,0.4253967814309936,-0.0005472151114080948
Random Forest,returns,1.0,17,5233236710723656900,0.6935240963855421,0.6980421686746988,-0.004518072289156683,0.5851972013767421,0.5874992947017998,-0.002302093325057708,0.4359861591695502,0.44483985765124556,-0.008853698481695371,0.34054054054054056,0.33783783783783783,0.0027027027027027306,0.38239757207890746,0.38402457757296465,-0.0016270054940571987,0.5833380353213339,0.5915561699486543,-0.008218134627320461,0.4320047066000814,0.4413888649264168,-0.009384158326335434
Logistic Regression,returns,1.0,18,16120806781808109292,0.6295180722891566,0.625,0.004518072289156572,0.5657168650905603,0.5708796479151386,-0.005162782824578271,0.35944700460829493,0.36086956521739133,-0.0014225606090964016,0.42162162162162165,0.4486486486486487,-0.02702702702702703,0.3880597014925373,0.4,-0.011940298507462699,0.6075156576200418,0.5997376290695706,0.007778028550471161,0.4248495663195855,0.42076651117925934,0.004083055140326142
Random Forest,returns,1.0,18,16120806781808109292,0.6935240963855421,0.6965361445783133,-0.003012048192771122,0.5851972013767421,0.578990577216047,0.006206624160695173,0.4359861591695502,0.4377358490566038,-0.001749689887053596,0.34054054054054056,0.31351351351351353,0.02702702702702703,0.38239757207890746,0.3653543307086614,0.017043241370246043,0.5833380353213339,0.5894346329628166,-0.006096597641482737,0.4320047066000814,0.43533061056560973,-0.003325903965528343
Logistic Regression,returns,1.0,19,7683926599752894762,0.6295180722891566,0.634789156626506,-0.005271084337349463,0.5657168650905603,0.581811770016363,-0.016094904925802678,0.35944700460829493,0.3741794310722101,-0.01473242646391515,0.42162162162162165,0.46216216216216216,-0.040540540540540515,0.3880597014925373,0.4135429262394196,-0.02548322474688225,0.6075156576200418,0.6102691417931502,-0.0027534841731083892,0.4248495663195855,0.42577448016556513,-0.0009249138459796469
Random Forest,returns,1.0,19,7683926599752894762,0.6935240963855421,0.6927710843373494,0.0007530120481927804,0.5851972013767421,0.5763809738757546,0.008816227500987539,0.4359861591695502,0.42962962962962964,0.006356529539920552,0.34054054054054056,0.31351351351351353,0.02702702702702703,0.38239757207890746,0.3625,0.019897572078907466,0.5833380353213339,0.5899593748236754,-0.006621339502341561,0.4320047066000814,0.4343912659102299,-0.0023865593101485283
Logistic Regression,returns,1.0,20,8229548013295352092,0.6295180722891566,0.6362951807228916,-0.006777108433735024,0.5657168650905603,0.5803673193026011,-0.014650454212040809,0.35944700460829493,0.3741648106904232,-0.014717806082128249,0.42162162162162165,0.4540540540540541,-0.032432432432432434,0.3880597014925373,0.41025641025641024,-0.02219670876387292,0.6075156576200418,0.6103396716131579,-0.002824013993116159,0.4248495663195855,0.42785102351118937,-0.0030014571916038846
Random Forest,returns,1.0,20,8229548013295352092,0.6935240963855421,0.7093373493975904,-0.01581325301204828,0.5851972013767421,0.5928398126727981,-0.007642611296055923,0.4359861591695502,0.46923076923076923,-0.03324461006121904,0.34054054054054056,0.32972972972972975,0.010810810810810811,0.38239757207890746,0.3873015873015873,-0.004904015222679858,0.5833380353213339,0.5872735992777747,-0.003935563956440791,0.4320047066000814,0.4352919488117918,-0.003287242211710395
Logistic Regression,returns,1.0,21,18302314036396759009,0.6295180722891566,0.6287650602409639,0.0007530120481926694,0.5657168650905603,0.5734892512554308,-0.007772386164870526,0.35944700460829493,0.3648351648351648,-0.005388160226869887,0.42162162162162165,0.4486486486486487,-0.02702702702702703,0.3880597014925373,0.4024242424242424,-0.014364540931705083,0.6075156576200418,0.6104073802403656,-0.002891722620323778,0.4248495663195855,0.42139571578149293,0.003453850538092551
Random Forest,returns,1.0,21,18302314036396759009,0.6935240963855421,0.7010542168674698,-0.0075301204819276935,0.5851972013767421,0.5846103932742763,0.0005868081024658078,0.4359861591695502,0.4490566037735849,-0.013070444604034726,0.34054054054054056,0.3216216216216216,0.018918918918918948,0.38239757207890746,0.37480314960629924,0.00759442247260822,0.5833380353213339,0.5981408339445917,-0.01480279862325784,0.4320047066000814,0.4411534449992913,-0.009148738399209932
Logistic Regression,returns,1.0,22,3680879866221593697,0.6295180722891566,0.6257530120481928,0.003765060240963791,0.5657168650905603,0.5697427072166112,-0.004025842126050949,0.35944700460829493,0.36043956043956044,-0.000992555831265507,0.42162162162162165,0.44324324324324327,-0.021621621621621623,0.3880597014925373,0.3975757575757576,-0.009516056083220259,0.6075156576200418,0.6027280934379056,0.004787564182136217,0.4248495663195855,0.4234734439816392,0.0013761223379462617
Random Forest,returns,1.0,22,3680879866221593697,0.6935240963855421,0.6987951807228916,-0.005271084337349463,0.5851972013767421,0.5822152005868081,0.0029820007899340473,0.4359861591695502,0.44360902255639095,-0.007622863386840761,0.34054054054054056,0.31891891891891894,0.021621621621621623,0.38239757207890746,0.3710691823899371,0.011328389688970375,0.5833380353213339,0.587775771596231,-0.004437736274897075,0.4320047066000814,0.43394420388258154,-0.0019394972825001466
Logistic Regression,returns,1.0,23,12178095619844030007,0.6295180722891566,0.6242469879518072,0.005271084337349352,0.5657168650905603,0.5728460192969588,-0.00712915420639848,0.35944700460829493,0.3618843683083512,-0.002437363700056261,0.42162162162162165,0.45675675675675675,-0.03513513513513511,0.3880597014925373,0.4038231780167264,-0.01576347652418908,0.6075156576200418,0.6085651413417592,-0.0010494837217174258,0.4248495663195855,0.4259680234177114,-0.0011184570981259134
Random Forest,returns,1.0,23,12178095619844030007,0.6935240963855421,0.6980421686746988,-0.004518072289156683,0.5851972013767421,0.579204987868871,0.005992213507871158,0.4359861591695502,0.44061302681992337,-0.004626867650373179,0.34054054054054056,0.3108108108108108,0.02972972972972976,0.38239757207890746,0.36450079239302696,0.017896779685880493,0.5833380353213339,0.5804322067370085,0.0029058285843254206,0.4320047066000814,0.43698003320222717,-0.00497532660214578
Logistic Regression,returns,1.0,24,12015634624392301587,0.6295180722891566,0.6332831325301205,-0.0037650602409639022,0.5657168650905603,0.5766207752637815,-0.010903910173221232,0.35944700460829493,0.36971046770601335,-0.010263463097718417,0.42162162162162165,0.4486486486486487,-0.02702702702702703,0.3880597014925373,0.4053724053724054,-0.017312703879868052,0.6075156576200418,0.6097302939682898,-0.0022146363482480336,0.4248495663195855,0.42963370787730937,-0.004784141557723887
Random Forest,returns,1.0,24,12015634624392301587,0.6935240963855421,0.7025602409638554,-0.009036144578313254,0.5851972013767421,0.5848248039271003,0.00037239744964179256,0.4359861591695502,0.4521072796934866,-0.016121120523936383,0.34054054054054056,0.31891891891891894,0.021621621621621623,0.38239757207890746,0.37400950871632327,0.008388063362584186,0.5833380353213339,0.5880917451898663,-0.0047537098685324075,0.4320047066000814,0.4290743132334405,0.0029303933666409154
Logistic Regression,returns,1.0,25,7725817224153553621,0.6295180722891566,0.6227409638554217,0.006777108433734913,0.5657168650905603,0.5643373018112058,0.001379563279354512,0.35944700460829493,0.35476718403547675,0.004679820572818183,0.42162162162162165,0.43243243243243246,-0.010810810810810811,0.3880597014925373,0.38976857490864797,-0.0017088734161106456,0.6075156576200418,0.5979969531117757,0.009518704508266085,0.4248495663195855,0.4189007785608637,0.005948787758721763
Random Forest,returns,1.0,25,7725817224153553621,0.6935240963855421,0.7010542168674698,-0.0075301204819276935,0.5851972013767421,0.5804632398578119,0.004733961518930241,0.4359861591695502,0.4470588235294118,-0.011072664359861595,0.34054054054054056,0.3081081081081081,0.032432432432432434,0.38239757207890746,0.3648,0.017597572078907442,0.5833380353213339,0.5896800767364442,-0.0063420414151103,0.4320047066000814,0.43741895832908584,-0.005414251729004449
Logistic Regression,returns,1.0,26,15163107969373828520,0.6295180722891566,0.6242469879518072,0.005271084337349352,0.5657168650905603,0.5678694351972013,-0.0021525701066410496,0.35944700460829493,0.35824175824175825,0.001205246366536683,0.42162162162162165,0.44054054054054054,-0.018918918918918892,0.3880597014925373,0.39515151515151514,-0.007091813658977819,0.6075156576200418,0.599847655588783,0.007668002031258836,0.4248495663195855,0.421255023492164,0.0035945428274214986
Random Forest,returns,1.0,26,15163107969373828520,0.6935240963855421,0.7025602409638554,-0.009036144578313254,0.5851972013767421,0.579848219827343,0.005348981549399112,0.4359861591695502,0.4497991967871486,-0.01381303761759839,0.34054054054054056,0.3027027027027027,0.03783783783783784,0.38239757207890746,0.36187399030694667,0.020523581771960786,0.5833380353213339,0.5895869773740336,-0.0062489420526997685,0.4320047066000814,0.43656834078935436,-0.004563634189272969
Logistic Regression,returns,1.0,27,16898779607216261885,0.6295180722891566,0.6355421686746988,-0.006024096385542244,0.5657168650905603,0.5748688145347853,-0.009151949444225038,0.35944700460829493,0.3698630136986301,-0.010416009090335188,0.42162162162162165,0.43783783783783786,-0.016216216216216217,0.3880597014925373,0.400990099009901,-0.01293039751736369,0.6075156576200418,0.6102324662867461,-0.002716808666704318,0.4248495663195855,0.42450583123142616,0.00034373508815932485
Random Forest,returns,1.0,27,16898779607216261885,0.6935240963855421,0.7010542168674698,-0.0075301204819276935,0.5851972013767421,0.5854398239575693,-0.0002426225808271898,0.4359861591695502,0.449438202247191,-0.013452043077640807,0.34054054054054056,0.32432432432432434,0.016216216216216217,0.38239757207890746,0.37676609105180536,0.005631481027102092,0.5833380353213339,0.5890396659707724,-0.005701630649438516,0.4320047066000814,0.43441186629967476,-0.0024071596995933753
Logistic Regression,returns,1.0,28,3576900266493352936,0.6295180722891566,0.6280120481927711,0.0015060240963854499,0.5657168650905603,0.5721378999040794,-0.006421034813519078,0.35944700460829493,0.3634361233480176,-0.003989118739722686,0.42162162162162165,0.44594594594594594,-0.024324324324324298,0.3880597014925373,0.40048543689320387,-0.012425735400666549,0.6075156576200418,0.6072025052192067,0.00031315240083507057,0.4248495663195855,0.42652127754908586,-0.0016717112295003833
Random Forest,returns,1.0,28,3576900266493352936,0.6935240963855421,0.6905120481927711,0.0030120481927710108,0.5851972013767421,0.5714974891384077,0.013699712238334438,0.4359861591695502,0.4226415094339623,0.01334464973558791,0.34054054054054056,0.3027027027027027,0.03783783783783784,0.38239757207890746,0.352755905511811,0.029641666567096436,0.5833380353213339,0.5822744456356147,0.0010635896857191796,0.4320047066000814,0.42912365938585306,0.002881047214228327
Logistic Regression,returns,1.0,29,14298425464432356070,0.6295180722891566,0.6295180722891566,0.0,0.5657168650905603,0.568205157140439,-0.00248829204987866,0.35944700460829493,0.3613636363636364,-0.001916631755341458,0.42162162162162165,0.4297297297297297,-0.00810810810810808,0.3880597014925373,0.3925925925925926,-0.004532891100055281,0.6075156576200418,0.6096005190994753,-0.002084861479433542,0.4248495663195855,0.4244502826141332,0.0003992837054522802
Random Forest,returns,1.0,29,14298425464432356070,0.6935240963855421,0.697289156626506,-0.0037650602409639022,0.5851972013767421,0.5828302206172771,0.002366980759465065,0.4359861591695502,0.4411764705882353,-0.00519031141868509,0.34054054054054056,0.32432432432432434,0.016216216216216217,0.38239757207890746,0.37383177570093457,0.00856579637797289,0.5833380353213339,0.5791767759408677,0.004161259380466187,0.4320047066000814,0.43318862955934295,-0.001183922959261563
Logistic Regression,volatility,0.05,0,12981487177131595809,0.6295180722891566,0.6295180722891566,0.0,0.5657168650905603,0.5706934491903177,-0.004976584099757431,0.35944700460829493,0.3632286995515695,-0.0037816949432745717,0.42162162162162165,0.43783783783783786,-0.016216216216216217,0.3880597014925373,0.39705882352941174,-0.008999122036874418,0.6075156576200418,0.6099221350787112,-0.0024064774586693982,0.4248495663195855,0.42558004756889795,-0.0007304812493124646
Random Forest,volatility,0.05,0,12981487177131595809,0.6935240963855421,0.6920180722891566,0.001506024096385561,0.5851972013767421,0.5808356373074536,0.004361564069288559,0.4359861591695502,0.43109540636042404,0.004890752809126153,0.34054054054054056,0.32972972972972975,0.010810810810810811,0.38239757207890746,0.37366003062787134,0.008737541451036113,0.5833380353213339,0.5900976132708909,-0.006759577949557061,0.4320047066000814,0.43332395579504684,-0.001319249194965455
Logistic Regression,volatility,0.05,1,15798495148226129155,0.6295180722891566,0.6302710843373494,-0.0007530120481927804,0.5657168650905603,0.5678976471252045,-0.002180782034644224,0.35944700460829493,0.36155606407322655,-0.0021090594649316174,0.42162162162162165,0.42702702702702705,-0.005405405405405406,0.3880597014925373,0.3915737298636927,-0.0035140283711553866,0.6075156576200418,0.6086413135473678,-0.0011256559273260525,0.4248495663195855,0.42619530954043894,-0.001345743220853457
Random Forest,volatility,0.05,1,15798495148226129155,0.6935240963855421,0.6987951807228916,-0.005271084337349463,0.5851972013767421,0.5855329233199797,-0.0003357219432376102,0.4359861591695502,0.44525547445255476,-0.009269315283004564,0.34054054054054056,0.32972972972972975,0.010810810810810811,0.38239757207890746,0.37888198757763975,0.00351558450126771,0.5833380353213339,0.5809541274050669,0.0023839079162669696,0.4320047066000814,0.4315524601599077,0.0004522464401736648
Logistic Regression,volatility,0.05,2,18234507725255982151,0.6295180722891566,0.6325301204819277,-0.003012048192771122,0.5657168650905603,0.5661456863962083,-0.00042882130564803056,0.35944700460829493,0.3615023474178404,-0.0020553428095454462,0.42162162162162165,0.41621621621621624,0.005405405405405406,0.3880597014925373,0.3869346733668342,0.0011250281257031425,0.6075156576200418,0.6064182136207189,0.001097443999322878,0.4248495663195855,0.42409043473029506,0.0007591315892904182
Random Forest,volatility,0.05,2,18234507725255982151,0.6935240963855421,0.6897590361445783,0.003765060240963791,0.5851972013767421,0.5776110139366925,0.007586187440049685,0.4359861591695502,0.425531914893617,0.010454244275933167,0.34054054054054056,0.32432432432432434,0.016216216216216217,0.38239757207890746,0.36809815950920244,0.014299412569705017,0.5833380353213339,0.5848896913615076,-0.00155165604017371,0.4320047066000814,0.4333185373231607,-0.0013138307230793345
Logistic Regression,volatility,0.05,3,998754377947419916,0.6295180722891566,0.6257530120481928,0.003765060240963791,0.5657168650905603,0.5655955538001467,0.0001213112904135949,0.35944700460829493,0.35730337078651686,0.002143633821778068,0.42162162162162165,0.4297297297297297,-0.00810810810810808,0.3880597014925373,0.3901840490797546,-0.002124347587217301,0.6075156576200418,0.606660836201546,0.0008548214184957992,0.4248495663195855,0.4262897556265653,-0.001440189306979811
Random Forest,volatility,0.05,3,998754377947419916,0.6935240963855421,0.6942771084337349,-0.0007530120481927804,0.5851972013767421,0.5774248152118716,0.007772386164870526,0.4359861591695502,0.43283582089552236,0.0031503382740278307,0.34054054054054056,0.31351351351351353,0.02702702702702703,0.38239757207890746,0.36363636363636365,0.01876120844254381,0.5833380353213339,0.5879055464650454,-0.004567511143711567,0.4320047066000814,0.43025093774878687,0.0017537688512945238
Logistic Regression,volatility,0.05,4,11488683212654650444,0.6295180722891566,0.6272590361445783,0.0022590361445782303,0.5657168650905603,0.5674688258195566,-0.0017519607289963046,0.35944700460829493,0.3595505617977528,-0.00010355718945787018,0.42162162162162165,0.43243243243243246,-0.010810810810810811,0.3880597014925373,0.39263803680981596,-0.004578335317278637,0.6075156576200418,0.6086723466681713,-0.001156689048129489,0.4248495663195855,0.424579076453219,0.00027048986636646344
Random Forest,volatility,0.05,4,11488683212654650444,0.6935240963855421,0.697289156626506,-0.0037650602409639022,0.5851972013767421,0.5836596513005698,0.0015375500761722893,0.4359861591695502,0.4416058394160584,-0.0056196802465082185,0.34054054054054056,0.327027027027027,0.013513513513513542,0.38239757207890746,0.37577639751552794,0.006621174563379517,0.5833380353213339,0.574812390678779,0.008525644642554897,0.4320047066000814,0.42704015279420343,0.004964553805877958
Logistic Regression,volatility,0.05,5,6256428261678494794,0.6295180722891566,0.6280120481927711,0.0015060240963854499,0.5657168650905603,0.567161315804322,-0.001444450713761758,0.35944700460829493,0.3597285067873303,-0.00028150217903538666,0.42162162162162165,0.4297297297297297,-0.00810810810810808,0.3880597014925373,0.3916256157635468,-0.003565914271009496,0.6075156576200418,0.6064436043559216,0.0010720532641201874,0.4248495663195855,0.4249431267116698,-9.3560392084302e-05
Random Forest,volatility,0.05,5,6256428261678494794,0.6935240963855421,0.7018072289156626,-0.008283132530120474,0.5851972013767421,0.5901088980420922,-0.004911696665350074,0.4359861591695502,0.4528985507246377,-0.016912391555087503,0.34054054054054056,0.33783783783783783,0.0027027027027027306,0.38239757207890746,0.38699690402476783,-0.004599331945860374,0.5833380353213339,0.5857078372735993,-0.002369801952265438,0.4320047066000814,0.43203400721806373,-2.9300617982341848e-05
Logistic Regression,volatility,0.05,6,17644921282834766135,0.6295180722891566,0.6219879518072289,0.0075301204819276935,0.5657168650905603,0.5629859504598544,0.0027309146307058496,0.35944700460829493,0.35333333333333333,0.006113671274961596,0.42162162162162165,0.4297297297297297,-0.00810810810810808,0.3880597014925373,0.3878048780487805,0.0002548234437568242,0.6075156576200418,0.6074225582576313,9.30993624105314e-05,0.4248495663195855,0.4261157290663504,-0.0012661627467649428
Random Forest,volatility,0.05,6,17644921282834766135,0.6935240963855421,0.6897590361445783,0.003765060240963791,0.5851972013767421,0.5817581673531569,0.0034390340235852523,0.4359861591695502,0.4280821917808219,0.007903967388728284,0.34054054054054056,0.33783783783783783,0.0027027027027027306,0.38239757207890746,0.3776435045317221,0.004754067547185381,0.5833380353213339,0.5799554251537551,0.0033826101675787923,0.4320047066000814,0.4264443594968602,0.005560347103221175
Logistic Regression,volatility,0.05,7,14687071178519733970,0.6295180722891566,0.6325301204819277,-0.003012048192771122,0.5657168650905603,0.5694634091293799,-0.003746544038819577,0.35944700460829493,0.3640552995391705,-0.004608294930875556,0.42162162162162165,0.42702702702702705,-0.005405405405405406,0.3880597014925373,0.39303482587064675,-0.00497512437810943,0.6075156576200418,0.6088613665857925,-0.0013457089657507026,0.4248495663195855,0.4246367365947846,0.00021282972480085594
Random Forest,volatility,0.05,7,14687071178519733970,0.6935240963855421,0.6995481927710844,-0.006024096385542244,0.5851972013767421,0.5868842746713311,-0.0016870732945889477,0.4359861591695502,0.44727272727272727,-0.011286568103177075,0.34054054054054056,0.3324324324324324,0.008108108108108136,0.38239757207890746,0.3813953488372093,0.0010022232416981303,0.5833380353213339,0.5855583140551825,-0.0022202787338486685,0.4320047066000814,0.4323911986431095,-0.00038649204302809714
Logistic Regression,volatility,0.05,8,1288805726297204357,0.6295180722891566,0.6317771084337349,-0.0022590361445783413,0.5657168650905603,0.5697709191446143,-0.004054054054054013,0.35944700460829493,0.36384439359267734,-0.004397388984382411,0.42162162162162165,0.4297297297297297,-0.00810810810810808,0.3880597014925373,0.3940520446096654,-0.005992343117128096,0.6075156576200418,0.6083845850025391,-0.0008689273824973309,0.4248495663195855,0.4246551186618598,0.00019444765772569372
Random Forest,volatility,0.05,8,1288805726297204357,0.6935240963855421,0.6935240963855421,0.0,0.5851972013767421,0.5827089093268634,0.002488292049878771,0.4359861591695502,0.43462897526501765,0.001357183904532544,0.34054054054054056,0.3324324324324324,0.008108108108108136,0.38239757207890746,0.3767228177641654,0.00567475431474207,0.5833380353213339,0.5791767759408678,0.004161259380466076,0.4320047066000814,0.42989547233700726,0.0021092342630741334
Logistic Regression,volatility,0.05,9,2694717443115431898,0.6295180722891566,0.6280120481927711,0.0015060240963854499,0.5657168650905603,0.567161315804322,-0.001444450713761758,0.35944700460829493,0.3597285067873303,-0.00028150217903538666,0.42162162162162165,0.4297297297297297,-0.00810810810810808,0.3880597014925373,0.3916256157635468,-0.003565914271009496,0.6075156576200418,0.6076285053320544,-0.00011284771201258703,0.4248495663195855,0.4235270525153542,0.0013225138042312623
Random Forest,volatility,0.05,9,2694717443115431898,0.6935240963855421,0.6980421686746988,-0.004518072289156683,0.5851972013767421,0.5825227106020425,0.0026744907746996116,0.4359861591695502,0.4423791821561338,-0.0063930229865836186,0.34054054054054056,0.3216216216216216,0.018918918918918948,0.38239757207890746,0.37245696400625977,0.009940608072647683,0.5833380353213339,0.5874259436889917,-0.004087908367657822,0.4320047066000814,0.4306870240153932,0.0013176825846881735
Logistic Regression,volatility,0.05,10,798263953037857051,0.6295180722891566,0.6325301204819277,-0.003012048192771122,0.5657168650905603,0.5669751170795012,-0.0012582519889409172,0.35944700460829493,0.3621495327102804,-0.0027025281019854575,0.42162162162162165,0.4189189189189189,0.0027027027027027306,0.3880597014925373,0.38847117794486213,-0.00041147645232481045,0.6075156576200418,0.6051853523669808,0.0023303052530609936,0.4248495663195855,0.42405602376991824,0.0007935425496672366
Random Forest,volatility,0.05,10,798263953037857051,0.6935240963855421,0.6837349397590361,0.009789156626506035,0.5851972013767421,0.5734356485922247,0.011761552784517404,0.4359861591695502,0.41379310344827586,0.022193055721274335,0.34054054054054056,0.32432432432432434,0.016216216216216217,0.38239757207890746,0.36363636363636365,0.01876120844254381,0.5833380353213339,0.5818935846075721,0.001444450713761758,0.4320047066000814,0.43106580261507754,0.0009389039850038472
Logistic Regression,volatility,0.05,11,9942781157531832150,0.6295180722891566,0.6332831325301205,-0.0037650602409639022,0.5657168650905603,0.572473621847317,-0.006756756756756688,0.35944700460829493,0.36674259681093396,-0.007295592202639034,0.42162162162162165,0.43513513513513513,-0.013513513513513487,0.3880597014925373,0.3980222496909765,-0.00996254819843917,0.6075156576200418,0.6085425717993568,-0.0010269141793149972,0.4248495663195855,0.42563095855916055,-0.0007813922395750739
Random Forest,volatility,0.05,11,9942781157531832150,0.6935240963855421,0.6995481927710844,-0.006024096385542244,0.5851972013767421,0.5852254133047452,-2.821192800306349e-05,0.4359861591695502,0.44649446494464945,-0.010508305775099258,0.34054054054054056,0.327027027027027,0.013513513513513542,0.38239757207890746,0.37753510140405616,0.004862470674851294,0.5833380353213339,0.5788156632624274,0.0045223720589064875,0.4320047066000814,0.4300402021908332,0.001964504409248169
Logistic Regression,volatility,0.05,12,11470917733397998329,0.6295180722891566,0.6280120481927711,0.0015060240963854499,0.5657168650905603,0.5663318851210292,-0.0006150200304688713,0.35944700460829493,0.35909090909090907,0.0003560955173858571,0.42162162162162165,0.42702702702702705,-0.005405405405405406,0.3880597014925373,0.39012345679012345,-0.002063755297586123,0.6075156576200418,0.6050019748349602,0.0025136827850815724,0.4248495663195855,0.4243081208323853,0.0005414454872001984
Random Forest,volatility,0.05,12,11470917733397998329,0.6935240963855421,0.6995481927710844,-0.006024096385542244,0.5851972013767421,0.587713705354624,-0.0025165039778818343,0.4359861591695502,0.44765342960288806,-0.011667270433337873,0.34054054054054056,0.33513513513513515,0.005405405405405406,0.38239757207890746,0.38330757341576505,-0.000910001336857591,0.5833380353213339,0.5823816509620268,0.0009563843593071164,0.4320047066000814,0.42991736251832435,0.0020873440817570366
Logistic Regression,volatility,0.05,13,5763066070123842245,0.6295180722891566,0.6257530120481928,0.003765060240963791,0.5657168650905603,0.5647661231168538,0.0009507419737064815,0.35944700460829493,0.35665914221218964,0.0027878623961052895,0.42162162162162165,0.42702702702702705,-0.005405405405405406,0.3880597014925373,0.3886838868388684,-0.0006241853463310743,0.6075156576200418,0.6044236303108954,0.0030920273091463724,0.4248495663195855,0.42378190076927047,0.0010676655503150112
Random Forest,volatility,0.05,13,5763066070123842245,0.6935240963855421,0.6875,0.0060240963855421326,0.5851972013767421,0.5735569598826384,0.011640241494103698,0.4359861591695502,0.41935483870967744,0.016631320459872756,0.34054054054054056,0.3162162162162162,0.024324324324324353,0.38239757207890746,0.3605546995377504,0.021842872541157077,0.5833380353213339,0.5791034249280596,0.0042346103932743295,0.4320047066000814,0.425947647128192,0.006057059471889392
Logistic Regression,volatility,0.05,14,2085026209912754456,0.6295180722891566,0.6317771084337349,-0.0022590361445783413,0.5657168650905603,0.5681120577780285,-0.0023951926874682394,0.35944700460829493,0.3625866050808314,-0.0031396004725364746,0.42162162162162165,0.4243243243243243,-0.002702702702702675,0.3880597014925373,0.39103362391033625,-0.0029739224177989243,0.6075156576200418,0.6058850081814591,0.0016306494385827097,0.4248495663195855,0.42563936787133644,-0.0007898015517509571
Random Forest,volatility,0.05,14,2085026209912754456,0.6935240963855421,0.6965361445783133,-0.003012048192771122,0.5851972013767421,0.5823082999492186,0.002888901427523516,0.4359861591695502,0.43956043956043955,-0.0035742803908893617,0.34054054054054056,0.32432432432432434,0.016216216216216217,0.38239757207890746,0.37325038880248834,0.009147183276419113,0.5833380353213339,0.5846668171302827,-0.001328781808948798,0.4320047066000814,0.42905407429036324,0.0029506323097181486
Logistic Regression,volatility,0.05,15,16370598463426294518,0.6295180722891566,0.6242469879518072,0.005271084337349352,0.5657168650905603,0.5620634204141511,0.0036534446764091566,0.35944700460829493,0.35374149659863946,0.005705508009655469,0.42162162162162165,0.42162162162162165,0.0,0.3880597014925373,0.3847102342786683,0.0033494672138690285,0.6075156576200418,0.608937538791401,-0.0014218811713592183,0.4248495663195855,0.42462135622029484,0.00022821009929063774
Random Forest,volatility,0.05,15,16370598463426294518,0.6935240963855421,0.6882530120481928,0.005271084337349352,0.5851972013767421,0.5773966032838684,0.007800598092873701,0.4359861591695502,0.4230769230769231,0.012909236092627119,0.34054054054054056,0.327027027027027,0.013513513513513542,0.38239757207890746,0.36890243902439024,0.013495133054517217,0.5833380353213339,0.5856542346103932,-0.002316199289059351,0.4320047066000814,0.43165549036163614,0.00034921623844524907
Logistic Regression,volatility,0.05,16,13433636659664055155,0.6295180722891566,0.6310240963855421,-0.001506024096385561,0.5657168650905603,0.568419567793263,-0.002702702702702675,0.35944700460829493,0.3623853211009174,-0.0029383164926224947,0.42162162162162165,0.42702702702702705,-0.005405405405405406,0.3880597014925373,0.3920595533498759,-0.003999851857338588,0.6075156576200418,0.6098487840659031,-0.0023331264458613665,0.4248495663195855,0.42619129354682184,-0.0013417272272363556
Random Forest,volatility,0.05,16,13433636659664055155,0.6935240963855421,0.6920180722891566,0.001506024096385561,0.5851972013767421,0.5783473452575749,0.006849856119167219,0.4359861591695502,0.4296028880866426,0.006383271082907593,0.34054054054054056,0.3216216216216216,0.018918918918918948,0.38239757207890746,0.3678516228748068,0.014545949204100628,0.5833380353213339,0.5826327371212549,0.0007052982000790298,0.4320047066000814,0.4293072633655016,0.002697443234579766
Logistic Regression,volatility,0.05,17,11654464279866089178,0.6295180722891566,0.6325301204819277,-0.003012048192771122,0.5657168650905603,0.5727811318625515,-0.007064266771991234,0.35944700460829493,0.3665158371040724,-0.007068832495777444,0.42162162162162165,0.43783783783783786,-0.016216216216216217,0.3880597014925373,0.39901477832512317,-0.010955076832585842,0.6075156576200418,0.6046295773853185,0.002886080234723254,0.4248495663195855,0.4252465747578403,-0.0003970084382547978
Random Forest,volatility,0.05,17,11654464279866089178,0.6935240963855421,0.7010542168674698,-0.0075301204819276935,0.5851972013767421,0.5912458387406195,-0.006048637363877396,0.4359861591695502,0.45195729537366547,-0.015971136204115277,0.34054054054054056,0.34324324324324323,-0.002702702702702675,0.38239757207890746,0.3901689708141321,-0.007771398735224644,0.5833380353213339,0.5783558088359758,0.0049822264853580656,0.4320047066000814,0.42820036957854735,0.0038043370215340433
Logistic Regression,volatility,0.05,18,11124921268632415877,0.6295180722891566,0.6325301204819277,-0.003012048192771122,0.5657168650905603,0.5719517011792585,-0.006234836088698237,0.35944700460829493,0.3659090909090909,-0.006462086300795977,0.42162162162162165,0.43513513513513513,-0.013513513513513487,0.3880597014925373,0.39753086419753086,-0.009471162704993541,0.6075156576200418,0.6067623991423574,0.0007532584776843709,0.4248495663195855,0.4236776770020241,0.0011718893175614031
Random Forest,volatility,0.05,18,11124921268632415877,0.6935240963855421,0.6897590361445783,0.003765060240963791,0.5851972013767421,0.5767815832533996,0.008415618123342572,0.4359861591695502,0.425,0.010986159169550203,0.34054054054054056,0.3216216216216216,0.018918918918918948,0.38239757207890746,0.36615384615384616,0.016243725925061292,0.5833380353213339,0.5816509620267449,0.0016870732945889477,0.4320047066000814,0.42902134016663107,0.0029833664334503185
Logistic Regression,volatility,0.05,19,1508129831368411882,0.6295180722891566,0.6355421686746988,-0.006024096385542244,0.5657168650905603,0.5723805224849066,-0.006663657394346267,0.35944700460829493,0.3680555555555556,-0.008608550947260651,0.42162162162162165,0.4297297297297297,-0.00810810810810808,0.3880597014925373,0.39650872817955113,-0.008449026687013805,0.6075156576200418,0.6086808102465723,-0.0011651526265304968,0.4248495663195855,0.42609463146084914,-0.001245065141263657
Random Forest,volatility,0.05,19,1508129831368411882,0.6935240963855421,0.6957831325301205,-0.0022590361445783413,0.5851972013767421,0.5842746713310387,0.000922530045703418,0.4359861591695502,0.4392857142857143,-0.003299555116164088,0.34054054054054056,0.3324324324324324,0.008108108108108136,0.38239757207890746,0.37846153846153846,0.003936033617368995,0.5833380353213339,0.5860238108672347,-0.0026857755459007704,0.4320047066000814,0.43023784560941725,0.001766860990664143
Logistic Regression,volatility,0.05,20,15064934841902406290,0.6295180722891566,0.6310240963855421,-0.001506024096385561,0.5657168650905603,0.5725667212097275,-0.006849856119167219,0.35944700460829493,0.3654708520179372,-0.006023847409642291,0.42162162162162165,0.44054054054054054,-0.018918918918918892,0.3880597014925373,0.39950980392156865,-0.011450102429031328,0.6075156576200418,0.6086920950177735,-0.0011764373977317666,0.4248495663195855,0.42542108943049306,-0.0005715231109075791
Random Forest,volatility,0.05,20,15064934841902406290,0.6935240963855421,0.6897590361445783,0.003765060240963791,0.5851972013767421,0.5776110139366925,0.007586187440049685,0.4359861591695502,0.425531914893617,0.010454244275933167,0.34054054054054056,0.32432432432432434,0.016216216216216217,0.38239757207890746,0.36809815950920244,0.014299412569705017,0.5833380353213339,0.5870084071545449,-0.0036703718332110613,0.4320047066000814,0.43227445025819944,-0.000269743658118049
Logistic Regression,volatility,0.05,21,2735951782020753869,0.6295180722891566,0.6317771084337349,-0.0022590361445783413,0.5657168650905603,0.5689414884613214,-0.003224623370761126,0.35944700460829493,0.3632183908045977,-0.003771386196302795,0.42162162162162165,0.42702702702702705,-0.005405405405405406,0.3880597014925373,0.39254658385093166,-0.00448688235839434,0.6075156576200418,0.6084946115217513,-0.000978953901709545,0.4248495663195855,0.425014976116485,-0.0001654097968994961
Random Forest,volatility,0.05,21,2735951782020753869,0.6935240963855421,0.6950301204819277,-0.001506024096385561,0.5851972013767421,0.5845821813462733,0.0006150200304688713,0.4359861591695502,0.4381625441696113,-0.0021763850000611207,0.34054054054054056,0.33513513513513515,0.005405405405405406,0.38239757207890746,0.37978560490045943,0.002611967178448027,0.5833380353213339,0.5760170400045139,0.007320995316819956,0.4320047066000814,0.42523412344253797,0.0067705831575434194
Logistic Regression,volatility,0.05,22,10039753237347514011,0.6295180722891566,0.6302710843373494,-0.0007530120481927804,0.5657168650905603,0.5687270778084974,-0.0030102127179371108,0.35944700460829493,0.3621867881548975,-0.002739783546602592,0.42162162162162165,0.4297297297297297,-0.00810810810810808,0.3880597014925373,0.3930778739184178,-0.005018172425880485,0.6075156576200418,0.6046239349997178,0.002891722620324,0.4248495663195855,0.4244831513532621,0.00036641496632339177
Random Forest,volatility,0.05,22,10039753237347514011,0.6935240963855421,0.6882530120481928,0.005271084337349352,0.5851972013767421,0.5782260339671613,0.006971167409580814,0.4359861591695502,0.4236111111111111,0.012375048058439087,0.34054054054054056,0.32972972972972975,0.010810810810810811,0.38239757207890746,0.3708206686930091,0.01157690338589834,0.5833380353213339,0.5766800203125881,0.0066580150087457435,0.4320047066000814,0.42574377644244077,0.006260930157640621
Logistic Regression,volatility,0.05,23,1447727500469351559,0.6295180722891566,0.6280120481927711,0.0015060240963854499,0.5657168650905603,0.567161315804322,-0.001444450713761758,0.35944700460829493,0.3597285067873303,-0.00028150217903538666,0.42162162162162165,0.4297297297297297,-0.00810810810810808,0.3880597014925373,0.3916256157635468,-0.003565914271009496,0.6075156576200418,0.6082124922417198,-0.0006968346216780219,0.4248495663195855,0.425448789926136,-0.0005992236065505141
Random Forest,volatility,0.05,23,1447727500469351559,0.6935240963855421,0.6980421686746988,-0.004518072289156683,0.5851972013767421,0.5866698640185071,-0.0014726626417649324,0.4359861591695502,0.4444444444444444,-0.008458285274894228,0.34054054054054056,0.33513513513513515,0.005405405405405406,0.38239757207890746,0.38212634822804314,0.00027122385086431056,0.5833380353213339,0.5870648310105513,-0.0037267956892174103,0.4320047066000814,0.43345271900280036,-0.0014480124027189678
Logistic Regression,volatility,0.05,24,8377961117105548963,0.6295180722891566,0.6325301204819277,-0.003012048192771122,0.5657168650905603,0.568633978446087,-0.0029171133555266904,0.35944700460829493,0.36342592592592593,-0.003978921317631001,0.42162162162162165,0.4243243243243243,-0.002702702702702675,0.3880597014925373,0.3915211970074813,-0.0034614955149439575,0.6075156576200418,0.609123737516222,-0.0016080798961801701,0.4248495663195855,0.4267987320342754,-0.0019491657146898933
Random Forest,volatility,0.05,24,8377961117105548963,0.6935240963855421,0.6897590361445783,0.003765060240963791,0.5851972013767421,0.5784404446199853,0.006756756756756799,0.4359861591695502,0.426056338028169,0.00992982114138119,0.34054054054054056,0.327027027027027,0.013513513513513542,0.38239757207890746,0.37003058103975534,0.01236699103915212,0.5833380353213339,0.5835214128533545,-0.00018337753202057883,0.4320047066000814,0.4293609313254428,0.0026437752746386045
Logistic Regression,volatility,0.05,25,8704533087807837586,0.6295180722891566,0.625,0.004518072289156572,0.5657168650905603,0.558438187665745,0.00727867742481525,0.35944700460829493,0.3511627906976744,0.008284213910620508,0.42162162162162165,0.4081081081081081,0.013513513513513542,0.3880597014925373,0.3775,0.010559701492537321,0.6075156576200418,0.6040653388252553,0.003450318794786522,0.4248495663195855,0.4214950642621462,0.003354502057439257
Random Forest,volatility,0.05,25,8704533087807837586,0.6935240963855421,0.6920180722891566,0.001506024096385561,0.5851972013767421,0.577517914574282,0.007679286802460106,0.4359861591695502,0.4290909090909091,0.006895250078641113,0.34054054054054056,0.31891891891891894,0.021621621621621623,0.38239757207890746,0.36589147286821705,0.016506099210690406,0.5833380353213339,0.5841759295830277,-0.0008378942616937834,0.4320047066000814,0.4310113213116271,0.0009933852884542738
Logistic Regression,volatility,0.05,26,9898138648450301907,0.6295180722891566,0.6295180722891566,0.0,0.5657168650905603,0.568205157140439,-0.00248829204987866,0.35944700460829493,0.3613636363636364,-0.001916631755341458,0.42162162162162165,0.4297297297297297,-0.00810810810810808,0.3880597014925373,0.3925925925925926,-0.004532891100055281,0.6075156576200418,0.6079980815888959,-0.00048242396885411765,0.4248495663195855,0.42523488724975295,-0.0003853209301674654
Random Forest,volatility,0.05,26,9898138648450301907,0.6935240963855421,0.6950301204819277,-0.001506024096385561,0.5851972013767421,0.5812644586131016,0.003932742763640529,0.4359861591695502,0.43636363636363634,-0.000377477194086151,0.34054054054054056,0.32432432432432434,0.016216216216216217,0.38239757207890746,0.37209302325581395,0.010304548823093507,0.5833380353213339,0.5896744343508435,-0.006336399029509665,0.4320047066000814,0.43394256418626187,-0.0019378575861804803
Logistic Regression,volatility,0.05,27,14284093472061057882,0.6295180722891566,0.6340361445783133,-0.004518072289156683,0.5657168650905603,0.5738249731986684,-0.008108108108108136,0.35944700460829493,0.36818181818181817,-0.008734813573523237,0.42162162162162165,0.43783783783783786,-0.016216216216216217,0.3880597014925373,0.4,-0.011940298507462699,0.6075156576200418,0.6104581617107714,-0.002942504090729603,0.4248495663195855,0.426809645995351,-0.0019600796757655026
Random Forest,volatility,0.05,27,14284093472061057882,0.6935240963855421,0.6987951807228916,-0.005271084337349463,0.5851972013767421,0.5871917846865655,-0.0019945833098233834,0.4359861591695502,0.4460431654676259,-0.01005700629807571,0.34054054054054056,0.33513513513513515,0.005405405405405406,0.38239757207890746,0.38271604938271603,-0.0003184773038085731,0.5833380353213339,0.5848219827343001,-0.0014839474129662023,0.4320047066000814,0.43341466249335103,-0.0014099558932696432
Logistic Regression,volatility,0.05,28,391993721491663590,0.6295180722891566,0.6317771084337349,-0.0022590361445783413,0.5657168650905603,0.5714297805112001,-0.005712915420639786,0.35944700460829493,0.36507936507936506,-0.00563236047107013,0.42162162162162165,0.43513513513513513,-0.013513513513513487,0.3880597014925373,0.3970406905055487,-0.008980989013011365,0.6075156576200418,0.6094030356034531,-0.0018873779834113202,0.4248495663195855,0.42550569408293715,-0.000656127763351666
Random Forest,volatility,0.05,28,391993721491663590,0.6935240963855421,0.6920180722891566,0.001506024096385561,0.5851972013767421,0.5800062066241607,0.005190994752581446,0.4359861591695502,0.4306049822064057,0.005381176963144496,0.34054054054054056,0.327027027027027,0.013513513513513542,0.38239757207890746,0.3717357910906298,0.010661780988277636,0.5833380353213339,0.586777069344919,-0.0034390340235851413,0.4320047066000814,0.43043660495600167,0.0015681016440797224
Logistic Regression,volatility,0.05,29,4506926289894864431,0.6295180722891566,0.6265060240963856,0.0030120481927710108,0.5657168650905603,0.5644586131016194,0.0012582519889409172,0.35944700460829493,0.3568181818181818,0.0026288227901131167,0.42162162162162165,0.4243243243243243,-0.002702702702702675,0.3880597014925373,0.38765432098765434,0.0004053805048829795,0.6075156576200418,0.6061050612198837,0.0014105964001580595,0.4248495663195855,0.42451666713918,0.00033289918040546596
Random Forest,volatility,0.05,29,4506926289894864431,0.6935240963855421,0.6890060240963856,0.004518072289156572,0.5851972013767421,0.5754302319020482,0.00976696947469391,0.4359861591695502,0.4229390681003584,0.013047091069191774,0.34054054054054056,0.31891891891891894,0.021621621621621623,0.38239757207890746,0.36363636363636365,0.01876120844254381,0.5833380353213339,0.5825565649156463,0.0007814704056875454,0.4320047066000814,0.4306570882988959,0.0013476183011855158
Logistic Regression,volatility,0.1,0,2366307202471817001,0.6295180722891566,0.6370481927710844,-0.0075301204819278045,0.5657168650905603,0.5817186706539526,-0.016001805563392257,0.35944700460829493,0.37555555555555553,-0.016108550947260603,0.42162162162162165,0.45675675675675675,-0.03513513513513511,0.3880597014925373,0.4121951219512195,-0.024135420458682166,0.6075156576200418,0.6114766123116855,-0.003960954691643703,0.4248495663195855,0.42549223417097426,-0.0006426678513887785
Random Forest,volatility,0.1,0,2366307202471817001,0.6935240963855421,0.6965361445783133,-0.003012048192771122,0.5851972013767421,0.5839671613158043,0.0012300400609378537,0.4359861591695502,0.4404332129963899,-0.004447053826839686,0.34054054054054056,0.32972972972972975,0.010810810810810811,0.38239757207890746,0.37712519319938176,0.0052723788795256965,0.5833380353213339,0.5916125938046606,-0.0082745584833267,0.4320047066000814,0.4358469337184955,-0.0038422271184140877
Logistic Regression,volatility,0.1,1,18335376600278357395,0.6295180722891566,0.625,0.004518072289156572,0.5657168650905603,0.5659030638153811,-0.00018619872482084077,0.35944700460829493,0.35714285714285715,0.002304147465437778,0.42162162162162165,0.43243243243243246,-0.010810810810810811,0.3880597014925373,0.39119804400978,-0.003138342517242654,0.6075156576200418,0.6092563335778367,-0.0017406759577949238,0.4248495663195855,0.42687780827571503,-0.0020282419561295506
Random Forest,volatility,0.1,1,18335376600278357395,0.6935240963855421,0.7018072289156626,-0.008283132530120474,0.5851972013767421,0.5867911753089206,-0.0015939739321784163,0.4359861591695502,0.45149253731343286,-0.015506378143882671,0.34054054054054056,0.327027027027027,0.013513513513513542,0.38239757207890746,0.3793103448275862,0.0030872272513212673,0.5833380353213339,0.5877898775602325,-0.004451842238898607,0.4320047066000814,0.4332091432670536,-0.0012044366669722306
Logistic Regression,volatility,0.1,2,1622254809026032536,0.6295180722891566,0.6265060240963856,0.0030120481927710108,0.5657168650905603,0.5644586131016194,0.0012582519889409172,0.35944700460829493,0.3568181818181818,0.0026288227901131167,0.42162162162162165,0.4243243243243243,-0.002702702702702675,0.3880597014925373,0.38765432098765434,0.0004053805048829795,0.6075156576200418,0.6047875641821363,0.0027280934379054766,0.4248495663195855,0.423749200710364,0.0011003656092214986
Random Forest,volatility,0.1,2,1622254809026032536,0.6935240963855421,0.6920180722891566,0.001506024096385561,0.5851972013767421,0.577517914574282,0.007679286802460106,0.4359861591695502,0.4290909090909091,0.006895250078641113,0.34054054054054056,0.31891891891891894,0.021621621621621623,0.38239757207890746,0.36589147286821705,0.016506099210690406,0.5833380353213339,0.5830954127405066,0.00024262258082730082,0.4320047066000814,0.432933773884948,-0.0009290672848666359
Logistic Regression,volatility,0.1,3,3835040725260344107,0.6295180722891566,0.6204819277108434,0.009036144578313143,0.5657168650905603,0.5669186932234949,-0.0012018281329345681,0.35944700460829493,0.35560344827586204,0.0038435563324328847,0.42162162162162165,0.44594594594594594,-0.024324324324324298,0.3880597014925373,0.39568345323741005,-0.007623751744872731,0.6075156576200418,0.6055605710094227,0.00195508661061905,0.4248495663195855,0.4267875655288487,-0.0019379992092632414
Random Forest,volatility,0.1,3,3835040725260344107,0.6935240963855421,0.6942771084337349,-0.0007530120481927804,0.5851972013767421,0.5774248152118716,0.007772386164870526,0.4359861591695502,0.43283582089552236,0.0031503382740278307,0.34054054054054056,0.31351351351351353,0.02702702702702703,0.38239757207890746,0.36363636363636365,0.01876120844254381,0.5833380353213339,0.5896857191220447,-0.006347683800710824,0.4320047066000814,0.43181873938451676,0.0001859672155646308
Logistic Regression,volatility,0.1,4,18225333182248648041,0.6295180722891566,0.6310240963855421,-0.001506024096385561,0.5657168650905603,0.5742255825763133,-0.008508717485752992,0.35944700460829493,0.36666666666666664,-0.007219662058371712,0.42162162162162165,0.44594594594594594,-0.024324324324324298,0.3880597014925373,0.4024390243902439,-0.014379322897706603,0.6075156576200418,0.6099023867291091,-0.0023867291090673426,0.4248495663195855,0.42531090000962835,-0.0004613336900428644
Random Forest,volatility,0.1,4,18225333182248648041,0.6935240963855421,0.6912650602409639,0.0022590361445782303,0.5851972013767421,0.5778254245895165,0.00737177678722567,0.4359861591695502,0.42805755395683454,0.007928605212715656,0.34054054054054056,0.3216216216216216,0.018918918918918948,0.38239757207890746,0.36728395061728397,0.015113621461623483,0.5833380353213339,0.5754725497940529,0.007865485527280947,0.4320047066000814,0.4283773120864279,0.0036273945136535146
Logistic Regression,volatility,0.1,5,12940473134716090927,0.6295180722891566,0.6227409638554217,0.006777108433734913,0.5657168650905603,0.56267844044462,0.0030384246459402853,0.35944700460829493,0.3534675615212528,0.0059794430870421245,0.42162162162162165,0.42702702702702705,-0.005405405405405406,0.3880597014925373,0.386780905752754,0.001278795739783345,0.6075156576200418,0.6048468092309429,0.0026688483890988657,0.4248495663195855,0.4237897859035824,0.0010597804160030755
Random Forest,volatility,0.1,5,12940473134716090927,0.6935240963855421,0.7033132530120482,-0.009789156626506035,0.5851972013767421,0.5894938780116233,-0.0042966766348812024,0.4359861591695502,0.45555555555555555,-0.019569396386005355,0.34054054054054056,0.3324324324324324,0.008108108108108136,0.38239757207890746,0.384375,-0.001977427921092567,0.5833380353213339,0.5817468825819556,0.0015911527393782654,0.4320047066000814,0.4294693889851777,0.002535317614903665
Logistic Regression,volatility,0.1,6,14308144791960925714,0.6295180722891566,0.6212349397590361,0.008283132530120474,0.5657168650905603,0.5690994752581391,-0.0033826101675787923,0.35944700460829493,0.3576017130620985,0.001845291546196448,0.42162162162162165,0.45135135135135135,-0.029729729729729704,0.3880597014925373,0.39904420549581837,-0.010984504003281048,0.6075156576200418,0.607267392653614,0.0002482649664278247,0.4248495663195855,0.42679561217831075,-0.001946045858725265
Random Forest,volatility,0.1,6,14308144791960925714,0.6935240963855421,0.6799698795180723,0.013554216867469826,0.5851972013767421,0.566678891835468,0.01851830954127409,0.4359861591695502,0.40350877192982454,0.03247738723972565,0.34054054054054056,0.3108108108108108,0.02972972972972976,0.38239757207890746,0.3511450381679389,0.03125253391096855,0.5833380353213339,0.5781555041471534,0.005182531174180438,0.4320047066000814,0.42342337958185133,0.008581327018230056
Logistic Regression,volatility,0.1,7,6717287894585158922,0.6295180722891566,0.6325301204819277,-0.003012048192771122,0.5657168650905603,0.5727811318625515,-0.007064266771991234,0.35944700460829493,0.3665158371040724,-0.007068832495777444,0.42162162162162165,0.43783783783783786,-0.016216216216216217,0.3880597014925373,0.39901477832512317,-0.010955076832585842,0.6075156576200418,0.6098600688371043,-0.0023444112170625253,0.4248495663195855,0.42506137362438656,-0.00021180730480108156
Random Forest,volatility,0.1,7,6717287894585158922,0.6935240963855421,0.6965361445783133,-0.003012048192771122,0.5851972013767421,0.5872848840489759,-0.0020876826722338038,0.4359861591695502,0.4421052631578947,-0.006119103988344532,0.34054054054054056,0.34054054054054056,0.0,0.38239757207890746,0.3847328244274809,-0.0023352523485734578,0.5833380353213339,0.5853326186311573,-0.0019945833098233834,0.4320047066000814,0.4303415907612338,0.0016631158388475953
Logistic Regression,volatility,0.1,8,3669201873744602018,0.6295180722891566,0.6317771084337349,-0.0022590361445783413,0.5657168650905603,0.573088641877786,-0.00737177678722567,0.35944700460829493,0.36629213483146067,-0.006845130223165741,0.42162162162162165,0.44054054054054054,-0.018918918918918892,0.3880597014925373,0.4,-0.011940298507462699,0.6075156576200418,0.6090588500818146,-0.0015431924617728132,0.4248495663195855,0.4241253294573208,0.0007242368622646933
Random Forest,volatility,0.1,8,3669201873744602018,0.6935240963855421,0.6920180722891566,0.001506024096385561,0.5851972013767421,0.5783473452575749,0.006849856119167219,0.4359861591695502,0.4296028880866426,0.006383271082907593,0.34054054054054056,0.3216216216216216,0.018918918918918948,0.38239757207890746,0.3678516228748068,0.014545949204100628,0.5833380353213339,0.5841223269198217,-0.0007842915984878074,0.4320047066000814,0.42833923393743956,0.0036654726626418332
Logistic Regression,volatility,0.1,9,12795277558199757469,0.6295180722891566,0.6265060240963856,0.0030120481927710108,0.5657168650905603,0.5661174744682052,-0.00040060937764485605,0.35944700460829493,0.3581081081081081,0.0013388965001868147,0.42162162162162165,0.4297297297297297,-0.00810810810810808,0.3880597014925373,0.3906633906633907,-0.0026036891708533516,0.6075156576200418,0.6073999887152288,0.00011566890481296,0.4248495663195855,0.42339701895580706,0.0014525473637784225
Random Forest,volatility,0.1,9,12795277558199757469,0.6935240963855421,0.6935240963855421,0.0,0.5851972013767421,0.5760734638605203,0.009123737516221864,0.4359861591695502,0.4307116104868914,0.005274548682658808,0.34054054054054056,0.3108108108108108,0.02972972972972976,0.38239757207890746,0.36106750392464676,0.021330068154260695,0.5833380353213339,0.5875416125938047,-0.004203577272470782,0.4320047066000814,0.4305918251069976,0.001412881493083773
Logistic Regression,volatility,0.1,10,7179926265880006991,0.6295180722891566,0.6340361445783133,-0.004518072289156683,0.5657168650905603,0.5713366811487897,-0.0056198160582293655,0.35944700460829493,0.3663594470046083,-0.00691244239631339,0.42162162162162165,0.4297297297297297,-0.00810810810810808,0.3880597014925373,0.39552238805970147,-0.007462686567164145,0.6075156576200418,0.6021017886362354,0.005413868983806358,0.4248495663195855,0.42256000989890685,0.002289556420678629
Random Forest,volatility,0.1,10,7179926265880006991,0.6935240963855421,0.6852409638554217,0.008283132530120474,0.5851972013767421,0.5695029058285843,0.01569429554815782,0.4359861591695502,0.41304347826086957,0.022942680908680624,0.34054054054054056,0.3081081081081081,0.032432432432432434,0.38239757207890746,0.35294117647058826,0.029456395608319197,0.5833380353213339,0.5837386446989787,-0.00040060937764485605,0.4320047066000814,0.4308277408602144,0.0011769657398669753
Logistic Regression,volatility,0.1,11,7183020000685009314,0.6295180722891566,0.6257530120481928,0.003765060240963791,0.5657168650905603,0.5664249844834396,-0.0007081193928792917,0.35944700460829493,0.3579418344519016,0.0015051701563933428,0.42162162162162165,0.43243243243243246,-0.010810810810810811,0.3880597014925373,0.39167686658506734,-0.003617165092530017,0.6075156576200418,0.609411499181854,-0.001895841561812217,0.4248495663195855,0.42507146267410567,-0.0002218963545201902
Random Forest,volatility,0.1,11,7183020000685009314,0.6935240963855421,0.6995481927710844,-0.006024096385542244,0.5851972013767421,0.5827371212548665,0.0024600801218755963,0.4359861591695502,0.44528301886792454,-0.009296859698374349,0.34054054054054056,0.31891891891891894,0.021621621621621623,0.38239757207890746,0.3716535433070866,0.010744028771820846,0.5833380353213339,0.5828443265812785,0.0004937087400553875,0.4320047066000814,0.4307113652001994,0.0012933413998819643
Logistic Regression,volatility,0.1,12,16934943713598674117,0.6295180722891566,0.6265060240963856,0.0030120481927710108,0.5657168650905603,0.5669469051514981,-0.0012300400609378537,0.35944700460829493,0.35874439461883406,0.0007026099894608673,0.42162162162162165,0.43243243243243246,-0.010810810810810811,0.3880597014925373,0.39215686274509803,-0.00409716125256071,0.6075156576200418,0.6023556959882639,0.0051599616317778985,0.4248495663195855,0.42344988392306543,0.0013996823965200522
Random Forest,volatility,0.1,12,16934943713598674117,0.6935240963855421,0.697289156626506,-0.0037650602409639022,0.5851972013767421,0.5828302206172771,0.002366980759465065,0.4359861591695502,0.4411764705882353,-0.00519031141868509,0.34054054054054056,0.32432432432432434,0.016216216216216217,0.38239757207890746,0.37383177570093457,0.00856579637797289,0.5833380353213339,0.5830982339333071,0.00023980138802681683,0.4320047066000814,0.4299820949729386,0.0020226116271427896
Logistic Regression,volatility,0.1,13,13152893790655535628,0.6295180722891566,0.6212349397590361,0.008283132530120474,0.5657168650905603,0.5632934604750889,0.002423404615471414,0.35944700460829493,0.35320088300220753,0.006246121606087396,0.42162162162162165,0.43243243243243246,-0.010810810810810811,0.3880597014925373,0.3888213851761847,-0.0007616836836473739,0.6075156576200418,0.6010466625289173,0.00646899509112453,0.4248495663195855,0.42226457645620186,0.0025849898633836244
Random Forest,volatility,0.1,13,13152893790655535628,0.6935240963855421,0.7003012048192772,-0.006777108433735024,0.5851972013767421,0.5824296112396321,0.002767590137110032,0.4359861591695502,0.44656488549618323,-0.010578726326633037,0.34054054054054056,0.3162162162162162,0.024324324324324353,0.38239757207890746,0.370253164556962,0.012144407521945455,0.5833380353213339,0.5816509620267449,0.0016870732945889477,0.4320047066000814,0.42598777379056674,0.006016932809514652
Logistic Regression,volatility,0.1,14,768035227225045076,0.6295180722891566,0.6325301204819277,-0.003012048192771122,0.5657168650905603,0.5752694239124302,-0.009552558821869894,0.35944700460829493,0.36830357142857145,-0.008856566820276524,0.42162162162162165,0.44594594594594594,-0.024324324324324298,0.3880597014925373,0.4034229828850856,-0.015363281392548278,0.6075156576200418,0.6045195508661061,0.00299610675393569,0.4248495663195855,0.42743323538475075,-0.0025836690651652727
Random Forest,volatility,0.1,14,768035227225045076,0.6935240963855421,0.6942771084337349,-0.0007530120481927804,0.5851972013767421,0.5790836765784574,0.006113524798284753,0.4359861591695502,0.4338235294117647,0.0021626297577854725,0.34054054054054056,0.31891891891891894,0.021621621621621623,0.38239757207890746,0.367601246105919,0.014796325972988467,0.5833380353213339,0.5914489646222423,-0.008110929300908398,0.4320047066000814,0.43248319546661596,-0.00047848886653456546
Logistic Regression,volatility,0.1,15,3359217860721850658,0.6295180722891566,0.6257530120481928,0.003765060240963791,0.5657168650905603,0.5680838458500254,-0.002366980759465065,0.35944700460829493,0.35920177383592017,0.00024523077237476043,0.42162162162162165,0.43783783783783786,-0.016216216216216217,0.3880597014925373,0.3946406820950061,-0.006580980602468756,0.6075156576200418,0.609304293855442,-0.001788636235400265,0.4248495663195855,0.42394845061767467,0.0009011157019108151
Random Forest,volatility,0.1,15,3359217860721850658,0.6935240963855421,0.6942771084337349,-0.0007530120481927804,0.5851972013767421,0.5807425379450432,0.00445466343169898,0.4359861591695502,0.43478260869565216,0.0012035504738980296,0.34054054054054056,0.32432432432432434,0.016216216216216217,0.38239757207890746,0.3715170278637771,0.01088054421513035,0.5833380353213339,0.5844270157422558,-0.00108898042092187,0.4320047066000814,0.42894334276935214,0.0030613638307292468
Logistic Regression,volatility,0.1,16,17868735094112751964,0.6295180722891566,0.6340361445783133,-0.004518072289156683,0.5657168650905603,0.5754838345652542,-0.00976696947469391,0.35944700460829493,0.36936936936936937,-0.009922364761074443,0.42162162162162165,0.44324324324324327,-0.021621621621621623,0.3880597014925373,0.40294840294840295,-0.014888701455865627,0.6075156576200418,0.6120380296789483,-0.0045223720589064875,0.4248495663195855,0.42771185982300647,-0.0028622935034209873
Random Forest,volatility,0.1,16,17868735094112751964,0.6935240963855421,0.697289156626506,-0.0037650602409639022,0.5851972013767421,0.5795124978841054,0.005684703492636722,0.4359861591695502,0.4393939393939394,-0.003407780224389201,0.34054054054054056,0.31351351351351353,0.02702702702702703,0.38239757207890746,0.3659305993690852,0.01646697270982228,0.5833380353213339,0.5872651356993737,-0.003927100378039783,0.4320047066000814,0.4324140866515114,-0.0004093800514299861
Logistic Regression,volatility,0.1,17,9784062613234901663,0.6295180722891566,0.6325301204819277,-0.003012048192771122,0.5657168650905603,0.5736105625458444,-0.007893697455284121,0.35944700460829493,0.36711711711711714,-0.007670112508822213,0.42162162162162165,0.44054054054054054,-0.018918918918918892,0.3880597014925373,0.4004914004914005,-0.01243169899886315,0.6075156576200418,0.6012526096033404,0.006263048016701411,0.4248495663195855,0.4256710674419578,-0.0008215011223723367
Random Forest,volatility,0.1,17,9784062613234901663,0.6935240963855421,0.7100903614457831,-0.016566265060240948,0.5851972013767421,0.5983383174406138,-0.013141116063871694,0.4359861591695502,0.47232472324723246,-0.03633856407768227,0.34054054054054056,0.34594594594594597,-0.005405405405405406,0.38239757207890746,0.3993759750390016,-0.01697840296009412,0.5833380353213339,0.5794335044856965,0.0039045308356373543,0.4320047066000814,0.43309998139307004,-0.0010952747929886542
Logistic Regression,volatility,0.1,18,747028352466584747,0.6295180722891566,0.6295180722891566,0.0,0.5657168650905603,0.5731817412401963,-0.0074648761496359795,0.35944700460829493,0.36504424778761063,-0.005597243179315703,0.42162162162162165,0.44594594594594594,-0.024324324324324298,0.3880597014925373,0.40145985401459855,-0.013400152522061226,0.6075156576200418,0.6053264120069966,0.002189245613045232,0.4248495663195855,0.4222227940852355,0.0026267722343499833
Random Forest,volatility,0.1,18,747028352466584747,0.6935240963855421,0.6912650602409639,0.0022590361445782303,0.5851972013767421,0.5778254245895165,0.00737177678722567,0.4359861591695502,0.42805755395683454,0.007928605212715656,0.34054054054054056,0.3216216216216216,0.018918918918918948,0.38239757207890746,0.36728395061728397,0.015113621461623483,0.5833380353213339,0.5834508830333465,-0.00011284771201258703,0.4320047066000814,0.4275221439216198,0.004482562678461588
Logistic Regression,volatility,0.1,19,8950328443178704827,0.6295180722891566,0.6332831325301205,-0.0037650602409639022,0.5657168650905603,0.57330305253061,-0.007586187440049685,0.35944700460829493,0.3673469387755102,-0.007899934167215295,0.42162162162162165,0.43783783783783786,-0.016216216216216217,0.3880597014925373,0.3995067817509248,-0.011447080258387476,0.6075156576200418,0.6096682277266828,-0.0021525701066410496,0.4248495663195855,0.4276754098546427,-0.0028258435350572153
Random Forest,volatility,0.1,19,8950328443178704827,0.6935240963855421,0.6965361445783133,-0.003012048192771122,0.5851972013767421,0.5847965919990972,0.00040060937764496707,0.4359861591695502,0.44086021505376344,-0.004874055884213246,0.34054054054054056,0.3324324324324324,0.008108108108108136,0.38239757207890746,0.3790446841294299,0.0033528879494775787,0.5833380353213339,0.5911188850646053,-0.007780849743271423,0.4320047066000814,0.4319422801070104,6.242649307097725e-05
Logistic Regression,volatility,0.1,20,6377613616248549248,0.6295180722891566,0.634789156626506,-0.005271084337349463,0.5657168650905603,0.5801529086497772,-0.014436043559216905,0.35944700460829493,0.3730684326710817,-0.013621428062786767,0.42162162162162165,0.45675675675675675,-0.03513513513513511,0.3880597014925373,0.4106925880923451,-0.022632886599807778,0.6075156576200418,0.6097669694746939,-0.002251311854652105,0.4248495663195855,0.4256200896993879,-0.0007705233798024347
Random Forest,volatility,0.1,20,6377613616248549248,0.6935240963855421,0.6965361445783133,-0.003012048192771122,0.5851972013767421,0.5839671613158043,0.0012300400609378537,0.4359861591695502,0.4404332129963899,-0.004447053826839686,0.34054054054054056,0.32972972972972975,0.010810810810810811,0.38239757207890746,0.37712519319938176,0.0052723788795256965,0.5833380353213339,0.5845962873102748,-0.0012582519889409172,0.4320047066000814,0.43006437498143957,0.0019403316186418218
Logistic Regression,volatility,0.1,21,13961793562103306305,0.6295180722891566,0.6317771084337349,-0.0022590361445783413,0.5657168650905603,0.573088641877786,-0.00737177678722567,0.35944700460829493,0.36629213483146067,-0.006845130223165741,0.42162162162162165,0.44054054054054054,-0.018918918918918892,0.3880597014925373,0.4,-0.011940298507462699,0.6075156576200418,0.609580770749873,-0.002065113129831264,0.4248495663195855,0.42522615815396964,-0.00037659183438415456
Random Forest,volatility,0.1,21,13961793562103306305,0.6935240963855421,0.697289156626506,-0.0037650602409639022,0.5851972013767421,0.5836596513005698,0.0015375500761722893,0.4359861591695502,0.4416058394160584,-0.0056196802465082185,0.34054054054054056,0.327027027027027,0.013513513513513542,0.38239757207890746,0.37577639751552794,0.006621174563379517,0.5833380353213339,0.5833070022005303,3.1033120803547476e-05,0.4320047066000814,0.4297113647311387,0.0022933418689427
Logistic Regression,volatility,0.1,22,11759430646628132001,0.6295180722891566,0.6234939759036144,0.0060240963855421326,0.5657168650905603,0.5640297917959713,0.0016870732945889477,0.35944700460829493,0.3549107142857143,0.004536290322580627,0.42162162162162165,0.4297297297297297,-0.00810810810810808,0.3880597014925373,0.38875305623471884,-0.0006933547421815178,0.6075156576200418,0.6014359871353608,0.0060796704846809435,0.4248495663195855,0.4240704122186513,0.000779154100934154
Random Forest,volatility,0.1,22,11759430646628132001,0.6935240963855421,0.6957831325301205,-0.0022590361445783413,0.5851972013767421,0.582615809964453,0.0025813914122891912,0.4359861591695502,0.4384057971014493,-0.002419637931899088,0.34054054054054056,0.327027027027027,0.013513513513513542,0.38239757207890746,0.3746130030959752,0.007784568982932227,0.5833380353213339,0.5802911470969927,0.003046888224341182,0.4320047066000814,0.43136996413496426,0.000634742465117133
Logistic Regression,volatility,0.1,23,14771772456768534806,0.6295180722891566,0.6317771084337349,-0.0022590361445783413,0.5657168650905603,0.5714297805112001,-0.005712915420639786,0.35944700460829493,0.36507936507936506,-0.00563236047107013,0.42162162162162165,0.43513513513513513,-0.013513513513513487,0.3880597014925373,0.3970406905055487,-0.008980989013011365,0.6075156576200418,0.6086046380409638,-0.001088980420921981,0.4248495663195855,0.4266993735406298,-0.0018498072210443306
Random Forest,volatility,0.1,23,14771772456768534806,0.6935240963855421,0.6987951807228916,-0.005271084337349463,0.5851972013767421,0.5871917846865655,-0.0019945833098233834,0.4359861591695502,0.4460431654676259,-0.01005700629807571,0.34054054054054056,0.33513513513513515,0.005405405405405406,0.38239757207890746,0.38271604938271603,-0.0003184773038085731,0.5833380353213339,0.5916549116966654,-0.008316876375331517,0.4320047066000814,0.4326778209508226,-0.0006731143507411885
Logistic Regression,volatility,0.1,24,1473031550258060050,0.6295180722891566,0.6287650602409639,0.0007530120481926694,0.5657168650905603,0.5701715285222593,-0.00445466343169898,0.35944700460829493,0.3624161073825503,-0.0029691027742553833,0.42162162162162165,0.43783783783783786,-0.016216216216216217,0.3880597014925373,0.39657282741738065,-0.008513125924843323,0.6075156576200418,0.6105540822659821,-0.0030384246459402853,0.4248495663195855,0.43049145370978664,-0.005641887390201161
Random Forest,volatility,0.1,24,1473031550258060050,0.6935240963855421,0.7010542168674698,-0.0075301204819276935,0.5851972013767421,0.5870986853241551,-0.001901483947412963,0.4359861591695502,0.45018450184501846,-0.014198342675468267,0.34054054054054056,0.32972972972972975,0.010810810810810811,0.38239757207890746,0.38065522620904835,0.0017423458698591077,0.5833380353213339,0.5928736669864019,-0.00953563166506799,0.4320047066000814,0.43329837009826666,-0.0012936634981852713
Logistic Regression,volatility,0.1,25,1163527755628650420,0.6295180722891566,0.6310240963855421,-0.001506024096385561,0.5657168650905603,0.5675901371099701,-0.0018732720194097885,0.35944700460829493,0.3617511520737327,-0.002304147465437778,0.42162162162162165,0.4243243243243243,-0.002702702702702675,0.3880597014925373,0.39054726368159204,-0.002487562189054715,0.6075156576200418,0.5995824634655533,0.007933194154488454,0.4248495663195855,0.4192282651905474,0.005621301129038081
Random Forest,volatility,0.1,25,1163527755628650420,0.6935240963855421,0.6950301204819277,-0.001506024096385561,0.5851972013767421,0.5779467358799301,0.007250465496812075,0.4359861591695502,0.4344569288389513,0.0015292303305988741,0.34054054054054056,0.31351351351351353,0.02702702702702703,0.38239757207890746,0.3642072213500785,0.018190350728828963,0.5833380353213339,0.5808469220786548,0.0024911132426790328,0.4320047066000814,0.42630091644692863,0.005703790153152755
Logistic Regression,volatility,0.1,26,6417410640755526334,0.6295180722891566,0.6265060240963856,0.0030120481927710108,0.5657168650905603,0.5727529199345484,-0.00703605484398806,0.35944700460829493,0.3630434782608696,-0.00359647365257465,0.42162162162162165,0.45135135135135135,-0.029729729729729704,0.3880597014925373,0.40240963855421685,-0.01434993706167953,0.6075156576200418,0.608178637928116,-0.0006629803080742125,0.4248495663195855,0.42540362132101545,-0.000554055001429965
Random Forest,volatility,0.1,26,6417410640755526334,0.6935240963855421,0.7003012048192772,-0.006777108433735024,0.5851972013767421,0.5865767646560966,-0.001379563279354512,0.4359861591695502,0.4485294117647059,-0.012543252595155707,0.34054054054054056,0.32972972972972975,0.010810810810810811,0.38239757207890746,0.38006230529595014,0.0023352667829573126,0.5833380353213339,0.5939005811657169,-0.010562545844382987,0.4320047066000814,0.43729087951876233,-0.0052861729186809425
Logistic Regression,volatility,0.1,27,262873641457771937,0.6295180722891566,0.6370481927710844,-0.0075301204819278045,0.5657168650905603,0.5792303786040738,-0.013513513513513487,0.35944700460829493,0.3738738738738739,-0.014426869265578957,0.42162162162162165,0.4486486486486487,-0.02702702702702703,0.3880597014925373,0.40786240786240785,-0.019802706369870526,0.6075156576200418,0.6126445861310162,-0.005128928510974462,0.4248495663195855,0.4277723259496673,-0.002922759630081817
Random Forest,volatility,0.1,27,262873641457771937,0.6935240963855421,0.697289156626506,-0.0037650602409639022,0.5851972013767421,0.5820007899339841,0.0031964114427580625,0.4359861591695502,0.44074074074074077,-0.004754581571190575,0.34054054054054056,0.3216216216216216,0.018918918918918948,0.38239757207890746,0.371875,0.010522572078907444,0.5833380353213339,0.5888957851379564,-0.005557749816622493,0.4320047066000814,0.43483366524615163,-0.0028289586460702454
Logistic Regression,volatility,0.1,28,2656494424753978371,0.6295180722891566,0.6295180722891566,0.0,0.5657168650905603,0.5740111719234893,-0.008294306832928977,0.35944700460829493,0.3656387665198238,-0.00619176191152887,0.42162162162162165,0.4486486486486487,-0.02702702702702703,0.3880597014925373,0.4029126213592233,-0.014852919866685965,0.6075156576200418,0.6103509563843594,-0.002835298764317651,0.4248495663195855,0.42529126428202924,-0.0004416979624437545
Random Forest,volatility,0.1,28,2656494424753978371,0.6935240963855421,0.7025602409638554,-0.009036144578313254,0.5851972013767421,0.5856542346103932,-0.00045703323365109405,0.4359861591695502,0.4524714828897338,-0.01648532372018363,0.34054054054054056,0.3216216216216216,0.018918918918918948,0.38239757207890746,0.37598736176935227,0.0064102103095551866,0.5833380353213339,0.5884387519043052,-0.0051007165829712875,0.4320047066000814,0.43192569084651583,7.90157535655589e-05
Logistic Regression,volatility,0.1,29,9211050917287807933,0.6295180722891566,0.6280120481927711,0.0015060240963854499,0.5657168650905603,0.5688201771709078,-0.003103312080347531,0.35944700460829493,0.3609865470852018,-0.0015395424769068522,0.42162162162162165,0.43513513513513513,-0.013513513513513487,0.3880597014925373,0.3946078431372549,-0.0065481416447175644,0.6075156576200418,0.6044349150820967,0.0030807425379451026,0.4248495663195855,0.4241701569582519,0.0006794093613335939
Random Forest,volatility,0.1,29,9211050917287807933,0.6935240963855421,0.6859939759036144,0.0075301204819276935,0.5851972013767421,0.5716836878632285,0.013513513513513598,0.4359861591695502,0.4157706093189964,0.020215549850553793,0.34054054054054056,0.31351351351351353,0.02702702702702703,0.38239757207890746,0.3574730354391371,0.024924536639770345,0.5833380353213339,0.5795858488969136,0.003752186424420323,0.4320047066000814,0.424544911964428,0.007459794635653383
Logistic Regression,volatility,0.2,0,9807703501549469659,0.6295180722891566,0.6332831325301205,-0.0037650602409639022,0.5657168650905603,0.5799384979969531,-0.014221632906392778,0.35944700460829493,0.37199124726477023,-0.012544242656475302,0.42162162162162165,0.4594594594594595,-0.03783783783783784,0.3880597014925373,0.4111245465538089,-0.0230648450612716,0.6075156576200418,0.6128448908198386,-0.0053292331997968345,0.4248495663195855,0.42470559727235335,0.00014396904723212867
Random Forest,volatility,0.2,0,9807703501549469659,0.6935240963855421,0.6882530120481928,0.005271084337349352,0.5851972013767421,0.5749083112339898,0.01028889014275236,0.4359861591695502,0.42142857142857143,0.014557587740978761,0.34054054054054056,0.31891891891891894,0.021621621621621623,0.38239757207890746,0.3630769230769231,0.01932064900198438,0.5833380353213339,0.5957653896067256,-0.012427354285391767,0.4320047066000814,0.43486393273482543,-0.0028592261347440417
Logistic Regression,volatility,0.2,1,8848555983848939638,0.6295180722891566,0.6219879518072289,0.0075301204819276935,0.5657168650905603,0.5629859504598544,0.0027309146307058496,0.35944700460829493,0.35333333333333333,0.006113671274961596,0.42162162162162165,0.4297297297297297,-0.00810810810810808,0.3880597014925373,0.3878048780487805,0.0002548234437568242,0.6075156576200418,0.6097077244258873,-0.002192066805845494,0.4248495663195855,0.42761638021154175,-0.0027668138919562657
Random Forest,volatility,0.2,1,8848555983848939638,0.6935240963855421,0.7063253012048193,-0.012801204819277157,0.5851972013767421,0.5882638379506856,-0.00306663657394346,0.4359861591695502,0.46124031007751937,-0.025254150907969175,0.34054054054054056,0.3216216216216216,0.018918918918918948,0.38239757207890746,0.37898089171974525,0.0034166803591622052,0.5833380353213339,0.5916718388534672,-0.00833380353213331,0.4320047066000814,0.4368505990007382,-0.004845892400656804
Logistic Regression,volatility,0.2,2,17002082787247541164,0.6295180722891566,0.615210843373494,0.014307228915662606,0.5657168650905603,0.5574592337640355,0.008257631326524795,0.35944700460829493,0.34573304157549234,0.01371396303280259,0.42162162162162165,0.42702702702702705,-0.005405405405405406,0.3880597014925373,0.38210399032648124,0.005955711166056088,0.6075156576200418,0.6010325565649156,0.0064831010551261725,0.4248495663195855,0.42096693510815075,0.0038826312114347283
Random Forest,volatility,0.2,2,17002082787247541164,0.6935240963855421,0.7055722891566265,-0.012048192771084376,0.5851972013767421,0.5869124865993343,-0.0017152852225921222,0.4359861591695502,0.4591439688715953,-0.023157809702045118,0.34054054054054056,0.31891891891891894,0.021621621621621623,0.38239757207890746,0.3763955342902711,0.0060020377886363385,0.5833380353213339,0.5795209614625063,0.0038170738588275688,0.4320047066000814,0.4296316365982322,0.0023730700018491646
Logistic Regression,volatility,0.2,3,6616384562322215970,0.6295180722891566,0.615210843373494,0.014307228915662606,0.5657168650905603,0.5657535405969645,-3.667550640418238e-05,0.35944700460829493,0.3522012578616352,0.007245746746659731,0.42162162162162165,0.4540540540540541,-0.032432432432432434,0.3880597014925373,0.39669421487603307,-0.008634513383495745,0.6075156576200418,0.6012723579529424,0.006243299667099356,0.4248495663195855,0.42519321075105276,-0.00034364443146728263
Random Forest,volatility,0.2,3,6616384562322215970,0.6935240963855421,0.6890060240963856,0.004518072289156572,0.5851972013767421,0.5679653557524121,0.01723184562433,0.4359861591695502,0.41762452107279696,0.01836163809675323,0.34054054054054056,0.2945945945945946,0.045945945945945976,0.38239757207890746,0.34548335974643424,0.03691421233247322,0.5833380353213339,0.5884867121819105,-0.005148676860576629,0.4320047066000814,0.4324324401989924,-0.0004277335989110176
Logistic Regression,volatility,0.2,4,14231690832768685673,0.6295180722891566,0.6257530120481928,0.003765060240963791,0.5657168650905603,0.5755487219996615,-0.009831856909101155,0.35944700460829493,0.3646055437100213,-0.005158539101726367,0.42162162162162165,0.46216216216216216,-0.040540540540540515,0.3880597014925373,0.40762812872467225,-0.019568427232134922,0.6075156576200418,0.6107910624612085,-0.003275404841166729,0.4248495663195855,0.42558916810162134,-0.0007396017820358591
Random Forest,volatility,0.2,4,14231690832768685673,0.6935240963855421,0.6942771084337349,-0.0007530120481927804,0.5851972013767421,0.5782542458951645,0.0069429554815776395,0.4359861591695502,0.43333333333333335,0.0026528258362168433,0.34054054054054056,0.3162162162162162,0.024324324324324353,0.38239757207890746,0.365625,0.016772572078907477,0.5833380353213339,0.5830135981492977,0.00032443717203622935,0.4320047066000814,0.43154762401817726,0.00045708258190413353
Logistic Regression,volatility,0.2,5,1395950496278434334,0.6295180722891566,0.6227409638554217,0.006777108433734913,0.5657168650905603,0.5693138859109632,-0.0035970208204029186,0.35944700460829493,0.35853131749460043,0.0009156871136944966,0.42162162162162165,0.4486486486486487,-0.02702702702702703,0.3880597014925373,0.3985594237695078,-0.010499722276970491,0.6075156576200418,0.6016701461377871,0.0058455114822546506,0.4248495663195855,0.42192246485247664,0.002927101467108839
Random Forest,volatility,0.2,5,1395950496278434334,0.6935240963855421,0.6942771084337349,-0.0007530120481927804,0.5851972013767421,0.5716188004288213,0.013578400947920843,0.4359861591695502,0.42913385826771655,0.006852300901833641,0.34054054054054056,0.2945945945945946,0.045945945945945976,0.38239757207890746,0.34935897435897434,0.033038597719933116,0.5833380353213339,0.5765051063589686,0.0068329289623653144,0.4320047066000814,0.4225118703922557,0.009492836207825706
Logistic Regression,volatility,0.2,6,10697716901478955469,0.6295180722891566,0.6144578313253012,0.015060240963855387,0.5657168650905603,0.5685493426620776,-0.002832477571517278,0.35944700460829493,0.35390946502057613,0.005537539587718798,0.42162162162162165,0.4648648648648649,-0.043243243243243246,0.3880597014925373,0.40186915887850466,-0.013809457385967339,0.6075156576200418,0.6065479884895334,0.0009676691305083862,0.4248495663195855,0.4267669489938014,-0.0019173826742159283
Random Forest,volatility,0.2,6,10697716901478955469,0.6935240963855421,0.6875,0.0060240963855421326,0.5851972013767421,0.5727275291993454,0.012469672177396696,0.4359861591695502,0.4187725631768953,0.017213595992654873,0.34054054054054056,0.31351351351351353,0.02702702702702703,0.38239757207890746,0.35857805255023184,0.023819519528675615,0.5833380353213339,0.5900609377644868,-0.006722902443152878,0.4320047066000814,0.4312167255869613,0.0007879810131201093
Logistic Regression,volatility,0.2,7,3820644014911114511,0.6295180722891566,0.6317771084337349,-0.0022590361445783413,0.5657168650905603,0.5797240873441291,-0.014007222253568763,0.35944700460829493,0.37093275488069416,-0.011485750272399231,0.42162162162162165,0.46216216216216216,-0.040540540540540515,0.3880597014925373,0.41155234657039713,-0.02349264507785981,0.6075156576200418,0.6101506516955368,-0.0026349940754950563,0.4248495663195855,0.42636411762866133,-0.0015145513090758511
Random Forest,volatility,0.2,7,3820644014911114511,0.6935240963855421,0.6890060240963856,0.004518072289156572,0.5851972013767421,0.5737713705354623,0.011425830841279794,0.4359861591695502,0.4218181818181818,0.014167977351368377,0.34054054054054056,0.31351351351351353,0.02702702702702703,0.38239757207890746,0.35968992248062015,0.022707649598287305,0.5833380353213339,0.5889606725723636,-0.0056226372510297384,0.4320047066000814,0.427468798078575,0.004535908521506371
Logistic Regression,volatility,0.2,8,16728810967504285045,0.6295180722891566,0.6234939759036144,0.0060240963855421326,0.5657168650905603,0.5673475145291429,-0.0016306494385825987,0.35944700460829493,0.3574561403508772,0.001990864257417735,0.42162162162162165,0.44054054054054054,-0.018918918918918892,0.3880597014925373,0.3946731234866828,-0.006613421994145496,0.6075156576200418,0.6092422276138352,-0.001726569993793392,0.4248495663195855,0.4226605339744153,0.0021890323451702054
Random Forest,volatility,0.2,8,16728810967504285045,0.6935240963855421,0.6950301204819277,-0.001506024096385561,0.5851972013767421,0.5812644586131016,0.003932742763640529,0.4359861591695502,0.43636363636363634,-0.000377477194086151,0.34054054054054056,0.32432432432432434,0.016216216216216217,0.38239757207890746,0.37209302325581395,0.010304548823093507,0.5833380353213339,0.5959261975963437,-0.012588162275009807,0.4320047066000814,0.43691833807492286,-0.004913631474841473
Logistic Regression,volatility,0.2,9,3749224356223568345,0.6295180722891566,0.6189759036144579,0.010542168674698704,0.5657168650905603,0.5642159905207922,0.001500874569768107,0.35944700460829493,0.3528138528138528,0.006633151794442127,0.42162162162162165,0.44054054054054054,-0.018918918918918892,0.3880597014925373,0.3918269230769231,-0.0037672215843857493,0.6075156576200418,0.6060599221350786,0.0014557354849631388,0.4248495663195855,0.4202695969988373,0.004579969320748167
Random Forest,volatility,0.2,9,3749224356223568345,0.6935240963855421,0.6965361445783133,-0.003012048192771122,0.5851972013767421,0.5806494385826327,0.0045477627941094,0.4359861591695502,0.43866171003717475,-0.0026755508676245543,0.34054054054054056,0.31891891891891894,0.021621621621621623,0.38239757207890746,0.36932707355242567,0.013070498526481789,0.5833380353213339,0.5861592281216498,-0.002821192800315897,0.4320047066000814,0.426886025655905,0.00511868094417639
Logistic Regression,volatility,0.2,10,4385114551643027891,0.6295180722891566,0.6234939759036144,0.0060240963855421326,0.5657168650905603,0.5648592224792642,0.0008576426112960611,0.35944700460829493,0.35555555555555557,0.0038914490527393597,0.42162162162162165,0.43243243243243246,-0.010810810810810811,0.3880597014925373,0.3902439024390244,-0.0021842009464870804,0.6075156576200418,0.5940049652993286,0.013510692320713225,0.4248495663195855,0.419026291060137,0.005823275259448479
Random Forest,volatility,0.2,10,4385114551643027891,0.6935240963855421,0.6927710843373494,0.0007530120481927804,0.5851972013767421,0.573063251142583,0.012133950234159085,0.4359861591695502,0.42748091603053434,0.00850524313901585,0.34054054054054056,0.3027027027027027,0.03783783783783784,0.38239757207890746,0.35443037974683544,0.02796719233207201,0.5833380353213339,0.5752271060204255,0.008110929300908398,0.4320047066000814,0.4283166999011514,0.003688006698929991
Logistic Regression,volatility,0.2,11,17118545782076585553,0.6295180722891566,0.6174698795180723,0.012048192771084265,0.5657168650905603,0.5681487332844326,-0.002431868193872311,0.35944700460829493,0.3550420168067227,0.004404987801572224,0.42162162162162165,0.45675675675675675,-0.03513513513513511,0.3880597014925373,0.39952718676122934,-0.011467485268692013,0.6075156576200418,0.6097923602098968,-0.0022767025898550175,0.4248495663195855,0.4237622705109248,0.001087295808660682
Random Forest,volatility,0.2,11,17118545782076585553,0.6935240963855421,0.7063253012048193,-0.012801204819277157,0.5851972013767421,0.5890932686339785,-0.0038960672572363464,0.4359861591695502,0.46153846153846156,-0.025552302368911373,0.34054054054054056,0.32432432432432434,0.016216216216216217,0.38239757207890746,0.38095238095238093,0.0014451911265265238,0.5833380353213339,0.5857106584663996,-0.0023726231450657,0.4320047066000814,0.428988107033223,0.0030165995668584022
Logistic Regression,volatility,0.2,12,18359691546673864345,0.6295180722891566,0.6227409638554217,0.006777108433734913,0.5657168650905603,0.5684844552276702,-0.002767590137109921,0.35944700460829493,0.3579175704989154,0.0015294341093795016,0.42162162162162165,0.44594594594594594,-0.024324324324324298,0.3880597014925373,0.3971119133574007,-0.00905221186486338,0.6075156576200418,0.5967612706652373,0.010754386954804462,0.4248495663195855,0.4212352104723077,0.0036143558472777615
Random Forest,volatility,0.2,12,18359691546673864345,0.6935240963855421,0.6980421686746988,-0.004518072289156683,0.5851972013767421,0.5800344185521639,0.005162782824578271,0.4359861591695502,0.44106463878326996,-0.005078479613719766,0.34054054054054056,0.31351351351351353,0.02702702702702703,0.38239757207890746,0.3665086887835703,0.015888883295337164,0.5833380353213339,0.5917282627094735,-0.00839022738813966,0.4320047066000814,0.43298715209105565,-0.0009824454909742597
Logistic Regression,volatility,0.2,13,13166306967818876913,0.6295180722891566,0.6174698795180723,0.012048192771084265,0.5657168650905603,0.5681487332844326,-0.002431868193872311,0.35944700460829493,0.3550420168067227,0.004404987801572224,0.42162162162162165,0.45675675675675675,-0.03513513513513511,0.3880597014925373,0.39952718676122934,-0.011467485268692013,0.6075156576200418,0.5943463296281668,0.01316932799187498,0.4248495663195855,0.419191028676162,0.0056585376434235
Random Forest,volatility,0.2,13,13166306967818876913,0.6935240963855421,0.7010542168674698,-0.0075301204819276935,0.5851972013767421,0.5837809625909834,0.0014162387857586944,0.4359861591695502,0.44866920152091255,-0.012683042351362361,0.34054054054054056,0.31891891891891894,0.021621621621621623,0.38239757207890746,0.37282780410742494,0.009569767971482512,0.5833380353213339,0.5813434520115105,0.0019945833098233834,0.4320047066000814,0.426159305426159,0.005845401173922404
Logistic Regression,volatility,0.2,14,12241642629635601557,0.6295180722891566,0.6242469879518072,0.005271084337349352,0.5657168650905603,0.5745048806635445,-0.008788015572984254,0.35944700460829493,0.3630573248407643,-0.0036103202324693773,0.42162162162162165,0.46216216216216216,-0.040540540540540515,0.3880597014925373,0.40665873959571935,-0.01859903810318203,0.6075156576200418,0.6013964904361564,0.006119167183885388,0.4248495663195855,0.42758001587525174,-0.002730449555666259
Random Forest,volatility,0.2,14,12241642629635601557,0.6935240963855421,0.6905120481927711,0.0030120481927710108,0.5851972013767421,0.5764740732381651,0.008723128138577008,0.4359861591695502,0.4259927797833935,0.009993379386156687,0.34054054054054056,0.31891891891891894,0.021621621621621623,0.38239757207890746,0.36476043276661513,0.017637139312292327,0.5833380353213339,0.591223269198217,-0.007885233876883113,0.4320047066000814,0.4308181877447212,0.0011865188553601969
Logistic Regression,volatility,0.2,15,15180456011737076882,0.6295180722891566,0.6265060240963856,0.0030120481927710108,0.5657168650905603,0.5760706426677199,-0.010353777577159606,0.35944700460829493,0.36538461538461536,-0.0059376107763204344,0.42162162162162165,0.46216216216216216,-0.040540540540540515,0.3880597014925373,0.4081145584725537,-0.020054856980016356,0.6075156576200418,0.6094707442306607,-0.001955086610618939,0.4248495663195855,0.421367787811444,0.0034817785081414643
Random Forest,volatility,0.2,15,15180456011737076882,0.6935240963855421,0.6875,0.0060240963855421326,0.5851972013767421,0.5718980985160526,0.013299102860689582,0.4359861591695502,0.41818181818181815,0.017804340987732037,0.34054054054054056,0.3108108108108108,0.02972972972972976,0.38239757207890746,0.35658914728682173,0.025808424792085727,0.5833380353213339,0.5787112791288157,0.004626756192518178,0.4320047066000814,0.42400453319047743,0.008000173409603961
Logistic Regression,volatility,0.2,16,7500144057827682523,0.6295180722891566,0.6340361445783133,-0.004518072289156683,0.5657168650905603,0.5829487107148903,-0.01723184562433,0.35944700460829493,0.37445887445887444,-0.015011869850579507,0.42162162162162165,0.46756756756756757,-0.04594594594594592,0.3880597014925373,0.41586538461538464,-0.027805683122847313,0.6075156576200418,0.614517858150426,-0.0070022005303842505,0.4248495663195855,0.4285907862376207,-0.0037412199180352212
Random Forest,volatility,0.2,16,7500144057827682523,0.6935240963855421,0.6897590361445783,0.003765060240963791,0.5851972013767421,0.5693167071037635,0.015880494272978662,0.4359861591695502,0.4198473282442748,0.016138830925275405,0.34054054054054056,0.2972972972972973,0.043243243243243246,0.38239757207890746,0.34810126582278483,0.03429630625612262,0.5833380353213339,0.5861733340856514,-0.00283529876431754,0.4320047066000814,0.42633980097747853,0.005664905622602856
Logistic Regression,volatility,0.2,17,15374964250447726975,0.6295180722891566,0.6212349397590361,0.008283132530120474,0.5657168650905603,0.5715877673080179,-0.005870902217457563,0.35944700460829493,0.3594080338266385,3.8970781656433306e-05,0.42162162162162165,0.4594594594594595,-0.03783783783783784,0.3880597014925373,0.4033214709371293,-0.015261769444591955,0.6075156576200418,0.5940388196129323,0.013476838007109526,0.4248495663195855,0.4236610980493127,0.0011884682702728022
Random Forest,volatility,0.2,17,15374964250447726975,0.6935240963855421,0.7093373493975904,-0.01581325301204828,0.5851972013767421,0.5920103819895052,-0.006813180612763037,0.4359861591695502,0.4689922480620155,-0.03300608889246531,0.34054054054054056,0.327027027027027,0.013513513513513542,0.38239757207890746,0.3853503184713376,-0.00295274639243015,0.5833380353213339,0.5842408170174349,-0.0009027816961010293,0.4320047066000814,0.43536290901367386,-0.0033582024135924704
Logistic Regression,volatility,0.2,18,3168194999944406413,0.6295180722891566,0.6197289156626506,0.009789156626505924,0.5657168650905603,0.5680556339220222,-0.0023387688314618904,0.35944700460829493,0.35607675906183367,0.003370245546461259,0.42162162162162165,0.45135135135135135,-0.029729729729729704,0.3880597014925373,0.39809296781883197,-0.010033266326294643,0.6075156576200418,0.6016983580657902,0.005817299554251587,0.4248495663195855,0.4181217604637643,0.006727805855821167
Random Forest,volatility,0.2,18,3168194999944406413,0.6935240963855421,0.6942771084337349,-0.0007530120481927804,0.5851972013767421,0.5799131072617503,0.005284094114991866,0.4359861591695502,0.4343065693430657,0.0016795898264844733,0.34054054054054056,0.3216216216216216,0.018918918918918948,0.38239757207890746,0.3695652173913043,0.012832354687603131,0.5833380353213339,0.5870902217457541,-0.003752186424420212,0.4320047066000814,0.43388694432968067,-0.0018822377295992787
Logistic Regression,volatility,0.2,19,4994598138032259633,0.6295180722891566,0.6287650602409639,0.0007530120481926694,0.5657168650905603,0.5759775433053095,-0.010260678214749186,0.35944700460829493,0.3665943600867679,-0.00714735547847295,0.42162162162162165,0.45675675675675675,-0.03513513513513511,0.3880597014925373,0.40673886883273164,-0.018679167340194314,0.6075156576200418,0.6108869830164193,-0.0033713253963775225,0.4248495663195855,0.42942283226069355,-0.004573265941108073
Random Forest,volatility,0.2,19,4994598138032259633,0.6935240963855421,0.7078313253012049,-0.014307228915662717,0.5851972013767421,0.5884782486035096,-0.003281047226767475,0.4359861591695502,0.4645669291338583,-0.028580769964308084,0.34054054054054056,0.31891891891891894,0.021621621621621623,0.38239757207890746,0.3782051282051282,0.004192443873779261,0.5833380353213339,0.6013062122665462,-0.017968176945212355,0.4320047066000814,0.44151084833790866,-0.009506141737827267
Logistic Regression,volatility,0.2,20,4934804401042184524,0.6295180722891566,0.6302710843373494,-0.0007530120481927804,0.5657168650905603,0.5819979687411838,-0.01628110365062352,0.35944700460829493,0.37154989384288745,-0.012102889234592518,0.42162162162162165,0.47297297297297297,-0.051351351351351326,0.3880597014925373,0.4161712247324614,-0.028111523239924052,0.6075156576200418,0.6093691812898494,-0.0018535236698076218,0.4248495663195855,0.42471502775957926,0.00013453856000622544
Random Forest,volatility,0.2,20,4934804401042184524,0.6935240963855421,0.697289156626506,-0.0037650602409639022,0.5851972013767421,0.5770242058342268,0.008172995542515382,0.4359861591695502,0.437984496124031,-0.001998336954480817,0.34054054054054056,0.3054054054054054,0.035135135135135165,0.38239757207890746,0.35987261146496813,0.022524960613939327,0.5833380353213339,0.5819076905715737,0.0014303447497602262,0.4320047066000814,0.4227693051546255,0.00923540144545587
Logistic Regression,volatility,0.2,21,11407739848666356238,0.6295180722891566,0.6280120481927711,0.0015060240963854499,0.5657168650905603,0.5845793601534729,-0.0188624950629126,0.35944700460829493,0.371900826446281,-0.012453821837986045,0.42162162162162165,0.4864864864864865,-0.06486486486486487,0.3880597014925373,0.4215456674473068,-0.03348596595476949,0.6075156576200418,0.6107656717260057,-0.0032500141059639276,0.4248495663195855,0.42525677521217253,-0.00040720889258705206
Random Forest,volatility,0.2,21,11407739848666356238,0.6935240963855421,0.6942771084337349,-0.0007530120481927804,0.5851972013767421,0.5732776617954071,0.01191953958133507,0.4359861591695502,0.43023255813953487,0.005753601030015321,0.34054054054054056,0.3,0.04054054054054057,0.38239757207890746,0.3535031847133758,0.028894387365531682,0.5833380353213339,0.5958951644755401,-0.012557129154206259,0.4320047066000814,0.4345610676227216,-0.00255636102264023
Logistic Regression,volatility,0.2,22,11812922040932552261,0.6295180722891566,0.6204819277108434,0.009036144578313143,0.5657168650905603,0.5677481239067877,-0.0020312588162274547,0.35944700460829493,0.3562231759656652,0.0032238286426297114,0.42162162162162165,0.4486486486486487,-0.02702702702702703,0.3880597014925373,0.39712918660287083,-0.009069485110333508,0.6075156576200418,0.594411217062574,0.013104440557467734,0.4248495663195855,0.4231984146191822,0.0016511517004033083
Random Forest,volatility,0.2,22,11812922040932552261,0.6935240963855421,0.6987951807228916,-0.005271084337349463,0.5851972013767421,0.5863623540032726,-0.0011651526265304968,0.4359861591695502,0.44565217391304346,-0.009666014743493268,0.34054054054054056,0.3324324324324324,0.008108108108108136,0.38239757207890746,0.38080495356037153,0.0015926185185359265,0.5833380353213339,0.5813265248547086,0.002011510466625288,0.4320047066000814,0.4301981666519186,0.0018065399481627664
Logistic Regression,volatility,0.2,23,5130447509325793585,0.6295180722891566,0.6280120481927711,0.0015060240963854499,0.5657168650905603,0.5771144840038368,-0.011397618913276508,0.35944700460829493,0.3669527896995708,-0.007505785091275863,0.42162162162162165,0.46216216216216216,-0.040540540540540515,0.3880597014925373,0.4090909090909091,-0.021031207598371793,0.6075156576200418,0.6091463070586244,-0.0016306494385825987,0.4248495663195855,0.4269705655145955,-0.0021209991950100204
Random Forest,volatility,0.2,23,5130447509325793585,0.6935240963855421,0.6875,0.0060240963855421326,0.5851972013767421,0.5727275291993454,0.012469672177396696,0.4359861591695502,0.4187725631768953,0.017213595992654873,0.34054054054054056,0.31351351351351353,0.02702702702702703,0.38239757207890746,0.35857805255023184,0.023819519528675615,0.5833380353213339,0.5928877729504034,-0.009549737629069521,0.4320047066000814,0.43161063027071817,0.00039407632936322434
Logistic Regression,volatility,0.2,24,17033172499930915322,0.6295180722891566,0.634789156626506,-0.005271084337349463,0.5657168650905603,0.5867883541161203,-0.021071489025559997,0.35944700460829493,0.3773987206823028,-0.017951716074007862,0.42162162162162165,0.4783783783783784,-0.05675675675675673,0.3880597014925373,0.42193087008343266,-0.03387116859089534,0.6075156576200418,0.6127743609998307,-0.005258703379788954,0.4248495663195855,0.4339581605605054,-0.00910859424091992
Random Forest,volatility,0.2,24,17033172499930915322,0.6935240963855421,0.6950301204819277,-0.001506024096385561,0.5851972013767421,0.5771173051966372,0.008079896180104962,0.4359861591695502,0.4339622641509434,0.0020238950186067806,0.34054054054054056,0.3108108108108108,0.02972972972972976,0.38239757207890746,0.36220472440944884,0.020192847669458613,0.5833380353213339,0.5997348078767704,-0.01639677255543648,0.4320047066000814,0.4381595691044132,-0.006154862504331837
Logistic Regression,volatility,0.2,25,12049585485093360420,0.6295180722891566,0.6197289156626506,0.009789156626505924,0.5657168650905603,0.5630790498222649,0.0026378152682954292,0.35944700460829493,0.3522975929978118,0.007149411610483103,0.42162162162162165,0.43513513513513513,-0.013513513513513487,0.3880597014925373,0.3893591293833132,-0.0012994278907758616,0.6075156576200418,0.5905207921909383,0.016994865429103445,0.4248495663195855,0.4112277014545176,0.01362186486506789
Random Forest,volatility,0.2,25,12049585485093360420,0.6935240963855421,0.6935240963855421,0.0,0.5851972013767421,0.5760734638605203,0.009123737516221864,0.4359861591695502,0.4307116104868914,0.005274548682658808,0.34054054054054056,0.3108108108108108,0.02972972972972976,0.38239757207890746,0.36106750392464676,0.021330068154260695,0.5833380353213339,0.5745641257123512,0.008773909608982722,0.4320047066000814,0.42138757837952107,0.010617128220560323
Logistic Regression,volatility,0.2,26,17682611864562286891,0.6295180722891566,0.6144578313253012,0.015060240963855387,0.5657168650905603,0.5660610506121988,-0.000344185521638507,0.35944700460829493,0.35208333333333336,0.00736367127496157,0.42162162162162165,0.45675675675675675,-0.03513513513513511,0.3880597014925373,0.3976470588235294,-0.009587357330992086,0.6075156576200418,0.607481803306438,3.3854313603809416e-05,0.4248495663195855,0.4247617899611429,8.77763584425928e-05
Random Forest,volatility,0.2,26,17682611864562286891,0.6935240963855421,0.6897590361445783,0.003765060240963791,0.5851972013767421,0.572634429836935,0.012562771539807116,0.4359861591695502,0.4222222222222222,0.01376393694732797,0.34054054054054056,0.3081081081081081,0.032432432432432434,0.38239757207890746,0.35625,0.026147572078907444,0.5833380353213339,0.5861338373864471,-0.0027958020651132065,0.4320047066000814,0.42556253762733176,0.006442168972749629
Logistic Regression,volatility,0.2,27,1977873595195473727,0.6295180722891566,0.6332831325301205,-0.0037650602409639022,0.5657168650905603,0.5815973593635388,-0.01588049427297855,0.35944700460829493,0.37310195227765725,-0.013654947669362316,0.42162162162162165,0.4648648648648649,-0.043243243243243246,0.3880597014925373,0.4139590854392298,-0.0258993839466925,0.6075156576200418,0.6150482423968854,-0.007532584776843598,0.4248495663195855,0.42936200594596724,-0.004512439626381759
Random Forest,volatility,0.2,27,1977873595195473727,0.6935240963855421,0.6935240963855421,0.0,0.5851972013767421,0.5727557411273486,0.012441460249393521,0.4359861591695502,0.42857142857142855,0.007414730598121644,0.34054054054054056,0.3,0.04054054054054057,0.38239757207890746,0.35294117647058826,0.029456395608319197,0.5833380353213339,0.5925943688991706,-0.009256333577836728,0.4320047066000814,0.43138949357101775,0.0006152130290636437
Logistic Regression,volatility,0.2,28,5554632649864830849,0.6295180722891566,0.634789156626506,-0.005271084337349463,0.5657168650905603,0.5851294927495345,-0.019412627658974224,0.35944700460829493,0.3763440860215054,-0.016897081413210446,0.42162162162162165,0.47297297297297297,-0.051351351351351326,0.3880597014925373,0.41916167664670656,-0.031101975154169237,0.6075156576200418,0.6120634204141511,-0.004547762794109289,0.4248495663195855,0.4252776282530229,-0.00042806193343741805
Random Forest,volatility,0.2,28,5554632649864830849,0.6935240963855421,0.6875,0.0060240963855421326,0.5851972013767421,0.5710686678327597,0.014128533543982469,0.4359861591695502,0.4175824175824176,0.018403741587132594,0.34054054054054056,0.3081081081081081,0.032432432432432434,0.38239757207890746,0.3545878693623639,0.02780970271654354,0.5833380353213339,0.585143598713536,-0.0018055633922021697,0.4320047066000814,0.4276259890867716,0.0043787175133098155
Logistic Regression,volatility,0.2,29,17541911986742343071,0.6295180722891566,0.6197289156626506,0.009789156626505924,0.5657168650905603,0.5680556339220222,-0.0023387688314618904,0.35944700460829493,0.35607675906183367,0.003370245546461259,0.42162162162162165,0.45135135135135135,-0.029729729729729704,0.3880597014925373,0.39809296781883197,-0.010033266326294643,0.6075156576200418,0.6008181459120916,0.006697511707950188,0.4248495663195855,0.4231216707525849,0.0017278955670005924
Random Forest,volatility,0.2,29,17541911986742343071,0.6935240963855421,0.704066265060241,-0.010542168674698815,0.5851972013767421,0.5817214918467528,0.0034757095299893237,0.4359861591695502,0.4538152610441767,-0.017829101874626496,0.34054054054054056,0.3054054054054054,0.035135135135135165,0.38239757207890746,0.3651050080775444,0.01729256400136303,0.5833380353213339,0.5747700727867743,0.008567962534559603,0.4320047066000814,0.4209656716377295,0.011039034962351868
Logistic Regression,volatility,0.5,0,18099714501789262766,0.6295180722891566,0.6137048192771084,0.015813253012048167,0.5657168650905603,0.5754922981436552,-0.009775433053094917,0.35944700460829493,0.3584158415841584,0.0010311630241365277,0.42162162162162165,0.4891891891891892,-0.06756756756756754,0.3880597014925373,0.4137142857142857,-0.025654584221748378,0.6075156576200418,0.60482141849574,0.0026942391243017783,0.4248495663195855,0.4123013480742346,0.012548218245350906
Random Forest,volatility,0.5,0,18099714501789262766,0.6935240963855421,0.6829819277108434,0.010542168674698704,0.5851972013767421,0.5695960051909947,0.015601196185747401,0.4359861591695502,0.4098939929328622,0.026092166236687975,0.34054054054054056,0.31351351351351353,0.02702702702702703,0.38239757207890746,0.3552833078101072,0.02711426426880026,0.5833380353213339,0.5871748575297636,-0.0038368222084297354,0.4320047066000814,0.42195508053747055,0.010049626062610839
Logistic Regression,volatility,0.5,1,15078467127864456423,0.6295180722891566,0.6091867469879518,0.02033132530120474,0.5657168650905603,0.5657253286689612,-8.463578400896843e-06,0.35944700460829493,0.34949494949494947,0.00995205511334546,0.42162162162162165,0.46756756756756757,-0.04594594594594592,0.3880597014925373,0.4,-0.011940298507462699,0.6075156576200418,0.605151498053377,0.002364159566664803,0.4248495663195855,0.422852880212213,0.0019966861073724695
Random Forest,volatility,0.5,1,15078467127864456423,0.6935240963855421,0.7055722891566265,-0.012048192771084376,0.5851972013767421,0.5860830559160413,-0.0008858545392991246,0.4359861591695502,0.4588235294117647,-0.022837370242214494,0.34054054054054056,0.3162162162162162,0.024324324324324353,0.38239757207890746,0.3744,0.007997572078907444,0.5833380353213339,0.5838938103029961,-0.0005557749816622604,0.4320047066000814,0.4221827049868162,0.009822001613265186
Logistic Regression,volatility,0.5,2,16391727690391952010,0.6295180722891566,0.5933734939759037,0.036144578313252906,0.5657168650905603,0.5489589798566834,0.01675788523387689,0.35944700460829493,0.33067729083665337,0.02876971377164156,0.42162162162162165,0.4486486486486487,-0.02702702702702703,0.3880597014925373,0.38073394495412843,0.00732575653840889,0.6075156576200418,0.5849856119167184,0.022530045703323398,0.4248495663195855,0.4001939660965821,0.024655600223003393
Random Forest,volatility,0.5,2,16391727690391952010,0.6935240963855421,0.6995481927710844,-0.006024096385542244,0.5851972013767421,0.5769311064718162,0.008266094904925914,0.4359861591695502,0.44223107569721115,-0.00624491652766096,0.34054054054054056,0.3,0.04054054054054057,0.38239757207890746,0.357487922705314,0.024909649373593468,0.5833380353213339,0.5801049483721716,0.003233086949162245,0.4320047066000814,0.41264994262642624,0.019354763973655154
Logistic Regression,volatility,0.5,3,13746477069199249588,0.6295180722891566,0.5858433734939759,0.04367469879518071,0.5657168650905603,0.5553518027421994,0.010365062348360876,0.35944700460829493,0.3333333333333333,0.026113671274961614,0.42162162162162165,0.4864864864864865,-0.06486486486486487,0.3880597014925373,0.3956043956043956,-0.007544694111858263,0.6075156576200418,0.5887349771483383,0.018780680471703448,0.4248495663195855,0.4150532648117381,0.009796301507847383
Random Forest,volatility,0.5,3,13746477069199249588,0.6935240963855421,0.6905120481927711,0.0030120481927710108,0.5851972013767421,0.5714974891384077,0.013699712238334438,0.4359861591695502,0.4226415094339623,0.01334464973558791,0.34054054054054056,0.3027027027027027,0.03783783783783784,0.38239757207890746,0.352755905511811,0.029641666567096436,0.5833380353213339,0.5660046267561925,0.017333408565141428,0.4320047066000814,0.40802441792406596,0.023980288676015427
Logistic Regression,volatility,0.5,4,10219207185818173980,0.6295180722891566,0.6031626506024096,0.026355421686746983,0.5657168650905603,0.5723325622073012,-0.006615697116740926,0.35944700460829493,0.3516068052930057,0.007840199315289231,0.42162162162162165,0.5027027027027027,-0.08108108108108103,0.3880597014925373,0.41379310344827586,-0.025733401955738533,0.6075156576200418,0.6067116176719518,0.000804039948089974,0.4248495663195855,0.4083956357751077,0.0164539305444778
Random Forest,volatility,0.5,4,10219207185818173980,0.6935240963855421,0.6829819277108434,0.010542168674698704,0.5851972013767421,0.5646194210912374,0.02057778028550472,0.4359861591695502,0.4059040590405904,0.030082100128959788,0.34054054054054056,0.2972972972972973,0.043243243243243246,0.38239757207890746,0.34321372854914195,0.039183843529765505,0.5833380353213339,0.5915618123342548,-0.008223777012920874,0.4320047066000814,0.42019937534472324,0.011805331255358154
Logistic Regression,volatility,0.5,5,5487068122725679788,0.6295180722891566,0.598644578313253,0.030873493975903554,0.5657168650905603,0.573348191615415,-0.007631326524854654,0.35944700460829493,0.3504587155963303,0.008988289011964634,0.42162162162162165,0.5162162162162162,-0.09459459459459452,0.3880597014925373,0.4174863387978142,-0.029426637305276893,0.6075156576200418,0.5875021158946002,0.020013541725441564,0.4248495663195855,0.4009861643721449,0.023863401947440577
Random Forest,volatility,0.5,5,5487068122725679788,0.6935240963855421,0.6746987951807228,0.01882530120481929,0.5851972013767421,0.561366585792473,0.023830615584269133,0.4359861591695502,0.3923611111111111,0.043625048058439087,0.34054054054054056,0.3054054054054054,0.035135135135135165,0.38239757207890746,0.3434650455927052,0.03893252648620227,0.5833380353213339,0.573356655193816,0.009981380127517925,0.4320047066000814,0.406606198478793,0.02539850812128841
Logistic Regression,volatility,0.5,6,6111708897767276436,0.6295180722891566,0.598644578313253,0.030873493975903554,0.5657168650905603,0.5700304688822434,-0.004313603791683107,0.35944700460829493,0.34823091247672255,0.011216092131572375,0.42162162162162165,0.5054054054054054,-0.0837837837837837,0.3880597014925373,0.412348401323043,-0.02428869983050569,0.6075156576200418,0.6015883315465779,0.005927326073463912,0.4248495663195855,0.4158969377685474,0.008952628551038067
Random Forest,volatility,0.5,6,6111708897767276436,0.6935240963855421,0.6822289156626506,0.011295180722891485,0.5851972013767421,0.5740506686226937,0.011146532754048422,0.4359861591695502,0.41216216216216217,0.02382399700738802,0.34054054054054056,0.32972972972972975,0.010810810810810811,0.38239757207890746,0.3663663663663664,0.016031205712541075,0.5833380353213339,0.5910568188229983,-0.007718783501664439,0.4320047066000814,0.4250256500263968,0.006979056573684583
Logistic Regression,volatility,0.5,7,15704754066713133852,0.6295180722891566,0.6189759036144579,0.010542168674698704,0.5657168650905603,0.581634034869943,-0.015917169779382734,0.35944700460829493,0.36507936507936506,-0.00563236047107013,0.42162162162162165,0.4972972972972973,-0.07567567567567568,0.3880597014925373,0.42105263157894735,-0.03299293008641002,0.6075156576200418,0.6022795237826554,0.005236133837386414,0.4248495663195855,0.41559079374446567,0.009258772575119811
Random Forest,volatility,0.5,7,15704754066713133852,0.6935240963855421,0.6935240963855421,0.0,0.5851972013767421,0.5793911865936918,0.005806014783050317,0.4359861591695502,0.43272727272727274,0.0032588864422774533,0.34054054054054056,0.3216216216216216,0.018918918918918948,0.38239757207890746,0.3689922480620155,0.013405324016891929,0.5833380353213339,0.5909552558821869,-0.007617220560853011,0.4320047066000814,0.42112959484273327,0.010875111757348122
Logistic Regression,volatility,0.5,8,6406177722674947616,0.6295180722891566,0.5956325301204819,0.033885542168674676,0.5657168650905603,0.5604779100603735,0.005238955030186787,0.35944700460829493,0.3403441682600382,0.019102836348256713,0.42162162162162165,0.4810810810810811,-0.05945945945945946,0.3880597014925373,0.3986562150055991,-0.01059651351306179,0.6075156576200418,0.6003272583648367,0.007188399255205091,0.4248495663195855,0.40484410389587056,0.020005462423714926
Random Forest,volatility,0.5,8,6406177722674947616,0.6935240963855421,0.6950301204819277,-0.001506024096385561,0.5851972013767421,0.5771173051966372,0.008079896180104962,0.4359861591695502,0.4339622641509434,0.0020238950186067806,0.34054054054054056,0.3108108108108108,0.02972972972972976,0.38239757207890746,0.36220472440944884,0.020192847669458613,0.5833380353213339,0.5829684590644924,0.0003695762568415306,0.4320047066000814,0.425528779707778,0.006475926892303363
Logistic Regression,volatility,0.5,9,17819609295582348703,0.6295180722891566,0.598644578313253,0.030873493975903554,0.5657168650905603,0.5667127461490719,-0.0009958810585115607,0.35944700460829493,0.34593572778827975,0.013511276820015183,0.42162162162162165,0.4945945945945946,-0.07297297297297295,0.3880597014925373,0.407119021134594,-0.01905931964205665,0.6075156576200418,0.5985499069006376,0.008965750719404197,0.4248495663195855,0.40185585999387574,0.02299370632570974
Random Forest,volatility,0.5,9,17819609295582348703,0.6935240963855421,0.6822289156626506,0.011295180722891485,0.5851972013767421,0.5707329458895221,0.014464255487220079,0.4359861591695502,0.4097222222222222,0.02626393694732798,0.34054054054054056,0.31891891891891894,0.021621621621621623,0.38239757207890746,0.3586626139817629,0.023734958097144543,0.5833380353213339,0.5812418890706991,0.0020961462506348116,0.4320047066000814,0.4104120161402918,0.021592690459789565
Logistic Regression,volatility,0.5,10,818333432671254902,0.6295180722891566,0.6144578313253012,0.015060240963855387,0.5657168650905603,0.5693787733453703,-0.0036619082548100534,0.35944700460829493,0.35450819672131145,0.004938807886983476,0.42162162162162165,0.46756756756756757,-0.04594594594594592,0.3880597014925373,0.40326340326340326,-0.01520370177086594,0.6075156576200418,0.5738221520058681,0.033693505614173724,0.4248495663195855,0.4040119290561437,0.02083763726344179
Random Forest,volatility,0.5,10,818333432671254902,0.6935240963855421,0.6882530120481928,0.005271084337349352,0.5851972013767421,0.5691022964509395,0.016094904925802678,0.4359861591695502,0.41729323308270677,0.01869292608684342,0.34054054054054056,0.3,0.04054054054054057,0.38239757207890746,0.3490566037735849,0.03334096830532257,0.5833380353213339,0.5637420301303391,0.019596005190994803,0.4320047066000814,0.41881389764856014,0.013190808951521249
Logistic Regression,volatility,0.5,11,12207854758611728501,0.6295180722891566,0.615210843373494,0.014307228915662606,0.5657168650905603,0.5790244315296508,-0.013307566439090479,0.35944700460829493,0.3614931237721022,-0.0020461191638072584,0.42162162162162165,0.4972972972972973,-0.07567567567567568,0.3880597014925373,0.41865756541524457,-0.030597863922707247,0.6075156576200418,0.6062602268239012,0.0012554307961405442,0.4248495663195855,0.4103111272521806,0.014538439067404874
Random Forest,volatility,0.5,11,12207854758611728501,0.6935240963855421,0.6987951807228916,-0.005271084337349463,0.5851972013767421,0.5863623540032726,-0.0011651526265304968,0.4359861591695502,0.44565217391304346,-0.009666014743493268,0.34054054054054056,0.3324324324324324,0.008108108108108136,0.38239757207890746,0.38080495356037153,0.0015926185185359265,0.5833380353213339,0.5932545280144446,-0.009916492693110679,0.4320047066000814,0.4232814271051864,0.008723279494894987
Logistic Regression,volatility,0.5,12,16108991978307567618,0.6295180722891566,0.5933734939759037,0.036144578313252906,0.5657168650905603,0.552276702589855,0.013440162500705344,0.35944700460829493,0.3333333333333333,0.026113671274961614,0.42162162162162165,0.4594594594594595,-0.03783783783783784,0.3880597014925373,0.38636363636363635,0.0016960651289009698,0.6075156576200418,0.5814591209163235,0.026056536703718325,0.4248495663195855,0.40733936570958373,0.017510200610001747
Random Forest,volatility,0.5,12,16108991978307567618,0.6935240963855421,0.6837349397590361,0.009789156626506035,0.5851972013767421,0.5626530497094171,0.02254415166732504,0.4359861591695502,0.4053030303030303,0.030683128866519915,0.34054054054054056,0.2891891891891892,0.05135135135135138,0.38239757207890746,0.33753943217665616,0.04485813990225129,0.5833380353213339,0.5824803927100377,0.0008576426112961721,0.4320047066000814,0.4160317786740093,0.015972927926072078
Logistic Regression,volatility,0.5,13,16471698060737927222,0.6295180722891566,0.5768072289156626,0.052710843373493965,0.5657168650905603,0.548259324042205,0.017457541048355285,0.35944700460829493,0.32545454545454544,0.03399245915374949,0.42162162162162165,0.4837837837837838,-0.06216216216216214,0.3880597014925373,0.38913043478260867,-0.0010707332900713462,0.6075156576200418,0.5748518873779834,0.032663770242058354,0.4248495663195855,0.4049680378355456,0.0198815284840399
Random Forest,volatility,0.5,13,16471698060737927222,0.6935240963855421,0.6844879518072289,0.009036144578313254,0.5851972013767421,0.5714692772104046,0.013727924166337502,0.4359861591695502,0.4134275618374558,0.022558597332094366,0.34054054054054056,0.3162162162162162,0.024324324324324353,0.38239757207890746,0.35834609494640124,0.024051477132506216,0.5833380353213339,0.5783981267279805,0.004939908593353359,0.4320047066000814,0.411888610018106,0.020116096581975385
Logistic Regression,volatility,0.5,14,1771722922045260879,0.6295180722891566,0.6001506024096386,0.029367469879517993,0.5657168650905603,0.574392032951532,-0.008675167860971666,0.35944700460829493,0.35174953959484345,0.007697465013451477,0.42162162162162165,0.5162162162162162,-0.09459459459459452,0.3880597014925373,0.4184008762322015,-0.03034117473966419,0.6075156576200418,0.5909891101957907,0.01652654742425108,0.4248495663195855,0.4171020380709949,0.007747528248590596
Random Forest,volatility,0.5,14,1771722922045260879,0.6935240963855421,0.6882530120481928,0.005271084337349352,0.5851972013767421,0.5773966032838684,0.007800598092873701,0.4359861591695502,0.4230769230769231,0.012909236092627119,0.34054054054054056,0.327027027027027,0.013513513513513542,0.38239757207890746,0.36890243902439024,0.013495133054517217,0.5833380353213339,0.5844044461998533,-0.0010664108785194415,0.4320047066000814,0.4182499260739835,0.01375478052609791
Logistic Regression,volatility,0.5,15,10968747279906365901,0.6295180722891566,0.6009036144578314,0.028614457831325213,0.5657168650905603,0.5724256615697116,-0.006708796479151347,0.35944700460829493,0.35074626865671643,0.008700735951578498,0.42162162162162165,0.5081081081081081,-0.08648648648648649,0.3880597014925373,0.41501103752759383,-0.026951336035056506,0.6075156576200418,0.6013231394233483,0.0061925181966935305,0.4248495663195855,0.4021545971276802,0.02269496919190528
Random Forest,volatility,0.5,15,10968747279906365901,0.6935240963855421,0.6867469879518072,0.006777108433734913,0.5851972013767421,0.5705467471647012,0.01465045421204092,0.4359861591695502,0.41605839416058393,0.01992776500896626,0.34054054054054056,0.3081081081081081,0.032432432432432434,0.38239757207890746,0.35403726708074534,0.02836030499816211,0.5833380353213339,0.5846075720814761,-0.001269536760142187,0.4320047066000814,0.4097144763835744,0.022290230216507
Logistic Regression,volatility,0.5,16,12068089632363108187,0.6295180722891566,0.6137048192771084,0.015813253012048167,0.5657168650905603,0.5779805901935338,-0.012263725102973466,0.35944700460829493,0.36007827788649704,-0.0006312732782021158,0.42162162162162165,0.4972972972972973,-0.07567567567567568,0.3880597014925373,0.4177071509648127,-0.029647449472275378,0.6075156576200418,0.6139113016983581,-0.006395644078316276,0.4248495663195855,0.4195028853236933,0.005346680995892195
Random Forest,volatility,0.5,16,12068089632363108187,0.6935240963855421,0.6882530120481928,0.005271084337349352,0.5851972013767421,0.5782260339671613,0.006971167409580814,0.4359861591695502,0.4236111111111111,0.012375048058439087,0.34054054054054056,0.32972972972972975,0.010810810810810811,0.38239757207890746,0.3708206686930091,0.01157690338589834,0.5833380353213339,0.5917959713366812,-0.008457936015347278,0.4320047066000814,0.4218608863313401,0.010143820268741277
Logistic Regression,volatility,0.5,17,17941968254021935565,0.6295180722891566,0.5820783132530121,0.0474397590361445,0.5657168650905603,0.5560599221350787,0.009656942955481584,0.35944700460829493,0.33273056057866185,0.02671644402963308,0.42162162162162165,0.4972972972972973,-0.07567567567567568,0.3880597014925373,0.39869989165763814,-0.010640190165100816,0.6075156576200418,0.5734215426282232,0.03409411499181858,0.4248495663195855,0.41493960218462855,0.009909964134956928
Random Forest,volatility,0.5,17,17941968254021935565,0.6935240963855421,0.6950301204819277,-0.001506024096385561,0.5851972013767421,0.5729701517801726,0.012227049596569506,0.4359861591695502,0.43137254901960786,0.0046136101499423265,0.34054054054054056,0.2972972972972973,0.043243243243243246,0.38239757207890746,0.352,0.030397572078907475,0.5833380353213339,0.5654742425097331,0.017863792811600776,0.4320047066000814,0.42007348385993326,0.011931222740148129
Logistic Regression,volatility,0.5,18,15858782852823908936,0.6295180722891566,0.6009036144578314,0.028614457831325213,0.5657168650905603,0.5674490774699543,-0.001732212379394027,0.35944700460829493,0.3473282442748092,0.012118760333485745,0.42162162162162165,0.4918918918918919,-0.07027027027027027,0.3880597014925373,0.407158836689038,-0.019099135196500694,0.6075156576200418,0.5880663544546634,0.019449303165378407,0.4248495663195855,0.39696788267852495,0.02788168364106053
Random Forest,volatility,0.5,18,15858782852823908936,0.6935240963855421,0.6859939759036144,0.0075301204819276935,0.5851972013767421,0.5733425492298144,0.011854652146927713,0.4359861591695502,0.4169611307420495,0.0190250284275007,0.34054054054054056,0.31891891891891894,0.021621621621621623,0.38239757207890746,0.3614088820826952,0.02098868999621223,0.5833380353213339,0.574696721773966,0.008641313547367857,0.4320047066000814,0.4129194898235071,0.019085216776574265
Logistic Regression,volatility,0.5,19,13812541087676437375,0.6295180722891566,0.5963855421686747,0.033132530120481896,0.5657168650905603,0.5626586920950178,0.003058172995542452,0.35944700460829493,0.34220532319391633,0.017241681414378596,0.42162162162162165,0.4864864864864865,-0.06486486486486487,0.3880597014925373,0.4017857142857143,-0.013726012793176978,0.6075156576200418,0.6078852338768831,-0.00036957625684130857,0.4248495663195855,0.42388173023531833,0.0009678360842671485
Random Forest,volatility,0.5,19,13812541087676437375,0.6935240963855421,0.7018072289156626,-0.008283132530120474,0.5851972013767421,0.5784968684759917,0.00670033290075045,0.4359861591695502,0.4475806451612903,-0.011594485991740122,0.34054054054054056,0.3,0.04054054054054057,0.38239757207890746,0.3592233009708738,0.02317427110803366,0.5833380353213339,0.6002680133160301,-0.0169299779946962,0.4320047066000814,0.43045135782211585,0.0015533487779655353
Logistic Regression,volatility,0.5,20,14871765493567701763,0.6295180722891566,0.6046686746987951,0.02484939759036142,0.5657168650905603,0.5725469728601252,-0.0068301077695649415,0.35944700460829493,0.3523809523809524,0.007066052227342523,0.42162162162162165,0.5,-0.07837837837837835,0.3880597014925373,0.4134078212290503,-0.025348119736512964,0.6075156576200418,0.6026801331603001,0.004835524459741669,0.4248495663195855,0.40719782946659216,0.017651736852993316
Random Forest,volatility,0.5,20,14871765493567701763,0.6935240963855421,0.6867469879518072,0.006777108433734913,0.5851972013767421,0.57303503921458,0.012162162162162149,0.4359861591695502,0.41785714285714287,0.01812901631240732,0.34054054054054056,0.3162162162162162,0.024324324324324353,0.38239757207890746,0.36,0.02239757207890747,0.5833380353213339,0.5981154432093889,-0.014777407888055039,0.4320047066000814,0.415564602625696,0.01644010397438539
Logistic Regression,volatility,0.5,21,12326302952234836806,0.6295180722891566,0.6024096385542169,0.027108433734939652,0.5657168650905603,0.5767872256390002,-0.011070360548439906,0.35944700460829493,0.35424354243542433,0.005203462172870599,0.42162162162162165,0.518918918918919,-0.0972972972972973,0.3880597014925373,0.42105263157894735,-0.03299293008641002,0.6075156576200418,0.6064520679343226,0.0010635896857191796,0.4248495663195855,0.41187245234033615,0.012977113979249333
Random Forest,volatility,0.5,21,12326302952234836806,0.6935240963855421,0.6927710843373494,0.0007530120481927804,0.5851972013767421,0.5780398352423405,0.007157366134401655,0.4359861591695502,0.4306569343065693,0.005329224862980875,0.34054054054054056,0.31891891891891894,0.021621621621621623,0.38239757207890746,0.36645962732919257,0.015937944749714883,0.5833380353213339,0.5875246854370028,-0.004186650115668877,0.4320047066000814,0.418360871367802,0.013643835232279411
Logistic Regression,volatility,0.5,22,5309121537153974385,0.6295180722891566,0.6054216867469879,0.02409638554216864,0.5657168650905603,0.5697511707950121,-0.004034305704451846,0.35944700460829493,0.3507751937984496,0.008671810809845304,0.42162162162162165,0.4891891891891892,-0.06756756756756754,0.3880597014925373,0.40857787810383744,-0.02051817661130012,0.6075156576200418,0.5795632793545111,0.027952378265530653,0.4248495663195855,0.4036827857121523,0.021166780607433155
Random Forest,volatility,0.5,22,5309121537153974385,0.6935240963855421,0.7018072289156626,-0.008283132530120474,0.5851972013767421,0.591767759408678,-0.006570558031935847,0.4359861591695502,0.45357142857142857,-0.01758526940187838,0.34054054054054056,0.34324324324324323,-0.002702702702702675,0.38239757207890746,0.39076923076923076,-0.008371658690323303,0.5833380353213339,0.5876318907634148,-0.0042938554420809405,0.4320047066000814,0.4292930304181578,0.0027116761819235835
Logistic Regression,volatility,0.5,23,5966233738520650781,0.6295180722891566,0.615210843373494,0.014307228915662606,0.5657168650905603,0.585659876995994,-0.019943011905433683,0.35944700460829493,0.3657142857142857,-0.006267281105990785,0.42162162162162165,0.518918918918919,-0.0972972972972973,0.3880597014925373,0.42905027932960893,-0.04099057783707161,0.6075156576200418,0.6034728883371889,0.004042769282852854,0.4248495663195855,0.41191312512055045,0.012936441199035031
Random Forest,volatility,0.5,23,5966233738520650781,0.6935240963855421,0.6852409638554217,0.008283132530120474,0.5851972013767421,0.5777972126615133,0.007399988715228845,0.4359861591695502,0.4189189189189189,0.017067240250631277,0.34054054054054056,0.33513513513513515,0.005405405405405406,0.38239757207890746,0.37237237237237236,0.010025199706535093,0.5833380353213339,0.5970941714156746,-0.013756136094340676,0.4320047066000814,0.4187487028172272,0.013256003782854187
Logistic Regression,volatility,0.5,24,1042935523090129726,0.6295180722891566,0.6204819277108434,0.009036144578313143,0.5657168650905603,0.5934604750888676,-0.027743609998307273,0.35944700460829493,0.3731060606060606,-0.013659055997765679,0.42162162162162165,0.5324324324324324,-0.11081081081081079,0.3880597014925373,0.43875278396436523,-0.05069308247182791,0.6075156576200418,0.6138548778423517,-0.006339220222309927,0.4248495663195855,0.43138640728491895,-0.006536840965333468
Random Forest,volatility,0.5,24,1042935523090129726,0.6935240963855421,0.6837349397590361,0.009789156626506035,0.5851972013767421,0.5709473565423461,0.014249844834396064,0.4359861591695502,0.4119718309859155,0.024014328183634692,0.34054054054054056,0.3162162162162162,0.024324324324324353,0.38239757207890746,0.3577981651376147,0.024599406941292756,0.5833380353213339,0.5976273768549343,-0.014289341533600397,0.4320047066000814,0.42646588513864403,0.00553882146143736
Logistic Regression,volatility,0.5,25,10055130758621592629,0.6295180722891566,0.5858433734939759,0.04367469879518071,0.5657168650905603,0.5553518027421994,0.010365062348360876,0.35944700460829493,0.3333333333333333,0.026113671274961614,0.42162162162162165,0.4864864864864865,-0.06486486486486487,0.3880597014925373,0.3956043956043956,-0.007544694111858263,0.6075156576200418,0.5681966935620381,0.039318964058003725,0.4248495663195855,0.3857923544531124,0.039057211866473096
Random Forest,volatility,0.5,25,10055130758621592629,0.6935240963855421,0.6716867469879518,0.0218373493975903,0.5851972013767421,0.5584494724369464,0.026747728939795712,0.4359861591695502,0.38620689655172413,0.04977926261782606,0.34054054054054056,0.3027027027027027,0.03783783783783784,0.38239757207890746,0.3393939393939394,0.04300363268496804,0.5833380353213339,0.5689866275461265,0.014351407775207381,0.4320047066000814,0.4001259987115188,0.03187870788856256
Logistic Regression,volatility,0.5,26,8010077205911341092,0.6295180722891566,0.6001506024096386,0.029367469879517993,0.5657168650905603,0.5636094340687243,0.0021074310218359704,0.35944700460829493,0.344294003868472,0.015153000739822953,0.42162162162162165,0.4810810810810811,-0.05945945945945946,0.3880597014925373,0.40135287485907556,-0.013293173366538236,0.6075156576200418,0.6029312193195283,0.0045844383005134715,0.4248495663195855,0.4104132854207021,0.01443628089888338
Random Forest,volatility,0.5,26,8010077205911341092,0.6935240963855421,0.6792168674698795,0.014307228915662606,0.5851972013767421,0.5628392484342379,0.0223579529425042,0.4359861591695502,0.39928057553956836,0.03670558362998183,0.34054054054054056,0.3,0.04054054054054057,0.38239757207890746,0.3425925925925926,0.03980497948631484,0.5833380353213339,0.5899255205100715,-0.006587485188737641,0.4320047066000814,0.4160683699092802,0.01593633669080119
Logistic Regression,volatility,0.5,27,11642321663673845103,0.6295180722891566,0.5978915662650602,0.031626506024096335,0.5657168650905603,0.5645319641144275,0.0011849009761327745,0.35944700460829493,0.344106463878327,0.015340540729967933,0.42162162162162165,0.4891891891891892,-0.06756756756756754,0.3880597014925373,0.40401785714285715,-0.015958155650319827,0.6075156576200418,0.615053884782486,-0.007538227162444233,0.4248495663195855,0.42737056834958903,-0.0025210020300035496
Random Forest,volatility,0.5,27,11642321663673845103,0.6935240963855421,0.697289156626506,-0.0037650602409639022,0.5851972013767421,0.5811713592506912,0.004025842126050949,0.4359861591695502,0.44029850746268656,-0.00431234829313637,0.34054054054054056,0.31891891891891894,0.021621621621621623,0.38239757207890746,0.36990595611285265,0.012491615966054803,0.5833380353213339,0.5930683292896236,-0.009730293968289727,0.4320047066000814,0.43587360896126837,-0.0038689023611869766
Logistic Regression,volatility,0.5,28,15273171570849103483,0.6295180722891566,0.6061746987951807,0.02334337349397586,0.5657168650905603,0.5777379676127066,-0.012021102522146276,0.35944700460829493,0.35647279549718575,0.002974209111109183,0.42162162162162165,0.5135135135135135,-0.09189189189189184,0.3880597014925373,0.42081949058693247,-0.03275978909439514,0.6075156576200418,0.610463804096372,-0.002948146476330238,0.4248495663195855,0.41428690056885326,0.010562665750732225
Random Forest,volatility,0.5,28,15273171570849103483,0.6935240963855421,0.6920180722891566,0.001506024096385561,0.5851972013767421,0.5808356373074536,0.004361564069288559,0.4359861591695502,0.43109540636042404,0.004890752809126153,0.34054054054054056,0.32972972972972975,0.010810810810810811,0.38239757207890746,0.37366003062787134,0.008737541451036113,0.5833380353213339,0.5801924053489815,0.0031456299723523484,0.4320047066000814,0.42495853029714725,0.007046176302934137
Logistic Regression,volatility,0.5,29,12389912504726097523,0.6295180722891566,0.6009036144578314,0.028614457831325213,0.5657168650905603,0.5649607854200757,0.0007560796704846329,0.35944700460829493,0.34555984555984554,0.013887159048449393,0.42162162162162165,0.4837837837837838,-0.06216216216216214,0.3880597014925373,0.40315315315315314,-0.01509345166061582,0.6075156576200418,0.5914320374654404,0.016083620154601408,0.4248495663195855,0.40851206127334805,0.016337505046237433
Random Forest,volatility,0.5,29,12389912504726097523,0.6935240963855421,0.6942771084337349,-0.0007530120481927804,0.5851972013767421,0.5724482311121142,0.012748970264627957,0.4359861591695502,0.4296875,0.0062986591695501915,0.34054054054054056,0.2972972972972973,0.043243243243243246,0.38239757207890746,0.3514376996805112,0.03095987239839626,0.5833380353213339,0.5853185126671556,-0.0019804773458217406,0.4320047066000814,0.414002525611605,0.01800218098847639
Logistic Regression,volatility,1.0,0,10218594719989697555,0.6295180722891566,0.5715361445783133,0.05798192771084332,0.5657168650905603,0.5595356316650679,0.006181233425492372,0.35944700460829493,0.33220910623946037,0.027237898368834557,0.42162162162162165,0.5324324324324324,-0.11081081081081079,0.3880597014925373,0.4091381100726895,-0.021078408580152197,0.6075156576200418,0.5806071206906279,0.026908536929413862,0.4248495663195855,0.38199070194728907,0.04285886437229641
Random Forest,volatility,1.0,0,10218594719989697555,0.6935240963855421,0.6739457831325302,0.01957831325301196,0.5851972013767421,0.5666506799074649,0.018546521469277266,0.4359861591695502,0.39603960396039606,0.03994655520915413,0.34054054054054056,0.32432432432432434,0.016216216216216217,0.38239757207890746,0.35661218424962854,0.025785387829278916,0.5833380353213339,0.580722789595441,0.0026152457258928896,0.4320047066000814,0.3960285696877518,0.03597613691232959
Logistic Regression,volatility,1.0,1,6584668058887684164,0.6295180722891566,0.5737951807228916,0.055722891566264976,0.5657168650905603,0.5528070868363144,0.012909778254245885,0.35944700460829493,0.3280701754385965,0.03137682916969842,0.42162162162162165,0.5054054054054054,-0.0837837837837837,0.3880597014925373,0.39787234042553193,-0.00981263893299461,0.6075156576200418,0.599785589347176,0.00773006827286582,0.4248495663195855,0.3966908801430562,0.02815868617652928
Random Forest,volatility,1.0,1,6584668058887684164,0.6935240963855421,0.6822289156626506,0.011295180722891485,0.5851972013767421,0.5748800993059866,0.010317102070755535,0.4359861591695502,0.412751677852349,0.023234481317201183,0.34054054054054056,0.3324324324324324,0.008108108108108136,0.38239757207890746,0.36826347305389223,0.014134099025015223,0.5833380353213339,0.5663995937482367,0.016938441573097207,0.4320047066000814,0.39525455646119045,0.036750150138890936
Logistic Regression,volatility,1.0,2,337195668322619872,0.6295180722891566,0.5481927710843374,0.08132530120481918,0.5657168650905603,0.5275969079726909,0.03811995711786942,0.35944700460829493,0.3037542662116041,0.05569273839669081,0.42162162162162165,0.4810810810810811,-0.05945945945945946,0.3880597014925373,0.3723849372384937,0.015674764254043627,0.6075156576200418,0.5572420019184112,0.05027365570163056,0.4248495663195855,0.35104535677441073,0.07380420954517475
Random Forest,volatility,1.0,2,337195668322619872,0.6935240963855421,0.677710843373494,0.015813253012048167,0.5851972013767421,0.5692602832477571,0.01593691812898501,0.4359861591695502,0.40268456375838924,0.033301595411160956,0.34054054054054056,0.32432432432432434,0.016216216216216217,0.38239757207890746,0.3592814371257485,0.02311613495315895,0.5833380353213339,0.5719150256728546,0.01142300964847931,0.4320047066000814,0.37992183914835037,0.05208286745173102
Logistic Regression,volatility,1.0,3,14219057939946427235,0.6295180722891566,0.5474397590361446,0.08207831325301196,0.5657168650905603,0.5469813237036618,0.01873554138689848,0.35944700460829493,0.31811023622047246,0.041336768387822465,0.42162162162162165,0.5459459459459459,-0.12432432432432428,0.3880597014925373,0.4019900497512438,-0.013930348258706482,0.6075156576200418,0.5680838458500255,0.03943181177001631,0.4248495663195855,0.38102983256179457,0.04381973375779091
Random Forest,volatility,1.0,3,14219057939946427235,0.6935240963855421,0.6679216867469879,0.025602409638554202,0.5851972013767421,0.5674518986627546,0.017745302713987554,0.4359861591695502,0.39009287925696595,0.04589327991258424,0.34054054054054056,0.34054054054054056,0.0,0.38239757207890746,0.36363636363636365,0.01876120844254381,0.5833380353213339,0.5735456751114372,0.009792360209896711,0.4320047066000814,0.3887449775861079,0.043259729013973514
Logistic Regression,volatility,1.0,4,7703558164498288534,0.6295180722891566,0.5700301204819277,0.05948795180722888,0.5657168650905603,0.5535152062291937,0.012201658861366593,0.35944700460829493,0.3276157804459691,0.03183122416232581,0.42162162162162165,0.5162162162162162,-0.09459459459459452,0.3880597014925373,0.40083945435466944,-0.012779752862132121,0.6075156576200418,0.5898324211476612,0.01768323647238057,0.4248495663195855,0.37344904331944817,0.05140052300013731
Random Forest,volatility,1.0,4,7703558164498288534,0.6935240963855421,0.6603915662650602,0.033132530120481896,0.5851972013767421,0.554767815832534,0.030429385544208154,0.4359861591695502,0.37142857142857144,0.06455758774097875,0.34054054054054056,0.3162162162162162,0.024324324324324353,0.38239757207890746,0.3416058394160584,0.04079173266284908,0.5833380353213339,0.5842041415110308,-0.000866106189696958,0.4320047066000814,0.39103148196317866,0.04097322463690273
Logistic Regression,volatility,1.0,5,17922339024340503423,0.6295180722891566,0.552710843373494,0.0768072289156626,0.5657168650905603,0.5498053376967782,0.0159115273937821,0.35944700460829493,0.3210862619808307,0.03836074262746425,0.42162162162162165,0.5432432432432432,-0.1216216216216216,0.3880597014925373,0.4036144578313253,-0.015554756338788,0.6075156576200418,0.5634175929583027,0.044098064661739045,0.4248495663195855,0.3582681598033259,0.0665814065162596
Random Forest,volatility,1.0,5,17922339024340503423,0.6935240963855421,0.6438253012048193,0.04969879518072284,0.5851972013767421,0.5441149918185408,0.0410822095582013,0.4359861591695502,0.3480825958702065,0.08790356329934368,0.34054054054054056,0.31891891891891894,0.021621621621621623,0.38239757207890746,0.3328631875881523,0.049534384490755146,0.5833380353213339,0.5637984539863454,0.019539581334988454,0.4320047066000814,0.38022642876023705,0.051778277839844344
Logistic Regression,volatility,1.0,6,5539321386197562973,0.6295180722891566,0.5655120481927711,0.06400602409638545,0.5657168650905603,0.5653134345201152,0.000403430570445118,0.35944700460829493,0.3344,0.025047004608294954,0.42162162162162165,0.5648648648648649,-0.14324324324324322,0.3880597014925373,0.4201005025125628,-0.03204080102002549,0.6075156576200418,0.5866275461265023,0.02088811149353953,0.4248495663195855,0.3793081739472999,0.045541392372285605
Random Forest,volatility,1.0,6,5539321386197562973,0.6935240963855421,0.6618975903614458,0.031626506024096335,0.5851972013767421,0.5657648253681656,0.019432376008576502,0.4359861591695502,0.3827893175074184,0.05319684166213179,0.34054054054054056,0.34864864864864864,-0.00810810810810808,0.38239757207890746,0.3649222065063649,0.017475365572542534,0.5833380353213339,0.5731083902273881,0.01022964509394575,0.4320047066000814,0.3958514048846073,0.036153301715474095
Logistic Regression,volatility,1.0,7,3768101786943903341,0.6295180722891566,0.5655120481927711,0.06400602409638545,0.5657168650905603,0.5487248208542572,0.016992044236303072,0.35944700460829493,0.3230769230769231,0.036370081531371834,0.42162162162162165,0.5108108108108108,-0.08918918918918917,0.3880597014925373,0.3958115183246073,-0.007751816832069991,0.6075156576200418,0.5832533995373244,0.024262258082717425,0.4248495663195855,0.3848569209662373,0.03999264535334818
Random Forest,volatility,1.0,7,3768101786943903341,0.6935240963855421,0.6716867469879518,0.0218373493975903,0.5851972013767421,0.5725497940529256,0.012647407323816529,0.4359861591695502,0.39814814814814814,0.03783801102140205,0.34054054054054056,0.34864864864864864,-0.00810810810810808,0.38239757207890746,0.37175792507204614,0.01063964700686132,0.5833380353213339,0.576214523500536,0.007123511820797845,0.4320047066000814,0.3946855533144224,0.03731915328565899
Logistic Regression,volatility,1.0,8,302150367526872335,0.6295180722891566,0.5685240963855421,0.06099397590361444,0.5657168650905603,0.5566185183095413,0.009098346781018951,0.35944700460829493,0.32941176470588235,0.03003523990241258,0.42162162162162165,0.5297297297297298,-0.10810810810810811,0.3880597014925373,0.40621761658031086,-0.018157915087773535,0.6075156576200418,0.5760424307397167,0.031473226880325056,0.4248495663195855,0.35761317849192376,0.06723638782766173
Random Forest,volatility,1.0,8,302150367526872335,0.6935240963855421,0.6762048192771084,0.017319277108433728,0.5851972013767421,0.5665575805450545,0.018639620831687687,0.4359861591695502,0.39864864864864863,0.03733751052090156,0.34054054054054056,0.31891891891891894,0.021621621621621623,0.38239757207890746,0.35435435435435436,0.028043217724553093,0.5833380353213339,0.5728262709473565,0.010511764373977384,0.4320047066000814,0.3984048406804577,0.03359986591962372
Logistic Regression,volatility,1.0,9,10627455466835640564,0.6295180722891566,0.5625,0.06701807228915657,0.5657168650905603,0.5541020143316594,0.011614850758900896,0.35944700460829493,0.3261943986820428,0.03325260592625212,0.42162162162162165,0.5351351351351351,-0.11351351351351346,0.3880597014925373,0.4053224155578301,-0.017262714065292784,0.6075156576200418,0.5803137166393951,0.027201940980646655,0.4248495663195855,0.35941980653159805,0.06542975978798743
Random Forest,volatility,1.0,9,10627455466835640564,0.6935240963855421,0.6566265060240963,0.0368975903614458,0.5851972013767421,0.557964227275292,0.02723297410145009,0.4359861591695502,0.3712574850299401,0.06472867413961009,0.34054054054054056,0.33513513513513515,0.005405405405405406,0.38239757207890746,0.3522727272727273,0.030124844806180162,0.5833380353213339,0.5746318343395588,0.008706200981775103,0.4320047066000814,0.3797911718461046,0.052213534753976776
Logistic Regression,volatility,1.0,10,10193576868532544537,0.6295180722891566,0.5662650602409639,0.06325301204819267,0.5657168650905603,0.5459290187891441,0.019787846301416168,0.35944700460829493,0.3211805555555556,0.03826644905273935,0.42162162162162165,0.5,-0.07837837837837835,0.3880597014925373,0.39112050739957716,-0.003060805907039832,0.6075156576200418,0.5547649946397336,0.05275066298030817,0.4248495663195855,0.37295158118943805,0.05189798513014743
Random Forest,volatility,1.0,10,10193576868532544537,0.6935240963855421,0.6792168674698795,0.014307228915662606,0.5851972013767421,0.5653275404841167,0.01986966089262543,0.4359861591695502,0.4014084507042254,0.03457770846532482,0.34054054054054056,0.3081081081081081,0.032432432432432434,0.38239757207890746,0.3486238532110092,0.03377371886789826,0.5833380353213339,0.5516306494385826,0.03170738588275124,0.4320047066000814,0.3896725699856001,0.042332136614481264
Logistic Regression,volatility,1.0,11,1700015033767418859,0.6295180722891566,0.5692771084337349,0.06024096385542166,0.5657168650905603,0.554652146927721,0.011064718162839271,0.35944700460829493,0.3282312925170068,0.03121571209128815,0.42162162162162165,0.5216216216216216,-0.09999999999999998,0.3880597014925373,0.40292275574112735,-0.014863054248590024,0.6075156576200418,0.5927269649607855,0.014788692659256308,0.4248495663195855,0.37446552246605025,0.05038404385353523
Random Forest,volatility,1.0,11,1700015033767418859,0.6935240963855421,0.6701807228915663,0.02334337349397586,0.5851972013767421,0.5698470913502228,0.015350110026519315,0.4359861591695502,0.3944099378881988,0.04157622128135141,0.34054054054054056,0.34324324324324323,-0.002702702702702675,0.38239757207890746,0.3670520231213873,0.015345548957520161,0.5833380353213339,0.5853580093663602,-0.002019974045026296,0.4320047066000814,0.3972488337693022,0.03475587283077919
Logistic Regression,volatility,1.0,12,14206604527072078196,0.6295180722891566,0.5602409638554217,0.06927710843373491,0.5657168650905603,0.5442419454945551,0.021474919596005226,0.35944700460829493,0.31864406779661014,0.04080293681168479,0.42162162162162165,0.5081081081081081,-0.08648648648648649,0.3880597014925373,0.39166666666666666,-0.0036069651741293396,0.6075156576200418,0.5596484793770806,0.04786717824296116,0.4248495663195855,0.3758264454904774,0.04902312082910809
Random Forest,volatility,1.0,12,14206604527072078196,0.6935240963855421,0.6634036144578314,0.030120481927710774,0.5851972013767421,0.5502200530384247,0.03497714833831744,0.4359861591695502,0.3694915254237288,0.06649463374582137,0.34054054054054056,0.2945945945945946,0.045945945945945976,0.38239757207890746,0.32781954887218046,0.054578023206727,0.5833380353213339,0.5646081363200361,0.018729899001297734,0.4320047066000814,0.38742043556953276,0.04458427103054863
Logistic Regression,volatility,1.0,13,13903277192506781409,0.6295180722891566,0.5632530120481928,0.06626506024096379,0.5657168650905603,0.5504767815832534,0.015240083507306879,0.35944700460829493,0.3238255033557047,0.035621501252590226,0.42162162162162165,0.5216216216216216,-0.09999999999999998,0.3880597014925373,0.3995859213250518,-0.01152621983251445,0.6075156576200418,0.5560063194718727,0.05150933814816905,0.4248495663195855,0.3620254868246249,0.0628240794949606
Random Forest,volatility,1.0,13,13903277192506781409,0.6935240963855421,0.6679216867469879,0.025602409638554202,0.5851972013767421,0.5633047452462902,0.021892456130451987,0.4359861591695502,0.3865814696485623,0.049404689520987866,0.34054054054054056,0.327027027027027,0.013513513513513542,0.38239757207890746,0.35431918008784774,0.028078391991059715,0.5833380353213339,0.5594707442306608,0.023867291090673093,0.4320047066000814,0.38002767068472537,0.05197703591535602
Logistic Regression,volatility,1.0,14,3089267171820349372,0.6295180722891566,0.5512048192771084,0.07831325301204817,0.5657168650905603,0.5454437736274897,0.020273091463070547,0.35944700460829493,0.317741935483871,0.041705069124423955,0.42162162162162165,0.5324324324324324,-0.11081081081081079,0.3880597014925373,0.397979797979798,-0.009920096487260666,0.6075156576200418,0.5760339671613158,0.03148169045872595,0.4248495663195855,0.38485253357753796,0.03999703274204752
Random Forest,volatility,1.0,14,3089267171820349372,0.6935240963855421,0.6603915662650602,0.033132530120481896,0.5851972013767421,0.554767815832534,0.030429385544208154,0.4359861591695502,0.37142857142857144,0.06455758774097875,0.34054054054054056,0.3162162162162162,0.024324324324324353,0.38239757207890746,0.3416058394160584,0.04079173266284908,0.5833380353213339,0.5679963888732156,0.015341646448118307,0.4320047066000814,0.3799167016041442,0.05208800499593719
Logistic Regression,volatility,1.0,15,17437263834112105346,0.6295180722891566,0.5587349397590361,0.07078313253012047,0.5657168650905603,0.5506629803080743,0.015053884782486038,0.35944700460829493,0.32295081967213113,0.0364961849361638,0.42162162162162165,0.5324324324324324,-0.11081081081081079,0.3880597014925373,0.4020408163265306,-0.01398111483399328,0.6075156576200418,0.5802121536985838,0.027303503921457972,0.4248495663195855,0.3607879636064552,0.06406160271313027
Random Forest,volatility,1.0,15,17437263834112105346,0.6935240963855421,0.6483433734939759,0.04518072289156627,0.5851972013767421,0.5389522089939627,0.04624499238277946,0.4359861591695502,0.3450479233226837,0.0909382358468665,0.34054054054054056,0.2918918918918919,0.04864864864864865,0.38239757207890746,0.3162518301610542,0.06614574191785327,0.5833380353213339,0.5657309710545619,0.017607064266771943,0.4320047066000814,0.3699803681627414,0.06202433843734001
Logistic Regression,volatility,1.0,16,3468363973401734110,0.6295180722891566,0.5843373493975904,0.04518072289156616,0.5657168650905603,0.5725554364385261,-0.006838571347965838,0.35944700460829493,0.3447098976109215,0.014737106997373406,0.42162162162162165,0.5459459459459459,-0.12432432432432428,0.3880597014925373,0.4225941422594142,-0.034534440766876895,0.6075156576200418,0.5981295491733905,0.009386108446651331,0.4248495663195855,0.39214898682321603,0.03270057949636945
Random Forest,volatility,1.0,16,3468363973401734110,0.6935240963855421,0.6769578313253012,0.016566265060240948,0.5851972013767421,0.5679089318964058,0.01728826948033635,0.4359861591695502,0.4006734006734007,0.03531275849614951,0.34054054054054056,0.3216216216216216,0.018918918918918948,0.38239757207890746,0.3568215892053973,0.02557598287351015,0.5833380353213339,0.5785702194887999,0.004767815832533939,0.4320047066000814,0.3950512120488425,0.036953494551238864
Logistic Regression,volatility,1.0,17,15864610970557568022,0.6295180722891566,0.5346385542168675,0.09487951807228912,0.5657168650905603,0.5198611973142244,0.04585566777633587,0.35944700460829493,0.29605263157894735,0.06339437302934758,0.42162162162162165,0.4864864864864865,-0.06486486486486487,0.3880597014925373,0.36809815950920244,0.019961541983334885,0.6075156576200418,0.5515347288833718,0.05598092873666993,0.4248495663195855,0.3822707847209831,0.0425787815986024
Random Forest,volatility,1.0,17,15864610970557568022,0.6935240963855421,0.6671686746987951,0.026355421686746983,0.5851972013767421,0.5578062404784743,0.02739096089826787,0.4359861591695502,0.38079470198675497,0.05519145718279522,0.34054054054054056,0.3108108108108108,0.02972972972972976,0.38239757207890746,0.34226190476190477,0.04013566731700269,0.5833380353213339,0.5570727303503922,0.026265304970941705,0.4320047066000814,0.4023491799155984,0.029655526684483013
Logistic Regression,volatility,1.0,18,3985854671435398987,0.6295180722891566,0.5692771084337349,0.06024096385542166,0.5657168650905603,0.5554815776110139,0.010235287479546384,0.35944700460829493,0.3288135593220339,0.030633445286261052,0.42162162162162165,0.5243243243243243,-0.10270270270270265,0.3880597014925373,0.4041666666666667,-0.01610696517412935,0.6075156576200418,0.5704987868870958,0.03701687073294602,0.4248495663195855,0.35485537393672406,0.06999419238286142
Random Forest,volatility,1.0,18,3985854671435398987,0.6935240963855421,0.6679216867469879,0.025602409638554202,0.5851972013767421,0.5633047452462902,0.021892456130451987,0.4359861591695502,0.3865814696485623,0.049404689520987866,0.34054054054054056,0.327027027027027,0.013513513513513542,0.38239757207890746,0.35431918008784774,0.028078391991059715,0.5833380353213339,0.5775348417310839,0.005803193590249944,0.4320047066000814,0.3862234306912929,0.0457812759087885
Logistic Regression,volatility,1.0,19,14929405995542674842,0.6295180722891566,0.5700301204819277,0.05948795180722888,0.5657168650905603,0.5560034982790724,0.009713366811487933,0.35944700460829493,0.3293718166383701,0.03007518796992481,0.42162162162162165,0.5243243243243243,-0.10270270270270265,0.3880597014925373,0.4045881126173097,-0.01652841112477238,0.6075156576200418,0.5966794560740281,0.010836201546013724,0.4248495663195855,0.39092559298501295,0.03392397333457253
Random Forest,volatility,1.0,19,14929405995542674842,0.6935240963855421,0.6746987951807228,0.01882530120481929,0.5851972013767421,0.5680020312588162,0.01719517011792593,0.4359861591695502,0.3980263157894737,0.03795984338007652,0.34054054054054056,0.327027027027027,0.013513513513513542,0.38239757207890746,0.3590504451038576,0.02334712697504987,0.5833380353213339,0.5835214128533543,-0.0001833775320204678,0.4320047066000814,0.40352173336027186,0.028482973239809528
Logistic Regression,volatility,1.0,20,7479732496958401433,0.6295180722891566,0.5730421686746988,0.056475903614457756,0.5657168650905603,0.5556028889014275,0.01011397618913279,0.35944700460829493,0.3298791018998273,0.029567902708467653,0.42162162162162165,0.5162162162162162,-0.09459459459459452,0.3880597014925373,0.40252897787144365,-0.014469276378906326,0.6075156576200418,0.5830361676917001,0.024479489928341702,0.4248495663195855,0.3618472525683412,0.06300231375124427
Random Forest,volatility,1.0,20,7479732496958401433,0.6935240963855421,0.6671686746987951,0.026355421686746983,0.5851972013767421,0.5685888393612819,0.016608362015460232,0.4359861591695502,0.3902439024390244,0.04574225673052579,0.34054054054054056,0.34594594594594597,-0.005405405405405406,0.38239757207890746,0.3667621776504298,0.015635394428477667,0.5833380353213339,0.5785307227895954,0.004807312531738495,0.4320047066000814,0.37457677969067515,0.057427926909406235
Logistic Regression,volatility,1.0,21,10225569781019062668,0.6295180722891566,0.5647590361445783,0.06475903614457823,0.5657168650905603,0.5598149297522992,0.005901935338261111,0.35944700460829493,0.3306188925081433,0.028828112100151626,0.42162162162162165,0.5486486486486486,-0.12702702702702695,0.3880597014925373,0.41260162601626016,-0.024541924523722836,0.6075156576200418,0.5890819838627771,0.01843367375726468,0.4248495663195855,0.37327498774252554,0.05157457857705994
Random Forest,volatility,1.0,21,10225569781019062668,0.6935240963855421,0.6528614457831325,0.04066265060240959,0.5851972013767421,0.5512074705185352,0.03398973085820689,0.4359861591695502,0.3617021276595745,0.0742840315099757,0.34054054054054056,0.3216216216216216,0.018918918918918948,0.38239757207890746,0.34048640915593703,0.041911162922970424,0.5833380353213339,0.5792896236528804,0.004048411668453489,0.4320047066000814,0.3909167843042005,0.041087922295880874
Logistic Regression,volatility,1.0,22,217348819095328682,0.6295180722891566,0.5670180722891566,0.0625,0.5657168650905603,0.5539158156068386,0.011801049483721737,0.35944700460829493,0.327150084317032,0.03229692029126291,0.42162162162162165,0.5243243243243243,-0.10270270270270265,0.3880597014925373,0.40290758047767394,-0.01484787898513662,0.6075156576200418,0.5591829825650285,0.04833267505501326,0.4248495663195855,0.3652113496928526,0.059638216626732854
Random Forest,volatility,1.0,22,217348819095328682,0.6935240963855421,0.6731927710843374,0.02033132530120474,0.5851972013767421,0.5661287592394064,0.019068442137335717,0.4359861591695502,0.39473684210526316,0.04124931706428703,0.34054054054054056,0.32432432432432434,0.016216216216216217,0.38239757207890746,0.3560830860534125,0.026314486025494965,0.5833380353213339,0.5669271568018959,0.01641087851943801,0.4320047066000814,0.39128512618400024,0.04071958041608115
Logistic Regression,volatility,1.0,23,1079102488479962850,0.6295180722891566,0.5640060240963856,0.06551204819277101,0.5657168650905603,0.5559752863510692,0.009741578739491108,0.35944700460829493,0.32784184514003295,0.03160515946826198,0.42162162162162165,0.5378378378378378,-0.11621621621621614,0.3880597014925373,0.40736949846468784,-0.019309796972150517,0.6075156576200418,0.584187214354229,0.023328443265812737,0.4248495663195855,0.36999531239770633,0.05485425392187915
Random Forest,volatility,1.0,23,1079102488479962850,0.6935240963855421,0.6498493975903614,0.04367469879518071,0.5851972013767421,0.5474609264797157,0.03773627489702647,0.4359861591695502,0.3556231003039514,0.0803630588655988,0.34054054054054056,0.3162162162162162,0.024324324324324353,0.38239757207890746,0.33476394849785407,0.047633623581053386,0.5833380353213339,0.5667522428482763,0.01658579247305758,0.4320047066000814,0.3679749547069979,0.06402975189308346
Logistic Regression,volatility,1.0,24,5283344154888165503,0.6295180722891566,0.5768072289156626,0.052710843373493965,0.5657168650905603,0.5748011059075777,-0.00908424081701742,0.35944700460829493,0.34364820846905536,0.015798796139239568,0.42162162162162165,0.5702702702702702,-0.14864864864864857,0.3880597014925373,0.42886178861788615,-0.04080208712534883,0.6075156576200418,0.601740675957795,0.00577498166224677,0.4248495663195855,0.407343397874388,0.01750616844519748
Random Forest,volatility,1.0,24,5283344154888165503,0.6935240963855421,0.6671686746987951,0.026355421686746983,0.5851972013767421,0.5685888393612819,0.016608362015460232,0.4359861591695502,0.3902439024390244,0.04574225673052579,0.34054054054054056,0.34594594594594597,-0.005405405405405406,0.38239757207890746,0.3667621776504298,0.015635394428477667,0.5833380353213339,0.6001579867968178,-0.016819951475483874,0.4320047066000814,0.4069695598582217,0.025035146741859693
Logistic Regression,volatility,1.0,25,14818282439573301360,0.6295180722891566,0.5466867469879518,0.08283132530120474,0.5657168650905603,0.5373356655193815,0.028381199571178795,0.35944700460829493,0.31107491856677527,0.04837208604151966,0.42162162162162165,0.5162162162162162,-0.09459459459459452,0.3880597014925373,0.3882113821138211,-0.00015168062128378956,0.6075156576200418,0.5450205947074422,0.06249506291259954,0.4248495663195855,0.336968470481739,0.08788109583784648
Random Forest,volatility,1.0,25,14818282439573301360,0.6935240963855421,0.6521084337349398,0.04141566265060237,0.5851972013767421,0.549026688483891,0.036170512892851114,0.4359861591695502,0.3588957055214724,0.07709045364807782,0.34054054054054056,0.3162162162162162,0.024324324324324353,0.38239757207890746,0.33620689655172414,0.04619067552718331,0.5833380353213339,0.5467612706652373,0.036576764656096605,0.4320047066000814,0.3591484581287766,0.07285624847130479
Logistic Regression,volatility,1.0,26,12046783546363860104,0.6295180722891566,0.5768072289156626,0.052710843373493965,0.5657168650905603,0.5673362297579416,-0.001619364667381329,0.35944700460829493,0.3389261744966443,0.020520830111650623,0.42162162162162165,0.5459459459459459,-0.12432432432432428,0.3880597014925373,0.41821946169772256,-0.030159760205185238,0.6075156576200418,0.5873525926761836,0.020163064943858222,0.4248495663195855,0.3725714751734748,0.052278091146110706
Random Forest,volatility,1.0,26,12046783546363860104,0.6935240963855421,0.6596385542168675,0.033885542168674676,0.5851972013767421,0.5467810190148394,0.038416182361902695,0.4359861591695502,0.3624161073825503,0.07357005178699988,0.34054054054054056,0.2918918918918919,0.04864864864864865,0.38239757207890746,0.32335329341317365,0.05904427866573381,0.5833380353213339,0.5737290526434577,0.009608982677876132,0.4320047066000814,0.3855580101627765,0.04644669643730487
Logistic Regression,volatility,1.0,27,6715328913131460162,0.6295180722891566,0.572289156626506,0.05722891566265054,0.5657168650905603,0.5650341364328838,0.0006827286576764902,0.35944700460829493,0.3360927152317881,0.023354289376506854,0.42162162162162165,0.5486486486486486,-0.12702702702702695,0.3880597014925373,0.41683778234086244,-0.028778080848325116,0.6075156576200418,0.6013964904361564,0.006119167183885388,0.4248495663195855,0.4001943576159097,0.02465520870367577
Random Forest,volatility,1.0,27,6715328913131460162,0.6935240963855421,0.6739457831325302,0.01957831325301196,0.5851972013767421,0.5790921401568583,0.006105061219883856,0.4359861591695502,0.40540540540540543,0.030580753764144764,0.34054054054054056,0.36486486486486486,-0.024324324324324298,0.38239757207890746,0.3840682788051209,-0.0016707067262134445,0.5833380353213339,0.5914405010438413,-0.00810246572250739,0.4320047066000814,0.41906689971776745,0.01293780688231394
Logistic Regression,volatility,1.0,28,13191797895632978016,0.6295180722891566,0.5677710843373494,0.06174698795180722,0.5657168650905603,0.561902612424533,0.003814252666027307,0.35944700460829493,0.33278688524590166,0.026660119362393264,0.42162162162162165,0.5486486486486486,-0.12702702702702695,0.3880597014925373,0.4142857142857143,-0.02622601279317699,0.6075156576200418,0.5930570445184223,0.014458613101619444,0.4248495663195855,0.3758962242111409,0.0489533421084446
Random Forest,volatility,1.0,28,13191797895632978016,0.6935240963855421,0.6822289156626506,0.011295180722891485,0.5851972013767421,0.5815155447723297,0.003681656604412442,0.4359861591695502,0.4171974522292994,0.01878870694025081,0.34054054054054056,0.35405405405405405,-0.013513513513513487,0.38239757207890746,0.3830409356725146,-0.0006433635936071713,0.5833380353213339,0.5796874118377249,0.0036506234836090057,0.4320047066000814,0.3982440705064505,0.03376063609363089
Logistic Regression,volatility,1.0,29,14515320255348289379,0.6295180722891566,0.5519578313253012,0.07756024096385539,0.5657168650905603,0.5385008181459121,0.027216046944648187,0.35944700460829493,0.31281198003327787,0.04663502457501706,0.42162162162162165,0.5081081081081081,-0.08648648648648649,0.3880597014925373,0.38722966014418125,0.0008300413483560698,0.6075156576200418,0.5738983242114766,0.03361733340856521,0.4248495663195855,0.3655200925279511,0.05932947379163439
Random Forest,volatility,1.0,29,14515320255348289379,0.6935240963855421,0.6686746987951807,0.02484939759036142,0.5851972013767421,0.5547029283981267,0.0304942729786154,0.4359861591695502,0.3793103448275862,0.056675814341964004,0.34054054054054056,0.2972972972972973,0.043243243243243246,0.38239757207890746,0.3333333333333333,0.04906423874557414,0.5833380353213339,0.5650679907464876,0.018270044574846267,0.4320047066000814,0.375603602547714,0.05640110405236737
Logistic Regression,momentum,0.05,0,11868627008879087811,0.6295180722891566,0.6310240963855421,-0.001506024096385561,0.5657168650905603,0.5675901371099701,-0.0018732720194097885,0.35944700460829493,0.3617511520737327,-0.002304147465437778,0.42162162162162165,0.4243243243243243,-0.002702702702702675,0.3880597014925373,0.39054726368159204,-0.002487562189054715,0.6075156576200418,0.6091575918298257,-0.0016419342097838685,0.4248495663195855,0.42555104746747097,-0.0007014811478854854
Random Forest,momentum,0.05,0,11868627008879087811,0.6935240963855421,0.6920180722891566,0.001506024096385561,0.5851972013767421,0.5841533600406252,0.0010438413361169019,0.4359861591695502,0.4329896907216495,0.002996468447900691,0.34054054054054056,0.34054054054054056,0.0,0.38239757207890746,0.3812405446293495,0.001157027449557979,0.5833380353213339,0.5860097049032331,-0.0026716695818992386,0.4320047066000814,0.43292413771762606,-0.0009194311175446668
Logistic Regression,momentum,0.05,1,5047780344222232234,0.6295180722891566,0.6295180722891566,0.0,0.5657168650905603,0.5665462957738532,-0.0008294306832928866,0.35944700460829493,0.36009174311926606,-0.0006447385109711323,0.42162162162162165,0.4243243243243243,-0.002702702702702675,0.3880597014925373,0.38957816377171217,-0.001518462279174848,0.6075156576200418,0.6076369689104553,-0.00012131129041348387,0.4248495663195855,0.4240926138727887,0.0007569524467967992
Random Forest,momentum,0.05,1,5047780344222232234,0.6935240963855421,0.6942771084337349,-0.0007530120481927804,0.5851972013767421,0.5848896913615076,0.0003075100152345467,0.4359861591695502,0.4370629370629371,-0.0010767778933868932,0.34054054054054056,0.33783783783783783,0.0027027027027027306,0.38239757207890746,0.38109756097560976,0.0013000111032976935,0.5833380353213339,0.5842887772950403,-0.0009507419737063705,0.4320047066000814,0.43316104494589447,-0.0011563383458130794
Logistic Regression,momentum,0.05,2,13937638213528260237,0.6295180722891566,0.6310240963855421,-0.001506024096385561,0.5657168650905603,0.5692489984765559,-0.0035321333859955617,0.35944700460829493,0.363013698630137,-0.003566694021842065,0.42162162162162165,0.4297297297297297,-0.00810810810810808,0.3880597014925373,0.3935643564356436,-0.0055046549431062575,0.6075156576200418,0.6073802403656265,0.00013541725441523766,0.4248495663195855,0.4247487423787566,0.0001008239408288869
Random Forest,momentum,0.05,2,13937638213528260237,0.6935240963855421,0.6882530120481928,0.005271084337349352,0.5851972013767421,0.58071432601704,0.004482875359702154,0.4359861591695502,0.42517006802721086,0.010816091142339335,0.34054054054054056,0.33783783783783783,0.0027027027027027306,0.38239757207890746,0.37650602409638556,0.005891547982521894,0.5833380353213339,0.5834424194549455,-0.00010438413361157917,0.4320047066000814,0.431112233643778,0.0008924729563034028
Logistic Regression,momentum,0.05,3,3679571960405374548,0.6295180722891566,0.6310240963855421,-0.001506024096385561,0.5657168650905603,0.5692489984765559,-0.0035321333859955617,0.35944700460829493,0.363013698630137,-0.003566694021842065,0.42162162162162165,0.4297297297297297,-0.00810810810810808,0.3880597014925373,0.3935643564356436,-0.0055046549431062575,0.6075156576200418,0.607510015234441,5.642385600745925e-06,0.4248495663195855,0.424985524018033,-0.0001359576984475419
Random Forest,momentum,0.05,3,3679571960405374548,0.6935240963855421,0.6942771084337349,-0.0007530120481927804,0.5851972013767421,0.5857191220448006,-0.0005219206680584509,0.4359861591695502,0.4375,-0.0015138408304498085,0.34054054054054056,0.34054054054054056,0.0,0.38239757207890746,0.3829787234042553,-0.0005811513253478617,0.5833380353213339,0.5834480618405462,-0.00011002651921232509,0.4320047066000814,0.43261609488743574,-0.000611388287354353
Logistic Regression,momentum,0.05,4,5000330726692953472,0.6295180722891566,0.6280120481927711,0.0015060240963854499,0.5657168650905603,0.5638435930711505,0.0018732720194097885,0.35944700460829493,0.35714285714285715,0.002304147465437778,0.42162162162162165,0.4189189189189189,0.0027027027027027306,0.3880597014925373,0.3855721393034826,0.002487562189054715,0.6075156576200418,0.6074733397280371,4.231789200470626e-05,0.4248495663195855,0.424531902445509,0.00031766387407650143
Random Forest,momentum,0.05,4,5000330726692953472,0.6935240963855421,0.6965361445783133,-0.003012048192771122,0.5851972013767421,0.5881143147322688,-0.0029171133555266904,0.4359861591695502,0.4425087108013937,-0.0065225516318435095,0.34054054054054056,0.34324324324324323,-0.002702702702702675,0.38239757207890746,0.3866057838660578,-0.004208211787150362,0.5833380353213339,0.5824888562884387,0.0008491790328951643,0.4320047066000814,0.4323880072884675,-0.0003833006883861012
Logistic Regression,momentum,0.05,5,7096419911038507158,0.6295180722891566,0.6272590361445783,0.0022590361445782303,0.5657168650905603,0.563321672403092,0.0023951926874682394,0.35944700460829493,0.3563218390804598,0.0031251655278351498,0.42162162162162165,0.4189189189189189,0.0027027027027027306,0.3880597014925373,0.38509316770186336,0.002966533790673964,0.6075156576200418,0.6070416972295887,0.0004739603904531098,0.4248495663195855,0.4245416142331424,0.00030795208644307515
Random Forest,momentum,0.05,5,7096419911038507158,0.6935240963855421,0.6920180722891566,0.001506024096385561,0.5851972013767421,0.5833239293573322,0.0018732720194098995,0.4359861591695502,0.43252595155709345,0.003460207612456745,0.34054054054054056,0.33783783783783783,0.0027027027027027306,0.38239757207890746,0.37936267071320184,0.003034901365705611,0.5833380353213339,0.5835073068893528,-0.00016927156801893606,0.4320047066000814,0.43096650356212707,0.0010382030379543217
Logistic Regression,momentum,0.05,6,3101976214349461725,0.6295180722891566,0.6295180722891566,0.0,0.5657168650905603,0.568205157140439,-0.00248829204987866,0.35944700460829493,0.3613636363636364,-0.001916631755341458,0.42162162162162165,0.4297297297297297,-0.00810810810810808,0.3880597014925373,0.3925925925925926,-0.004532891100055281,0.6075156576200418,0.6067285448287536,0.0007871127912881803,0.4248495663195855,0.4247197862863883,0.000129780033197191
Random Forest,momentum,0.05,6,3101976214349461725,0.6935240963855421,0.6890060240963856,0.004518072289156572,0.5851972013767421,0.5787479546352198,0.006449246741522363,0.4359861591695502,0.4250871080139373,0.010899051155612904,0.34054054054054056,0.32972972972972975,0.010810810810810811,0.38239757207890746,0.3713850837138508,0.011012488365056639,0.5833380353213339,0.5824578231676353,0.0008802121536986007,0.4320047066000814,0.43106979583312166,0.000934910766959729
Logistic Regression,momentum,0.05,7,728814343742131661,0.6295180722891566,0.6302710843373494,-0.0007530120481927804,0.5657168650905603,0.5662387857586187,-0.0005219206680584509,0.35944700460829493,0.36027713625866054,-0.0008301316503656064,0.42162162162162165,0.42162162162162165,0.0,0.3880597014925373,0.38854296388542964,-0.0004832623928923141,0.6075156576200418,0.6076087569824522,-9.309936241042038e-05,0.4248495663195855,0.42485593433057045,-6.36801098496953e-06
Random Forest,momentum,0.05,7,728814343742131661,0.6935240963855421,0.6980421686746988,-0.004518072289156683,0.5851972013767421,0.5899875867516786,-0.004790385374936479,0.4359861591695502,0.445993031358885,-0.010006872189334826,0.34054054054054056,0.34594594594594597,-0.005405405405405406,0.38239757207890746,0.3896499238964992,-0.007252351817591762,0.5833380353213339,0.5838909891101958,-0.0005529537888618874,0.4320047066000814,0.4324309480973145,-0.0004262414972331374
Logistic Regression,momentum,0.05,8,16740286380123455409,0.6295180722891566,0.6272590361445783,0.0022590361445782303,0.5657168650905603,0.5649805337696778,0.0007363313208824662,0.35944700460829493,0.357630979498861,0.0018160251094339053,0.42162162162162165,0.4243243243243243,-0.002702702702702675,0.3880597014925373,0.38813349814585907,-7.37966533217449e-05,0.6075156576200418,0.6074056311008295,0.00011002651921232509,0.4248495663195855,0.4247343343163954,0.00011523200319007998
Random Forest,momentum,0.05,8,16740286380123455409,0.6935240963855421,0.6912650602409639,0.0022590361445782303,0.5851972013767421,0.5828020086892738,0.0023951926874683505,0.4359861591695502,0.43103448275862066,0.004951676410929529,0.34054054054054056,0.33783783783783783,0.0027027027027027306,0.38239757207890746,0.3787878787878788,0.0036096932910286705,0.5833380353213339,0.5823534390340235,0.000984596287310402,0.4320047066000814,0.43124566351581517,0.0007590430842662199
Logistic Regression,momentum,0.05,9,3289177440422598269,0.6295180722891566,0.6272590361445783,0.0022590361445782303,0.5657168650905603,0.5641511030863849,0.0015657620041753528,0.35944700460829493,0.35697940503432496,0.0024675995739699697,0.42162162162162165,0.42162162162162165,0.0,0.3880597014925373,0.38661710037174724,0.001442601120790088,0.6075156576200418,0.6071460813632004,0.0003695762568414196,0.4248495663195855,0.4246595481796035,0.00019001813998198447
Random Forest,momentum,0.05,9,3289177440422598269,0.6935240963855421,0.6920180722891566,0.001506024096385561,0.5851972013767421,0.5816650679907465,0.0035321333859956727,0.4359861591695502,0.43157894736842106,0.0044072118011291295,0.34054054054054056,0.3324324324324324,0.008108108108108136,0.38239757207890746,0.3755725190839695,0.0068250529949379635,0.5833380353213339,0.5834254922981437,-8.745697680978548e-05,0.4320047066000814,0.43152450368883655,0.0004802029112448425
Logistic Regression,momentum,0.05,10,2768691394754243480,0.6295180722891566,0.6302710843373494,-0.0007530120481927804,0.5657168650905603,0.5670682164419116,-0.0013513513513513375,0.35944700460829493,0.36091954022988504,-0.0014725356215901098,0.42162162162162165,0.4243243243243243,-0.002702702702702675,0.3880597014925373,0.39006211180124223,-0.002002410308704905,0.6075156576200418,0.6074564125712352,5.924504880661097e-05,0.4248495663195855,0.42470882063569215,0.00014074568389332853
Random Forest,momentum,0.05,10,2768691394754243480,0.6935240963855421,0.6935240963855421,0.0,0.5851972013767421,0.5843677706934491,0.0008294306832929976,0.4359861591695502,0.4355400696864111,0.00044608948313906716,0.34054054054054056,0.33783783783783783,0.0027027027027027306,0.38239757207890746,0.380517503805175,0.0018800682737324381,0.5833380353213339,0.5845285786830672,-0.0011905433617332983,0.4320047066000814,0.4322410984910532,-0.0002363918909717988
Logistic Regression,momentum,0.05,11,16075759467025040700,0.6295180722891566,0.6310240963855421,-0.001506024096385561,0.5657168650905603,0.5675901371099701,-0.0018732720194097885,0.35944700460829493,0.3617511520737327,-0.002304147465437778,0.42162162162162165,0.4243243243243243,-0.002702702702702675,0.3880597014925373,0.39054726368159204,-0.002487562189054715,0.6075156576200418,0.6072194323760085,0.0002962252440332769,0.4248495663195855,0.4243797354692151,0.00046983085037038963
Random Forest,momentum,0.05,11,16075759467025040700,0.6935240963855421,0.6987951807228916,-0.005271084337349463,0.5851972013767421,0.5896800767364442,-0.004482875359702043,0.4359861591695502,0.4471830985915493,-0.01119693942199912,0.34054054054054056,0.34324324324324323,-0.002702702702702675,0.38239757207890746,0.38837920489296635,-0.00598163281405889,0.5833380353213339,0.5850166450375218,-0.0016786097161879399,0.4320047066000814,0.43137359092053834,0.0006311156795430484
Logistic Regression,momentum,0.05,12,5068424349623865116,0.6295180722891566,0.6280120481927711,0.0015060240963854499,0.5657168650905603,0.5663318851210292,-0.0006150200304688713,0.35944700460829493,0.35909090909090907,0.0003560955173858571,0.42162162162162165,0.42702702702702705,-0.005405405405405406,0.3880597014925373,0.39012345679012345,-0.002063755297586123,0.6075156576200418,0.6062799751735033,0.0012356824465384886,0.4248495663195855,0.4244653706363554,0.0003841956832300597
Random Forest,momentum,0.05,12,5068424349623865116,0.6935240963855421,0.6897590361445783,0.003765060240963791,0.5851972013767421,0.5817581673531569,0.0034390340235852523,0.4359861591695502,0.4280821917808219,0.007903967388728284,0.34054054054054056,0.33783783783783783,0.0027027027027027306,0.38239757207890746,0.3776435045317221,0.004754067547185381,0.5833380353213339,0.5854031484511651,-0.002065113129831264,0.4320047066000814,0.4322884385631567,-0.00028373196307529547
Logistic Regression,momentum,0.05,13,10132253479689346629,0.6295180722891566,0.634789156626506,-0.005271084337349463,0.5657168650905603,0.5718586018168481,-0.006141736726287816,0.35944700460829493,0.3672055427251732,-0.007758538116878266,0.42162162162162165,0.4297297297297297,-0.00810810810810808,0.3880597014925373,0.3960149439601494,-0.00795524246761209,0.6075156576200418,0.6070247700727867,0.0004908875472551255,0.4248495663195855,0.42479604917940794,5.351714017753917e-05
Random Forest,momentum,0.05,13,10132253479689346629,0.6935240963855421,0.6912650602409639,0.0022590361445782303,0.5851972013767421,0.581143147322688,0.004054054054054124,0.4359861591695502,0.43006993006993005,0.0059162290996201405,0.34054054054054056,0.3324324324324324,0.008108108108108136,0.38239757207890746,0.375,0.007397572078907455,0.5833380353213339,0.5848840489759071,-0.0015460136545731862,0.4320047066000814,0.43281195472190037,-0.000807248121818982
Logistic Regression,momentum,0.05,14,18131111142049869072,0.6295180722891566,0.6295180722891566,0.0,0.5657168650905603,0.5673757264571461,-0.0016588613665857732,0.35944700460829493,0.3607305936073059,-0.0012835889990109872,0.42162162162162165,0.42702702702702705,-0.005405405405405406,0.3880597014925373,0.3910891089108911,-0.00302940741835378,0.6075156576200418,0.6071799356768042,0.0003357219432376102,0.4248495663195855,0.4248926651844206,-4.3098864835111605e-05
Random Forest,momentum,0.05,14,18131111142049869072,0.6935240963855421,0.6905120481927711,0.0030120481927710108,0.5851972013767421,0.5797917959713367,0.005405405405405461,0.4359861591695502,0.4280701754385965,0.007915983730953702,0.34054054054054056,0.32972972972972975,0.010810810810810811,0.38239757207890746,0.37251908396946565,0.009878488109441808,0.5833380353213339,0.5818456243299668,0.001492410991367099,0.4320047066000814,0.4303638813839706,0.0016408252161108083
Logistic Regression,momentum,0.05,15,6533068763675235256,0.6295180722891566,0.6332831325301205,-0.0037650602409639022,0.5657168650905603,0.5699853297974383,-0.004268464706878028,0.35944700460829493,0.3648960739030023,-0.005449069294707398,0.42162162162162165,0.42702702702702705,-0.005405405405405406,0.3880597014925373,0.39352428393524286,-0.0054645824427055345,0.6075156576200418,0.6085284658353551,-0.0010128082153133544,0.4248495663195855,0.4254103784111445,-0.0005608120915590042
Random Forest,momentum,0.05,15,6533068763675235256,0.6935240963855421,0.6957831325301205,-0.0022590361445783413,0.5851972013767421,0.5867629633809175,-0.0015657620041753528,0.4359861591695502,0.4405594405594406,-0.004573281389890382,0.34054054054054056,0.34054054054054056,0.0,0.38239757207890746,0.38414634146341464,-0.0017487693845071872,0.5833380353213339,0.5844580488630593,-0.0011200135417254176,0.4320047066000814,0.4323333304650716,-0.00032862386499021845
Logistic Regression,momentum,0.05,16,4239782963630305383,0.6295180722891566,0.6310240963855421,-0.001506024096385561,0.5657168650905603,0.568419567793263,-0.002702702702702675,0.35944700460829493,0.3623853211009174,-0.0029383164926224947,0.42162162162162165,0.42702702702702705,-0.005405405405405406,0.3880597014925373,0.3920595533498759,-0.003999851857338588,0.6075156576200418,0.6074169158720306,9.874174801116631e-05,0.4248495663195855,0.4250182914539211,-0.0001687251343356344
Random Forest,momentum,0.05,16,4239782963630305383,0.6935240963855421,0.6912650602409639,0.0022590361445782303,0.5851972013767421,0.5794842859561022,0.005712915420639897,0.4359861591695502,0.42907801418439717,0.00690814498515302,0.34054054054054056,0.327027027027027,0.013513513513513542,0.38239757207890746,0.37116564417177916,0.011231927907128292,0.5833380353213339,0.5828556113524799,0.0004824239688540066,0.4320047066000814,0.43107789519269146,0.000926811407389927
Logistic Regression,momentum,0.05,17,12193875798023242491,0.6295180722891566,0.6280120481927711,0.0015060240963854499,0.5657168650905603,0.5638435930711505,0.0018732720194097885,0.35944700460829493,0.35714285714285715,0.002304147465437778,0.42162162162162165,0.4189189189189189,0.0027027027027027306,0.3880597014925373,0.3855721393034826,0.002487562189054715,0.6075156576200418,0.6075241211984428,-8.463578401007865e-06,0.4248495663195855,0.42543698608557096,-0.0005874197659854752
Random Forest,momentum,0.05,17,12193875798023242491,0.6935240963855421,0.6890060240963856,0.004518072289156572,0.5851972013767421,0.5795773853185127,0.0056198160582294765,0.4359861591695502,0.42560553633217996,0.010380622837370235,0.34054054054054056,0.3324324324324324,0.008108108108108136,0.38239757207890746,0.37329286798179057,0.009104704097116889,0.5833380353213339,0.5817017434971505,0.0016362918241833446,0.4320047066000814,0.43027743139985225,0.0017272752002291392
Logistic Regression,momentum,0.05,18,16274394968982444264,0.6295180722891566,0.6272590361445783,0.0022590361445782303,0.5657168650905603,0.5641511030863849,0.0015657620041753528,0.35944700460829493,0.35697940503432496,0.0024675995739699697,0.42162162162162165,0.42162162162162165,0.0,0.3880597014925373,0.38661710037174724,0.001442601120790088,0.6075156576200418,0.6076454324888563,-0.00012977486881449174,0.4248495663195855,0.42458765871829923,0.0002619076012862487
Random Forest,momentum,0.05,18,16274394968982444264,0.6935240963855421,0.6905120481927711,0.0030120481927710108,0.5851972013767421,0.5806212266546296,0.004575974722112575,0.4359861591695502,0.42857142857142855,0.007414730598121644,0.34054054054054056,0.3324324324324324,0.008108108108108136,0.38239757207890746,0.3744292237442922,0.007968348334615238,0.5833380353213339,0.5801077695649721,0.003230265756361761,0.4320047066000814,0.4294212348137072,0.002583471786374192
Logistic Regression,momentum,0.05,19,14649493885985744340,0.6295180722891566,0.6325301204819277,-0.003012048192771122,0.5657168650905603,0.5702928398126728,-0.004575974722112464,0.35944700460829493,0.3646788990825688,-0.005231894474273857,0.42162162162162165,0.4297297297297297,-0.00810810810810808,0.3880597014925373,0.3945409429280397,-0.006481241435502383,0.6075156576200418,0.6077103199232636,-0.00019466230322184863,0.4248495663195855,0.425205735812654,-0.0003561694930684922
Random Forest,momentum,0.05,19,14649493885985744340,0.6935240963855421,0.6920180722891566,0.001506024096385561,0.5851972013767421,0.5824944986740395,0.002702702702702675,0.4359861591695502,0.43205574912891986,0.003930410040630328,0.34054054054054056,0.33513513513513515,0.005405405405405406,0.38239757207890746,0.3774733637747336,0.004924208304173838,0.5833380353213339,0.5816453196411443,0.0016927156801895826,0.4320047066000814,0.4307482256309274,0.0012564809691539836
Logistic Regression,momentum,0.05,20,16906001985659823633,0.6295180722891566,0.634789156626506,-0.005271084337349463,0.5657168650905603,0.5726880325001411,-0.006971167409580814,0.35944700460829493,0.367816091954023,-0.008369087345728055,0.42162162162162165,0.43243243243243246,-0.010810810810810811,0.3880597014925373,0.39751552795031053,-0.009455826457773209,0.6075156576200418,0.6080065451672967,-0.0004908875472549035,0.4248495663195855,0.4252546385236778,-0.00040507220409230493
Random Forest,momentum,0.05,20,16906001985659823633,0.6935240963855421,0.6957831325301205,-0.0022590361445783413,0.5851972013767421,0.5842746713310387,0.000922530045703418,0.4359861591695502,0.4392857142857143,-0.003299555116164088,0.34054054054054056,0.3324324324324324,0.008108108108108136,0.38239757207890746,0.37846153846153846,0.003936033617368995,0.5833380353213339,0.5814901540371269,0.001847881284206987,0.4320047066000814,0.43042670132595756,0.0015780052741238282
Logistic Regression,momentum,0.05,21,14424894694354464376,0.6295180722891566,0.6317771084337349,-0.0022590361445783413,0.5657168650905603,0.5706003498279073,-0.00488348473734701,0.35944700460829493,0.36446469248291574,-0.005017687874620813,0.42162162162162165,0.43243243243243246,-0.010810810810810811,0.3880597014925373,0.39555006180469715,-0.007490360312159827,0.6075156576200418,0.6070022005303842,0.0005134570896575541,0.4248495663195855,0.42460004100700377,0.00024952531258171096
Random Forest,momentum,0.05,21,14424894694354464376,0.6935240963855421,0.6920180722891566,0.001506024096385561,0.5851972013767421,0.5833239293573322,0.0018732720194098995,0.4359861591695502,0.43252595155709345,0.003460207612456745,0.34054054054054056,0.33783783783783783,0.0027027027027027306,0.38239757207890746,0.37936267071320184,0.003034901365705611,0.5833380353213339,0.5842662077526378,-0.0009281724313039419,0.4320047066000814,0.4325766155843007,-0.000571908984219327
Logistic Regression,momentum,0.05,22,12258957110319812935,0.6295180722891566,0.6302710843373494,-0.0007530120481927804,0.5657168650905603,0.5670682164419116,-0.0013513513513513375,0.35944700460829493,0.36091954022988504,-0.0014725356215901098,0.42162162162162165,0.4243243243243243,-0.002702702702702675,0.3880597014925373,0.39006211180124223,-0.002002410308704905,0.6075156576200418,0.607687750380861,-0.000172092760819198,0.4248495663195855,0.42514747657326646,-0.00029791025368097745
Random Forest,momentum,0.05,22,12258957110319812935,0.6935240963855421,0.6935240963855421,0.0,0.5851972013767421,0.5843677706934491,0.0008294306832929976,0.4359861591695502,0.4355400696864111,0.00044608948313906716,0.34054054054054056,0.33783783783783783,0.0027027027027027306,0.38239757207890746,0.380517503805175,0.0018800682737324381,0.5833380353213339,0.584562432996671,-0.0012243976753371077,0.4320047066000814,0.4333976833165404,-0.0013929767164589935
Logistic Regression,momentum,0.05,23,14591128365815297922,0.6295180722891566,0.6302710843373494,-0.0007530120481927804,0.5657168650905603,0.5654093550753259,0.00030751001523443566,0.35944700460829493,0.35962877030162416,-0.00018176569332922776,0.42162162162162165,0.4189189189189189,0.0027027027027027306,0.3880597014925373,0.38701622971285893,0.0010434717796783954,0.6075156576200418,0.6069852733735823,0.0005303842464594588,0.4248495663195855,0.42474594586508624,0.00010362045449924251
Random Forest,momentum,0.05,23,14591128365815297922,0.6935240963855421,0.6920180722891566,0.001506024096385561,0.5851972013767421,0.5816650679907465,0.0035321333859956727,0.4359861591695502,0.43157894736842106,0.0044072118011291295,0.34054054054054056,0.3324324324324324,0.008108108108108136,0.38239757207890746,0.3755725190839695,0.0068250529949379635,0.5833380353213339,0.5839530553518028,-0.0006150200304688713,0.4320047066000814,0.43061214140068815,0.0013925651993932364
Logistic Regression,momentum,0.05,24,6284589291554739654,0.6295180722891566,0.6325301204819277,-0.003012048192771122,0.5657168650905603,0.568633978446087,-0.0029171133555266904,0.35944700460829493,0.36342592592592593,-0.003978921317631001,0.42162162162162165,0.4243243243243243,-0.002702702702702675,0.3880597014925373,0.3915211970074813,-0.0034614955149439575,0.6075156576200418,0.6082407041697229,-0.0007250465496810854,0.4248495663195855,0.42518236548315935,-0.0003327991635738714
Random Forest,momentum,0.05,24,6284589291554739654,0.6935240963855421,0.6987951807228916,-0.005271084337349463,0.5851972013767421,0.5896800767364442,-0.004482875359702043,0.4359861591695502,0.4471830985915493,-0.01119693942199912,0.34054054054054056,0.34324324324324323,-0.002702702702702675,0.38239757207890746,0.38837920489296635,-0.00598163281405889,0.5833380353213339,0.5852000225695424,-0.0018619872482085187,0.4320047066000814,0.43415399009973676,-0.0021492834996553745
Logistic Regression,momentum,0.05,25,14751709807001436229,0.6295180722891566,0.6355421686746988,-0.006024096385542244,0.5657168650905603,0.5723805224849066,-0.006663657394346267,0.35944700460829493,0.3680555555555556,-0.008608550947260651,0.42162162162162165,0.4297297297297297,-0.00810810810810808,0.3880597014925373,0.39650872817955113,-0.008449026687013805,0.6075156576200418,0.6075974722112509,-8.181459120915058e-05,0.4248495663195855,0.4250525968602039,-0.00020303054061843184
Random Forest,momentum,0.05,25,14751709807001436229,0.6935240963855421,0.697289156626506,-0.0037650602409639022,0.5851972013767421,0.5869773740337414,-0.001780172656999257,0.4359861591695502,0.4432624113475177,-0.007276252177967513,0.34054054054054056,0.33783783783783783,0.0027027027027027306,0.38239757207890746,0.3834355828220859,-0.0010380107431784413,0.5833380353213339,0.5830784855837048,0.0002595497376290945,0.4320047066000814,0.4320110041200268,-6.297519945408503e-06
Logistic Regression,momentum,0.05,26,10276905340919865787,0.6295180722891566,0.6325301204819277,-0.003012048192771122,0.5657168650905603,0.5702928398126728,-0.004575974722112464,0.35944700460829493,0.3646788990825688,-0.005231894474273857,0.42162162162162165,0.4297297297297297,-0.00810810810810808,0.3880597014925373,0.3945409429280397,-0.006481241435502383,0.6075156576200418,0.6084043333521413,-0.0008886757320994976,0.4248495663195855,0.4252769180695578,-0.0004273517499723267
Random Forest,momentum,0.05,26,10276905340919865787,0.6935240963855421,0.6927710843373494,0.0007530120481927804,0.5851972013767421,0.5830164193420979,0.002180782034644224,0.4359861591695502,0.43356643356643354,0.0024197256031166514,0.34054054054054056,0.33513513513513515,0.005405405405405406,0.38239757207890746,0.3780487804878049,0.004348791591102574,0.5833380353213339,0.5814675844947244,0.0018704508266095266,0.4320047066000814,0.42993097212794357,0.0020737344721378226
Logistic Regression,momentum,0.05,27,8020768314836884634,0.6295180722891566,0.6340361445783133,-0.004518072289156683,0.5657168650905603,0.5696778197822039,-0.003960954691643592,0.35944700460829493,0.36511627906976746,-0.005669274461472529,0.42162162162162165,0.4243243243243243,-0.002702702702702675,0.3880597014925373,0.3925,-0.004440298507462692,0.6075156576200418,0.6071404389775997,0.0003752186424420545,0.4248495663195855,0.42470521895982005,0.00014434735976542878
Random Forest,momentum,0.05,27,8020768314836884634,0.6935240963855421,0.6927710843373494,0.0007530120481927804,0.5851972013767421,0.5821869886588049,0.0030102127179372218,0.4359861591695502,0.43309859154929575,0.0028875676202544387,0.34054054054054056,0.3324324324324324,0.008108108108108136,0.38239757207890746,0.3761467889908257,0.006250783088081746,0.5833380353213339,0.5832308299949218,0.00010720532641206315,0.4320047066000814,0.431209063824988,0.0007956427750933637
Logistic Regression,momentum,0.05,28,8524708875305908306,0.6295180722891566,0.6280120481927711,0.0015060240963854499,0.5657168650905603,0.5663318851210292,-0.0006150200304688713,0.35944700460829493,0.35909090909090907,0.0003560955173858571,0.42162162162162165,0.42702702702702705,-0.005405405405405406,0.3880597014925373,0.39012345679012345,-0.002063755297586123,0.6075156576200418,0.6073153529312193,0.00020030468882248353,0.4248495663195855,0.42456937599104305,0.000280190328542429
Random Forest,momentum,0.05,28,8524708875305908306,0.6935240963855421,0.697289156626506,-0.0037650602409639022,0.5851972013767421,0.5869773740337414,-0.001780172656999257,0.4359861591695502,0.4432624113475177,-0.007276252177967513,0.34054054054054056,0.33783783783783783,0.0027027027027027306,0.38239757207890746,0.3834355828220859,-0.0010380107431784413,0.5833380353213339,0.582624273542854,0.0007137617784799266,0.4320047066000814,0.4305193855144308,0.0014853210856505816
Logistic Regression,momentum,0.05,29,8977856125916557502,0.6295180722891566,0.6280120481927711,0.0015060240963854499,0.5657168650905603,0.5655024544377363,0.00021441065282401528,0.35944700460829493,0.3584474885844749,0.0009995160238200351,0.42162162162162165,0.4243243243243243,-0.002702702702702675,0.3880597014925373,0.3886138613861386,-0.0005541598936013026,0.6075156576200418,0.6065056705975287,0.0010099870225130925,0.4248495663195855,0.42397359556324926,0.0008759707563362196
Random Forest,momentum,0.05,29,8977856125916557502,0.6935240963855421,0.6905120481927711,0.0030120481927710108,0.5851972013767421,0.5806212266546296,0.004575974722112575,0.4359861591695502,0.42857142857142855,0.007414730598121644,0.34054054054054056,0.3324324324324324,0.008108108108108136,0.38239757207890746,0.3744292237442922,0.007968348334615238,0.5833380353213339,0.5840630818710151,-0.0007250465496811964,0.4320047066000814,0.4311717242161175,0.0008329823839638983
Logistic Regression,momentum,0.1,0,16399370386489106752,0.6295180722891566,0.6295180722891566,0.0,0.5657168650905603,0.5673757264571461,-0.0016588613665857732,0.35944700460829493,0.3607305936073059,-0.0012835889990109872,0.42162162162162165,0.42702702702702705,-0.005405405405405406,0.3880597014925373,0.3910891089108911,-0.00302940741835378,0.6075156576200418,0.6103763471195622,-0.0028606894995204524,0.4248495663195855,0.42631452127782354,-0.0014649549582380628
Random Forest,momentum,0.1,0,16399370386489106752,0.6935240963855421,0.6905120481927711,0.0030120481927710108,0.5851972013767421,0.5839389493878011,0.0012582519889410282,0.4359861591695502,0.43050847457627117,0.00547768459327902,0.34054054054054056,0.34324324324324323,-0.002702702702702675,0.38239757207890746,0.3819548872180451,0.00044268486086235237,0.5833380353213339,0.5879224736218474,-0.0045844383005134715,0.4320047066000814,0.4336448904411852,-0.001640183841103815
Logistic Regression,momentum,0.1,1,2745359487300818073,0.6295180722891566,0.6280120481927711,0.0015060240963854499,0.5657168650905603,0.5663318851210292,-0.0006150200304688713,0.35944700460829493,0.35909090909090907,0.0003560955173858571,0.42162162162162165,0.42702702702702705,-0.005405405405405406,0.3880597014925373,0.39012345679012345,-0.002063755297586123,0.6075156576200418,0.6077131411160639,-0.00019748349602211057,0.4248495663195855,0.4232758290853509,0.0015737372342345957
Random Forest,momentum,0.1,1,2745359487300818073,0.6935240963855421,0.6987951807228916,-0.005271084337349463,0.5851972013767421,0.5905095074197371,-0.00531230604299493,0.4359861591695502,0.44755244755244755,-0.01156628838289736,0.34054054054054056,0.34594594594594597,-0.005405405405405406,0.38239757207890746,0.3902439024390244,-0.007846330360116949,0.5833380353213339,0.5845483270326692,-0.001210291711335354,0.4320047066000814,0.43269131957007534,-0.0006866129699939494
Logistic Regression,momentum,0.1,2,9430959395459351612,0.6295180722891566,0.6332831325301205,-0.0037650602409639022,0.5657168650905603,0.572473621847317,-0.006756756756756688,0.35944700460829493,0.36674259681093396,-0.007295592202639034,0.42162162162162165,0.43513513513513513,-0.013513513513513487,0.3880597014925373,0.3980222496909765,-0.00996254819843917,0.6075156576200418,0.6071912204480054,0.00032443717203634037,0.4248495663195855,0.42497928210819447,-0.00012971578860898614
Random Forest,momentum,0.1,2,9430959395459351612,0.6935240963855421,0.6844879518072289,0.009036144578313254,0.5851972013767421,0.576445861310162,0.008751340066580182,0.4359861591695502,0.41694915254237286,0.019037006627177333,0.34054054054054056,0.3324324324324324,0.008108108108108136,0.38239757207890746,0.3699248120300752,0.012472760048832243,0.5833380353213339,0.5834875585397505,-0.0001495232184166584,0.4320047066000814,0.4298855248047179,0.0021191817953634673
Logistic Regression,momentum,0.1,3,1309117663296528069,0.6295180722891566,0.6310240963855421,-0.001506024096385561,0.5657168650905603,0.5692489984765559,-0.0035321333859955617,0.35944700460829493,0.363013698630137,-0.003566694021842065,0.42162162162162165,0.4297297297297297,-0.00810810810810808,0.3880597014925373,0.3935643564356436,-0.0055046549431062575,0.6075156576200418,0.607267392653614,0.0002482649664278247,0.4248495663195855,0.4246871042537208,0.00016246206586467693
Random Forest,momentum,0.1,3,1309117663296528069,0.6935240963855421,0.6950301204819277,-0.001506024096385561,0.5851972013767421,0.586241042712859,-0.0010438413361169019,0.4359861591695502,0.43902439024390244,-0.003038231074352249,0.34054054054054056,0.34054054054054056,0.0,0.38239757207890746,0.3835616438356164,-0.001164071756708962,0.5833380353213339,0.584847373469503,-0.0015093381481691148,0.4320047066000814,0.4333393842864973,-0.0013346776864159304
Logistic Regression,momentum,0.1,4,9072327025217989540,0.6295180722891566,0.6280120481927711,0.0015060240963854499,0.5657168650905603,0.5638435930711505,0.0018732720194097885,0.35944700460829493,0.35714285714285715,0.002304147465437778,0.42162162162162165,0.4189189189189189,0.0027027027027027306,0.3880597014925373,0.3855721393034826,0.002487562189054715,0.6075156576200418,0.607481803306438,3.3854313603809416e-05,0.4248495663195855,0.4246401131816605,0.00020945313792497533
Random Forest,momentum,0.1,4,9072327025217989540,0.6935240963855421,0.6927710843373494,0.0007530120481927804,0.5851972013767421,0.5821869886588049,0.0030102127179372218,0.4359861591695502,0.43309859154929575,0.0028875676202544387,0.34054054054054056,0.3324324324324324,0.008108108108108136,0.38239757207890746,0.3761467889908257,0.006250783088081746,0.5833380353213339,0.5809569485978672,0.0023810867234667077,0.4320047066000814,0.4310668485505911,0.0009378580494903144
Logistic Regression,momentum,0.1,5,9388644578289625741,0.6295180722891566,0.6280120481927711,0.0015060240963854499,0.5657168650905603,0.5630141623878576,0.002702702702702675,0.35944700460829493,0.35648148148148145,0.002965523126813474,0.42162162162162165,0.41621621621621624,0.005405405405405406,0.3880597014925373,0.38403990024937656,0.004019801243160759,0.6075156576200418,0.606446425548722,0.0010692320713198145,0.4248495663195855,0.42398592670560287,0.0008636396139826141
Random Forest,momentum,0.1,5,9388644578289625741,0.6935240963855421,0.6927710843373494,0.0007530120481927804,0.5851972013767421,0.5855047113919766,-0.00030751001523443566,0.4359861591695502,0.4349315068493151,0.0010546523202351055,0.34054054054054056,0.34324324324324323,-0.002702702702702675,0.38239757207890746,0.38368580060422963,-0.001288228525322177,0.5833380353213339,0.581580432206737,0.0017576031145968285,0.4320047066000814,0.42869883561919087,0.003305870980890524
Logistic Regression,momentum,0.1,6,11176410398462015157,0.6295180722891566,0.6257530120481928,0.003765060240963791,0.5657168650905603,0.5655955538001467,0.0001213112904135949,0.35944700460829493,0.35730337078651686,0.002143633821778068,0.42162162162162165,0.4297297297297297,-0.00810810810810808,0.3880597014925373,0.3901840490797546,-0.002124347587217301,0.6075156576200418,0.6055831405518253,0.0019325170682165105,0.4248495663195855,0.4244625991672296,0.000386967152355866
Random Forest,momentum,0.1,6,11176410398462015157,0.6935240963855421,0.6844879518072289,0.009036144578313254,0.5851972013767421,0.5731281385769903,0.01206906279975184,0.4359861591695502,0.4146341463414634,0.021352012828086797,0.34054054054054056,0.3216216216216216,0.018918918918918948,0.38239757207890746,0.3622526636225266,0.02014490845638084,0.5833380353213339,0.5795407098121086,0.003797325509225291,0.4320047066000814,0.4284527406221084,0.0035519659779729706
Logistic Regression,momentum,0.1,7,4563931903802980965,0.6295180722891566,0.634789156626506,-0.005271084337349463,0.5657168650905603,0.5718586018168481,-0.006141736726287816,0.35944700460829493,0.3672055427251732,-0.007758538116878266,0.42162162162162165,0.4297297297297297,-0.00810810810810808,0.3880597014925373,0.3960149439601494,-0.00795524246761209,0.6075156576200418,0.6074592337640354,5.642385600634903e-05,0.4248495663195855,0.42445579670701394,0.0003937696125715373
Random Forest,momentum,0.1,7,4563931903802980965,0.6935240963855421,0.6965361445783133,-0.003012048192771122,0.5851972013767421,0.5889437454155617,-0.003746544038819577,0.4359861591695502,0.4429065743944637,-0.00692041522491349,0.34054054054054056,0.34594594594594597,-0.005405405405405406,0.38239757207890746,0.3884673748103187,-0.006069802731411222,0.5833380353213339,0.5847091350222874,-0.0013710997009535042,0.4320047066000814,0.4332546177548199,-0.0012499111547384922
Logistic Regression,momentum,0.1,8,10360333583806993619,0.6295180722891566,0.6265060240963856,0.0030120481927710108,0.5657168650905603,0.5644586131016194,0.0012582519889409172,0.35944700460829493,0.3568181818181818,0.0026288227901131167,0.42162162162162165,0.4243243243243243,-0.002702702702702675,0.3880597014925373,0.38765432098765434,0.0004053805048829795,0.6075156576200418,0.6069542402527789,0.0005614173672628953,0.4248495663195855,0.42422158168714036,0.0006279846324451221
Random Forest,momentum,0.1,8,10360333583806993619,0.6935240963855421,0.6912650602409639,0.0022590361445782303,0.5851972013767421,0.581972578005981,0.003224623370761126,0.4359861591695502,0.4305555555555556,0.005430603613994611,0.34054054054054056,0.33513513513513515,0.005405405405405406,0.38239757207890746,0.3768996960486322,0.005497876030275239,0.5833380353213339,0.5810923658522824,0.00224566946905147,0.4320047066000814,0.4303931036303623,0.0016116029697190726
Logistic Regression,momentum,0.1,9,18297581870116462163,0.6295180722891566,0.6242469879518072,0.005271084337349352,0.5657168650905603,0.5612339897308583,0.004482875359702043,0.35944700460829493,0.3530751708428246,0.006371833765470347,0.42162162162162165,0.4189189189189189,0.0027027027027027306,0.3880597014925373,0.3831891223733004,0.00487057911923694,0.6075156576200418,0.6066946905151498,0.0008209671048919898,0.4248495663195855,0.42396943204640736,0.0008801342731781236
Random Forest,momentum,0.1,9,18297581870116462163,0.6935240963855421,0.6942771084337349,-0.0007530120481927804,0.5851972013767421,0.5832308299949218,0.00196637138182032,0.4359861591695502,0.43617021276595747,-0.00018405359640727426,0.34054054054054056,0.3324324324324324,0.008108108108108136,0.38239757207890746,0.3773006134969325,0.005096958581974953,0.5833380353213339,0.5829853862212944,0.0003526491000395149,0.4320047066000814,0.43213808841535584,-0.00013338181527444704
Logistic Regression,momentum,0.1,10,14582840021169841710,0.6295180722891566,0.6295180722891566,0.0,0.5657168650905603,0.5657168650905603,0.0,0.35944700460829493,0.35944700460829493,0.0,0.42162162162162165,0.42162162162162165,0.0,0.3880597014925373,0.3880597014925373,0.0,0.6075156576200418,0.6069768097951813,0.0005388478248604667,0.4248495663195855,0.42424513740656167,0.0006044289130238134
Random Forest,momentum,0.1,10,14582840021169841710,0.6935240963855421,0.6965361445783133,-0.003012048192771122,0.5851972013767421,0.5864554533656829,-0.0012582519889408061,0.4359861591695502,0.4416961130742049,-0.00570995390465473,0.34054054054054056,0.33783783783783783,0.0027027027027027306,0.38239757207890746,0.38284839203675347,-0.0004508199578460159,0.5833380353213339,0.5838091745189866,-0.0004711391976527368,0.4320047066000814,0.43163832478261077,0.00036638181747061793
Logistic Regression,momentum,0.1,11,3408430979404993396,0.6295180722891566,0.6317771084337349,-0.0022590361445783413,0.5657168650905603,0.5689414884613214,-0.003224623370761126,0.35944700460829493,0.3632183908045977,-0.003771386196302795,0.42162162162162165,0.42702702702702705,-0.005405405405405406,0.3880597014925373,0.39254658385093166,-0.00448688235839434,0.6075156576200418,0.6065874851887378,0.0009281724313039419,0.4248495663195855,0.4235718176473182,0.0012777486722672649
Random Forest,momentum,0.1,11,3408430979404993396,0.6935240963855421,0.6935240963855421,0.0,0.5851972013767421,0.5851972013767421,0.0,0.4359861591695502,0.4359861591695502,0.0,0.34054054054054056,0.34054054054054056,0.0,0.38239757207890746,0.38239757207890746,0.0,0.5833380353213339,0.5852733735823507,-0.0019353382610167724,0.4320047066000814,0.43147642558596644,0.0005282810141149508
Logistic Regression,momentum,0.1,12,1424130372165509138,0.6295180722891566,0.6287650602409639,0.0007530120481926694,0.5657168650905603,0.5685126671556735,-0.0027958020651132065,0.35944700460829493,0.3611738148984199,-0.0017268102901249471,0.42162162162162165,0.43243243243243246,-0.010810810810810811,0.3880597014925373,0.3936039360393604,-0.005544234546823068,0.6075156576200418,0.6049596569429554,0.0025560006770863897,0.4248495663195855,0.42425966796459197,0.0005898983549935122
Random Forest,momentum,0.1,12,1424130372165509138,0.6935240963855421,0.6897590361445783,0.003765060240963791,0.5851972013767421,0.5817581673531569,0.0034390340235852523,0.4359861591695502,0.4280821917808219,0.007903967388728284,0.34054054054054056,0.33783783783783783,0.0027027027027027306,0.38239757207890746,0.3776435045317221,0.004754067547185381,0.5833380353213339,0.5859702082040286,-0.0026321728826946833,0.4320047066000814,0.4315987540936195,0.00040595250646191516
Logistic Regression,momentum,0.1,13,4690790297643043058,0.6295180722891566,0.6317771084337349,-0.0022590361445783413,0.5657168650905603,0.5697709191446143,-0.004054054054054013,0.35944700460829493,0.36384439359267734,-0.004397388984382411,0.42162162162162165,0.4297297297297297,-0.00810810810810808,0.3880597014925373,0.3940520446096654,-0.005992343117128096,0.6075156576200418,0.6062038029678948,0.0013118546521470043,0.4248495663195855,0.4244137138632339,0.000435852456351582
Random Forest,momentum,0.1,13,4690790297643043058,0.6935240963855421,0.6950301204819277,-0.001506024096385561,0.5851972013767421,0.5837527506629803,0.001444450713761869,0.4359861591695502,0.4377224199288256,-0.0017362607592754098,0.34054054054054056,0.3324324324324324,0.008108108108108136,0.38239757207890746,0.3778801843317972,0.004517387747110246,0.5833380353213339,0.5861253738080461,-0.0027873384867121986,0.4320047066000814,0.4330112046714568,-0.001006498071375428
Logistic Regression,momentum,0.1,14,6174154744668164251,0.6295180722891566,0.6302710843373494,-0.0007530120481927804,0.5657168650905603,0.5687270778084974,-0.0030102127179371108,0.35944700460829493,0.3621867881548975,-0.002739783546602592,0.42162162162162165,0.4297297297297297,-0.00810810810810808,0.3880597014925373,0.3930778739184178,-0.005018172425880485,0.6075156576200418,0.6067934322631608,0.0007222253568809345,0.4248495663195855,0.42508071619684185,-0.0002311498772563647
Random Forest,momentum,0.1,14,6174154744668164251,0.6935240963855421,0.697289156626506,-0.0037650602409639022,0.5851972013767421,0.5861479433504486,-0.0009507419737064815,0.4359861591695502,0.44285714285714284,-0.006870983687592647,0.34054054054054056,0.33513513513513515,0.005405405405405406,0.38239757207890746,0.38153846153846155,0.0008591105404459065,0.5833380353213339,0.5817750945099588,0.0015629408113750909,0.4320047066000814,0.43010889851971823,0.0018958080803631594
Logistic Regression,momentum,0.1,15,13901320612724015877,0.6295180722891566,0.6317771084337349,-0.0022590361445783413,0.5657168650905603,0.5697709191446143,-0.004054054054054013,0.35944700460829493,0.36384439359267734,-0.004397388984382411,0.42162162162162165,0.4297297297297297,-0.00810810810810808,0.3880597014925373,0.3940520446096654,-0.005992343117128096,0.6075156576200418,0.6092422276138352,-0.001726569993793392,0.4248495663195855,0.42578939337442395,-0.0009398270548384713
Random Forest,momentum,0.1,15,13901320612724015877,0.6935240963855421,0.6942771084337349,-0.0007530120481927804,0.5851972013767421,0.5882074140946792,-0.0030102127179371108,0.4359861591695502,0.4387755102040816,-0.0027893510345314287,0.34054054054054056,0.34864864864864864,-0.00810810810810808,0.38239757207890746,0.3885542168674699,-0.0061566447885624265,0.5833380353213339,0.5828556113524798,0.00048242396885411765,0.4320047066000814,0.43198350513447015,2.1201465611242476e-05
Logistic Regression,momentum,0.1,16,17210722107042417598,0.6295180722891566,0.6332831325301205,-0.0037650602409639022,0.5657168650905603,0.572473621847317,-0.006756756756756688,0.35944700460829493,0.36674259681093396,-0.007295592202639034,0.42162162162162165,0.43513513513513513,-0.013513513513513487,0.3880597014925373,0.3980222496909765,-0.00996254819843917,0.6075156576200418,0.6076680020312588,-0.00015234441121703135,0.4248495663195855,0.42525385516888214,-0.0004042888492966634
Random Forest,momentum,0.1,16,17210722107042417598,0.6935240963855421,0.6942771084337349,-0.0007530120481927804,0.5851972013767421,0.581571968628336,0.003625232748406093,0.4359861591695502,0.4352517985611511,0.0007343606083990983,0.34054054054054056,0.327027027027027,0.013513513513513542,0.38239757207890746,0.3734567901234568,0.008940781955450672,0.5833380353213339,0.5823872933476274,0.0009507419737064815,0.4320047066000814,0.4311533374841058,0.0008513691159756087
Logistic Regression,momentum,0.1,17,11118504782931949583,0.6295180722891566,0.6317771084337349,-0.0022590361445783413,0.5657168650905603,0.5681120577780285,-0.0023951926874682394,0.35944700460829493,0.3625866050808314,-0.0031396004725364746,0.42162162162162165,0.4243243243243243,-0.002702702702702675,0.3880597014925373,0.39103362391033625,-0.0029739224177989243,0.6075156576200418,0.6074338430288326,8.181459120915058e-05,0.4248495663195855,0.42517984700971123,-0.00033028069012575045
Random Forest,momentum,0.1,17,11118504782931949583,0.6935240963855421,0.6942771084337349,-0.0007530120481927804,0.5851972013767421,0.5840602606782148,0.0011369406985273223,0.4359861591695502,0.43661971830985913,-0.0006335591403089369,0.34054054054054056,0.33513513513513515,0.005405405405405406,0.38239757207890746,0.37920489296636084,0.0031926791125466147,0.5833380353213339,0.5820882469107939,0.0012497884105400203,0.4320047066000814,0.43050545100937265,0.0014992555907087368
Logistic Regression,momentum,0.1,18,16234504900618839802,0.6295180722891566,0.625,0.004518072289156572,0.5657168650905603,0.5634147717655025,0.002302093325057819,0.35944700460829493,0.3552036199095023,0.0042433846987926516,0.42162162162162165,0.4243243243243243,-0.002702702702702675,0.3880597014925373,0.3866995073891626,0.0013601941033747345,0.6075156576200418,0.6077441742368673,-0.00022851661682554703,0.4248495663195855,0.42405194586995987,0.0007976204496256134
Random Forest,momentum,0.1,18,16234504900618839802,0.6935240963855421,0.6920180722891566,0.001506024096385561,0.5851972013767421,0.5841533600406252,0.0010438413361169019,0.4359861591695502,0.4329896907216495,0.002996468447900691,0.34054054054054056,0.34054054054054056,0.0,0.38239757207890746,0.3812405446293495,0.001157027449557979,0.5833380353213339,0.5807566439090448,0.00258139141228908,0.4320047066000814,0.42920850559548346,0.0027962010045979313
Logistic Regression,momentum,0.1,19,11005361289744419511,0.6295180722891566,0.6280120481927711,0.0015060240963854499,0.5657168650905603,0.567161315804322,-0.001444450713761758,0.35944700460829493,0.3597285067873303,-0.00028150217903538666,0.42162162162162165,0.4297297297297297,-0.00810810810810808,0.3880597014925373,0.3916256157635468,-0.003565914271009496,0.6075156576200418,0.6079980815888958,-0.0004824239688540066,0.4248495663195855,0.42587730264901213,-0.001027736329426654
Random Forest,momentum,0.1,19,11005361289744419511,0.6935240963855421,0.6920180722891566,0.001506024096385561,0.5851972013767421,0.5833239293573322,0.0018732720194098995,0.4359861591695502,0.43252595155709345,0.003460207612456745,0.34054054054054056,0.33783783783783783,0.0027027027027027306,0.38239757207890746,0.37936267071320184,0.003034901365705611,0.5833380353213339,0.5824719291316369,0.000866106189696958,0.4320047066000814,0.43187904789461407,0.00012565870546732416
Logistic Regression,momentum,0.1,20,18437096025576724768,0.6295180722891566,0.6370481927710844,-0.0075301204819278045,0.5657168650905603,0.5759126558709022,-0.01019579078034194,0.35944700460829493,0.37155963302752293,-0.012112628419228,0.42162162162162165,0.43783783783783786,-0.016216216216216217,0.3880597014925373,0.40198511166253104,-0.013925410169993713,0.6075156576200418,0.6082209558201208,-0.0007052982000790298,0.4248495663195855,0.42556875135437267,-0.0007191850347871842
Random Forest,momentum,0.1,20,18437096025576724768,0.6935240963855421,0.6905120481927711,0.0030120481927710108,0.5851972013767421,0.5822800880212153,0.0029171133555268014,0.4359861591695502,0.42955326460481097,0.006432894564739222,0.34054054054054056,0.33783783783783783,0.0027027027027027306,0.38239757207890746,0.37821482602118,0.004182746057727449,0.5833380353213339,0.5807961406082491,0.002541894713084747,0.4320047066000814,0.4293799254845778,0.0026247811155035716
Logistic Regression,momentum,0.1,21,16883952475324362599,0.6295180722891566,0.6332831325301205,-0.0037650602409639022,0.5657168650905603,0.5716441911640242,-0.005927326073463912,0.35944700460829493,0.36613272311212813,-0.0066857185038332045,0.42162162162162165,0.43243243243243246,-0.010810810810810811,0.3880597014925373,0.3965303593556382,-0.008470657863100861,0.6075156576200418,0.6065113129831292,0.0010043446369125686,0.4248495663195855,0.42466126696834816,0.0001882993512373199
Random Forest,momentum,0.1,21,16883952475324362599,0.6935240963855421,0.6927710843373494,0.0007530120481927804,0.5851972013767421,0.5821869886588049,0.0030102127179372218,0.4359861591695502,0.43309859154929575,0.0028875676202544387,0.34054054054054056,0.3324324324324324,0.008108108108108136,0.38239757207890746,0.3761467889908257,0.006250783088081746,0.5833380353213339,0.5839812672798059,-0.0006432319584720458,0.4320047066000814,0.43286991267049146,-0.0008652060704100739
Logistic Regression,momentum,0.1,22,8174905400274045035,0.6295180722891566,0.6378012048192772,-0.008283132530120585,0.5657168650905603,0.5747757151723749,-0.009058850081814618,0.35944700460829493,0.37122969837587005,-0.011782693767575125,0.42162162162162165,0.43243243243243246,-0.010810810810810811,0.3880597014925373,0.3995006242197253,-0.011440922727187997,0.6075156576200418,0.6081193928793094,-0.0006037352592676015,0.4248495663195855,0.42557939559721947,-0.0007298292776339865
Random Forest,momentum,0.1,22,8174905400274045035,0.6935240963855421,0.6957831325301205,-0.0022590361445783413,0.5851972013767421,0.5875923940642104,-0.0023951926874682394,0.4359861591695502,0.4409722222222222,-0.0049860630526720184,0.34054054054054056,0.34324324324324323,-0.002702702702702675,0.38239757207890746,0.3860182370820669,-0.00362066500315944,0.5833380353213339,0.5838627771821926,-0.0005247418608587129,0.4320047066000814,0.43425051401576337,-0.0022458074156819774
Logistic Regression,momentum,0.1,23,15282111150296355465,0.6295180722891566,0.625,0.004518072289156572,0.5657168650905603,0.5609264797156238,0.004790385374936479,0.35944700460829493,0.3532110091743119,0.00623599543398301,0.42162162162162165,0.41621621621621624,0.005405405405405406,0.3880597014925373,0.38213399503722084,0.005925706455316482,0.6075156576200418,0.6064548891271229,0.0010607684929189176,0.4248495663195855,0.42456443624070384,0.00028513007888164577
Random Forest,momentum,0.1,23,15282111150296355465,0.6935240963855421,0.6965361445783133,-0.003012048192771122,0.5851972013767421,0.5856260226823902,-0.00042882130564803056,0.4359861591695502,0.4412811387900356,-0.005294979620485418,0.34054054054054056,0.33513513513513515,0.005405405405405406,0.38239757207890746,0.38095238095238093,0.0014451911265265238,0.5833380353213339,0.5841843931614287,-0.0008463578400947913,0.4320047066000814,0.4300942813825397,0.0019104252175417002
Logistic Regression,momentum,0.1,24,1049315953882856160,0.6295180722891566,0.6317771084337349,-0.0022590361445783413,0.5657168650905603,0.5697709191446143,-0.004054054054054013,0.35944700460829493,0.36384439359267734,-0.004397388984382411,0.42162162162162165,0.4297297297297297,-0.00810810810810808,0.3880597014925373,0.3940520446096654,-0.005992343117128096,0.6075156576200418,0.6088021215369859,-0.0012864639169440917,0.4248495663195855,0.42554625925152584,-0.000696692931940357
Random Forest,momentum,0.1,24,1049315953882856160,0.6935240963855421,0.6935240963855421,0.0,0.5851972013767421,0.5835383400101564,0.0016588613665857732,0.4359861591695502,0.43508771929824563,0.0008984398713045572,0.34054054054054056,0.33513513513513515,0.005405405405405406,0.38239757207890746,0.3786259541984733,0.003771617880434175,0.5833380353213339,0.5860745923376405,-0.0027365570163065955,0.4320047066000814,0.43395194088040956,-0.0019472342803281695
Logistic Regression,momentum,0.1,25,17912865299730486073,0.6295180722891566,0.6325301204819277,-0.003012048192771122,0.5657168650905603,0.5702928398126728,-0.004575974722112464,0.35944700460829493,0.3646788990825688,-0.005231894474273857,0.42162162162162165,0.4297297297297297,-0.00810810810810808,0.3880597014925373,0.3945409429280397,-0.006481241435502383,0.6075156576200418,0.6076002934040512,-8.463578400941252e-05,0.4248495663195855,0.4252014350597667,-0.00035186874018122705
Random Forest,momentum,0.1,25,17912865299730486073,0.6935240963855421,0.6995481927710844,-0.006024096385542244,0.5851972013767421,0.5885431360379167,-0.00334593466117461,0.4359861591695502,0.44802867383512546,-0.012042514665575266,0.34054054054054056,0.33783783783783783,0.0027027027027027306,0.38239757207890746,0.3852080123266564,-0.0028104402477489576,0.5833380353213339,0.5842577441742369,-0.000919708852903045,0.4320047066000814,0.43237283122282044,-0.0003681246227390522
Logistic Regression,momentum,0.1,26,5581630105981697353,0.6295180722891566,0.6332831325301205,-0.0037650602409639022,0.5657168650905603,0.5716441911640242,-0.005927326073463912,0.35944700460829493,0.36613272311212813,-0.0066857185038332045,0.42162162162162165,0.43243243243243246,-0.010810810810810811,0.3880597014925373,0.3965303593556382,-0.008470657863100861,0.6075156576200418,0.6092365852282344,-0.0017209276081926461,0.4248495663195855,0.42588206291504477,-0.0010324965954592868
Random Forest,momentum,0.1,26,5581630105981697353,0.6935240963855421,0.6935240963855421,0.0,0.5851972013767421,0.5835383400101564,0.0016588613665857732,0.4359861591695502,0.43508771929824563,0.0008984398713045572,0.34054054054054056,0.33513513513513515,0.005405405405405406,0.38239757207890746,0.3786259541984733,0.003771617880434175,0.5833380353213339,0.5803673193026011,0.0029707160187327775,0.4320047066000814,0.42963491102739326,0.002369795572688127
Logistic Regression,momentum,0.1,27,11080486950243686883,0.6295180722891566,0.6295180722891566,0.0,0.5657168650905603,0.5657168650905603,0.0,0.35944700460829493,0.35944700460829493,0.0,0.42162162162162165,0.42162162162162165,0.0,0.3880597014925373,0.3880597014925373,0.0,0.6075156576200418,0.6067370084071545,0.0007786492128872835,0.4248495663195855,0.4251267001852069,-0.00027713386562139286
Random Forest,momentum,0.1,27,11080486950243686883,0.6935240963855421,0.6890060240963856,0.004518072289156572,0.5851972013767421,0.5812362466850984,0.003960954691643703,0.4359861591695502,0.42662116040955633,0.009364998759993859,0.34054054054054056,0.33783783783783783,0.0027027027027027306,0.38239757207890746,0.3770739064856712,0.005323665593236271,0.5833380353213339,0.583098233933307,0.00023980138802692785,0.4320047066000814,0.4320561814824042,-5.147488232282171e-05
Logistic Regression,momentum,0.1,28,17168186113965462235,0.6295180722891566,0.6295180722891566,0.0,0.5657168650905603,0.5698640185070247,-0.004147153416464433,0.35944700460829493,0.36261261261261263,-0.0031656080043176993,0.42162162162162165,0.43513513513513513,-0.013513513513513487,0.3880597014925373,0.3955773955773956,-0.007517694084858251,0.6075156576200418,0.6070388760367884,0.0004767815832533717,0.4248495663195855,0.42418800961750447,0.000661556702081012
Random Forest,momentum,0.1,28,17168186113965462235,0.6935240963855421,0.6950301204819277,-0.001506024096385561,0.5851972013767421,0.586241042712859,-0.0010438413361169019,0.4359861591695502,0.43902439024390244,-0.003038231074352249,0.34054054054054056,0.34054054054054056,0.0,0.38239757207890746,0.3835616438356164,-0.001164071756708962,0.5833380353213339,0.5834565254189472,-0.00011849009761333296,0.4320047066000814,0.4313795295973057,0.0006251770027757009
Logistic Regression,momentum,0.1,29,12540719096170194459,0.6295180722891566,0.6287650602409639,0.0007530120481926694,0.5657168650905603,0.5660243751057947,-0.00030751001523443566,0.35944700460829493,0.35926773455377575,0.0001792700545191761,0.42162162162162165,0.4243243243243243,-0.002702702702702675,0.3880597014925373,0.38909541511771994,-0.0010357136251826216,0.6075156576200418,0.6058934717598601,0.0016221858601817019,0.4248495663195855,0.4234539918640141,0.001395574455571369
Random Forest,momentum,0.1,29,12540719096170194459,0.6935240963855421,0.6875,0.0060240963855421326,0.5851972013767421,0.57687468261581,0.008322518760932152,0.4359861591695502,0.42160278745644597,0.01438337171310422,0.34054054054054056,0.327027027027027,0.013513513513513542,0.38239757207890746,0.3683409436834094,0.014056628395498039,0.5833380353213339,0.5846160356598771,-0.0012780003385431948,0.4320047066000814,0.4292648000381508,0.002739906561930572
Logistic Regression,momentum,0.2,0,4682432099815478574,0.6295180722891566,0.6280120481927711,0.0015060240963854499,0.5657168650905603,0.5696496078542008,-0.003932742763640529,0.35944700460829493,0.36160714285714285,-0.0021601382488479204,0.42162162162162165,0.43783783783783786,-0.016216216216216217,0.3880597014925373,0.3960880195599022,-0.00802831806736487,0.6075156576200418,0.6133555267166958,-0.005839869096654016,0.4248495663195855,0.427495421498035,-0.0026458551784495077
Random Forest,momentum,0.2,0,4682432099815478574,0.6935240963855421,0.6905120481927711,0.0030120481927710108,0.5851972013767421,0.5831095187045082,0.002087682672233915,0.4359861591695502,0.4300341296928328,0.005952029476717413,0.34054054054054056,0.34054054054054056,0.0,0.38239757207890746,0.38009049773755654,0.002307074341350912,0.5833380353213339,0.58803532133386,-0.0046972860125261695,0.4320047066000814,0.43336528628647997,-0.0013605796863985775
Logistic Regression,momentum,0.2,1,16737381388703094184,0.6295180722891566,0.625,0.004518072289156572,0.5657168650905603,0.5659030638153811,-0.00018619872482084077,0.35944700460829493,0.35714285714285715,0.002304147465437778,0.42162162162162165,0.43243243243243246,-0.010810810810810811,0.3880597014925373,0.39119804400978,-0.003138342517242654,0.6075156576200418,0.608277379676127,-0.0007617220560852678,0.4248495663195855,0.42252458502140494,0.0023249812981805396
Random Forest,momentum,0.2,1,16737381388703094184,0.6935240963855421,0.6965361445783133,-0.003012048192771122,0.5851972013767421,0.5881143147322688,-0.0029171133555266904,0.4359861591695502,0.4425087108013937,-0.0065225516318435095,0.34054054054054056,0.34324324324324323,-0.002702702702702675,0.38239757207890746,0.3866057838660578,-0.004208211787150362,0.5833380353213339,0.5857699035152063,-0.002431868193872422,0.4320047066000814,0.4352070191629007,-0.0032023125628193316
Logistic Regression,momentum,0.2,2,18120783520215230461,0.6295180722891566,0.6287650602409639,0.0007530120481926694,0.5657168650905603,0.571830389888845,-0.006113524798284753,0.35944700460829493,0.36363636363636365,-0.004189359028068718,0.42162162162162165,0.44324324324324327,-0.021621621621621623,0.3880597014925373,0.3995127892813642,-0.011453087788826866,0.6075156576200418,0.6063984652711166,0.0011171923489251556,0.4248495663195855,0.4245367587690865,0.00031280755049900577
Random Forest,momentum,0.2,2,18120783520215230461,0.6935240963855421,0.6807228915662651,0.012801204819277046,0.5851972013767421,0.5746656886531626,0.01053151272357955,0.4359861591695502,0.4105960264900662,0.02539013267948398,0.34054054054054056,0.33513513513513515,0.005405405405405406,0.38239757207890746,0.36904761904761907,0.013349953031288386,0.5833380353213339,0.5843875190430514,-0.0010494837217175368,0.4320047066000814,0.4296743012030443,0.0023304053970371053
Logistic Regression,momentum,0.2,3,8201652962696797150,0.6295180722891566,0.6310240963855421,-0.001506024096385561,0.5657168650905603,0.5700784291598489,-0.004361564069288559,0.35944700460829493,0.36363636363636365,-0.004189359028068718,0.42162162162162165,0.43243243243243246,-0.010810810810810811,0.3880597014925373,0.3950617283950617,-0.007002026902524383,0.6075156576200418,0.6073238165096203,0.00019184111042147567,0.4248495663195855,0.4241960268191677,0.0006535395004177991
Random Forest,momentum,0.2,3,8201652962696797150,0.6935240963855421,0.6950301204819277,-0.001506024096385561,0.5851972013767421,0.5845821813462733,0.0006150200304688713,0.4359861591695502,0.4381625441696113,-0.0021763850000611207,0.34054054054054056,0.33513513513513515,0.005405405405405406,0.38239757207890746,0.37978560490045943,0.002611967178448027,0.5833380353213339,0.5860379168312362,-0.002699881509902302,0.4320047066000814,0.43363355719539287,-0.0016288505953114818
Logistic Regression,momentum,0.2,4,13103464670612999040,0.6295180722891566,0.6325301204819277,-0.003012048192771122,0.5657168650905603,0.5744399932291373,-0.008723128138577008,0.35944700460829493,0.36771300448430494,-0.00826599987601001,0.42162162162162165,0.44324324324324327,-0.021621621621621623,0.3880597014925373,0.4019607843137255,-0.013901082821188182,0.6075156576200418,0.6079557636968911,-0.00044010607684930036,0.4248495663195855,0.42434716584521404,0.000502400474371445
Random Forest,momentum,0.2,4,13103464670612999040,0.6935240963855421,0.6912650602409639,0.0022590361445782303,0.5851972013767421,0.5836314393725668,0.0015657620041753528,0.4359861591695502,0.4315068493150685,0.0044793098544816945,0.34054054054054056,0.34054054054054056,0.0,0.38239757207890746,0.3806646525679758,0.0017329195109316298,0.5833380353213339,0.581794842859561,0.0015431924617729242,0.4320047066000814,0.4336287270472172,-0.0016240204471358322
Logistic Regression,momentum,0.2,5,15577416694979670598,0.6295180722891566,0.6257530120481928,0.003765060240963791,0.5657168650905603,0.563107261750268,0.0026096033402922547,0.35944700460829493,0.3553530751708428,0.004093929437452126,0.42162162162162165,0.42162162162162165,0.0,0.3880597014925373,0.3856613102595797,0.0023983912329575974,0.6075156576200418,0.6055267166958189,0.0019889409242228595,0.4248495663195855,0.42290753171433293,0.0019420346052525517
Random Forest,momentum,0.2,5,15577416694979670598,0.6935240963855421,0.6965361445783133,-0.003012048192771122,0.5851972013767421,0.5889437454155617,-0.003746544038819577,0.4359861591695502,0.4429065743944637,-0.00692041522491349,0.34054054054054056,0.34594594594594597,-0.005405405405405406,0.38239757207890746,0.3884673748103187,-0.006069802731411222,0.5833380353213339,0.5823901145404278,0.0009479207809061085,0.4320047066000814,0.42862445485747347,0.0033802517426079204
Logistic Regression,momentum,0.2,6,10791162157398222985,0.6295180722891566,0.6212349397590361,0.008283132530120474,0.5657168650905603,0.5608051684252102,0.004911696665350074,0.35944700460829493,0.3512304250559284,0.008216579552366543,0.42162162162162165,0.4243243243243243,-0.002702702702702675,0.3880597014925373,0.3843329253365973,0.003726776155940026,0.6075156576200418,0.6032189809851605,0.0042966766348813135,0.4248495663195855,0.42406330027745476,0.0007862660421307233
Random Forest,momentum,0.2,6,10791162157398222985,0.6935240963855421,0.6822289156626506,0.011295180722891485,0.5851972013767421,0.571562376572815,0.013634824803927192,0.4359861591695502,0.4103448275862069,0.025641331583343308,0.34054054054054056,0.3216216216216216,0.018918918918918948,0.38239757207890746,0.3606060606060606,0.02179151147284686,0.5833380353213339,0.5801670146137787,0.00317102070755515,0.4320047066000814,0.4272824191614655,0.004722287438615913
Logistic Regression,momentum,0.2,7,1551355947154442283,0.6295180722891566,0.6332831325301205,-0.0037650602409639022,0.5657168650905603,0.5708147604807312,-0.0050978953901709145,0.35944700460829493,0.36551724137931035,-0.006070236771015425,0.42162162162162165,0.4297297297297297,-0.00810810810810808,0.3880597014925373,0.3950310559006211,-0.006971354408083774,0.6075156576200418,0.6070275912655871,0.0004880663544546415,0.4248495663195855,0.4245071402585201,0.00034242606106538176
Random Forest,momentum,0.2,7,1551355947154442283,0.6935240963855421,0.6935240963855421,0.0,0.5851972013767421,0.5851972013767421,0.0,0.4359861591695502,0.4359861591695502,0.0,0.34054054054054056,0.34054054054054056,0.0,0.38239757207890746,0.38239757207890746,0.0,0.5833380353213339,0.5823026575636179,0.001035377757716005,0.4320047066000814,0.43014344996343873,0.0018612566366426608
Logistic Regression,momentum,0.2,8,15856451724284169455,0.6295180722891566,0.6242469879518072,0.005271084337349352,0.5657168650905603,0.5662105738306156,-0.0004937087400552764,0.35944700460829493,0.35698447893569846,0.0024625256725964717,0.42162162162162165,0.43513513513513513,-0.013513513513513487,0.3880597014925373,0.392204628501827,-0.004144927009289701,0.6075156576200418,0.6058539750606556,0.0016616825593861462,0.4248495663195855,0.42379101069002034,0.0010585556295651388
Random Forest,momentum,0.2,8,15856451724284169455,0.6935240963855421,0.6859939759036144,0.0075301204819276935,0.5851972013767421,0.5774897026462789,0.00770749873046328,0.4359861591695502,0.4197952218430034,0.016190937326546806,0.34054054054054056,0.3324324324324324,0.008108108108108136,0.38239757207890746,0.37104072398190047,0.011356848097006988,0.5833380353213339,0.5798792529481465,0.003458782373187419,0.4320047066000814,0.42958717453409456,0.002417532065986827
Logistic Regression,momentum,0.2,9,11930740137669733459,0.6295180722891566,0.6242469879518072,0.005271084337349352,0.5657168650905603,0.562892851097444,0.00282401399311627,0.35944700460829493,0.3544018058690745,0.005045198739220436,0.42162162162162165,0.4243243243243243,-0.002702702702702675,0.3880597014925373,0.3862238622386224,0.0018358392539149504,0.6075156576200418,0.6052248490661851,0.0022908085538566603,0.4248495663195855,0.4235395809935885,0.0013099853259969652
Random Forest,momentum,0.2,9,11930740137669733459,0.6935240963855421,0.6852409638554217,0.008283132530120474,0.5851972013767421,0.5769677819782204,0.008229419398521731,0.4359861591695502,0.41836734693877553,0.01761881223077466,0.34054054054054056,0.3324324324324324,0.008108108108108136,0.38239757207890746,0.3704819277108434,0.011915644368064082,0.5833380353213339,0.5820120747051853,0.001325960616148536,0.4320047066000814,0.43032865969482187,0.0016760469052595206
Logistic Regression,momentum,0.2,10,9722764741518902925,0.6295180722891566,0.6295180722891566,0.0,0.5657168650905603,0.568205157140439,-0.00248829204987866,0.35944700460829493,0.3613636363636364,-0.001916631755341458,0.42162162162162165,0.4297297297297297,-0.00810810810810808,0.3880597014925373,0.3925925925925926,-0.004532891100055281,0.6075156576200418,0.6062150877390962,0.0013005698809456234,0.4248495663195855,0.4243704628296097,0.0004791034899757629
Random Forest,momentum,0.2,10,9722764741518902925,0.6935240963855421,0.6980421686746988,-0.004518072289156683,0.5851972013767421,0.5891581560683857,-0.003960954691643592,0.4359861591695502,0.4456140350877193,-0.009627875918169104,0.34054054054054056,0.34324324324324323,-0.002702702702702675,0.38239757207890746,0.38778625954198476,-0.005388687463077302,0.5833380353213339,0.582384472154827,0.0009535631665068545,0.4320047066000814,0.4317570794408796,0.0002476271592017909
Logistic Regression,momentum,0.2,11,9242581265346758053,0.6295180722891566,0.6242469879518072,0.005271084337349352,0.5657168650905603,0.5637222817807369,0.0019945833098233834,0.35944700460829493,0.3550561797752809,0.0043908248330140065,0.42162162162162165,0.42702702702702705,-0.005405405405405406,0.3880597014925373,0.38773006134969323,0.0003296401428440898,0.6075156576200418,0.6061191671838854,0.0013964904361564168,0.4248495663195855,0.4224561623189219,0.002393404000663568
Random Forest,momentum,0.2,11,9242581265346758053,0.6935240963855421,0.6980421686746988,-0.004518072289156683,0.5851972013767421,0.5883287253850928,-0.0031315240083507057,0.4359861591695502,0.4452296819787986,-0.009243522809248395,0.34054054054054056,0.34054054054054056,0.0,0.38239757207890746,0.38591117917304746,-0.0035136070941400033,0.5833380353213339,0.5859335326976245,-0.002595497376290612,0.4320047066000814,0.43237119819970216,-0.0003664915996207663
Logistic Regression,momentum,0.2,12,13881380454264357294,0.6295180722891566,0.6332831325301205,-0.0037650602409639022,0.5657168650905603,0.572473621847317,-0.006756756756756688,0.35944700460829493,0.36674259681093396,-0.007295592202639034,0.42162162162162165,0.43513513513513513,-0.013513513513513487,0.3880597014925373,0.3980222496909765,-0.00996254819843917,0.6075156576200418,0.6026801331603002,0.004835524459741558,0.4248495663195855,0.4229525146438895,0.001897051675695982
Random Forest,momentum,0.2,12,13881380454264357294,0.6935240963855421,0.6875,0.0060240963855421326,0.5851972013767421,0.5801924053489815,0.005004796027760605,0.4359861591695502,0.423728813559322,0.012257345610228176,0.34054054054054056,0.33783783783783783,0.0027027027027027306,0.38239757207890746,0.37593984962406013,0.0064577224548473255,0.5833380353213339,0.5876742086554194,-0.004336173334085536,0.4320047066000814,0.43067692557721365,0.0013277810228677356
Logistic Regression,momentum,0.2,13,14105126965684681820,0.6295180722891566,0.625,0.004518072289156572,0.5657168650905603,0.5675619251819669,-0.001845060091406614,0.35944700460829493,0.3584070796460177,0.0010399249622772277,0.42162162162162165,0.43783783783783786,-0.016216216216216217,0.3880597014925373,0.39416058394160586,-0.006100882449068534,0.6075156576200418,0.605151498053377,0.002364159566664803,0.4248495663195855,0.42393122398337924,0.000918342336206246
Random Forest,momentum,0.2,13,14105126965684681820,0.6935240963855421,0.6942771084337349,-0.0007530120481927804,0.5851972013767421,0.5824013993116289,0.0027958020651132065,0.4359861591695502,0.4357142857142857,0.0002718734552644708,0.34054054054054056,0.32972972972972975,0.010810810810810811,0.38239757207890746,0.37538461538461537,0.007012956694292083,0.5833380353213339,0.5863341420752695,-0.002996106753935579,0.4320047066000814,0.43306965069529607,-0.0010649440952146816
Logistic Regression,momentum,0.2,14,10555789262735515413,0.6295180722891566,0.6287650602409639,0.0007530120481926694,0.5657168650905603,0.5676832364723805,-0.001966371381820209,0.35944700460829493,0.36054421768707484,-0.0010972130787799128,0.42162162162162165,0.4297297297297297,-0.00810810810810808,0.3880597014925373,0.3921085080147966,-0.004048806522259252,0.6075156576200418,0.6058201207470519,0.0016955368729898446,0.4248495663195855,0.42500991415931566,-0.0001603478397301794
Random Forest,momentum,0.2,14,10555789262735515413,0.6935240963855421,0.6957831325301205,-0.0022590361445783413,0.5851972013767421,0.5842746713310387,0.000922530045703418,0.4359861591695502,0.4392857142857143,-0.003299555116164088,0.34054054054054056,0.3324324324324324,0.008108108108108136,0.38239757207890746,0.37846153846153846,0.003936033617368995,0.5833380353213339,0.5838289228685889,-0.0004908875472550145,0.4320047066000814,0.43212937629354686,-0.0001246696934654734
Logistic Regression,momentum,0.2,15,726131394270430572,0.6295180722891566,0.6287650602409639,0.0007530120481926694,0.5657168650905603,0.5685126671556735,-0.0027958020651132065,0.35944700460829493,0.3611738148984199,-0.0017268102901249471,0.42162162162162165,0.43243243243243246,-0.010810810810810811,0.3880597014925373,0.3936039360393604,-0.005544234546823068,0.6075156576200418,0.6108898042092197,-0.0033741465891778955,0.4248495663195855,0.42675758279123877,-0.0019080164716532844
Random Forest,momentum,0.2,15,726131394270430572,0.6935240963855421,0.6852409638554217,0.008283132530120474,0.5851972013767421,0.5794560740280991,0.005741127348643071,0.4359861591695502,0.42,0.015986159169550207,0.34054054054054056,0.34054054054054056,0.0,0.38239757207890746,0.3761194029850746,0.0062781690938328305,0.5833380353213339,0.5796479151385205,0.003690120182813339,0.4320047066000814,0.4282912086408911,0.003713497959190293
Logistic Regression,momentum,0.2,16,5460618049653817801,0.6295180722891566,0.6227409638554217,0.006777108433734913,0.5657168650905603,0.5635078711279129,0.0022089939626473987,0.35944700460829493,0.35412026726057905,0.005326737347715882,0.42162162162162165,0.4297297297297297,-0.00810810810810808,0.3880597014925373,0.3882783882783883,-0.00021868678585096335,0.6075156576200418,0.6073492072448231,0.00016645037521867412,0.4248495663195855,0.42517232960011353,-0.0003227632805280489
Random Forest,momentum,0.2,16,5460618049653817801,0.6935240963855421,0.6950301204819277,-0.001506024096385561,0.5851972013767421,0.5829233199796874,0.0022738813970547556,0.4359861591695502,0.43727598566308246,-0.0012898264935322645,0.34054054054054056,0.32972972972972975,0.010810810810810811,0.38239757207890746,0.37596302003081666,0.006434552048090791,0.5833380353213339,0.5830051345708966,0.0003329007504372372,0.4320047066000814,0.43002079826408524,0.001983908335996154
Logistic Regression,momentum,0.2,17,4342491838749091567,0.6295180722891566,0.6295180722891566,0.0,0.5657168650905603,0.5673757264571461,-0.0016588613665857732,0.35944700460829493,0.3607305936073059,-0.0012835889990109872,0.42162162162162165,0.42702702702702705,-0.005405405405405406,0.3880597014925373,0.3910891089108911,-0.00302940741835378,0.6075156576200418,0.6070219488799865,0.0004937087400552764,0.4248495663195855,0.42583067371294164,-0.000981107393356162
Random Forest,momentum,0.2,17,4342491838749091567,0.6935240963855421,0.6935240963855421,0.0,0.5851972013767421,0.5835383400101564,0.0016588613665857732,0.4359861591695502,0.43508771929824563,0.0008984398713045572,0.34054054054054056,0.33513513513513515,0.005405405405405406,0.38239757207890746,0.3786259541984733,0.003771617880434175,0.5833380353213339,0.5830954127405067,0.0002426225808271898,0.4320047066000814,0.43119070004315446,0.0008140065569269272
Logistic Regression,momentum,0.2,18,14315666943899815273,0.6295180722891566,0.6234939759036144,0.0060240963855421326,0.5657168650905603,0.5632003611126785,0.0025165039778818343,0.35944700460829493,0.3542600896860987,0.005186914922196251,0.42162162162162165,0.42702702702702705,-0.005405405405405406,0.3880597014925373,0.3872549019607843,0.0008047995317529977,0.6075156576200418,0.6073943463296282,0.0001213112904135949,0.4248495663195855,0.4225854278945249,0.002264138425060569
Random Forest,momentum,0.2,18,14315666943899815273,0.6935240963855421,0.6980421686746988,-0.004518072289156683,0.5851972013767421,0.5883287253850928,-0.0031315240083507057,0.4359861591695502,0.4452296819787986,-0.009243522809248395,0.34054054054054056,0.34054054054054056,0.0,0.38239757207890746,0.38591117917304746,-0.0035136070941400033,0.5833380353213339,0.5801726569993794,0.003165378321954515,0.4320047066000814,0.4303618133407348,0.0016428932593465784
Logistic Regression,momentum,0.2,19,11384334440234237245,0.6295180722891566,0.6317771084337349,-0.0022590361445783413,0.5657168650905603,0.573088641877786,-0.00737177678722567,0.35944700460829493,0.36629213483146067,-0.006845130223165741,0.42162162162162165,0.44054054054054054,-0.018918918918918892,0.3880597014925373,0.4,-0.011940298507462699,0.6075156576200418,0.60830277041133,-0.0007871127912881803,0.4248495663195855,0.4269775181613954,-0.0021279518418099164
Random Forest,momentum,0.2,19,11384334440234237245,0.6935240963855421,0.6905120481927711,0.0030120481927710108,0.5851972013767421,0.5806212266546296,0.004575974722112575,0.4359861591695502,0.42857142857142855,0.007414730598121644,0.34054054054054056,0.3324324324324324,0.008108108108108136,0.38239757207890746,0.3744292237442922,0.007968348334615238,0.5833380353213339,0.5821898098516053,0.001148225469728592,0.4320047066000814,0.4319189376510818,8.57689489995872e-05
Logistic Regression,momentum,0.2,20,5694873655591142429,0.6295180722891566,0.6362951807228916,-0.006777108433735024,0.5657168650905603,0.5803673193026011,-0.014650454212040809,0.35944700460829493,0.3741648106904232,-0.014717806082128249,0.42162162162162165,0.4540540540540541,-0.032432432432432434,0.3880597014925373,0.41025641025641024,-0.02219670876387292,0.6075156576200418,0.6088529030073915,-0.0013372453873496948,0.4248495663195855,0.42601890537512177,-0.0011693390555362893
Random Forest,momentum,0.2,20,5694873655591142429,0.6935240963855421,0.6935240963855421,0.0,0.5851972013767421,0.5851972013767421,0.0,0.4359861591695502,0.4359861591695502,0.0,0.34054054054054056,0.34054054054054056,0.0,0.38239757207890746,0.38239757207890746,0.0,0.5833380353213339,0.5804265643514077,0.0029114709699261665,0.4320047066000814,0.4292925498131268,0.002712156786954578
Logistic Regression,momentum,0.2,21,12586337996627746312,0.6295180722891566,0.6325301204819277,-0.003012048192771122,0.5657168650905603,0.5719517011792585,-0.006234836088698237,0.35944700460829493,0.3659090909090909,-0.006462086300795977,0.42162162162162165,0.43513513513513513,-0.013513513513513487,0.3880597014925373,0.39753086419753086,-0.009471162704993541,0.6075156576200418,0.6053348755853974,0.002180782034644335,0.4248495663195855,0.42433373084725917,0.0005158354723263092
Random Forest,momentum,0.2,21,12586337996627746312,0.6935240963855421,0.6942771084337349,-0.0007530120481927804,0.5851972013767421,0.5832308299949218,0.00196637138182032,0.4359861591695502,0.43617021276595747,-0.00018405359640727426,0.34054054054054056,0.3324324324324324,0.008108108108108136,0.38239757207890746,0.3773006134969325,0.005096958581974953,0.5833380353213339,0.5819669356203803,0.0013710997009536152,0.4320047066000814,0.4305268152902226,0.0014778913098588142
Logistic Regression,momentum,0.2,22,2207684968592679545,0.6295180722891566,0.6355421686746988,-0.006024096385542244,0.5657168650905603,0.5748688145347853,-0.009151949444225038,0.35944700460829493,0.3698630136986301,-0.010416009090335188,0.42162162162162165,0.43783783783783786,-0.016216216216216217,0.3880597014925373,0.400990099009901,-0.01293039751736369,0.6075156576200418,0.6085594989561587,-0.0010438413361169019,0.4248495663195855,0.42530990952846986,-0.00046034320888438396
Random Forest,momentum,0.2,22,2207684968592679545,0.6935240963855421,0.6987951807228916,-0.005271084337349463,0.5851972013767421,0.5863623540032726,-0.0011651526265304968,0.4359861591695502,0.44565217391304346,-0.009666014743493268,0.34054054054054056,0.3324324324324324,0.008108108108108136,0.38239757207890746,0.38080495356037153,0.0015926185185359265,0.5833380353213339,0.5812531738419003,0.002084861479433542,0.4320047066000814,0.4337730488591711,-0.001768342259089728
Logistic Regression,momentum,0.2,23,14604642030046320294,0.6295180722891566,0.625,0.004518072289156572,0.5657168650905603,0.5634147717655025,0.002302093325057819,0.35944700460829493,0.3552036199095023,0.0042433846987926516,0.42162162162162165,0.4243243243243243,-0.002702702702702675,0.3880597014925373,0.3866995073891626,0.0013601941033747345,0.6075156576200418,0.6048863059301473,0.0026293516898945324,0.4248495663195855,0.4234554883216666,0.0013940779979189077
Random Forest,momentum,0.2,23,14604642030046320294,0.6935240963855421,0.6890060240963856,0.004518072289156572,0.5851972013767421,0.577089093268634,0.008108108108108136,0.4359861591695502,0.42402826855123676,0.011957890618313427,0.34054054054054056,0.32432432432432434,0.016216216216216217,0.38239757207890746,0.3675344563552833,0.014863115723624143,0.5833380353213339,0.5813970546747164,0.0019409806466175183,0.4320047066000814,0.4284714994867734,0.0035332071133080123
Logistic Regression,momentum,0.2,24,10723576025390410226,0.6295180722891566,0.6302710843373494,-0.0007530120481927804,0.5657168650905603,0.5720448005416691,-0.006327935451108768,0.35944700460829493,0.36465324384787473,-0.005206239239579802,0.42162162162162165,0.44054054054054054,-0.018918918918918892,0.3880597014925373,0.3990208078335373,-0.010961106341000004,0.6075156576200418,0.6099193138859109,-0.0024036562658691363,0.4248495663195855,0.4257579925381451,-0.0009084262185596326
Random Forest,momentum,0.2,24,10723576025390410226,0.6935240963855421,0.6950301204819277,-0.001506024096385561,0.5851972013767421,0.5845821813462733,0.0006150200304688713,0.4359861591695502,0.4381625441696113,-0.0021763850000611207,0.34054054054054056,0.33513513513513515,0.005405405405405406,0.38239757207890746,0.37978560490045943,0.002611967178448027,0.5833380353213339,0.5863538904248715,-0.0030158551035376346,0.4320047066000814,0.4349074824846761,-0.0029027758845946994
Logistic Regression,momentum,0.2,25,12688433386054411321,0.6295180722891566,0.6340361445783133,-0.004518072289156683,0.5657168650905603,0.5754838345652542,-0.00976696947469391,0.35944700460829493,0.36936936936936937,-0.009922364761074443,0.42162162162162165,0.44324324324324327,-0.021621621621621623,0.3880597014925373,0.40294840294840295,-0.014888701455865627,0.6075156576200418,0.6073294588952208,0.0001861987248209518,0.4248495663195855,0.4237748391748849,0.0010747271447005824
Random Forest,momentum,0.2,25,12688433386054411321,0.6935240963855421,0.697289156626506,-0.0037650602409639022,0.5851972013767421,0.5853185126671556,-0.00012131129041348387,0.4359861591695502,0.44244604316546765,-0.006459883995917459,0.34054054054054056,0.3324324324324324,0.008108108108108136,0.38239757207890746,0.37962962962962965,0.002767942449277805,0.5833380353213339,0.5857275856232016,-0.0023895503018677156,0.4320047066000814,0.43353900877697604,-0.001534302176894653
Logistic Regression,momentum,0.2,26,8402084254999376166,0.6295180722891566,0.6280120481927711,0.0015060240963854499,0.5657168650905603,0.5696496078542008,-0.003932742763640529,0.35944700460829493,0.36160714285714285,-0.0021601382488479204,0.42162162162162165,0.43783783783783786,-0.016216216216216217,0.3880597014925373,0.3960880195599022,-0.00802831806736487,0.6075156576200418,0.6106838571347966,-0.003168199514754777,0.4248495663195855,0.426858122909781,-0.0020085565901954983
Random Forest,momentum,0.2,26,8402084254999376166,0.6935240963855421,0.6875,0.0060240963855421326,0.5851972013767421,0.5785335439823958,0.006663657394346378,0.4359861591695502,0.422680412371134,0.013305746798416174,0.34054054054054056,0.3324324324324324,0.008108108108108136,0.38239757207890746,0.3721633888048411,0.010234183274066333,0.5833380353213339,0.5792021666760706,0.004135868645263274,0.4320047066000814,0.4284878638826789,0.0035168427174024908
Logistic Regression,momentum,0.2,27,8643656386684623865,0.6295180722891566,0.6287650602409639,0.0007530120481926694,0.5657168650905603,0.5676832364723805,-0.001966371381820209,0.35944700460829493,0.36054421768707484,-0.0010972130787799128,0.42162162162162165,0.4297297297297297,-0.00810810810810808,0.3880597014925373,0.3921085080147966,-0.004048806522259252,0.6075156576200418,0.6056734187214354,0.001842238898606352,0.4248495663195855,0.42476549762931426,8.406869027122177e-05
Random Forest,momentum,0.2,27,8643656386684623865,0.6935240963855421,0.6927710843373494,0.0007530120481927804,0.5851972013767421,0.5821869886588049,0.0030102127179372218,0.4359861591695502,0.43309859154929575,0.0028875676202544387,0.34054054054054056,0.3324324324324324,0.008108108108108136,0.38239757207890746,0.3761467889908257,0.006250783088081746,0.5833380353213339,0.5828132934604752,0.0005247418608587129,0.4320047066000814,0.43260883195982847,-0.0006041253597470764
Logistic Regression,momentum,0.2,28,2577559833632118353,0.6295180722891566,0.6310240963855421,-0.001506024096385561,0.5657168650905603,0.5758844439428991,-0.010167578852338766,0.35944700460829493,0.36784140969163,-0.008394405083335055,0.42162162162162165,0.45135135135135135,-0.029729729729729704,0.3880597014925373,0.4053398058252427,-0.01728010433270538,0.6075156576200418,0.6062827963663037,0.0012328612537381156,0.4248495663195855,0.4234284439062928,0.0014211224132926747
Random Forest,momentum,0.2,28,2577559833632118353,0.6935240963855421,0.6950301204819277,-0.001506024096385561,0.5851972013767421,0.586241042712859,-0.0010438413361169019,0.4359861591695502,0.43902439024390244,-0.003038231074352249,0.34054054054054056,0.34054054054054056,0.0,0.38239757207890746,0.3835616438356164,-0.001164071756708962,0.5833380353213339,0.5837386446989787,-0.00040060937764485605,0.4320047066000814,0.43091098805057493,0.0010937185495064616
Logistic Regression,momentum,0.2,29,1802405788065769701,0.6295180722891566,0.6234939759036144,0.0060240963855421326,0.5657168650905603,0.5623709304293856,0.003345934661174721,0.35944700460829493,0.3536036036036036,0.005843401004691329,0.42162162162162165,0.4243243243243243,-0.002702702702702675,0.3880597014925373,0.3857493857493858,0.0023103157431515475,0.6075156576200418,0.6037183321108164,0.003797325509225402,0.4248495663195855,0.42228447731652785,0.00256508900305763
Random Forest,momentum,0.2,29,1802405788065769701,0.6935240963855421,0.6852409638554217,0.008283132530120474,0.5851972013767421,0.572820628561756,0.012376572814986164,0.4359861591695502,0.4154929577464789,0.020493201423071317,0.34054054054054056,0.31891891891891894,0.021621621621621623,0.38239757207890746,0.36085626911314983,0.021541302965757625,0.5833380353213339,0.5860520227952378,-0.002713987473903945,0.4320047066000814,0.4285991468052039,0.0034055597948774996
Logistic Regression,momentum,0.5,0,14600747659696184376,0.6295180722891566,0.634789156626506,-0.005271084337349463,0.5657168650905603,0.5859589234328274,-0.02024205834226711,0.35944700460829493,0.37687366167023556,-0.01742665706194063,0.42162162162162165,0.4756756756756757,-0.05405405405405406,0.3880597014925373,0.42054958183990443,-0.032489880347367106,0.6075156576200418,0.6200022569542403,-0.01248659933419849,0.4248495663195855,0.4319917654603589,-0.007142199140773409
Random Forest,momentum,0.5,0,14600747659696184376,0.6935240963855421,0.6882530120481928,0.005271084337349352,0.5851972013767421,0.5848614794335045,0.0003357219432376102,0.4359861591695502,0.4276315789473684,0.008354580222181773,0.34054054054054056,0.35135135135135137,-0.010810810810810811,0.38239757207890746,0.3857566765578635,-0.003359104478956043,0.5833380353213339,0.5892315070811939,-0.005893471759859992,0.4320047066000814,0.4356522046769172,-0.0036474980768357868
Logistic Regression,momentum,0.5,1,12694967078984309503,0.6295180722891566,0.6091867469879518,0.02033132530120474,0.5657168650905603,0.551625007052982,0.014091858037578286,0.35944700460829493,0.3383947939262473,0.021052210682047656,0.42162162162162165,0.42162162162162165,0.0,0.3880597014925373,0.37545126353790614,0.01260843795463118,0.6075156576200418,0.607741353044067,-0.00022569542402517406,0.4248495663195855,0.4166951828904035,0.008154383429181955
Random Forest,momentum,0.5,1,12694967078984309503,0.6935240963855421,0.6912650602409639,0.0022590361445782303,0.5851972013767421,0.5828020086892738,0.0023951926874683505,0.4359861591695502,0.43103448275862066,0.004951676410929529,0.34054054054054056,0.33783783783783783,0.0027027027027027306,0.38239757207890746,0.3787878787878788,0.0036096932910286705,0.5833380353213339,0.589321785250804,-0.00598374992947015,0.4320047066000814,0.43417296009106804,-0.002168253490986649
Logistic Regression,momentum,0.5,2,10783653469366740557,0.6295180722891566,0.6242469879518072,0.005271084337349352,0.5657168650905603,0.5695282965637871,-0.003811431473226823,0.35944700460829493,0.35947712418300654,-3.0119574711606756e-05,0.42162162162162165,0.44594594594594594,-0.024324324324324298,0.3880597014925373,0.39806996381182147,-0.010010262319284147,0.6075156576200418,0.6025588218698865,0.004956835750155264,0.4248495663195855,0.4223966390265909,0.0024529272929945667
Random Forest,momentum,0.5,2,10783653469366740557,0.6935240963855421,0.6875,0.0060240963855421326,0.5851972013767421,0.5785335439823958,0.006663657394346378,0.4359861591695502,0.422680412371134,0.013305746798416174,0.34054054054054056,0.3324324324324324,0.008108108108108136,0.38239757207890746,0.3721633888048411,0.010234183274066333,0.5833380353213339,0.580454776279411,0.002883259041922881,0.4320047066000814,0.4269423198690261,0.005062386731055302
Logistic Regression,momentum,0.5,3,15250587857856160831,0.6295180722891566,0.6204819277108434,0.009036144578313143,0.5657168650905603,0.5619421091237375,0.0037747559668227515,0.35944700460829493,0.35176991150442477,0.007677093103870158,0.42162162162162165,0.4297297297297297,-0.00810810810810808,0.3880597014925373,0.38686131386861317,0.0011983876239241575,0.6075156576200418,0.6060683857134797,0.001447271906562131,0.4248495663195855,0.4241431654076399,0.0007064009119455705
Random Forest,momentum,0.5,3,15250587857856160831,0.6935240963855421,0.6844879518072289,0.009036144578313254,0.5851972013767421,0.576445861310162,0.008751340066580182,0.4359861591695502,0.41694915254237286,0.019037006627177333,0.34054054054054056,0.3324324324324324,0.008108108108108136,0.38239757207890746,0.3699248120300752,0.012472760048832243,0.5833380353213339,0.5923291767759409,-0.008991141454606999,0.4320047066000814,0.43272644058353904,-0.0007217339834576508
Logistic Regression,momentum,0.5,4,7063037947934748549,0.6295180722891566,0.6234939759036144,0.0060240963855421326,0.5657168650905603,0.5681769452124359,-0.0024600801218755963,0.35944700460829493,0.35807860262008734,0.0013684019882075904,0.42162162162162165,0.44324324324324327,-0.021621621621621623,0.3880597014925373,0.3961352657004831,-0.008075564207945751,0.6075156576200418,0.6070952998927946,0.0004203577272471337,0.4248495663195855,0.4227050387399638,0.002144527579621691
Random Forest,momentum,0.5,4,7063037947934748549,0.6935240963855421,0.6935240963855421,0.0,0.5851972013767421,0.5818794786435705,0.0033177227331716574,0.4359861591695502,0.43416370106761565,0.0018224581019345432,0.34054054054054056,0.32972972972972975,0.010810810810810811,0.38239757207890746,0.37480798771121354,0.007589584367693913,0.5833380353213339,0.5790836765784573,0.004254358742876607,0.4320047066000814,0.43137831188683673,0.0006263947132446601
Logistic Regression,momentum,0.5,5,8379320154017092353,0.6295180722891566,0.6189759036144579,0.010542168674698704,0.5657168650905603,0.5584099757377419,0.007306889352818424,0.35944700460829493,0.3482142857142857,0.01123271889400923,0.42162162162162165,0.42162162162162165,0.0,0.3880597014925373,0.38141809290953543,0.00664160858300189,0.6075156576200418,0.6017293911865937,0.00578626643344804,0.4248495663195855,0.4170092703874688,0.007840295932116659
Random Forest,momentum,0.5,5,8379320154017092353,0.6935240963855421,0.6822289156626506,0.011295180722891485,0.5851972013767421,0.5773683913558653,0.007828810020876875,0.4359861591695502,0.4144736842105263,0.021512474959023864,0.34054054054054056,0.34054054054054056,0.0,0.38239757207890746,0.37388724035608306,0.008510331722824394,0.5833380353213339,0.5768041527958021,0.006533882525531776,0.4320047066000814,0.4208450674497029,0.011159639150378486
Logistic Regression,momentum,0.5,6,14131672251999004291,0.6295180722891566,0.6167168674698795,0.012801204819277046,0.5657168650905603,0.5626502285166168,0.00306663657394346,0.35944700460829493,0.35053763440860214,0.00890937019969279,0.42162162162162165,0.44054054054054054,-0.018918918918918892,0.3880597014925373,0.3904191616766467,-0.0023594601841093743,0.6075156576200418,0.5963719460587936,0.01114371156124816,0.4248495663195855,0.4208638154697181,0.003985750849867353
Random Forest,momentum,0.5,6,14131672251999004291,0.6935240963855421,0.6859939759036144,0.0075301204819276935,0.5851972013767421,0.5799779946961575,0.0052192066805846205,0.4359861591695502,0.4214046822742475,0.014581476895302703,0.34054054054054056,0.34054054054054056,0.0,0.38239757207890746,0.37668161434977576,0.005715957729131693,0.5833380353213339,0.5813490943971111,0.0019889409242227485,0.4320047066000814,0.4274889914291105,0.00451571517097088
Logistic Regression,momentum,0.5,7,10908879167582240614,0.6295180722891566,0.6332831325301205,-0.0037650602409639022,0.5657168650905603,0.580767928680246,-0.015051063589685665,0.35944700460829493,0.37254901960784315,-0.013102014999548217,0.42162162162162165,0.46216216216216216,-0.040540540540540515,0.3880597014925373,0.41254523522316044,-0.02448553373062312,0.6075156576200418,0.6046549681205213,0.0028606894995204524,0.4248495663195855,0.4229793831243662,0.001870183195219255
Random Forest,momentum,0.5,7,10908879167582240614,0.6935240963855421,0.6957831325301205,-0.0022590361445783413,0.5851972013767421,0.590080686114089,-0.004883484737346899,0.4359861591695502,0.4421768707482993,-0.00619071157874912,0.34054054054054056,0.35135135135135137,-0.010810810810810811,0.38239757207890746,0.39156626506024095,-0.009168692981333493,0.5833380353213339,0.5774078880550697,0.005930147266264174,0.4320047066000814,0.42785843726589556,0.004146269334185826
Logistic Regression,momentum,0.5,8,1312479370595481898,0.6295180722891566,0.6197289156626506,0.009789156626505924,0.5657168650905603,0.5730322180217796,-0.007315352931219321,0.35944700460829493,0.3596673596673597,-0.0002203550590647585,0.42162162162162165,0.46756756756756757,-0.04594594594594592,0.3880597014925373,0.40658049353701525,-0.01852079204447793,0.6075156576200418,0.6023105569034588,0.005205100716582978,0.4248495663195855,0.4213107314916923,0.003538834827893189
Random Forest,momentum,0.5,8,1312479370595481898,0.6935240963855421,0.6792168674698795,0.014307228915662606,0.5851972013767421,0.5777690007335101,0.007428200643232019,0.4359861591695502,0.410828025477707,0.025158133691843165,0.34054054054054056,0.34864864864864864,-0.00810810810810808,0.38239757207890746,0.37719298245614036,0.005204589622767097,0.5833380353213339,0.5770129210630255,0.006325114258308395,0.4320047066000814,0.4224934268993563,0.009511279700725073
Logistic Regression,momentum,0.5,9,15006322409050813234,0.6295180722891566,0.6182228915662651,0.011295180722891485,0.5657168650905603,0.5636940698527337,0.002022795237826558,0.35944700460829493,0.35205183585313177,0.007395168755163162,0.42162162162162165,0.44054054054054054,-0.018918918918918892,0.3880597014925373,0.39135654261704683,-0.0032968411245095086,0.6075156576200418,0.6003329007504373,0.007182756869604456,0.4248495663195855,0.41849173678711116,0.006357829532474324
Random Forest,momentum,0.5,9,15006322409050813234,0.6935240963855421,0.6844879518072289,0.009036144578313254,0.5851972013767421,0.5781047226767477,0.007092478699994409,0.4359861591695502,0.4180602006688963,0.01792595850065387,0.34054054054054056,0.33783783783783783,0.0027027027027027306,0.38239757207890746,0.37369207772795215,0.0087054943509553,0.5833380353213339,0.5816453196411443,0.0016927156801895826,0.4320047066000814,0.4286754581438891,0.003329248456192313
Logistic Regression,momentum,0.5,10,10570293702930817701,0.6295180722891566,0.6189759036144579,0.010542168674698704,0.5657168650905603,0.5683631439372567,-0.002646278846696437,0.35944700460829493,0.3559322033898305,0.003514801218464425,0.42162162162162165,0.4540540540540541,-0.032432432432432434,0.3880597014925373,0.3990498812351544,-0.010990179742617068,0.6075156576200418,0.6019832985386222,0.00553235908141958,0.4248495663195855,0.4222499038135439,0.0025996625060416
Random Forest,momentum,0.5,10,10570293702930817701,0.6935240963855421,0.6950301204819277,-0.001506024096385561,0.5851972013767421,0.5820938892963945,0.003103312080347642,0.4359861591695502,0.4368231046931408,-0.0008369455235905932,0.34054054054054056,0.327027027027027,0.013513513513513542,0.38239757207890746,0.3740340030911901,0.00836356898771734,0.5833380353213339,0.5822772668284151,0.0010607684929188066,0.4320047066000814,0.4340531020960245,-0.0020483954959431006
Logistic Regression,momentum,0.5,11,9935505553132437887,0.6295180722891566,0.6332831325301205,-0.0037650602409639022,0.5657168650905603,0.5782796366303673,-0.012562771539807005,0.35944700460829493,0.3708609271523179,-0.011413922544022959,0.42162162162162165,0.4540540540540541,-0.032432432432432434,0.3880597014925373,0.4082624544349939,-0.020202752942456603,0.6075156576200418,0.6027760537155109,0.004739603904530876,0.4248495663195855,0.41906340150560534,0.005786164813980144
Random Forest,momentum,0.5,11,9935505553132437887,0.6935240963855421,0.6897590361445783,0.003765060240963791,0.5851972013767421,0.5809287366698641,0.004268464706878028,0.4359861591695502,0.42758620689655175,0.008399952272998445,0.34054054054054056,0.33513513513513515,0.005405405405405406,0.38239757207890746,0.37575757575757573,0.00663999632133172,0.5833380353213339,0.5873384867121819,-0.004000451390848037,0.4320047066000814,0.43053203035338306,0.0014726762466983345
Logistic Regression,momentum,0.5,12,5327041284225766911,0.6295180722891566,0.6197289156626506,0.009789156626505924,0.5657168650905603,0.5639084805055578,0.0018083845850025426,0.35944700460829493,0.35294117647058826,0.006505828137706671,0.42162162162162165,0.43783783783783786,-0.016216216216216217,0.3880597014925373,0.390832328106152,-0.0027726266136146593,0.6075156576200418,0.5954324888562885,0.01208316876375326,0.4248495663195855,0.4188329259390805,0.006016640380504978
Random Forest,momentum,0.5,12,5327041284225766911,0.6935240963855421,0.6897590361445783,0.003765060240963791,0.5851972013767421,0.5800993059865711,0.0050978953901710256,0.4359861591695502,0.4270833333333333,0.008902825836216877,0.34054054054054056,0.3324324324324324,0.008108108108108136,0.38239757207890746,0.3738601823708207,0.008537389708086762,0.5833380353213339,0.5891299441403826,-0.0057919088190486745,0.4320047066000814,0.4279367590863607,0.004067947513720693
Logistic Regression,momentum,0.5,13,13091898742653276352,0.6295180722891566,0.6227409638554217,0.006777108433734913,0.5657168650905603,0.5726316086441348,-0.006914743553574465,0.35944700460829493,0.3609341825902335,-0.0014871779819385922,0.42162162162162165,0.4594594594594595,-0.03783783783783784,0.3880597014925373,0.4042806183115339,-0.016220916818996567,0.6075156576200418,0.6006855498504768,0.0068301077695649415,0.4248495663195855,0.4224517862299005,0.0023977800896849977
Random Forest,momentum,0.5,13,13091898742653276352,0.6935240963855421,0.6912650602409639,0.0022590361445782303,0.5851972013767421,0.581143147322688,0.004054054054054124,0.4359861591695502,0.43006993006993005,0.0059162290996201405,0.34054054054054056,0.3324324324324324,0.008108108108108136,0.38239757207890746,0.375,0.007397572078907455,0.5833380353213339,0.5816763527619477,0.0016616825593861462,0.4320047066000814,0.42741357899706967,0.004591127603011724
Logistic Regression,momentum,0.5,14,6906994104252455223,0.6295180722891566,0.6144578313253012,0.015060240963855387,0.5657168650905603,0.5635727585623201,0.002144106528240153,0.35944700460829493,0.350210970464135,0.00923603414415991,0.42162162162162165,0.4486486486486487,-0.02702702702702703,0.3880597014925373,0.3933649289099526,-0.0053052274174152925,0.6075156576200418,0.6020651131298314,0.005450544490210429,0.4248495663195855,0.4252537110234583,-0.00040414470387284407
Random Forest,momentum,0.5,14,6906994104252455223,0.6935240963855421,0.697289156626506,-0.0037650602409639022,0.5851972013767421,0.5861479433504486,-0.0009507419737064815,0.4359861591695502,0.44285714285714284,-0.006870983687592647,0.34054054054054056,0.33513513513513515,0.005405405405405406,0.38239757207890746,0.38153846153846155,0.0008591105404459065,0.5833380353213339,0.5879760762850533,-0.0046380409637194475,0.4320047066000814,0.42880264567333587,0.0032020609267455202
Logistic Regression,momentum,0.5,15,11005993956781041876,0.6295180722891566,0.6280120481927711,0.0015060240963854499,0.5657168650905603,0.5746261919539581,-0.008909326863397848,0.35944700460829493,0.3652173913043478,-0.005770386696052898,0.42162162162162165,0.4540540540540541,-0.032432432432432434,0.3880597014925373,0.40481927710843374,-0.016759575615896416,0.6075156576200418,0.6147745866952548,-0.007258929075212972,0.4248495663195855,0.4279346402458036,-0.003085073926218096
Random Forest,momentum,0.5,15,11005993956781041876,0.6935240963855421,0.6799698795180723,0.013554216867469826,0.5851972013767421,0.5799497827681543,0.005247418608587795,0.4359861591695502,0.41324921135646686,0.02273694781308333,0.34054054054054056,0.35405405405405405,-0.013513513513513487,0.38239757207890746,0.3813682678311499,0.0010293042477575454,0.5833380353213339,0.5797015178017265,0.003636517519607363,0.4320047066000814,0.4243561955240759,0.007648511076005504
Logistic Regression,momentum,0.5,16,10412274021641675975,0.6295180722891566,0.6272590361445783,0.0022590361445782303,0.5657168650905603,0.5724454099193139,-0.006728544828753624,0.35944700460829493,0.36323851203501095,-0.003791507426716023,0.42162162162162165,0.4486486486486487,-0.02702702702702703,0.3880597014925373,0.4014510278113664,-0.013391326318829055,0.6075156576200418,0.6055549286238221,0.001960728996219685,0.4248495663195855,0.42491881359625,-6.924727666451913e-05
Random Forest,momentum,0.5,16,10412274021641675975,0.6935240963855421,0.6829819277108434,0.010542168674698704,0.5851972013767421,0.5762314506573379,0.008965750719404197,0.4359861591695502,0.41471571906354515,0.02127044010600504,0.34054054054054056,0.33513513513513515,0.005405405405405406,0.38239757207890746,0.37070254110612855,0.011695030972778908,0.5833380353213339,0.5853100490887547,-0.0019720137674208438,0.4320047066000814,0.4312559561460645,0.0007487504540168999
Logistic Regression,momentum,0.5,17,13707899006519750239,0.6295180722891566,0.6242469879518072,0.005271084337349352,0.5657168650905603,0.5678694351972013,-0.0021525701066410496,0.35944700460829493,0.35824175824175825,0.001205246366536683,0.42162162162162165,0.44054054054054054,-0.018918918918918892,0.3880597014925373,0.39515151515151514,-0.007091813658977819,0.6075156576200418,0.6058793657958585,0.0016362918241832336,0.4248495663195855,0.4261679805433081,-0.0013184142237226415
Random Forest,momentum,0.5,17,13707899006519750239,0.6935240963855421,0.6890060240963856,0.004518072289156572,0.5851972013767421,0.5837245387349772,0.0014726626417649324,0.4359861591695502,0.4280936454849498,0.007892513684600366,0.34054054054054056,0.34594594594594597,-0.005405405405405406,0.38239757207890746,0.38266068759342303,-0.00026311551451557724,0.5833380353213339,0.5791062461208598,0.004231789200474068,0.4320047066000814,0.42889831084415814,0.0031063957559232525
Logistic Regression,momentum,0.5,18,14602577483650759106,0.6295180722891566,0.6317771084337349,-0.0022590361445783413,0.5657168650905603,0.5780652259775433,-0.01234836088698299,0.35944700460829493,0.36980306345733044,-0.01035605884903551,0.42162162162162165,0.45675675675675675,-0.03513513513513511,0.3880597014925373,0.40870616686819833,-0.020646465375661005,0.6075156576200418,0.605580319359025,0.0019353382610167724,0.4248495663195855,0.42043906925275215,0.00441049706683333
Random Forest,momentum,0.5,18,14602577483650759106,0.6935240963855421,0.6920180722891566,0.001506024096385561,0.5851972013767421,0.5874710827737968,-0.0022738813970546445,0.4359861591695502,0.43478260869565216,0.0012035504738980296,0.34054054054054056,0.35135135135135137,-0.010810810810810811,0.38239757207890746,0.38863976083707025,-0.006242188758162792,0.5833380353213339,0.5795322462337077,0.003805789087626188,0.4320047066000814,0.4324109759827391,-0.00040626938265769796
Logistic Regression,momentum,0.5,19,6466973733420903451,0.6295180722891566,0.6332831325301205,-0.0037650602409639022,0.5657168650905603,0.5824267900468318,-0.01670992495627155,0.35944700460829493,0.37365010799136067,-0.01420310338306574,0.42162162162162165,0.46756756756756757,-0.04594594594594592,0.3880597014925373,0.41536614645858344,-0.027306444966046117,0.6075156576200418,0.6099475258139142,-0.002431868193872422,0.4248495663195855,0.43128024873803406,-0.0064306824184485745
Random Forest,momentum,0.5,19,6466973733420903451,0.6935240963855421,0.6859939759036144,0.0075301204819276935,0.5851972013767421,0.5816368560627434,0.003560345313998736,0.4359861591695502,0.42244224422442245,0.013543914945127744,0.34054054054054056,0.34594594594594597,-0.005405405405405406,0.38239757207890746,0.3803863298662704,0.0020112422126370433,0.5833380353213339,0.5842069627038311,-0.0008689273824972199,0.4320047066000814,0.4330604864634189,-0.0010557798633374915
Logistic Regression,momentum,0.5,20,16379176466667045051,0.6295180722891566,0.6355421686746988,-0.006024096385542244,0.5657168650905603,0.5864808441008859,-0.02076397901032556,0.35944700460829493,0.3776824034334764,-0.018235398825181492,0.42162162162162165,0.4756756756756757,-0.05405405405405406,0.3880597014925373,0.42105263157894735,-0.03299293008641002,0.6075156576200418,0.6085679625345596,-0.0010523049145177987,0.4248495663195855,0.42605969271270727,-0.001210126393121791
Random Forest,momentum,0.5,20,16379176466667045051,0.6935240963855421,0.6905120481927711,0.0030120481927710108,0.5851972013767421,0.5864272414376799,-0.0012300400609377427,0.4359861591695502,0.4318936877076412,0.0040924714619089975,0.34054054054054056,0.35135135135135137,-0.010810810810810811,0.38239757207890746,0.38748137108792846,-0.005083799009021006,0.5833380353213339,0.5816171077131411,0.0017209276081927571,0.4320047066000814,0.4314126078867656,0.0005920987133157807
Logistic Regression,momentum,0.5,21,14379614212252884430,0.6295180722891566,0.6302710843373494,-0.0007530120481927804,0.5657168650905603,0.572874231224962,-0.007157366134401655,0.35944700460829493,0.36525612472160357,-0.005809120113308641,0.42162162162162165,0.44324324324324327,-0.021621621621621623,0.3880597014925373,0.4004884004884005,-0.012428698995863185,0.6075156576200418,0.602008689273825,0.0055069683462167784,0.4248495663195855,0.4230446408165681,0.0018049255030173628
Random Forest,momentum,0.5,21,14379614212252884430,0.6935240963855421,0.6769578313253012,0.016566265060240948,0.5851972013767421,0.5687383625796987,0.016458838797043462,0.4359861591695502,0.4013377926421405,0.03464836652740971,0.34054054054054056,0.32432432432432434,0.016216216216216217,0.38239757207890746,0.35874439461883406,0.023653177460073394,0.5833380353213339,0.5819528296563787,0.001385205664955147,0.4320047066000814,0.42550919307722934,0.006495513522852048
Logistic Regression,momentum,0.5,22,7626264075807448962,0.6295180722891566,0.6340361445783133,-0.004518072289156683,0.5657168650905603,0.5763132652485471,-0.010596400157986796,0.35944700460829493,0.36995515695067266,-0.01050815234237773,0.42162162162162165,0.44594594594594594,-0.024324324324324298,0.3880597014925373,0.40441176470588236,-0.016352063213345036,0.6075156576200418,0.6085087174857531,-0.0009930598657112988,0.4248495663195855,0.426171269041417,-0.0013217027218315192
Random Forest,momentum,0.5,22,7626264075807448962,0.6935240963855421,0.6920180722891566,0.001506024096385561,0.5851972013767421,0.5866416520905038,-0.001444450713761647,0.4359861591695502,0.43434343434343436,0.0016427248261158267,0.34054054054054056,0.34864864864864864,-0.00810810810810808,0.38239757207890746,0.3868065967016492,-0.004409024622741731,0.5833380353213339,0.581563505049935,0.0017745302713988442,0.4320047066000814,0.4363976144129922,-0.004392907812910796
Logistic Regression,momentum,0.5,23,2587789609256795676,0.6295180722891566,0.6182228915662651,0.011295180722891485,0.5657168650905603,0.562035208486148,0.003681656604412331,0.35944700460829493,0.35076252723311546,0.008684477375179467,0.42162162162162165,0.43513513513513513,-0.013513513513513487,0.3880597014925373,0.3884197828709288,-0.0003600813783914969,0.6075156576200418,0.5995965694295549,0.007919088190486923,0.4248495663195855,0.41842618710080826,0.006423379218777225
Random Forest,momentum,0.5,23,2587789609256795676,0.6935240963855421,0.6807228915662651,0.012801204819277046,0.5851972013767421,0.5696891045534052,0.015508096823336981,0.4359861591695502,0.4068965517241379,0.02908960744541228,0.34054054054054056,0.31891891891891894,0.021621621621621623,0.38239757207890746,0.3575757575757576,0.024821814503149853,0.5833380353213339,0.5812249619138972,0.0021130734074367163,0.4320047066000814,0.4249696036427889,0.007035102957292483
Logistic Regression,momentum,0.5,24,3688711987520610924,0.6295180722891566,0.6272590361445783,0.0022590361445782303,0.5657168650905603,0.5732748406026068,-0.007557975512046511,0.35944700460829493,0.3638344226579521,-0.0043874180496571435,0.42162162162162165,0.45135135135135135,-0.029729729729729704,0.3880597014925373,0.4028950542822678,-0.014835352789730472,0.6075156576200418,0.6112593804660611,-0.003743722846019315,0.4248495663195855,0.42704375515207127,-0.0021941888324857883
Random Forest,momentum,0.5,24,3688711987520610924,0.6935240963855421,0.6905120481927711,0.0030120481927710108,0.5851972013767421,0.5855978107543869,-0.000400609377644745,0.4359861591695502,0.431438127090301,0.004548032079249198,0.34054054054054056,0.34864864864864864,-0.00810810810810808,0.38239757207890746,0.38565022421524664,-0.0032526521363391847,0.5833380353213339,0.5876459967274165,-0.004307961406082583,0.4320047066000814,0.433160573747594,-0.0011558671475125903
Logistic Regression,momentum,0.5,25,8514671968462302126,0.6295180722891566,0.6295180722891566,0.0,0.5657168650905603,0.5773288946566608,-0.011612029566100524,0.35944700460829493,0.36796536796536794,-0.008518363357073011,0.42162162162162165,0.4594594594594595,-0.03783783783783784,0.3880597014925373,0.40865384615384615,-0.020594144661308822,0.6075156576200418,0.6055436438526209,0.0019720137674208438,0.4248495663195855,0.42384711995152186,0.0010024463680636253
Random Forest,momentum,0.5,25,8514671968462302126,0.6935240963855421,0.7025602409638554,-0.009036144578313254,0.5851972013767421,0.5980956948597868,-0.012898493483044615,0.4359861591695502,0.45733788395904434,-0.021351724789494153,0.34054054054054056,0.3621621621621622,-0.021621621621621623,0.38239757207890746,0.4042232277526395,-0.02182565567373207,0.5833380353213339,0.5812531738419003,0.002084861479433542,0.4320047066000814,0.4312987613975421,0.0007059452025393043
Logistic Regression,momentum,0.5,26,8954166904226155184,0.6295180722891566,0.6340361445783133,-0.004518072289156683,0.5657168650905603,0.5779721266151329,-0.01225526152457257,0.35944700460829493,0.3711111111111111,-0.011664106502816185,0.42162162162162165,0.45135135135135135,-0.029729729729729704,0.3880597014925373,0.4073170731707317,-0.019257371678194357,0.6075156576200418,0.6137645996727417,-0.00624894205269988,0.4248495663195855,0.4283381344546573,-0.0034885681350718123
Random Forest,momentum,0.5,26,8954166904226155184,0.6935240963855421,0.6837349397590361,0.009789156626506035,0.5851972013767421,0.5775828020086893,0.00761439936805286,0.4359861591695502,0.4166666666666667,0.019319492502883506,0.34054054054054056,0.33783783783783783,0.0027027027027027306,0.38239757207890746,0.373134328358209,0.009263243720698477,0.5833380353213339,0.5797607628505332,0.003577272470800641,0.4320047066000814,0.4288534863153295,0.003151220284751899
Logistic Regression,momentum,0.5,27,2249434716088907261,0.6295180722891566,0.6204819277108434,0.009036144578313143,0.5657168650905603,0.5669186932234949,-0.0012018281329345681,0.35944700460829493,0.35560344827586204,0.0038435563324328847,0.42162162162162165,0.44594594594594594,-0.024324324324324298,0.3880597014925373,0.39568345323741005,-0.007623751744872731,0.6075156576200418,0.600866106189697,0.006649551430344736,0.4248495663195855,0.4229659440599503,0.001883622259635176
Random Forest,momentum,0.5,27,2249434716088907261,0.6935240963855421,0.697289156626506,-0.0037650602409639022,0.5851972013767421,0.5878068047170344,-0.0026096033402922547,0.4359861591695502,0.44366197183098594,-0.007675812661435744,0.34054054054054056,0.34054054054054056,0.0,0.38239757207890746,0.3853211009174312,-0.002923528838523759,0.5833380353213339,0.5842521017886362,-0.0009140664673022991,0.4320047066000814,0.4353089721604506,-0.003304265560369224
Logistic Regression,momentum,0.5,28,17328712428880127701,0.6295180722891566,0.6234939759036144,0.0060240963855421326,0.5657168650905603,0.5806184054618293,-0.014901540371269006,0.35944700460829493,0.3668032786885246,-0.007356274080229652,0.42162162162162165,0.4837837837837838,-0.06216216216216214,0.3880597014925373,0.4172494172494173,-0.029189715756879953,0.6075156576200418,0.6022061727698471,0.005309484850194668,0.4248495663195855,0.42149169454703983,0.003357871772545651
Random Forest,momentum,0.5,28,17328712428880127701,0.6935240963855421,0.6822289156626506,0.011295180722891485,0.5851972013767421,0.5798566834057439,0.005340517970998215,0.4359861591695502,0.4161290322580645,0.019857126911485667,0.34054054054054056,0.34864864864864864,-0.00810810810810808,0.38239757207890746,0.37941176470588234,0.002985807373025118,0.5833380353213339,0.5745613045195508,0.008776730801783095,0.4320047066000814,0.4225695071352322,0.009435199464849164
Logistic Regression,momentum,0.5,29,4410223070705885730,0.6295180722891566,0.615210843373494,0.014307228915662606,0.5657168650905603,0.5599475258139142,0.005769339276646135,0.35944700460829493,0.34773218142548595,0.011714823182808975,0.42162162162162165,0.43513513513513513,-0.013513513513513487,0.3880597014925373,0.3865546218487395,0.0015050796437978131,0.6075156576200418,0.5968797607628505,0.01063589685719124,0.4248495663195855,0.41729908445535496,0.007550481864230518
Random Forest,momentum,0.5,29,4410223070705885730,0.6935240963855421,0.6844879518072289,0.009036144578313254,0.5851972013767421,0.576445861310162,0.008751340066580182,0.4359861591695502,0.41694915254237286,0.019037006627177333,0.34054054054054056,0.3324324324324324,0.008108108108108136,0.38239757207890746,0.3699248120300752,0.012472760048832243,0.5833380353213339,0.585973029396829,-0.0026349940754951673,0.4320047066000814,0.42792090361867346,0.004083802981407925
Logistic Regression,momentum,1.0,0,8294826779920299279,0.6295180722891566,0.608433734939759,0.02108433734939752,0.5657168650905603,0.5734977148338317,-0.007780849743271423,0.35944700460829493,0.3546511627906977,0.004795841817597235,0.42162162162162165,0.4945945945945946,-0.07297297297297295,0.3880597014925373,0.41309255079006774,-0.025032849297530413,0.6075156576200418,0.6236500592450488,-0.01613440162500701,0.4248495663195855,0.42989193797265435,-0.005042371653068867
Random Forest,momentum,1.0,0,8294826779920299279,0.6935240963855421,0.6784638554216867,0.015060240963855387,0.5851972013767421,0.5797353721153304,0.005461829261411699,0.4359861591695502,0.411214953271028,0.024771205898522164,0.34054054054054056,0.3567567567567568,-0.016216216216216217,0.38239757207890746,0.38205499276411,0.0003425793147974754,0.5833380353213339,0.6007983975624893,-0.017460362241155436,0.4320047066000814,0.4407219003707522,-0.008717193770670817
Logistic Regression,momentum,1.0,1,3962306902526400464,0.6295180722891566,0.6069277108433735,0.02259036144578308,0.5657168650905603,0.555035829148564,0.01068103594199632,0.35944700460829493,0.3403361344537815,0.019110870154513404,0.42162162162162165,0.43783783783783786,-0.016216216216216217,0.3880597014925373,0.3829787234042553,0.005080978088282007,0.6075156576200418,0.6043784912260903,0.0031371663939514516,0.4248495663195855,0.40570217604686754,0.019147390272717946
Random Forest,momentum,1.0,1,3962306902526400464,0.6935240963855421,0.6784638554216867,0.015060240963855387,0.5851972013767421,0.5847119562150878,0.0004852451616543796,0.4359861591695502,0.4144144144144144,0.02157174475513579,0.34054054054054056,0.372972972972973,-0.032432432432432434,0.38239757207890746,0.39260312944523473,-0.010205557366327278,0.5833380353213339,0.6001495232184167,-0.016811487897082866,0.4320047066000814,0.43493304288065526,-0.0029283362805738733
Logistic Regression,momentum,1.0,2,3195185119725877909,0.6295180722891566,0.6174698795180723,0.012048192771084265,0.5657168650905603,0.5714664560176043,-0.005749590927043968,0.35944700460829493,0.3574380165289256,0.0020089880793693338,0.42162162162162165,0.46756756756756757,-0.04594594594594592,0.3880597014925373,0.405152224824356,-0.017092523331818654,0.6075156576200418,0.5952801444450714,0.012235513174970403,0.4248495663195855,0.416196298560852,0.008653267758733485
Random Forest,momentum,1.0,2,3195185119725877909,0.6935240963855421,0.6822289156626506,0.011295180722891485,0.5851972013767421,0.5840038368222085,0.0011933645545336713,0.4359861591695502,0.41875,0.01723615916955018,0.34054054054054056,0.3621621621621622,-0.021621621621621623,0.38239757207890746,0.3884057971014493,-0.0060082250225418354,0.5833380353213339,0.582892286858884,0.00044574846244993527,0.4320047066000814,0.4315477476673797,0.00045695893270170096
Logistic Regression,momentum,1.0,3,15394369072459520849,0.6295180722891566,0.598644578313253,0.030873493975903554,0.5657168650905603,0.5567595779495571,0.00895728714100319,0.35944700460829493,0.33861386138613864,0.020833143222156292,0.42162162162162165,0.46216216216216216,-0.040540540540540515,0.3880597014925373,0.39085714285714285,-0.002797441364605524,0.6075156576200418,0.5994188342831349,0.008096823336906867,0.4248495663195855,0.4170586034521314,0.007790962867454065
Random Forest,momentum,1.0,3,15394369072459520849,0.6935240963855421,0.6724397590361446,0.02108433734939752,0.5851972013767421,0.573901145404277,0.011296055972465191,0.4359861591695502,0.4,0.03598615916955017,0.34054054054054056,0.35135135135135137,-0.010810810810810811,0.38239757207890746,0.37410071942446044,0.008296852654447018,0.5833380353213339,0.5905433617333409,-0.007205326412006996,0.4320047066000814,0.4222420516393816,0.00976265496069978
Logistic Regression,momentum,1.0,4,8069938822953699487,0.6295180722891566,0.6197289156626506,0.009789156626505924,0.5657168650905603,0.5722027873384867,-0.0064859222479264345,0.35944700460829493,0.35908141962421714,0.0003655849840777936,0.42162162162162165,0.4648648648648649,-0.043243243243243246,0.3880597014925373,0.40518256772673733,-0.017122866234200007,0.6075156576200418,0.6039778818484455,0.0035377757715963076,0.4248495663195855,0.4184051901782279,0.006444376141357566
Random Forest,momentum,1.0,4,8069938822953699487,0.6935240963855421,0.6784638554216867,0.015060240963855387,0.5851972013767421,0.574758788015573,0.01043841336116913,0.4359861591695502,0.4077669902912621,0.02821916887828807,0.34054054054054056,0.34054054054054056,0.0,0.38239757207890746,0.3711340206185567,0.01126355146035074,0.5833380353213339,0.5885177453027141,-0.005179709981380176,0.4320047066000814,0.4366878835630925,-0.004683176963011126
Logistic Regression,momentum,1.0,5,15498201272467735373,0.6295180722891566,0.6009036144578314,0.028614457831325213,0.5657168650905603,0.5533487558539751,0.012368109236585156,0.35944700460829493,0.336734693877551,0.022712310730743923,0.42162162162162165,0.44594594594594594,-0.024324324324324298,0.3880597014925373,0.38372093023255816,0.004338771259979168,0.6075156576200418,0.5929441968064098,0.014571460813632031,0.4248495663195855,0.4060693215103075,0.01878024480927798
Random Forest,momentum,1.0,5,15498201272467735373,0.6935240963855421,0.6603915662650602,0.033132530120481896,0.5851972013767421,0.5622326919821701,0.022964509394572064,0.4359861591695502,0.3783783783783784,0.05760778079117179,0.34054054054054056,0.34054054054054056,0.0,0.38239757207890746,0.3584637268847795,0.023933845194127945,0.5833380353213339,0.5789256897816397,0.004412345539694162,0.4320047066000814,0.4149382592508073,0.017066447349274094
Logistic Regression,momentum,1.0,6,12016144575838544816,0.6295180722891566,0.6024096385542169,0.027108433734939652,0.5657168650905603,0.5585397506065565,0.0071771144840038215,0.35944700460829493,0.3413654618473896,0.018081542760905345,0.42162162162162165,0.4594594594594595,-0.03783783783783784,0.3880597014925373,0.391705069124424,-0.0036453676318866646,0.6075156576200418,0.5860576651808385,0.02145799243920332,0.4248495663195855,0.4132061491895164,0.011643417130069056
Random Forest,momentum,1.0,6,12016144575838544816,0.6935240963855421,0.670933734939759,0.02259036144578308,0.5851972013767421,0.5753455961180387,0.009851605258703433,0.4359861591695502,0.3993993993993994,0.0365867597701508,0.34054054054054056,0.35945945945945945,-0.018918918918918892,0.38239757207890746,0.3783783783783784,0.004019193700529056,0.5833380353213339,0.5861423009648479,-0.0028042656435139923,0.4320047066000814,0.425671851173825,0.00633285542625639
Logistic Regression,momentum,1.0,7,2018244525297730512,0.6295180722891566,0.6212349397590361,0.008283132530120474,0.5657168650905603,0.5798820741409467,-0.01416520905038643,0.35944700460829493,0.36511156186612576,-0.005664557257830827,0.42162162162162165,0.4864864864864865,-0.06486486486486487,0.3880597014925373,0.4171494785631518,-0.029089777070614498,0.6075156576200418,0.5971195621508774,0.010396095469164424,0.4248495663195855,0.4150910389550403,0.009758527364545189
Random Forest,momentum,1.0,7,2018244525297730512,0.6935240963855421,0.6762048192771084,0.017319277108433728,0.5851972013767421,0.5806579021610336,0.004539299215708503,0.4359861591695502,0.4090909090909091,0.026895250078641075,0.34054054054054056,0.36486486486486486,-0.024324324324324298,0.38239757207890746,0.38571428571428573,-0.0033167136353782767,0.5833380353213339,0.5845201151046662,-0.0011820797833322905,0.4320047066000814,0.4220712381659945,0.009933468434086878
Logistic Regression,momentum,1.0,8,10229381689162477287,0.6295180722891566,0.5963855421686747,0.033132530120481896,0.5657168650905603,0.5560232466286746,0.009693618461885656,0.35944700460829493,0.33725490196078434,0.022192102647510592,0.42162162162162165,0.4648648648648649,-0.043243243243243246,0.3880597014925373,0.39090909090909093,-0.002849389416553605,0.6075156576200418,0.5942250183377532,0.013290639282288574,0.4248495663195855,0.41311810566958596,0.011731460649999526
Random Forest,momentum,1.0,8,10229381689162477287,0.6935240963855421,0.6769578313253012,0.016566265060240948,0.5851972013767421,0.5811798228290921,0.004017378547650052,0.4359861591695502,0.41033434650455924,0.025651812664990947,0.34054054054054056,0.36486486486486486,-0.024324324324324298,0.38239757207890746,0.38626609442060084,-0.003868522341693381,0.5833380353213339,0.584562432996671,-0.0012243976753371077,0.4320047066000814,0.42928171442380547,0.002722992176275918
Logistic Regression,momentum,1.0,9,8487563069672421741,0.6295180722891566,0.6031626506024096,0.026355421686746983,0.5657168650905603,0.5598911019579078,0.005825763132652484,0.35944700460829493,0.342685370741483,0.016761633866811954,0.42162162162162165,0.46216216216216216,-0.040540540540540515,0.3880597014925373,0.39355581127733025,-0.005496109784792924,0.6075156576200418,0.5911499181854087,0.016365739434633042,0.4248495663195855,0.40836894722937833,0.01648061909020715
Random Forest,momentum,1.0,9,8487563069672421741,0.6935240963855421,0.6814759036144579,0.012048192771084265,0.5851972013767421,0.5818230547875642,0.0033741465891778955,0.4359861591695502,0.416403785488959,0.01958237368059118,0.34054054054054056,0.3567567567567568,-0.016216216216216217,0.38239757207890746,0.38427947598253276,-0.0018819039036253038,0.5833380353213339,0.5821108164531965,0.0012272188681373697,0.4320047066000814,0.42845605524102665,0.003548651359054744
Logistic Regression,momentum,1.0,10,375363915574571080,0.6295180722891566,0.6144578313253012,0.015060240963855387,0.5657168650905603,0.5793319415448852,-0.013615076454324915,0.35944700460829493,0.361328125,-0.0018811203917050712,0.42162162162162165,0.5,-0.07837837837837835,0.3880597014925373,0.41950113378684806,-0.031441432294310734,0.6075156576200418,0.5928764881792021,0.01463916944083965,0.4248495663195855,0.4171877824347736,0.007661783884811868
Random Forest,momentum,1.0,10,375363915574571080,0.6935240963855421,0.677710843373494,0.015813253012048167,0.5851972013767421,0.5725780059809287,0.012619195395813465,0.4359861591695502,0.40522875816993464,0.030757400999615547,0.34054054054054056,0.33513513513513515,0.005405405405405406,0.38239757207890746,0.3668639053254438,0.015533666753463682,0.5833380353213339,0.5817102070755515,0.0016278282457823368,0.4320047066000814,0.4314582125262775,0.0005464940738039159
Logistic Regression,momentum,1.0,11,4580607134900293977,0.6295180722891566,0.625,0.004518072289156572,0.5657168650905603,0.5775150933814817,-0.011798228290921364,0.35944700460829493,0.36554621848739494,-0.006099213879100007,0.42162162162162165,0.4702702702702703,-0.04864864864864865,0.3880597014925373,0.41134751773049644,-0.023287816237959114,0.6075156576200418,0.5966568865316255,0.010858771088416264,0.4248495663195855,0.4128399228425449,0.012009643477040588
Random Forest,momentum,1.0,11,4580607134900293977,0.6935240963855421,0.6784638554216867,0.015060240963855387,0.5851972013767421,0.5780765107487446,0.0071206906279975835,0.4359861591695502,0.41009463722397477,0.025891521945575424,0.34054054054054056,0.35135135135135137,-0.010810810810810811,0.38239757207890746,0.3784570596797671,0.003940512399140339,0.5833380353213339,0.5888139705467472,-0.005475935225413342,0.4320047066000814,0.4277183601782434,0.004286346421838005
Logistic Regression,momentum,1.0,12,13592791445100348982,0.6295180722891566,0.6091867469879518,0.02033132530120474,0.5657168650905603,0.5590898832026181,0.006626981887942196,0.35944700460829493,0.3444676409185804,0.014979363689714531,0.42162162162162165,0.44594594594594594,-0.024324324324324298,0.3880597014925373,0.38869257950530034,-0.0006328780127630163,0.6075156576200418,0.5852395192687467,0.02227613835129505,0.4248495663195855,0.41090710890091975,0.013942457418665732
Random Forest,momentum,1.0,12,13592791445100348982,0.6935240963855421,0.6792168674698795,0.014307228915662606,0.5851972013767421,0.5810867234666817,0.004110477910060473,0.4359861591695502,0.41304347826086957,0.022942680908680624,0.34054054054054056,0.35945945945945945,-0.018918918918918892,0.38239757207890746,0.38439306358381503,-0.001995491504907576,0.5833380353213339,0.598696608926254,-0.0153585736049201,0.4320047066000814,0.43238185130102996,-0.0003771447009485729
Logistic Regression,momentum,1.0,13,10080045587315299516,0.6295180722891566,0.6121987951807228,0.017319277108433728,0.5657168650905603,0.5669835806579022,-0.001266715567341925,0.35944700460829493,0.35173824130879344,0.0077087632995014865,0.42162162162162165,0.4648648648648649,-0.043243243243243246,0.3880597014925373,0.40046565774155995,-0.012405956249022632,0.6075156576200418,0.5924871635727585,0.015028494047283236,0.4248495663195855,0.41240070861640293,0.012448857703182548
Random Forest,momentum,1.0,13,10080045587315299516,0.6935240963855421,0.6799698795180723,0.013554216867469826,0.5851972013767421,0.5782909214015686,0.006906279975173568,0.4359861591695502,0.41214057507987223,0.023845584089677963,0.34054054054054056,0.34864864864864864,-0.00810810810810808,0.38239757207890746,0.37774524158125916,0.004652330497648294,0.5833380353213339,0.5932545280144446,-0.009916492693110679,0.4320047066000814,0.4301008221340587,0.0019038844660226872
Logistic Regression,momentum,1.0,14,9623123895267078040,0.6295180722891566,0.6137048192771084,0.015813253012048167,0.5657168650905603,0.5688568526773119,-0.0031399875867516025,0.35944700460829493,0.3537832310838446,0.005663773524450355,0.42162162162162165,0.46756756756756757,-0.04594594594594592,0.3880597014925373,0.40279394644935973,-0.014734244956822407,0.6075156576200418,0.5958838797043391,0.01163177791570269,0.4248495663195855,0.42408297666859274,0.0007665896509927439
Random Forest,momentum,1.0,14,9623123895267078040,0.6935240963855421,0.6875,0.0060240963855421326,0.5851972013767421,0.585168989448739,2.8211928003174513e-05,0.4359861591695502,0.42671009771986973,0.009276061449680462,0.34054054054054056,0.35405405405405405,-0.013513513513513487,0.38239757207890746,0.3870014771048744,-0.00460390502596697,0.5833380353213339,0.5982141849574,-0.014876149636066094,0.4320047066000814,0.4360728798232779,-0.004068173223196525
Logistic Regression,momentum,1.0,15,9925135885542190901,0.6295180722891566,0.615210843373494,0.014307228915662606,0.5657168650905603,0.5699006940134288,-0.004183828922868504,0.35944700460829493,0.35523613963039014,0.0042108649779047935,0.42162162162162165,0.46756756756756757,-0.04594594594594592,0.3880597014925373,0.40373395565927656,-0.015674254166739232,0.6075156576200418,0.6171895277323253,-0.00967387011228349,0.4248495663195855,0.4221193552128286,0.0027302111067568635
Random Forest,momentum,1.0,15,9925135885542190901,0.6935240963855421,0.6739457831325302,0.01957831325301196,0.5851972013767421,0.5799215708401513,0.0052756305365908585,0.4359861591695502,0.4059701492537313,0.030016009915818875,0.34054054054054056,0.3675675675675676,-0.02702702702702703,0.38239757207890746,0.38581560283687943,-0.0034180307579719793,0.5833380353213339,0.5863313208824691,-0.002993285561135206,0.4320047066000814,0.4266410841978504,0.005363622402230983
Logistic Regression,momentum,1.0,16,5800805306655425636,0.6295180722891566,0.6121987951807228,0.017319277108433728,0.5657168650905603,0.568642442024488,-0.0029255769339276982,0.35944700460829493,0.35294117647058826,0.006505828137706671,0.42162162162162165,0.4702702702702703,-0.04864864864864865,0.3880597014925373,0.40324449594438005,-0.015184794451842731,0.6075156576200418,0.6006545167296733,0.006861140890368489,0.4248495663195855,0.418945799972756,0.0059037663468294865
Random Forest,momentum,1.0,16,5800805306655425636,0.6935240963855421,0.6769578313253012,0.016566265060240948,0.5851972013767421,0.5762032387293348,0.008993962647407372,0.4359861591695502,0.4069400630914827,0.029046096078067518,0.34054054054054056,0.34864864864864864,-0.00810810810810808,0.38239757207890746,0.37554585152838427,0.006851720550523188,0.5833380353213339,0.5893189640580038,-0.005980928736669888,0.4320047066000814,0.42780685790410955,0.00419784869597184
Logistic Regression,momentum,1.0,17,1019612544356352068,0.6295180722891566,0.615210843373494,0.014307228915662606,0.5657168650905603,0.5723889860633076,-0.006672120972747275,0.35944700460829493,0.35699797160243407,0.0024490330058608567,0.42162162162162165,0.4756756756756757,-0.05405405405405406,0.3880597014925373,0.4078794901506373,-0.019819788658099968,0.6075156576200418,0.6038170738588275,0.003698583761214236,0.4248495663195855,0.4246508905206615,0.00019867579892396403
Random Forest,momentum,1.0,17,1019612544356352068,0.6935240963855421,0.6807228915662651,0.012801204819277046,0.5851972013767421,0.5821305648027986,0.003066636573943571,0.4359861591695502,0.415625,0.02036115916955017,0.34054054054054056,0.35945945945945945,-0.018918918918918892,0.38239757207890746,0.3855072463768116,-0.0031096742979041525,0.5833380353213339,0.5830530948485019,0.0002849404728320071,0.4320047066000814,0.4321977327429738,-0.00019302614289240516
Logistic Regression,momentum,1.0,18,7074495623314563645,0.6295180722891566,0.6272590361445783,0.0022590361445782303,0.5657168650905603,0.5840574394854144,-0.018340574394854148,0.35944700460829493,0.3711340206185567,-0.011687016010261786,0.42162162162162165,0.4864864864864865,-0.06486486486486487,0.3880597014925373,0.42105263157894735,-0.03299293008641002,0.6075156576200418,0.5990295096766913,0.008486147943350453,0.4248495663195855,0.4132911991153819,0.011558367204203557
Random Forest,momentum,1.0,18,7074495623314563645,0.6935240963855421,0.6746987951807228,0.01882530120481929,0.5851972013767421,0.577955199458331,0.007242001918411178,0.4359861591695502,0.4054878048780488,0.030498354291501384,0.34054054054054056,0.35945945945945945,-0.018918918918918892,0.38239757207890746,0.38108882521489973,0.001308746864007726,0.5833380353213339,0.5794842859561022,0.00385374936523164,0.4320047066000814,0.42923828333817543,0.0027664232619059592
Logistic Regression,momentum,1.0,19,5071666320320384412,0.6295180722891566,0.6174698795180723,0.012048192771084265,0.5657168650905603,0.5747841787507758,-0.009067313660215515,0.35944700460829493,0.3597560975609756,-0.0003090929526806674,0.42162162162162165,0.4783783783783784,-0.05675675675675673,0.3880597014925373,0.41067285382830626,-0.022613152335768938,0.6075156576200418,0.6105512610731817,-0.0030356034531399123,0.4248495663195855,0.4310282980521979,-0.006178731732612408
Random Forest,momentum,1.0,19,5071666320320384412,0.6935240963855421,0.670933734939759,0.02259036144578308,0.5851972013767421,0.5761750268013316,0.009022174575410546,0.4359861591695502,0.4,0.03598615916955017,0.34054054054054056,0.3621621621621622,-0.021621621621621623,0.38239757207890746,0.3801418439716312,0.002255728107276256,0.5833380353213339,0.5840856514134176,-0.000747616092083736,0.4320047066000814,0.4310816062846244,0.0009231003154570039
Logistic Regression,momentum,1.0,20,755599956174139949,0.6295180722891566,0.6197289156626506,0.009789156626505924,0.5657168650905603,0.5829853862212944,-0.01726852113073407,0.35944700460829493,0.36633663366336633,-0.0068896290550714,0.42162162162162165,0.5,-0.07837837837837835,0.3880597014925373,0.4228571428571429,-0.03479744136460555,0.6075156576200418,0.606062743327879,0.0014529142921627658,0.4248495663195855,0.4203351881253451,0.004514378194240387
Random Forest,momentum,1.0,20,755599956174139949,0.6935240963855421,0.6882530120481928,0.005271084337349352,0.5851972013767421,0.5923263555831405,-0.007129154206398369,0.4359861591695502,0.43167701863354035,0.004309140536009837,0.34054054054054056,0.37567567567567567,-0.03513513513513511,0.38239757207890746,0.40173410404624277,-0.019336531967335313,0.5833380353213339,0.5900552953788862,-0.0067172600575523544,0.4320047066000814,0.4381171668302466,-0.0061124602301652065
Logistic Regression,momentum,1.0,21,5801570538271448482,0.6295180722891566,0.6144578313253012,0.015060240963855387,0.5657168650905603,0.5743553574451278,-0.008638492354567484,0.35944700460829493,0.358,0.001447004608294944,0.42162162162162165,0.4837837837837838,-0.06216216216216214,0.3880597014925373,0.4114942528735632,-0.023434551381025903,0.6075156576200418,0.5945776674377927,0.01293799018224906,0.4248495663195855,0.4177621865903055,0.0070873797292799745
Random Forest,momentum,1.0,21,5801570538271448482,0.6935240963855421,0.6716867469879518,0.0218373493975903,0.5851972013767421,0.5708909326863397,0.014306268690402413,0.4359861591695502,0.396875,0.039111159169550214,0.34054054054054056,0.34324324324324323,-0.002702702702702675,0.38239757207890746,0.3681159420289855,0.014281630049921945,0.5833380353213339,0.5803532133385996,0.002984821982734309,0.4320047066000814,0.4221033094395834,0.009901397160497982
Logistic Regression,momentum,1.0,22,16501630648100461063,0.6295180722891566,0.6302710843373494,-0.0007530120481927804,0.5657168650905603,0.5844862607910625,-0.01876939570050218,0.35944700460829493,0.3731656184486373,-0.013718613840342397,0.42162162162162165,0.4810810810810811,-0.05945945945945946,0.3880597014925373,0.4203069657615112,-0.032247264268973896,0.6075156576200418,0.6051768887885798,0.0023387688314620014,0.4248495663195855,0.4177942413783438,0.00705532494124167
Random Forest,momentum,1.0,22,16501630648100461063,0.6935240963855421,0.6852409638554217,0.008283132530120474,0.5851972013767421,0.5894092422276138,-0.004212040850871679,0.4359861591695502,0.42592592592592593,0.010060233243624261,0.34054054054054056,0.372972972972973,-0.032432432432432434,0.38239757207890746,0.3976945244956772,-0.01529695241676976,0.5833380353213339,0.5896772555436438,-0.006339220222309927,0.4320047066000814,0.4438801215739234,-0.011875414973842036
Logistic Regression,momentum,1.0,23,8097684031036952434,0.6295180722891566,0.5993975903614458,0.030120481927710774,0.5657168650905603,0.5572814986176156,0.008435366472944739,0.35944700460829493,0.3392857142857143,0.020161290322580627,0.42162162162162165,0.46216216216216216,-0.040540540540540515,0.3880597014925373,0.391304347826087,-0.00324464633354965,0.6075156576200418,0.5910427128589968,0.016472944761044994,0.4248495663195855,0.4096403887860577,0.015209177533527796
Random Forest,momentum,1.0,23,8097684031036952434,0.6935240963855421,0.6754518072289156,0.01807228915662651,0.5851972013767421,0.5735005360266321,0.011696665350110047,0.4359861591695502,0.4031746031746032,0.032811555994947006,0.34054054054054056,0.34324324324324323,-0.002702702702702675,0.38239757207890746,0.3708029197080292,0.011594652370878256,0.5833380353213339,0.5911132426790047,-0.007775207357670788,0.4320047066000814,0.4348428716056228,-0.0028381650055414043
Logistic Regression,momentum,1.0,24,10840933123566880750,0.6295180722891566,0.6159638554216867,0.013554216867469826,0.5657168650905603,0.5720814760480731,-0.0063646109575128396,0.35944700460829493,0.35714285714285715,0.002304147465437778,0.42162162162162165,0.47297297297297297,-0.051351351351351326,0.3880597014925373,0.4069767441860465,-0.01891704269350919,0.6075156576200418,0.6111606387180499,-0.0036449810980081487,0.4248495663195855,0.4218625681640885,0.002986998155496967
Random Forest,momentum,1.0,24,10840933123566880750,0.6935240963855421,0.677710843373494,0.015813253012048167,0.5851972013767421,0.5800428821305648,0.005154319246177375,0.4359861591695502,0.4104938271604938,0.025492332009056373,0.34054054054054056,0.35945945945945945,-0.018918918918918892,0.38239757207890746,0.38328530259365995,-0.0008877305147524939,0.5833380353213339,0.5929780511200136,-0.00964001579867968,0.4320047066000814,0.43740433751977503,-0.005399630919693643
Logistic Regression,momentum,1.0,25,3247499022449074746,0.6295180722891566,0.6114457831325302,0.018072289156626398,0.5657168650905603,0.5681205213564295,-0.0024036562658692473,0.35944700460829493,0.3522267206477733,0.007220283960521656,0.42162162162162165,0.4702702702702703,-0.04864864864864865,0.3880597014925373,0.4027777777777778,-0.014718076285240467,0.6075156576200418,0.6003949669920442,0.0071206906279975835,0.4248495663195855,0.41421840601963256,0.010631160299952924
Random Forest,momentum,1.0,25,3247499022449074746,0.6935240963855421,0.6859939759036144,0.0075301204819276935,0.5851972013767421,0.5932488856288439,-0.008051684252101787,0.4359861591695502,0.42900302114803623,0.006983138021513957,0.34054054054054056,0.3837837837837838,-0.043243243243243246,0.38239757207890746,0.4051355206847361,-0.022737948605828617,0.5833380353213339,0.5876713874626192,-0.004333352141285274,0.4320047066000814,0.42944114286100793,0.00256356373907346
Logistic Regression,momentum,1.0,26,10504443258146992711,0.6295180722891566,0.6332831325301205,-0.0037650602409639022,0.5657168650905603,0.5898916661964679,-0.02417480110590764,0.35944700460829493,0.3783783783783784,-0.01893137377008347,0.42162162162162165,0.4918918918918919,-0.07027027027027027,0.3880597014925373,0.42773207990599293,-0.03967237841345561,0.6075156576200418,0.6147491959600518,-0.0072335383400100595,0.4248495663195855,0.4216402148281323,0.003209351491453183
Random Forest,momentum,1.0,26,10504443258146992711,0.6935240963855421,0.6746987951807228,0.01882530120481929,0.5851972013767421,0.5762963380917452,0.008900863284996952,0.4359861591695502,0.404320987654321,0.031665171515229185,0.34054054054054056,0.35405405405405405,-0.013513513513513487,0.38239757207890746,0.37752161383285304,0.004875958246054413,0.5833380353213339,0.5788382328048298,0.004499802516504059,0.4320047066000814,0.4250261421653698,0.006978564434711565
Logistic Regression,momentum,1.0,27,14847120915909940225,0.6295180722891566,0.6069277108433735,0.02259036144578308,0.5657168650905603,0.5641595666647858,0.001557298425774456,0.35944700460829493,0.3473895582329317,0.012057446375363212,0.42162162162162165,0.46756756756756757,-0.04594594594594592,0.3880597014925373,0.3986175115207373,-0.010557810028199999,0.6075156576200418,0.5922783953055352,0.015237262314506617,0.4248495663195855,0.4195614376721345,0.005288128647450985
Random Forest,momentum,1.0,27,14847120915909940225,0.6935240963855421,0.6875,0.0060240963855421326,0.5851972013767421,0.5843395587654461,0.0008576426112960611,0.4359861591695502,0.4262295081967213,0.009756650972828906,0.34054054054054056,0.35135135135135137,-0.010810810810810811,0.38239757207890746,0.3851851851851852,-0.002787613106277731,0.5833380353213339,0.589053771934774,-0.005715736613440159,0.4320047066000814,0.4373381011912507,-0.005333394591169327
Logistic Regression,momentum,1.0,28,5318510051995069300,0.6295180722891566,0.6031626506024096,0.026355421686746983,0.5657168650905603,0.5698442701574226,-0.004127405066862266,0.35944700460829493,0.34990439770554493,0.009542606902749995,0.42162162162162165,0.4945945945945946,-0.07297297297297295,0.3880597014925373,0.40985442329227323,-0.021794721799735906,0.6075156576200418,0.5941065282401399,0.013409129379901907,0.4248495663195855,0.415252127062733,0.009597439256852469
Random Forest,momentum,1.0,28,5318510051995069300,0.6935240963855421,0.6701807228915663,0.02334337349397586,0.5851972013767421,0.5756531061332731,0.009544095243468997,0.4359861591695502,0.39880952380952384,0.037176635360026355,0.34054054054054056,0.3621621621621622,-0.021621621621621623,0.38239757207890746,0.37960339943342775,0.002794172645479709,0.5833380353213339,0.5843113468374428,-0.0009733115161089101,0.4320047066000814,0.42184077253376806,0.01016393406631333
Logistic Regression,momentum,1.0,29,14099234963892094341,0.6295180722891566,0.6009036144578314,0.028614457831325213,0.5657168650905603,0.5541781865372679,0.01153867855329238,0.35944700460829493,0.33739837398373984,0.022048630624555088,0.42162162162162165,0.4486486486486487,-0.02702702702702703,0.3880597014925373,0.3851508120649652,0.0029088894275721144,0.6075156576200418,0.5867319302601139,0.02078372735992784,0.4248495663195855,0.40708659882386766,0.01776296749571782
Random Forest,momentum,1.0,29,14099234963892094341,0.6935240963855421,0.6769578313253012,0.016566265060240948,0.5851972013767421,0.5762032387293348,0.008993962647407372,0.4359861591695502,0.4069400630914827,0.029046096078067518,0.34054054054054056,0.34864864864864864,-0.00810810810810808,0.38239757207890746,0.37554585152838427,0.006851720550523188,0.5833380353213339,0.588286407493088,-0.004948372171754145,0.4320047066000814,0.4247938392905084,0.007210867309572988
Logistic Regression,volume_and_range,0.05,0,16534664347841566703,0.6295180722891566,0.6302710843373494,-0.0007530120481927804,0.5657168650905603,0.5654093550753259,0.00030751001523443566,0.35944700460829493,0.35962877030162416,-0.00018176569332922776,0.42162162162162165,0.4189189189189189,0.0027027027027027306,0.3880597014925373,0.38701622971285893,0.0010434717796783954,0.6075156576200418,0.608455114822547,-0.0009394572025052117,0.4248495663195855,0.42551919724396436,-0.0006696309243788834
Random Forest,volume_and_range,0.05,0,16534664347841566703,0.6935240963855421,0.6927710843373494,0.0007530120481927804,0.5851972013767421,0.5821869886588049,0.0030102127179372218,0.4359861591695502,0.43309859154929575,0.0028875676202544387,0.34054054054054056,0.3324324324324324,0.008108108108108136,0.38239757207890746,0.3761467889908257,0.006250783088081746,0.5833380353213339,0.5857896518648085,-0.0024516165434745885,0.4320047066000814,0.4336218323253255,-0.001617125725244084
Logistic Regression,volume_and_range,0.05,1,16475538069936665274,0.6295180722891566,0.6302710843373494,-0.0007530120481927804,0.5657168650905603,0.5670682164419116,-0.0013513513513513375,0.35944700460829493,0.36091954022988504,-0.0014725356215901098,0.42162162162162165,0.4243243243243243,-0.002702702702702675,0.3880597014925373,0.39006211180124223,-0.002002410308704905,0.6075156576200418,0.6080121875528973,-0.0004965299328555384,0.4248495663195855,0.4250528981755878,-0.00020333185600229786
Random Forest,volume_and_range,0.05,1,16475538069936665274,0.6935240963855421,0.6927710843373494,0.0007530120481927804,0.5851972013767421,0.5838458500253907,0.0013513513513514486,0.4359861591695502,0.4340277777777778,0.0019583813917724013,0.34054054054054056,0.33783783783783783,0.0027027027027027306,0.38239757207890746,0.3799392097264438,0.002458362352463661,0.5833380353213339,0.5839530553518028,-0.0006150200304688713,0.4320047066000814,0.4324194901924814,-0.0004147835923999921
Logistic Regression,volume_and_range,0.05,2,3231800742203507677,0.6295180722891566,0.6325301204819277,-0.003012048192771122,0.5657168650905603,0.5694634091293799,-0.003746544038819577,0.35944700460829493,0.3640552995391705,-0.004608294930875556,0.42162162162162165,0.42702702702702705,-0.005405405405405406,0.3880597014925373,0.39303482587064675,-0.00497512437810943,0.6075156576200418,0.6075354059696441,-1.974834960227767e-05,0.4248495663195855,0.4251065270565547,-0.00025696073696923616
Random Forest,volume_and_range,0.05,2,3231800742203507677,0.6935240963855421,0.6912650602409639,0.0022590361445782303,0.5851972013767421,0.581972578005981,0.003224623370761126,0.4359861591695502,0.4305555555555556,0.005430603613994611,0.34054054054054056,0.33513513513513515,0.005405405405405406,0.38239757207890746,0.3768996960486322,0.005497876030275239,0.5833380353213339,0.5831574789821137,0.00018055633922020586,0.4320047066000814,0.4308565414623312,0.001148165137750179
Logistic Regression,volume_and_range,0.05,3,9156627503763075422,0.6295180722891566,0.6287650602409639,0.0007530120481926694,0.5657168650905603,0.5668538057890876,-0.0011369406985273223,0.35944700460829493,0.35990888382687924,-0.0004618792185843157,0.42162162162162165,0.42702702702702705,-0.005405405405405406,0.3880597014925373,0.39060568603213847,-0.0025459845396011427,0.6075156576200418,0.6065705580319359,0.0009450995881058466,0.4248495663195855,0.42480085624819897,4.8710071386515175e-05
Random Forest,volume_and_range,0.05,3,9156627503763075422,0.6935240963855421,0.6942771084337349,-0.0007530120481927804,0.5851972013767421,0.5857191220448006,-0.0005219206680584509,0.4359861591695502,0.4375,-0.0015138408304498085,0.34054054054054056,0.34054054054054056,0.0,0.38239757207890746,0.3829787234042553,-0.0005811513253478617,0.5833380353213339,0.58205439259719,0.0012836427241438297,0.4320047066000814,0.43254204122225914,-0.0005373346221777542
Logistic Regression,volume_and_range,0.05,4,13610795733898559997,0.6295180722891566,0.6265060240963856,0.0030120481927710108,0.5657168650905603,0.5619703210517407,0.003746544038819577,0.35944700460829493,0.3548387096774194,0.004608294930875556,0.42162162162162165,0.41621621621621624,0.005405405405405406,0.3880597014925373,0.38308457711442784,0.004975124378109486,0.6075156576200418,0.6069175647463747,0.0005980928736670776,0.4248495663195855,0.424889572939829,-4.000662024350454e-05
Random Forest,volume_and_range,0.05,4,13610795733898559997,0.6935240963855421,0.6950301204819277,-0.001506024096385561,0.5851972013767421,0.585411612029566,-0.00021441065282390426,0.4359861591695502,0.43859649122807015,-0.0026103320585199596,0.34054054054054056,0.33783783783783783,0.0027027027027027306,0.38239757207890746,0.3816793893129771,0.0007181827659303308,0.5833380353213339,0.5856373074535913,-0.002299272132257446,0.4320047066000814,0.43416523496604814,-0.002160528365966752
Logistic Regression,volume_and_range,0.05,5,17189206935562879275,0.6295180722891566,0.6280120481927711,0.0015060240963854499,0.5657168650905603,0.5663318851210292,-0.0006150200304688713,0.35944700460829493,0.35909090909090907,0.0003560955173858571,0.42162162162162165,0.42702702702702705,-0.005405405405405406,0.3880597014925373,0.39012345679012345,-0.002063755297586123,0.6075156576200418,0.607526942391243,-1.1284771201269805e-05,0.4248495663195855,0.42537382976698845,-0.0005242634474029728
Random Forest,volume_and_range,0.05,5,17189206935562879275,0.6935240963855421,0.6927710843373494,0.0007530120481927804,0.5851972013767421,0.5821869886588049,0.0030102127179372218,0.4359861591695502,0.43309859154929575,0.0028875676202544387,0.34054054054054056,0.3324324324324324,0.008108108108108136,0.38239757207890746,0.3761467889908257,0.006250783088081746,0.5833380353213339,0.5838261016757885,-0.0004880663544546415,0.4320047066000814,0.43146391648410726,0.0005407901159741324
Logistic Regression,volume_and_range,0.05,6,6665039387441874003,0.6295180722891566,0.6272590361445783,0.0022590361445782303,0.5657168650905603,0.5649805337696778,0.0007363313208824662,0.35944700460829493,0.357630979498861,0.0018160251094339053,0.42162162162162165,0.4243243243243243,-0.002702702702702675,0.3880597014925373,0.38813349814585907,-7.37966533217449e-05,0.6075156576200418,0.6081645319641145,-0.0006488743440726807,0.4248495663195855,0.42582388099039314,-0.0009743146708076633
Random Forest,volume_and_range,0.05,6,6665039387441874003,0.6935240963855421,0.6897590361445783,0.003765060240963791,0.5851972013767421,0.5800993059865711,0.0050978953901710256,0.4359861591695502,0.4270833333333333,0.008902825836216877,0.34054054054054056,0.3324324324324324,0.008108108108108136,0.38239757207890746,0.3738601823708207,0.008537389708086762,0.5833380353213339,0.5863708175816735,-0.0030327822603396504,0.4320047066000814,0.43426053327909664,-0.0022558266790152492
Logistic Regression,volume_and_range,0.05,7,10624701536292343423,0.6295180722891566,0.6287650602409639,0.0007530120481926694,0.5657168650905603,0.564365513739209,0.0013513513513513375,0.35944700460829493,0.3579676674364896,0.0014793371718053172,0.42162162162162165,0.4189189189189189,0.0027027027027027306,0.3880597014925373,0.386052303860523,0.002007397632014296,0.6075156576200418,0.6076736444168593,-0.00015798679681755523,0.4248495663195855,0.4248151892956538,3.437702393166431e-05
Random Forest,volume_and_range,0.05,7,10624701536292343423,0.6935240963855421,0.6912650602409639,0.0022590361445782303,0.5851972013767421,0.581143147322688,0.004054054054054124,0.4359861591695502,0.43006993006993005,0.0059162290996201405,0.34054054054054056,0.3324324324324324,0.008108108108108136,0.38239757207890746,0.375,0.007397572078907455,0.5833380353213339,0.5837950685549851,-0.0004570332336512051,0.4320047066000814,0.43203229454177006,-2.7587941688667073e-05
Logistic Regression,volume_and_range,0.05,8,5363414942832114931,0.6295180722891566,0.6295180722891566,0.0,0.5657168650905603,0.5657168650905603,0.0,0.35944700460829493,0.35944700460829493,0.0,0.42162162162162165,0.42162162162162165,0.0,0.3880597014925373,0.3880597014925373,0.0,0.6075156576200418,0.6082209558201207,-0.0007052982000789187,0.4248495663195855,0.4249396954329764,-9.012911339090213e-05
Random Forest,volume_and_range,0.05,8,5363414942832114931,0.6935240963855421,0.697289156626506,-0.0037650602409639022,0.5851972013767421,0.5853185126671556,-0.00012131129041348387,0.4359861591695502,0.44244604316546765,-0.006459883995917459,0.34054054054054056,0.3324324324324324,0.008108108108108136,0.38239757207890746,0.37962962962962965,0.002767942449277805,0.5833380353213339,0.5846301416238786,-0.0012921063025447266,0.4320047066000814,0.432642516435858,-0.0006378098357766038
Logistic Regression,volume_and_range,0.05,9,12862691890712811944,0.6295180722891566,0.6272590361445783,0.0022590361445782303,0.5657168650905603,0.5649805337696778,0.0007363313208824662,0.35944700460829493,0.357630979498861,0.0018160251094339053,0.42162162162162165,0.4243243243243243,-0.002702702702702675,0.3880597014925373,0.38813349814585907,-7.37966533217449e-05,0.6075156576200418,0.6073322800880212,0.00018337753202057883,0.4248495663195855,0.4243075556009631,0.0005420107186223655
Random Forest,volume_and_range,0.05,9,12862691890712811944,0.6935240963855421,0.6890060240963856,0.004518072289156572,0.5851972013767421,0.5787479546352198,0.006449246741522363,0.4359861591695502,0.4250871080139373,0.010899051155612904,0.34054054054054056,0.32972972972972975,0.010810810810810811,0.38239757207890746,0.3713850837138508,0.011012488365056639,0.5833380353213339,0.5836568301077696,-0.00031879478643570547,0.4320047066000814,0.43055326191721943,0.0014514446828619576
Logistic Regression,volume_and_range,0.05,10,11639662525657391372,0.6295180722891566,0.6302710843373494,-0.0007530120481927804,0.5657168650905603,0.5662387857586187,-0.0005219206680584509,0.35944700460829493,0.36027713625866054,-0.0008301316503656064,0.42162162162162165,0.42162162162162165,0.0,0.3880597014925373,0.38854296388542964,-0.0004832623928923141,0.6075156576200418,0.6082802008689273,-0.0007645432488855297,0.4248495663195855,0.4251719191568464,-0.0003223528372608975
Random Forest,volume_and_range,0.05,10,11639662525657391372,0.6935240963855421,0.6957831325301205,-0.0022590361445783413,0.5851972013767421,0.5842746713310387,0.000922530045703418,0.4359861591695502,0.4392857142857143,-0.003299555116164088,0.34054054054054056,0.3324324324324324,0.008108108108108136,0.38239757207890746,0.37846153846153846,0.003936033617368995,0.5833380353213339,0.584991254302319,-0.0016532189809851383,0.4320047066000814,0.43192882503105534,7.588156902604837e-05
Logistic Regression,volume_and_range,0.05,11,10368293282394742491,0.6295180722891566,0.6280120481927711,0.0015060240963854499,0.5657168650905603,0.5655024544377363,0.00021441065282401528,0.35944700460829493,0.3584474885844749,0.0009995160238200351,0.42162162162162165,0.4243243243243243,-0.002702702702702675,0.3880597014925373,0.3886138613861386,-0.0005541598936013026,0.6075156576200418,0.6078062404784743,-0.00029058285843253095,0.4248495663195855,0.42471564683436125,0.00013391948522423203
Random Forest,volume_and_range,0.05,11,10368293282394742491,0.6935240963855421,0.6905120481927711,0.0030120481927710108,0.5851972013767421,0.5797917959713367,0.005405405405405461,0.4359861591695502,0.4280701754385965,0.007915983730953702,0.34054054054054056,0.32972972972972975,0.010810810810810811,0.38239757207890746,0.37251908396946565,0.009878488109441808,0.5833380353213339,0.5830728431981042,0.0002651921232297294,0.4320047066000814,0.4314299875138893,0.0005747190861921103
Logistic Regression,volume_and_range,0.05,12,3216240844204266273,0.6295180722891566,0.6325301204819277,-0.003012048192771122,0.5657168650905603,0.5694634091293799,-0.003746544038819577,0.35944700460829493,0.3640552995391705,-0.004608294930875556,0.42162162162162165,0.42702702702702705,-0.005405405405405406,0.3880597014925373,0.39303482587064675,-0.00497512437810943,0.6075156576200418,0.607436664221633,7.899339840877762e-05,0.4248495663195855,0.4249928218817638,-0.0001432555621783127
Random Forest,volume_and_range,0.05,12,3216240844204266273,0.6935240963855421,0.6965361445783133,-0.003012048192771122,0.5851972013767421,0.5881143147322688,-0.0029171133555266904,0.4359861591695502,0.4425087108013937,-0.0065225516318435095,0.34054054054054056,0.34324324324324323,-0.002702702702702675,0.38239757207890746,0.3866057838660578,-0.004208211787150362,0.5833380353213339,0.5841956779326299,-0.0008576426112960611,0.4320047066000814,0.432734568648726,-0.0007298620486446139
Logistic Regression,volume_and_range,0.05,13,13295147380294064577,0.6295180722891566,0.6325301204819277,-0.003012048192771122,0.5657168650905603,0.5694634091293799,-0.003746544038819577,0.35944700460829493,0.3640552995391705,-0.004608294930875556,0.42162162162162165,0.42702702702702705,-0.005405405405405406,0.3880597014925373,0.39303482587064675,-0.00497512437810943,0.6075156576200418,0.607741353044067,-0.00022569542402517406,0.4248495663195855,0.4246401565151936,0.00020940980439188017
Random Forest,volume_and_range,0.05,13,13295147380294064577,0.6935240963855421,0.6927710843373494,0.0007530120481927804,0.5851972013767421,0.5838458500253907,0.0013513513513514486,0.4359861591695502,0.4340277777777778,0.0019583813917724013,0.34054054054054056,0.33783783783783783,0.0027027027027027306,0.38239757207890746,0.3799392097264438,0.002458362352463661,0.5833380353213339,0.5824578231676352,0.0008802121536987118,0.4320047066000814,0.4302838354561169,0.0017208711439644642
Logistic Regression,volume_and_range,0.05,14,1023109490976706330,0.6295180722891566,0.6242469879518072,0.005271084337349352,0.5657168650905603,0.5620634204141511,0.0036534446764091566,0.35944700460829493,0.35374149659863946,0.005705508009655469,0.42162162162162165,0.42162162162162165,0.0,0.3880597014925373,0.3847102342786683,0.0033494672138690285,0.6075156576200418,0.606714438864752,0.0008012187552898231,0.4248495663195855,0.42414712264609356,0.0007024436734919259
Random Forest,volume_and_range,0.05,14,1023109490976706330,0.6935240963855421,0.6920180722891566,0.001506024096385561,0.5851972013767421,0.5808356373074536,0.004361564069288559,0.4359861591695502,0.43109540636042404,0.004890752809126153,0.34054054054054056,0.32972972972972975,0.010810810810810811,0.38239757207890746,0.37366003062787134,0.008737541451036113,0.5833380353213339,0.5848022343846979,-0.0014641990633640356,0.4320047066000814,0.432081460335997,-7.67537359155912e-05
Logistic Regression,volume_and_range,0.05,15,4372505682510385913,0.6295180722891566,0.6340361445783133,-0.004518072289156683,0.5657168650905603,0.5705072504654968,-0.004790385374936479,0.35944700460829493,0.36574074074074076,-0.006293736132445826,0.42162162162162165,0.42702702702702705,-0.005405405405405406,0.3880597014925373,0.3940149625935162,-0.005955261100978881,0.6075156576200418,0.6075015516560403,1.4105964001531746e-05,0.4248495663195855,0.4249542140287973,-0.00010464770921181366
Random Forest,volume_and_range,0.05,15,4372505682510385913,0.6935240963855421,0.6905120481927711,0.0030120481927710108,0.5851972013767421,0.5797917959713367,0.005405405405405461,0.4359861591695502,0.4280701754385965,0.007915983730953702,0.34054054054054056,0.32972972972972975,0.010810810810810811,0.38239757207890746,0.37251908396946565,0.009878488109441808,0.5833380353213339,0.5811262201658862,0.0022118151554476606,0.4320047066000814,0.4306703260270718,0.001334380573009608
Logistic Regression,volume_and_range,0.05,16,9068901182927910325,0.6295180722891566,0.6317771084337349,-0.0022590361445783413,0.5657168650905603,0.5672826270947356,-0.0015657620041753528,0.35944700460829493,0.3619489559164733,-0.002501951308178374,0.42162162162162165,0.42162162162162165,0.0,0.3880597014925373,0.3895131086142322,-0.001453407121694894,0.6075156576200418,0.6082576313265249,-0.0007419737064831011,0.4248495663195855,0.42504708806667096,-0.00019752174708548287
Random Forest,volume_and_range,0.05,16,9068901182927910325,0.6935240963855421,0.6912650602409639,0.0022590361445782303,0.5851972013767421,0.581972578005981,0.003224623370761126,0.4359861591695502,0.4305555555555556,0.005430603613994611,0.34054054054054056,0.33513513513513515,0.005405405405405406,0.38239757207890746,0.3768996960486322,0.005497876030275239,0.5833380353213339,0.5826355583140552,0.0007024770072786568,0.4320047066000814,0.4299129655541333,0.0020917410459481145
Logistic Regression,volume_and_range,0.05,17,269606052208938646,0.6295180722891566,0.6325301204819277,-0.003012048192771122,0.5657168650905603,0.5702928398126728,-0.004575974722112464,0.35944700460829493,0.3646788990825688,-0.005231894474273857,0.42162162162162165,0.4297297297297297,-0.00810810810810808,0.3880597014925373,0.3945409429280397,-0.006481241435502383,0.6075156576200418,0.6082040286633189,-0.0006883710432771251,0.4248495663195855,0.42507736922435263,-0.00022780290476714926
Random Forest,volume_and_range,0.05,17,269606052208938646,0.6935240963855421,0.6867469879518072,0.006777108433734913,0.5851972013767421,0.5763527619477515,0.008844439428990603,0.4359861591695502,0.4201388888888889,0.015847270280661296,0.34054054054054056,0.327027027027027,0.013513513513513542,0.38239757207890746,0.3677811550151976,0.014616417063709863,0.5833380353213339,0.585044856965525,-0.0017068216441911144,0.4320047066000814,0.4322280240015767,-0.00022331740149533763
Logistic Regression,volume_and_range,0.05,18,12942371623781039318,0.6295180722891566,0.6325301204819277,-0.003012048192771122,0.5657168650905603,0.5694634091293799,-0.003746544038819577,0.35944700460829493,0.3640552995391705,-0.004608294930875556,0.42162162162162165,0.42702702702702705,-0.005405405405405406,0.3880597014925373,0.39303482587064675,-0.00497512437810943,0.6075156576200418,0.6069570614455793,0.0005585961744625223,0.4248495663195855,0.42513143954667393,-0.0002818732270884472
Random Forest,volume_and_range,0.05,18,12942371623781039318,0.6935240963855421,0.6935240963855421,0.0,0.5851972013767421,0.5835383400101564,0.0016588613665857732,0.4359861591695502,0.43508771929824563,0.0008984398713045572,0.34054054054054056,0.33513513513513515,0.005405405405405406,0.38239757207890746,0.3786259541984733,0.003771617880434175,0.5833380353213339,0.58384020763979,-0.0005021723184561733,0.4320047066000814,0.4318218996337835,0.00018280696629791038
Logistic Regression,volume_and_range,0.05,19,14591824114892825808,0.6295180722891566,0.6325301204819277,-0.003012048192771122,0.5657168650905603,0.5711222704959658,-0.005405405405405461,0.35944700460829493,0.365296803652968,-0.005849799044673087,0.42162162162162165,0.43243243243243246,-0.010810810810810811,0.3880597014925373,0.39603960396039606,-0.007979902467858735,0.6075156576200418,0.6080009027816962,-0.0004852451616543796,0.4248495663195855,0.42503120565809716,-0.00018163933851167435
Random Forest,volume_and_range,0.05,19,14591824114892825808,0.6935240963855421,0.6882530120481928,0.005271084337349352,0.5851972013767421,0.5782260339671613,0.006971167409580814,0.4359861591695502,0.4236111111111111,0.012375048058439087,0.34054054054054056,0.32972972972972975,0.010810810810810811,0.38239757207890746,0.3708206686930091,0.01157690338589834,0.5833380353213339,0.5830051345708966,0.0003329007504372372,0.4320047066000814,0.43072099419960264,0.0012837124004787537
Logistic Regression,volume_and_range,0.05,20,12289246919090889733,0.6295180722891566,0.6325301204819277,-0.003012048192771122,0.5657168650905603,0.5678045477627941,-0.0020876826722338038,0.35944700460829493,0.3627906976744186,-0.0033436930661236985,0.42162162162162165,0.42162162162162165,0.0,0.3880597014925373,0.39,-0.00194029850746269,0.6075156576200418,0.6078400947920781,-0.00032443717203634037,0.4248495663195855,0.4248209344993601,2.8631820225388793e-05
Random Forest,volume_and_range,0.05,20,12289246919090889733,0.6935240963855421,0.6912650602409639,0.0022590361445782303,0.5851972013767421,0.581143147322688,0.004054054054054124,0.4359861591695502,0.43006993006993005,0.0059162290996201405,0.34054054054054056,0.3324324324324324,0.008108108108108136,0.38239757207890746,0.375,0.007397572078907455,0.5833380353213339,0.5847458105286916,-0.0014077752073576866,0.4320047066000814,0.4331341794766206,-0.0011294728765391948
Logistic Regression,volume_and_range,0.05,21,7128585169408454670,0.6295180722891566,0.6280120481927711,0.0015060240963854499,0.5657168650905603,0.5655024544377363,0.00021441065282401528,0.35944700460829493,0.3584474885844749,0.0009995160238200351,0.42162162162162165,0.4243243243243243,-0.002702702702702675,0.3880597014925373,0.3886138613861386,-0.0005541598936013026,0.6075156576200418,0.608277379676127,-0.0007617220560852678,0.4248495663195855,0.4255600975635546,-0.0007105312439691369
Random Forest,volume_and_range,0.05,21,7128585169408454670,0.6935240963855421,0.6942771084337349,-0.0007530120481927804,0.5851972013767421,0.5865485527280935,-0.0013513513513513375,0.4359861591695502,0.4379310344827586,-0.0019448753132084162,0.34054054054054056,0.34324324324324323,-0.002702702702702675,0.38239757207890746,0.38484848484848483,-0.0024509127695773736,0.5833380353213339,0.5847260621790893,-0.001388026857755409,0.4320047066000814,0.43248536589335473,-0.00048065929327334445
Logistic Regression,volume_and_range,0.05,22,18391004963045819455,0.6295180722891566,0.6287650602409639,0.0007530120481926694,0.5657168650905603,0.5651949444225018,0.0005219206680584509,0.35944700460829493,0.3586206896551724,0.00082631495312252,0.42162162162162165,0.42162162162162165,0.0,0.3880597014925373,0.3875776397515528,0.0004820617409845296,0.6075156576200418,0.6070811939287932,0.00043446369124855444,0.4248495663195855,0.4248056498876873,4.391643189816108e-05
Random Forest,volume_and_range,0.05,22,18391004963045819455,0.6935240963855421,0.6905120481927711,0.0030120481927710108,0.5851972013767421,0.5797917959713367,0.005405405405405461,0.4359861591695502,0.4280701754385965,0.007915983730953702,0.34054054054054056,0.32972972972972975,0.010810810810810811,0.38239757207890746,0.37251908396946565,0.009878488109441808,0.5833380353213339,0.5813942334819162,0.0019438018394176693,0.4320047066000814,0.4301718887823801,0.0018328178177012822
Logistic Regression,volume_and_range,0.05,23,7720852908163384344,0.6295180722891566,0.6295180722891566,0.0,0.5657168650905603,0.5657168650905603,0.0,0.35944700460829493,0.35944700460829493,0.0,0.42162162162162165,0.42162162162162165,0.0,0.3880597014925373,0.3880597014925373,0.0,0.6075156576200418,0.6071573661344015,0.0003582914856402608,0.4248495663195855,0.4246003885648404,0.0002491777547450891
Random Forest,volume_and_range,0.05,23,7720852908163384344,0.6935240963855421,0.6942771084337349,-0.0007530120481927804,0.5851972013767421,0.5840602606782148,0.0011369406985273223,0.4359861591695502,0.43661971830985913,-0.0006335591403089369,0.34054054054054056,0.33513513513513515,0.005405405405405406,0.38239757207890746,0.37920489296636084,0.0031926791125466147,0.5833380353213339,0.5817807368955594,0.001557298425774456,0.4320047066000814,0.42971417318425775,0.002290533415823637
Logistic Regression,volume_and_range,0.05,24,12452830191493388631,0.6295180722891566,0.6287650602409639,0.0007530120481926694,0.5657168650905603,0.5668538057890876,-0.0011369406985273223,0.35944700460829493,0.35990888382687924,-0.0004618792185843157,0.42162162162162165,0.42702702702702705,-0.005405405405405406,0.3880597014925373,0.39060568603213847,-0.0025459845396011427,0.6075156576200418,0.6073435648592225,0.00017209276081930902,0.4248495663195855,0.4243505147687169,0.0004990515508686011
Random Forest,volume_and_range,0.05,24,12452830191493388631,0.6935240963855421,0.6965361445783133,-0.003012048192771122,0.5851972013767421,0.5864554533656829,-0.0012582519889408061,0.4359861591695502,0.4416961130742049,-0.00570995390465473,0.34054054054054056,0.33783783783783783,0.0027027027027027306,0.38239757207890746,0.38284839203675347,-0.0004508199578460159,0.5833380353213339,0.5835073068893528,-0.00016927156801893606,0.4320047066000814,0.43233147083866896,-0.00032676423858757353
Logistic Regression,volume_and_range,0.05,25,10047028791258074555,0.6295180722891566,0.6280120481927711,0.0015060240963854499,0.5657168650905603,0.5646730237544434,0.0010438413361169019,0.35944700460829493,0.3577981651376147,0.00164883947068023,0.42162162162162165,0.42162162162162165,0.0,0.3880597014925373,0.3870967741935484,0.000962927298988947,0.6075156576200418,0.607151723748801,0.0003639338712407847,0.4248495663195855,0.4246134232104008,0.00023614310918468329
Random Forest,volume_and_range,0.05,25,10047028791258074555,0.6935240963855421,0.6875,0.0060240963855421326,0.5851972013767421,0.5777041132991029,0.007493088077639265,0.4359861591695502,0.42214532871972316,0.013840830449827035,0.34054054054054056,0.32972972972972975,0.010810810810810811,0.38239757207890746,0.37025796661608495,0.0121396054628225,0.5833380353213339,0.5832844326581279,5.3602663205976064e-05,0.4320047066000814,0.43291069812728444,-0.0009059915272030539
Logistic Regression,volume_and_range,0.05,26,15580586994391678794,0.6295180722891566,0.6302710843373494,-0.0007530120481927804,0.5657168650905603,0.5678976471252045,-0.002180782034644224,0.35944700460829493,0.36155606407322655,-0.0021090594649316174,0.42162162162162165,0.42702702702702705,-0.005405405405405406,0.3880597014925373,0.3915737298636927,-0.0035140283711553866,0.6075156576200418,0.6077385318512667,-0.00022287423122491212,0.4248495663195855,0.42477686797862946,7.269834095602334e-05
Random Forest,volume_and_range,0.05,26,15580586994391678794,0.6935240963855421,0.6920180722891566,0.001506024096385561,0.5851972013767421,0.5816650679907465,0.0035321333859956727,0.4359861591695502,0.43157894736842106,0.0044072118011291295,0.34054054054054056,0.3324324324324324,0.008108108108108136,0.38239757207890746,0.3755725190839695,0.0068250529949379635,0.5833380353213339,0.5829853862212944,0.0003526491000395149,0.4320047066000814,0.43248232569244954,-0.00047761909236815336
Logistic Regression,volume_and_range,0.05,27,662443769621968204,0.6295180722891566,0.6295180722891566,0.0,0.5657168650905603,0.5665462957738532,-0.0008294306832928866,0.35944700460829493,0.36009174311926606,-0.0006447385109711323,0.42162162162162165,0.4243243243243243,-0.002702702702702675,0.3880597014925373,0.38957816377171217,-0.001518462279174848,0.6075156576200418,0.6068103594199628,0.0007052982000790298,0.4248495663195855,0.4244341171452472,0.0004154491743382782
Random Forest,volume_and_range,0.05,27,662443769621968204,0.6935240963855421,0.6935240963855421,0.0,0.5851972013767421,0.5843677706934491,0.0008294306832929976,0.4359861591695502,0.4355400696864111,0.00044608948313906716,0.34054054054054056,0.33783783783783783,0.0027027027027027306,0.38239757207890746,0.380517503805175,0.0018800682737324381,0.5833380353213339,0.5824606443604357,0.0008773909608982278,0.4320047066000814,0.43064367614244237,0.001361030457639023
Logistic Regression,volume_and_range,0.05,28,8168227235513412822,0.6295180722891566,0.6325301204819277,-0.003012048192771122,0.5657168650905603,0.568633978446087,-0.0029171133555266904,0.35944700460829493,0.36342592592592593,-0.003978921317631001,0.42162162162162165,0.4243243243243243,-0.002702702702702675,0.3880597014925373,0.3915211970074813,-0.0034614955149439575,0.6075156576200418,0.6083817638097387,-0.000866106189696958,0.4248495663195855,0.424884333945983,-3.4767626397536056e-05
Random Forest,volume_and_range,0.05,28,8168227235513412822,0.6935240963855421,0.6897590361445783,0.003765060240963791,0.5851972013767421,0.5817581673531569,0.0034390340235852523,0.4359861591695502,0.4280821917808219,0.007903967388728284,0.34054054054054056,0.33783783783783783,0.0027027027027027306,0.38239757207890746,0.3776435045317221,0.004754067547185381,0.5833380353213339,0.5840010156294082,-0.0006629803080743235,0.4320047066000814,0.43184173081219324,0.00016297578788815326
Logistic Regression,volume_and_range,0.05,29,17450346795228769600,0.6295180722891566,0.6310240963855421,-0.001506024096385561,0.5657168650905603,0.5692489984765559,-0.0035321333859955617,0.35944700460829493,0.363013698630137,-0.003566694021842065,0.42162162162162165,0.4297297297297297,-0.00810810810810808,0.3880597014925373,0.3935643564356436,-0.0055046549431062575,0.6075156576200418,0.607580545054449,-6.488743440724587e-05,0.4248495663195855,0.4243480176831903,0.0005015486363951771
Random Forest,volume_and_range,0.05,29,17450346795228769600,0.6935240963855421,0.6935240963855421,0.0,0.5851972013767421,0.5843677706934491,0.0008294306832929976,0.4359861591695502,0.4355400696864111,0.00044608948313906716,0.34054054054054056,0.33783783783783783,0.0027027027027027306,0.38239757207890746,0.380517503805175,0.0018800682737324381,0.5833380353213339,0.5853241550527564,-0.0019861197314224865,0.4320047066000814,0.43267819386326084,-0.0006734872631794508
Logistic Regression,volume_and_range,0.1,0,11088142179340555870,0.6295180722891566,0.6332831325301205,-0.0037650602409639022,0.5657168650905603,0.5691558991141454,-0.0034390340235851413,0.35944700460829493,0.3642691415313225,-0.004822136923027576,0.42162162162162165,0.4243243243243243,-0.002702702702702675,0.3880597014925373,0.3920099875156055,-0.0039502860230681835,0.6075156576200418,0.6095187045082661,-0.0020030468882242802,0.4248495663195855,0.4263358739594178,-0.0014863076398323183
Random Forest,volume_and_range,0.1,0,11088142179340555870,0.6935240963855421,0.6935240963855421,0.0,0.5851972013767421,0.5827089093268634,0.002488292049878771,0.4359861591695502,0.43462897526501765,0.001357183904532544,0.34054054054054056,0.3324324324324324,0.008108108108108136,0.38239757207890746,0.3767228177641654,0.00567475431474207,0.5833380353213339,0.5864413474016814,-0.003103312080347531,0.4320047066000814,0.43301237984829294,-0.0010076732482115491
Logistic Regression,volume_and_range,0.1,1,8012773637932881780,0.6295180722891566,0.6317771084337349,-0.0022590361445783413,0.5657168650905603,0.5681120577780285,-0.0023951926874682394,0.35944700460829493,0.3625866050808314,-0.0031396004725364746,0.42162162162162165,0.4243243243243243,-0.002702702702702675,0.3880597014925373,0.39103362391033625,-0.0029739224177989243,0.6075156576200418,0.608598995655363,-0.0010833380353212352,0.4248495663195855,0.42470401887970055,0.0001455474398849299
Random Forest,volume_and_range,0.1,1,8012773637932881780,0.6935240963855421,0.6927710843373494,0.0007530120481927804,0.5851972013767421,0.5805281272922191,0.004669074084522995,0.4359861591695502,0.43214285714285716,0.0038433020266930296,0.34054054054054056,0.327027027027027,0.013513513513513542,0.38239757207890746,0.3723076923076923,0.010089879771215171,0.5833380353213339,0.5849094397111099,-0.0015714043897759877,0.4320047066000814,0.4337320177020486,-0.0017273111019672216
Logistic Regression,volume_and_range,0.1,2,3730011221092273815,0.6295180722891566,0.6332831325301205,-0.0037650602409639022,0.5657168650905603,0.5699853297974383,-0.004268464706878028,0.35944700460829493,0.3648960739030023,-0.005449069294707398,0.42162162162162165,0.42702702702702705,-0.005405405405405406,0.3880597014925373,0.39352428393524286,-0.0054645824427055345,0.6075156576200418,0.6071686509056029,0.00034700671443888,0.4248495663195855,0.4247126227816907,0.00013694353789478475
Random Forest,volume_and_range,0.1,2,3730011221092273815,0.6935240963855421,0.6897590361445783,0.003765060240963791,0.5851972013767421,0.5792698753032782,0.005927326073463912,0.4359861591695502,0.42657342657342656,0.00941273259612363,0.34054054054054056,0.32972972972972975,0.010810810810810811,0.38239757207890746,0.3719512195121951,0.010446352566712336,0.5833380353213339,0.5834029227557412,-6.488743440735689e-05,0.4320047066000814,0.4310146819358717,0.0009900246642096655
Logistic Regression,volume_and_range,0.1,3,8340812929264119889,0.6295180722891566,0.6280120481927711,0.0015060240963854499,0.5657168650905603,0.5655024544377363,0.00021441065282401528,0.35944700460829493,0.3584474885844749,0.0009995160238200351,0.42162162162162165,0.4243243243243243,-0.002702702702702675,0.3880597014925373,0.3886138613861386,-0.0005541598936013026,0.6075156576200418,0.605758054505445,0.0017576031145968285,0.4248495663195855,0.42508685439428134,-0.00023728807469586277
Random Forest,volume_and_range,0.1,3,8340812929264119889,0.6935240963855421,0.6920180722891566,0.001506024096385561,0.5851972013767421,0.5824944986740395,0.002702702702702675,0.4359861591695502,0.43205574912891986,0.003930410040630328,0.34054054054054056,0.33513513513513515,0.005405405405405406,0.38239757207890746,0.3774733637747336,0.004924208304173838,0.5833380353213339,0.5824719291316369,0.000866106189696958,0.4320047066000814,0.4333965335290639,-0.001391826928982487
Logistic Regression,volume_and_range,0.1,4,13655078762873638804,0.6295180722891566,0.6287650602409639,0.0007530120481926694,0.5657168650905603,0.5635360830559161,0.002180782034644224,0.35944700460829493,0.35730858468677495,0.002138419921519974,0.42162162162162165,0.41621621621621624,0.005405405405405406,0.3880597014925373,0.38451935081148564,0.003540350681051685,0.6075156576200418,0.6061755910398916,0.0013400665801501788,0.4248495663195855,0.4248424969497972,7.069369788281765e-06
Random Forest,volume_and_range,0.1,4,13655078762873638804,0.6935240963855421,0.697289156626506,-0.0037650602409639022,0.5851972013767421,0.5861479433504486,-0.0009507419737064815,0.4359861591695502,0.44285714285714284,-0.006870983687592647,0.34054054054054056,0.33513513513513515,0.005405405405405406,0.38239757207890746,0.38153846153846155,0.0008591105404459065,0.5833380353213339,0.5866190825481012,-0.003281047226767364,0.4320047066000814,0.4357167530725003,-0.003712046472418906
Logistic Regression,volume_and_range,0.1,5,10976982405811990391,0.6295180722891566,0.6295180722891566,0.0,0.5657168650905603,0.5673757264571461,-0.0016588613665857732,0.35944700460829493,0.3607305936073059,-0.0012835889990109872,0.42162162162162165,0.42702702702702705,-0.005405405405405406,0.3880597014925373,0.3910891089108911,-0.00302940741835378,0.6075156576200418,0.6071545449416013,0.00036111267844052275,0.4248495663195855,0.4253338208511369,-0.0004842545315514313
Random Forest,volume_and_range,0.1,5,10976982405811990391,0.6935240963855421,0.6867469879518072,0.006777108433734913,0.5851972013767421,0.5763527619477515,0.008844439428990603,0.4359861591695502,0.4201388888888889,0.015847270280661296,0.34054054054054056,0.327027027027027,0.013513513513513542,0.38239757207890746,0.3677811550151976,0.014616417063709863,0.5833380353213339,0.5823421542628223,0.0009958810585115607,0.4320047066000814,0.4315548396657278,0.00044986693435361547
Logistic Regression,volume_and_range,0.1,6,5822736181339754467,0.6295180722891566,0.6234939759036144,0.0060240963855421326,0.5657168650905603,0.5615414997460927,0.0041753653444676075,0.35944700460829493,0.35294117647058826,0.006505828137706671,0.42162162162162165,0.42162162162162165,0.0,0.3880597014925373,0.3842364532019704,0.003823248290566905,0.6075156576200418,0.6085200022569542,-0.0010043446369124576,0.4248495663195855,0.4266997200704313,-0.0018501537508457955
Random Forest,volume_and_range,0.1,6,5822736181339754467,0.6935240963855421,0.6867469879518072,0.006777108433734913,0.5851972013767421,0.5780116233143373,0.007185578062404829,0.4359861591695502,0.4212328767123288,0.014753282457221406,0.34054054054054056,0.3324324324324324,0.008108108108108136,0.38239757207890746,0.3716012084592145,0.010796363619692939,0.5833380353213339,0.5876206059922134,-0.00428257067087956,0.4320047066000814,0.4361240429719214,-0.004119336371840032
Logistic Regression,volume_and_range,0.1,7,801176389785742122,0.6295180722891566,0.6310240963855421,-0.001506024096385561,0.5657168650905603,0.5675901371099701,-0.0018732720194097885,0.35944700460829493,0.3617511520737327,-0.002304147465437778,0.42162162162162165,0.4243243243243243,-0.002702702702702675,0.3880597014925373,0.39054726368159204,-0.002487562189054715,0.6075156576200418,0.607811882864075,-0.00029622524403316586,0.4248495663195855,0.4251615842563439,-0.00031201793675844636
Random Forest,volume_and_range,0.1,7,801176389785742122,0.6935240963855421,0.6935240963855421,0.0,0.5851972013767421,0.5835383400101564,0.0016588613665857732,0.4359861591695502,0.43508771929824563,0.0008984398713045572,0.34054054054054056,0.33513513513513515,0.005405405405405406,0.38239757207890746,0.3786259541984733,0.003771617880434175,0.5833380353213339,0.5842238898606331,-0.0008858545392992356,0.4320047066000814,0.43307744048570906,-0.0010727338856276747
Logistic Regression,volume_and_range,0.1,8,1035768196618701532,0.6295180722891566,0.6265060240963856,0.0030120481927710108,0.5657168650905603,0.5644586131016194,0.0012582519889409172,0.35944700460829493,0.3568181818181818,0.0026288227901131167,0.42162162162162165,0.4243243243243243,-0.002702702702702675,0.3880597014925373,0.38765432098765434,0.0004053805048829795,0.6075156576200418,0.6091801613722282,-0.0016645037521864081,0.4248495663195855,0.42572945237644993,-0.000879886056864454
Random Forest,volume_and_range,0.1,8,1035768196618701532,0.6935240963855421,0.6957831325301205,-0.0022590361445783413,0.5851972013767421,0.5851041020143317,9.309936241042038e-05,0.4359861591695502,0.4397163120567376,-0.0037301528871874212,0.34054054054054056,0.33513513513513515,0.005405405405405406,0.38239757207890746,0.3803680981595092,0.002029473919398228,0.5833380353213339,0.5869886588049427,-0.0036506234836087836,0.4320047066000814,0.4339973580979182,-0.0019926514978367837
Logistic Regression,volume_and_range,0.1,9,12281435192295708285,0.6295180722891566,0.6272590361445783,0.0022590361445782303,0.5657168650905603,0.5649805337696778,0.0007363313208824662,0.35944700460829493,0.357630979498861,0.0018160251094339053,0.42162162162162165,0.4243243243243243,-0.002702702702702675,0.3880597014925373,0.38813349814585907,-7.37966533217449e-05,0.6075156576200418,0.6071545449416013,0.00036111267844052275,0.4248495663195855,0.42389284546367634,0.0009567208559091434
Random Forest,volume_and_range,0.1,9,12281435192295708285,0.6935240963855421,0.6844879518072289,0.009036144578313254,0.5851972013767421,0.5722987078936974,0.012898493483044726,0.4359861591695502,0.41403508771929826,0.021951071450251936,0.34054054054054056,0.31891891891891894,0.021621621621621623,0.38239757207890746,0.3603053435114504,0.022092228567457073,0.5833380353213339,0.584393161428652,-0.0010551261073181717,0.4320047066000814,0.4297000197464609,0.002304686853620508
Logistic Regression,volume_and_range,0.1,10,8034928388416941819,0.6295180722891566,0.6317771084337349,-0.0022590361445783413,0.5657168650905603,0.5664531964114428,-0.0007363313208824662,0.35944700460829493,0.3613053613053613,-0.0018583566970663545,0.42162162162162165,0.4189189189189189,0.0027027027027027306,0.3880597014925373,0.3879849812265332,7.472026600413573e-05,0.6075156576200418,0.6087203069457767,-0.001204649325734941,0.4248495663195855,0.4250931615842066,-0.00024359526462114367
Random Forest,volume_and_range,0.1,10,8034928388416941819,0.6935240963855421,0.6987951807228916,-0.005271084337349463,0.5851972013767421,0.5847034926366868,0.0004937087400553875,0.4359861591695502,0.44485294117647056,-0.00886678200692037,0.34054054054054056,0.327027027027027,0.013513513513513542,0.38239757207890746,0.37694704049844235,0.005450531580465101,0.5833380353213339,0.5869519832985386,-0.0036139479772047123,0.4320047066000814,0.43346018149055965,-0.0014554748904782588
Logistic Regression,volume_and_range,0.1,11,9374769245462590620,0.6295180722891566,0.6242469879518072,0.005271084337349352,0.5657168650905603,0.5620634204141511,0.0036534446764091566,0.35944700460829493,0.35374149659863946,0.005705508009655469,0.42162162162162165,0.42162162162162165,0.0,0.3880597014925373,0.3847102342786683,0.0033494672138690285,0.6075156576200418,0.6079473001184901,-0.0004316424984482925,0.4248495663195855,0.4246379229808164,0.00021164333876910746
Random Forest,volume_and_range,0.1,11,9374769245462590620,0.6935240963855421,0.6920180722891566,0.001506024096385561,0.5851972013767421,0.5800062066241607,0.005190994752581446,0.4359861591695502,0.4306049822064057,0.005381176963144496,0.34054054054054056,0.327027027027027,0.013513513513513542,0.38239757207890746,0.3717357910906298,0.010661780988277636,0.5833380353213339,0.5830277041132992,0.0003103312080346976,0.4320047066000814,0.4314218971195399,0.0005828094805415129
Logistic Regression,volume_and_range,0.1,12,5117595378778606679,0.6295180722891566,0.6295180722891566,0.0,0.5657168650905603,0.568205157140439,-0.00248829204987866,0.35944700460829493,0.3613636363636364,-0.001916631755341458,0.42162162162162165,0.4297297297297297,-0.00810810810810808,0.3880597014925373,0.3925925925925926,-0.004532891100055281,0.6075156576200418,0.607419737064831,9.592055521079335e-05,0.4248495663195855,0.4253097952937074,-0.0004602289741219012
Random Forest,volume_and_range,0.1,12,5117595378778606679,0.6935240963855421,0.6935240963855421,0.0,0.5851972013767421,0.5835383400101564,0.0016588613665857732,0.4359861591695502,0.43508771929824563,0.0008984398713045572,0.34054054054054056,0.33513513513513515,0.005405405405405406,0.38239757207890746,0.3786259541984733,0.003771617880434175,0.5833380353213339,0.5835834790949614,-0.00024544377362756276,0.4320047066000814,0.43259083491015676,-0.0005861283100753734
Logistic Regression,volume_and_range,0.1,13,3482060756105041071,0.6295180722891566,0.6295180722891566,0.0,0.5657168650905603,0.568205157140439,-0.00248829204987866,0.35944700460829493,0.3613636363636364,-0.001916631755341458,0.42162162162162165,0.4297297297297297,-0.00810810810810808,0.3880597014925373,0.3925925925925926,-0.004532891100055281,0.6075156576200418,0.6080065451672967,-0.0004908875472549035,0.4248495663195855,0.424877468713229,-2.7902393643530754e-05
Random Forest,volume_and_range,0.1,13,3482060756105041071,0.6935240963855421,0.6980421686746988,-0.004518072289156683,0.5851972013767421,0.5883287253850928,-0.0031315240083507057,0.4359861591695502,0.4452296819787986,-0.009243522809248395,0.34054054054054056,0.34054054054054056,0.0,0.38239757207890746,0.38591117917304746,-0.0035136070941400033,0.5833380353213339,0.5821644191164024,0.0011736162049315046,0.4320047066000814,0.43012088656005226,0.0018838200400291272
Logistic Regression,volume_and_range,0.1,14,4955643649187269445,0.6295180722891566,0.6242469879518072,0.005271084337349352,0.5657168650905603,0.5620634204141511,0.0036534446764091566,0.35944700460829493,0.35374149659863946,0.005705508009655469,0.42162162162162165,0.42162162162162165,0.0,0.3880597014925373,0.3847102342786683,0.0033494672138690285,0.6075156576200418,0.605901935338261,0.001613722281780805,0.4248495663195855,0.4237436025383127,0.0011059637812727563
Random Forest,volume_and_range,0.1,14,4955643649187269445,0.6935240963855421,0.6935240963855421,0.0,0.5851972013767421,0.5810500479602776,0.004147153416464544,0.4359861591695502,0.4336917562724014,0.002294402897148773,0.34054054054054056,0.327027027027027,0.013513513513513542,0.38239757207890746,0.3728813559322034,0.00951621614670406,0.5833380353213339,0.5821305648027987,0.001207470518535203,0.4320047066000814,0.42994298787689017,0.0020617187231912193
Logistic Regression,volume_and_range,0.1,15,14257476208787949879,0.6295180722891566,0.6340361445783133,-0.004518072289156683,0.5657168650905603,0.5705072504654968,-0.004790385374936479,0.35944700460829493,0.36574074074074076,-0.006293736132445826,0.42162162162162165,0.42702702702702705,-0.005405405405405406,0.3880597014925373,0.3940149625935162,-0.005955261100978881,0.6075156576200418,0.6071319753991988,0.00038368222084295134,0.4248495663195855,0.42476795923678023,8.16070828052462e-05
Random Forest,volume_and_range,0.1,15,14257476208787949879,0.6935240963855421,0.6905120481927711,0.0030120481927710108,0.5851972013767421,0.5806212266546296,0.004575974722112575,0.4359861591695502,0.42857142857142855,0.007414730598121644,0.34054054054054056,0.3324324324324324,0.008108108108108136,0.38239757207890746,0.3744292237442922,0.007968348334615238,0.5833380353213339,0.5815860745923376,0.0017519607289963046,0.4320047066000814,0.4310608458091649,0.000943860790916462
Logistic Regression,volume_and_range,0.1,16,4637310773314088170,0.6295180722891566,0.6310240963855421,-0.001506024096385561,0.5657168650905603,0.5675901371099701,-0.0018732720194097885,0.35944700460829493,0.3617511520737327,-0.002304147465437778,0.42162162162162165,0.4243243243243243,-0.002702702702702675,0.3880597014925373,0.39054726368159204,-0.002487562189054715,0.6075156576200418,0.6086695254753709,-0.001153867855329116,0.4248495663195855,0.42534454057288074,-0.000494974253295255
Random Forest,volume_and_range,0.1,16,4637310773314088170,0.6935240963855421,0.6912650602409639,0.0022590361445782303,0.5851972013767421,0.581972578005981,0.003224623370761126,0.4359861591695502,0.4305555555555556,0.005430603613994611,0.34054054054054056,0.33513513513513515,0.005405405405405406,0.38239757207890746,0.3768996960486322,0.005497876030275239,0.5833380353213339,0.5820431078259889,0.0012949274953449885,0.4320047066000814,0.42836833569464355,0.0036363709054378357
Logistic Regression,volume_and_range,0.1,17,9745306375618315385,0.6295180722891566,0.634789156626506,-0.005271084337349463,0.5657168650905603,0.5718586018168481,-0.006141736726287816,0.35944700460829493,0.3672055427251732,-0.007758538116878266,0.42162162162162165,0.4297297297297297,-0.00810810810810808,0.3880597014925373,0.3960149439601494,-0.00795524246761209,0.6075156576200418,0.6089375387914009,-0.0014218811713591073,0.4248495663195855,0.42564461037085494,-0.0007950440512694557
Random Forest,volume_and_range,0.1,17,9745306375618315385,0.6935240963855421,0.6890060240963856,0.004518072289156572,0.5851972013767421,0.5795773853185127,0.0056198160582294765,0.4359861591695502,0.42560553633217996,0.010380622837370235,0.34054054054054056,0.3324324324324324,0.008108108108108136,0.38239757207890746,0.37329286798179057,0.009104704097116889,0.5833380353213339,0.5842154262822321,-0.0008773909608982278,0.4320047066000814,0.43141963977124703,0.0005850668288343575
Logistic Regression,volume_and_range,0.1,18,5681948093837579137,0.6295180722891566,0.6295180722891566,0.0,0.5657168650905603,0.568205157140439,-0.00248829204987866,0.35944700460829493,0.3613636363636364,-0.001916631755341458,0.42162162162162165,0.4297297297297297,-0.00810810810810808,0.3880597014925373,0.3925925925925926,-0.004532891100055281,0.6075156576200418,0.6062912599447046,0.0012243976753372188,0.4248495663195855,0.4253594423281884,-0.0005098760086029164
Random Forest,volume_and_range,0.1,18,5681948093837579137,0.6935240963855421,0.6912650602409639,0.0022590361445782303,0.5851972013767421,0.5803137166393951,0.00488348473734701,0.4359861591695502,0.4295774647887324,0.006408694380817814,0.34054054054054056,0.32972972972972975,0.010810810810810811,0.38239757207890746,0.3730886850152905,0.009308887063616933,0.5833380353213339,0.5857670823224059,-0.002429047001072049,0.4320047066000814,0.4347053579396076,-0.0027006513395261833
Logistic Regression,volume_and_range,0.1,19,7617662037924945353,0.6295180722891566,0.6332831325301205,-0.0037650602409639022,0.5657168650905603,0.5716441911640242,-0.005927326073463912,0.35944700460829493,0.36613272311212813,-0.0066857185038332045,0.42162162162162165,0.43243243243243246,-0.010810810810810811,0.3880597014925373,0.3965303593556382,-0.008470657863100861,0.6075156576200418,0.6086497771257687,-0.0011341195057269493,0.4248495663195855,0.4255722098696332,-0.0007226435500476969
Random Forest,volume_and_range,0.1,19,7617662037924945353,0.6935240963855421,0.6897590361445783,0.003765060240963791,0.5851972013767421,0.5809287366698641,0.004268464706878028,0.4359861591695502,0.42758620689655175,0.008399952272998445,0.34054054054054056,0.33513513513513515,0.005405405405405406,0.38239757207890746,0.37575757575757573,0.00663999632133172,0.5833380353213339,0.581303955312306,0.0020340800090278277,0.4320047066000814,0.43089177438478155,0.0011129322152998444
Logistic Regression,volume_and_range,0.1,20,1096842775494027428,0.6295180722891566,0.6317771084337349,-0.0022590361445783413,0.5657168650905603,0.5672826270947356,-0.0015657620041753528,0.35944700460829493,0.3619489559164733,-0.002501951308178374,0.42162162162162165,0.42162162162162165,0.0,0.3880597014925373,0.3895131086142322,-0.001453407121694894,0.6075156576200418,0.6077582802008689,-0.00024262258082707877,0.4248495663195855,0.4248859297381547,-3.636341856921854e-05
Random Forest,volume_and_range,0.1,20,1096842775494027428,0.6935240963855421,0.6957831325301205,-0.0022590361445783413,0.5851972013767421,0.5851041020143317,9.309936241042038e-05,0.4359861591695502,0.4397163120567376,-0.0037301528871874212,0.34054054054054056,0.33513513513513515,0.005405405405405406,0.38239757207890746,0.3803680981595092,0.002029473919398228,0.5833380353213339,0.5842126050894318,-0.0008745697680979658,0.4320047066000814,0.4328231843767221,-0.0008184777766407358
Logistic Regression,volume_and_range,0.1,21,14336551855336027918,0.6295180722891566,0.6302710843373494,-0.0007530120481927804,0.5657168650905603,0.5670682164419116,-0.0013513513513513375,0.35944700460829493,0.36091954022988504,-0.0014725356215901098,0.42162162162162165,0.4243243243243243,-0.002702702702702675,0.3880597014925373,0.39006211180124223,-0.002002410308704905,0.6075156576200418,0.6090306381538114,-0.0015149805337696387,0.4248495663195855,0.4262663318869012,-0.0014167655673157364
Random Forest,volume_and_range,0.1,21,14336551855336027918,0.6935240963855421,0.6980421686746988,-0.004518072289156683,0.5851972013767421,0.5866698640185071,-0.0014726626417649324,0.4359861591695502,0.4444444444444444,-0.008458285274894228,0.34054054054054056,0.33513513513513515,0.005405405405405406,0.38239757207890746,0.38212634822804314,0.00027122385086431056,0.5833380353213339,0.5855216385487784,-0.002183603227444486,0.4320047066000814,0.4325122203665428,-0.0005075137664614093
Logistic Regression,volume_and_range,0.1,22,9660966616487971585,0.6295180722891566,0.6234939759036144,0.0060240963855421326,0.5657168650905603,0.5615414997460927,0.0041753653444676075,0.35944700460829493,0.35294117647058826,0.006505828137706671,0.42162162162162165,0.42162162162162165,0.0,0.3880597014925373,0.3842364532019704,0.003823248290566905,0.6075156576200418,0.6065028494047283,0.0010128082153134654,0.4248495663195855,0.4244706329760851,0.000378933343500365
Random Forest,volume_and_range,0.1,22,9660966616487971585,0.6935240963855421,0.6897590361445783,0.003765060240963791,0.5851972013767421,0.5767815832533996,0.008415618123342572,0.4359861591695502,0.425,0.010986159169550203,0.34054054054054056,0.3216216216216216,0.018918918918918948,0.38239757207890746,0.36615384615384616,0.016243725925061292,0.5833380353213339,0.5811177565874852,0.0022202787338486685,0.4320047066000814,0.42965342491220854,0.0023512816878728526
Logistic Regression,volume_and_range,0.1,23,12195727892707581455,0.6295180722891566,0.625,0.004518072289156572,0.5657168650905603,0.5625853410822096,0.0031315240083507057,0.35944700460829493,0.35454545454545455,0.004901550062840376,0.42162162162162165,0.42162162162162165,0.0,0.3880597014925373,0.3851851851851852,0.0028745163073521374,0.6075156576200418,0.6069711674095808,0.0005444902104609906,0.4248495663195855,0.42420283632161637,0.0006467299979691088
Random Forest,volume_and_range,0.1,23,12195727892707581455,0.6935240963855421,0.6980421686746988,-0.004518072289156683,0.5851972013767421,0.5883287253850928,-0.0031315240083507057,0.4359861591695502,0.4452296819787986,-0.009243522809248395,0.34054054054054056,0.34054054054054056,0.0,0.38239757207890746,0.38591117917304746,-0.0035136070941400033,0.5833380353213339,0.582562207301247,0.0007758280200869105,0.4320047066000814,0.4296891993837752,0.0023155072163061896
Logistic Regression,volume_and_range,0.1,24,3540865911383506879,0.6295180722891566,0.6302710843373494,-0.0007530120481927804,0.5657168650905603,0.5670682164419116,-0.0013513513513513375,0.35944700460829493,0.36091954022988504,-0.0014725356215901098,0.42162162162162165,0.4243243243243243,-0.002702702702702675,0.3880597014925373,0.39006211180124223,-0.002002410308704905,0.6075156576200418,0.607089657507194,0.0004260001128477686,0.4248495663195855,0.4236519601904193,0.0011976061291661955
Random Forest,volume_and_range,0.1,24,3540865911383506879,0.6935240963855421,0.697289156626506,-0.0037650602409639022,0.5851972013767421,0.5869773740337414,-0.001780172656999257,0.4359861591695502,0.4432624113475177,-0.007276252177967513,0.34054054054054056,0.33783783783783783,0.0027027027027027306,0.38239757207890746,0.3834355828220859,-0.0010380107431784413,0.5833380353213339,0.5835778367093607,-0.00023980138802681683,0.4320047066000814,0.4306097385099559,0.0013949680901255146
Logistic Regression,volume_and_range,0.1,25,13684088367762463794,0.6295180722891566,0.6265060240963856,0.0030120481927710108,0.5657168650905603,0.5644586131016194,0.0012582519889409172,0.35944700460829493,0.3568181818181818,0.0026288227901131167,0.42162162162162165,0.4243243243243243,-0.002702702702702675,0.3880597014925373,0.38765432098765434,0.0004053805048829795,0.6075156576200418,0.6068188229983638,0.0006968346216780219,0.4248495663195855,0.42434631207668017,0.0005032542429053155
Random Forest,volume_and_range,0.1,25,13684088367762463794,0.6935240963855421,0.6912650602409639,0.0022590361445782303,0.5851972013767421,0.5803137166393951,0.00488348473734701,0.4359861591695502,0.4295774647887324,0.006408694380817814,0.34054054054054056,0.32972972972972975,0.010810810810810811,0.38239757207890746,0.3730886850152905,0.009308887063616933,0.5833380353213339,0.5825565649156462,0.0007814704056876565,0.4320047066000814,0.4316329820256762,0.0003717245744052078
Logistic Regression,volume_and_range,0.1,26,5101497845940536873,0.6295180722891566,0.6295180722891566,0.0,0.5657168650905603,0.5673757264571461,-0.0016588613665857732,0.35944700460829493,0.3607305936073059,-0.0012835889990109872,0.42162162162162165,0.42702702702702705,-0.005405405405405406,0.3880597014925373,0.3910891089108911,-0.00302940741835378,0.6075156576200418,0.6081306776505107,-0.0006150200304688713,0.4248495663195855,0.4256185383790703,-0.0007689720594848404
Random Forest,volume_and_range,0.1,26,5101497845940536873,0.6935240963855421,0.6942771084337349,-0.0007530120481927804,0.5851972013767421,0.5840602606782148,0.0011369406985273223,0.4359861591695502,0.43661971830985913,-0.0006335591403089369,0.34054054054054056,0.33513513513513515,0.005405405405405406,0.38239757207890746,0.37920489296636084,0.0031926791125466147,0.5833380353213339,0.5838627771821926,-0.0005247418608587129,0.4320047066000814,0.43373053179858534,-0.0017258251985039497
Logistic Regression,volume_and_range,0.1,27,15565058696990720572,0.6295180722891566,0.6295180722891566,0.0,0.5657168650905603,0.5673757264571461,-0.0016588613665857732,0.35944700460829493,0.3607305936073059,-0.0012835889990109872,0.42162162162162165,0.42702702702702705,-0.005405405405405406,0.3880597014925373,0.3910891089108911,-0.00302940741835378,0.6075156576200418,0.6061219883766857,0.0013936692433560438,0.4248495663195855,0.4239565977559815,0.0008929685636039908
Random Forest,volume_and_range,0.1,27,15565058696990720572,0.6935240963855421,0.6957831325301205,-0.0022590361445783413,0.5851972013767421,0.5859335326976245,-0.0007363313208823552,0.4359861591695502,0.44014084507042256,-0.004154685900872368,0.34054054054054056,0.33783783783783783,0.0027027027027027306,0.38239757207890746,0.382262996941896,0.00013457513701142787,0.5833380353213339,0.5834734525757491,-0.00013541725441523766,0.4320047066000814,0.43062063619252416,0.0013840704075572252
Logistic Regression,volume_and_range,0.1,28,3098913251722698551,0.6295180722891566,0.6317771084337349,-0.0022590361445783413,0.5657168650905603,0.5689414884613214,-0.003224623370761126,0.35944700460829493,0.3632183908045977,-0.003771386196302795,0.42162162162162165,0.42702702702702705,-0.005405405405405406,0.3880597014925373,0.39254658385093166,-0.00448688235839434,0.6075156576200418,0.6092422276138352,-0.001726569993793392,0.4248495663195855,0.42547996475263755,-0.0006303984330520707
Random Forest,volume_and_range,0.1,28,3098913251722698551,0.6935240963855421,0.6905120481927711,0.0030120481927710108,0.5851972013767421,0.5806212266546296,0.004575974722112575,0.4359861591695502,0.42857142857142855,0.007414730598121644,0.34054054054054056,0.3324324324324324,0.008108108108108136,0.38239757207890746,0.3744292237442922,0.007968348334615238,0.5833380353213339,0.5838599559893922,-0.0005219206680583399,0.4320047066000814,0.43092744506047675,0.0010772615396046348
Logistic Regression,volume_and_range,0.1,29,8708666128723001856,0.6295180722891566,0.6325301204819277,-0.003012048192771122,0.5657168650905603,0.5694634091293799,-0.003746544038819577,0.35944700460829493,0.3640552995391705,-0.004608294930875556,0.42162162162162165,0.42702702702702705,-0.005405405405405406,0.3880597014925373,0.39303482587064675,-0.00497512437810943,0.6075156576200418,0.607106584663996,0.0004090729560457529,0.4248495663195855,0.42347247591550186,0.0013770904040836252
Random Forest,volume_and_range,0.1,29,8708666128723001856,0.6935240963855421,0.6935240963855421,0.0,0.5851972013767421,0.5793911865936918,0.005806014783050317,0.4359861591695502,0.43272727272727274,0.0032588864422774533,0.34054054054054056,0.3216216216216216,0.018918918918918948,0.38239757207890746,0.3689922480620155,0.013405324016891929,0.5833380353213339,0.5867544998025165,-0.0034164644811826017,0.4320047066000814,0.4326293693194381,-0.0006246627193566834
Logistic Regression,volume_and_range,0.2,0,9019166994878601510,0.6295180722891566,0.6317771084337349,-0.0022590361445783413,0.5657168650905603,0.5681120577780285,-0.0023951926874682394,0.35944700460829493,0.3625866050808314,-0.0031396004725364746,0.42162162162162165,0.4243243243243243,-0.002702702702702675,0.3880597014925373,0.39103362391033625,-0.0029739224177989243,0.6075156576200418,0.6115922812164983,-0.004076623596456552,0.4248495663195855,0.4277925508548659,-0.002942984535280413
Random Forest,volume_and_range,0.2,0,9019166994878601510,0.6935240963855421,0.6995481927710844,-0.006024096385542244,0.5851972013767421,0.5918608587710884,-0.006663657394346267,0.4359861591695502,0.44947735191637633,-0.013491192746826142,0.34054054054054056,0.34864864864864864,-0.00810810810810808,0.38239757207890746,0.3926940639269406,-0.010296491848033162,0.5833380353213339,0.5870027647689443,-0.0036647294476104264,0.4320047066000814,0.43349908550014615,-0.0014943789000647634
Logistic Regression,volume_and_range,0.2,1,5227626723261877122,0.6295180722891566,0.6310240963855421,-0.001506024096385561,0.5657168650905603,0.568419567793263,-0.002702702702702675,0.35944700460829493,0.3623853211009174,-0.0029383164926224947,0.42162162162162165,0.42702702702702705,-0.005405405405405406,0.3880597014925373,0.3920595533498759,-0.003999851857338588,0.6075156576200418,0.6096738701122835,-0.0021582124922416845,0.4248495663195855,0.42532907697273065,-0.0004795106531451654
Random Forest,volume_and_range,0.2,1,5227626723261877122,0.6935240963855421,0.6859939759036144,0.0075301204819276935,0.5851972013767421,0.5741719799131073,0.011025221463634827,0.4359861591695502,0.41754385964912283,0.018442299520427363,0.34054054054054056,0.3216216216216216,0.018918918918918948,0.38239757207890746,0.36335877862595417,0.019038793452953284,0.5833380353213339,0.5844213733566552,-0.0010833380353213462,0.4320047066000814,0.43289515051529565,-0.0008904439152142563
Logistic Regression,volume_and_range,0.2,2,14653938722425482337,0.6295180722891566,0.6280120481927711,0.0015060240963854499,0.5657168650905603,0.567161315804322,-0.001444450713761758,0.35944700460829493,0.3597285067873303,-0.00028150217903538666,0.42162162162162165,0.4297297297297297,-0.00810810810810808,0.3880597014925373,0.3916256157635468,-0.003565914271009496,0.6075156576200418,0.606392822885516,0.0011228347345257905,0.4248495663195855,0.42588083580499725,-0.0010312694854117677
Random Forest,volume_and_range,0.2,2,14653938722425482337,0.6935240963855421,0.6935240963855421,0.0,0.5851972013767421,0.5851972013767421,0.0,0.4359861591695502,0.4359861591695502,0.0,0.34054054054054056,0.34054054054054056,0.0,0.38239757207890746,0.38239757207890746,0.0,0.5833380353213339,0.5827286576764656,0.0006093776448682364,0.4320047066000814,0.42991361906882714,0.0020910875312542543
Logistic Regression,volume_and_range,0.2,3,6632040087486857496,0.6295180722891566,0.625,0.004518072289156572,0.5657168650905603,0.566732494498674,-0.0010156294081137274,0.35944700460829493,0.35777777777777775,0.0016692268305171787,0.42162162162162165,0.43513513513513513,-0.013513513513513487,0.3880597014925373,0.3926829268292683,-0.004623225336730985,0.6075156576200418,0.6037239744964171,0.003791683123624656,0.4248495663195855,0.4248026465260165,4.6919793568966917e-05
Random Forest,volume_and_range,0.2,3,6632040087486857496,0.6935240963855421,0.6875,0.0060240963855421326,0.5851972013767421,0.5760452519325171,0.009151949444225038,0.4359861591695502,0.42105263157894735,0.014933527590602846,0.34054054054054056,0.32432432432432434,0.016216216216216217,0.38239757207890746,0.366412213740458,0.01598535833844944,0.5833380353213339,0.5819105117643739,0.0014275235569599642,0.4320047066000814,0.43367751335484894,-0.001672806754767553
Logistic Regression,volume_and_range,0.2,4,7100285365285766335,0.6295180722891566,0.6287650602409639,0.0007530120481926694,0.5657168650905603,0.5660243751057947,-0.00030751001523443566,0.35944700460829493,0.35926773455377575,0.0001792700545191761,0.42162162162162165,0.4243243243243243,-0.002702702702702675,0.3880597014925373,0.38909541511771994,-0.0010357136251826216,0.6075156576200418,0.6044856965525024,0.0030299610675393884,0.4248495663195855,0.42456343372669736,0.000286132592888122
Random Forest,volume_and_range,0.2,4,7100285365285766335,0.6935240963855421,0.6980421686746988,-0.004518072289156683,0.5851972013767421,0.5841815719686283,0.0010156294081138384,0.4359861591695502,0.4432234432234432,-0.007237284053893012,0.34054054054054056,0.327027027027027,0.013513513513513542,0.38239757207890746,0.37636080870917576,0.00603676336973169,0.5833380353213339,0.5859702082040287,-0.0026321728826947943,0.4320047066000814,0.4383214185330529,-0.006316711932971508
Logistic Regression,volume_and_range,0.2,5,4149280936592637963,0.6295180722891566,0.634789156626506,-0.005271084337349463,0.5657168650905603,0.5751763245500198,-0.009459459459459474,0.35944700460829493,0.36961451247165533,-0.010167507863360403,0.42162162162162165,0.44054054054054054,-0.018918918918918892,0.3880597014925373,0.40197287299630086,-0.013913171503763533,0.6075156576200418,0.6068639620831687,0.0006516955368730537,0.4248495663195855,0.42630530347400364,-0.0014557371544181574
Random Forest,volume_and_range,0.2,5,4149280936592637963,0.6935240963855421,0.6912650602409639,0.0022590361445782303,0.5851972013767421,0.5803137166393951,0.00488348473734701,0.4359861591695502,0.4295774647887324,0.006408694380817814,0.34054054054054056,0.32972972972972975,0.010810810810810811,0.38239757207890746,0.3730886850152905,0.009308887063616933,0.5833380353213339,0.5810190148394742,0.0023190204818597238,0.4320047066000814,0.43083362508671796,0.0011710815133634256
Logistic Regression,volume_and_range,0.2,6,781571617544837430,0.6295180722891566,0.6265060240963856,0.0030120481927710108,0.5657168650905603,0.5661174744682052,-0.00040060937764485605,0.35944700460829493,0.3581081081081081,0.0013388965001868147,0.42162162162162165,0.4297297297297297,-0.00810810810810808,0.3880597014925373,0.3906633906633907,-0.0026036891708533516,0.6075156576200418,0.6093099362410428,-0.0017942786210010109,0.4248495663195855,0.42812199394469697,-0.0032724276251114848
Random Forest,volume_and_range,0.2,6,781571617544837430,0.6935240963855421,0.6912650602409639,0.0022590361445782303,0.5851972013767421,0.5836314393725668,0.0015657620041753528,0.4359861591695502,0.4315068493150685,0.0044793098544816945,0.34054054054054056,0.34054054054054056,0.0,0.38239757207890746,0.3806646525679758,0.0017329195109316298,0.5833380353213339,0.5883259041922926,-0.0049878688709587005,0.4320047066000814,0.4403252662879823,-0.008320559687900908
Logistic Regression,volume_and_range,0.2,7,16317532916119161627,0.6295180722891566,0.6317771084337349,-0.0022590361445783413,0.5657168650905603,0.5714297805112001,-0.005712915420639786,0.35944700460829493,0.36507936507936506,-0.00563236047107013,0.42162162162162165,0.43513513513513513,-0.013513513513513487,0.3880597014925373,0.3970406905055487,-0.008980989013011365,0.6075156576200418,0.6080855385657056,-0.0005698809456637921,0.4248495663195855,0.42528034732704234,-0.00043078100745685965
Random Forest,volume_and_range,0.2,7,16317532916119161627,0.6935240963855421,0.7003012048192772,-0.006777108433735024,0.5851972013767421,0.5874061953393895,-0.0022089939626473987,0.4359861591695502,0.4489051094890511,-0.01291895031950091,0.34054054054054056,0.3324324324324324,0.008108108108108136,0.38239757207890746,0.38198757763975155,0.00040999443915590295,0.5833380353213339,0.5844270157422558,-0.00108898042092187,0.4320047066000814,0.4296371522786609,0.0023675543214204953
Logistic Regression,volume_and_range,0.2,8,13265679166474922862,0.6295180722891566,0.6310240963855421,-0.001506024096385561,0.5657168650905603,0.568419567793263,-0.002702702702702675,0.35944700460829493,0.3623853211009174,-0.0029383164926224947,0.42162162162162165,0.42702702702702705,-0.005405405405405406,0.3880597014925373,0.3920595533498759,-0.003999851857338588,0.6075156576200418,0.6103424928059583,-0.002826835185916532,0.4248495663195855,0.42618147817263297,-0.001331911853047485
Random Forest,volume_and_range,0.2,8,13265679166474922862,0.6935240963855421,0.6935240963855421,0.0,0.5851972013767421,0.5793911865936918,0.005806014783050317,0.4359861591695502,0.43272727272727274,0.0032588864422774533,0.34054054054054056,0.3216216216216216,0.018918918918918948,0.38239757207890746,0.3689922480620155,0.013405324016891929,0.5833380353213339,0.5890312023923716,-0.00569316707103773,0.4320047066000814,0.4321738478710124,-0.00016914127093098363
Logistic Regression,volume_and_range,0.2,9,8437738048476006010,0.6295180722891566,0.6287650602409639,0.0007530120481926694,0.5657168650905603,0.5676832364723805,-0.001966371381820209,0.35944700460829493,0.36054421768707484,-0.0010972130787799128,0.42162162162162165,0.4297297297297297,-0.00810810810810808,0.3880597014925373,0.3921085080147966,-0.004048806522259252,0.6075156576200418,0.6069627038311798,0.0005529537888619984,0.4248495663195855,0.42288378792663683,0.001965778392948647
Random Forest,volume_and_range,0.2,9,8437738048476006010,0.6935240963855421,0.6875,0.0060240963855421326,0.5851972013767421,0.5710686678327597,0.014128533543982469,0.4359861591695502,0.4175824175824176,0.018403741587132594,0.34054054054054056,0.3081081081081081,0.032432432432432434,0.38239757207890746,0.3545878693623639,0.02780970271654354,0.5833380353213339,0.5834254922981437,-8.745697680978548e-05,0.4320047066000814,0.428350865629055,0.0036538409710263897
Logistic Regression,volume_and_range,0.2,10,4794093243012295118,0.6295180722891566,0.6295180722891566,0.0,0.5657168650905603,0.5665462957738532,-0.0008294306832928866,0.35944700460829493,0.36009174311926606,-0.0006447385109711323,0.42162162162162165,0.4243243243243243,-0.002702702702702675,0.3880597014925373,0.38957816377171217,-0.001518462279174848,0.6075156576200418,0.6097923602098967,-0.0022767025898549065,0.4248495663195855,0.42516163380050076,-0.00031206748091527903
Random Forest,volume_and_range,0.2,10,4794093243012295118,0.6935240963855421,0.697289156626506,-0.0037650602409639022,0.5851972013767421,0.5828302206172771,0.002366980759465065,0.4359861591695502,0.4411764705882353,-0.00519031141868509,0.34054054054054056,0.32432432432432434,0.016216216216216217,0.38239757207890746,0.37383177570093457,0.00856579637797289,0.5833380353213339,0.587643175534616,-0.004305140213282099,0.4320047066000814,0.4335603376724903,-0.001555631072408914
Logistic Regression,volume_and_range,0.2,11,4309570587957460083,0.6295180722891566,0.625,0.004518072289156572,0.5657168650905603,0.5642442024487954,0.0014726626417649324,0.35944700460829493,0.35585585585585583,0.0035911487524390995,0.42162162162162165,0.42702702702702705,-0.005405405405405406,0.3880597014925373,0.3882063882063882,-0.00014668671385087428,0.6075156576200418,0.6077808497432714,-0.0002651921232296184,0.4248495663195855,0.4240596627450057,0.0007899035745797534
Random Forest,volume_and_range,0.2,11,4309570587957460083,0.6935240963855421,0.6927710843373494,0.0007530120481927804,0.5851972013767421,0.5821869886588049,0.0030102127179372218,0.4359861591695502,0.43309859154929575,0.0028875676202544387,0.34054054054054056,0.3324324324324324,0.008108108108108136,0.38239757207890746,0.3761467889908257,0.006250783088081746,0.5833380353213339,0.5839474129662021,-0.0006093776448682364,0.4320047066000814,0.43177935708545256,0.00022534951462882535
Logistic Regression,volume_and_range,0.2,12,15240633077293214831,0.6295180722891566,0.6302710843373494,-0.0007530120481927804,0.5657168650905603,0.572874231224962,-0.007157366134401655,0.35944700460829493,0.36525612472160357,-0.005809120113308641,0.42162162162162165,0.44324324324324327,-0.021621621621621623,0.3880597014925373,0.4004884004884005,-0.012428698995863185,0.6075156576200418,0.6072645714608136,0.00025108615922819766,0.4248495663195855,0.4264020415119917,-0.0015524751924061997
Random Forest,volume_and_range,0.2,12,15240633077293214831,0.6935240963855421,0.6942771084337349,-0.0007530120481927804,0.5851972013767421,0.5865485527280935,-0.0013513513513513375,0.4359861591695502,0.4379310344827586,-0.0019448753132084162,0.34054054054054056,0.34324324324324323,-0.002702702702702675,0.38239757207890746,0.38484848484848483,-0.0024509127695773736,0.5833380353213339,0.5846639959374824,-0.001325960616148536,0.4320047066000814,0.43056464991441945,0.001440056685661939
Logistic Regression,volume_and_range,0.2,13,7287291694802169428,0.6295180722891566,0.6310240963855421,-0.001506024096385561,0.5657168650905603,0.5700784291598489,-0.004361564069288559,0.35944700460829493,0.36363636363636365,-0.004189359028068718,0.42162162162162165,0.43243243243243246,-0.010810810810810811,0.3880597014925373,0.3950617283950617,-0.007002026902524383,0.6075156576200418,0.6083733002313378,-0.0008576426112960611,0.4248495663195855,0.4252670755653296,-0.00041750924574412984
Random Forest,volume_and_range,0.2,13,7287291694802169428,0.6935240963855421,0.6950301204819277,-0.001506024096385561,0.5851972013767421,0.585411612029566,-0.00021441065282390426,0.4359861591695502,0.43859649122807015,-0.0026103320585199596,0.34054054054054056,0.33783783783783783,0.0027027027027027306,0.38239757207890746,0.3816793893129771,0.0007181827659303308,0.5833380353213339,0.5816594256051458,0.0016786097161880509,0.4320047066000814,0.4307450737759763,0.0012596328241050725
Logistic Regression,volume_and_range,0.2,14,17089267918943778740,0.6295180722891566,0.6234939759036144,0.0060240963855421326,0.5657168650905603,0.5623709304293856,0.003345934661174721,0.35944700460829493,0.3536036036036036,0.005843401004691329,0.42162162162162165,0.4243243243243243,-0.002702702702702675,0.3880597014925373,0.3857493857493858,0.0023103157431515475,0.6075156576200418,0.6038960672572363,0.003619590362805458,0.4248495663195855,0.42204364931283495,0.0028059170067505357
Random Forest,volume_and_range,0.2,14,17089267918943778740,0.6935240963855421,0.6905120481927711,0.0030120481927710108,0.5851972013767421,0.5756446425548722,0.009552558821869894,0.4359861591695502,0.4254545454545455,0.010531613715004717,0.34054054054054056,0.3162162162162162,0.024324324324324353,0.38239757207890746,0.3627906976744186,0.019606874404488828,0.5833380353213339,0.5782344975455622,0.0051035377757716605,0.4320047066000814,0.42902692966175215,0.002977776938329235
Logistic Regression,volume_and_range,0.2,15,10479341434766817612,0.6295180722891566,0.6310240963855421,-0.001506024096385561,0.5657168650905603,0.5700784291598489,-0.004361564069288559,0.35944700460829493,0.36363636363636365,-0.004189359028068718,0.42162162162162165,0.43243243243243246,-0.010810810810810811,0.3880597014925373,0.3950617283950617,-0.007002026902524383,0.6075156576200418,0.6066354454663432,0.0008802121536986007,0.4248495663195855,0.42410430651354175,0.0007452598060437299
Random Forest,volume_and_range,0.2,15,10479341434766817612,0.6935240963855421,0.6920180722891566,0.001506024096385561,0.5851972013767421,0.5833239293573322,0.0018732720194098995,0.4359861591695502,0.43252595155709345,0.003460207612456745,0.34054054054054056,0.33783783783783783,0.0027027027027027306,0.38239757207890746,0.37936267071320184,0.003034901365705611,0.5833380353213339,0.5790328951080517,0.00430514021328221,0.4320047066000814,0.43210826495900256,-0.00010355835892117415
Logistic Regression,volume_and_range,0.2,16,8667341202517544007,0.6295180722891566,0.6317771084337349,-0.0022590361445783413,0.5657168650905603,0.5706003498279073,-0.00488348473734701,0.35944700460829493,0.36446469248291574,-0.005017687874620813,0.42162162162162165,0.43243243243243246,-0.010810810810810811,0.3880597014925373,0.39555006180469715,-0.007490360312159827,0.6075156576200418,0.6096625853410822,-0.0021469277210404147,0.4248495663195855,0.42496916670913737,-0.00011960038955188823
Random Forest,volume_and_range,0.2,16,8667341202517544007,0.6935240963855421,0.6867469879518072,0.006777108433734913,0.5851972013767421,0.5713761778479941,0.013821023528748033,0.4359861591695502,0.4166666666666667,0.019319492502883506,0.34054054054054056,0.3108108108108108,0.02972972972972976,0.38239757207890746,0.3560371517027864,0.026360420376121074,0.5833380353213339,0.5853241550527564,-0.0019861197314224865,0.4320047066000814,0.427098228486365,0.004906478113716417
Logistic Regression,volume_and_range,0.2,17,14407253388819534341,0.6295180722891566,0.6317771084337349,-0.0022590361445783413,0.5657168650905603,0.5739180725610789,-0.008201207470518557,0.35944700460829493,0.3668903803131991,-0.007443375704904165,0.42162162162162165,0.44324324324324327,-0.021621621621621623,0.3880597014925373,0.401468788249694,-0.013409086757156685,0.6075156576200418,0.6102042543587428,-0.0026885967387010323,0.4248495663195855,0.42654988234085084,-0.0017003160212653579
Random Forest,volume_and_range,0.2,17,14407253388819534341,0.6935240963855421,0.6920180722891566,0.001506024096385561,0.5851972013767421,0.5824944986740395,0.002702702702702675,0.4359861591695502,0.43205574912891986,0.003930410040630328,0.34054054054054056,0.33513513513513515,0.005405405405405406,0.38239757207890746,0.3774733637747336,0.004924208304173838,0.5833380353213339,0.588517745302714,-0.005179709981380065,0.4320047066000814,0.43501040138767,-0.0030056947875886086
Logistic Regression,volume_and_range,0.2,18,1468795611005561776,0.6295180722891566,0.6302710843373494,-0.0007530120481927804,0.5657168650905603,0.5712153698583762,-0.005498504767815882,0.35944700460829493,0.36404494382022473,-0.004597939211929802,0.42162162162162165,0.43783783783783786,-0.016216216216216217,0.3880597014925373,0.39754601226993863,-0.009486310777401308,0.6075156576200418,0.6048214184957399,0.0026942391243018893,0.4248495663195855,0.42563492244870194,-0.0007853561291164546
Random Forest,volume_and_range,0.2,18,1468795611005561776,0.6935240963855421,0.6927710843373494,0.0007530120481927804,0.5851972013767421,0.5830164193420979,0.002180782034644224,0.4359861591695502,0.43356643356643354,0.0024197256031166514,0.34054054054054056,0.33513513513513515,0.005405405405405406,0.38239757207890746,0.3780487804878049,0.004348791591102574,0.5833380353213339,0.586195903628054,-0.0028578683067200794,0.4320047066000814,0.434557402380889,-0.0025526957808076345
Logistic Regression,volume_and_range,0.2,19,10169644784836445011,0.6295180722891566,0.6310240963855421,-0.001506024096385561,0.5657168650905603,0.5692489984765559,-0.0035321333859955617,0.35944700460829493,0.363013698630137,-0.003566694021842065,0.42162162162162165,0.4297297297297297,-0.00810810810810808,0.3880597014925373,0.3935643564356436,-0.0055046549431062575,0.6075156576200418,0.6096569429554817,-0.002141285335439891,0.4248495663195855,0.4258193100995885,-0.0009697437800030295
Random Forest,volume_and_range,0.2,19,10169644784836445011,0.6935240963855421,0.6852409638554217,0.008283132530120474,0.5851972013767421,0.5736500592450487,0.011547142131693389,0.4359861591695502,0.4160839160839161,0.019902243085634097,0.34054054054054056,0.3216216216216216,0.018918918918918948,0.38239757207890746,0.3628048780487805,0.019592694030126978,0.5833380353213339,0.5798312926705411,0.00350674265079276,0.4320047066000814,0.4305486654771679,0.0014560411229134762
Logistic Regression,volume_and_range,0.2,20,5294175058225112871,0.6295180722891566,0.6317771084337349,-0.0022590361445783413,0.5657168650905603,0.5722592111944931,-0.0065423461039327835,0.35944700460829493,0.3656884875846501,-0.006241482976355184,0.42162162162162165,0.43783783783783786,-0.016216216216216217,0.3880597014925373,0.3985239852398524,-0.010464283747315062,0.6075156576200418,0.60785702194888,-0.0003413643288382451,0.4248495663195855,0.424609064756761,0.00024050156282445778
Random Forest,volume_and_range,0.2,20,5294175058225112871,0.6935240963855421,0.6950301204819277,-0.001506024096385561,0.5851972013767421,0.586241042712859,-0.0010438413361169019,0.4359861591695502,0.43902439024390244,-0.003038231074352249,0.34054054054054056,0.34054054054054056,0.0,0.38239757207890746,0.3835616438356164,-0.001164071756708962,0.5833380353213339,0.5865062348360888,-0.003168199514754888,0.4320047066000814,0.4345000810289702,-0.002495374428888808
Logistic Regression,volume_and_range,0.2,21,1518175080884673083,0.6295180722891566,0.6340361445783133,-0.004518072289156683,0.5657168650905603,0.5729955425153754,-0.007278677424815139,0.35944700460829493,0.3675799086757991,-0.008132904067504165,0.42162162162162165,0.43513513513513513,-0.013513513513513487,0.3880597014925373,0.39851485148514854,-0.010455149992611212,0.6075156576200418,0.6101421881171359,-0.0026265304970941594,0.4248495663195855,0.42710576670525774,-0.002256200385672258
Random Forest,volume_and_range,0.2,21,1518175080884673083,0.6935240963855421,0.6927710843373494,0.0007530120481927804,0.5851972013767421,0.5855047113919766,-0.00030751001523443566,0.4359861591695502,0.4349315068493151,0.0010546523202351055,0.34054054054054056,0.34324324324324323,-0.002702702702702675,0.38239757207890746,0.38368580060422963,-0.001288228525322177,0.5833380353213339,0.5857642611296057,-0.002426225808271787,0.4320047066000814,0.433371787550074,-0.001367080949992605
Logistic Regression,volume_and_range,0.2,22,9516708219731614822,0.6295180722891566,0.6197289156626506,0.009789156626505924,0.5657168650905603,0.5605907577723862,0.005126107318174089,0.35944700460829493,0.35033259423503327,0.009114410373261661,0.42162162162162165,0.42702702702702705,-0.005405405405405406,0.3880597014925373,0.3848964677222899,0.003163233770247409,0.6075156576200418,0.6053010212717937,0.0022146363482480336,0.4248495663195855,0.4240994106773482,0.0007501556422372935
Random Forest,volume_and_range,0.2,22,9516708219731614822,0.6935240963855421,0.6875,0.0060240963855421326,0.5851972013767421,0.5727275291993454,0.012469672177396696,0.4359861591695502,0.4187725631768953,0.017213595992654873,0.34054054054054056,0.31351351351351353,0.02702702702702703,0.38239757207890746,0.35857805255023184,0.023819519528675615,0.5833380353213339,0.5739660328386842,0.009372002482649688,0.4320047066000814,0.4253260098697969,0.0066786967302844835
Logistic Regression,volume_and_range,0.2,23,7261585703420258062,0.6295180722891566,0.6227409638554217,0.006777108433734913,0.5657168650905603,0.5610195790780341,0.0046972860125261695,0.35944700460829493,0.35214446952595935,0.007302535082335582,0.42162162162162165,0.42162162162162165,0.0,0.3880597014925373,0.3837638376383764,0.0042958638541609195,0.6075156576200418,0.6062799751735033,0.0012356824465384886,0.4248495663195855,0.4226168539014535,0.002232712418131999
Random Forest,volume_and_range,0.2,23,7261585703420258062,0.6935240963855421,0.6912650602409639,0.0022590361445782303,0.5851972013767421,0.581972578005981,0.003224623370761126,0.4359861591695502,0.4305555555555556,0.005430603613994611,0.34054054054054056,0.33513513513513515,0.005405405405405406,0.38239757207890746,0.3768996960486322,0.005497876030275239,0.5833380353213339,0.5818879422219715,0.0014500930993623928,0.4320047066000814,0.4295798080441447,0.0024248985559366942
Logistic Regression,volume_and_range,0.2,24,3820633562483089597,0.6295180722891566,0.6234939759036144,0.0060240963855421326,0.5657168650905603,0.5632003611126785,0.0025165039778818343,0.35944700460829493,0.3542600896860987,0.005186914922196251,0.42162162162162165,0.42702702702702705,-0.005405405405405406,0.3880597014925373,0.3872549019607843,0.0008047995317529977,0.6075156576200418,0.6068470349263668,0.0006686226936749584,0.4248495663195855,0.4232841591419338,0.0015654071776516898
Random Forest,volume_and_range,0.2,24,3820633562483089597,0.6935240963855421,0.6942771084337349,-0.0007530120481927804,0.5851972013767421,0.5832308299949218,0.00196637138182032,0.4359861591695502,0.43617021276595747,-0.00018405359640727426,0.34054054054054056,0.3324324324324324,0.008108108108108136,0.38239757207890746,0.3773006134969325,0.005096958581974953,0.5833380353213339,0.5837837837837837,-0.00044574846244982425,0.4320047066000814,0.431149828176774,0.0008548784233073925
Logistic Regression,volume_and_range,0.2,25,17236303171293856759,0.6295180722891566,0.6242469879518072,0.005271084337349352,0.5657168650905603,0.562892851097444,0.00282401399311627,0.35944700460829493,0.3544018058690745,0.005045198739220436,0.42162162162162165,0.4243243243243243,-0.002702702702702675,0.3880597014925373,0.3862238622386224,0.0018358392539149504,0.6075156576200418,0.6058172995542515,0.0016983580657903286,0.4248495663195855,0.4235171125487179,0.0013324537708676032
Random Forest,volume_and_range,0.2,25,17236303171293856759,0.6935240963855421,0.6882530120481928,0.005271084337349352,0.5851972013767421,0.5740788805506969,0.011118320826045247,0.4359861591695502,0.420863309352518,0.015122849817032213,0.34054054054054056,0.3162162162162162,0.024324324324324353,0.38239757207890746,0.3611111111111111,0.02128646096779635,0.5833380353213339,0.5826017040004514,0.0007363313208824662,0.4320047066000814,0.4314102091724563,0.0005944974276250736
Logistic Regression,volume_and_range,0.2,26,874486016534326005,0.6295180722891566,0.6272590361445783,0.0022590361445782303,0.5657168650905603,0.5666393951362636,-0.000922530045703307,0.35944700460829493,0.35891647855530473,0.000530526052990199,0.42162162162162165,0.4297297297297297,-0.00810810810810808,0.3880597014925373,0.39114391143911437,-0.0030842099465770434,0.6075156576200418,0.6085905320769621,-0.0010748744569203383,0.4248495663195855,0.4270193781888143,-0.0021698118692288215
Random Forest,volume_and_range,0.2,26,874486016534326005,0.6935240963855421,0.6920180722891566,0.001506024096385561,0.5851972013767421,0.5800062066241607,0.005190994752581446,0.4359861591695502,0.4306049822064057,0.005381176963144496,0.34054054054054056,0.327027027027027,0.013513513513513542,0.38239757207890746,0.3717357910906298,0.010661780988277636,0.5833380353213339,0.5839558765446031,-0.0006178412232692443,0.4320047066000814,0.43428605748903526,-0.0022813508889538703
Logistic Regression,volume_and_range,0.2,27,12138643376520701783,0.6295180722891566,0.6242469879518072,0.005271084337349352,0.5657168650905603,0.5637222817807369,0.0019945833098233834,0.35944700460829493,0.3550561797752809,0.0043908248330140065,0.42162162162162165,0.42702702702702705,-0.005405405405405406,0.3880597014925373,0.38773006134969323,0.0003296401428440898,0.6075156576200418,0.6044772329741015,0.0030384246459402853,0.4248495663195855,0.4225748229408559,0.0022747433787295712
Random Forest,volume_and_range,0.2,27,12138643376520701783,0.6935240963855421,0.6852409638554217,0.008283132530120474,0.5851972013767421,0.5753089206116346,0.009888280765107504,0.4359861591695502,0.41724137931034483,0.018744779859205363,0.34054054054054056,0.327027027027027,0.013513513513513542,0.38239757207890746,0.36666666666666664,0.015730905412240814,0.5833380353213339,0.5842633865598374,-0.0009253512385035689,0.4320047066000814,0.4295076406931503,0.0024970659069311063
Logistic Regression,volume_and_range,0.2,28,833821848821563430,0.6295180722891566,0.6302710843373494,-0.0007530120481927804,0.5657168650905603,0.5712153698583762,-0.005498504767815882,0.35944700460829493,0.36404494382022473,-0.004597939211929802,0.42162162162162165,0.43783783783783786,-0.016216216216216217,0.3880597014925373,0.39754601226993863,-0.009486310777401308,0.6075156576200418,0.6105512610731817,-0.0030356034531399123,0.4248495663195855,0.4255650892894692,-0.0007155229698836973
Random Forest,volume_and_range,0.2,28,833821848821563430,0.6935240963855421,0.6912650602409639,0.0022590361445782303,0.5851972013767421,0.581143147322688,0.004054054054054124,0.4359861591695502,0.43006993006993005,0.0059162290996201405,0.34054054054054056,0.3324324324324324,0.008108108108108136,0.38239757207890746,0.375,0.007397572078907455,0.5833380353213339,0.588249731986684,-0.004911696665350074,0.4320047066000814,0.43365085873150083,-0.0016461521314194427
Logistic Regression,volume_and_range,0.2,29,9600391036186630327,0.6295180722891566,0.6302710843373494,-0.0007530120481927804,0.5657168650905603,0.5703859391750832,-0.004669074084522884,0.35944700460829493,0.36343115124153497,-0.003984146633240038,0.42162162162162165,0.43513513513513513,-0.013513513513513487,0.3880597014925373,0.3960639606396064,-0.008004259147069093,0.6075156576200418,0.6067793262991592,0.0007363313208825772,0.4248495663195855,0.4229078416278407,0.001941724691744806
Random Forest,volume_and_range,0.2,29,9600391036186630327,0.6935240963855421,0.6927710843373494,0.0007530120481927804,0.5851972013767421,0.5788692659256334,0.006327935451108768,0.4359861591695502,0.4311594202898551,0.004826738879695092,0.34054054054054056,0.3216216216216216,0.018918918918918948,0.38239757207890746,0.3684210526315789,0.013976519447328528,0.5833380353213339,0.5850617841223269,-0.001723748800993019,0.4320047066000814,0.43021141499687415,0.0017932916032072366
Logistic Regression,volume_and_range,0.5,0,7920805865805584827,0.6295180722891566,0.6438253012048193,-0.014307228915662717,0.5657168650905603,0.5872453873497715,-0.021528522259211202,0.35944700460829493,0.3837471783295711,-0.024300173721276186,0.42162162162162165,0.4594594594594595,-0.03783783783783784,0.3880597014925373,0.4182041820418204,-0.030144480549283093,0.6075156576200418,0.6154121762681262,-0.007896518648084383,0.4248495663195855,0.4305931465243802,-0.005743580204794707
Random Forest,volume_and_range,0.5,0,7920805865805584827,0.6935240963855421,0.6935240963855421,0.0,0.5851972013767421,0.5843677706934491,0.0008294306832929976,0.4359861591695502,0.4355400696864111,0.00044608948313906716,0.34054054054054056,0.33783783783783783,0.0027027027027027306,0.38239757207890746,0.380517503805175,0.0018800682737324381,0.5833380353213339,0.5899142357388705,-0.006576200417536593,0.4320047066000814,0.4324574028159569,-0.00045269621587551434
Logistic Regression,volume_and_range,0.5,1,18285884513390638488,0.6295180722891566,0.6272590361445783,0.0022590361445782303,0.5657168650905603,0.5732748406026068,-0.007557975512046511,0.35944700460829493,0.3638344226579521,-0.0043874180496571435,0.42162162162162165,0.45135135135135135,-0.029729729729729704,0.3880597014925373,0.4028950542822678,-0.014835352789730472,0.6075156576200418,0.6122806522597755,-0.004764994639733677,0.4248495663195855,0.42762965457039054,-0.0027800882508050573
Random Forest,volume_and_range,0.5,1,18285884513390638488,0.6935240963855421,0.6927710843373494,0.0007530120481927804,0.5851972013767421,0.5796986966089263,0.005498504767815882,0.4359861591695502,0.4316546762589928,0.004331482910557405,0.34054054054054056,0.32432432432432434,0.016216216216216217,0.38239757207890746,0.37037037037037035,0.012027201708537105,0.5833380353213339,0.5887011228347345,-0.005363087513400644,0.4320047066000814,0.43407753287035533,-0.002072826270273942
Logistic Regression,volume_and_range,0.5,2,10944003310283879326,0.6295180722891566,0.6287650602409639,0.0007530120481926694,0.5657168650905603,0.5734892512554308,-0.007772386164870526,0.35944700460829493,0.3648351648351648,-0.005388160226869887,0.42162162162162165,0.4486486486486487,-0.02702702702702703,0.3880597014925373,0.4024242424242424,-0.014364540931705083,0.6075156576200418,0.6027309146307058,0.004784742989335955,0.4248495663195855,0.42301764349682974,0.0018319228227557383
Random Forest,volume_and_range,0.5,2,10944003310283879326,0.6935240963855421,0.6927710843373494,0.0007530120481927804,0.5851972013767421,0.5821869886588049,0.0030102127179372218,0.4359861591695502,0.43309859154929575,0.0028875676202544387,0.34054054054054056,0.3324324324324324,0.008108108108108136,0.38239757207890746,0.3761467889908257,0.006250783088081746,0.5833380353213339,0.5758505896292953,0.00748744569203863,0.4320047066000814,0.427535987786263,0.004468718813818384
Logistic Regression,volume_and_range,0.5,3,2898653296234467730,0.6295180722891566,0.6189759036144579,0.010542168674698704,0.5657168650905603,0.5592394064210349,0.006477458669525427,0.35944700460829493,0.3488888888888889,0.010558115719406014,0.42162162162162165,0.4243243243243243,-0.002702702702702675,0.3880597014925373,0.3829268292682927,0.005132872224244633,0.6075156576200418,0.5983580657902161,0.009157591829825673,0.4248495663195855,0.42280790192896434,0.002041664390621145
Random Forest,volume_and_range,0.5,3,2898653296234467730,0.6935240963855421,0.6897590361445783,0.003765060240963791,0.5851972013767421,0.5784404446199853,0.006756756756756799,0.4359861591695502,0.426056338028169,0.00992982114138119,0.34054054054054056,0.327027027027027,0.013513513513513542,0.38239757207890746,0.37003058103975534,0.01236699103915212,0.5833380353213339,0.5709106810359419,0.01242735428539199,0.4320047066000814,0.4300063678086837,0.0019983387913977135
Logistic Regression,volume_and_range,0.5,4,13723231112779140869,0.6295180722891566,0.6355421686746988,-0.006024096385542244,0.5657168650905603,0.5790159679512498,-0.013299102860689471,0.35944700460829493,0.37276785714285715,-0.013320852534562222,0.42162162162162165,0.45135135135135135,-0.029729729729729704,0.3880597014925373,0.4083129584352078,-0.020253256942670494,0.6075156576200418,0.5979207809061672,0.0095948767138746,0.4248495663195855,0.425048490240397,-0.00019892392081150012
Random Forest,volume_and_range,0.5,4,13723231112779140869,0.6935240963855421,0.6882530120481928,0.005271084337349352,0.5851972013767421,0.5757377419172827,0.009459459459459474,0.4359861591695502,0.4219858156028369,0.014000343566713314,0.34054054054054056,0.3216216216216216,0.018918918918918948,0.38239757207890746,0.36503067484662577,0.017366897232281686,0.5833380353213339,0.5771314111606387,0.006206624160695173,0.4320047066000814,0.4327505897214203,-0.0007458831213388861
Logistic Regression,volume_and_range,0.5,5,18204208980526811370,0.6295180722891566,0.6234939759036144,0.0060240963855421326,0.5657168650905603,0.5714946679456074,-0.005777802855047143,0.35944700460829493,0.3605150214592275,-0.0010680168509325516,0.42162162162162165,0.4540540540540541,-0.032432432432432434,0.3880597014925373,0.4019138755980861,-0.013854174105548789,0.6075156576200418,0.6054618292614117,0.0020538283586301054,0.4248495663195855,0.4277996663131074,-0.002950099993521915
Random Forest,volume_and_range,0.5,5,18204208980526811370,0.6935240963855421,0.6829819277108434,0.010542168674698704,0.5851972013767421,0.5745725892907522,0.01062461208598997,0.4359861591695502,0.4135593220338983,0.02242683713565191,0.34054054054054056,0.32972972972972975,0.010810810810810811,0.38239757207890746,0.3669172932330827,0.015480278845824758,0.5833380353213339,0.5805845511482255,0.0027534841731083892,0.4320047066000814,0.43006395725225177,0.0019407493478296178
Logistic Regression,volume_and_range,0.5,6,10890192212820658245,0.6295180722891566,0.6317771084337349,-0.0022590361445783413,0.5657168650905603,0.5813829487107149,-0.015666083620154647,0.35944700460829493,0.3720430107526882,-0.012596006144393268,0.42162162162162165,0.46756756756756757,-0.04594594594594592,0.3880597014925373,0.41437125748502995,-0.02631155599249263,0.6075156576200418,0.6109829035716301,-0.003467245951588316,0.4248495663195855,0.433607777853641,-0.008758211534055538
Random Forest,volume_and_range,0.5,6,10890192212820658245,0.6935240963855421,0.6882530120481928,0.005271084337349352,0.5851972013767421,0.58071432601704,0.004482875359702154,0.4359861591695502,0.42517006802721086,0.010816091142339335,0.34054054054054056,0.33783783783783783,0.0027027027027027306,0.38239757207890746,0.37650602409638556,0.005891547982521894,0.5833380353213339,0.5856937313095976,-0.002355695988263684,0.4320047066000814,0.4397163875920738,-0.007711680991992431
Logistic Regression,volume_and_range,0.5,7,10965558719496438440,0.6295180722891566,0.625,0.004518072289156572,0.5657168650905603,0.5700502172318456,-0.004333352141285274,0.35944700460829493,0.36026200873362446,-0.0008150041253295326,0.42162162162162165,0.44594594594594594,-0.024324324324324298,0.3880597014925373,0.39855072463768115,-0.01049102314514383,0.6075156576200418,0.6080065451672967,-0.0004908875472549035,0.4248495663195855,0.4233285799241495,0.0015209863954359637
Random Forest,volume_and_range,0.5,7,10965558719496438440,0.6935240963855421,0.6897590361445783,0.003765060240963791,0.5851972013767421,0.5759521525701067,0.009245048806635459,0.4359861591695502,0.4244604316546763,0.011525727514873907,0.34054054054054056,0.31891891891891894,0.021621621621621623,0.38239757207890746,0.36419753086419754,0.018200041214709917,0.5833380353213339,0.5861959036280538,-0.0028578683067199684,0.4320047066000814,0.43250730395341674,-0.0005025973533353545
Logistic Regression,volume_and_range,0.5,8,15306269830622385352,0.6295180722891566,0.6340361445783133,-0.004518072289156683,0.5657168650905603,0.5796309879817187,-0.013914122891158454,0.35944700460829493,0.3722466960352423,-0.012799691426947368,0.42162162162162165,0.45675675675675675,-0.03513513513513511,0.3880597014925373,0.41019417475728154,-0.022134473264744214,0.6075156576200418,0.6137392089375387,-0.006223551317496967,0.4248495663195855,0.42817270394056334,-0.0033231376209778563
Random Forest,volume_and_range,0.5,8,15306269830622385352,0.6935240963855421,0.6890060240963856,0.004518072289156572,0.5851972013767421,0.5787479546352198,0.006449246741522363,0.4359861591695502,0.4250871080139373,0.010899051155612904,0.34054054054054056,0.32972972972972975,0.010810810810810811,0.38239757207890746,0.3713850837138508,0.011012488365056639,0.5833380353213339,0.5896575071940416,-0.00631947187270776,0.4320047066000814,0.4322938195657803,-0.00028911296569889
Logistic Regression,volume_and_range,0.5,9,3228624238581143094,0.6295180722891566,0.6167168674698795,0.012801204819277046,0.5657168650905603,0.5593325057834453,0.006384359307115006,0.35944700460829493,0.3479212253829322,0.011525779225362742,0.42162162162162165,0.4297297297297297,-0.00810810810810808,0.3880597014925373,0.3845223700120919,0.003537331480445438,0.6075156576200418,0.6045477627941094,0.0029678948259324045,0.4248495663195855,0.4195951496301445,0.005254416689440988
Random Forest,volume_and_range,0.5,9,3228624238581143094,0.6935240963855421,0.6762048192771084,0.017319277108433728,0.5851972013767421,0.5615809964452971,0.023616204931445006,0.4359861591695502,0.39436619718309857,0.041619961986451626,0.34054054054054056,0.3027027027027027,0.03783783783783784,0.38239757207890746,0.3425076452599388,0.039889926818968635,0.5833380353213339,0.5826412006996559,0.0006968346216780219,0.4320047066000814,0.4215215804107038,0.010483126189377578
Logistic Regression,volume_and_range,0.5,10,3836146211104042561,0.6295180722891566,0.6310240963855421,-0.001506024096385561,0.5657168650905603,0.5717372905264346,-0.0060204254358743325,0.35944700460829493,0.36486486486486486,-0.0054178602565699285,0.42162162162162165,0.43783783783783786,-0.016216216216216217,0.3880597014925373,0.39803439803439805,-0.009974696541860728,0.6075156576200418,0.6116910229645094,-0.0041753653444676075,0.4248495663195855,0.42654335098660345,-0.0016937846670179724
Random Forest,volume_and_range,0.5,10,3836146211104042561,0.6935240963855421,0.6905120481927711,0.0030120481927710108,0.5851972013767421,0.5814506573379226,0.003746544038819577,0.4359861591695502,0.4290657439446367,0.00692041522491349,0.34054054054054056,0.33513513513513515,0.005405405405405406,0.38239757207890746,0.37632776934749623,0.006069802731411222,0.5833380353213339,0.5899085933532697,-0.006570558031935847,0.4320047066000814,0.4329500025164631,-0.0009452959163817054
Logistic Regression,volume_and_range,0.5,11,9363449790196511213,0.6295180722891566,0.6257530120481928,0.003765060240963791,0.5657168650905603,0.5689132765333182,-0.0031964114427579515,0.35944700460829493,0.3598233995584989,-0.0003763949502039732,0.42162162162162165,0.44054054054054054,-0.018918918918918892,0.3880597014925373,0.39611178614823817,-0.008052084655700842,0.6075156576200418,0.6066749421655475,0.0008407154544942674,0.4248495663195855,0.42207788077962527,0.0027716855399602114
Random Forest,volume_and_range,0.5,11,9363449790196511213,0.6935240963855421,0.6829819277108434,0.010542168674698704,0.5851972013767421,0.567937143824409,0.017260057552333175,0.4359861591695502,0.40860215053763443,0.027384008631915757,0.34054054054054056,0.3081081081081081,0.032432432432432434,0.38239757207890746,0.35130970724191063,0.031087864836996826,0.5833380353213339,0.5768803250014105,0.006457710319923371,0.4320047066000814,0.4267140697629503,0.005290636837131102
Logistic Regression,volume_and_range,0.5,12,12790289941234167050,0.6295180722891566,0.6302710843373494,-0.0007530120481927804,0.5657168650905603,0.5778508153247193,-0.012133950234158974,0.35944700460829493,0.368763557483731,-0.00931655287543609,0.42162162162162165,0.4594594594594595,-0.03783783783783784,0.3880597014925373,0.4091456077015644,-0.02108590620902706,0.6075156576200418,0.6047960277605371,0.002719629859504691,0.4248495663195855,0.42828487153341666,-0.0034353052138311746
Random Forest,volume_and_range,0.5,12,12790289941234167050,0.6935240963855421,0.6920180722891566,0.001506024096385561,0.5851972013767421,0.5816650679907465,0.0035321333859956727,0.4359861591695502,0.43157894736842106,0.0044072118011291295,0.34054054054054056,0.3324324324324324,0.008108108108108136,0.38239757207890746,0.3755725190839695,0.0068250529949379635,0.5833380353213339,0.58553574451278,-0.002197709191446129,0.4320047066000814,0.43041143846850355,0.0015932681315778408
Logistic Regression,volume_and_range,0.5,13,4241872908035783036,0.6295180722891566,0.6408132530120482,-0.011295180722891596,0.5657168650905603,0.5909637194605879,-0.025246854370027605,0.35944700460829493,0.3839479392624729,-0.024500934654177964,0.42162162162162165,0.4783783783783784,-0.05675675675675673,0.3880597014925373,0.4259927797833935,-0.03793307829085618,0.6075156576200418,0.6079331941544885,-0.00041753653444676075,0.4248495663195855,0.4238521106958274,0.0009974556237580812
Random Forest,volume_and_range,0.5,13,4241872908035783036,0.6935240963855421,0.6957831325301205,-0.0022590361445783413,0.5851972013767421,0.5859335326976245,-0.0007363313208823552,0.4359861591695502,0.44014084507042256,-0.004154685900872368,0.34054054054054056,0.33783783783783783,0.0027027027027027306,0.38239757207890746,0.382262996941896,0.00013457513701142787,0.5833380353213339,0.5839925520510072,-0.0006545167296733156,0.4320047066000814,0.4289596694822075,0.0030450371178739055
Logistic Regression,volume_and_range,0.5,14,9303718469668347499,0.6295180722891566,0.6174698795180723,0.012048192771084265,0.5657168650905603,0.5598544264515037,0.005862438639056555,0.35944700460829493,0.34868421052631576,0.010762794081979166,0.42162162162162165,0.4297297297297297,-0.00810810810810808,0.3880597014925373,0.38498789346246975,0.0030718080300675688,0.6075156576200418,0.5986373638774474,0.008878293742594412,0.4248495663195855,0.41751481489454517,0.007334751425040309
Random Forest,volume_and_range,0.5,14,9303718469668347499,0.6935240963855421,0.677710843373494,0.015813253012048167,0.5851972013767421,0.562624837781414,0.022572363595328104,0.4359861591695502,0.3971631205673759,0.03882303860217429,0.34054054054054056,0.3027027027027027,0.03783783783783784,0.38239757207890746,0.34355828220858897,0.03883928987031848,0.5833380353213339,0.5720786548552728,0.01125938046606112,0.4320047066000814,0.42511476960572225,0.006889936994359136
Logistic Regression,volume_and_range,0.5,15,5746974987174605881,0.6295180722891566,0.6257530120481928,0.003765060240963791,0.5657168650905603,0.571401568583197,-0.005684703492636722,0.35944700460829493,0.3616557734204793,-0.0022087688121843474,0.42162162162162165,0.4486486486486487,-0.02702702702702703,0.3880597014925373,0.40048250904704463,-0.012422807554507309,0.6075156576200418,0.6052502398013879,0.0022654178186538587,0.4248495663195855,0.42322776512538013,0.0016218011942053523
Random Forest,volume_and_range,0.5,15,5746974987174605881,0.6935240963855421,0.6882530120481928,0.005271084337349352,0.5851972013767421,0.58071432601704,0.004482875359702154,0.4359861591695502,0.42517006802721086,0.010816091142339335,0.34054054054054056,0.33783783783783783,0.0027027027027027306,0.38239757207890746,0.37650602409638556,0.005891547982521894,0.5833380353213339,0.575080403994809,0.008257631326524906,0.4320047066000814,0.43161545711571614,0.00038924948436525053
Logistic Regression,volume_and_range,0.5,16,12265482350454380277,0.6295180722891566,0.6295180722891566,0.0,0.5657168650905603,0.5773288946566608,-0.011612029566100524,0.35944700460829493,0.36796536796536794,-0.008518363357073011,0.42162162162162165,0.4594594594594595,-0.03783783783783784,0.3880597014925373,0.40865384615384615,-0.020594144661308822,0.6075156576200418,0.6105512610731817,-0.0030356034531399123,0.4248495663195855,0.42381540858701694,0.0010341577325685414
Random Forest,volume_and_range,0.5,16,12265482350454380277,0.6935240963855421,0.6882530120481928,0.005271084337349352,0.5851972013767421,0.5757377419172827,0.009459459459459474,0.4359861591695502,0.4219858156028369,0.014000343566713314,0.34054054054054056,0.3216216216216216,0.018918918918918948,0.38239757207890746,0.36503067484662577,0.017366897232281686,0.5833380353213339,0.5870253343113468,-0.003687298990012966,0.4320047066000814,0.4286253915489331,0.0033793150511483017
Logistic Regression,volume_and_range,0.5,17,16805373788682291881,0.6295180722891566,0.6310240963855421,-0.001506024096385561,0.5657168650905603,0.5792021666760706,-0.013485301585510312,0.35944700460829493,0.37012987012987014,-0.010682865521575213,0.42162162162162165,0.46216216216216216,-0.040540540540540515,0.3880597014925373,0.4110576923076923,-0.022997990815154967,0.6075156576200418,0.6128984934830446,-0.005382835863002811,0.4248495663195855,0.427848052096723,-0.002998485777137516
Random Forest,volume_and_range,0.5,17,16805373788682291881,0.6935240963855421,0.6905120481927711,0.0030120481927710108,0.5851972013767421,0.5814506573379226,0.003746544038819577,0.4359861591695502,0.4290657439446367,0.00692041522491349,0.34054054054054056,0.33513513513513515,0.005405405405405406,0.38239757207890746,0.37632776934749623,0.006069802731411222,0.5833380353213339,0.5937482367544997,-0.010410201433165844,0.4320047066000814,0.43291322064370785,-0.0009085140436264627
Logistic Regression,volume_and_range,0.5,18,3525491911471714228,0.6295180722891566,0.6242469879518072,0.005271084337349352,0.5657168650905603,0.5686988658804943,-0.0029820007899340473,0.35944700460829493,0.3588621444201313,0.0005848601881636162,0.42162162162162165,0.44324324324324327,-0.021621621621621623,0.3880597014925373,0.3966142684401451,-0.008554566947607756,0.6075156576200418,0.599277774643119,0.008237882976922739,0.4248495663195855,0.4252424399228331,-0.0003928736032476343
Random Forest,volume_and_range,0.5,18,3525491911471714228,0.6935240963855421,0.6867469879518072,0.006777108433734913,0.5851972013767421,0.580499915364216,0.0046972860125261695,0.4359861591695502,0.4228187919463087,0.013167367223241466,0.34054054054054056,0.34054054054054056,0.0,0.38239757207890746,0.3772455089820359,0.005152063096871551,0.5833380353213339,0.5770552389550302,0.006282796366303689,0.4320047066000814,0.4307773841866357,0.0012273224134456973
Logistic Regression,volume_and_range,0.5,19,1122577174468672559,0.6295180722891566,0.6302710843373494,-0.0007530120481927804,0.5657168650905603,0.572874231224962,-0.007157366134401655,0.35944700460829493,0.36525612472160357,-0.005809120113308641,0.42162162162162165,0.44324324324324327,-0.021621621621621623,0.3880597014925373,0.4004884004884005,-0.012428698995863185,0.6075156576200418,0.6113665857924732,-0.003850928172431378,0.4248495663195855,0.4264141506001757,-0.0015645842805901977
Random Forest,volume_and_range,0.5,19,1122577174468672559,0.6935240963855421,0.6859939759036144,0.0075301204819276935,0.5851972013767421,0.5733425492298144,0.011854652146927713,0.4359861591695502,0.4169611307420495,0.0190250284275007,0.34054054054054056,0.31891891891891894,0.021621621621621623,0.38239757207890746,0.3614088820826952,0.02098868999621223,0.5833380353213339,0.583419849912543,-8.181459120915058e-05,0.4320047066000814,0.4330542000857499,-0.0010494934856685179
Logistic Regression,volume_and_range,0.5,20,9615809193364014779,0.6295180722891566,0.6355421686746988,-0.006024096385542244,0.5657168650905603,0.5781865372679569,-0.012469672177396585,0.35944700460829493,0.3721973094170404,-0.01275030480874545,0.42162162162162165,0.4486486486486487,-0.02702702702702703,0.3880597014925373,0.4068627450980392,-0.01880304360550189,0.6075156576200418,0.6074423066072334,7.335101280836476e-05,0.4248495663195855,0.42391790070924223,0.0009316656103432464
Random Forest,volume_and_range,0.5,20,9615809193364014779,0.6935240963855421,0.7070783132530121,-0.013554216867469937,0.5851972013767421,0.5987389268182588,-0.013541725441516661,0.4359861591695502,0.46619217081850534,-0.030206011648955144,0.34054054054054056,0.35405405405405405,-0.013513513513513487,0.38239757207890746,0.402457757296467,-0.020060185217559534,0.5833380353213339,0.589366924335609,-0.006028889014275118,0.4320047066000814,0.4369600302902719,-0.004955323690190527
Logistic Regression,volume_and_range,0.5,21,7773029765573156530,0.6295180722891566,0.6265060240963856,0.0030120481927710108,0.5657168650905603,0.5735823506178412,-0.007865485527280947,0.35944700460829493,0.36363636363636365,-0.004189359028068718,0.42162162162162165,0.4540540540540541,-0.032432432432432434,0.3880597014925373,0.40384615384615385,-0.01578645235361653,0.6075156576200418,0.6126304801670146,-0.005114822546972819,0.4248495663195855,0.4291604325092232,-0.004310866189637719
Random Forest,volume_and_range,0.5,21,7773029765573156530,0.6935240963855421,0.6980421686746988,-0.004518072289156683,0.5851972013767421,0.5883287253850928,-0.0031315240083507057,0.4359861591695502,0.4452296819787986,-0.009243522809248395,0.34054054054054056,0.34054054054054056,0.0,0.38239757207890746,0.38591117917304746,-0.0035136070941400033,0.5833380353213339,0.586884274671331,-0.0035462393499970934,0.4320047066000814,0.4343837782560805,-0.0023790716559990988
Logistic Regression,volume_and_range,0.5,22,5682022567904719490,0.6295180722891566,0.6197289156626506,0.009789156626505924,0.5657168650905603,0.5672262032387293,-0.0015093381481690038,0.35944700460829493,0.3554603854389722,0.003986619169322747,0.42162162162162165,0.4486486486486487,-0.02702702702702703,0.3880597014925373,0.3966547192353644,-0.00859501774282706,0.6075156576200418,0.6017519607289962,0.005763696891045611,0.4248495663195855,0.420794383801098,0.004055182518487466
Random Forest,volume_and_range,0.5,22,5682022567904719490,0.6935240963855421,0.6912650602409639,0.0022590361445782303,0.5851972013767421,0.581143147322688,0.004054054054054124,0.4359861591695502,0.43006993006993005,0.0059162290996201405,0.34054054054054056,0.3324324324324324,0.008108108108108136,0.38239757207890746,0.375,0.007397572078907455,0.5833380353213339,0.5719883766856627,0.011349658635671167,0.4320047066000814,0.4215143554135015,0.010490351186579872
Logistic Regression,volume_and_range,0.5,23,18214233200051708762,0.6295180722891566,0.6265060240963856,0.0030120481927710108,0.5657168650905603,0.5686057665180838,-0.002888901427523516,0.35944700460829493,0.36,-0.0005529953917050578,0.42162162162162165,0.43783783783783786,-0.016216216216216217,0.3880597014925373,0.3951219512195122,-0.00706224972697489,0.6075156576200418,0.6040963719460588,0.0034192856739829747,0.4248495663195855,0.41976742398380457,0.005082142335780915
Random Forest,volume_and_range,0.5,23,18214233200051708762,0.6935240963855421,0.6890060240963856,0.004518072289156572,0.5851972013767421,0.5762596625853411,0.008937538791401023,0.4359861591695502,0.4234875444839858,0.012498614685564402,0.34054054054054056,0.3216216216216216,0.018918918918918948,0.38239757207890746,0.3655913978494624,0.01680617422944508,0.5833380353213339,0.5763019804773459,0.007036054843987949,0.4320047066000814,0.42364161800347666,0.008363088596604729
Logistic Regression,volume_and_range,0.5,24,9014783822694624149,0.6295180722891566,0.6197289156626506,0.009789156626505924,0.5657168650905603,0.5688850646053152,-0.003168199514754888,0.35944700460829493,0.35668789808917195,0.002759106519122978,0.42162162162162165,0.4540540540540541,-0.032432432432432434,0.3880597014925373,0.3995243757431629,-0.011464674250625584,0.6075156576200418,0.604054054054054,0.003461603565987792,0.4248495663195855,0.4221165927274,0.0027329735921854947
Random Forest,volume_and_range,0.5,24,9014783822694624149,0.6935240963855421,0.6867469879518072,0.006777108433734913,0.5851972013767421,0.5755233312644586,0.00967387011228349,0.4359861591695502,0.4195804195804196,0.016405739589130608,0.34054054054054056,0.32432432432432434,0.016216216216216217,0.38239757207890746,0.36585365853658536,0.016543913542322097,0.5833380353213339,0.5851633470631383,-0.0018253117418044473,0.4320047066000814,0.4290645274597479,0.00294017914033351
Logistic Regression,volume_and_range,0.5,25,16694862260190340599,0.6295180722891566,0.6219879518072289,0.0075301204819276935,0.5657168650905603,0.5721096879760763,-0.006392822885516014,0.35944700460829493,0.3601694915254237,-0.000722486917128784,0.42162162162162165,0.4594594594594595,-0.03783783783783784,0.3880597014925373,0.40380047505938244,-0.015740773566845112,0.6075156576200418,0.6023472324098629,0.005168425210178906,0.4248495663195855,0.420925662357552,0.003923903962033459
Random Forest,volume_and_range,0.5,25,16694862260190340599,0.6935240963855421,0.6814759036144579,0.012048192771084265,0.5851972013767421,0.5718698865880494,0.013327314788692757,0.4359861591695502,0.40955631399317405,0.026429845176376143,0.34054054054054056,0.32432432432432434,0.016216216216216217,0.38239757207890746,0.36199095022624433,0.02040662185266312,0.5833380353213339,0.5820769621395926,0.0012610731817412901,0.4320047066000814,0.4318416561828804,0.0001630504172009939
Logistic Regression,volume_and_range,0.5,26,10786567198797598882,0.6295180722891566,0.6257530120481928,0.003765060240963791,0.5657168650905603,0.5738898606330757,-0.008172995542515382,0.35944700460829493,0.3634408602150538,-0.003993855606758856,0.42162162162162165,0.45675675675675675,-0.03513513513513511,0.3880597014925373,0.40479041916167663,-0.016730717669139306,0.6075156576200418,0.60839304858094,-0.0008773909608982278,0.4248495663195855,0.4280992917212473,-0.003249725401661796
Random Forest,volume_and_range,0.5,26,10786567198797598882,0.6935240963855421,0.6837349397590361,0.009789156626506035,0.5851972013767421,0.5759239406421035,0.009273260734638633,0.4359861591695502,0.4155405405405405,0.020445618629009676,0.34054054054054056,0.3324324324324324,0.008108108108108136,0.38239757207890746,0.36936936936936937,0.013028202709538084,0.5833380353213339,0.5867262878745133,-0.003388252553179427,0.4320047066000814,0.43596424617520124,-0.0039595395751198526
Logistic Regression,volume_and_range,0.5,27,681335595908341988,0.6295180722891566,0.6204819277108434,0.009036144578313143,0.5657168650905603,0.5669186932234949,-0.0012018281329345681,0.35944700460829493,0.35560344827586204,0.0038435563324328847,0.42162162162162165,0.44594594594594594,-0.024324324324324298,0.3880597014925373,0.39568345323741005,-0.007623751744872731,0.6075156576200418,0.5990831123398973,0.008432545280144477,0.4248495663195855,0.41781949861244094,0.007030067707144538
Random Forest,volume_and_range,0.5,27,681335595908341988,0.6935240963855421,0.6950301204819277,-0.001506024096385561,0.5851972013767421,0.585411612029566,-0.00021441065282390426,0.4359861591695502,0.43859649122807015,-0.0026103320585199596,0.34054054054054056,0.33783783783783783,0.0027027027027027306,0.38239757207890746,0.3816793893129771,0.0007181827659303308,0.5833380353213339,0.582562207301247,0.0007758280200869105,0.4320047066000814,0.43234233302317465,-0.0003376264230932624
Logistic Regression,volume_and_range,0.5,28,5095450556011099768,0.6295180722891566,0.6257530120481928,0.003765060240963791,0.5657168650905603,0.5755487219996615,-0.009831856909101155,0.35944700460829493,0.3646055437100213,-0.005158539101726367,0.42162162162162165,0.46216216216216216,-0.040540540540540515,0.3880597014925373,0.40762812872467225,-0.019568427232134922,0.6075156576200418,0.6126812616374203,-0.005165604017378533,0.4248495663195855,0.42566608453352295,-0.0008165182139374672
Random Forest,volume_and_range,0.5,28,5095450556011099768,0.6935240963855421,0.6844879518072289,0.009036144578313254,0.5851972013767421,0.576445861310162,0.008751340066580182,0.4359861591695502,0.41694915254237286,0.019037006627177333,0.34054054054054056,0.3324324324324324,0.008108108108108136,0.38239757207890746,0.3699248120300752,0.012472760048832243,0.5833380353213339,0.5872792416633754,-0.003941206342041537,0.4320047066000814,0.43395448210469983,-0.001949775504618445
Logistic Regression,volume_and_range,0.5,29,15698933362216943761,0.6295180722891566,0.6234939759036144,0.0060240963855421326,0.5657168650905603,0.5698358065790217,-0.0041189414884613695,0.35944700460829493,0.3593073593073593,0.00013964530093563132,0.42162162162162165,0.4486486486486487,-0.02702702702702703,0.3880597014925373,0.39903846153846156,-0.01097876004592424,0.6075156576200418,0.6049258026293517,0.002589854990690088,0.4248495663195855,0.41982002391773254,0.005029542401852938
Random Forest,volume_and_range,0.5,29,15698933362216943761,0.6935240963855421,0.6897590361445783,0.003765060240963791,0.5851972013767421,0.572634429836935,0.012562771539807116,0.4359861591695502,0.4222222222222222,0.01376393694732797,0.34054054054054056,0.3081081081081081,0.032432432432432434,0.38239757207890746,0.35625,0.026147572078907444,0.5833380353213339,0.5850194662303222,-0.0016814309089883128,0.4320047066000814,0.4285908574148951,0.0034138491851862796
Logistic Regression,volume_and_range,1.0,0,4669396363828595170,0.6295180722891566,0.6302710843373494,-0.0007530120481927804,0.5657168650905603,0.5853156914743554,-0.019598826383795065,0.35944700460829493,0.3736951983298539,-0.014248193721558944,0.42162162162162165,0.4837837837837838,-0.06216216216216214,0.3880597014925373,0.4216725559481743,-0.033612854455637,0.6075156576200418,0.6176183490379733,-0.01010269141793152,0.4248495663195855,0.43131802928677615,-0.006468462967190669
Random Forest,volume_and_range,1.0,0,4669396363828595170,0.6935240963855421,0.6882530120481928,0.005271084337349352,0.5851972013767421,0.5773966032838684,0.007800598092873701,0.4359861591695502,0.4230769230769231,0.012909236092627119,0.34054054054054056,0.327027027027027,0.013513513513513542,0.38239757207890746,0.36890243902439024,0.013495133054517217,0.5833380353213339,0.5937595215257011,-0.010421486204367225,0.4320047066000814,0.4335848939283248,-0.0015801873282433876
Logistic Regression,volume_and_range,1.0,1,8532091724142246700,0.6295180722891566,0.6257530120481928,0.003765060240963791,0.5657168650905603,0.5813547367827118,-0.015637871692151473,0.35944700460829493,0.36853002070393376,-0.00908301609563883,0.42162162162162165,0.4810810810810811,-0.05945945945945946,0.3880597014925373,0.41735052754982416,-0.029290826057286834,0.6075156576200418,0.614249844834396,-0.006734187214354259,0.4248495663195855,0.4254933931148521,-0.0006438267952666443
Random Forest,volume_and_range,1.0,1,8532091724142246700,0.6935240963855421,0.697289156626506,-0.0037650602409639022,0.5851972013767421,0.5861479433504486,-0.0009507419737064815,0.4359861591695502,0.44285714285714284,-0.006870983687592647,0.34054054054054056,0.33513513513513515,0.005405405405405406,0.38239757207890746,0.38153846153846155,0.0008591105404459065,0.5833380353213339,0.5815211871579304,0.0018168481634034395,0.4320047066000814,0.4314134771901836,0.0005912294098978088
Logistic Regression,volume_and_range,1.0,2,7462544709478966202,0.6295180722891566,0.6046686746987951,0.02484939759036142,0.5657168650905603,0.5642526660271963,0.0014641990633640356,0.35944700460829493,0.3465346534653465,0.01291235114294842,0.42162162162162165,0.47297297297297297,-0.051351351351351326,0.3880597014925373,0.4,-0.011940298507462699,0.6075156576200418,0.5936184618856852,0.013897195734356549,0.4248495663195855,0.41532590825318383,0.009523658066401652
Random Forest,volume_and_range,1.0,2,7462544709478966202,0.6935240963855421,0.6867469879518072,0.006777108433734913,0.5851972013767421,0.5788410539976302,0.006356147379111943,0.4359861591695502,0.4217687074829932,0.01421745168655697,0.34054054054054056,0.33513513513513515,0.005405405405405406,0.38239757207890746,0.37349397590361444,0.008903596175293016,0.5833380353213339,0.5724454099193139,0.010892625402019962,0.4320047066000814,0.4215907156325807,0.010413990967500675
Logistic Regression,volume_and_range,1.0,3,4927601553804448824,0.6295180722891566,0.6054216867469879,0.02409638554216864,0.5657168650905603,0.5614568639620832,0.004260001128477131,0.35944700460829493,0.34475806451612906,0.01468894009216587,0.42162162162162165,0.46216216216216216,-0.040540540540540515,0.3880597014925373,0.394919168591224,-0.006859467098686678,0.6075156576200418,0.5863313208824692,0.021184336737572584,0.4248495663195855,0.4174319350104634,0.007417631309122097
Random Forest,volume_and_range,1.0,3,4927601553804448824,0.6935240963855421,0.6829819277108434,0.010542168674698704,0.5851972013767421,0.5712548665575805,0.013942334819161628,0.4359861591695502,0.41114982578397213,0.024836333385578058,0.34054054054054056,0.31891891891891894,0.021621621621621623,0.38239757207890746,0.3592085235920852,0.02318904848682224,0.5833380353213339,0.5553574451278,0.027980590193533827,0.4320047066000814,0.42281373160645574,0.009190974993625645
Logistic Regression,volume_and_range,1.0,4,16585428518076714880,0.6295180722891566,0.6227409638554217,0.006777108433734913,0.5657168650905603,0.5759493313773063,-0.010232466286746011,0.35944700460829493,0.36325678496868474,-0.003809780360389814,0.42162162162162165,0.4702702702702703,-0.04864864864864865,0.3880597014925373,0.4098939929328622,-0.021834291440324893,0.6075156576200418,0.5905772160469447,0.016938441573097096,0.4248495663195855,0.4238970756129146,0.000952490706670861
Random Forest,volume_and_range,1.0,4,16585428518076714880,0.6935240963855421,0.6882530120481928,0.005271084337349352,0.5851972013767421,0.5732494498674039,0.011947751509338245,0.4359861591695502,0.42028985507246375,0.015696304097086444,0.34054054054054056,0.31351351351351353,0.02702702702702703,0.38239757207890746,0.3591331269349845,0.02326444514392295,0.5833380353213339,0.5704677537662923,0.012870281555041552,0.4320047066000814,0.4280101514703162,0.003994555129765209
Logistic Regression,volume_and_range,1.0,5,12727748638533620915,0.6295180722891566,0.6182228915662651,0.011295180722891485,0.5657168650905603,0.5802826835185917,-0.014565818428031396,0.35944700460829493,0.36381709741550694,-0.0043700928072120115,0.42162162162162165,0.4945945945945946,-0.07297297297297295,0.3880597014925373,0.41924398625429554,-0.03118428476175822,0.6075156576200418,0.6029961067539356,0.004519550866106226,0.4248495663195855,0.42392464679012304,0.0009249195294624424
Random Forest,volume_and_range,1.0,5,12727748638533620915,0.6935240963855421,0.677710843373494,0.015813253012048167,0.5851972013767421,0.5692602832477571,0.01593691812898501,0.4359861591695502,0.40268456375838924,0.033301595411160956,0.34054054054054056,0.32432432432432434,0.016216216216216217,0.38239757207890746,0.3592814371257485,0.02311613495315895,0.5833380353213339,0.5803391073745979,0.002998927946735952,0.4320047066000814,0.43088442393687937,0.0011202826632020213
Logistic Regression,volume_and_range,1.0,6,12281732584215539089,0.6295180722891566,0.625,0.004518072289156572,0.5657168650905603,0.5899565536308751,-0.024239688540314774,0.35944700460829493,0.37351778656126483,-0.014070781952969902,0.42162162162162165,0.5108108108108108,-0.08918918918918917,0.3880597014925373,0.4315068493150685,-0.043447147822531174,0.6075156576200418,0.6122326919821701,-0.004717034362128336,0.4248495663195855,0.43574786335788074,-0.010898297038295257
Random Forest,volume_and_range,1.0,6,12281732584215539089,0.6935240963855421,0.6807228915662651,0.012801204819277046,0.5851972013767421,0.5713479659199909,0.013849235456751208,0.4359861591695502,0.40816326530612246,0.027822893863427733,0.34054054054054056,0.32432432432432434,0.016216216216216217,0.38239757207890746,0.3614457831325301,0.020951788946377337,0.5833380353213339,0.5854228968007674,-0.002084861479433542,0.4320047066000814,0.4376748067121881,-0.005670100112106724
Logistic Regression,volume_and_range,1.0,7,8076395937904665227,0.6295180722891566,0.6257530120481928,0.003765060240963791,0.5657168650905603,0.5813547367827118,-0.015637871692151473,0.35944700460829493,0.36853002070393376,-0.00908301609563883,0.42162162162162165,0.4810810810810811,-0.05945945945945946,0.3880597014925373,0.41735052754982416,-0.029290826057286834,0.6075156576200418,0.606689048129549,0.0008266094904927357,0.4248495663195855,0.4183789551818726,0.006470611137712856
Random Forest,volume_and_range,1.0,7,8076395937904665227,0.6935240963855421,0.6912650602409639,0.0022590361445782303,0.5851972013767421,0.5778254245895165,0.00737177678722567,0.4359861591695502,0.42805755395683454,0.007928605212715656,0.34054054054054056,0.3216216216216216,0.018918918918918948,0.38239757207890746,0.36728395061728397,0.015113621461623483,0.5833380353213339,0.5832957174293292,4.231789200470626e-05,0.4320047066000814,0.43473106663935723,-0.0027263600392758436
Logistic Regression,volume_and_range,1.0,8,2426786887143097500,0.6295180722891566,0.6234939759036144,0.0060240963855421326,0.5657168650905603,0.5773006827286576,-0.011583817638097349,0.35944700460829493,0.3645833333333333,-0.005136328725038386,0.42162162162162165,0.47297297297297297,-0.051351351351351326,0.3880597014925373,0.4117647058823529,-0.023705004389815598,0.6075156576200418,0.6123793940077865,-0.004863736387744733,0.4248495663195855,0.4231944411581211,0.001655125161464377
Random Forest,volume_and_range,1.0,8,2426786887143097500,0.6935240963855421,0.6875,0.0060240963855421326,0.5851972013767421,0.5743863905659313,0.010810810810810811,0.4359861591695502,0.4199288256227758,0.01605733354677441,0.34054054054054056,0.31891891891891894,0.021621621621621623,0.38239757207890746,0.36251920122887865,0.019878370850028804,0.5833380353213339,0.5908960108333804,-0.007557975512046511,0.4320047066000814,0.43124156926661594,0.0007631373334654468
Logistic Regression,volume_and_range,1.0,9,5124440826294049024,0.6295180722891566,0.608433734939759,0.02108433734939752,0.5657168650905603,0.5660328386841957,-0.00031597359363544353,0.35944700460829493,0.3493975903614458,0.010049414246849131,0.42162162162162165,0.4702702702702703,-0.04864864864864865,0.3880597014925373,0.4009216589861751,-0.012861957493637777,0.6075156576200418,0.6010523049145178,0.006463352705524006,0.4248495663195855,0.4114371978064426,0.01341236851314287
Random Forest,volume_and_range,1.0,9,5124440826294049024,0.6935240963855421,0.6656626506024096,0.027861445783132543,0.5851972013767421,0.5542741070924787,0.03092309428426343,0.4359861591695502,0.37583892617449666,0.060147232995053534,0.34054054054054056,0.3027027027027027,0.03783783783783784,0.38239757207890746,0.33532934131736525,0.04706823076154221,0.5833380353213339,0.5785025108615922,0.004835524459741669,0.4320047066000814,0.4179658181936497,0.014038888406431693
Logistic Regression,volume_and_range,1.0,10,17692581270757586921,0.6295180722891566,0.6219879518072289,0.0075301204819276935,0.5657168650905603,0.5712802572927833,-0.0055633922022230164,0.35944700460829493,0.3595744680851064,-0.00012746347681147352,0.42162162162162165,0.45675675675675675,-0.03513513513513511,0.3880597014925373,0.4023809523809524,-0.014321250888415071,0.6075156576200418,0.611329910286069,-0.003814252666027196,0.4248495663195855,0.42412703766730087,0.0007225286522846153
Random Forest,volume_and_range,1.0,10,17692581270757586921,0.6935240963855421,0.6844879518072289,0.009036144578313254,0.5851972013767421,0.5714692772104046,0.013727924166337502,0.4359861591695502,0.4134275618374558,0.022558597332094366,0.34054054054054056,0.3162162162162162,0.024324324324324353,0.38239757207890746,0.35834609494640124,0.024051477132506216,0.5833380353213339,0.5885459572307171,-0.00520792190938324,0.4320047066000814,0.43278756890630654,-0.0007828623062251516
Logistic Regression,volume_and_range,1.0,11,4414254884891937710,0.6295180722891566,0.6144578313253012,0.015060240963855387,0.5657168650905603,0.5693787733453703,-0.0036619082548100534,0.35944700460829493,0.35450819672131145,0.004938807886983476,0.42162162162162165,0.46756756756756757,-0.04594594594594592,0.3880597014925373,0.40326340326340326,-0.01520370177086594,0.6075156576200418,0.6043615640692885,0.0031540935507532453,0.4248495663195855,0.4188602478457048,0.005989318473880678
Random Forest,volume_and_range,1.0,11,4414254884891937710,0.6935240963855421,0.6807228915662651,0.012801204819277046,0.5851972013767421,0.5672008125035265,0.01799638887321564,0.4359861591695502,0.40492957746478875,0.031056581704761443,0.34054054054054056,0.3108108108108108,0.02972972972972976,0.38239757207890746,0.3516819571865443,0.03071561489236313,0.5833380353213339,0.5766715567341874,0.006666478587146529,0.4320047066000814,0.42696858596524945,0.005036120634831942
Logistic Regression,volume_and_range,1.0,12,2504376488082336904,0.6295180722891566,0.6024096385542169,0.027108433734939652,0.5657168650905603,0.5610280426564351,0.004688822434125162,0.35944700460829493,0.34325396825396826,0.016193036354326673,0.42162162162162165,0.46756756756756757,-0.04594594594594592,0.3880597014925373,0.39588100686498856,-0.007821305372451237,0.6075156576200418,0.6013344241945495,0.006181233425492261,0.4248495663195855,0.4249281491292818,-7.858280969630371e-05
Random Forest,volume_and_range,1.0,12,2504376488082336904,0.6935240963855421,0.6875,0.0060240963855421326,0.5851972013767421,0.5777041132991029,0.007493088077639265,0.4359861591695502,0.42214532871972316,0.013840830449827035,0.34054054054054056,0.32972972972972975,0.010810810810810811,0.38239757207890746,0.37025796661608495,0.0121396054628225,0.5833380353213339,0.5855752412119845,-0.002237205890650573,0.4320047066000814,0.428339519425424,0.003665187174657414
Logistic Regression,volume_and_range,1.0,13,1134522650126318767,0.6295180722891566,0.6137048192771084,0.015813253012048167,0.5657168650905603,0.5713451447271907,-0.005628279636630373,0.35944700460829493,0.35555555555555557,0.0038914490527393597,0.42162162162162165,0.4756756756756757,-0.05405405405405406,0.3880597014925373,0.4069364161849711,-0.018876714692433794,0.6075156576200418,0.6058878293742594,0.0016278282457823368,0.4248495663195855,0.42020420258421076,0.004645363735374719
Random Forest,volume_and_range,1.0,13,1134522650126318767,0.6935240963855421,0.6965361445783133,-0.003012048192771122,0.5851972013767421,0.5881143147322688,-0.0029171133555266904,0.4359861591695502,0.4425087108013937,-0.0065225516318435095,0.34054054054054056,0.34324324324324323,-0.002702702702702675,0.38239757207890746,0.3866057838660578,-0.004208211787150362,0.5833380353213339,0.5814421937595216,0.001895841561812328,0.4320047066000814,0.4289304284462316,0.0030742781538498076
Logistic Regression,volume_and_range,1.0,14,5450328370613610512,0.6295180722891566,0.608433734939759,0.02108433734939752,0.5657168650905603,0.5569091011679738,0.008807763922586531,0.35944700460829493,0.34243697478991597,0.017010029818378958,0.42162162162162165,0.44054054054054054,-0.018918918918918892,0.3880597014925373,0.38534278959810875,0.0027169118944285753,0.6075156576200418,0.5900299046436833,0.01748575297635846,0.4248495663195855,0.41016483563742434,0.01468473068216114
Random Forest,volume_and_range,1.0,14,5450328370613610512,0.6935240963855421,0.6814759036144579,0.012048192771084265,0.5851972013767421,0.5702110252214636,0.01498617615527853,0.4359861591695502,0.4083044982698962,0.027681660899654015,0.34054054054054056,0.31891891891891894,0.021621621621621623,0.38239757207890746,0.3581183611532625,0.024279210925644945,0.5833380353213339,0.5753907352028438,0.007947300118490097,0.4320047066000814,0.4256771771622175,0.00632752943786391
Logistic Regression,volume_and_range,1.0,15,6095984542042593763,0.6295180722891566,0.6076807228915663,0.0218373493975903,0.5657168650905603,0.5713169327991875,-0.005600067708627199,0.35944700460829493,0.35282651072124754,0.006620493887047385,0.42162162162162165,0.4891891891891892,-0.06756756756756754,0.3880597014925373,0.4099660249150623,-0.021906323422524965,0.6075156576200418,0.6003498279072391,0.007165829712802663,0.4248495663195855,0.41640125012792145,0.00844831619166403
Random Forest,volume_and_range,1.0,15,6095984542042593763,0.6935240963855421,0.6852409638554217,0.008283132530120474,0.5851972013767421,0.5736500592450487,0.011547142131693389,0.4359861591695502,0.4160839160839161,0.019902243085634097,0.34054054054054056,0.3216216216216216,0.018918918918918948,0.38239757207890746,0.3628048780487805,0.019592694030126978,0.5833380353213339,0.5709558201207471,0.0123822152005868,0.4320047066000814,0.4289378837720919,0.0030668228279894794
Logistic Regression,volume_and_range,1.0,16,13000601630069244025,0.6295180722891566,0.6234939759036144,0.0060240963855421326,0.5657168650905603,0.5773006827286576,-0.011583817638097349,0.35944700460829493,0.3645833333333333,-0.005136328725038386,0.42162162162162165,0.47297297297297297,-0.051351351351351326,0.3880597014925373,0.4117647058823529,-0.023705004389815598,0.6075156576200418,0.6081024657225075,-0.0005868081024656968,0.4248495663195855,0.41707018378080196,0.007779382538783519
Random Forest,volume_and_range,1.0,16,13000601630069244025,0.6935240963855421,0.6799698795180723,0.013554216867469826,0.5851972013767421,0.5658494611521752,0.01934774022456698,0.4359861591695502,0.4028268551236749,0.033159304045875304,0.34054054054054056,0.3081081081081081,0.032432432432432434,0.38239757207890746,0.34915773353751917,0.03323983854138829,0.5833380353213339,0.5831405518253118,0.00019748349602211057,0.4320047066000814,0.43033657748539456,0.0016681291146868338
Logistic Regression,volume_and_range,1.0,17,9577101252325898721,0.6295180722891566,0.6182228915662651,0.011295180722891485,0.5657168650905603,0.5777943914687129,-0.012077526378152625,0.35944700460829493,0.36217303822937624,-0.002726033621081314,0.42162162162162165,0.4864864864864865,-0.06486486486486487,0.3880597014925373,0.41522491349480967,-0.027165212002272343,0.6075156576200418,0.6124612085989957,-0.004945550978953883,0.4248495663195855,0.42334433999919363,0.0015052263203918503
Random Forest,volume_and_range,1.0,17,9577101252325898721,0.6935240963855421,0.6927710843373494,0.0007530120481927804,0.5851972013767421,0.5821869886588049,0.0030102127179372218,0.4359861591695502,0.43309859154929575,0.0028875676202544387,0.34054054054054056,0.3324324324324324,0.008108108108108136,0.38239757207890746,0.3761467889908257,0.006250783088081746,0.5833380353213339,0.5933165942560514,-0.009978558934717552,0.4320047066000814,0.43534202539760747,-0.0033373187975260787
Logistic Regression,volume_and_range,1.0,18,1196494446799925246,0.6295180722891566,0.6039156626506024,0.025602409638554202,0.5657168650905603,0.5612424533092591,0.004474411781301146,0.35944700460829493,0.344,0.015447004608294956,0.42162162162162165,0.4648648648648649,-0.043243243243243246,0.3880597014925373,0.3954022988505747,-0.007342597358037384,0.6075156576200418,0.5901822490549005,0.017333408565141317,0.4248495663195855,0.4233762903094048,0.0014732760101806575
Random Forest,volume_and_range,1.0,18,1196494446799925246,0.6935240963855421,0.6905120481927711,0.0030120481927710108,0.5851972013767421,0.5814506573379226,0.003746544038819577,0.4359861591695502,0.4290657439446367,0.00692041522491349,0.34054054054054056,0.33513513513513515,0.005405405405405406,0.38239757207890746,0.37632776934749623,0.006069802731411222,0.5833380353213339,0.5711504824239688,0.012187552897365062,0.4320047066000814,0.4312406141421209,0.0007640924579604969
Logistic Regression,volume_and_range,1.0,19,13114033858002658243,0.6295180722891566,0.6295180722891566,0.0,0.5657168650905603,0.5881114935394685,-0.02239462844890816,0.35944700460829493,0.375,-0.015552995391705071,0.42162162162162165,0.4945945945945946,-0.07297297297297295,0.3880597014925373,0.42657342657342656,-0.03851372508088924,0.6075156576200418,0.6133301359814929,-0.005814478361451103,0.4248495663195855,0.4237582648292808,0.0010913014903046747
Random Forest,volume_and_range,1.0,19,13114033858002658243,0.6935240963855421,0.6950301204819277,-0.001506024096385561,0.5851972013767421,0.5796055972465158,0.005591604130226302,0.4359861591695502,0.4354243542435424,0.0005618049260077695,0.34054054054054056,0.31891891891891894,0.021621621621621623,0.38239757207890746,0.36817472698907955,0.014222845089827907,0.5833380353213339,0.5835439823957569,-0.00020594707442300741,0.4320047066000814,0.4313942264120335,0.0006104801880478794
Logistic Regression,volume_and_range,1.0,20,7188015303677567636,0.6295180722891566,0.6317771084337349,-0.0022590361445783413,0.5657168650905603,0.5847006714438865,-0.018983806353326194,0.35944700460829493,0.37420718816067655,-0.014760183552381623,0.42162162162162165,0.4783783783783784,-0.05675675675675673,0.3880597014925373,0.4199288256227758,-0.03186912413023846,0.6075156576200418,0.6035744512780004,0.003941206342041426,0.4248495663195855,0.4185022729449541,0.0063472933746313576
Random Forest,volume_and_range,1.0,20,7188015303677567636,0.6935240963855421,0.7048192771084337,-0.011295180722891596,0.5851972013767421,0.5905377193477402,-0.005340517970998104,0.4359861591695502,0.458955223880597,-0.022969064711046816,0.34054054054054056,0.3324324324324324,0.008108108108108136,0.38239757207890746,0.38557993730407525,-0.0031823652251677936,0.5833380353213339,0.5890622355131749,-0.005724200191841056,0.4320047066000814,0.4336208530490459,-0.0016161464489645172
Logistic Regression,volume_and_range,1.0,21,6666080564812479977,0.6295180722891566,0.6280120481927711,0.0015060240963854499,0.5657168650905603,0.5970208204028663,-0.03130395531230601,0.35944700460829493,0.37937743190661477,-0.01993042729831984,0.42162162162162165,0.527027027027027,-0.10540540540540533,0.3880597014925373,0.4411764705882353,-0.05311676909569796,0.6075156576200418,0.6148422953224624,-0.007326637702420591,0.4248495663195855,0.42803543572314806,-0.00318586940356258
Random Forest,volume_and_range,1.0,21,6666080564812479977,0.6935240963855421,0.6897590361445783,0.003765060240963791,0.5851972013767421,0.5825875980364498,0.0026096033402923657,0.4359861591695502,0.42857142857142855,0.007414730598121644,0.34054054054054056,0.34054054054054056,0.0,0.38239757207890746,0.3795180722891566,0.002879499789750828,0.5833380353213339,0.5857868306720081,-0.0024487953506742155,0.4320047066000814,0.43317177004751367,-0.0011670634474322816
Logistic Regression,volume_and_range,1.0,22,5566047453340790293,0.6295180722891566,0.6159638554216867,0.013554216867469826,0.5657168650905603,0.5753991987812447,-0.009682333690684386,0.35944700460829493,0.35943775100401604,9.253604278891547e-06,0.42162162162162165,0.4837837837837838,-0.06216216216216214,0.3880597014925373,0.41244239631336405,-0.024382694820826722,0.6075156576200418,0.5934971505952716,0.014018507024770144,0.4248495663195855,0.4138014841654834,0.011048082154102079
Random Forest,volume_and_range,1.0,22,5566047453340790293,0.6935240963855421,0.6867469879518072,0.006777108433734913,0.5851972013767421,0.5771821926310444,0.008015008745697716,0.4359861591695502,0.4206896551724138,0.01529650399713639,0.34054054054054056,0.32972972972972975,0.010810810810810811,0.38239757207890746,0.3696969696969697,0.012700602381937764,0.5833380353213339,0.5735964565818428,0.009741578739491108,0.4320047066000814,0.41859121372561003,0.013413492874471356
Logistic Regression,volume_and_range,1.0,23,18374887691722206517,0.6295180722891566,0.6114457831325302,0.018072289156626398,0.5657168650905603,0.5672910906731365,-0.0015742255825762497,0.35944700460829493,0.3516260162601626,0.00782098834813233,0.42162162162162165,0.46756756756756757,-0.04594594594594592,0.3880597014925373,0.4013921113689095,-0.013332409876372187,0.6075156576200418,0.6001636291824184,0.007352028437623392,0.4248495663195855,0.4139722185132971,0.010877347806288407
Random Forest,volume_and_range,1.0,23,18374887691722206517,0.6935240963855421,0.6882530120481928,0.005271084337349352,0.5851972013767421,0.5699317271342323,0.015265474242509791,0.4359861591695502,0.417910447761194,0.018075711408356177,0.34054054054054056,0.3027027027027027,0.03783783783783784,0.38239757207890746,0.3510971786833856,0.031300393395521875,0.5833380353213339,0.5720335157704677,0.011304519550866199,0.4320047066000814,0.4210411938603055,0.010963512739775916
Logistic Regression,volume_and_range,1.0,24,1585080373916930565,0.6295180722891566,0.6009036144578314,0.028614457831325213,0.5657168650905603,0.561643062686904,0.00407380240365629,0.35944700460829493,0.3431372549019608,0.016309749706334142,0.42162162162162165,0.47297297297297297,-0.051351351351351326,0.3880597014925373,0.3977272727272727,-0.009667571234735384,0.6075156576200418,0.5989505162782824,0.008565141341759341,0.4248495663195855,0.4147653028420199,0.01008426347756558
Random Forest,volume_and_range,1.0,24,1585080373916930565,0.6935240963855421,0.6814759036144579,0.012048192771084265,0.5851972013767421,0.5726993172713424,0.01249788410539976,0.4359861591695502,0.4101694915254237,0.02581666764412649,0.34054054054054056,0.327027027027027,0.013513513513513542,0.38239757207890746,0.36390977443609024,0.018487797642817216,0.5833380353213339,0.5778508153247193,0.005487219996614612,0.4320047066000814,0.42715797167074465,0.004846734929336738
Logistic Regression,volume_and_range,1.0,25,701617753700932408,0.6295180722891566,0.6129518072289156,0.016566265060240948,0.5657168650905603,0.5757998081588895,-0.010082943068329242,0.35944700460829493,0.35826771653543305,0.0011792880728618838,0.42162162162162165,0.4918918918918919,-0.07027027027027027,0.3880597014925373,0.4145785876993166,-0.02651888620677928,0.6075156576200418,0.5940613891553348,0.013454268464706987,0.4248495663195855,0.4147223720704538,0.010127194249131666
Random Forest,volume_and_range,1.0,25,701617753700932408,0.6935240963855421,0.6784638554216867,0.015060240963855387,0.5851972013767421,0.5689527732325227,0.016244428144219447,0.4359861591695502,0.4033898305084746,0.03259632866107559,0.34054054054054056,0.3216216216216216,0.018918918918918948,0.38239757207890746,0.35789473684210527,0.02450283523680219,0.5833380353213339,0.5791118885064606,0.004226146814873322,0.4320047066000814,0.42992280757571655,0.0020818990243648416
Logistic Regression,volume_and_range,1.0,26,11835607894688503707,0.6295180722891566,0.6189759036144579,0.010542168674698704,0.5657168650905603,0.5824634655532359,-0.01674660046267562,0.35944700460829493,0.36561264822134387,-0.006165643613048943,0.42162162162162165,0.5,-0.07837837837837835,0.3880597014925373,0.4223744292237443,-0.03431472773120697,0.6075156576200418,0.6057890876262484,0.001726569993793392,0.4248495663195855,0.424155372318688,0.0006941940008974856
Random Forest,volume_and_range,1.0,26,11835607894688503707,0.6935240963855421,0.6867469879518072,0.006777108433734913,0.5851972013767421,0.580499915364216,0.0046972860125261695,0.4359861591695502,0.4228187919463087,0.013167367223241466,0.34054054054054056,0.34054054054054056,0.0,0.38239757207890746,0.3772455089820359,0.005152063096871551,0.5833380353213339,0.591643626925464,-0.008305591604130136,0.4320047066000814,0.43937252448849007,-0.007367817888408679
Logistic Regression,volume_and_range,1.0,27,1614216605717874566,0.6295180722891566,0.6031626506024096,0.026355421686746983,0.5657168650905603,0.5607205326412007,0.004996332449359597,0.35944700460829493,0.34331337325349304,0.01613363135480189,0.42162162162162165,0.4648648648648649,-0.043243243243243246,0.3880597014925373,0.3949483352468427,-0.006888633754305373,0.6075156576200418,0.5903740901653218,0.017141567454719953,0.4248495663195855,0.4074472093815241,0.01740235693806136
Random Forest,volume_and_range,1.0,27,1614216605717874566,0.6935240963855421,0.6837349397590361,0.009789156626506035,0.5851972013767421,0.5759239406421035,0.009273260734638633,0.4359861591695502,0.4155405405405405,0.020445618629009676,0.34054054054054056,0.3324324324324324,0.008108108108108136,0.38239757207890746,0.36936936936936937,0.013028202709538084,0.5833380353213339,0.5801952265417819,0.0031428087795519755,0.4320047066000814,0.4291284319283002,0.0028762746717811982
Logistic Regression,volume_and_range,1.0,28,14758243618964599028,0.6295180722891566,0.6137048192771084,0.015813253012048167,0.5657168650905603,0.5738334367770693,-0.008116571686509033,0.35944700460829493,0.35728542914171657,0.002161575466578358,0.42162162162162165,0.4837837837837838,-0.06216216216216214,0.3880597014925373,0.41102181400688864,-0.02296211251435132,0.6075156576200418,0.6122609039101732,-0.0047452462901314,0.4248495663195855,0.42359835866663764,0.0012512076529478389
Random Forest,volume_and_range,1.0,28,14758243618964599028,0.6935240963855421,0.6784638554216867,0.015060240963855387,0.5851972013767421,0.5689527732325227,0.016244428144219447,0.4359861591695502,0.4033898305084746,0.03259632866107559,0.34054054054054056,0.3216216216216216,0.018918918918918948,0.38239757207890746,0.35789473684210527,0.02450283523680219,0.5833380353213339,0.5838063533261864,-0.0004683180048524749,0.4320047066000814,0.4213050442371079,0.010699662362973483
Logistic Regression,volume_and_range,1.0,29,13155408244157963427,0.6295180722891566,0.6189759036144579,0.010542168674698704,0.5657168650905603,0.5791457428200644,-0.013428877729504074,0.35944700460829493,0.3634538152610442,-0.004006810652749271,0.42162162162162165,0.4891891891891892,-0.06756756756756754,0.3880597014925373,0.41705069124423966,-0.028990989751702334,0.6075156576200418,0.5984455227670259,0.009070134853015888,0.4248495663195855,0.40860324869710873,0.016246317622476747
Random Forest,volume_and_range,1.0,29,13155408244157963427,0.6935240963855421,0.6882530120481928,0.005271084337349352,0.5851972013767421,0.5732494498674039,0.011947751509338245,0.4359861591695502,0.42028985507246375,0.015696304097086444,0.34054054054054056,0.31351351351351353,0.02702702702702703,0.38239757207890746,0.3591331269349845,0.02326444514392295,0.5833380353213339,0.5843621283078486,-0.0010240929865147352,0.4320047066000814,0.4275258659322822,0.004478840667799189
Logistic Regression,all_predictors,0.05,0,13390883176484900324,0.6295180722891566,0.6280120481927711,0.0015060240963854499,0.5657168650905603,0.5655024544377363,0.00021441065282401528,0.35944700460829493,0.3584474885844749,0.0009995160238200351,0.42162162162162165,0.4243243243243243,-0.002702702702702675,0.3880597014925373,0.3886138613861386,-0.0005541598936013026,0.6075156576200418,0.6069542402527789,0.0005614173672628953,0.4248495663195855,0.424351326912063,0.0004982394075224716
Random Forest,all_predictors,0.05,0,13390883176484900324,0.6935240963855421,0.6950301204819277,-0.001506024096385561,0.5851972013767421,0.5796055972465158,0.005591604130226302,0.4359861591695502,0.4354243542435424,0.0005618049260077695,0.34054054054054056,0.31891891891891894,0.021621621621621623,0.38239757207890746,0.36817472698907955,0.014222845089827907,0.5833380353213339,0.5794306832928963,0.003907352028437616,0.4320047066000814,0.42777784481242864,0.004226861787652747
Logistic Regression,all_predictors,0.05,1,5818870433586932922,0.6295180722891566,0.6295180722891566,0.0,0.5657168650905603,0.569034587823732,-0.0033177227331716574,0.35944700460829493,0.36199095022624433,-0.0025439456179494058,0.42162162162162165,0.43243243243243246,-0.010810810810810811,0.3880597014925373,0.39408866995073893,-0.006028968458201611,0.6075156576200418,0.6100067708627207,-0.0024911132426789218,0.4248495663195855,0.4276107578345614,-0.0027611915149758914
Random Forest,all_predictors,0.05,1,5818870433586932922,0.6935240963855421,0.7003012048192772,-0.006777108433735024,0.5851972013767421,0.5874061953393895,-0.0022089939626473987,0.4359861591695502,0.4489051094890511,-0.01291895031950091,0.34054054054054056,0.3324324324324324,0.008108108108108136,0.38239757207890746,0.38198757763975155,0.00040999443915590295,0.5833380353213339,0.5869858376121424,-0.0036478022908085217,0.4320047066000814,0.4353086203486956,-0.003303913748614218
Logistic Regression,all_predictors,0.05,2,7237384817125098459,0.6295180722891566,0.6325301204819277,-0.003012048192771122,0.5657168650905603,0.5744399932291373,-0.008723128138577008,0.35944700460829493,0.36771300448430494,-0.00826599987601001,0.42162162162162165,0.44324324324324327,-0.021621621621621623,0.3880597014925373,0.4019607843137255,-0.013901082821188182,0.6075156576200418,0.6092760819274389,-0.0017604243073970904,0.4248495663195855,0.42505181293510896,-0.00020224661552348255
Random Forest,all_predictors,0.05,2,7237384817125098459,0.6935240963855421,0.7033132530120482,-0.009789156626506035,0.5851972013767421,0.5969587541612593,-0.011761552784517182,0.4359861591695502,0.4583333333333333,-0.022347174163783123,0.34054054054054056,0.3567567567567568,-0.016216216216216217,0.38239757207890746,0.4012158054711246,-0.018818233392217165,0.5833380353213339,0.585865824070417,-0.002527788749083104,0.4320047066000814,0.4339008086708183,-0.001896102070736927
Logistic Regression,all_predictors,0.05,3,1660253530893234210,0.6295180722891566,0.6265060240963856,0.0030120481927710108,0.5657168650905603,0.5661174744682052,-0.00040060937764485605,0.35944700460829493,0.3581081081081081,0.0013388965001868147,0.42162162162162165,0.4297297297297297,-0.00810810810810808,0.3880597014925373,0.3906633906633907,-0.0026036891708533516,0.6075156576200418,0.6072222535688088,0.00029340405123301494,0.4248495663195855,0.42471254835617533,0.0001370179634101465
Random Forest,all_predictors,0.05,3,1660253530893234210,0.6935240963855421,0.6912650602409639,0.0022590361445782303,0.5851972013767421,0.581143147322688,0.004054054054054124,0.4359861591695502,0.43006993006993005,0.0059162290996201405,0.34054054054054056,0.3324324324324324,0.008108108108108136,0.38239757207890746,0.375,0.007397572078907455,0.5833380353213339,0.5820910681035942,0.0012469672177396474,0.4320047066000814,0.42978508130889703,0.0022196252911843573
Logistic Regression,all_predictors,0.05,4,11984758006263828324,0.6295180722891566,0.6280120481927711,0.0015060240963854499,0.5657168650905603,0.5688201771709078,-0.003103312080347531,0.35944700460829493,0.3609865470852018,-0.0015395424769068522,0.42162162162162165,0.43513513513513513,-0.013513513513513487,0.3880597014925373,0.3946078431372549,-0.0065481416447175644,0.6075156576200418,0.6050273655701631,0.00248829204987866,0.4248495663195855,0.4230339850931104,0.0018155812264750715
Random Forest,all_predictors,0.05,4,11984758006263828324,0.6935240963855421,0.6890060240963856,0.004518072289156572,0.5851972013767421,0.5762596625853411,0.008937538791401023,0.4359861591695502,0.4234875444839858,0.012498614685564402,0.34054054054054056,0.3216216216216216,0.018918918918918948,0.38239757207890746,0.3655913978494624,0.01680617422944508,0.5833380353213339,0.5851041020143317,-0.0017660666929978364,0.4320047066000814,0.4298859446845571,0.002118761915524292
Logistic Regression,all_predictors,0.05,5,14168881089139889717,0.6295180722891566,0.6325301204819277,-0.003012048192771122,0.5657168650905603,0.5711222704959658,-0.005405405405405461,0.35944700460829493,0.365296803652968,-0.005849799044673087,0.42162162162162165,0.43243243243243246,-0.010810810810810811,0.3880597014925373,0.39603960396039606,-0.007979902467858735,0.6075156576200418,0.6079162669976866,-0.00040060937764485605,0.4248495663195855,0.42460756161902413,0.00024200470056134904
Random Forest,all_predictors,0.05,5,14168881089139889717,0.6935240963855421,0.697289156626506,-0.0037650602409639022,0.5851972013767421,0.5853185126671556,-0.00012131129041348387,0.4359861591695502,0.44244604316546765,-0.006459883995917459,0.34054054054054056,0.3324324324324324,0.008108108108108136,0.38239757207890746,0.37962962962962965,0.002767942449277805,0.5833380353213339,0.5872510297353721,-0.003912994414038251,0.4320047066000814,0.4308672094318722,0.0011374971682092117
Logistic Regression,all_predictors,0.05,6,10296002113500885082,0.6295180722891566,0.6310240963855421,-0.001506024096385561,0.5657168650905603,0.5725667212097275,-0.006849856119167219,0.35944700460829493,0.3654708520179372,-0.006023847409642291,0.42162162162162165,0.44054054054054054,-0.018918918918918892,0.3880597014925373,0.39950980392156865,-0.011450102429031328,0.6075156576200418,0.606277153980703,0.0012385036393387505,0.4248495663195855,0.42361599086227636,0.0012335754573091218
Random Forest,all_predictors,0.05,6,10296002113500885082,0.6935240963855421,0.6875,0.0060240963855421326,0.5851972013767421,0.5735569598826384,0.011640241494103698,0.4359861591695502,0.41935483870967744,0.016631320459872756,0.34054054054054056,0.3162162162162162,0.024324324324324353,0.38239757207890746,0.3605546995377504,0.021842872541157077,0.5833380353213339,0.5867742481521188,-0.0034362128307848794,0.4320047066000814,0.4322429024689495,-0.0002381958688680852
Logistic Regression,all_predictors,0.05,7,8320678177075553635,0.6295180722891566,0.6317771084337349,-0.0022590361445783413,0.5657168650905603,0.5672826270947356,-0.0015657620041753528,0.35944700460829493,0.3619489559164733,-0.002501951308178374,0.42162162162162165,0.42162162162162165,0.0,0.3880597014925373,0.3895131086142322,-0.001453407121694894,0.6075156576200418,0.6085397506065564,-0.0010240929865146242,0.4248495663195855,0.4257222727444164,-0.0008727064248308936
Random Forest,all_predictors,0.05,7,8320678177075553635,0.6935240963855421,0.7070783132530121,-0.013554216867469937,0.5851972013767421,0.5904446199853297,-0.005247418608587573,0.4359861591695502,0.46360153256704983,-0.027615373397499643,0.34054054054054056,0.327027027027027,0.013513513513513542,0.38239757207890746,0.38351822503961963,-0.0011206529607121762,0.5833380353213339,0.589598262145235,-0.006260226823901149,0.4320047066000814,0.4337446335331715,-0.001739926933090108
Logistic Regression,all_predictors,0.05,8,18258965517925539583,0.6295180722891566,0.625,0.004518072289156572,0.5657168650905603,0.5634147717655025,0.002302093325057819,0.35944700460829493,0.3552036199095023,0.0042433846987926516,0.42162162162162165,0.4243243243243243,-0.002702702702702675,0.3880597014925373,0.3866995073891626,0.0013601941033747345,0.6075156576200418,0.6068949952039723,0.0006206624160695062,0.4248495663195855,0.4246019629142457,0.0002476034053398024
Random Forest,all_predictors,0.05,8,18258965517925539583,0.6935240963855421,0.6890060240963856,0.004518072289156572,0.5851972013767421,0.5779185239519269,0.00727867742481525,0.4359861591695502,0.4245614035087719,0.011424755660778274,0.34054054054054056,0.327027027027027,0.013513513513513542,0.38239757207890746,0.36946564885496186,0.012931923223945596,0.5833380353213339,0.5879591491282514,-0.004621113806917543,0.4320047066000814,0.4346577437556032,-0.002653037155521787
Logistic Regression,all_predictors,0.05,9,9217329510953616521,0.6295180722891566,0.6325301204819277,-0.003012048192771122,0.5657168650905603,0.5711222704959658,-0.005405405405405461,0.35944700460829493,0.365296803652968,-0.005849799044673087,0.42162162162162165,0.43243243243243246,-0.010810810810810811,0.3880597014925373,0.39603960396039606,-0.007979902467858735,0.6075156576200418,0.6058088359758506,0.0017068216441912254,0.4248495663195855,0.42354497019191445,0.0013045961276710316
Random Forest,all_predictors,0.05,9,9217329510953616521,0.6935240963855421,0.7010542168674698,-0.0075301204819276935,0.5851972013767421,0.5912458387406195,-0.006048637363877396,0.4359861591695502,0.45195729537366547,-0.015971136204115277,0.34054054054054056,0.34324324324324323,-0.002702702702702675,0.38239757207890746,0.3901689708141321,-0.007771398735224644,0.5833380353213339,0.5827991874964735,0.0005388478248603557,0.4320047066000814,0.43329585882357236,-0.0012911522234909656
Logistic Regression,all_predictors,0.05,10,2479811470832599113,0.6295180722891566,0.6302710843373494,-0.0007530120481927804,0.5657168650905603,0.5678976471252045,-0.002180782034644224,0.35944700460829493,0.36155606407322655,-0.0021090594649316174,0.42162162162162165,0.42702702702702705,-0.005405405405405406,0.3880597014925373,0.3915737298636927,-0.0035140283711553866,0.6075156576200418,0.6082914856401286,-0.0007758280200867995,0.4248495663195855,0.42518834392114163,-0.00033877760155615055
Random Forest,all_predictors,0.05,10,2479811470832599113,0.6935240963855421,0.697289156626506,-0.0037650602409639022,0.5851972013767421,0.5869773740337414,-0.001780172656999257,0.4359861591695502,0.4432624113475177,-0.007276252177967513,0.34054054054054056,0.33783783783783783,0.0027027027027027306,0.38239757207890746,0.3834355828220859,-0.0010380107431784413,0.5833380353213339,0.5886305930147266,-0.005292557693392763,0.4320047066000814,0.4330511432606341,-0.0010464366605527076
Logistic Regression,all_predictors,0.05,11,7690960923607694746,0.6295180722891566,0.6287650602409639,0.0007530120481926694,0.5657168650905603,0.5701715285222593,-0.00445466343169898,0.35944700460829493,0.3624161073825503,-0.0029691027742553833,0.42162162162162165,0.43783783783783786,-0.016216216216216217,0.3880597014925373,0.39657282741738065,-0.008513125924843323,0.6075156576200418,0.6087428764881792,-0.0012272188681373697,0.4248495663195855,0.4257197846028181,-0.0008702182832326377
Random Forest,all_predictors,0.05,11,7690960923607694746,0.6935240963855421,0.6950301204819277,-0.001506024096385561,0.5851972013767421,0.5845821813462733,0.0006150200304688713,0.4359861591695502,0.4381625441696113,-0.0021763850000611207,0.34054054054054056,0.33513513513513515,0.005405405405405406,0.38239757207890746,0.37978560490045943,0.002611967178448027,0.5833380353213339,0.5850899960503301,-0.0017519607289961936,0.4320047066000814,0.4286036312680728,0.003401075332008563
Logistic Regression,all_predictors,0.05,12,10241512895308579791,0.6295180722891566,0.6287650602409639,0.0007530120481926694,0.5657168650905603,0.5710009592055522,-0.005284094114991866,0.35944700460829493,0.36302895322939865,-0.0035819486211037255,0.42162162162162165,0.44054054054054054,-0.018918918918918892,0.3880597014925373,0.398046398046398,-0.009986696553860697,0.6075156576200418,0.6100744794899284,-0.0025588218698866516,0.4248495663195855,0.4253497753633291,-0.0005002090437435935
Random Forest,all_predictors,0.05,12,10241512895308579791,0.6935240963855421,0.6912650602409639,0.0022590361445782303,0.5851972013767421,0.581972578005981,0.003224623370761126,0.4359861591695502,0.4305555555555556,0.005430603613994611,0.34054054054054056,0.33513513513513515,0.005405405405405406,0.38239757207890746,0.3768996960486322,0.005497876030275239,0.5833380353213339,0.586356711617672,-0.0030186762963381186,0.4320047066000814,0.43081434388876017,0.0011903627113212245
Logistic Regression,all_predictors,0.05,13,11955761851255388993,0.6295180722891566,0.6370481927710844,-0.0075301204819278045,0.5657168650905603,0.5750832251876092,-0.009366360097048942,0.35944700460829493,0.3709677419354839,-0.011520737327188946,0.42162162162162165,0.43513513513513513,-0.013513513513513487,0.3880597014925373,0.40049751243781095,-0.01243781094527363,0.6075156576200418,0.6089262540201998,-0.0014105964001580595,0.4248495663195855,0.42552069052227887,-0.000671124202693385
Random Forest,all_predictors,0.05,13,11955761851255388993,0.6935240963855421,0.6912650602409639,0.0022590361445782303,0.5851972013767421,0.5761665632229307,0.009030638153811443,0.4359861591695502,0.42700729927007297,0.00897885989947722,0.34054054054054056,0.3162162162162162,0.024324324324324353,0.38239757207890746,0.36335403726708076,0.01904353481182669,0.5833380353213339,0.5810697963098799,0.0022682390114540096,0.4320047066000814,0.43239175477734876,-0.0003870481772673684
Logistic Regression,all_predictors,0.05,14,8449968713567133891,0.6295180722891566,0.6265060240963856,0.0030120481927710108,0.5657168650905603,0.5644586131016194,0.0012582519889409172,0.35944700460829493,0.3568181818181818,0.0026288227901131167,0.42162162162162165,0.4243243243243243,-0.002702702702702675,0.3880597014925373,0.38765432098765434,0.0004053805048829795,0.6075156576200418,0.606553630875134,0.0009620267449077513,0.4248495663195855,0.424142780656885,0.0007067856627004931
Random Forest,all_predictors,0.05,14,8449968713567133891,0.6935240963855421,0.6875,0.0060240963855421326,0.5851972013767421,0.5777041132991029,0.007493088077639265,0.4359861591695502,0.42214532871972316,0.013840830449827035,0.34054054054054056,0.32972972972972975,0.010810810810810811,0.38239757207890746,0.37025796661608495,0.0121396054628225,0.5833380353213339,0.5836314393725668,-0.0002934040512329039,0.4320047066000814,0.42813764536903587,0.003867061231045521
Logistic Regression,all_predictors,0.05,15,12334282444138023949,0.6295180722891566,0.6370481927710844,-0.0075301204819278045,0.5657168650905603,0.5767420865541951,-0.011025221463634827,0.35944700460829493,0.3721461187214612,-0.012699114113166265,0.42162162162162165,0.44054054054054054,-0.018918918918918892,0.3880597014925373,0.4034653465346535,-0.015405645042116167,0.6075156576200418,0.6068442137335666,0.0006714438864752204,0.4248495663195855,0.425125763897925,-0.00027619757833952097
Random Forest,all_predictors,0.05,15,12334282444138023949,0.6935240963855421,0.6927710843373494,0.0007530120481927804,0.5851972013767421,0.5788692659256334,0.006327935451108768,0.4359861591695502,0.4311594202898551,0.004826738879695092,0.34054054054054056,0.3216216216216216,0.018918918918918948,0.38239757207890746,0.3684210526315789,0.013976519447328528,0.5833380353213339,0.5800739152513683,0.0032641200699655704,0.4320047066000814,0.4277210993388685,0.004283607261212907
Logistic Regression,all_predictors,0.05,16,4467389147958610579,0.6295180722891566,0.6287650602409639,0.0007530120481926694,0.5657168650905603,0.5660243751057947,-0.00030751001523443566,0.35944700460829493,0.35926773455377575,0.0001792700545191761,0.42162162162162165,0.4243243243243243,-0.002702702702702675,0.3880597014925373,0.38909541511771994,-0.0010357136251826216,0.6075156576200418,0.6064746374767251,0.00104102014331664,0.4248495663195855,0.4244433455346122,0.00040622078497326575
Random Forest,all_predictors,0.05,16,4467389147958610579,0.6935240963855421,0.6905120481927711,0.0030120481927710108,0.5851972013767421,0.5764740732381651,0.008723128138577008,0.4359861591695502,0.4259927797833935,0.009993379386156687,0.34054054054054056,0.31891891891891894,0.021621621621621623,0.38239757207890746,0.36476043276661513,0.017637139312292327,0.5833380353213339,0.5770665237262315,0.006271511595102419,0.4320047066000814,0.4267449447368891,0.005259761863192269
Logistic Regression,all_predictors,0.05,17,9311364945268787875,0.6295180722891566,0.6302710843373494,-0.0007530120481927804,0.5657168650905603,0.5712153698583762,-0.005498504767815882,0.35944700460829493,0.36404494382022473,-0.004597939211929802,0.42162162162162165,0.43783783783783786,-0.016216216216216217,0.3880597014925373,0.39754601226993863,-0.009486310777401308,0.6075156576200418,0.6048044913389381,0.002711166281103683,0.4248495663195855,0.42293717412181764,0.0019123921977678426
Random Forest,all_predictors,0.05,17,9311364945268787875,0.6935240963855421,0.6905120481927711,0.0030120481927710108,0.5851972013767421,0.5781329346047509,0.007064266771991234,0.4359861591695502,0.42704626334519574,0.008939895824354449,0.34054054054054056,0.32432432432432434,0.016216216216216217,0.38239757207890746,0.3686635944700461,0.013733977608861359,0.5833380353213339,0.5820402866331884,0.0012977486881454725,0.4320047066000814,0.42914928830069865,0.0028554182993827393
Logistic Regression,all_predictors,0.05,18,13890149241190286044,0.6295180722891566,0.6219879518072289,0.0075301204819276935,0.5657168650905603,0.5629859504598544,0.0027309146307058496,0.35944700460829493,0.35333333333333333,0.006113671274961596,0.42162162162162165,0.4297297297297297,-0.00810810810810808,0.3880597014925373,0.3878048780487805,0.0002548234437568242,0.6075156576200418,0.6052982000789935,0.0022174575410482955,0.4248495663195855,0.42397028501494405,0.0008792813046414327
Random Forest,all_predictors,0.05,18,13890149241190286044,0.6935240963855421,0.6897590361445783,0.003765060240963791,0.5851972013767421,0.5751227218868138,0.010074479489928345,0.4359861591695502,0.42391304347826086,0.012073115691289327,0.34054054054054056,0.3162162162162162,0.024324324324324353,0.38239757207890746,0.3622291021671827,0.020168469911724773,0.5833380353213339,0.5884782486035095,-0.005140213282175621,0.4320047066000814,0.4305333377504902,0.0014713688495912036
Logistic Regression,all_predictors,0.05,19,9233068420121513772,0.6295180722891566,0.6317771084337349,-0.0022590361445783413,0.5657168650905603,0.5714297805112001,-0.005712915420639786,0.35944700460829493,0.36507936507936506,-0.00563236047107013,0.42162162162162165,0.43513513513513513,-0.013513513513513487,0.3880597014925373,0.3970406905055487,-0.008980989013011365,0.6075156576200418,0.6099052079219094,-0.0023895503018676045,0.4248495663195855,0.4274908015554698,-0.0026412352358843316
Random Forest,all_predictors,0.05,19,9233068420121513772,0.6935240963855421,0.6814759036144579,0.012048192771084265,0.5851972013767421,0.5718698865880494,0.013327314788692757,0.4359861591695502,0.40955631399317405,0.026429845176376143,0.34054054054054056,0.32432432432432434,0.016216216216216217,0.38239757207890746,0.36199095022624433,0.02040662185266312,0.5833380353213339,0.5823619026124245,0.0009761327089093941,0.4320047066000814,0.42860926029749646,0.0033954463025849257
Logistic Regression,all_predictors,0.05,20,8760735132325342118,0.6295180722891566,0.6332831325301205,-0.0037650602409639022,0.5657168650905603,0.5716441911640242,-0.005927326073463912,0.35944700460829493,0.36613272311212813,-0.0066857185038332045,0.42162162162162165,0.43243243243243246,-0.010810810810810811,0.3880597014925373,0.3965303593556382,-0.008470657863100861,0.6075156576200418,0.6085510353777577,-0.001035377757715894,0.4248495663195855,0.4252270085251034,-0.0003774422055179416
Random Forest,all_predictors,0.05,20,8760735132325342118,0.6935240963855421,0.697289156626506,-0.0037650602409639022,0.5851972013767421,0.5844890819838627,0.0007081193928794027,0.4359861591695502,0.4420289855072464,-0.0060428263376962055,0.34054054054054056,0.32972972972972975,0.010810810810810811,0.38239757207890746,0.37770897832817335,0.004688593750734105,0.5833380353213339,0.5768464706878069,0.006491564633526958,0.4320047066000814,0.4308057560802502,0.00119895051983121
Logistic Regression,all_predictors,0.05,21,6158305071571760363,0.6295180722891566,0.634789156626506,-0.005271084337349463,0.5657168650905603,0.5726880325001411,-0.006971167409580814,0.35944700460829493,0.367816091954023,-0.008369087345728055,0.42162162162162165,0.43243243243243246,-0.010810810810810811,0.3880597014925373,0.39751552795031053,-0.009455826457773209,0.6075156576200418,0.6064605315127236,0.0010551261073181717,0.4248495663195855,0.4255324329128105,-0.0006828665932250289
Random Forest,all_predictors,0.05,21,6158305071571760363,0.6935240963855421,0.6927710843373494,0.0007530120481927804,0.5851972013767421,0.5788692659256334,0.006327935451108768,0.4359861591695502,0.4311594202898551,0.004826738879695092,0.34054054054054056,0.3216216216216216,0.018918918918918948,0.38239757207890746,0.3684210526315789,0.013976519447328528,0.5833380353213339,0.585527280934379,-0.002189245613045121,0.4320047066000814,0.43178978046548755,0.00021492613459384025
Logistic Regression,all_predictors,0.05,22,9054260612064464888,0.6295180722891566,0.6340361445783133,-0.004518072289156683,0.5657168650905603,0.5688483890989111,-0.0031315240083508167,0.35944700460829493,0.3644859813084112,-0.005038976700116271,0.42162162162162165,0.42162162162162165,0.0,0.3880597014925373,0.39097744360902253,-0.0029177421164852113,0.6075156576200418,0.6070924786999944,0.00042317892004739566,0.4248495663195855,0.42418364964683253,0.0006659166727529531
Random Forest,all_predictors,0.05,22,9054260612064464888,0.6935240963855421,0.6927710843373494,0.0007530120481927804,0.5851972013767421,0.5805281272922191,0.004669074084522995,0.4359861591695502,0.43214285714285716,0.0038433020266930296,0.34054054054054056,0.327027027027027,0.013513513513513542,0.38239757207890746,0.3723076923076923,0.010089879771215171,0.5833380353213339,0.5876121424138125,-0.004274107092478663,0.4320047066000814,0.4343545590332399,-0.0023498524331584947
Logistic Regression,all_predictors,0.05,23,8535140489817031871,0.6295180722891566,0.6265060240963856,0.0030120481927710108,0.5657168650905603,0.5627997517350336,0.0029171133555266904,0.35944700460829493,0.3555045871559633,0.003942417452331648,0.42162162162162165,0.4189189189189189,0.0027027027027027306,0.3880597014925373,0.38461538461538464,0.0034443168771526866,0.6075156576200418,0.6081306776505107,-0.0006150200304688713,0.4248495663195855,0.42570219938731657,-0.00085263306773109
Random Forest,all_predictors,0.05,23,8535140489817031871,0.6935240963855421,0.7018072289156626,-0.008283132530120474,0.5851972013767421,0.5876206059922136,-0.002423404615471414,0.4359861591695502,0.45185185185185184,-0.015865692682301646,0.34054054054054056,0.32972972972972975,0.010810810810810811,0.38239757207890746,0.38125,0.0011475720789074773,0.5833380353213339,0.5849602211815155,-0.0016221858601815908,0.4320047066000814,0.4342916579543786,-0.002286951354297184
Logistic Regression,all_predictors,0.05,24,17871156813423044265,0.6295180722891566,0.6272590361445783,0.0022590361445782303,0.5657168650905603,0.5666393951362636,-0.000922530045703307,0.35944700460829493,0.35891647855530473,0.000530526052990199,0.42162162162162165,0.4297297297297297,-0.00810810810810808,0.3880597014925373,0.39114391143911437,-0.0030842099465770434,0.6075156576200418,0.6024713648930768,0.0050442927269649385,0.4248495663195855,0.4221383204983963,0.002711245821189201
Random Forest,all_predictors,0.05,24,17871156813423044265,0.6935240963855421,0.6852409638554217,0.008283132530120474,0.5851972013767421,0.5719911978784631,0.01320600349827905,0.4359861591695502,0.4148936170212766,0.021092542148273608,0.34054054054054056,0.3162162162162162,0.024324324324324353,0.38239757207890746,0.3588957055214724,0.02350186655743508,0.5833380353213339,0.5830559160413022,0.0002821192800316341,0.4320047066000814,0.42997333398861126,0.002031372611470128
Logistic Regression,all_predictors,0.05,25,5851082511749478519,0.6295180722891566,0.6234939759036144,0.0060240963855421326,0.5657168650905603,0.5656886531625571,2.8211928003174513e-05,0.35944700460829493,0.3561946902654867,0.0032523143428082046,0.42162162162162165,0.43513513513513513,-0.013513513513513487,0.3880597014925373,0.39172749391727496,-0.003667792424737637,0.6075156576200418,0.6065790216103369,0.0009366360097048387,0.4248495663195855,0.4245666969924347,0.00028286932715076984
Random Forest,all_predictors,0.05,25,5851082511749478519,0.6935240963855421,0.6980421686746988,-0.004518072289156683,0.5851972013767421,0.5841815719686283,0.0010156294081138384,0.4359861591695502,0.4432234432234432,-0.007237284053893012,0.34054054054054056,0.327027027027027,0.013513513513513542,0.38239757207890746,0.37636080870917576,0.00603676336973169,0.5833380353213339,0.5792529481464763,0.00408508717485756,0.4320047066000814,0.4280573939511065,0.00394731264897491
Logistic Regression,all_predictors,0.05,26,14786843289843857391,0.6295180722891566,0.6272590361445783,0.0022590361445782303,0.5657168650905603,0.5658099644529707,-9.309936241042038e-05,0.35944700460829493,0.35827664399092973,0.001170360617365196,0.42162162162162165,0.42702702702702705,-0.005405405405405406,0.3880597014925373,0.38964241676942046,-0.0015827152768831398,0.6075156576200418,0.6099672741635163,-0.0024516165434744774,0.4248495663195855,0.4246742337220286,0.00017533259755686537
Random Forest,all_predictors,0.05,26,14786843289843857391,0.6935240963855421,0.6905120481927711,0.0030120481927710108,0.5851972013767421,0.5797917959713367,0.005405405405405461,0.4359861591695502,0.4280701754385965,0.007915983730953702,0.34054054054054056,0.32972972972972975,0.010810810810810811,0.38239757207890746,0.37251908396946565,0.009878488109441808,0.5833380353213339,0.5851859166055409,-0.001847881284206987,0.4320047066000814,0.43242041548360177,-0.0004157088835203826
Logistic Regression,all_predictors,0.05,27,15769953862124979853,0.6295180722891566,0.6295180722891566,0.0,0.5657168650905603,0.5665462957738532,-0.0008294306832928866,0.35944700460829493,0.36009174311926606,-0.0006447385109711323,0.42162162162162165,0.4243243243243243,-0.002702702702702675,0.3880597014925373,0.38957816377171217,-0.001518462279174848,0.6075156576200418,0.6073097105456187,0.00020594707442311844,0.4248495663195855,0.427317081721871,-0.002467515402285514
Random Forest,all_predictors,0.05,27,15769953862124979853,0.6935240963855421,0.6957831325301205,-0.0022590361445783413,0.5851972013767421,0.5817863792811601,0.003410822095582078,0.4359861591695502,0.43795620437956206,-0.0019700452100118726,0.34054054054054056,0.32432432432432434,0.016216216216216217,0.38239757207890746,0.37267080745341613,0.009726764625491324,0.5833380353213339,0.5828499689668791,0.00048806635445475255,0.4320047066000814,0.43011676618062356,0.0018879404194578342
Logistic Regression,all_predictors,0.05,28,5223176014488615588,0.6295180722891566,0.6272590361445783,0.0022590361445782303,0.5657168650905603,0.5674688258195566,-0.0017519607289963046,0.35944700460829493,0.3595505617977528,-0.00010355718945787018,0.42162162162162165,0.43243243243243246,-0.010810810810810811,0.3880597014925373,0.39263803680981596,-0.004578335317278637,0.6075156576200418,0.6072730350392146,0.0002426225808271898,0.4248495663195855,0.4248998438398915,-5.027752030600796e-05
Random Forest,all_predictors,0.05,28,5223176014488615588,0.6935240963855421,0.6995481927710844,-0.006024096385542244,0.5851972013767421,0.5868842746713311,-0.0016870732945889477,0.4359861591695502,0.44727272727272727,-0.011286568103177075,0.34054054054054056,0.3324324324324324,0.008108108108108136,0.38239757207890746,0.3813953488372093,0.0010022232416981303,0.5833380353213339,0.5814280877955199,0.0019099475258139709,0.4320047066000814,0.43063250685349297,0.0013721997465884206
Logistic Regression,all_predictors,0.05,29,2825560152285700233,0.6295180722891566,0.6287650602409639,0.0007530120481926694,0.5657168650905603,0.5668538057890876,-0.0011369406985273223,0.35944700460829493,0.35990888382687924,-0.0004618792185843157,0.42162162162162165,0.42702702702702705,-0.005405405405405406,0.3880597014925373,0.39060568603213847,-0.0025459845396011427,0.6075156576200418,0.6066185183095413,0.0008971393105005054,0.4248495663195855,0.4251545018781444,-0.0003049355585589275
Random Forest,all_predictors,0.05,29,2825560152285700233,0.6935240963855421,0.6890060240963856,0.004518072289156572,0.5851972013767421,0.5737713705354623,0.011425830841279794,0.4359861591695502,0.4218181818181818,0.014167977351368377,0.34054054054054056,0.31351351351351353,0.02702702702702703,0.38239757207890746,0.35968992248062015,0.022707649598287305,0.5833380353213339,0.5802347232409863,0.003103312080347531,0.4320047066000814,0.42723908442325687,0.004765622176824524
Logistic Regression,all_predictors,0.1,0,13407068372351581385,0.6295180722891566,0.6310240963855421,-0.001506024096385561,0.5657168650905603,0.5709078598431416,-0.005190994752581335,0.35944700460829493,0.36425339366515835,-0.004806389056863425,0.42162162162162165,0.43513513513513513,-0.013513513513513487,0.3880597014925373,0.39655172413793105,-0.008492022645393726,0.6075156576200418,0.6061417367262879,0.0013739208937538772,0.4248495663195855,0.42558890835330865,-0.0007393420337231671
Random Forest,all_predictors,0.1,0,13407068372351581385,0.6935240963855421,0.697289156626506,-0.0037650602409639022,0.5851972013767421,0.5820007899339841,0.0031964114427580625,0.4359861591695502,0.44074074074074077,-0.004754581571190575,0.34054054054054056,0.3216216216216216,0.018918918918918948,0.38239757207890746,0.371875,0.010522572078907444,0.5833380353213339,0.5892089375387914,-0.005870902217457563,0.4320047066000814,0.43448328439694045,-0.0024785777968590605
Logistic Regression,all_predictors,0.1,1,781202911006350200,0.6295180722891566,0.6310240963855421,-0.001506024096385561,0.5657168650905603,0.5717372905264346,-0.0060204254358743325,0.35944700460829493,0.36486486486486486,-0.0054178602565699285,0.42162162162162165,0.43783783783783786,-0.016216216216216217,0.3880597014925373,0.39803439803439805,-0.009974696541860728,0.6075156576200418,0.6119957117869435,-0.00448005416690167,0.4248495663195855,0.42960731241252514,-0.004757746092939663
Random Forest,all_predictors,0.1,1,781202911006350200,0.6935240963855421,0.6950301204819277,-0.001506024096385561,0.5851972013767421,0.578776166563223,0.006421034813519189,0.4359861591695502,0.4349442379182156,0.0010419212513345655,0.34054054054054056,0.3162162162162162,0.024324324324324353,0.38239757207890746,0.36619718309859156,0.016200388980315894,0.5833380353213339,0.5889775997291654,-0.005639564407831532,0.4320047066000814,0.4353385043291176,-0.003333797729036192
Logistic Regression,all_predictors,0.1,2,13614327152890192403,0.6295180722891566,0.6302710843373494,-0.0007530120481927804,0.5657168650905603,0.5753625232748406,-0.009645658184280315,0.35944700460829493,0.367032967032967,-0.007585962424672077,0.42162162162162165,0.45135135135135135,-0.029729729729729704,0.3880597014925373,0.40484848484848485,-0.016788783355947523,0.6075156576200418,0.6097020820402866,-0.002186424420244859,0.4248495663195855,0.42457315895612013,0.00027640736346534744
Random Forest,all_predictors,0.1,2,13614327152890192403,0.6935240963855421,0.6942771084337349,-0.0007530120481927804,0.5851972013767421,0.5857191220448006,-0.0005219206680584509,0.4359861591695502,0.4375,-0.0015138408304498085,0.34054054054054056,0.34054054054054056,0.0,0.38239757207890746,0.3829787234042553,-0.0005811513253478617,0.5833380353213339,0.5981718670653953,-0.014833831744061388,0.4320047066000814,0.4392668136017951,-0.007262107001713702
Logistic Regression,all_predictors,0.1,3,15904186399746626627,0.6295180722891566,0.6174698795180723,0.012048192771084265,0.5657168650905603,0.5606838571347966,0.005033007955763669,0.35944700460829493,0.34934497816593885,0.010102026442356082,0.42162162162162165,0.43243243243243246,-0.010810810810810811,0.3880597014925373,0.3864734299516908,0.0015862715408465067,0.6075156576200418,0.6055154319246177,0.0020002256954241293,0.4248495663195855,0.42298652625736405,0.0018630400622214327
Random Forest,all_predictors,0.1,3,15904186399746626627,0.6935240963855421,0.6859939759036144,0.0075301204819276935,0.5851972013767421,0.5708542571799357,0.014342944196806484,0.4359861591695502,0.4151624548736462,0.020823704295903966,0.34054054054054056,0.3108108108108108,0.02972972972972976,0.38239757207890746,0.3554868624420402,0.026910709636867258,0.5833380353213339,0.5839728037014049,-0.000634768380071038,0.4320047066000814,0.4289037179450764,0.003100988655004966
Logistic Regression,all_predictors,0.1,4,10585155784465636045,0.6295180722891566,0.6265060240963856,0.0030120481927710108,0.5657168650905603,0.5710940585679625,-0.005377193477402176,0.35944700460829493,0.3618421052631579,-0.0023951006548629805,0.42162162162162165,0.44594594594594594,-0.024324324324324298,0.3880597014925373,0.39951573849878935,-0.011456037006252029,0.6075156576200418,0.6023331264458612,0.005182531174180549,0.4248495663195855,0.4206835793634458,0.004165986956139678
Random Forest,all_predictors,0.1,4,10585155784465636045,0.6935240963855421,0.6905120481927711,0.0030120481927710108,0.5851972013767421,0.5806212266546296,0.004575974722112575,0.4359861591695502,0.42857142857142855,0.007414730598121644,0.34054054054054056,0.3324324324324324,0.008108108108108136,0.38239757207890746,0.3744292237442922,0.007968348334615238,0.5833380353213339,0.5801952265417818,0.0031428087795520865,0.4320047066000814,0.42285126468559203,0.009153441914489358
Logistic Regression,all_predictors,0.1,5,4971559611427963794,0.6295180722891566,0.6272590361445783,0.0022590361445782303,0.5657168650905603,0.5716159792360209,-0.005899114145460627,0.35944700460829493,0.3626373626373626,-0.003190358029067697,0.42162162162162165,0.44594594594594594,-0.024324324324324298,0.3880597014925373,0.4,-0.011940298507462699,0.6075156576200418,0.6080742537945043,-0.0005585961744625223,0.4248495663195855,0.42385123382481055,0.000998332494774934
Random Forest,all_predictors,0.1,5,4971559611427963794,0.6935240963855421,0.7010542168674698,-0.0075301204819276935,0.5851972013767421,0.5862692546408621,-0.0010720532641199654,0.4359861591695502,0.44981412639405205,-0.013827967224501858,0.34054054054054056,0.327027027027027,0.013513513513513542,0.38239757207890746,0.37871674491392804,0.0036808271649794166,0.5833380353213339,0.5926677199119788,-0.009329684590644871,0.4320047066000814,0.4335939705813365,-0.0015892639812550846
Logistic Regression,all_predictors,0.1,6,2094818426566741741,0.6295180722891566,0.6265060240963856,0.0030120481927710108,0.5657168650905603,0.5710940585679625,-0.005377193477402176,0.35944700460829493,0.3618421052631579,-0.0023951006548629805,0.42162162162162165,0.44594594594594594,-0.024324324324324298,0.3880597014925373,0.39951573849878935,-0.011456037006252029,0.6075156576200418,0.6045110872877052,0.003004570332336587,0.4248495663195855,0.42231853916461115,0.00253102715497433
Random Forest,all_predictors,0.1,6,2094818426566741741,0.6935240963855421,0.6890060240963856,0.004518072289156572,0.5851972013767421,0.5754302319020482,0.00976696947469391,0.4359861591695502,0.4229390681003584,0.013047091069191774,0.34054054054054056,0.31891891891891894,0.021621621621621623,0.38239757207890746,0.36363636363636365,0.01876120844254381,0.5833380353213339,0.5920301303391073,-0.00869209501777346,0.4320047066000814,0.4340414004986566,-0.0020366938985751926
Logistic Regression,all_predictors,0.1,7,2431945600074769950,0.6295180722891566,0.6287650602409639,0.0007530120481926694,0.5657168650905603,0.5701715285222593,-0.00445466343169898,0.35944700460829493,0.3624161073825503,-0.0029691027742553833,0.42162162162162165,0.43783783783783786,-0.016216216216216217,0.3880597014925373,0.39657282741738065,-0.008513125924843323,0.6075156576200418,0.6094143203746544,-0.00189866275461259,0.4248495663195855,0.42658152672710375,-0.0017319604075182737
Random Forest,all_predictors,0.1,7,2431945600074769950,0.6935240963855421,0.7010542168674698,-0.0075301204819276935,0.5851972013767421,0.5862692546408621,-0.0010720532641199654,0.4359861591695502,0.44981412639405205,-0.013827967224501858,0.34054054054054056,0.327027027027027,0.013513513513513542,0.38239757207890746,0.37871674491392804,0.0036808271649794166,0.5833380353213339,0.5920865541951137,-0.00874851887377981,0.4320047066000814,0.43327836372471273,-0.0012736571246313444
Logistic Regression,all_predictors,0.1,8,439730984621631079,0.6295180722891566,0.6204819277108434,0.009036144578313143,0.5657168650905603,0.5602832477571518,0.005433617333408525,0.35944700460829493,0.35044642857142855,0.009000576036866381,0.42162162162162165,0.4243243243243243,-0.002702702702702675,0.3880597014925373,0.38386308068459657,0.004196620807940754,0.6075156576200418,0.605580319359025,0.0019353382610167724,0.4248495663195855,0.4245037966452506,0.0003457696743348615
Random Forest,all_predictors,0.1,8,439730984621631079,0.6935240963855421,0.6912650602409639,0.0022590361445782303,0.5851972013767421,0.5794842859561022,0.005712915420639897,0.4359861591695502,0.42907801418439717,0.00690814498515302,0.34054054054054056,0.327027027027027,0.013513513513513542,0.38239757207890746,0.37116564417177916,0.011231927907128292,0.5833380353213339,0.5963070586243864,-0.012969023303052496,0.4320047066000814,0.4391580261717002,-0.007153319571618799
Logistic Regression,all_predictors,0.1,9,10879653525826754803,0.6295180722891566,0.6265060240963856,0.0030120481927710108,0.5657168650905603,0.5686057665180838,-0.002888901427523516,0.35944700460829493,0.36,-0.0005529953917050578,0.42162162162162165,0.43783783783783786,-0.016216216216216217,0.3880597014925373,0.3951219512195122,-0.00706224972697489,0.6075156576200418,0.6040258421260509,0.0034898154939908554,0.4248495663195855,0.4242241517276063,0.0006254145919791787
Random Forest,all_predictors,0.1,9,10879653525826754803,0.6935240963855421,0.7025602409638554,-0.009036144578313254,0.5851972013767421,0.5922896800767364,-0.007092478699994298,0.4359861591695502,0.4551971326164875,-0.019210973446937285,0.34054054054054056,0.34324324324324323,-0.002702702702702675,0.38239757207890746,0.3913713405238829,-0.008973768444975438,0.5833380353213339,0.5812616374203013,0.002076397901032534,0.4320047066000814,0.43272702707623056,-0.0007223204761491742
Logistic Regression,all_predictors,0.1,10,7828248721243113670,0.6295180722891566,0.6302710843373494,-0.0007530120481927804,0.5657168650905603,0.5678976471252045,-0.002180782034644224,0.35944700460829493,0.36155606407322655,-0.0021090594649316174,0.42162162162162165,0.42702702702702705,-0.005405405405405406,0.3880597014925373,0.3915737298636927,-0.0035140283711553866,0.6075156576200418,0.608508717485753,-0.0009930598657111878,0.4248495663195855,0.42418660942751385,0.0006629568920716311
Random Forest,all_predictors,0.1,10,7828248721243113670,0.6935240963855421,0.6950301204819277,-0.001506024096385561,0.5851972013767421,0.5837527506629803,0.001444450713761869,0.4359861591695502,0.4377224199288256,-0.0017362607592754098,0.34054054054054056,0.3324324324324324,0.008108108108108136,0.38239757207890746,0.3778801843317972,0.004517387747110246,0.5833380353213339,0.5969926084748631,-0.013654573153529248,0.4320047066000814,0.43878376890551574,-0.006779062305434347
Logistic Regression,all_predictors,0.1,11,14236920905769873460,0.6295180722891566,0.6280120481927711,0.0015060240963854499,0.5657168650905603,0.5746261919539581,-0.008909326863397848,0.35944700460829493,0.3652173913043478,-0.005770386696052898,0.42162162162162165,0.4540540540540541,-0.032432432432432434,0.3880597014925373,0.40481927710843374,-0.016759575615896416,0.6075156576200418,0.6091688766010269,-0.0016532189809851383,0.4248495663195855,0.4262267983418545,-0.001377232022269026
Random Forest,all_predictors,0.1,11,14236920905769873460,0.6935240963855421,0.697289156626506,-0.0037650602409639022,0.5851972013767421,0.5869773740337414,-0.001780172656999257,0.4359861591695502,0.4432624113475177,-0.007276252177967513,0.34054054054054056,0.33783783783783783,0.0027027027027027306,0.38239757207890746,0.3834355828220859,-0.0010380107431784413,0.5833380353213339,0.5860040625176325,-0.0026660271962986037,0.4320047066000814,0.42816762951372817,0.0038370770863532244
Logistic Regression,all_predictors,0.1,12,4938633819176283123,0.6295180722891566,0.6212349397590361,0.008283132530120474,0.5657168650905603,0.5682700445748463,-0.0025531794842860167,0.35944700460829493,0.35698924731182796,0.002457757296466967,0.42162162162162165,0.4486486486486487,-0.02702702702702703,0.3880597014925373,0.3976047904191617,-0.009545088926624368,0.6075156576200418,0.6117248772781132,-0.004209219658071417,0.4248495663195855,0.4273764796012717,-0.002526913281686194
Random Forest,all_predictors,0.1,12,4938633819176283123,0.6935240963855421,0.6920180722891566,0.001506024096385561,0.5851972013767421,0.5808356373074536,0.004361564069288559,0.4359861591695502,0.43109540636042404,0.004890752809126153,0.34054054054054056,0.32972972972972975,0.010810810810810811,0.38239757207890746,0.37366003062787134,0.008737541451036113,0.5833380353213339,0.5953817073858827,-0.012043672064548816,0.4320047066000814,0.4371652090662549,-0.0051605024661735
Logistic Regression,all_predictors,0.1,13,4052274308107643152,0.6295180722891566,0.6310240963855421,-0.001506024096385561,0.5657168650905603,0.5742255825763133,-0.008508717485752992,0.35944700460829493,0.36666666666666664,-0.007219662058371712,0.42162162162162165,0.44594594594594594,-0.024324324324324298,0.3880597014925373,0.4024390243902439,-0.014379322897706603,0.6075156576200418,0.6106669299779947,-0.0031512723579528723,0.4248495663195855,0.42666745164118114,-0.001817885321595658
Random Forest,all_predictors,0.1,13,4052274308107643152,0.6935240963855421,0.7055722891566265,-0.012048192771084376,0.5851972013767421,0.5860830559160413,-0.0008858545392991246,0.4359861591695502,0.4588235294117647,-0.022837370242214494,0.34054054054054056,0.3162162162162162,0.024324324324324353,0.38239757207890746,0.3744,0.007997572078907444,0.5833380353213339,0.590740845229363,-0.0074028099080291065,0.4320047066000814,0.4346379896095788,-0.002633283009497389
Logistic Regression,all_predictors,0.1,14,8420810926408034831,0.6295180722891566,0.6287650602409639,0.0007530120481926694,0.5657168650905603,0.5710009592055522,-0.005284094114991866,0.35944700460829493,0.36302895322939865,-0.0035819486211037255,0.42162162162162165,0.44054054054054054,-0.018918918918918892,0.3880597014925373,0.398046398046398,-0.009986696553860697,0.6075156576200418,0.6052022795237826,0.0023133780962592,0.4248495663195855,0.42240746083837916,0.0024421054812063248
Random Forest,all_predictors,0.1,14,8420810926408034831,0.6935240963855421,0.6927710843373494,0.0007530120481927804,0.5851972013767421,0.5763809738757546,0.008816227500987539,0.4359861591695502,0.42962962962962964,0.006356529539920552,0.34054054054054056,0.31351351351351353,0.02702702702702703,0.38239757207890746,0.3625,0.019897572078907466,0.5833380353213339,0.5905151498053376,-0.0071771144840037104,0.4320047066000814,0.4284370005173477,0.0035677060827337126
Logistic Regression,all_predictors,0.1,15,9647193947915628268,0.6295180722891566,0.6280120481927711,0.0015060240963854499,0.5657168650905603,0.5746261919539581,-0.008909326863397848,0.35944700460829493,0.3652173913043478,-0.005770386696052898,0.42162162162162165,0.4540540540540541,-0.032432432432432434,0.3880597014925373,0.40481927710843374,-0.016759575615896416,0.6075156576200418,0.6063166506799075,0.0011990069401343062,0.4248495663195855,0.4259831608807925,-0.0011335945612070408
Random Forest,all_predictors,0.1,15,9647193947915628268,0.6935240963855421,0.6927710843373494,0.0007530120481927804,0.5851972013767421,0.5755515431924618,0.009645658184280315,0.4359861591695502,0.4291044776119403,0.0068816815576098755,0.34054054054054056,0.3108108108108108,0.02972972972972976,0.38239757207890746,0.3605015673981191,0.02189600468078834,0.5833380353213339,0.5919088190486939,-0.008570783727359976,0.4320047066000814,0.433014726045028,-0.0010100194449466082
Logistic Regression,all_predictors,0.1,16,8508171400597070892,0.6295180722891566,0.6219879518072289,0.0075301204819276935,0.5657168650905603,0.55883879704339,0.006878068047170283,0.35944700460829493,0.35,0.009447004608294951,0.42162162162162165,0.41621621621621624,0.005405405405405406,0.3880597014925373,0.3802469135802469,0.007812787912290398,0.6075156576200418,0.6056198160582295,0.001895841561812328,0.4248495663195855,0.4246750200257875,0.0001745462937979836
Random Forest,all_predictors,0.1,16,8508171400597070892,0.6935240963855421,0.6859939759036144,0.0075301204819276935,0.5851972013767421,0.5716836878632285,0.013513513513513598,0.4359861591695502,0.4157706093189964,0.020215549850553793,0.34054054054054056,0.31351351351351353,0.02702702702702703,0.38239757207890746,0.3574730354391371,0.024924536639770345,0.5833380353213339,0.578652034080009,0.0046860012413249,0.4320047066000814,0.4238176952162876,0.008187011383793796
Logistic Regression,all_predictors,0.1,17,16154502401368041811,0.6295180722891566,0.6325301204819277,-0.003012048192771122,0.5657168650905603,0.5760988545957231,-0.01038198950516278,0.35944700460829493,0.3688888888888889,-0.009441884280593948,0.42162162162162165,0.4486486486486487,-0.02702702702702703,0.3880597014925373,0.40487804878048783,-0.016818347287950508,0.6075156576200418,0.6016475765953846,0.00586808102465719,0.4248495663195855,0.4207106078916309,0.004138958427954587
Random Forest,all_predictors,0.1,17,16154502401368041811,0.6935240963855421,0.6935240963855421,0.0,0.5851972013767421,0.5785617559103989,0.006635445466343204,0.4359861591695502,0.43223443223443225,0.0037517269351179383,0.34054054054054056,0.31891891891891894,0.021621621621621623,0.38239757207890746,0.36702954898911355,0.015368023089793903,0.5833380353213339,0.5850758900863284,-0.0017378547649945508,0.4320047066000814,0.4316208927241212,0.0003838138759602039
Logistic Regression,all_predictors,0.1,18,16192199275946116767,0.6295180722891566,0.6265060240963856,0.0030120481927710108,0.5657168650905603,0.5719234892512555,-0.006206624160695173,0.35944700460829493,0.3624454148471616,-0.0029984102388666556,0.42162162162162165,0.4486486486486487,-0.02702702702702703,0.3880597014925373,0.40096618357487923,-0.012906482082341908,0.6075156576200418,0.6022259211194493,0.005289736500592501,0.4248495663195855,0.42179368887099944,0.003055877448586042
Random Forest,all_predictors,0.1,18,16192199275946116767,0.6935240963855421,0.6905120481927711,0.0030120481927710108,0.5851972013767421,0.5739857811882864,0.011211420188455778,0.4359861591695502,0.42435424354243545,0.011631915627114742,0.34054054054054056,0.3108108108108108,0.02972972972972976,0.38239757207890746,0.358814352574103,0.023583219504804465,0.5833380353213339,0.5869378773345371,-0.0035998420132031805,0.4320047066000814,0.4266117628603192,0.005392943739762179
Logistic Regression,all_predictors,0.1,19,8818059362908698738,0.6295180722891566,0.6310240963855421,-0.001506024096385561,0.5657168650905603,0.5733961518930204,-0.007679286802460106,0.35944700460829493,0.36607142857142855,-0.006624423963133619,0.42162162162162165,0.44324324324324327,-0.021621621621621623,0.3880597014925373,0.40097799511002447,-0.012918293617487142,0.6075156576200418,0.611750268013316,-0.0042346103932742185,0.4248495663195855,0.42899472129428695,-0.00414515497470147
Random Forest,all_predictors,0.1,19,8818059362908698738,0.6935240963855421,0.6852409638554217,0.008283132530120474,0.5851972013767421,0.5719911978784631,0.01320600349827905,0.4359861591695502,0.4148936170212766,0.021092542148273608,0.34054054054054056,0.3162162162162162,0.024324324324324353,0.38239757207890746,0.3588957055214724,0.02350186655743508,0.5833380353213339,0.5851802742199402,-0.001842238898606352,0.4320047066000814,0.4292029468800739,0.002801759720007513
Logistic Regression,all_predictors,0.1,20,4444299798731448714,0.6295180722891566,0.6257530120481928,0.003765060240963791,0.5657168650905603,0.5664249844834396,-0.0007081193928792917,0.35944700460829493,0.3579418344519016,0.0015051701563933428,0.42162162162162165,0.43243243243243246,-0.010810810810810811,0.3880597014925373,0.39167686658506734,-0.003617165092530017,0.6075156576200418,0.609259154770637,-0.0017434971505951857,0.4248495663195855,0.42580778483197224,-0.0009582185123867548
Random Forest,all_predictors,0.1,20,4444299798731448714,0.6935240963855421,0.6950301204819277,-0.001506024096385561,0.5851972013767421,0.5845821813462733,0.0006150200304688713,0.4359861591695502,0.4381625441696113,-0.0021763850000611207,0.34054054054054056,0.33513513513513515,0.005405405405405406,0.38239757207890746,0.37978560490045943,0.002611967178448027,0.5833380353213339,0.589775997291655,-0.006437961970321093,0.4320047066000814,0.43983572110084274,-0.007831014500761346
Logistic Regression,all_predictors,0.1,21,398393750339180168,0.6295180722891566,0.6272590361445783,0.0022590361445782303,0.5657168650905603,0.5674688258195566,-0.0017519607289963046,0.35944700460829493,0.3595505617977528,-0.00010355718945787018,0.42162162162162165,0.43243243243243246,-0.010810810810810811,0.3880597014925373,0.39263803680981596,-0.004578335317278637,0.6075156576200418,0.6051740675957795,0.0023415900242622634,0.4248495663195855,0.4246418892666176,0.00020767705296786954
Random Forest,all_predictors,0.1,21,398393750339180168,0.6935240963855421,0.6927710843373494,0.0007530120481927804,0.5851972013767421,0.5763809738757546,0.008816227500987539,0.4359861591695502,0.42962962962962964,0.006356529539920552,0.34054054054054056,0.31351351351351353,0.02702702702702703,0.38239757207890746,0.3625,0.019897572078907466,0.5833380353213339,0.5932714551712464,-0.009933419849912473,0.4320047066000814,0.43473217264643305,-0.0027274660463516565
Logistic Regression,all_predictors,0.1,22,2909786232899643202,0.6295180722891566,0.6370481927710844,-0.0075301204819278045,0.5657168650905603,0.577571517237488,-0.011854652146927713,0.35944700460829493,0.37272727272727274,-0.013280268118977812,0.42162162162162165,0.44324324324324327,-0.021621621621621623,0.3880597014925373,0.4049382716049383,-0.01687857011240096,0.6075156576200418,0.6062715115951024,0.0012441460249393854,0.4248495663195855,0.4226433567450144,0.002206209574571072
Random Forest,all_predictors,0.1,22,2909786232899643202,0.6935240963855421,0.6920180722891566,0.001506024096385561,0.5851972013767421,0.5808356373074536,0.004361564069288559,0.4359861591695502,0.43109540636042404,0.004890752809126153,0.34054054054054056,0.32972972972972975,0.010810810810810811,0.38239757207890746,0.37366003062787134,0.008737541451036113,0.5833380353213339,0.5911865936918128,-0.00784855837047893,0.4320047066000814,0.434479653982092,-0.002474947382010595
Logistic Regression,all_predictors,0.1,23,6848198784172249697,0.6295180722891566,0.6227409638554217,0.006777108433734913,0.5657168650905603,0.5643373018112058,0.001379563279354512,0.35944700460829493,0.35476718403547675,0.004679820572818183,0.42162162162162165,0.43243243243243246,-0.010810810810810811,0.3880597014925373,0.38976857490864797,-0.0017088734161106456,0.6075156576200418,0.60830277041133,-0.0007871127912881803,0.4248495663195855,0.4283873850919354,-0.003537818772349932
Random Forest,all_predictors,0.1,23,6848198784172249697,0.6935240963855421,0.6957831325301205,-0.0022590361445783413,0.5851972013767421,0.5792980872312814,0.005899114145460738,0.4359861591695502,0.43656716417910446,-0.0005810050095542696,0.34054054054054056,0.3162162162162162,0.024324324324324353,0.38239757207890746,0.3667711598746082,0.015626412204299278,0.5833380353213339,0.587045082660949,-0.0037070473396151327,0.4320047066000814,0.433876946183932,-0.0018722395838506323
Logistic Regression,all_predictors,0.1,24,7264421703560294733,0.6295180722891566,0.625,0.004518072289156572,0.5657168650905603,0.5642442024487954,0.0014726626417649324,0.35944700460829493,0.35585585585585583,0.0035911487524390995,0.42162162162162165,0.42702702702702705,-0.005405405405405406,0.3880597014925373,0.3882063882063882,-0.00014668671385087428,0.6075156576200418,0.5973734695029058,0.010142188117135964,0.4248495663195855,0.42037929216810543,0.004470274151480047
Random Forest,all_predictors,0.1,24,7264421703560294733,0.6935240963855421,0.6875,0.0060240963855421326,0.5851972013767421,0.5743863905659313,0.010810810810810811,0.4359861591695502,0.4199288256227758,0.01605733354677441,0.34054054054054056,0.31891891891891894,0.021621621621621623,0.38239757207890746,0.36251920122887865,0.019878370850028804,0.5833380353213339,0.5763725102973537,0.006965525023980179,0.4320047066000814,0.4258368439453649,0.006167862654716472
Logistic Regression,all_predictors,0.1,25,12796172311292277360,0.6295180722891566,0.6219879518072289,0.0075301204819276935,0.5657168650905603,0.567133103876319,-0.0014162387857586944,0.35944700460829493,0.3565217391304348,0.0029252654778601506,0.42162162162162165,0.44324324324324327,-0.021621621621621623,0.3880597014925373,0.39518072289156625,-0.007121021399028926,0.6075156576200418,0.6057185578062405,0.0017970998138012728,0.4248495663195855,0.4263243849195277,-0.0014748185999421959
Random Forest,all_predictors,0.1,25,12796172311292277360,0.6935240963855421,0.6980421686746988,-0.004518072289156683,0.5851972013767421,0.5816932799187496,0.003503921457992498,0.4359861591695502,0.4419475655430712,-0.005961406373520994,0.34054054054054056,0.31891891891891894,0.021621621621621623,0.38239757207890746,0.3704866562009419,0.011910915877965556,0.5833380353213339,0.5842690289454381,-0.0009309936241042038,0.4320047066000814,0.4299785280061989,0.0020261785938824883
Logistic Regression,all_predictors,0.1,26,3235542032172752640,0.6295180722891566,0.6295180722891566,0.0,0.5657168650905603,0.5740111719234893,-0.008294306832928977,0.35944700460829493,0.3656387665198238,-0.00619176191152887,0.42162162162162165,0.4486486486486487,-0.02702702702702703,0.3880597014925373,0.4029126213592233,-0.014852919866685965,0.6075156576200418,0.6118546521469277,-0.004338994526885909,0.4248495663195855,0.4240875902092438,0.0007619761103416778
Random Forest,all_predictors,0.1,26,3235542032172752640,0.6935240963855421,0.6905120481927711,0.0030120481927710108,0.5851972013767421,0.5789623652880438,0.006234836088698348,0.4359861591695502,0.4275618374558304,0.008424321713719818,0.34054054054054056,0.327027027027027,0.013513513513513542,0.38239757207890746,0.37059724349157736,0.0118003285873301,0.5833380353213339,0.5838148169045873,-0.0004767815832533717,0.4320047066000814,0.42966196038149235,0.0023427462185890424
Logistic Regression,all_predictors,0.1,27,11587445623683612557,0.6295180722891566,0.6242469879518072,0.005271084337349352,0.5657168650905603,0.5670400045139085,-0.001323139423348163,0.35944700460829493,0.3576158940397351,0.001831110568559835,0.42162162162162165,0.43783783783783786,-0.016216216216216217,0.3880597014925373,0.393681652490887,-0.005621950998349667,0.6075156576200418,0.6071404389775997,0.0003752186424420545,0.4248495663195855,0.43037202172816297,-0.005522455408577487
Random Forest,all_predictors,0.1,27,11587445623683612557,0.6935240963855421,0.697289156626506,-0.0037650602409639022,0.5851972013767421,0.5820007899339841,0.0031964114427580625,0.4359861591695502,0.44074074074074077,-0.004754581571190575,0.34054054054054056,0.3216216216216216,0.018918918918918948,0.38239757207890746,0.371875,0.010522572078907444,0.5833380353213339,0.594320938892964,-0.01098290357163012,0.4320047066000814,0.43244068348350806,-0.00043597688342666974
Logistic Regression,all_predictors,0.1,28,9206423459725024172,0.6295180722891566,0.6280120481927711,0.0015060240963854499,0.5657168650905603,0.5729673305873724,-0.007250465496812075,0.35944700460829493,0.36403508771929827,-0.004588083111003338,0.42162162162162165,0.4486486486486487,-0.02702702702702703,0.3880597014925373,0.4019370460048426,-0.013877344512305267,0.6075156576200418,0.6065705580319359,0.0009450995881058466,0.4248495663195855,0.4246721145209146,0.00017745179867090233
Random Forest,all_predictors,0.1,28,9206423459725024172,0.6935240963855421,0.6995481927710844,-0.006024096385542244,0.5851972013767421,0.5835665519381594,0.0016306494385827097,0.4359861591695502,0.44569288389513106,-0.009706724725580873,0.34054054054054056,0.3216216216216216,0.018918918918918948,0.38239757207890746,0.37362637362637363,0.008771198452533824,0.5833380353213339,0.5863115725328668,-0.0029735372115329284,0.4320047066000814,0.43823980292875125,-0.006235096328669865
Logistic Regression,all_predictors,0.1,29,2085047699413140456,0.6295180722891566,0.6362951807228916,-0.006777108433735024,0.5657168650905603,0.5778790272527224,-0.012162162162162149,0.35944700460829493,0.3724604966139955,-0.013013492005700567,0.42162162162162165,0.44594594594594594,-0.024324324324324298,0.3880597014925373,0.4059040590405904,-0.01784435754805308,0.6075156576200418,0.6056423856006319,0.0018732720194098995,0.4248495663195855,0.42479526467098605,5.430164859943076e-05
Random Forest,all_predictors,0.1,29,2085047699413140456,0.6935240963855421,0.6882530120481928,0.005271084337349352,0.5851972013767421,0.5715905885008181,0.013606612875924018,0.4359861591695502,0.41911764705882354,0.016868512110726652,0.34054054054054056,0.3081081081081081,0.032432432432432434,0.38239757207890746,0.35514018691588783,0.02725738516301962,0.5833380353213339,0.576482536816566,0.006855498504767854,0.4320047066000814,0.42527754835207493,0.0067271582480064596
Logistic Regression,all_predictors,0.2,0,15559632931454471187,0.6295180722891566,0.6189759036144579,0.010542168674698704,0.5657168650905603,0.5675337132539637,-0.0018168481634034395,0.35944700460829493,0.3553191489361702,0.004127855672124703,0.42162162162162165,0.45135135135135135,-0.029729729729729704,0.3880597014925373,0.3976190476190476,-0.00955934612651027,0.6075156576200418,0.6042261468148733,0.003289510805168483,0.4248495663195855,0.42259409877826337,0.0022554675413221092
Random Forest,all_predictors,0.2,0,15559632931454471187,0.6935240963855421,0.7070783132530121,-0.013554216867469937,0.5851972013767421,0.5879563279354512,-0.002759126558709024,0.4359861591695502,0.4627450980392157,-0.026758938869665516,0.34054054054054056,0.31891891891891894,0.021621621621621623,0.38239757207890746,0.3776,0.004797572078907464,0.5833380353213339,0.5916803024318682,-0.008342267110534318,0.4320047066000814,0.43566411958890633,-0.0036594129888249394
Logistic Regression,all_predictors,0.2,1,11256787880151351275,0.6295180722891566,0.6378012048192772,-0.008283132530120585,0.5657168650905603,0.589705467471647,-0.023988602381086688,0.35944700460829493,0.3811563169164882,-0.021709312308193285,0.42162162162162165,0.4810810810810811,-0.05945945945945946,0.3880597014925373,0.4253285543608124,-0.03726885286827508,0.6075156576200418,0.6138971957343564,-0.006381538114314633,0.4248495663195855,0.4315470247345346,-0.00669745841494912
Random Forest,all_predictors,0.2,1,11256787880151351275,0.6935240963855421,0.7018072289156626,-0.008283132530120474,0.5851972013767421,0.5901088980420922,-0.004911696665350074,0.4359861591695502,0.4528985507246377,-0.016912391555087503,0.34054054054054056,0.33783783783783783,0.0027027027027027306,0.38239757207890746,0.38699690402476783,-0.004599331945860374,0.5833380353213339,0.5941403825537437,-0.010802347232409804,0.4320047066000814,0.4368956877858372,-0.004890981185755816
Logistic Regression,all_predictors,0.2,2,3160503580696030363,0.6295180722891566,0.6272590361445783,0.0022590361445782303,0.5657168650905603,0.5807397167522428,-0.01502285166168249,0.35944700460829493,0.3689727463312369,-0.00952574172294196,0.42162162162162165,0.4756756756756757,-0.05405405405405406,0.3880597014925373,0.4155844155844156,-0.02752471409187829,0.6075156576200418,0.610080121875529,-0.0025644642554871755,0.4248495663195855,0.4234232625482679,0.001426303771317583
Random Forest,all_predictors,0.2,2,3160503580696030363,0.6935240963855421,0.704066265060241,-0.010542168674698815,0.5851972013767421,0.5900157986796818,-0.004818597302939653,0.4359861591695502,0.45724907063197023,-0.021262911462420042,0.34054054054054056,0.3324324324324324,0.008108108108108136,0.38239757207890746,0.38497652582159625,-0.0025789537426887943,0.5833380353213339,0.6041330474524629,-0.020795012131128998,0.4320047066000814,0.4429638757439176,-0.010959169143836212
Logistic Regression,all_predictors,0.2,3,17468986864500614604,0.6295180722891566,0.6219879518072289,0.0075301204819276935,0.5657168650905603,0.567133103876319,-0.0014162387857586944,0.35944700460829493,0.3565217391304348,0.0029252654778601506,0.42162162162162165,0.44324324324324327,-0.021621621621621623,0.3880597014925373,0.39518072289156625,-0.007121021399028926,0.6075156576200418,0.601447271906562,0.006068385713479785,0.4248495663195855,0.41820943864920185,0.006640127670383633
Random Forest,all_predictors,0.2,3,17468986864500614604,0.6935240963855421,0.6980421686746988,-0.004518072289156683,0.5851972013767421,0.5825227106020425,0.0026744907746996116,0.4359861591695502,0.4423791821561338,-0.0063930229865836186,0.34054054054054056,0.3216216216216216,0.018918918918918948,0.38239757207890746,0.37245696400625977,0.009940608072647683,0.5833380353213339,0.5882610167578852,-0.004922981436551344,0.4320047066000814,0.4352922855965041,-0.0032875789964227353
Logistic Regression,all_predictors,0.2,4,2929051481824212675,0.6295180722891566,0.6159638554216867,0.013554216867469826,0.5657168650905603,0.5621283078485584,0.0035885572420019107,0.35944700460829493,0.3497854077253219,0.009661596882973023,0.42162162162162165,0.44054054054054054,-0.018918918918918892,0.3880597014925373,0.38995215311004783,-0.0018924516175105044,0.6075156576200418,0.5970603171020707,0.010455340517971035,0.4248495663195855,0.4130895875540134,0.011759978765572054
Random Forest,all_predictors,0.2,4,2929051481824212675,0.6935240963855421,0.6875,0.0060240963855421326,0.5851972013767421,0.5743863905659313,0.010810810810810811,0.4359861591695502,0.4199288256227758,0.01605733354677441,0.34054054054054056,0.31891891891891894,0.021621621621621623,0.38239757207890746,0.36251920122887865,0.019878370850028804,0.5833380353213339,0.5867657845737178,-0.0034277492523838715,0.4320047066000814,0.4246607311753336,0.007343975424747795
Logistic Regression,all_predictors,0.2,5,10934886530510213323,0.6295180722891566,0.6182228915662651,0.011295180722891485,0.5657168650905603,0.5678412232691983,-0.002124358178637986,0.35944700460829493,0.35517970401691334,0.004267300591381584,0.42162162162162165,0.4540540540540541,-0.032432432432432434,0.3880597014925373,0.398576512455516,-0.010516810962978684,0.6075156576200418,0.606009140664673,0.0015065169553687419,0.4248495663195855,0.4204534306630341,0.004396135656551392
Random Forest,all_predictors,0.2,5,10934886530510213323,0.6935240963855421,0.6987951807228916,-0.005271084337349463,0.5851972013767421,0.5822152005868081,0.0029820007899340473,0.4359861591695502,0.44360902255639095,-0.007622863386840761,0.34054054054054056,0.31891891891891894,0.021621621621621623,0.38239757207890746,0.3710691823899371,0.011328389688970375,0.5833380353213339,0.5917339050950743,-0.008395869773740405,0.4320047066000814,0.4320492050179292,-4.449841784781583e-05
Logistic Regression,all_predictors,0.2,6,17372688818447542592,0.6295180722891566,0.6137048192771084,0.015813253012048167,0.5657168650905603,0.560562545844383,0.0051543192461772636,0.35944700460829493,0.34754797441364604,0.011899030194648885,0.42162162162162165,0.44054054054054054,-0.018918918918918892,0.3880597014925373,0.38855780691299163,-0.0004981054204543089,0.6075156576200418,0.6004767815832533,0.007038876036788433,0.4248495663195855,0.41743118323625983,0.0074183830833256525
Random Forest,all_predictors,0.2,6,17372688818447542592,0.6935240963855421,0.6942771084337349,-0.0007530120481927804,0.5851972013767421,0.5782542458951645,0.0069429554815776395,0.4359861591695502,0.43333333333333335,0.0026528258362168433,0.34054054054054056,0.3162162162162162,0.024324324324324353,0.38239757207890746,0.365625,0.016772572078907477,0.5833380353213339,0.5898408847260621,-0.006502849404728228,0.4320047066000814,0.4330084518248532,-0.0010037452247718126
Logistic Regression,all_predictors,0.2,7,15342081886183003380,0.6295180722891566,0.6265060240963856,0.0030120481927710108,0.5657168650905603,0.5777295040343058,-0.01201263894374549,0.35944700460829493,0.3665254237288136,-0.007078419120518653,0.42162162162162165,0.46756756756756757,-0.04594594594594592,0.3880597014925373,0.41092636579572445,-0.022866664303187123,0.6075156576200418,0.6091350222874231,-0.001619364667381329,0.4248495663195855,0.42588602904685935,-0.001036462727273868
Random Forest,all_predictors,0.2,7,15342081886183003380,0.6935240963855421,0.7100903614457831,-0.016566265060240948,0.5851972013767421,0.5933617333408565,-0.008164531964114374,0.4359861591695502,0.47104247104247104,-0.03505631187292085,0.34054054054054056,0.32972972972972975,0.010810810810810811,0.38239757207890746,0.38791732909379967,-0.005519757014892213,0.5833380353213339,0.6016362918241833,-0.01829825650284944,0.4320047066000814,0.4381703423703375,-0.006165635770256084
Logistic Regression,all_predictors,0.2,8,9986168409451003754,0.6295180722891566,0.6272590361445783,0.0022590361445782303,0.5657168650905603,0.5707865485527281,-0.005069683462167851,0.35944700460829493,0.3620309050772627,-0.0025839004689677814,0.42162162162162165,0.44324324324324327,-0.021621621621621623,0.3880597014925373,0.3985419198055893,-0.01048221831305196,0.6075156576200418,0.6020566495514303,0.005459008068611437,0.4248495663195855,0.4222803530424242,0.0025692132771613085
Random Forest,all_predictors,0.2,8,9986168409451003754,0.6935240963855421,0.7025602409638554,-0.009036144578313254,0.5851972013767421,0.5906308187101507,-0.005433617333408525,0.4359861591695502,0.45454545454545453,-0.01855929537590434,0.34054054054054056,0.33783783783783783,0.0027027027027027306,0.38239757207890746,0.3875968992248062,-0.005199327145898769,0.5833380353213339,0.6046013654573154,-0.021263330135981473,0.4320047066000814,0.4477106426310551,-0.0157059360309737
Logistic Regression,all_predictors,0.2,9,10737612049796122132,0.6295180722891566,0.6227409638554217,0.006777108433734913,0.5657168650905603,0.5726316086441348,-0.006914743553574465,0.35944700460829493,0.3609341825902335,-0.0014871779819385922,0.42162162162162165,0.4594594594594595,-0.03783783783783784,0.3880597014925373,0.4042806183115339,-0.016220916818996567,0.6075156576200418,0.5984483439598263,0.009067313660215515,0.4248495663195855,0.4212065780756371,0.003642988243948375
Random Forest,all_predictors,0.2,9,10737612049796122132,0.6935240963855421,0.6957831325301205,-0.0022590361445783413,0.5851972013767421,0.5817863792811601,0.003410822095582078,0.4359861591695502,0.43795620437956206,-0.0019700452100118726,0.34054054054054056,0.32432432432432434,0.016216216216216217,0.38239757207890746,0.37267080745341613,0.009726764625491324,0.5833380353213339,0.5826129887716527,0.0007250465496811964,0.4320047066000814,0.43510369076016586,-0.0030989841600844725
Logistic Regression,all_predictors,0.2,10,15102204596359110286,0.6295180722891566,0.6257530120481928,0.003765060240963791,0.5657168650905603,0.5655955538001467,0.0001213112904135949,0.35944700460829493,0.35730337078651686,0.002143633821778068,0.42162162162162165,0.4297297297297297,-0.00810810810810808,0.3880597014925373,0.3901840490797546,-0.002124347587217301,0.6075156576200418,0.6070050217231846,0.0005106358968571811,0.4248495663195855,0.4202459458351021,0.004603620484483373
Random Forest,all_predictors,0.2,10,15102204596359110286,0.6935240963855421,0.6905120481927711,0.0030120481927710108,0.5851972013767421,0.577303503921458,0.007893697455284121,0.4359861591695502,0.4265232974910394,0.009462861678510792,0.34054054054054056,0.3216216216216216,0.018918918918918948,0.38239757207890746,0.3667180277349769,0.01567954434393054,0.5833380353213339,0.5938780116233143,-0.010539976301980447,0.4320047066000814,0.4288822873979816,0.0031224192020997688
Logistic Regression,all_predictors,0.2,11,15725172187747578599,0.6295180722891566,0.6265060240963856,0.0030120481927710108,0.5657168650905603,0.5827060881340631,-0.01698922304350281,0.35944700460829493,0.36983471074380164,-0.010387706135506714,0.42162162162162165,0.4837837837837838,-0.06216216216216214,0.3880597014925373,0.41920374707259955,-0.03114404558006223,0.6075156576200418,0.6080601478305028,-0.0005444902104609906,0.4248495663195855,0.4268413133274213,-0.0019917470078358313
Random Forest,all_predictors,0.2,11,15725172187747578599,0.6935240963855421,0.6950301204819277,-0.001506024096385561,0.5851972013767421,0.5812644586131016,0.003932742763640529,0.4359861591695502,0.43636363636363634,-0.000377477194086151,0.34054054054054056,0.32432432432432434,0.016216216216216217,0.38239757207890746,0.37209302325581395,0.010304548823093507,0.5833380353213339,0.5896490436156407,-0.0063110082943068635,0.4320047066000814,0.4316744887489986,0.00033021785108278134
Logistic Regression,all_predictors,0.2,12,15187868167086858375,0.6295180722891566,0.6174698795180723,0.012048192771084265,0.5657168650905603,0.5772724708006545,-0.011555605710094174,0.35944700460829493,0.3614457831325301,-0.0019987785242351896,0.42162162162162165,0.4864864864864865,-0.06486486486486487,0.3880597014925373,0.4147465437788018,-0.0266868422862645,0.6075156576200418,0.6132821757038875,-0.005766518083845762,0.4248495663195855,0.4248533341074836,-3.767787898123487e-06
Random Forest,all_predictors,0.2,12,15187868167086858375,0.6935240963855421,0.6987951807228916,-0.005271084337349463,0.5851972013767421,0.5822152005868081,0.0029820007899340473,0.4359861591695502,0.44360902255639095,-0.007622863386840761,0.34054054054054056,0.31891891891891894,0.021621621621621623,0.38239757207890746,0.3710691823899371,0.011328389688970375,0.5833380353213339,0.5982931783558089,-0.014955143034474982,0.4320047066000814,0.43585974518546133,-0.003855038585379944
Logistic Regression,all_predictors,0.2,13,9914714324923876076,0.6295180722891566,0.6280120481927711,0.0015060240963854499,0.5657168650905603,0.5771144840038368,-0.011397618913276508,0.35944700460829493,0.3669527896995708,-0.007505785091275863,0.42162162162162165,0.46216216216216216,-0.040540540540540515,0.3880597014925373,0.4090909090909091,-0.021031207598371793,0.6075156576200418,0.6114653275404841,-0.0039496699204423225,0.4248495663195855,0.4260536204740781,-0.0012040541544925953
Random Forest,all_predictors,0.2,13,9914714324923876076,0.6935240963855421,0.6987951807228916,-0.005271084337349463,0.5851972013767421,0.583874061953394,0.001323139423348163,0.4359861591695502,0.4444444444444444,-0.008458285274894228,0.34054054054054056,0.32432432432432434,0.016216216216216217,0.38239757207890746,0.375,0.007397572078907455,0.5833380353213339,0.5964170851435988,-0.013079049822264932,0.4320047066000814,0.44123178733458623,-0.009227080734504844
Logistic Regression,all_predictors,0.2,14,17249105477980023872,0.6295180722891566,0.6106927710843374,0.018825301204819178,0.5657168650905603,0.5534982790723918,0.012218586018168498,0.35944700460829493,0.3405639913232104,0.018883013285084516,0.42162162162162165,0.4243243243243243,-0.002702702702702675,0.3880597014925373,0.3778580024067389,0.010201699085798432,0.6075156576200418,0.6008322518760931,0.006683405743948656,0.4248495663195855,0.41910241278284244,0.005747153536743044
Random Forest,all_predictors,0.2,14,17249105477980023872,0.6935240963855421,0.6965361445783133,-0.003012048192771122,0.5851972013767421,0.5773317158494612,0.007865485527280947,0.4359861591695502,0.4367816091954023,-0.0007954500258521291,0.34054054054054056,0.3081081081081081,0.032432432432432434,0.38239757207890746,0.3613312202852615,0.021066351793645965,0.5833380353213339,0.5965609659764148,-0.013222930655080956,0.4320047066000814,0.42877716004817396,0.0032275465519074342
Logistic Regression,all_predictors,0.2,15,2198234772208803182,0.6295180722891566,0.6234939759036144,0.0060240963855421326,0.5657168650905603,0.5764712520453648,-0.010754386954804462,0.35944700460829493,0.36401673640167365,-0.004569731793378717,0.42162162162162165,0.4702702702702703,-0.04864864864864865,0.3880597014925373,0.41037735849056606,-0.022317656998028734,0.6075156576200418,0.6027280934379056,0.004787564182136217,0.4248495663195855,0.42291252082930975,0.001937045490275735
Random Forest,all_predictors,0.2,15,2198234772208803182,0.6935240963855421,0.6859939759036144,0.0075301204819276935,0.5851972013767421,0.5658776730801782,0.019319528296563915,0.4359861591695502,0.41132075471698115,0.02466540445256904,0.34054054054054056,0.2945945945945946,0.045945945945945976,0.38239757207890746,0.34330708661417325,0.039090485464734204,0.5833380353213339,0.5890058116571686,-0.005667776335834707,0.4320047066000814,0.43310774913403344,-0.0011030425339520478
Logistic Regression,all_predictors,0.2,16,5469087757214734908,0.6295180722891566,0.6219879518072289,0.0075301204819276935,0.5657168650905603,0.5621565197765616,0.003560345313998736,0.35944700460829493,0.35267857142857145,0.0067684331797234765,0.42162162162162165,0.42702702702702705,-0.005405405405405406,0.3880597014925373,0.3863080684596577,0.0017516330328796181,0.6075156576200418,0.6015262653049709,0.005989392315070896,0.4248495663195855,0.4218819182755565,0.002967648044028992
Random Forest,all_predictors,0.2,16,5469087757214734908,0.6935240963855421,0.6882530120481928,0.005271084337349352,0.5851972013767421,0.5707611578175252,0.014436043559216905,0.4359861591695502,0.4185185185185185,0.01746764065103168,0.34054054054054056,0.3054054054054054,0.035135135135135165,0.38239757207890746,0.353125,0.029272572078907433,0.5833380353213339,0.5807453591378435,0.00259267618349035,0.4320047066000814,0.4267503044174318,0.005254402182649609
Logistic Regression,all_predictors,0.2,17,4040457058444586097,0.6295180722891566,0.6182228915662651,0.011295180722891485,0.5657168650905603,0.569500084635784,-0.0037832195452237594,0.35944700460829493,0.35639412997903563,0.0030528746292592945,0.42162162162162165,0.4594594594594595,-0.03783783783783784,0.3880597014925373,0.4014167650531287,-0.013357063560591353,0.6075156576200418,0.5953139987586753,0.012201658861366482,0.4248495663195855,0.4176950314940533,0.007154534825532188
Random Forest,all_predictors,0.2,17,4040457058444586097,0.6935240963855421,0.7025602409638554,-0.009036144578313254,0.5851972013767421,0.5831659425605146,0.0020312588162275658,0.4359861591695502,0.45136186770428016,-0.01537570853472997,0.34054054054054056,0.31351351351351353,0.02702702702702703,0.38239757207890746,0.3700159489633174,0.012381623115590046,0.5833380353213339,0.5772386164870507,0.006099418834283221,0.4320047066000814,0.43041348647741634,0.001591220122665049
Logistic Regression,all_predictors,0.2,18,8329191972188149584,0.6295180722891566,0.6129518072289156,0.016566265060240948,0.5657168650905603,0.5666760706426677,-0.0009592055521073783,0.35944700460829493,0.35185185185185186,0.007595152756443069,0.42162162162162165,0.46216216216216216,-0.040540540540540515,0.3880597014925373,0.39953271028037385,-0.011473008787836525,0.6075156576200418,0.5963775884443944,0.011138069175647414,0.4248495663195855,0.4216226221787409,0.0032269441408445676
Random Forest,all_predictors,0.2,18,8329191972188149584,0.6935240963855421,0.6905120481927711,0.0030120481927710108,0.5851972013767421,0.5764740732381651,0.008723128138577008,0.4359861591695502,0.4259927797833935,0.009993379386156687,0.34054054054054056,0.31891891891891894,0.021621621621621623,0.38239757207890746,0.36476043276661513,0.017637139312292327,0.5833380353213339,0.5763866162613551,0.006951419059978758,0.4320047066000814,0.422084101122349,0.00992060547773238
Logistic Regression,all_predictors,0.2,19,1674322733359597948,0.6295180722891566,0.6295180722891566,0.0,0.5657168650905603,0.5798171867065396,-0.014100321615979294,0.35944700460829493,0.3696581196581197,-0.010211115049824748,0.42162162162162165,0.46756756756756757,-0.04594594594594592,0.3880597014925373,0.4128878281622912,-0.02482812666975387,0.6075156576200418,0.6123765728149861,-0.00486091519494436,0.4248495663195855,0.4311287175443449,-0.006279151224759416
Random Forest,all_predictors,0.2,19,1674322733359597948,0.6935240963855421,0.7003012048192772,-0.006777108433735024,0.5851972013767421,0.5840884726062179,0.0011087287705242588,0.4359861591695502,0.4473684210526316,-0.01138226188308139,0.34054054054054056,0.3216216216216216,0.018918918918918948,0.38239757207890746,0.3742138364779874,0.008183735600920061,0.5833380353213339,0.5863821023528748,-0.00304406703154092,0.4320047066000814,0.4334939761906679,-0.001489269590586484
Logistic Regression,all_predictors,0.2,20,11950911096818003792,0.6295180722891566,0.6137048192771084,0.015813253012048167,0.5657168650905603,0.5630508378942617,0.0026660271962986037,0.35944700460829493,0.3494736842105263,0.009973320397768604,0.42162162162162165,0.4486486486486487,-0.02702702702702703,0.3880597014925373,0.39289940828402364,-0.00483970679148632,0.6075156576200418,0.6087569824521808,-0.0012413248321390125,0.4248495663195855,0.4263897725715303,-0.0015402062519448423
Random Forest,all_predictors,0.2,20,11950911096818003792,0.6935240963855421,0.6957831325301205,-0.0022590361445783413,0.5851972013767421,0.582615809964453,0.0025813914122891912,0.4359861591695502,0.4384057971014493,-0.002419637931899088,0.34054054054054056,0.327027027027027,0.013513513513513542,0.38239757207890746,0.3746130030959752,0.007784568982932227,0.5833380353213339,0.5822631608644134,0.0010748744569204494,0.4320047066000814,0.4374349205613822,-0.005430213961300834
Logistic Regression,all_predictors,0.2,21,13895985806481771108,0.6295180722891566,0.6280120481927711,0.0015060240963854499,0.5657168650905603,0.5779439146871297,-0.012227049596569395,0.35944700460829493,0.36752136752136755,-0.008074362913072619,0.42162162162162165,0.4648648648648649,-0.043243243243243246,0.3880597014925373,0.4105011933174224,-0.022441491824885085,0.6075156576200418,0.6011341195057269,0.006381538114314855,0.4248495663195855,0.4223686532771681,0.0024809130424173764
Random Forest,all_predictors,0.2,21,13895985806481771108,0.6935240963855421,0.6995481927710844,-0.006024096385542244,0.5851972013767421,0.5860548439880382,-0.0008576426112960611,0.4359861591695502,0.4468864468864469,-0.010900287716896717,0.34054054054054056,0.32972972972972975,0.010810810810810811,0.38239757207890746,0.37947122861586313,0.002926343463044323,0.5833380353213339,0.6000507814704057,-0.01671274614907181,0.4320047066000814,0.4412816010876402,-0.009276894487558807
Logistic Regression,all_predictors,0.2,22,1700187178957289985,0.6295180722891566,0.6257530120481928,0.003765060240963791,0.5657168650905603,0.571401568583197,-0.005684703492636722,0.35944700460829493,0.3616557734204793,-0.0022087688121843474,0.42162162162162165,0.4486486486486487,-0.02702702702702703,0.3880597014925373,0.40048250904704463,-0.012422807554507309,0.6075156576200418,0.6030158551035378,0.004499802516503948,0.4248495663195855,0.4195257944806663,0.005323771838919189
Random Forest,all_predictors,0.2,22,1700187178957289985,0.6935240963855421,0.6950301204819277,-0.001506024096385561,0.5851972013767421,0.5796055972465158,0.005591604130226302,0.4359861591695502,0.4354243542435424,0.0005618049260077695,0.34054054054054056,0.31891891891891894,0.021621621621621623,0.38239757207890746,0.36817472698907955,0.014222845089827907,0.5833380353213339,0.5938074818033063,-0.010469446481972455,0.4320047066000814,0.4351122883674821,-0.0031075817674007244
Logistic Regression,all_predictors,0.2,23,6628741256216946925,0.6295180722891566,0.6234939759036144,0.0060240963855421326,0.5657168650905603,0.5673475145291429,-0.0016306494385825987,0.35944700460829493,0.3574561403508772,0.001990864257417735,0.42162162162162165,0.44054054054054054,-0.018918918918918892,0.3880597014925373,0.3946731234866828,-0.006613421994145496,0.6075156576200418,0.6052869153077922,0.0022287423122495653,0.4248495663195855,0.4294654864732351,-0.004615920153649644
Random Forest,all_predictors,0.2,23,6628741256216946925,0.6935240963855421,0.7003012048192772,-0.006777108433735024,0.5851972013767421,0.5840884726062179,0.0011087287705242588,0.4359861591695502,0.4473684210526316,-0.01138226188308139,0.34054054054054056,0.3216216216216216,0.018918918918918948,0.38239757207890746,0.3742138364779874,0.008183735600920061,0.5833380353213339,0.5922022230999267,-0.00886418777859277,0.4320047066000814,0.4398349618738082,-0.007830255273726827
Logistic Regression,all_predictors,0.2,24,6768992183063103088,0.6295180722891566,0.608433734939759,0.02108433734939752,0.5657168650905603,0.5535913784348022,0.012125486655758078,0.35944700460829493,0.33974358974358976,0.01970341486470517,0.42162162162162165,0.4297297297297297,-0.00810810810810808,0.3880597014925373,0.3794749403341289,0.00858476115840845,0.6075156576200418,0.5863595328104723,0.02115612480956952,0.4248495663195855,0.4147983241544284,0.01005124216515707
Random Forest,all_predictors,0.2,24,6768992183063103088,0.6935240963855421,0.6867469879518072,0.006777108433734913,0.5851972013767421,0.5738644698978729,0.011332731478869262,0.4359861591695502,0.41843971631205673,0.01754644285749346,0.34054054054054056,0.31891891891891894,0.021621621621621623,0.38239757207890746,0.3619631901840491,0.020434381894858356,0.5833380353213339,0.5712492241719799,0.012088811149354006,0.4320047066000814,0.417808154158135,0.014196552441946397
Logistic Regression,all_predictors,0.2,25,8130020545400182256,0.6295180722891566,0.615210843373494,0.014307228915662606,0.5657168650905603,0.5665829712802573,-0.000866106189696958,0.35944700460829493,0.35281837160751567,0.00662863300077926,0.42162162162162165,0.45675675675675675,-0.03513513513513511,0.3880597014925373,0.39811542991755006,-0.010055728425012733,0.6075156576200418,0.601526265304971,0.005989392315070785,0.4248495663195855,0.4254639925850753,-0.0006144262654897981
Random Forest,all_predictors,0.2,25,8130020545400182256,0.6935240963855421,0.6950301204819277,-0.001506024096385561,0.5851972013767421,0.578776166563223,0.006421034813519189,0.4359861591695502,0.4349442379182156,0.0010419212513345655,0.34054054054054056,0.3162162162162162,0.024324324324324353,0.38239757207890746,0.36619718309859156,0.016200388980315894,0.5833380353213339,0.584294419680641,-0.0009563843593071164,0.4320047066000814,0.4278616793452529,0.004143027254828513
Logistic Regression,all_predictors,0.2,26,9284738385825201356,0.6295180722891566,0.6227409638554217,0.006777108433734913,0.5657168650905603,0.5784376234271851,-0.012720758336624782,0.35944700460829493,0.3649484536082474,-0.005501448999952474,0.42162162162162165,0.4783783783783784,-0.05675675675675673,0.3880597014925373,0.41403508771929826,-0.025975386226760933,0.6075156576200418,0.6130282683518592,-0.005512610731817413,0.4248495663195855,0.4191003813118761,0.005749185007709379
Random Forest,all_predictors,0.2,26,9284738385825201356,0.6935240963855421,0.6935240963855421,0.0,0.5851972013767421,0.5735851718106415,0.011612029566100635,0.4359861591695502,0.42911877394636017,0.006867385223190026,0.34054054054054056,0.3027027027027027,0.03783783783783784,0.38239757207890746,0.3549920760697306,0.027405496009176855,0.5833380353213339,0.5864864864864865,-0.0031484511651526104,0.4320047066000814,0.425835042115268,0.006169664484813375
Logistic Regression,all_predictors,0.2,27,15007384852403048516,0.6295180722891566,0.615210843373494,0.014307228915662606,0.5657168650905603,0.569071263330136,-0.003354398239575729,0.35944700460829493,0.354639175257732,0.004807829350562953,0.42162162162162165,0.4648648648648649,-0.043243243243243246,0.3880597014925373,0.4023391812865497,-0.014279479794012395,0.6075156576200418,0.6053969418270044,0.0021187157930373512,0.4248495663195855,0.4322126092517795,-0.0073630429321940305
Random Forest,all_predictors,0.2,27,15007384852403048516,0.6935240963855421,0.6995481927710844,-0.006024096385542244,0.5851972013767421,0.5918608587710884,-0.006663657394346267,0.4359861591695502,0.44947735191637633,-0.013491192746826142,0.34054054054054056,0.34864864864864864,-0.00810810810810808,0.38239757207890746,0.3926940639269406,-0.010296491848033162,0.5833380353213339,0.6021384641426395,-0.018800428821305615,0.4320047066000814,0.4348431052682582,-0.0028383986681768114
Logistic Regression,all_predictors,0.2,28,8249041378742323776,0.6295180722891566,0.6234939759036144,0.0060240963855421326,0.5657168650905603,0.5789595440952435,-0.013242679004683233,0.35944700460829493,0.365702479338843,-0.00625547473054805,0.42162162162162165,0.4783783783783784,-0.05675675675675673,0.3880597014925373,0.41451990632318503,-0.026460204830647704,0.6075156576200418,0.6029594312475315,0.004556226372510297,0.4248495663195855,0.4236967701775005,0.0011527961420849664
Random Forest,all_predictors,0.2,28,8249041378742323776,0.6935240963855421,0.7055722891566265,-0.012048192771084376,0.5851972013767421,0.5927185013823845,-0.0075213000056423285,0.4359861591695502,0.4612546125461255,-0.025268453376575295,0.34054054054054056,0.33783783783783783,0.0027027027027027306,0.38239757207890746,0.39001560062402496,-0.007618028545117506,0.5833380353213339,0.5890001692715681,-0.005662133950234183,0.4320047066000814,0.4391506979684468,-0.007145991368365412
Logistic Regression,all_predictors,0.2,29,823616187271629302,0.6295180722891566,0.6234939759036144,0.0060240963855421326,0.5657168650905603,0.5731535293121932,-0.007436664221632916,0.35944700460829493,0.3617021276595745,-0.0022551230512795617,0.42162162162162165,0.4594594594594595,-0.03783783783783784,0.3880597014925373,0.40476190476190477,-0.016702203269367444,0.6075156576200418,0.6013118546521469,0.006203802967894911,0.4248495663195855,0.4228806328583275,0.0019689334612579823
Random Forest,all_predictors,0.2,29,823616187271629302,0.6935240963855421,0.6920180722891566,0.001506024096385561,0.5851972013767421,0.5750296225244033,0.010167578852338877,0.4359861591695502,0.4275092936802974,0.008476865489252805,0.34054054054054056,0.3108108108108108,0.02972972972972976,0.38239757207890746,0.3599374021909233,0.02246016988798416,0.5833380353213339,0.5831546577893133,0.00018337753202057883,0.4320047066000814,0.4269503602709869,0.005054346329094517
Logistic Regression,all_predictors,0.5,0,13255059545526043315,0.6295180722891566,0.588855421686747,0.04066265060240959,0.5657168650905603,0.5582689160977261,0.007447948992834186,0.35944700460829493,0.33643122676579923,0.0230157778424957,0.42162162162162165,0.4891891891891892,-0.06756756756756754,0.3880597014925373,0.3986784140969163,-0.010618712604378966,0.6075156576200418,0.5968346216780455,0.01068103594199632,0.4248495663195855,0.403248605164251,0.021600961155334497
Random Forest,all_predictors,0.5,0,13255059545526043315,0.6935240963855421,0.6957831325301205,-0.0022590361445783413,0.5851972013767421,0.5884218247475033,-0.003224623370761126,0.4359861591695502,0.4413793103448276,-0.005393151175277389,0.34054054054054056,0.34594594594594597,-0.005405405405405406,0.38239757207890746,0.3878787878787879,-0.005481215799880423,0.5833380353213339,0.6053461603565988,-0.022008125035264947,0.4320047066000814,0.43706435029521035,-0.005059643695128957
Logistic Regression,all_predictors,0.5,1,4039318038697796711,0.6295180722891566,0.6031626506024096,0.026355421686746983,0.5657168650905603,0.5715031315240083,-0.00578626643344804,0.35944700460829493,0.3510436432637571,0.00840336134453784,0.42162162162162165,0.5,-0.07837837837837835,0.3880597014925373,0.4124860646599777,-0.0244263631674404,0.6075156576200418,0.6085792473057609,-0.0010635896857190685,0.4248495663195855,0.4142109318189445,0.010638634500640953
Random Forest,all_predictors,0.5,1,4039318038697796711,0.6935240963855421,0.697289156626506,-0.0037650602409639022,0.5851972013767421,0.5836596513005698,0.0015375500761722893,0.4359861591695502,0.4416058394160584,-0.0056196802465082185,0.34054054054054056,0.327027027027027,0.013513513513513542,0.38239757207890746,0.37577639751552794,0.006621174563379517,0.5833380353213339,0.5918326468430852,-0.00849461152175135,0.4320047066000814,0.4217954650094622,0.0102092415906192
Logistic Regression,all_predictors,0.5,2,10916359398411481005,0.6295180722891566,0.5918674698795181,0.03765060240963847,0.5657168650905603,0.5711391976527675,-0.005422332562207255,0.35944700460829493,0.3464285714285714,0.01301843317972351,0.42162162162162165,0.5243243243243243,-0.10270270270270265,0.3880597014925373,0.4172043010752688,-0.029144599582731467,0.6075156576200418,0.6032161597923602,0.004299497827681575,0.4248495663195855,0.40777947087680644,0.017070095442779043
Random Forest,all_predictors,0.5,2,10916359398411481005,0.6935240963855421,0.6844879518072289,0.009036144578313254,0.5851972013767421,0.5822518760932123,0.002945325283529865,0.4359861591695502,0.42071197411003236,0.01527418505951783,0.34054054054054056,0.35135135135135137,-0.010810810810810811,0.38239757207890746,0.38291605301914583,-0.000518480940238375,0.5833380353213339,0.6098431416803023,-0.02650510635896841,0.4320047066000814,0.44368586326460535,-0.011681156664523962
Logistic Regression,all_predictors,0.5,3,1738203625838426766,0.6295180722891566,0.5813253012048193,0.04819277108433728,0.5657168650905603,0.5605145855667777,0.005202279523782605,0.35944700460829493,0.33568904593639576,0.02375795867189917,0.42162162162162165,0.5135135135135135,-0.09189189189189184,0.3880597014925373,0.405982905982906,-0.01792320449036866,0.6075156576200418,0.5866980759465101,0.02081758167353165,0.4248495663195855,0.39115927393726174,0.03369029238232374
Random Forest,all_predictors,0.5,3,1738203625838426766,0.6935240963855421,0.6912650602409639,0.0022590361445782303,0.5851972013767421,0.581972578005981,0.003224623370761126,0.4359861591695502,0.4305555555555556,0.005430603613994611,0.34054054054054056,0.33513513513513515,0.005405405405405406,0.38239757207890746,0.3768996960486322,0.005497876030275239,0.5833380353213339,0.5916266997686621,-0.008288664447328231,0.4320047066000814,0.43744774477837073,-0.005443038178289339
Logistic Regression,all_predictors,0.5,4,4480028916183716974,0.6295180722891566,0.5813253012048193,0.04819277108433728,0.5657168650905603,0.5480731253173842,0.017643739773176126,0.35944700460829493,0.32649253731343286,0.032954467294862066,0.42162162162162165,0.47297297297297297,-0.051351351351351326,0.3880597014925373,0.38631346578366443,0.0017462357088728897,0.6075156576200418,0.5808553856570557,0.026660271962986037,0.4248495663195855,0.3872780127772366,0.03757155354234887
Random Forest,all_predictors,0.5,4,4480028916183716974,0.6935240963855421,0.6694277108433735,0.02409638554216864,0.5851972013767421,0.5668368786322857,0.018360322744456425,0.4359861591695502,0.3911671924290221,0.0448189667405281,0.34054054054054056,0.33513513513513515,0.005405405405405406,0.38239757207890746,0.3609898107714702,0.021407761307437267,0.5833380353213339,0.5842464594030355,-0.0009084240817016642,0.4320047066000814,0.41736747606398866,0.014637230536092727
Logistic Regression,all_predictors,0.5,5,1987960746981204092,0.6295180722891566,0.5956325301204819,0.033885542168674676,0.5657168650905603,0.5712605089431811,-0.00554364385262085,0.35944700460829493,0.34790528233151186,0.011541722276783073,0.42162162162162165,0.5162162162162162,-0.09459459459459452,0.3880597014925373,0.41566920565832427,-0.027609504165786947,0.6075156576200418,0.594258872651357,0.013256784968684765,0.4248495663195855,0.40494943061780264,0.01990013570178284
Random Forest,all_predictors,0.5,5,1987960746981204092,0.6935240963855421,0.6807228915662651,0.012801204819277046,0.5851972013767421,0.5630536590870621,0.022143542289680074,0.4359861591695502,0.40145985401459855,0.03452630515495164,0.34054054054054056,0.2972972972972973,0.043243243243243246,0.38239757207890746,0.3416149068322981,0.04078266524660934,0.5833380353213339,0.5905433617333409,-0.007205326412006996,0.4320047066000814,0.41848486414869057,0.013519842451390818
Logistic Regression,all_predictors,0.5,6,3385979848078772526,0.6295180722891566,0.5896084337349398,0.03990963855421681,0.5657168650905603,0.5621085594989561,0.0036083055916041884,0.35944700460829493,0.3394495412844037,0.01999746332389124,0.42162162162162165,0.5,-0.07837837837837835,0.3880597014925373,0.40437158469945356,-0.016311883206916233,0.6075156576200418,0.5904361564069289,0.017079501213112858,0.4248495663195855,0.3975667960834255,0.027282770236159992
Random Forest,all_predictors,0.5,6,3385979848078772526,0.6935240963855421,0.6920180722891566,0.001506024096385561,0.5851972013767421,0.5824944986740395,0.002702702702702675,0.4359861591695502,0.43205574912891986,0.003930410040630328,0.34054054054054056,0.33513513513513515,0.005405405405405406,0.38239757207890746,0.3774733637747336,0.004924208304173838,0.5833380353213339,0.5844721548270609,-0.0011341195057270603,0.4320047066000814,0.4236595400497981,0.008345166550283278
Logistic Regression,all_predictors,0.5,7,8812113801993814576,0.6295180722891566,0.6024096385542169,0.027108433734939652,0.5657168650905603,0.5759577949557073,-0.01024092986514702,0.35944700460829493,0.3537037037037037,0.005743300904591242,0.42162162162162165,0.5162162162162162,-0.09459459459459452,0.3880597014925373,0.4197802197802198,-0.031720518287682464,0.6075156576200418,0.6004006093776448,0.0071150482423969486,0.4248495663195855,0.41042289711003366,0.014426669209551823
Random Forest,all_predictors,0.5,7,8812113801993814576,0.6935240963855421,0.6784638554216867,0.015060240963855387,0.5851972013767421,0.5681233425492298,0.017073858827512334,0.4359861591695502,0.40273037542662116,0.033255783742929035,0.34054054054054056,0.31891891891891894,0.021621621621621623,0.38239757207890746,0.3559577677224736,0.026439804356433838,0.5833380353213339,0.5983072843198104,-0.014969248998476514,0.4320047066000814,0.42350364566227316,0.008501060937808225
Logistic Regression,all_predictors,0.5,8,8949209102585639211,0.6295180722891566,0.5941265060240963,0.03539156626506024,0.5657168650905603,0.5602634994075495,0.005453365683010802,0.35944700460829493,0.3396584440227704,0.01978856058552453,0.42162162162162165,0.4837837837837838,-0.06216216216216214,0.3880597014925373,0.399108138238573,-0.011048436746035672,0.6075156576200418,0.5888252553179484,0.0186904023020934,0.4248495663195855,0.4031256196962326,0.021723946623352863
Random Forest,all_predictors,0.5,8,8949209102585639211,0.6935240963855421,0.6829819277108434,0.010542168674698704,0.5851972013767421,0.575402019974045,0.009795181402697084,0.4359861591695502,0.41414141414141414,0.021844745028136048,0.34054054054054056,0.3324324324324324,0.008108108108108136,0.38239757207890746,0.36881559220389803,0.01358197987500942,0.5833380353213339,0.5894797720476217,-0.006141736726287816,0.4320047066000814,0.430386391758322,0.001618314841759394
Logistic Regression,all_predictors,0.5,9,1192585183898180255,0.6295180722891566,0.5956325301204819,0.033885542168674676,0.5657168650905603,0.5637956327935452,0.0019212322970151297,0.35944700460829493,0.3427495291902072,0.01669747541808775,0.42162162162162165,0.4918918918918919,-0.07027027027027027,0.3880597014925373,0.4039955604883463,-0.01593585899580896,0.6075156576200418,0.5801388026857756,0.027376854934266226,0.4248495663195855,0.4042503939344235,0.020599172385161957
Random Forest,all_predictors,0.5,9,1192585183898180255,0.6935240963855421,0.6769578313253012,0.016566265060240948,0.5851972013767421,0.5687383625796987,0.016458838797043462,0.4359861591695502,0.4013377926421405,0.03464836652740971,0.34054054054054056,0.32432432432432434,0.016216216216216217,0.38239757207890746,0.35874439461883406,0.023653177460073394,0.5833380353213339,0.5762286294645376,0.007109405856796314,0.4320047066000814,0.4192247979709875,0.012779908629093895
Logistic Regression,all_predictors,0.5,10,4696311950445650547,0.6295180722891566,0.6099397590361446,0.01957831325301196,0.5657168650905603,0.5712238334367771,-0.0055069683462167784,0.35944700460829493,0.35375494071146246,0.005692063896832467,0.42162162162162165,0.4837837837837838,-0.06216216216216214,0.3880597014925373,0.408675799086758,-0.020616097594220673,0.6075156576200418,0.5984229532246234,0.009092704395418427,0.4248495663195855,0.4033620530649735,0.021487513254611956
Random Forest,all_predictors,0.5,10,4696311950445650547,0.6935240963855421,0.6867469879518072,0.006777108433734913,0.5851972013767421,0.5738644698978729,0.011332731478869262,0.4359861591695502,0.41843971631205673,0.01754644285749346,0.34054054054054056,0.31891891891891894,0.021621621621621623,0.38239757207890746,0.3619631901840491,0.020434381894858356,0.5833380353213339,0.5974242509733115,-0.014086215651977652,0.4320047066000814,0.42143533998923766,0.010569366610843733
Logistic Regression,all_predictors,0.5,11,5128598836621947639,0.6295180722891566,0.5881024096385542,0.04141566265060237,0.5657168650905603,0.5660413022625965,-0.00032443717203622935,0.35944700460829493,0.3416815742397138,0.017765430368581137,0.42162162162162165,0.5162162162162162,-0.09459459459459452,0.3880597014925373,0.41119483315392896,-0.02313513166139164,0.6075156576200418,0.5962365288043785,0.011279128815663286,0.4248495663195855,0.40919160083286454,0.015657965486720937
Random Forest,all_predictors,0.5,11,5128598836621947639,0.6935240963855421,0.6822289156626506,0.011295180722891485,0.5851972013767421,0.5674152231563505,0.017781978220391625,0.4359861591695502,0.40714285714285714,0.028843302026693052,0.34054054054054056,0.3081081081081081,0.032432432432432434,0.38239757207890746,0.3507692307692308,0.03162834130967668,0.5833380353213339,0.5847796648422954,-0.001441629520961496,0.4320047066000814,0.4255747639891312,0.006429942610950201
Logistic Regression,all_predictors,0.5,12,6812693229316715729,0.6295180722891566,0.5918674698795181,0.03765060240963847,0.5657168650905603,0.5727980590193533,-0.007081193928793028,0.35944700460829493,0.3475177304964539,0.011929274111841026,0.42162162162162165,0.5297297297297298,-0.10810810810810811,0.3880597014925373,0.4197002141327623,-0.031640512640224994,0.6075156576200418,0.6071263330135981,0.00038932460644369726,0.4248495663195855,0.41053734499947286,0.014312221320112617
Random Forest,all_predictors,0.5,12,6812693229316715729,0.6935240963855421,0.6829819277108434,0.010542168674698704,0.5851972013767421,0.5729137279241663,0.012283473452575855,0.4359861591695502,0.41237113402061853,0.023615025148931656,0.34054054054054056,0.32432432432432434,0.016216216216216217,0.38239757207890746,0.3630862329803328,0.01931133909857463,0.5833380353213339,0.5977684364949502,-0.01443040117361627,0.4320047066000814,0.4182249048269617,0.013779801773119715
Logistic Regression,all_predictors,0.5,13,4173196043254331823,0.6295180722891566,0.5956325301204819,0.033885542168674676,0.5657168650905603,0.5654544941601309,0.00026237093042935644,0.35944700460829493,0.34392523364485983,0.0155217709634351,0.42162162162162165,0.4972972972972973,-0.07567567567567568,0.3880597014925373,0.4066298342541437,-0.01857013276160635,0.6075156576200418,0.6063335778367094,0.0011820797833324015,0.4248495663195855,0.41066929964994375,0.014180266669641728
Random Forest,all_predictors,0.5,13,4173196043254331823,0.6935240963855421,0.6859939759036144,0.0075301204819276935,0.5851972013767421,0.5799779946961575,0.0052192066805846205,0.4359861591695502,0.4214046822742475,0.014581476895302703,0.34054054054054056,0.34054054054054056,0.0,0.38239757207890746,0.37668161434977576,0.005715957729131693,0.5833380353213339,0.5790328951080517,0.00430514021328221,0.4320047066000814,0.42623889837856016,0.005765808221521229
Logistic Regression,all_predictors,0.5,14,7441096293842163649,0.6295180722891566,0.5941265060240963,0.03539156626506024,0.5657168650905603,0.5660695141905998,-0.0003526491000395149,0.35944700460829493,0.3438077634011091,0.01563924120718585,0.42162162162162165,0.5027027027027027,-0.08108108108108103,0.3880597014925373,0.4083424807903403,-0.020282779297802978,0.6075156576200418,0.5857586187440049,0.02175703887603686,0.4248495663195855,0.39740195077577534,0.027447615543810144
Random Forest,all_predictors,0.5,14,7441096293842163649,0.6935240963855421,0.6822289156626506,0.011295180722891485,0.5851972013767421,0.5732212379394008,0.011975963437341308,0.4359861591695502,0.41156462585034015,0.024421533319210043,0.34054054054054056,0.327027027027027,0.013513513513513542,0.38239757207890746,0.3644578313253012,0.01793974075360627,0.5833380353213339,0.5877673080178301,-0.004429272696496178,0.4320047066000814,0.4213754848248735,0.010629221775207864
Logistic Regression,all_predictors,0.5,15,3629470980361054671,0.6295180722891566,0.5933734939759037,0.036144578313252906,0.5657168650905603,0.5638887321559556,0.0018281329346047093,0.35944700460829493,0.3420074349442379,0.01743956966405702,0.42162162162162165,0.4972972972972973,-0.07567567567567568,0.3880597014925373,0.4052863436123348,-0.017226642119797464,0.6075156576200418,0.5904389775997292,0.017076680020312596,0.4248495663195855,0.4031249460846786,0.0217246202349069
Random Forest,all_predictors,0.5,15,3629470980361054671,0.6935240963855421,0.6656626506024096,0.027861445783132543,0.5851972013767421,0.5534446764091858,0.03175252496755632,0.4359861591695502,0.375,0.06098615916955019,0.34054054054054056,0.3,0.04054054054054057,0.38239757207890746,0.3333333333333333,0.04906423874557414,0.5833380353213339,0.5636912486599335,0.019646786661400406,0.4320047066000814,0.4034244900009145,0.028580216599166874
Logistic Regression,all_predictors,0.5,16,11524324101075243157,0.6295180722891566,0.5978915662650602,0.031626506024096335,0.5657168650905603,0.5603848106979631,0.0053320543925972075,0.35944700460829493,0.34108527131782945,0.018361733290465476,0.42162162162162165,0.4756756756756757,-0.05405405405405406,0.3880597014925373,0.3972911963882618,-0.009231494895724501,0.6075156576200418,0.5880748180330644,0.0194408395869774,0.4248495663195855,0.4076643638258863,0.017185202493699203
Random Forest,all_predictors,0.5,16,11524324101075243157,0.6935240963855421,0.6807228915662651,0.012801204819277046,0.5851972013767421,0.5680302431868194,0.017166958189922754,0.4359861591695502,0.40559440559440557,0.03039175357514462,0.34054054054054056,0.31351351351351353,0.02702702702702703,0.38239757207890746,0.35365853658536583,0.02873903549354162,0.5833380353213339,0.5755515431924618,0.007786492128872058,0.4320047066000814,0.41852744998135255,0.013477256618728839
Logistic Regression,all_predictors,0.5,17,15955873998018466447,0.6295180722891566,0.5865963855421686,0.04292168674698793,0.5657168650905603,0.5575325847768436,0.008184280313716652,0.35944700460829493,0.3351749539594843,0.024272050648810606,0.42162162162162165,0.4918918918918919,-0.07027027027027027,0.3880597014925373,0.39868565169769987,-0.010625950205162549,0.6075156576200418,0.5776646165998983,0.029851041020143465,0.4248495663195855,0.4008551930005886,0.023994373318996898
Random Forest,all_predictors,0.5,17,15955873998018466447,0.6935240963855421,0.6859939759036144,0.0075301204819276935,0.5851972013767421,0.5725131185465215,0.0126840828302206,0.4359861591695502,0.41637010676156583,0.019616052407984363,0.34054054054054056,0.3162162162162162,0.024324324324324353,0.38239757207890746,0.35944700460829493,0.022950567470612526,0.5833380353213339,0.5821192800315973,0.0012187552897365839,0.4320047066000814,0.42861298568578,0.0033917209143013993
Logistic Regression,all_predictors,0.5,18,8499745068924773919,0.6295180722891566,0.5850903614457831,0.04442771084337349,0.5657168650905603,0.5481944366077978,0.01752242848276253,0.35944700460829493,0.32761904761904764,0.031827956989247286,0.42162162162162165,0.4648648648648649,-0.043243243243243246,0.3880597014925373,0.3843575418994413,0.0037021595930959994,0.6075156576200418,0.5781837160751566,0.029331941544885165,0.4248495663195855,0.4023743711256489,0.022475195193936592
Random Forest,all_predictors,0.5,18,8499745068924773919,0.6935240963855421,0.6739457831325302,0.01957831325301196,0.5851972013767421,0.5649918185408791,0.02020538283586304,0.4359861591695502,0.39464882943143814,0.04133732973811205,0.34054054054054056,0.31891891891891894,0.021621621621621623,0.38239757207890746,0.35276532137518685,0.02963225070372061,0.5833380353213339,0.5671387462619195,0.016199289059414368,0.4320047066000814,0.4024760451667402,0.029528661433341208
Logistic Regression,all_predictors,0.5,19,2577620460517444418,0.6295180722891566,0.6159638554216867,0.013554216867469826,0.5657168650905603,0.5812052135642949,-0.015488348473734592,0.35944700460829493,0.36328125,-0.003834245391705071,0.42162162162162165,0.5027027027027027,-0.08108108108108103,0.3880597014925373,0.4217687074829932,-0.0337090059904559,0.6075156576200418,0.6079670484680924,-0.00045139084805057017,0.4248495663195855,0.4190077514469761,0.005841814872609374
Random Forest,all_predictors,0.5,19,2577620460517444418,0.6935240963855421,0.6912650602409639,0.0022590361445782303,0.5851972013767421,0.5786548552728094,0.0065423461039327835,0.4359861591695502,0.42857142857142855,0.007414730598121644,0.34054054054054056,0.32432432432432434,0.016216216216216217,0.38239757207890746,0.36923076923076925,0.013166802848138204,0.5833380353213339,0.6067962534559612,-0.02345821813462734,0.4320047066000814,0.4376814628996717,-0.005676756299590302
Logistic Regression,all_predictors,0.5,20,477661616496843948,0.6295180722891566,0.5903614457831325,0.03915662650602403,0.5657168650905603,0.5618010494837218,0.003915815606838513,0.35944700460829493,0.33948339483394835,0.01996360977434658,0.42162162162162165,0.4972972972972973,-0.07567567567567568,0.3880597014925373,0.40350877192982454,-0.015449070437287216,0.6075156576200418,0.5967217739660329,0.010793883654008907,0.4248495663195855,0.4108095128820007,0.014040053437584799
Random Forest,all_predictors,0.5,20,477661616496843948,0.6935240963855421,0.6942771084337349,-0.0007530120481927804,0.5851972013767421,0.5832308299949218,0.00196637138182032,0.4359861591695502,0.43617021276595747,-0.00018405359640727426,0.34054054054054056,0.3324324324324324,0.008108108108108136,0.38239757207890746,0.3773006134969325,0.005096958581974953,0.5833380353213339,0.5860830559160414,-0.0027450205947074924,0.4320047066000814,0.43335750914963234,-0.0013528025495509466
Logistic Regression,all_predictors,0.5,21,16654314390621455581,0.6295180722891566,0.5903614457831325,0.03915662650602403,0.5657168650905603,0.5659482029001862,-0.00023133780962592,0.35944700460829493,0.3423913043478261,0.01705570026046882,0.42162162162162165,0.5108108108108108,-0.08918918918918917,0.3880597014925373,0.40997830802603036,-0.021918606533493035,0.6075156576200418,0.5902668848389099,0.017248772781131905,0.4248495663195855,0.4053425028876564,0.019507063431929095
Random Forest,all_predictors,0.5,21,16654314390621455581,0.6935240963855421,0.6701807228915663,0.02334337349397586,0.5851972013767421,0.5607233538340011,0.024473847542741067,0.4359861591695502,0.38666666666666666,0.04931949250288353,0.34054054054054056,0.31351351351351353,0.02702702702702703,0.38239757207890746,0.34626865671641793,0.03612891536248952,0.5833380353213339,0.5911837724990125,-0.007845737177678669,0.4320047066000814,0.4283452678527889,0.003659438747292465
Logistic Regression,all_predictors,0.5,22,4995311091354951333,0.6295180722891566,0.5918674698795181,0.03765060240963847,0.5657168650905603,0.5669920442363031,-0.0012751791457428219,0.35944700460829493,0.34363636363636363,0.0158106409719313,0.42162162162162165,0.5108108108108108,-0.08918918918918917,0.3880597014925373,0.4108695652173913,-0.022809863724853996,0.6075156576200418,0.5881453478530723,0.019370309766969518,0.4248495663195855,0.3999471508489028,0.02490241547068267
Random Forest,all_predictors,0.5,22,4995311091354951333,0.6935240963855421,0.6852409638554217,0.008283132530120474,0.5851972013767421,0.580285504711392,0.004911696665350185,0.4359861591695502,0.4205298013245033,0.015456357845046897,0.34054054054054056,0.34324324324324323,-0.002702702702702675,0.38239757207890746,0.37797619047619047,0.0044213816027169894,0.5833380353213339,0.5954099193138859,-0.01207188399255199,0.4320047066000814,0.42950383998063385,0.0025008666194475393
Logistic Regression,all_predictors,0.5,23,4856752611162323750,0.6295180722891566,0.6024096385542169,0.027108433734939652,0.5657168650905603,0.5660046267561926,-0.000287761665632269,0.35944700460829493,0.34689922480620156,0.012547779802093373,0.42162162162162165,0.4837837837837838,-0.06216216216216214,0.3880597014925373,0.4040632054176072,-0.016003503925069884,0.6075156576200418,0.5912035208486147,0.016312136771427066,0.4248495663195855,0.41588890904622433,0.00896065727336115
Random Forest,all_predictors,0.5,23,4856752611162323750,0.6935240963855421,0.6927710843373494,0.0007530120481927804,0.5851972013767421,0.5780398352423405,0.007157366134401655,0.4359861591695502,0.4306569343065693,0.005329224862980875,0.34054054054054056,0.31891891891891894,0.021621621621621623,0.38239757207890746,0.36645962732919257,0.015937944749714883,0.5833380353213339,0.5706398465271116,0.012698188794222243,0.4320047066000814,0.4190654822611064,0.012939224338974986
Logistic Regression,all_predictors,0.5,24,15108559291320518807,0.6295180722891566,0.5768072289156626,0.052710843373493965,0.5657168650905603,0.5507476160920838,0.014969248998476514,0.35944700460829493,0.3273381294964029,0.03210887511189203,0.42162162162162165,0.4918918918918919,-0.07027027027027027,0.3880597014925373,0.3930885529157667,-0.005028851423229397,0.6075156576200418,0.5678920047396039,0.0396236528804379,0.4248495663195855,0.3929440709777281,0.03190549534185738
Random Forest,all_predictors,0.5,24,15108559291320518807,0.6935240963855421,0.6875,0.0060240963855421326,0.5851972013767421,0.5793629746656886,0.005834226711053492,0.4359861591695502,0.4232081911262799,0.012777968043270305,0.34054054054054056,0.33513513513513515,0.005405405405405406,0.38239757207890746,0.3740573152337858,0.00834025684512163,0.5833380353213339,0.5767646560965975,0.006573379224736331,0.4320047066000814,0.4260134413878319,0.005991265212249464
Logistic Regression,all_predictors,0.5,25,10554414803165933225,0.6295180722891566,0.5993975903614458,0.030120481927710774,0.5657168650905603,0.569722958867009,-0.0040060937764486715,0.35944700460829493,0.34831460674157305,0.011132397866721877,0.42162162162162165,0.5027027027027027,-0.08108108108108103,0.3880597014925373,0.41150442477876104,-0.023444723286223712,0.6075156576200418,0.5872538509281724,0.02026180669186939,0.4248495663195855,0.4064533570821898,0.018396209237395655
Random Forest,all_predictors,0.5,25,10554414803165933225,0.6935240963855421,0.6844879518072289,0.009036144578313254,0.5851972013767421,0.5756164306268691,0.009580770749873069,0.4359861591695502,0.41638225255972694,0.01960390660982325,0.34054054054054056,0.32972972972972975,0.010810810810810811,0.38239757207890746,0.3680241327300151,0.014373439348892347,0.5833380353213339,0.5826637702420583,0.0006742650792755933,0.4320047066000814,0.41744854239247514,0.014556164207606248
Logistic Regression,all_predictors,0.5,26,13796690685395446399,0.6295180722891566,0.6061746987951807,0.02334337349397586,0.5657168650905603,0.5818851210291711,-0.01616825593861082,0.35944700460829493,0.35911602209944754,0.00033098250884738833,0.42162162162162165,0.527027027027027,-0.10540540540540533,0.3880597014925373,0.42716319824753557,-0.039103496754998246,0.6075156576200418,0.6070501608079897,0.0004654968120521019,0.4248495663195855,0.3957954193489267,0.02905414697065878
Random Forest,all_predictors,0.5,26,13796690685395446399,0.6935240963855421,0.6671686746987951,0.026355421686746983,0.5851972013767421,0.560294532528353,0.024902668848389098,0.4359861591695502,0.38311688311688313,0.05286927605266706,0.34054054054054056,0.31891891891891894,0.021621621621621623,0.38239757207890746,0.3480825958702065,0.03431497620870094,0.5833380353213339,0.5894656660836202,-0.006127630762286285,0.4320047066000814,0.40902487906693785,0.022979827533143538
Logistic Regression,all_predictors,0.5,27,18079966303247676935,0.6295180722891566,0.5956325301204819,0.033885542168674676,0.5657168650905603,0.572089939626474,-0.006373074535913736,0.35944700460829493,0.3484573502722323,0.010989654336062638,0.42162162162162165,0.518918918918919,-0.0972972972972973,0.3880597014925373,0.4169381107491857,-0.028878409256648363,0.6075156576200418,0.5986712181910511,0.008844439428990714,0.4248495663195855,0.4244659941048414,0.00038357221474405456
Random Forest,all_predictors,0.5,27,18079966303247676935,0.6935240963855421,0.6814759036144579,0.012048192771084265,0.5851972013767421,0.575187609321221,0.0100095920555211,0.4359861591695502,0.4119601328903654,0.024026026279184765,0.34054054054054056,0.33513513513513515,0.005405405405405406,0.38239757207890746,0.36959761549925485,0.012799956579652605,0.5833380353213339,0.6001551656040174,-0.0168171302826835,0.4320047066000814,0.4320888071055936,-8.410050551221904e-05
Logistic Regression,all_predictors,0.5,28,9025376059774330879,0.6295180722891566,0.5850903614457831,0.04442771084337349,0.5657168650905603,0.5614653275404842,0.004251537550076123,0.35944700460829493,0.3375224416517056,0.021924562956589344,0.42162162162162165,0.5081081081081081,-0.08648648648648649,0.3880597014925373,0.40560949298813376,-0.017549791495596434,0.6075156576200418,0.5868278508153246,0.020687806804717157,0.4248495663195855,0.40599866643137683,0.01885089988820865
Random Forest,all_predictors,0.5,28,9025376059774330879,0.6935240963855421,0.6882530120481928,0.005271084337349352,0.5851972013767421,0.5740788805506969,0.011118320826045247,0.4359861591695502,0.420863309352518,0.015122849817032213,0.34054054054054056,0.3162162162162162,0.024324324324324353,0.38239757207890746,0.3611111111111111,0.02128646096779635,0.5833380353213339,0.5916408057326638,-0.008302770411329874,0.4320047066000814,0.4362860436234701,-0.004281337023388732
Logistic Regression,all_predictors,0.5,29,8498345477811084826,0.6295180722891566,0.5911144578313253,0.03840361445783125,0.5657168650905603,0.5598346781019015,0.005882186988658833,0.35944700460829493,0.3383177570093458,0.02112924759894913,0.42162162162162165,0.4891891891891892,-0.06756756756756754,0.3880597014925373,0.4,-0.011940298507462699,0.6075156576200418,0.5858150426000113,0.02170061502003051,0.4248495663195855,0.406162374255368,0.018687192064217484
Random Forest,all_predictors,0.5,29,8498345477811084826,0.6935240963855421,0.6784638554216867,0.015060240963855387,0.5851972013767421,0.5689527732325227,0.016244428144219447,0.4359861591695502,0.4033898305084746,0.03259632866107559,0.34054054054054056,0.3216216216216216,0.018918918918918948,0.38239757207890746,0.35789473684210527,0.02450283523680219,0.5833380353213339,0.5678299384979969,0.015508096823336981,0.4320047066000814,0.4199360815729881,0.012068625027093272
Logistic Regression,all_predictors,1.0,0,8017726088511468765,0.6295180722891566,0.5489457831325302,0.0805722891566264,0.5657168650905603,0.5422191502567285,0.023497714833831784,0.35944700460829493,0.3150242326332795,0.04442277197501543,0.42162162162162165,0.527027027027027,-0.10540540540540533,0.3880597014925373,0.3943377148634985,-0.006278013370961177,0.6075156576200418,0.5804406703154094,0.027074987304632425,0.4248495663195855,0.364854989943763,0.059994576375822506
Random Forest,all_predictors,1.0,0,8017726088511468765,0.6935240963855421,0.6536144578313253,0.03990963855421681,0.5851972013767421,0.5683180048524517,0.016879196524290485,0.4359861591695502,0.37771739130434784,0.05826876786520235,0.34054054054054056,0.37567567567567567,-0.03513513513513511,0.38239757207890746,0.37669376693766937,0.005703805141238083,0.5833380353213339,0.5905574676973424,-0.007219432376008528,0.4320047066000814,0.3962119750636438,0.03579273153643758
Logistic Regression,all_predictors,1.0,1,10731012623417876568,0.6295180722891566,0.5602409638554217,0.06927710843373491,0.5657168650905603,0.5500479602776054,0.01566890481295491,0.35944700460829493,0.3228476821192053,0.03659932248908965,0.42162162162162165,0.527027027027027,-0.10540540540540533,0.3880597014925373,0.4004106776180698,-0.012350976125532487,0.6075156576200418,0.5854849630423743,0.022030694577667487,0.4248495663195855,0.3741255574687762,0.0507240088508093
Random Forest,all_predictors,1.0,1,10731012623417876568,0.6935240963855421,0.6551204819277109,0.03840361445783125,0.5851972013767421,0.5585792473057609,0.02661795407098122,0.4359861591695502,0.37058823529411766,0.06539792387543253,0.34054054054054056,0.34054054054054056,0.0,0.38239757207890746,0.35492957746478876,0.027467994614118696,0.5833380353213339,0.5669892230435027,0.016348812277831137,0.4320047066000814,0.37785051053314705,0.054154196066934335
Logistic Regression,all_predictors,1.0,2,16570582358456595711,0.6295180722891566,0.5429216867469879,0.08659638554216864,0.5657168650905603,0.5496558144783614,0.01606105061219887,0.35944700460829493,0.3190839694656489,0.04036303514264605,0.42162162162162165,0.5648648648648649,-0.14324324324324322,0.3880597014925373,0.40780487804878046,-0.019745176556243138,0.6075156576200418,0.58374992947018,0.023765728149861776,0.4248495663195855,0.3752314037964434,0.049618162523142106
Random Forest,all_predictors,1.0,2,16570582358456595711,0.6935240963855421,0.6521084337349398,0.04141566265060237,0.5851972013767421,0.5722507476160921,0.012946453760650067,0.4359861591695502,0.3795811518324607,0.056405007337089474,0.34054054054054056,0.3918918918918919,-0.051351351351351326,0.38239757207890746,0.38563829787234044,-0.003240725793432986,0.5833380353213339,0.5891920103819894,-0.005853975060655547,0.4320047066000814,0.4027313628567737,0.0292733437433077
Logistic Regression,all_predictors,1.0,3,7515906637343683926,0.6295180722891566,0.5489457831325302,0.0805722891566264,0.5657168650905603,0.5471957343564859,0.018521130734074354,0.35944700460829493,0.3185419968304279,0.04090500777786704,0.42162162162162165,0.5432432432432432,-0.1216216216216216,0.3880597014925373,0.4015984015984016,-0.013538700105864276,0.6075156576200418,0.5620690627997518,0.04544659482029001,0.4248495663195855,0.34925471409132036,0.07559485222826512
Random Forest,all_predictors,1.0,3,7515906637343683926,0.6935240963855421,0.6536144578313253,0.03990963855421681,0.5851972013767421,0.5674885741691588,0.01770862720758337,0.4359861591695502,0.3770491803278688,0.058936978841681364,0.34054054054054056,0.372972972972973,-0.032432432432432434,0.38239757207890746,0.375,0.007397572078907455,0.5833380353213339,0.5768972521582125,0.006440783163121355,0.4320047066000814,0.3923013103834074,0.039703396216674014
Logistic Regression,all_predictors,1.0,4,6860994510054479792,0.6295180722891566,0.5429216867469879,0.08659638554216864,0.5657168650905603,0.537214354228968,0.02850251086159228,0.35944700460829493,0.3104,0.04904700460829492,0.42162162162162165,0.5243243243243243,-0.10270270270270265,0.3880597014925373,0.38994974874371857,-0.0018900472511812483,0.6075156576200418,0.5550866106189697,0.05242904700107209,0.4248495663195855,0.3469294631758069,0.07792010314377856
Random Forest,all_predictors,1.0,4,6860994510054479792,0.6935240963855421,0.6340361445783133,0.05948795180722888,0.5851972013767421,0.5439654686001242,0.04123173277661796,0.4359861591695502,0.3423913043478261,0.09359485482172408,0.34054054054054056,0.34054054054054056,0.0,0.38239757207890746,0.34146341463414637,0.04093415744476109,0.5833380353213339,0.5686988658804943,0.014639169440839539,0.4320047066000814,0.3796279671116029,0.052376739488478485
Logistic Regression,all_predictors,1.0,5,7520726922315606148,0.6295180722891566,0.5534638554216867,0.07605421686746983,0.5657168650905603,0.5519861197314224,0.013730745359137875,0.35944700460829493,0.32273449920508746,0.036712505403207474,0.42162162162162165,0.5486486486486486,-0.12702702702702695,0.3880597014925373,0.4064064064064064,-0.018346704913869083,0.6075156576200418,0.5694577667437792,0.038057890876262546,0.4248495663195855,0.36703014801729594,0.05781941830228954
Random Forest,all_predictors,1.0,5,7520726922315606148,0.6935240963855421,0.641566265060241,0.051957831325301185,0.5851972013767421,0.5458669525475371,0.039330248829204995,0.4359861591695502,0.3485714285714286,0.0874147305981216,0.34054054054054056,0.32972972972972975,0.010810810810810811,0.38239757207890746,0.3388888888888889,0.04350868319001855,0.5833380353213339,0.5735569598826384,0.009781075438695441,0.4320047066000814,0.38260852516232347,0.049396181437757924
Logistic Regression,all_predictors,1.0,6,9619203211791699037,0.6295180722891566,0.5489457831325302,0.0805722891566264,0.5657168650905603,0.5447074423066072,0.021009422783953124,0.35944700460829493,0.3168,0.0426470046082949,0.42162162162162165,0.5351351351351351,-0.11351351351351346,0.3880597014925373,0.39798994974874374,-0.00993024825620642,0.6075156576200418,0.5727895954409524,0.034726062179089356,0.4248495663195855,0.3529966999182338,0.07185286640135169
Random Forest,all_predictors,1.0,6,9619203211791699037,0.6935240963855421,0.6340361445783133,0.05948795180722888,0.5851972013767421,0.54562432996671,0.039572871410032184,0.4359861591695502,0.34408602150537637,0.09190013766417382,0.34054054054054056,0.34594594594594597,-0.005405405405405406,0.38239757207890746,0.3450134770889488,0.03738409498995865,0.5833380353213339,0.571088416182362,0.012249619138971934,0.4320047066000814,0.3811610972241293,0.050843609375952115
Logistic Regression,all_predictors,1.0,7,187288616250822657,0.6295180722891566,0.5715361445783133,0.05798192771084332,0.5657168650905603,0.5636827850815325,0.0020340800090278277,0.35944700460829493,0.33499170812603646,0.02445529648225847,0.42162162162162165,0.5459459459459459,-0.12432432432432428,0.3880597014925373,0.41521068859198357,-0.027150987099446244,0.6075156576200418,0.5827540484116684,0.024761609208373336,0.4248495663195855,0.36535322185444435,0.05949634446514113
Random Forest,all_predictors,1.0,7,187288616250822657,0.6935240963855421,0.6543674698795181,0.03915662650602403,0.5851972013767421,0.5663516334706313,0.018845567906110805,0.4359861591695502,0.3767313019390582,0.05925485723049201,0.34054054054054056,0.3675675675675676,-0.02702702702702703,0.38239757207890746,0.37209302325581395,0.010304548823093507,0.5833380353213339,0.5859589234328274,-0.0026208881114935245,0.4320047066000814,0.3895268856347808,0.04247782096530062
Logistic Regression,all_predictors,1.0,8,15591812423493243357,0.6295180722891566,0.545933734939759,0.08358433734939752,0.5657168650905603,0.537643175534616,0.028073689555944248,0.35944700460829493,0.31118314424635335,0.04826386036194158,0.42162162162162165,0.518918918918919,-0.0972972972972973,0.3880597014925373,0.3890577507598784,-0.0009980492673410946,0.6075156576200418,0.5677001636291825,0.03981549399085926,0.4248495663195855,0.3616870572699545,0.063162509049631
Random Forest,all_predictors,1.0,8,15591812423493243357,0.6935240963855421,0.6355421686746988,0.05798192771084332,0.5851972013767421,0.5474976019861197,0.037699599390622396,0.4359861591695502,0.3467741935483871,0.08921196562116307,0.34054054054054056,0.34864864864864864,-0.00810810810810808,0.38239757207890746,0.3477088948787062,0.034688677200201246,0.5833380353213339,0.5739293573322801,0.00940867798905376,0.4320047066000814,0.3908514083703424,0.04115329822973901
Logistic Regression,all_predictors,1.0,9,7178528498020698429,0.6295180722891566,0.5406626506024096,0.08885542168674698,0.5657168650905603,0.5397957456412571,0.025921119449303198,0.35944700460829493,0.31191222570532917,0.04753477890296576,0.42162162162162165,0.5378378378378378,-0.11621621621621614,0.3880597014925373,0.3948412698412698,-0.006781568348732503,0.6075156576200418,0.5556959882638379,0.05181966935620386,0.4248495663195855,0.35822699335072766,0.06662257296885782
Random Forest,all_predictors,1.0,9,7178528498020698429,0.6935240963855421,0.6490963855421686,0.04442771084337349,0.5851972013767421,0.5610393274276364,0.024157873949105735,0.4359861591695502,0.36813186813186816,0.06785429103768204,0.34054054054054056,0.3621621621621622,-0.021621621621621623,0.38239757207890746,0.3651226158038147,0.017274956275092734,0.5833380353213339,0.5669271568018959,0.01641087851943801,0.4320047066000814,0.3910844345865466,0.040920272013534764
Logistic Regression,all_predictors,1.0,10,13427903967575272860,0.6295180722891566,0.5647590361445783,0.06475903614457823,0.5657168650905603,0.5506911922360774,0.015025672854482863,0.35944700460829493,0.32432432432432434,0.035122680283970587,0.42162162162162165,0.518918918918919,-0.0972972972972973,0.3880597014925373,0.3991683991683992,-0.011108697675861867,0.6075156576200418,0.5739406421034814,0.03357501551656039,0.4248495663195855,0.3665851480364674,0.05826441828311807
Random Forest,all_predictors,1.0,10,13427903967575272860,0.6935240963855421,0.6528614457831325,0.04066265060240959,0.5851972013767421,0.5677960841843932,0.017401117192348936,0.4359861591695502,0.37669376693766937,0.05929239223188082,0.34054054054054056,0.37567567567567567,-0.03513513513513511,0.38239757207890746,0.3761840324763194,0.006213539602588081,0.5833380353213339,0.582875359702082,0.00046267561925184,0.4320047066000814,0.38813729895894455,0.043867407641136835
Logistic Regression,all_predictors,1.0,11,12331035015274934940,0.6295180722891566,0.5504518072289156,0.07906626506024095,0.5657168650905603,0.5498984370591886,0.01581842803137168,0.35944700460829493,0.320695102685624,0.03875190192267092,0.42162162162162165,0.5486486486486486,-0.12702702702702695,0.3880597014925373,0.4047856430707876,-0.016725941578250303,0.6075156576200418,0.572874231224962,0.03464142639507983,0.4248495663195855,0.3664145185220083,0.05843504779757719
Random Forest,all_predictors,1.0,11,12331035015274934940,0.6935240963855421,0.6588855421686747,0.034638554216867457,0.5851972013767421,0.5744597415787395,0.010737459798002669,0.4359861591695502,0.3869209809264305,0.04906517824311968,0.34054054054054056,0.3837837837837838,-0.043243243243243246,0.38239757207890746,0.3853459972862958,-0.002948425207388361,0.5833380353213339,0.5858855724200192,-0.002547537098685271,0.4320047066000814,0.40233097538504925,0.02967373121503214
Logistic Regression,all_predictors,1.0,12,6625186895698368436,0.6295180722891566,0.5504518072289156,0.07906626506024095,0.5657168650905603,0.5565338825255317,0.009182982565028586,0.35944700460829493,0.325115562403698,0.03433144220459694,0.42162162162162165,0.5702702702702702,-0.14864864864864857,0.3880597014925373,0.4141315014720314,-0.026071799979494104,0.6075156576200418,0.591767759408678,0.015747898211363798,0.4248495663195855,0.37530381008785985,0.049545756231725635
Random Forest,all_predictors,1.0,12,6625186895698368436,0.6935240963855421,0.6573795180722891,0.03614457831325302,0.5851972013767421,0.5775630536590871,0.0076341477176550265,0.4359861591695502,0.38786279683377306,0.04812336233577713,0.34054054054054056,0.3972972972972973,-0.05675675675675673,0.38239757207890746,0.3925233644859813,-0.010125792407073841,0.5833380353213339,0.5850138238447216,-0.001675788523387678,0.4320047066000814,0.392812216732113,0.039192489867968416
Logistic Regression,all_predictors,1.0,13,10334904417270042697,0.6295180722891566,0.5602409638554217,0.06927710843373491,0.5657168650905603,0.5566834057439485,0.009033459346611816,0.35944700460829493,0.32741935483870965,0.032027649769585276,0.42162162162162165,0.5486486486486486,-0.12702702702702695,0.3880597014925373,0.4101010101010101,-0.022041308608472754,0.6075156576200418,0.5895785137956328,0.01793714382440903,0.4248495663195855,0.37093557793894893,0.053913988380636546
Random Forest,all_predictors,1.0,13,10334904417270042697,0.6935240963855421,0.6468373493975904,0.04668674698795172,0.5851972013767421,0.559473565423461,0.025723635953281088,0.4359861591695502,0.3651226158038147,0.07086354336573547,0.34054054054054056,0.3621621621621622,-0.021621621621621623,0.38239757207890746,0.36363636363636365,0.01876120844254381,0.5833380353213339,0.5750832251876092,0.008254810133724644,0.4320047066000814,0.3944122006478741,0.03759250595220731
Logistic Regression,all_predictors,1.0,14,685340276862069549,0.6295180722891566,0.5519578313253012,0.07756024096385539,0.5657168650905603,0.547624555662134,0.018092309428426323,0.35944700460829493,0.31942215088282505,0.04002485372546988,0.42162162162162165,0.5378378378378378,-0.11621621621621614,0.3880597014925373,0.40080563947633435,-0.012745937983797029,0.6075156576200418,0.568803250014106,0.03871240760593575,0.4248495663195855,0.35869597219825594,0.06615359412132954
Random Forest,all_predictors,1.0,14,685340276862069549,0.6935240963855421,0.6483433734939759,0.04518072289156627,0.5851972013767421,0.5613468374428708,0.0238503639338713,0.4359861591695502,0.3678474114441417,0.06813874772540851,0.34054054054054056,0.36486486486486486,-0.024324324324324298,0.38239757207890746,0.36635006784260515,0.0160475042363023,0.5833380353213339,0.5632821757038876,0.02005585961744627,0.4320047066000814,0.3885071121026588,0.043497594497422576
Logistic Regression,all_predictors,1.0,15,13551908390108455563,0.6295180722891566,0.5376506024096386,0.091867469879518,0.5657168650905603,0.5360492016024375,0.029667663488122775,0.35944700460829493,0.30877742946708464,0.05066957514121029,0.42162162162162165,0.5324324324324324,-0.11081081081081079,0.3880597014925373,0.39087301587301587,-0.0028133143804785488,0.6075156576200418,0.5628025729278339,0.044713084692207916,0.4248495663195855,0.35804806977074094,0.06680149654884454
Random Forest,all_predictors,1.0,15,13551908390108455563,0.6935240963855421,0.6317771084337349,0.06174698795180722,0.5851972013767421,0.5440585679625345,0.04113863341420765,0.4359861591695502,0.3413333333333333,0.09465282583621687,0.34054054054054056,0.34594594594594597,-0.005405405405405406,0.38239757207890746,0.3436241610738255,0.03877341100508197,0.5833380353213339,0.5399085933532697,0.0434294419680642,0.4320047066000814,0.36282800720613806,0.06917669939394333
Logistic Regression,all_predictors,1.0,16,5810660939460914754,0.6295180722891566,0.5504518072289156,0.07906626506024095,0.5657168650905603,0.539115838176381,0.026601026914179315,0.35944700460829493,0.3130148270181219,0.04643217759017304,0.42162162162162165,0.5135135135135135,-0.09189189189189184,0.3880597014925373,0.3889457523029683,-0.0008860508104309717,0.6075156576200418,0.569062799751735,0.03845285786830677,0.4248495663195855,0.3743949759045807,0.050454590415004774
Random Forest,all_predictors,1.0,16,5810660939460914754,0.6935240963855421,0.6408132530120482,0.052710843373493965,0.5851972013767421,0.5478333239293574,0.037363877447384786,0.4359861591695502,0.35014005602240894,0.08584610314714125,0.34054054054054056,0.33783783783783783,0.0027027027027027306,0.38239757207890746,0.343878954607978,0.03851861747092944,0.5833380353213339,0.5480336286181797,0.035304406703154156,0.4320047066000814,0.3843665713270328,0.04763813527304861
Logistic Regression,all_predictors,1.0,17,10499129623829570610,0.6295180722891566,0.5572289156626506,0.07228915662650592,0.5657168650905603,0.5487897082886645,0.016927156801895826,0.35944700460829493,0.32131147540983607,0.03813552919845886,0.42162162162162165,0.5297297297297298,-0.10810810810810811,0.3880597014925373,0.4,-0.011940298507462699,0.6075156576200418,0.5569514190599786,0.0505642385600632,0.4248495663195855,0.36138575156172004,0.06346381475786544
Random Forest,all_predictors,1.0,17,10499129623829570610,0.6935240963855421,0.6551204819277109,0.03840361445783125,0.5851972013767421,0.5519438018394177,0.033253399537324424,0.4359861591695502,0.36419753086419754,0.07178862830535265,0.34054054054054056,0.31891891891891894,0.021621621621621623,0.38239757207890746,0.3400576368876081,0.04233993519129936,0.5833380353213339,0.5776702589854991,0.005667776335834818,0.4320047066000814,0.40314371368565965,0.028860992914421735
Logistic Regression,all_predictors,1.0,18,3098209192493909230,0.6295180722891566,0.5496987951807228,0.07981927710843373,0.5657168650905603,0.535276194775151,0.030440670315409313,0.35944700460829493,0.31,0.04944700460829493,0.42162162162162165,0.5027027027027027,-0.08108108108108103,0.3880597014925373,0.3835051546391753,0.00455454685336204,0.6075156576200418,0.5522484906618519,0.055267166958189895,0.4248495663195855,0.35583972946749415,0.06900983685209133
Random Forest,all_predictors,1.0,18,3098209192493909230,0.6935240963855421,0.6272590361445783,0.06626506024096379,0.5851972013767421,0.5367798905377194,0.04841731083902279,0.4359861591695502,0.33153638814016173,0.10444977102938846,0.34054054054054056,0.3324324324324324,0.008108108108108136,0.38239757207890746,0.3319838056680162,0.050413766410891236,0.5833380353213339,0.5362777182192631,0.047060317102070814,0.4320047066000814,0.3614253409892962,0.0705793656107852
Logistic Regression,all_predictors,1.0,19,16545726191694444929,0.6295180722891566,0.5715361445783133,0.05798192771084332,0.5657168650905603,0.567000507814704,-0.0012836427241437187,0.35944700460829493,0.337152209492635,0.022294795115659904,0.42162162162162165,0.5567567567567567,-0.1351351351351351,0.3880597014925373,0.4199796126401631,-0.03191991114762577,0.6075156576200418,0.5930514021328217,0.014464255487220079,0.4248495663195855,0.3821671061690173,0.0426824601505682
Random Forest,all_predictors,1.0,19,16545726191694444929,0.6935240963855421,0.6649096385542169,0.028614457831325213,0.5851972013767421,0.5794645376065001,0.0057326637702420635,0.4359861591695502,0.3961218836565097,0.039864275513040504,0.34054054054054056,0.3864864864864865,-0.04594594594594592,0.38239757207890746,0.3912448700410397,-0.008847297962132239,0.5833380353213339,0.6000225695424026,-0.016684534221068748,0.4320047066000814,0.40674739525699244,0.02525731134308895
Logistic Regression,all_predictors,1.0,20,16403174121095487123,0.6295180722891566,0.5557228915662651,0.07379518072289148,0.5657168650905603,0.5502341590024262,0.015482706088134068,0.35944700460829493,0.3220064724919094,0.03744053211638554,0.42162162162162165,0.5378378378378378,-0.11621621621621614,0.3880597014925373,0.402834008097166,-0.014774306604628695,0.6075156576200418,0.5754612650228517,0.03205439259719012,0.4248495663195855,0.3702837980366743,0.05456576828291115
Random Forest,all_predictors,1.0,20,16403174121095487123,0.6935240963855421,0.6521084337349398,0.04141566265060237,0.5851972013767421,0.5672741635163348,0.017923037860407387,0.4359861591695502,0.37567567567567567,0.06031048349387452,0.34054054054054056,0.37567567567567567,-0.03513513513513511,0.38239757207890746,0.37567567567567567,0.006721896403231786,0.5833380353213339,0.5732297015178018,0.010108333803532044,0.4320047066000814,0.4123191442919074,0.019685562308173976
Logistic Regression,all_predictors,1.0,21,15129270537104992163,0.6295180722891566,0.552710843373494,0.0768072289156626,0.5657168650905603,0.5531230604299497,0.012593804660610552,0.35944700460829493,0.32334384858044163,0.0361031560278533,0.42162162162162165,0.5540540540540541,-0.1324324324324324,0.3880597014925373,0.40836653386454186,-0.020306832372004535,0.6075156576200418,0.5695113694069853,0.03800428821305646,0.4248495663195855,0.35671907573694994,0.06813049058263554
Random Forest,all_predictors,1.0,21,15129270537104992163,0.6935240963855421,0.6483433734939759,0.04518072289156627,0.5851972013767421,0.5654939908593353,0.019703210517406866,0.4359861591695502,0.3713527851458886,0.0646333740236616,0.34054054054054056,0.3783783783783784,-0.03783783783783784,0.38239757207890746,0.3748326639892905,0.007564908089616962,0.5833380353213339,0.5862382215200587,-0.0029001861987247857,0.4320047066000814,0.3996561983846692,0.032348508215412186
Logistic Regression,all_predictors,1.0,22,7376434984412344367,0.6295180722891566,0.5534638554216867,0.07605421686746983,0.5657168650905603,0.5486683969982509,0.01704846809230942,0.35944700460829493,0.32045088566827695,0.038996118940017976,0.42162162162162165,0.5378378378378378,-0.11621621621621614,0.3880597014925373,0.40161453077699294,-0.013554829284455616,0.6075156576200418,0.563338599559894,0.04417705806014782,0.4248495663195855,0.3558409060747155,0.06900866024486996
Random Forest,all_predictors,1.0,22,7376434984412344367,0.6935240963855421,0.6438253012048193,0.04969879518072284,0.5851972013767421,0.5582153134345201,0.026981887942222005,0.4359861591695502,0.36193029490616624,0.07405586426338395,0.34054054054054056,0.36486486486486486,-0.024324324324324298,0.38239757207890746,0.3633916554508748,0.019005916628032637,0.5833380353213339,0.5826806973988603,0.0006573379224735776,0.4320047066000814,0.3860186423489153,0.04598606425116608
Logistic Regression,all_predictors,1.0,23,3724863263349281002,0.6295180722891566,0.5474397590361446,0.08207831325301196,0.5657168650905603,0.53785758618744,0.027859278903120344,0.35944700460829493,0.31158238172920066,0.047864622879094265,0.42162162162162165,0.5162162162162162,-0.09459459459459452,0.3880597014925373,0.3886063072227874,-0.0005466057302500604,0.6075156576200418,0.573348191615415,0.034167466004626834,0.4248495663195855,0.3752523566250482,0.04959720969453729
Random Forest,all_predictors,1.0,23,3724863263349281002,0.6935240963855421,0.6558734939759037,0.03765060240963847,0.5851972013767421,0.5607600293404051,0.024437172036336996,0.4359861591695502,0.37317784256559766,0.06280831660395253,0.34054054054054056,0.34594594594594597,-0.005405405405405406,0.38239757207890746,0.3590462833099579,0.02335128876894954,0.5833380353213339,0.5571742932912036,0.026163742030130277,0.4320047066000814,0.39015090590692847,0.04185380069315292
Logistic Regression,all_predictors,1.0,24,11667896179647265136,0.6295180722891566,0.5391566265060241,0.09036144578313243,0.5657168650905603,0.5354341815719685,0.030282683518591758,0.35944700460829493,0.30854430379746833,0.050902700810826595,0.42162162162162165,0.527027027027027,-0.10540540540540533,0.3880597014925373,0.38922155688622756,-0.0011618553936902365,0.6075156576200418,0.5486655758054505,0.05885008181459128,0.4248495663195855,0.35157885856649057,0.07327070775309491
Random Forest,all_predictors,1.0,24,11667896179647265136,0.6935240963855421,0.6558734939759037,0.03765060240963847,0.5851972013767421,0.5599305986571123,0.025266602719629883,0.4359861591695502,0.3724340175953079,0.06355214157424227,0.34054054054054056,0.34324324324324323,-0.002702702702702675,0.38239757207890746,0.35724331926863573,0.025154252810271727,0.5833380353213339,0.569392879309372,0.01394515601196189,0.4320047066000814,0.3852491210335408,0.04675558556654058
Logistic Regression,all_predictors,1.0,25,13728579243531419653,0.6295180722891566,0.5549698795180723,0.07454819277108427,0.5657168650905603,0.5472239462844891,0.01849291880607118,0.35944700460829493,0.3197389885807504,0.039708016027544535,0.42162162162162165,0.5297297297297298,-0.10810810810810811,0.3880597014925373,0.3987792472024415,-0.010719545709904188,0.6075156576200418,0.5675224284827625,0.03999322913727932,0.4248495663195855,0.3605875668227027,0.06426199949688277
Random Forest,all_predictors,1.0,25,13728579243531419653,0.6935240963855421,0.6506024096385542,0.04292168674698793,0.5851972013767421,0.5662303221802177,0.0189668791965244,0.4359861591695502,0.3736559139784946,0.06233024519105557,0.34054054054054056,0.37567567567567567,-0.03513513513513511,0.38239757207890746,0.3746630727762803,0.007734499302627151,0.5833380353213339,0.5685549850476781,0.014783050273655785,0.4320047066000814,0.3810336651131215,0.05097104148695991
Logistic Regression,all_predictors,1.0,26,3002544690495305578,0.6295180722891566,0.545933734939759,0.08358433734939752,0.5657168650905603,0.5442786210009591,0.021438244089601155,0.35944700460829493,0.315955766192733,0.043491238415561906,0.42162162162162165,0.5405405405405406,-0.11891891891891893,0.3880597014925373,0.3988035892323031,-0.010743887739765756,0.6075156576200418,0.5823449754556227,0.02517068216441909,0.4248495663195855,0.3461307161428093,0.07871885017677616
Random Forest,all_predictors,1.0,26,3002544690495305578,0.6935240963855421,0.6325301204819277,0.06099397590361444,0.5851972013767421,0.5429216272640073,0.04227557411273486,0.4359861591695502,0.34054054054054056,0.09544561862900963,0.34054054054054056,0.34054054054054056,0.0,0.38239757207890746,0.34054054054054056,0.041857031538366896,0.5833380353213339,0.5753540596964397,0.007983975624894168,0.4320047066000814,0.3748315328170029,0.05717317378307851
Logistic Regression,all_predictors,1.0,27,10725077790848635801,0.6295180722891566,0.5647590361445783,0.06475903614457823,0.5657168650905603,0.5614737911188851,0.004243073971675226,0.35944700460829493,0.33171521035598706,0.027731794252307873,0.42162162162162165,0.5540540540540541,-0.1324324324324324,0.3880597014925373,0.4149797570850202,-0.026920055592482894,0.6075156576200418,0.5823619026124245,0.025153755007617296,0.4248495663195855,0.3915589791552406,0.033290587164344854
Random Forest,all_predictors,1.0,27,10725077790848635801,0.6935240963855421,0.6453313253012049,0.04819277108433728,0.5851972013767421,0.5559414320374655,0.02925576933927665,0.4359861591695502,0.3608815426997245,0.07510461646982569,0.34054054054054056,0.35405405405405405,-0.013513513513513487,0.38239757207890746,0.35743519781718963,0.024962374261717823,0.5833380353213339,0.5906279975173503,-0.0072899621960164085,0.4320047066000814,0.39563729458660024,0.03636741201348115
Logistic Regression,all_predictors,1.0,28,15079853956684078572,0.6295180722891566,0.536144578313253,0.09337349397590355,0.5657168650905603,0.5432996670992496,0.0224171979913107,0.35944700460829493,0.31363636363636366,0.04581064097193127,0.42162162162162165,0.5594594594594594,-0.13783783783783776,0.3880597014925373,0.40194174757281553,-0.01388204608027821,0.6075156576200418,0.5613722281780738,0.04614342944196803,0.4248495663195855,0.37303951276627334,0.05181005355331214
Random Forest,all_predictors,1.0,28,15079853956684078572,0.6935240963855421,0.6468373493975904,0.04668674698795172,0.5851972013767421,0.5544969813237037,0.030700220053038407,0.4359861591695502,0.36056338028169016,0.07542277888786003,0.34054054054054056,0.34594594594594597,-0.005405405405405406,0.38239757207890746,0.35310344827586204,0.029294123803045413,0.5833380353213339,0.560946228065226,0.0223918072561079,0.4320047066000814,0.3939373360891594,0.038067370510922016
Logistic Regression,all_predictors,1.0,29,16498790203018573568,0.6295180722891566,0.5399096385542169,0.08960843373493965,0.5657168650905603,0.5326383795068554,0.03307848558370485,0.35944700460829493,0.30658105939004815,0.05286594521824678,0.42162162162162165,0.5162162162162162,-0.09459459459459452,0.3880597014925373,0.38469284994964753,0.0033668515428897927,0.6075156576200418,0.5644275799808159,0.04308807763922584,0.4248495663195855,0.3694446147318582,0.05540495158772729
Random Forest,all_predictors,1.0,29,16498790203018573568,0.6935240963855421,0.6490963855421686,0.04442771084337349,0.5851972013767421,0.5618687581109293,0.023328443265812848,0.4359861591695502,0.36885245901639346,0.06713370015315673,0.34054054054054056,0.36486486486486486,-0.024324324324324298,0.38239757207890746,0.36684782608695654,0.015549745991950914,0.5833380353213339,0.5604327709755685,0.02290526434576534,0.4320047066000814,0.39621766252111257,0.03578704407896882
