model,feature_group,noise_intensity,seed,dataset_signature,clean_accuracy,noisy_accuracy,accuracy_degradation,clean_balanced_accuracy,noisy_balanced_accuracy,balanced_accuracy_degradation,clean_precision,noisy_precision,precision_degradation,clean_recall,noisy_recall,recall_degradation,clean_f1_score,noisy_f1_score,f1_score_degradation,clean_roc_auc,noisy_roc_auc,roc_auc_degradation,clean_average_precision,noisy_average_precision,average_precision_degradation
Logistic Regression,returns,0.05,0,14532273459269585791,0.8072289156626506,0.8064759036144579,0.0007530120481927804,0.7105380405236933,0.7082755970847793,0.002262443438914019,0.43859649122807015,0.43661971830985913,0.0019767729182110227,0.5656108597285068,0.5610859728506787,0.004524886877828038,0.49407114624505927,0.4910891089108911,0.002982037334168186,0.7868561641875846,0.7870114900244026,-0.00015532583681798773,0.5115454699383656,0.5118979759572789,-0.00035250601891334554
Random Forest,returns,0.05,0,14532273459269585791,0.8463855421686747,0.8448795180722891,0.001506024096385561,0.6851340911599162,0.6842307487931591,0.0009033423667570428,0.547486033519553,0.5414364640883977,0.0060495694311553105,0.4434389140271493,0.4434389140271493,0.0,0.49,0.48756218905472637,0.002437810945273622,0.7699256479744285,0.7708616905173576,-0.0009360425429291164,0.4641844234644762,0.464386001090023,-0.00020157762554678937
Logistic Regression,returns,0.05,1,11218022376425585561,0.8072289156626506,0.8072289156626506,0.0,0.7105380405236933,0.7105380405236933,0.0,0.43859649122807015,0.43859649122807015,0.0,0.5656108597285068,0.5656108597285068,0.0,0.49407114624505927,0.49407114624505927,0.0,0.7868561641875846,0.786860251709606,-4.087522021412049e-06,0.5115454699383656,0.5116195946672982,-7.412472893264521e-05
Random Forest,returns,0.05,1,11218022376425585561,0.8463855421686747,0.8463855421686747,0.0,0.6851340911599162,0.6851340911599162,0.0,0.547486033519553,0.547486033519553,0.0,0.4434389140271493,0.4434389140271493,0.0,0.49,0.49,0.0,0.7699256479744285,0.770685927070432,-0.0007602790960035133,0.4641844234644762,0.4644437487025618,-0.0002593252380855837
Logistic Regression,returns,0.05,2,13314777065812042774,0.8072289156626506,0.8079819277108434,-0.0007530120481927804,0.7105380405236933,0.7109897117070718,-0.0004516711833785214,0.43859649122807015,0.44014084507042256,-0.0015443538423524084,0.5656108597285068,0.5656108597285068,0.0,0.49407114624505927,0.49504950495049505,-0.0009783587054357779,0.7868561641875846,0.7866844882626806,0.00017167592490408,0.5115454699383656,0.5115411756946711,4.294243694524802e-06
Random Forest,returns,0.05,2,13314777065812042774,0.8463855421686747,0.8463855421686747,0.0,0.6851340911599162,0.6851340911599162,0.0,0.547486033519553,0.547486033519553,0.0,0.4434389140271493,0.4434389140271493,0.0,0.49,0.49,0.0,0.7699256479744285,0.7705142511455281,-0.0005886031710995443,0.4641844234644762,0.46484348517901813,-0.000659061714541942
Logistic Regression,returns,0.05,3,14848720754381039840,0.8072289156626506,0.8072289156626506,0.0,0.7105380405236933,0.7087272682681578,0.0018107722555354977,0.43859649122807015,0.4381625441696113,0.00043394705845883896,0.5656108597285068,0.5610859728506787,0.004524886877828038,0.49407114624505927,0.49206349206349204,0.002007654181567231,0.7868561641875846,0.7869583522381227,-0.00010218805053807678,0.5115454699383656,0.5116119019533966,-6.643201503098162e-05
Random Forest,returns,0.05,3,14848720754381039840,0.8463855421686747,0.8441265060240963,0.0022590361445783413,0.6851340911599162,0.6837790776097806,0.0013550135501355642,0.547486033519553,0.5384615384615384,0.009024495058014614,0.4434389140271493,0.4434389140271493,0.0,0.49,0.48635235732009924,0.0036476426799007533,0.7699256479744285,0.7710292789202402,-0.0011036309458116733,0.4641844234644762,0.465063050060132,-0.0008786265956557959
Logistic Regression,returns,0.05,4,4177047694689608300,0.8072289156626506,0.8079819277108434,-0.0007530120481927804,0.7105380405236933,0.7109897117070718,-0.0004516711833785214,0.43859649122807015,0.44014084507042256,-0.0015443538423524084,0.5656108597285068,0.5656108597285068,0.0,0.49407114624505927,0.49504950495049505,-0.0009783587054357779,0.7868561641875846,0.7867948513572617,6.131283032295709e-05,0.5115454699383656,0.5117278643198999,-0.0001823943815343343
Random Forest,returns,0.05,4,4177047694689608300,0.8463855421686747,0.8426204819277109,0.003765060240963791,0.6851340911599162,0.6810649629874881,0.004069128172428105,0.547486033519553,0.532967032967033,0.01451900055252009,0.4434389140271493,0.43891402714932126,0.004524886877828038,0.49,0.4813895781637717,0.008610421836228288,0.7699256479744285,0.7700400985910312,-0.000114450616602646,0.4641844234644762,0.46418707837660367,-2.654912127475484e-06
Logistic Regression,returns,0.05,5,6658992470176654891,0.8072289156626506,0.8079819277108434,-0.0007530120481927804,0.7105380405236933,0.7109897117070718,-0.0004516711833785214,0.43859649122807015,0.44014084507042256,-0.0015443538423524084,0.5656108597285068,0.5656108597285068,0.0,0.49407114624505927,0.49504950495049505,-0.0009783587054357779,0.7868561641875846,0.7867090133948097,0.00014715079277494159,0.5115454699383656,0.5115764050866144,-3.093514824881183e-05
Random Forest,returns,0.05,5,6658992470176654891,0.8463855421686747,0.8433734939759037,0.0030120481927710108,0.6851340911599162,0.6833274064264021,0.0018066847335140857,0.547486033519553,0.5355191256830601,0.011966907836492902,0.4434389140271493,0.4434389140271493,0.0,0.49,0.48514851485148514,0.004851485148514856,0.7699256479744285,0.7718631334126314,-0.001937485438202824,0.4641844234644762,0.4645155411956925,-0.0003311177312163016
Logistic Regression,returns,0.05,6,7084274115828108711,0.8072289156626506,0.8064759036144579,0.0007530120481927804,0.7105380405236933,0.7082755970847793,0.002262443438914019,0.43859649122807015,0.43661971830985913,0.0019767729182110227,0.5656108597285068,0.5610859728506787,0.004524886877828038,0.49407114624505927,0.4910891089108911,0.002982037334168186,0.7868561641875846,0.7867948513572618,6.131283032284607e-05,0.5115454699383656,0.5114305161311201,0.00011495380724546589
Random Forest,returns,0.05,6,7084274115828108711,0.8463855421686747,0.8456325301204819,0.0007530120481927804,0.6851340911599162,0.6846824199765376,0.00045167118337863243,0.547486033519553,0.5444444444444444,0.0030415890751086527,0.4434389140271493,0.4434389140271493,0.0,0.49,0.48877805486284287,0.001221945137157121,0.7699256479744285,0.7712540926314241,-0.0013284446569955533,0.4641844234644762,0.46506345208381916,-0.0008790286193429697
Logistic Regression,returns,0.05,7,10818000646852568014,0.8072289156626506,0.8064759036144579,0.0007530120481927804,0.7105380405236933,0.7082755970847793,0.002262443438914019,0.43859649122807015,0.43661971830985913,0.0019767729182110227,0.5656108597285068,0.5610859728506787,0.004524886877828038,0.49407114624505927,0.4910891089108911,0.002982037334168186,0.7868561641875846,0.7868970394078,-4.0875220215341734e-05,0.5115454699383656,0.5112703340439931,0.0002751358943724469
Random Forest,returns,0.05,7,10818000646852568014,0.8463855421686747,0.8448795180722891,0.001506024096385561,0.6851340911599162,0.6824199765376235,0.0027141146222926515,0.547486033519553,0.5418994413407822,0.005586592178770888,0.4434389140271493,0.43891402714932126,0.004524886877828038,0.49,0.485,0.0050000000000000044,0.7699256479744285,0.7714339436003711,-0.0015082956259425684,0.4641844234644762,0.46486584857352864,-0.000681425109052447
Logistic Regression,returns,0.05,8,10847162666299770987,0.8072289156626506,0.8079819277108434,-0.0007530120481927804,0.7105380405236933,0.7109897117070718,-0.0004516711833785214,0.43859649122807015,0.44014084507042256,-0.0015443538423524084,0.5656108597285068,0.5656108597285068,0.0,0.49407114624505927,0.49504950495049505,-0.0009783587054357779,0.7868561641875846,0.7869052144518429,-4.9050264258276854e-05,0.5115454699383656,0.5114539608236902,9.150911467536993e-05
Random Forest,returns,0.05,8,10847162666299770987,0.8463855421686747,0.8441265060240963,0.0022590361445783413,0.6851340911599162,0.6837790776097806,0.0013550135501355642,0.547486033519553,0.5384615384615384,0.009024495058014614,0.4434389140271493,0.4434389140271493,0.0,0.49,0.48635235732009924,0.0036476426799007533,0.7699256479744285,0.7695455084264268,0.00038013954800175664,0.4641844234644762,0.46444373537492495,-0.00025931191044875623
Logistic Regression,returns,0.05,9,15082185091121097951,0.8072289156626506,0.8079819277108434,-0.0007530120481927804,0.7105380405236933,0.7109897117070718,-0.0004516711833785214,0.43859649122807015,0.44014084507042256,-0.0015443538423524084,0.5656108597285068,0.5656108597285068,0.0,0.49407114624505927,0.49504950495049505,-0.0009783587054357779,0.7868561641875846,0.7868275515334339,2.861265415077252e-05,0.5115454699383656,0.5114734555822185,7.201435614712093e-05
Random Forest,returns,0.05,9,15082185091121097951,0.8463855421686747,0.8456325301204819,0.0007530120481927804,0.6851340911599162,0.6846824199765376,0.00045167118337863243,0.547486033519553,0.5444444444444444,0.0030415890751086527,0.4434389140271493,0.4434389140271493,0.0,0.49,0.48877805486284287,0.001221945137157121,0.7699256479744285,0.7704488507931836,-0.0005232028187550641,0.4641844234644762,0.46672833758959253,-0.002543914125116342
Logistic Regression,returns,0.05,10,1477548207149982359,0.8072289156626506,0.8079819277108434,-0.0007530120481927804,0.7105380405236933,0.7109897117070718,-0.0004516711833785214,0.43859649122807015,0.44014084507042256,-0.0015443538423524084,0.5656108597285068,0.5656108597285068,0.0,0.49407114624505927,0.49504950495049505,-0.0009783587054357779,0.7868561641875846,0.786672225696616,0.00018393849096864923,0.5115454699383656,0.5110452457104689,0.0005002242278966396
Random Forest,returns,0.05,10,1477548207149982359,0.8463855421686747,0.8463855421686747,0.0,0.6851340911599162,0.6851340911599162,0.0,0.547486033519553,0.547486033519553,0.0,0.4434389140271493,0.4434389140271493,0.0,0.49,0.49,0.0,0.7699256479744285,0.7700973238993326,-0.00017167592490408,0.4641844234644762,0.46330179322799325,0.0008826302364829397
Logistic Regression,returns,0.05,11,12141175401392557217,0.8072289156626506,0.8079819277108434,-0.0007530120481927804,0.7105380405236933,0.7109897117070718,-0.0004516711833785214,0.43859649122807015,0.44014084507042256,-0.0015443538423524084,0.5656108597285068,0.5656108597285068,0.0,0.49407114624505927,0.49504950495049505,-0.0009783587054357779,0.7868561641875846,0.7868275515334339,2.861265415077252e-05,0.5115454699383656,0.5116838265738257,-0.0001383566354601351
Random Forest,returns,0.05,11,12141175401392557217,0.8463855421686747,0.8441265060240963,0.0022590361445783413,0.6851340911599162,0.6855898498653161,-0.00045575870539993346,0.547486033519553,0.5380434782608695,0.009442555258683538,0.4434389140271493,0.4479638009049774,-0.004524886877828094,0.49,0.4888888888888889,0.0011111111111111183,0.7699256479744285,0.7694514954199316,0.0004741525544968983,0.4641844234644762,0.4652071818868724,-0.001022758422396186
Logistic Regression,returns,0.05,12,1398633990461572095,0.8072289156626506,0.8072289156626506,0.0,0.7105380405236933,0.7087272682681578,0.0018107722555354977,0.43859649122807015,0.4381625441696113,0.00043394705845883896,0.5656108597285068,0.5610859728506787,0.004524886877828038,0.49407114624505927,0.49206349206349204,0.002007654181567231,0.7868561641875846,0.7868766017976921,-2.0437610107504334e-05,0.5115454699383656,0.5114496319235463,9.583801481927168e-05
Random Forest,returns,0.05,12,1398633990461572095,0.8463855421686747,0.8463855421686747,0.0,0.6851340911599162,0.6851340911599162,0.0,0.547486033519553,0.547486033519553,0.0,0.4434389140271493,0.4434389140271493,0.0,0.49,0.49,0.0,0.7699256479744285,0.7692185066647047,0.0007071413097238244,0.4641844234644762,0.4630547213537147,0.0011297021107614658
Logistic Regression,returns,0.05,13,14457364386206040543,0.8072289156626506,0.8064759036144579,0.0007530120481927804,0.7105380405236933,0.7082755970847793,0.002262443438914019,0.43859649122807015,0.43661971830985913,0.0019767729182110227,0.5656108597285068,0.5610859728506787,0.004524886877828038,0.49407114624505927,0.4910891089108911,0.002982037334168186,0.7868561641875846,0.7868888643637567,-3.270017617207355e-05,0.5115454699383656,0.5120935411071523,-0.0005480711687867457
Random Forest,returns,0.05,13,14457364386206040543,0.8463855421686747,0.8478915662650602,-0.001506024096385561,0.6851340911599162,0.6878482057822086,-0.0027141146222924295,0.547486033519553,0.553072625698324,-0.005586592178770999,0.4434389140271493,0.4479638009049774,-0.004524886877828094,0.49,0.495,-0.0050000000000000044,0.7699256479744285,0.7695536834704697,0.0003719645039588215,0.4641844234644762,0.4626828597435823,0.0015015637208938837
Logistic Regression,returns,0.05,14,2830709832052131625,0.8072289156626506,0.8064759036144579,0.0007530120481927804,0.7105380405236933,0.7082755970847793,0.002262443438914019,0.43859649122807015,0.43661971830985913,0.0019767729182110227,0.5656108597285068,0.5610859728506787,0.004524886877828038,0.49407114624505927,0.4910891089108911,0.002982037334168186,0.7868561641875846,0.787015577546424,-0.00015941335883939978,0.5115454699383656,0.5114217902376816,0.00012367970068394296
Random Forest,returns,0.05,14,2830709832052131625,0.8463855421686747,0.8441265060240963,0.0022590361445783413,0.6851340911599162,0.6837790776097806,0.0013550135501355642,0.547486033519553,0.5384615384615384,0.009024495058014614,0.4434389140271493,0.4434389140271493,0.0,0.49,0.48635235732009924,0.0036476426799007533,0.7699256479744285,0.7695782086025988,0.0003474393718296831,0.4641844234644762,0.4653366686622579,-0.0011522451977817316
Logistic Regression,returns,0.05,15,5186268233244336565,0.8072289156626506,0.8072289156626506,0.0,0.7105380405236933,0.7087272682681578,0.0018107722555354977,0.43859649122807015,0.4381625441696113,0.00043394705845883896,0.5656108597285068,0.5610859728506787,0.004524886877828038,0.49407114624505927,0.49206349206349204,0.002007654181567231,0.7868561641875846,0.7868193764893908,3.678769819381866e-05,0.5115454699383656,0.5114279552931648,0.00011751464520082244
Random Forest,returns,0.05,15,5186268233244336565,0.8463855421686747,0.8456325301204819,0.0007530120481927804,0.6851340911599162,0.6846824199765376,0.00045167118337863243,0.547486033519553,0.5444444444444444,0.0030415890751086527,0.4434389140271493,0.4434389140271493,0.0,0.49,0.48877805486284287,0.001221945137157121,0.7699256479744285,0.7708576029953361,-0.0009319550209075933,0.4641844234644762,0.4640800840032211,0.00010433946125509852
Logistic Regression,returns,0.05,16,17127904975593337152,0.8072289156626506,0.8079819277108434,-0.0007530120481927804,0.7105380405236933,0.7109897117070718,-0.0004516711833785214,0.43859649122807015,0.44014084507042256,-0.0015443538423524084,0.5656108597285068,0.5656108597285068,0.0,0.49407114624505927,0.49504950495049505,-0.0009783587054357779,0.7868561641875846,0.786946089672058,-8.992548447339654e-05,0.5115454699383656,0.5118226770492236,-0.000277207110857991
Random Forest,returns,0.05,16,17127904975593337152,0.8463855421686747,0.8478915662650602,-0.001506024096385561,0.6851340911599162,0.6878482057822086,-0.0027141146222924295,0.547486033519553,0.553072625698324,-0.005586592178770999,0.4434389140271493,0.4479638009049774,-0.004524886877828094,0.49,0.495,-0.0050000000000000044,0.7699256479744285,0.7706123516740446,-0.000686703699616098,0.4641844234644762,0.4648613834489518,-0.0006769599844755891
Logistic Regression,returns,0.05,17,18144530575790426804,0.8072289156626506,0.8064759036144579,0.0007530120481927804,0.7105380405236933,0.7082755970847793,0.002262443438914019,0.43859649122807015,0.43661971830985913,0.0019767729182110227,0.5656108597285068,0.5610859728506787,0.004524886877828038,0.49407114624505927,0.4910891089108911,0.002982037334168186,0.7868561641875846,0.7868030264013047,5.313778627991095e-05,0.5115454699383656,0.5117077587514526,-0.00016228881308699705
Random Forest,returns,0.05,17,18144530575790426804,0.8463855421686747,0.8456325301204819,0.0007530120481927804,0.6851340911599162,0.6846824199765376,0.00045167118337863243,0.547486033519553,0.5444444444444444,0.0030415890751086527,0.4434389140271493,0.4434389140271493,0.0,0.49,0.48877805486284287,0.001221945137157121,0.7699256479744285,0.7702403871700859,-0.0003147391956573875,0.4641844234644762,0.464446175506539,-0.00026175204206280167
Logistic Regression,returns,0.05,18,13971687972867856603,0.8072289156626506,0.8079819277108434,-0.0007530120481927804,0.7105380405236933,0.7109897117070718,-0.0004516711833785214,0.43859649122807015,0.44014084507042256,-0.0015443538423524084,0.5656108597285068,0.5656108597285068,0.0,0.49407114624505927,0.49504950495049505,-0.0009783587054357779,0.7868561641875846,0.7870973279868545,-0.0002411637992698612,0.5115454699383656,0.5115161712119655,2.929872640011766e-05
Random Forest,returns,0.05,18,13971687972867856603,0.8463855421686747,0.8441265060240963,0.0022590361445783413,0.6851340911599162,0.6819683053542451,0.003165785805671062,0.547486033519553,0.5388888888888889,0.008597144630664189,0.4434389140271493,0.43891402714932126,0.004524886877828038,0.49,0.4837905236907731,0.006209476309226913,0.7699256479744285,0.7701177615094401,-0.00019211353501158435,0.4641844234644762,0.46524798464956385,-0.001063561185087658
Logistic Regression,returns,0.05,19,7428505724235313707,0.8072289156626506,0.8064759036144579,0.0007530120481927804,0.7105380405236933,0.7082755970847793,0.002262443438914019,0.43859649122807015,0.43661971830985913,0.0019767729182110227,0.5656108597285068,0.5610859728506787,0.004524886877828038,0.49407114624505927,0.4910891089108911,0.002982037334168186,0.7868561641875846,0.7868847768417352,-2.8612654150550476e-05,0.5115454699383656,0.5116474411816058,-0.00010197124324018425
Random Forest,returns,0.05,19,7428505724235313707,0.8463855421686747,0.8456325301204819,0.0007530120481927804,0.6851340911599162,0.6864931922320732,-0.0013591010721569763,0.547486033519553,0.5439560439560439,0.0035299895635091394,0.4434389140271493,0.4479638009049774,-0.004524886877828094,0.49,0.4913151364764268,-0.0013151364764267814,0.7699256479744285,0.7700278360249666,-0.00010218805053807678,0.4641844234644762,0.46453124793801914,-0.00034682447354295043
Logistic Regression,returns,0.05,20,13324179054857753707,0.8072289156626506,0.8064759036144579,0.0007530120481927804,0.7105380405236933,0.7082755970847793,0.002262443438914019,0.43859649122807015,0.43661971830985913,0.0019767729182110227,0.5656108597285068,0.5610859728506787,0.004524886877828038,0.49407114624505927,0.4910891089108911,0.002982037334168186,0.7868561641875846,0.7869501771940797,-9.401300649503064e-05,0.5115454699383656,0.5115721634116945,-2.6693473328953665e-05
Random Forest,returns,0.05,20,13324179054857753707,0.8463855421686747,0.8456325301204819,0.0007530120481927804,0.6851340911599162,0.6846824199765376,0.00045167118337863243,0.547486033519553,0.5444444444444444,0.0030415890751086527,0.4434389140271493,0.4434389140271493,0.0,0.49,0.48877805486284287,0.001221945137157121,0.7699256479744285,0.7701913369058275,-0.00026568893139899963,0.4641844234644762,0.4634037508552885,0.0007806726091876826
Logistic Regression,returns,0.05,21,8412470561439574806,0.8072289156626506,0.8072289156626506,0.0,0.7105380405236933,0.7105380405236933,0.0,0.43859649122807015,0.43859649122807015,0.0,0.5656108597285068,0.5656108597285068,0.0,0.49407114624505927,0.49407114624505927,0.0,0.7868561641875846,0.7870891529428116,-0.00023298875522692608,0.5115454699383656,0.5116501344233125,-0.00010466448494694802
Random Forest,returns,0.05,21,8412470561439574806,0.8463855421686747,0.8463855421686747,0.0,0.6851340911599162,0.6851340911599162,0.0,0.547486033519553,0.547486033519553,0.0,0.4434389140271493,0.4434389140271493,0.0,0.49,0.49,0.0,0.7699256479744285,0.7710783291844985,-0.0011526812100699502,0.4641844234644762,0.4646341753762714,-0.00044975191179519314
Logistic Regression,returns,0.05,22,2761074960848382517,0.8072289156626506,0.8072289156626506,0.0,0.7105380405236933,0.7105380405236933,0.0,0.43859649122807015,0.43859649122807015,0.0,0.5656108597285068,0.5656108597285068,0.0,0.49407114624505927,0.49407114624505927,0.0,0.7868561641875846,0.7869624397601442,-0.00010627557255959985,0.5115454699383656,0.511591518281829,-4.604834346344511e-05
Random Forest,returns,0.05,22,2761074960848382517,0.8463855421686747,0.8463855421686747,0.0,0.6851340911599162,0.6851340911599162,0.0,0.547486033519553,0.547486033519553,0.0,0.4434389140271493,0.4434389140271493,0.0,0.49,0.49,0.0,0.7699256479744285,0.7707349773346904,-0.0008093293602619012,0.4641844234644762,0.4666966712280299,-0.0025122477635536877
Logistic Regression,returns,0.05,23,17488384753253557629,0.8072289156626506,0.8064759036144579,0.0007530120481927804,0.7105380405236933,0.7082755970847793,0.002262443438914019,0.43859649122807015,0.43661971830985913,0.0019767729182110227,0.5656108597285068,0.5610859728506787,0.004524886877828038,0.49407114624505927,0.4910891089108911,0.002982037334168186,0.7868561641875846,0.786929739583972,-7.357539638741528e-05,0.5115454699383656,0.51162395863753,-7.848869916438073e-05
Random Forest,returns,0.05,23,17488384753253557629,0.8463855421686747,0.8448795180722891,0.001506024096385561,0.6851340911599162,0.6842307487931591,0.0009033423667570428,0.547486033519553,0.5414364640883977,0.0060495694311553105,0.4434389140271493,0.4434389140271493,0.0,0.49,0.48756218905472637,0.002437810945273622,0.7699256479744285,0.7703752753967963,-0.0004496274223677599,0.4641844234644762,0.4638238894696156,0.000360533994860579
Logistic Regression,returns,0.05,24,11513520631695292605,0.8072289156626506,0.8072289156626506,0.0,0.7105380405236933,0.7105380405236933,0.0,0.43859649122807015,0.43859649122807015,0.0,0.5656108597285068,0.5656108597285068,0.0,0.49407114624505927,0.49407114624505927,0.0,0.7868561641875846,0.7869583522381227,-0.00010218805053807678,0.5115454699383656,0.5114475716195374,9.789831882822675e-05
Random Forest,returns,0.05,24,11513520631695292605,0.8463855421686747,0.8463855421686747,0.0,0.6851340911599162,0.6851340911599162,0.0,0.547486033519553,0.547486033519553,0.0,0.4434389140271493,0.4434389140271493,0.0,0.49,0.49,0.0,0.7699256479744285,0.7705878265419155,-0.0006621785674869596,0.4641844234644762,0.46437596476482446,-0.00019154130034826355
Logistic Regression,returns,0.05,25,5320683843206111197,0.8072289156626506,0.8079819277108434,-0.0007530120481927804,0.7105380405236933,0.7109897117070718,-0.0004516711833785214,0.43859649122807015,0.44014084507042256,-0.0015443538423524084,0.5656108597285068,0.5656108597285068,0.0,0.49407114624505927,0.49504950495049505,-0.0009783587054357779,0.7868561641875846,0.7865823002121423,0.00027386397544237884,0.5115454699383656,0.5112920718784076,0.0002533980599579433
Random Forest,returns,0.05,25,5320683843206111197,0.8463855421686747,0.8478915662650602,-0.001506024096385561,0.6851340911599162,0.6860374335266731,-0.0009033423667569318,0.547486033519553,0.5536723163841808,-0.006186282864627746,0.4434389140271493,0.4434389140271493,0.0,0.49,0.49246231155778897,-0.0024623115577889765,0.7699256479744285,0.7717568578400715,-0.001831209865643002,0.4641844234644762,0.4654530847927468,-0.0012686613282705816
Logistic Regression,returns,0.05,26,203833254744054252,0.8072289156626506,0.8072289156626506,0.0,0.7105380405236933,0.7105380405236933,0.0,0.43859649122807015,0.43859649122807015,0.0,0.5656108597285068,0.5656108597285068,0.0,0.49407114624505927,0.49407114624505927,0.0,0.7868561641875846,0.7869951399363163,-0.0001389757487316734,0.5115454699383656,0.5116436108981769,-9.814095981131032e-05
Random Forest,returns,0.05,26,203833254744054252,0.8463855421686747,0.8463855421686747,0.0,0.6851340911599162,0.6851340911599162,0.0,0.547486033519553,0.547486033519553,0.0,0.4434389140271493,0.4434389140271493,0.0,0.49,0.49,0.0,0.7699256479744285,0.7708657780393792,-0.0009401300649506394,0.4641844234644762,0.4648689660418995,-0.0006845425774232861
Logistic Regression,returns,0.05,27,11467973730536670642,0.8072289156626506,0.8079819277108434,-0.0007530120481927804,0.7105380405236933,0.7109897117070718,-0.0004516711833785214,0.43859649122807015,0.44014084507042256,-0.0015443538423524084,0.5656108597285068,0.5656108597285068,0.0,0.49407114624505927,0.49504950495049505,-0.0009783587054357779,0.7868561641875846,0.7869542647161012,-9.810052851655371e-05,0.5115454699383656,0.5118451950439843,-0.0002997251056187089
Random Forest,returns,0.05,27,11467973730536670642,0.8463855421686747,0.8463855421686747,0.0,0.6851340911599162,0.6851340911599162,0.0,0.547486033519553,0.547486033519553,0.0,0.4434389140271493,0.4434389140271493,0.0,0.49,0.49,0.0,0.7699256479744285,0.7703057875224304,-0.00038013954800186767,0.4641844234644762,0.4660201562904472,-0.0018357328259709926
Logistic Regression,returns,0.05,28,3069645560052951911,0.8072289156626506,0.8072289156626506,0.0,0.7105380405236933,0.7087272682681578,0.0018107722555354977,0.43859649122807015,0.4381625441696113,0.00043394705845883896,0.5656108597285068,0.5610859728506787,0.004524886877828038,0.49407114624505927,0.49206349206349204,0.002007654181567231,0.7868561641875846,0.7871014155088761,-0.0002452513212914953,0.5115454699383656,0.5116826736014198,-0.0001372036630542528
Random Forest,returns,0.05,28,3069645560052951911,0.8463855421686747,0.8441265060240963,0.0022590361445783413,0.6851340911599162,0.6837790776097806,0.0013550135501355642,0.547486033519553,0.5384615384615384,0.009024495058014614,0.4434389140271493,0.4434389140271493,0.0,0.49,0.48635235732009924,0.0036476426799007533,0.7699256479744285,0.7690100430416069,0.000915604932821612,0.4641844234644762,0.46490341232633514,-0.0007189888618589491
Logistic Regression,returns,0.05,29,16590958837925590308,0.8072289156626506,0.8072289156626506,0.0,0.7105380405236933,0.7105380405236933,0.0,0.43859649122807015,0.43859649122807015,0.0,0.5656108597285068,0.5656108597285068,0.0,0.49407114624505927,0.49407114624505927,0.0,0.7868561641875846,0.7869215645399289,-6.540035234425812e-05,0.5115454699383656,0.5113953168294272,0.00015015310893840006
Random Forest,returns,0.05,29,16590958837925590308,0.8463855421686747,0.8456325301204819,0.0007530120481927804,0.6851340911599162,0.6846824199765376,0.00045167118337863243,0.547486033519553,0.5444444444444444,0.0030415890751086527,0.4434389140271493,0.4434389140271493,0.0,0.49,0.48877805486284287,0.001221945137157121,0.7699256479744285,0.7699910483267728,-6.540035234425812e-05,0.4641844234644762,0.4647158717130015,-0.0005314482485253014
Logistic Regression,returns,0.1,0,13340774224672283417,0.8072289156626506,0.8064759036144579,0.0007530120481927804,0.7105380405236933,0.7082755970847793,0.002262443438914019,0.43859649122807015,0.43661971830985913,0.0019767729182110227,0.5656108597285068,0.5610859728506787,0.004524886877828038,0.49407114624505927,0.4910891089108911,0.002982037334168186,0.7868561641875846,0.787187253471328,-0.00033108928374336877,0.5115454699383656,0.512049941025769,-0.0005044710874033687
Random Forest,returns,0.1,0,13340774224672283417,0.8463855421686747,0.8471385542168675,-0.0007530120481927804,0.6851340911599162,0.6855857623432946,-0.0004516711833784104,0.547486033519553,0.550561797752809,-0.003075764233255951,0.4434389140271493,0.4434389140271493,0.0,0.49,0.49122807017543857,-0.001228070175438578,0.7699256479744285,0.7708412529072501,-0.000915604932821612,0.4641844234644762,0.46465922208353716,-0.00047479861906096765
Logistic Regression,returns,0.1,1,1709840254315222886,0.8072289156626506,0.8072289156626506,0.0,0.7105380405236933,0.7105380405236933,0.0,0.43859649122807015,0.43859649122807015,0.0,0.5656108597285068,0.5656108597285068,0.0,0.49407114624505927,0.49407114624505927,0.0,0.7868561641875846,0.7868561641875846,0.0,0.5115454699383656,0.511949335473787,-0.00040386553542137715
Random Forest,returns,0.1,1,1709840254315222886,0.8463855421686747,0.8463855421686747,0.0,0.6851340911599162,0.6869448634154517,-0.0018107722555354977,0.547486033519553,0.5469613259668509,0.000524707552702175,0.4434389140271493,0.4479638009049774,-0.004524886877828094,0.49,0.4925373134328358,-0.0025373134328358082,0.7699256479744285,0.771666932355598,-0.0017412843811694945,0.4641844234644762,0.46520132514035434,-0.0010169016758781457
Logistic Regression,returns,0.1,2,18254810981893964136,0.8072289156626506,0.8094879518072289,-0.0022590361445782303,0.7105380405236933,0.7118930540738289,-0.0013550135501355642,0.43859649122807015,0.4432624113475177,-0.004665920119447553,0.5656108597285068,0.5656108597285068,0.0,0.49407114624505927,0.4970178926441352,-0.002946746399075939,0.7868561641875846,0.7864474119854321,0.00040875220215252916,0.5115454699383656,0.5116376009798878,-9.213104152216989e-05
Random Forest,returns,0.1,2,18254810981893964136,0.8463855421686747,0.8456325301204819,0.0007530120481927804,0.6851340911599162,0.6883039644876087,-0.003169873327692474,0.547486033519553,0.5434782608695652,0.004007772649987862,0.4434389140271493,0.45248868778280543,-0.009049773755656132,0.49,0.49382716049382713,-0.003827160493827142,0.7699256479744285,0.7725743622443766,-0.0026487142699480604,0.4641844234644762,0.467155367601094,-0.0029709441366178035
Logistic Regression,returns,0.1,3,12734430327236858748,0.8072289156626506,0.8064759036144579,0.0007530120481927804,0.7105380405236933,0.7082755970847793,0.002262443438914019,0.43859649122807015,0.43661971830985913,0.0019767729182110227,0.5656108597285068,0.5610859728506787,0.004524886877828038,0.49407114624505927,0.4910891089108911,0.002982037334168186,0.7868561641875846,0.7870360151565319,-0.00017985096894723718,0.5115454699383656,0.511511711853138,3.375808522754209e-05
Random Forest,returns,0.1,3,12734430327236858748,0.8463855421686747,0.8493975903614458,-0.003012048192771122,0.6851340911599162,0.6923730926600367,-0.007239001500120468,0.547486033519553,0.5580110497237569,-0.010525016204203874,0.4434389140271493,0.45701357466063347,-0.01357466063348417,0.49,0.5024875621890548,-0.01248756218905478,0.7699256479744285,0.7741889334428789,-0.00426328546845034,0.4641844234644762,0.4682483574587046,-0.004063933994228386
Logistic Regression,returns,0.1,4,3678478478251303768,0.8072289156626506,0.8079819277108434,-0.0007530120481927804,0.7105380405236933,0.7109897117070718,-0.0004516711833785214,0.43859649122807015,0.44014084507042256,-0.0015443538423524084,0.5656108597285068,0.5656108597285068,0.0,0.49407114624505927,0.49504950495049505,-0.0009783587054357779,0.7868561641875846,0.7867294510049172,0.00012671318266743725,0.5115454699383656,0.5117865696639755,-0.00024109972560992787
Random Forest,returns,0.1,4,3678478478251303768,0.8463855421686747,0.8426204819277109,0.003765060240963791,0.6851340911599162,0.6810649629874881,0.004069128172428105,0.547486033519553,0.532967032967033,0.01451900055252009,0.4434389140271493,0.43891402714932126,0.004524886877828038,0.49,0.4813895781637717,0.008610421836228288,0.7699256479744285,0.7722105727844608,-0.002284924810032285,0.4641844234644762,0.46460964172955665,-0.00042521826508046257
Logistic Regression,returns,0.1,5,3606613295856987667,0.8072289156626506,0.8094879518072289,-0.0022590361445782303,0.7105380405236933,0.7118930540738289,-0.0013550135501355642,0.43859649122807015,0.4432624113475177,-0.004665920119447553,0.5656108597285068,0.5656108597285068,0.0,0.49407114624505927,0.4970178926441352,-0.002946746399075939,0.7868561641875846,0.7864433244634106,0.00041283972417405224,0.5115454699383656,0.5115241413985988,2.1328539766773957e-05
Random Forest,returns,0.1,5,3606613295856987667,0.8463855421686747,0.8433734939759037,0.0030120481927710108,0.6851340911599162,0.6833274064264021,0.0018066847335140857,0.547486033519553,0.5355191256830601,0.011966907836492902,0.4434389140271493,0.4434389140271493,0.0,0.49,0.48514851485148514,0.004851485148514856,0.7699256479744285,0.7736452930140162,-0.00371964503958766,0.4641844234644762,0.465377539866606,-0.0011931164021298235
Logistic Regression,returns,0.1,6,10549228038650711619,0.8072289156626506,0.8064759036144579,0.0007530120481927804,0.7105380405236933,0.7082755970847793,0.002262443438914019,0.43859649122807015,0.43661971830985913,0.0019767729182110227,0.5656108597285068,0.5610859728506787,0.004524886877828038,0.49407114624505927,0.4910891089108911,0.002982037334168186,0.7868561641875846,0.7866313504764008,0.00022481371118387994,0.5115454699383656,0.5113912529174864,0.0001542170208791438
Random Forest,returns,0.1,6,10549228038650711619,0.8463855421686747,0.8471385542168675,-0.0007530120481927804,0.6851340911599162,0.6892073068543657,-0.004073215694449517,0.547486033519553,0.5494505494505495,-0.0019645159309964466,0.4434389140271493,0.45248868778280543,-0.009049773755656132,0.49,0.49627791563275436,-0.006277915632754372,0.7699256479744285,0.7719407963310403,-0.0020151483566117623,0.4641844234644762,0.46500993339802793,-0.000825509933551738
Logistic Regression,returns,0.1,7,14495634830512527802,0.8072289156626506,0.8057228915662651,0.001506024096385561,0.7105380405236933,0.7078239259014008,0.0027141146222925405,0.43859649122807015,0.43508771929824563,0.003508771929824517,0.5656108597285068,0.5610859728506787,0.004524886877828038,0.49407114624505927,0.4901185770750988,0.0039525691699604515,0.7868561641875846,0.7867948513572617,6.131283032295709e-05,0.5115454699383656,0.5109632940384914,0.0005821758998741933
Random Forest,returns,0.1,7,14495634830512527802,0.8463855421686747,0.8471385542168675,-0.0007530120481927804,0.6851340911599162,0.6837749900877591,0.0013591010721570873,0.547486033519553,0.5511363636363636,-0.003650330116810596,0.4434389140271493,0.43891402714932126,0.004524886877828038,0.49,0.48866498740554154,0.0013350125944584512,0.7699256479744285,0.772889101440034,-0.002963453465605448,0.4641844234644762,0.4664163588377775,-0.002231935373301297
Logistic Regression,returns,0.1,8,15277454204520201714,0.8072289156626506,0.8079819277108434,-0.0007530120481927804,0.7105380405236933,0.7109897117070718,-0.0004516711833785214,0.43859649122807015,0.44014084507042256,-0.0015443538423524084,0.5656108597285068,0.5656108597285068,0.0,0.49407114624505927,0.49504950495049505,-0.0009783587054357779,0.7868561641875846,0.7868112014453478,4.4962742236864806e-05,0.5115454699383656,0.5116620887812631,-0.00011661884289748681
Random Forest,returns,0.1,8,15277454204520201714,0.8463855421686747,0.8471385542168675,-0.0007530120481927804,0.6851340911599162,0.6873965345988302,-0.002262443438914019,0.547486033519553,0.55,-0.002513966480446994,0.4434389140271493,0.4479638009049774,-0.004524886877828094,0.49,0.4937655860349127,-0.003765586034912727,0.7699256479744285,0.7696885716971801,0.00023707627724844915,0.4641844234644762,0.46444970213636977,-0.00026527867189357623
Logistic Regression,returns,0.1,9,15979813579368467457,0.8072289156626506,0.8079819277108434,-0.0007530120481927804,0.7105380405236933,0.7109897117070718,-0.0004516711833785214,0.43859649122807015,0.44014084507042256,-0.0015443538423524084,0.5656108597285068,0.5656108597285068,0.0,0.49407114624505927,0.49504950495049505,-0.0009783587054357779,0.7868561641875846,0.7869052144518429,-4.9050264258276854e-05,0.5115454699383656,0.5113797787801591,0.0001656911582065268
Random Forest,returns,0.1,9,15979813579368467457,0.8463855421686747,0.8471385542168675,-0.0007530120481927804,0.6851340911599162,0.6873965345988302,-0.002262443438914019,0.547486033519553,0.55,-0.002513966480446994,0.4434389140271493,0.4479638009049774,-0.004524886877828094,0.49,0.4937655860349127,-0.003765586034912727,0.7699256479744285,0.7733959541707032,-0.0034703061962746418,0.4641844234644762,0.46863071370170184,-0.004446290237225647
Logistic Regression,returns,0.1,10,11475747283518098315,0.8072289156626506,0.8072289156626506,0.0,0.7105380405236933,0.7105380405236933,0.0,0.43859649122807015,0.43859649122807015,0.0,0.5656108597285068,0.5656108597285068,0.0,0.49407114624505927,0.49407114624505927,0.0,0.7868561641875846,0.7865128123377764,0.00034335184980827105,0.5115454699383656,0.510651983195043,0.0008934867433225691
Random Forest,returns,0.1,10,11475747283518098315,0.8463855421686747,0.8463855421686747,0.0,0.6851340911599162,0.6851340911599162,0.0,0.547486033519553,0.547486033519553,0.0,0.4434389140271493,0.4434389140271493,0.0,0.49,0.49,0.0,0.7699256479744285,0.7698684226661272,5.7225308301323e-05,0.4641844234644762,0.4646252947400138,-0.0004408712755376021
Logistic Regression,returns,0.1,11,10335225198551775696,0.8072289156626506,0.8079819277108434,-0.0007530120481927804,0.7105380405236933,0.7109897117070718,-0.0004516711833785214,0.43859649122807015,0.44014084507042256,-0.0015443538423524084,0.5656108597285068,0.5656108597285068,0.0,0.49407114624505927,0.49504950495049505,-0.0009783587054357779,0.7868561641875846,0.7866681381745944,0.00018802601299028332,0.5115454699383656,0.5118768743621046,-0.00033140442373902346
Random Forest,returns,0.1,11,10335225198551775696,0.8463855421686747,0.8448795180722891,0.001506024096385561,0.6851340911599162,0.6842307487931591,0.0009033423667570428,0.547486033519553,0.5414364640883977,0.0060495694311553105,0.4434389140271493,0.4434389140271493,0.0,0.49,0.48756218905472637,0.002437810945273622,0.7699256479744285,0.7693697449795011,0.0005559029949274708,0.4641844234644762,0.46630888144645155,-0.0021244579819753584
Logistic Regression,returns,0.1,12,12952082647398309102,0.8072289156626506,0.8079819277108434,-0.0007530120481927804,0.7105380405236933,0.7091789394515363,0.0013591010721569763,0.43859649122807015,0.4397163120567376,-0.0011198208286674616,0.5656108597285068,0.5610859728506787,0.004524886877828038,0.49407114624505927,0.49304174950298213,0.0010293967420771377,0.7868561641875846,0.7869379146280151,-8.175044043046142e-05,0.5115454699383656,0.5115480494217264,-2.5794833607983847e-06
Random Forest,returns,0.1,12,12952082647398309102,0.8463855421686747,0.8456325301204819,0.0007530120481927804,0.6851340911599162,0.6864931922320732,-0.0013591010721569763,0.547486033519553,0.5439560439560439,0.0035299895635091394,0.4434389140271493,0.4479638009049774,-0.004524886877828094,0.49,0.4913151364764268,-0.0013151364764267814,0.7699256479744285,0.7709924912220465,-0.0010668432476179657,0.4641844234644762,0.46520448529708386,-0.001020061832607666
Logistic Regression,returns,0.1,13,8749192684055466371,0.8072289156626506,0.8057228915662651,0.001506024096385561,0.7105380405236933,0.7078239259014008,0.0027141146222925405,0.43859649122807015,0.43508771929824563,0.003508771929824517,0.5656108597285068,0.5610859728506787,0.004524886877828038,0.49407114624505927,0.4901185770750988,0.0039525691699604515,0.7868561641875846,0.7868643392316276,-8.17504404293512e-06,0.5115454699383656,0.5122504812145305,-0.0007050112761649574
Random Forest,returns,0.1,13,8749192684055466371,0.8463855421686747,0.8471385542168675,-0.0007530120481927804,0.6851340911599162,0.6873965345988302,-0.002262443438914019,0.547486033519553,0.55,-0.002513966480446994,0.4434389140271493,0.4479638009049774,-0.004524886877828094,0.49,0.4937655860349127,-0.003765586034912727,0.7699256479744285,0.7699297354964499,-4.087522021412049e-06,0.4641844234644762,0.46250411068393504,0.0016803127805411489
Logistic Regression,returns,0.1,14,17882847365935890044,0.8072289156626506,0.8072289156626506,0.0,0.7105380405236933,0.7087272682681578,0.0018107722555354977,0.43859649122807015,0.4381625441696113,0.00043394705845883896,0.5656108597285068,0.5610859728506787,0.004524886877828038,0.49407114624505927,0.49206349206349204,0.002007654181567231,0.7868561641875846,0.7871218531189836,-0.00026568893139899963,0.5115454699383656,0.5112653639967928,0.00028010594157279467
Random Forest,returns,0.1,14,17882847365935890044,0.8463855421686747,0.8456325301204819,0.0007530120481927804,0.6851340911599162,0.6846824199765376,0.00045167118337863243,0.547486033519553,0.5444444444444444,0.0030415890751086527,0.4434389140271493,0.4434389140271493,0.0,0.49,0.48877805486284287,0.001221945137157121,0.7699256479744285,0.771090591750563,-0.0011649437761345194,0.4641844234644762,0.4665151178068737,-0.0023306943423975213
Logistic Regression,returns,0.1,15,1381653656544066066,0.8072289156626506,0.8079819277108434,-0.0007530120481927804,0.7105380405236933,0.7091789394515363,0.0013591010721569763,0.43859649122807015,0.4397163120567376,-0.0011198208286674616,0.5656108597285068,0.5610859728506787,0.004524886877828038,0.49407114624505927,0.49304174950298213,0.0010293967420771377,0.7868561641875846,0.7868561641875846,0.0,0.5115454699383656,0.5115554228857753,-9.952947409685997e-06
Random Forest,returns,0.1,15,1381653656544066066,0.8463855421686747,0.8463855421686747,0.0,0.6851340911599162,0.6851340911599162,0.0,0.547486033519553,0.547486033519553,0.0,0.4434389140271493,0.4434389140271493,0.0,0.49,0.49,0.0,0.7699256479744285,0.7713440181158976,-0.0014183701414690608,0.4641844234644762,0.4657655673778183,-0.0015811439133421312
Logistic Regression,returns,0.1,16,16251548782424532534,0.8072289156626506,0.8064759036144579,0.0007530120481927804,0.7105380405236933,0.7100863693403148,0.0004516711833785214,0.43859649122807015,0.4370629370629371,0.0015335541651330664,0.5656108597285068,0.5656108597285068,0.0,0.49407114624505927,0.4930966469428008,0.000974499302258458,0.7868561641875846,0.7868970394077998,-4.087522021511969e-05,0.5115454699383656,0.5119676403437904,-0.00042217040542480433
Random Forest,returns,0.1,16,16251548782424532534,0.8463855421686747,0.8433734939759037,0.0030120481927710108,0.6851340911599162,0.6833274064264021,0.0018066847335140857,0.547486033519553,0.5355191256830601,0.011966907836492902,0.4434389140271493,0.4434389140271493,0.0,0.49,0.48514851485148514,0.004851485148514856,0.7699256479744285,0.7702935249563658,-0.00036787698193729845,0.4641844234644762,0.4642692660305061,-8.484256602991902e-05
Logistic Regression,returns,0.1,17,1818407387977437123,0.8072289156626506,0.8064759036144579,0.0007530120481927804,0.7105380405236933,0.7082755970847793,0.002262443438914019,0.43859649122807015,0.43661971830985913,0.0019767729182110227,0.5656108597285068,0.5610859728506787,0.004524886877828038,0.49407114624505927,0.4910891089108911,0.002982037334168186,0.7868561641875846,0.7867131009168313,0.0001430632707533075,0.5115454699383656,0.5117696247437254,-0.00022415480535986632
Random Forest,returns,0.1,17,1818407387977437123,0.8463855421686747,0.8448795180722891,0.001506024096385561,0.6851340911599162,0.6842307487931591,0.0009033423667570428,0.547486033519553,0.5414364640883977,0.0060495694311553105,0.4434389140271493,0.4434389140271493,0.0,0.49,0.48756218905472637,0.002437810945273622,0.7699256479744285,0.7716873699657059,-0.0017617219912773319,0.4641844234644762,0.4664073497613424,-0.0022229262968662122
Logistic Regression,returns,0.1,18,1839198234032520537,0.8072289156626506,0.8064759036144579,0.0007530120481927804,0.7105380405236933,0.7100863693403148,0.0004516711833785214,0.43859649122807015,0.4370629370629371,0.0015335541651330664,0.5656108597285068,0.5656108597285068,0.0,0.49407114624505927,0.4930966469428008,0.000974499302258458,0.7868561641875846,0.7872403912576079,-0.0003842270700232797,0.5115454699383656,0.5117806791139097,-0.00023520917554409326
Random Forest,returns,0.1,18,1839198234032520537,0.8463855421686747,0.8448795180722891,0.001506024096385561,0.6851340911599162,0.6824199765376235,0.0027141146222926515,0.547486033519553,0.5418994413407822,0.005586592178770888,0.4434389140271493,0.43891402714932126,0.004524886877828038,0.49,0.485,0.0050000000000000044,0.7699256479744285,0.7722841481808482,-0.0023585002064197003,0.4641844234644762,0.46666959406661773,-0.00248517060214154
Logistic Regression,returns,0.1,19,5587042313857468938,0.8072289156626506,0.8072289156626506,0.0,0.7105380405236933,0.7087272682681578,0.0018107722555354977,0.43859649122807015,0.4381625441696113,0.00043394705845883896,0.5656108597285068,0.5610859728506787,0.004524886877828038,0.49407114624505927,0.49206349206349204,0.002007654181567231,0.7868561641875846,0.7868275515334339,2.861265415077252e-05,0.5115454699383656,0.5119403495227337,-0.0003948795843681241
Random Forest,returns,0.1,19,5587042313857468938,0.8463855421686747,0.8441265060240963,0.0022590361445783413,0.6851340911599162,0.6837790776097806,0.0013550135501355642,0.547486033519553,0.5384615384615384,0.009024495058014614,0.4434389140271493,0.4434389140271493,0.0,0.49,0.48635235732009924,0.0036476426799007533,0.7699256479744285,0.7685440655311531,0.0013815824432754642,0.4641844234644762,0.4645615721659541,-0.0003771487014779251
Logistic Regression,returns,0.1,20,15516068189809660074,0.8072289156626506,0.8057228915662651,0.001506024096385561,0.7105380405236933,0.7078239259014008,0.0027141146222925405,0.43859649122807015,0.43508771929824563,0.003508771929824517,0.5656108597285068,0.5610859728506787,0.004524886877828038,0.49407114624505927,0.4901185770750988,0.0039525691699604515,0.7868561641875846,0.7871300281630267,-0.00027386397544204577,0.5115454699383656,0.5118856892311193,-0.00034021929275374063
Random Forest,returns,0.1,20,15516068189809660074,0.8463855421686747,0.8463855421686747,0.0,0.6851340911599162,0.6869448634154517,-0.0018107722555354977,0.547486033519553,0.5469613259668509,0.000524707552702175,0.4434389140271493,0.4479638009049774,-0.004524886877828094,0.49,0.4925373134328358,-0.0025373134328358082,0.7699256479744285,0.7700400985910313,-0.00011445061660275702,0.4641844234644762,0.46403083864525757,0.00015358481921862177
Logistic Regression,returns,0.1,21,7759015286415911849,0.8072289156626506,0.8079819277108434,-0.0007530120481927804,0.7105380405236933,0.7109897117070718,-0.0004516711833785214,0.43859649122807015,0.44014084507042256,-0.0015443538423524084,0.5656108597285068,0.5656108597285068,0.0,0.49407114624505927,0.49504950495049505,-0.0009783587054357779,0.7868561641875846,0.7871586408171773,-0.00030247662959270727,0.5115454699383656,0.5118268226759416,-0.00028135273757601276
Random Forest,returns,0.1,21,7759015286415911849,0.8463855421686747,0.8478915662650602,-0.001506024096385561,0.6851340911599162,0.6878482057822086,-0.0027141146222924295,0.547486033519553,0.553072625698324,-0.005586592178770999,0.4434389140271493,0.4479638009049774,-0.004524886877828094,0.49,0.495,-0.0050000000000000044,0.7699256479744285,0.7728277886097111,-0.002902140635282602,0.4641844234644762,0.4670842904634207,-0.0028998669989445114
Logistic Regression,returns,0.1,22,18166621296792149445,0.8072289156626506,0.8064759036144579,0.0007530120481927804,0.7105380405236933,0.7100863693403148,0.0004516711833785214,0.43859649122807015,0.4370629370629371,0.0015335541651330664,0.5656108597285068,0.5656108597285068,0.0,0.49407114624505927,0.4930966469428008,0.000974499302258458,0.7868561641875846,0.7870319276345101,-0.00017576344692549206,0.5115454699383656,0.5118143307481993,-0.000268860809833682
Random Forest,returns,0.1,22,18166621296792149445,0.8463855421686747,0.8426204819277109,0.003765060240963791,0.6851340911599162,0.6846865074985592,0.00044758366135699834,0.547486033519553,0.532258064516129,0.015227969003424047,0.4434389140271493,0.4479638009049774,-0.004524886877828094,0.49,0.4864864864864865,0.0035135135135134776,0.7699256479744285,0.771262267675467,-0.0013366197010384884,0.4641844234644762,0.46726957421798204,-0.0030851507535058498
Logistic Regression,returns,0.1,23,6236180190138179235,0.8072289156626506,0.8064759036144579,0.0007530120481927804,0.7105380405236933,0.7082755970847793,0.002262443438914019,0.43859649122807015,0.43661971830985913,0.0019767729182110227,0.5656108597285068,0.5610859728506787,0.004524886877828038,0.49407114624505927,0.4910891089108911,0.002982037334168186,0.7868561641875846,0.7869256520619504,-6.948787436578119e-05,0.5115454699383656,0.5120345899077066,-0.0004891199693409787
Random Forest,returns,0.1,23,6236180190138179235,0.8463855421686747,0.8441265060240963,0.0022590361445783413,0.6851340911599162,0.6855898498653161,-0.00045575870539993346,0.547486033519553,0.5380434782608695,0.009442555258683538,0.4434389140271493,0.4479638009049774,-0.004524886877828094,0.49,0.4888888888888889,0.0011111111111111183,0.7699256479744285,0.7705510388437218,-0.0006253908692932519,0.4641844234644762,0.4643702176226109,-0.00018579415813468891
Logistic Regression,returns,0.1,24,4978896560499782843,0.8072289156626506,0.8072289156626506,0.0,0.7105380405236933,0.7105380405236933,0.0,0.43859649122807015,0.43859649122807015,0.0,0.5656108597285068,0.5656108597285068,0.0,0.49407114624505927,0.49407114624505927,0.0,0.7868561641875846,0.7870237525904671,-0.00016758840288244592,0.5115454699383656,0.5117222612237988,-0.00017679128543324207
Random Forest,returns,0.1,24,4978896560499782843,0.8463855421686747,0.8463855421686747,0.0,0.6851340911599162,0.6869448634154517,-0.0018107722555354977,0.547486033519553,0.5469613259668509,0.000524707552702175,0.4434389140271493,0.4479638009049774,-0.004524886877828094,0.49,0.4925373134328358,-0.0025373134328358082,0.7699256479744285,0.7711478170588644,-0.0012221690844358424,0.4641844234644762,0.46475591980235154,-0.0005714963378753435
Logistic Regression,returns,0.1,25,4622397231251165410,0.8072289156626506,0.8079819277108434,-0.0007530120481927804,0.7105380405236933,0.7109897117070718,-0.0004516711833785214,0.43859649122807015,0.44014084507042256,-0.0015443538423524084,0.5656108597285068,0.5656108597285068,0.0,0.49407114624505927,0.49504950495049505,-0.0009783587054357779,0.7868561641875846,0.7864719371175612,0.00038422707002339074,0.5115454699383656,0.51104382367041,0.0005016462679555689
Random Forest,returns,0.1,25,4622397231251165410,0.8463855421686747,0.8501506024096386,-0.0037650602409639022,0.6851340911599162,0.6928247638434152,-0.007690672683498989,0.547486033519553,0.5611111111111111,-0.013625077591558066,0.4434389140271493,0.45701357466063347,-0.01357466063348417,0.49,0.5037406483790524,-0.013740648379052423,0.7699256479744285,0.7713603682039838,-0.0014347202295552641,0.4641844234644762,0.46598069189874025,-0.001796268434264059
Logistic Regression,returns,0.1,26,18310202906823892660,0.8072289156626506,0.8072289156626506,0.0,0.7105380405236933,0.7105380405236933,0.0,0.43859649122807015,0.43859649122807015,0.0,0.5656108597285068,0.5656108597285068,0.0,0.49407114624505927,0.49407114624505927,0.0,0.7868561641875846,0.7871341156850483,-0.00027795149746367986,0.5115454699383656,0.5120735303360455,-0.0005280603976799414
Random Forest,returns,0.1,26,18310202906823892660,0.8463855421686747,0.8471385542168675,-0.0007530120481927804,0.6851340911599162,0.6873965345988302,-0.002262443438914019,0.547486033519553,0.55,-0.002513966480446994,0.4434389140271493,0.4479638009049774,-0.004524886877828094,0.49,0.4937655860349127,-0.003765586034912727,0.7699256479744285,0.771985759073277,-0.002060111098848516,0.4641844234644762,0.46403583098120976,0.00014859248326642982
Logistic Regression,returns,0.1,27,10984287242829140036,0.8072289156626506,0.8072289156626506,0.0,0.7105380405236933,0.7105380405236933,0.0,0.43859649122807015,0.43859649122807015,0.0,0.5656108597285068,0.5656108597285068,0.0,0.49407114624505927,0.49407114624505927,0.0,0.7868561641875846,0.7868970394077998,-4.087522021511969e-05,0.5115454699383656,0.5116483013686859,-0.00010283143032030484
Random Forest,returns,0.1,27,10984287242829140036,0.8463855421686747,0.8478915662650602,-0.001506024096385561,0.6851340911599162,0.6878482057822086,-0.0027141146222924295,0.547486033519553,0.553072625698324,-0.005586592178770999,0.4434389140271493,0.4479638009049774,-0.004524886877828094,0.49,0.495,-0.0050000000000000044,0.7699256479744285,0.7710129288321541,-0.001087280857725581,0.4641844234644762,0.46836046505311146,-0.004176041588635271
Logistic Regression,returns,0.1,28,11467263346606011088,0.8072289156626506,0.8079819277108434,-0.0007530120481927804,0.7105380405236933,0.7091789394515363,0.0013591010721569763,0.43859649122807015,0.4397163120567376,-0.0011198208286674616,0.5656108597285068,0.5610859728506787,0.004524886877828038,0.49407114624505927,0.49304174950298213,0.0010293967420771377,0.7868561641875846,0.7872976165659094,-0.00044145237832471373,0.5115454699383656,0.5119303474764046,-0.00038487753803906344
Random Forest,returns,0.1,28,11467263346606011088,0.8463855421686747,0.8433734939759037,0.0030120481927710108,0.6851340911599162,0.6833274064264021,0.0018066847335140857,0.547486033519553,0.5355191256830601,0.011966907836492902,0.4434389140271493,0.4434389140271493,0.0,0.49,0.48514851485148514,0.004851485148514856,0.7699256479744285,0.7677429112149341,0.0021827367594944302,0.4641844234644762,0.46572193950186525,-0.0015375160373890528
Logistic Regression,returns,0.1,29,5977757641858757414,0.8072289156626506,0.8087349397590361,-0.0015060240963854499,0.7105380405236933,0.7114413828904503,-0.0009033423667570428,0.43859649122807015,0.4416961130742049,-0.00309962184613477,0.5656108597285068,0.5656108597285068,0.0,0.49407114624505927,0.49603174603174605,-0.0019605997866867786,0.7868561641875846,0.78684390162152,1.2262566064680236e-05,0.5115454699383656,0.5118140593344632,-0.00026858939609764043
Random Forest,returns,0.1,29,5977757641858757414,0.8463855421686747,0.8441265060240963,0.0022590361445783413,0.6851340911599162,0.6855898498653161,-0.00045575870539993346,0.547486033519553,0.5380434782608695,0.009442555258683538,0.4434389140271493,0.4479638009049774,-0.004524886877828094,0.49,0.4888888888888889,0.0011111111111111183,0.7699256479744285,0.76944740789791,0.0004782400765185324,0.4641844234644762,0.4665804838316472,-0.0023960603671709935
Logistic Regression,returns,0.2,0,15437343486329062001,0.8072289156626506,0.8064759036144579,0.0007530120481927804,0.7105380405236933,0.7082755970847793,0.002262443438914019,0.43859649122807015,0.43661971830985913,0.0019767729182110227,0.5656108597285068,0.5610859728506787,0.004524886877828038,0.49407114624505927,0.4910891089108911,0.002982037334168186,0.7868561641875846,0.7874325047926195,-0.0005763406050348641,0.5115454699383656,0.5122609560615067,-0.0007154861231410958
Random Forest,returns,0.2,0,15437343486329062001,0.8463855421686747,0.8433734939759037,0.0030120481927710108,0.6851340911599162,0.6851381786819376,-4.087522021412049e-06,0.547486033519553,0.5351351351351351,0.012350898384417941,0.4434389140271493,0.4479638009049774,-0.004524886877828094,0.49,0.4876847290640394,0.002315270935960567,0.7699256479744285,0.7694841955961038,0.00044145237832471373,0.4641844234644762,0.46372191443877736,0.0004625090256988318
Logistic Regression,returns,0.2,1,8990833086325296884,0.8072289156626506,0.8072289156626506,0.0,0.7105380405236933,0.7105380405236933,0.0,0.43859649122807015,0.43859649122807015,0.0,0.5656108597285068,0.5656108597285068,0.0,0.49407114624505927,0.49407114624505927,0.0,0.7868561641875846,0.7869501771940797,-9.401300649503064e-05,0.5115454699383656,0.5121950150636403,-0.0006495451252747086
Random Forest,returns,0.2,1,8990833086325296884,0.8463855421686747,0.8478915662650602,-0.001506024096385561,0.6851340911599162,0.6932805225488152,-0.008146431388899034,0.547486033519553,0.5513513513513514,-0.0038653178317983317,0.4434389140271493,0.46153846153846156,-0.018099547511312264,0.49,0.5024630541871922,-0.01246305418719218,0.7699256479744285,0.7733346413403802,-0.0034089933659516847,0.4641844234644762,0.46335418594194744,0.0008302375225287539
Logistic Regression,returns,0.2,2,8069312356361093688,0.8072289156626506,0.8094879518072289,-0.0022590361445782303,0.7105380405236933,0.7118930540738289,-0.0013550135501355642,0.43859649122807015,0.4432624113475177,-0.004665920119447553,0.5656108597285068,0.5656108597285068,0.0,0.49407114624505927,0.4970178926441352,-0.002946746399075939,0.7868561641875846,0.7859446467767846,0.000911517410800089,0.5115454699383656,0.5115962122738534,-5.074233548785223e-05
Random Forest,returns,0.2,2,8069312356361093688,0.8463855421686747,0.848644578313253,-0.0022590361445783413,0.6851340911599162,0.6937321937321937,-0.008598102572277555,0.547486033519553,0.5543478260869565,-0.006861792567403491,0.4434389140271493,0.46153846153846156,-0.018099547511312264,0.49,0.5037037037037037,-0.013703703703703662,0.7699256479744285,0.7756727039366925,-0.005747055962263992,0.4641844234644762,0.4667445200373227,-0.002560096572846504
Logistic Regression,returns,0.2,3,13093191757947318417,0.8072289156626506,0.8064759036144579,0.0007530120481927804,0.7105380405236933,0.7082755970847793,0.002262443438914019,0.43859649122807015,0.43661971830985913,0.0019767729182110227,0.5656108597285068,0.5610859728506787,0.004524886877828038,0.49407114624505927,0.4910891089108911,0.002982037334168186,0.7868561641875846,0.7870646278106823,-0.00020846362309767663,0.5115454699383656,0.5129738769449068,-0.0014284070065412324
Random Forest,returns,0.2,3,13093191757947318417,0.8463855421686747,0.848644578313253,-0.0022590361445783413,0.6851340911599162,0.6919214214766582,-0.006787330316742057,0.547486033519553,0.554945054945055,-0.007459021425501922,0.4434389140271493,0.45701357466063347,-0.01357466063348417,0.49,0.5012406947890818,-0.011240694789081851,0.7699256479744285,0.772132909866052,-0.0022072618916234577,0.4641844234644762,0.46663731247245305,-0.002452889007976855
Logistic Regression,returns,0.2,4,15368102446480062868,0.8072289156626506,0.8087349397590361,-0.0015060240963854499,0.7105380405236933,0.7114413828904503,-0.0009033423667570428,0.43859649122807015,0.4416961130742049,-0.00309962184613477,0.5656108597285068,0.5656108597285068,0.0,0.49407114624505927,0.49603174603174605,-0.0019605997866867786,0.7868561641875846,0.7866272629543791,0.00022890123320551403,0.5115454699383656,0.5118634806341618,-0.00031801069579617813
Random Forest,returns,0.2,4,15368102446480062868,0.8463855421686747,0.8463855421686747,0.0,0.6851340911599162,0.6905664079265227,-0.005432316766606493,0.547486033519553,0.5459459459459459,0.0015400875736071296,0.4434389140271493,0.45701357466063347,-0.01357466063348417,0.49,0.4975369458128079,-0.007536945812807894,0.7699256479744285,0.7748143243121723,-0.004888676337743814,0.4641844234644762,0.46875857653702385,-0.00457415307254766
Logistic Regression,returns,0.2,5,13287391069268264256,0.8072289156626506,0.8079819277108434,-0.0007530120481927804,0.7105380405236933,0.7109897117070718,-0.0004516711833785214,0.43859649122807015,0.44014084507042256,-0.0015443538423524084,0.5656108597285068,0.5656108597285068,0.0,0.49407114624505927,0.49504950495049505,-0.0009783587054357779,0.7868561641875846,0.7859037715565693,0.0009523926310153197,0.5115454699383656,0.5112367846858378,0.0003086852525278072
Random Forest,returns,0.2,5,13287391069268264256,0.8463855421686747,0.8456325301204819,0.0007530120481927804,0.6851340911599162,0.6919255089986798,-0.00679141783876358,0.547486033519553,0.5425531914893617,0.004932842030191398,0.4434389140271493,0.46153846153846156,-0.018099547511312264,0.49,0.49877750611246946,-0.008777506112469469,0.7699256479744285,0.7775979268088308,-0.007672278834402246,0.4641844234644762,0.4682442634421579,-0.004059839977681723
Logistic Regression,returns,0.2,6,7751216662919644761,0.8072289156626506,0.8064759036144579,0.0007530120481927804,0.7105380405236933,0.7082755970847793,0.002262443438914019,0.43859649122807015,0.43661971830985913,0.0019767729182110227,0.5656108597285068,0.5610859728506787,0.004524886877828038,0.49407114624505927,0.4910891089108911,0.002982037334168186,0.7868561641875846,0.7864106242872383,0.00044553990034634783,0.5115454699383656,0.5115522160144553,-6.7460760897475325e-06
Random Forest,returns,0.2,6,7751216662919644761,0.8463855421686747,0.8501506024096386,-0.0037650602409639022,0.6851340911599162,0.6928247638434152,-0.007690672683498989,0.547486033519553,0.5611111111111111,-0.013625077591558066,0.4434389140271493,0.45701357466063347,-0.01357466063348417,0.49,0.5037406483790524,-0.013740648379052423,0.7699256479744285,0.7766904969200522,-0.0067648489456236804,0.4641844234644762,0.46915779079370257,-0.004973367329226375
Logistic Regression,returns,0.2,7,13368697894233847953,0.8072289156626506,0.8042168674698795,0.003012048192771122,0.7105380405236933,0.7051098112791083,0.00542822924458497,0.43859649122807015,0.43157894736842106,0.007017543859649089,0.5656108597285068,0.5565610859728507,0.009049773755656076,0.49407114624505927,0.48616600790513836,0.007905138339920903,0.7868561641875846,0.7867539761370466,0.00010218805053807678,0.5115454699383656,0.5104826555183991,0.0010628144199664735
Random Forest,returns,0.2,7,13368697894233847953,0.8463855421686747,0.8463855421686747,0.0,0.6851340911599162,0.6869448634154517,-0.0018107722555354977,0.547486033519553,0.5469613259668509,0.000524707552702175,0.4434389140271493,0.4479638009049774,-0.004524886877828094,0.49,0.4925373134328358,-0.0025373134328358082,0.7699256479744285,0.7750473130673993,-0.00512166509297074,0.4641844234644762,0.46997035559694156,-0.005785932132465366
Logistic Regression,returns,0.2,8,11461373728835737868,0.8072289156626506,0.8057228915662651,0.001506024096385561,0.7105380405236933,0.7078239259014008,0.0027141146222925405,0.43859649122807015,0.43508771929824563,0.003508771929824517,0.5656108597285068,0.5610859728506787,0.004524886877828038,0.49407114624505927,0.4901185770750988,0.0039525691699604515,0.7868561641875846,0.7866763132186375,0.00017985096894712616,0.5115454699383656,0.5117859686509953,-0.0002404987126297664
Random Forest,returns,0.2,8,11461373728835737868,0.8463855421686747,0.848644578313253,-0.0022590361445783413,0.6851340911599162,0.6901106492211226,-0.004976558061206449,0.547486033519553,0.5555555555555556,-0.00806952203600253,0.4434389140271493,0.45248868778280543,-0.009049773755656132,0.49,0.49875311720698257,-0.008753117206982575,0.7699256479744285,0.7712663551974887,-0.0013407072230601225,0.4641844234644762,0.4663924958330315,-0.0022080723685553028
Logistic Regression,returns,0.2,9,12694564516517247721,0.8072289156626506,0.8072289156626506,0.0,0.7105380405236933,0.7105380405236933,0.0,0.43859649122807015,0.43859649122807015,0.0,0.5656108597285068,0.5656108597285068,0.0,0.49407114624505927,0.49407114624505927,0.0,0.7868561641875846,0.786749888615025,0.00010627557255959985,0.5115454699383656,0.5109810548666099,0.0005644150717556418
Random Forest,returns,0.2,9,12694564516517247721,0.8463855421686747,0.8456325301204819,0.0007530120481927804,0.6851340911599162,0.6864931922320732,-0.0013591010721569763,0.547486033519553,0.5439560439560439,0.0035299895635091394,0.4434389140271493,0.4479638009049774,-0.004524886877828094,0.49,0.4913151364764268,-0.0013151364764267814,0.7699256479744285,0.7771237742543338,-0.007198126279905237,0.4641844234644762,0.4724669509825227,-0.008282527518046534
Logistic Regression,returns,0.2,10,9454428699514209773,0.8072289156626506,0.8064759036144579,0.0007530120481927804,0.7105380405236933,0.7100863693403148,0.0004516711833785214,0.43859649122807015,0.4370629370629371,0.0015335541651330664,0.5656108597285068,0.5656108597285068,0.0,0.49407114624505927,0.4930966469428008,0.000974499302258458,0.7868561641875846,0.7860836225255163,0.0007725416620683045,0.5115454699383656,0.5098829431472183,0.0016625267911473118
Random Forest,returns,0.2,10,9454428699514209773,0.8463855421686747,0.8441265060240963,0.0022590361445783413,0.6851340911599162,0.6819683053542451,0.003165785805671062,0.547486033519553,0.5388888888888889,0.008597144630664189,0.4434389140271493,0.43891402714932126,0.004524886877828038,0.49,0.4837905236907731,0.006209476309226913,0.7699256479744285,0.7698602476220842,6.540035234436914e-05,0.4641844234644762,0.46354335299497873,0.0006410704694974623
Logistic Regression,returns,0.2,11,1233212217341546801,0.8072289156626506,0.8072289156626506,0.0,0.7105380405236933,0.7105380405236933,0.0,0.43859649122807015,0.43859649122807015,0.0,0.5656108597285068,0.5656108597285068,0.0,0.49407114624505927,0.49407114624505927,0.0,0.7868561641875846,0.7863697490670231,0.00048641512056157854,0.5115454699383656,0.5119392632558595,-0.0003937933174938957
Random Forest,returns,0.2,11,1233212217341546801,0.8463855421686747,0.8471385542168675,-0.0007530120481927804,0.6851340911599162,0.6892073068543657,-0.004073215694449517,0.547486033519553,0.5494505494505495,-0.0019645159309964466,0.4434389140271493,0.45248868778280543,-0.009049773755656132,0.49,0.49627791563275436,-0.006277915632754372,0.7699256479744285,0.7697171843513307,0.00020846362309778765,0.4641844234644762,0.4635580911876377,0.0006263322768385038
Logistic Regression,returns,0.2,12,10611713421473343710,0.8072289156626506,0.8079819277108434,-0.0007530120481927804,0.7105380405236933,0.7091789394515363,0.0013591010721569763,0.43859649122807015,0.4397163120567376,-0.0011198208286674616,0.5656108597285068,0.5610859728506787,0.004524886877828038,0.49407114624505927,0.49304174950298213,0.0010293967420771377,0.7868561641875846,0.7869787898482303,-0.00012262566064569214,0.5115454699383656,0.5114849726470299,6.049729133572601e-05
Random Forest,returns,0.2,12,10611713421473343710,0.8463855421686747,0.8448795180722891,0.001506024096385561,0.6851340911599162,0.6878522933042301,-0.0027182021443139526,0.547486033519553,0.5405405405405406,0.00694549297901248,0.4434389140271493,0.45248868778280543,-0.009049773755656132,0.49,0.49261083743842365,-0.0026108374384236632,0.7699256479744285,0.7740376951280825,-0.004112047153653986,0.4641844234644762,0.46733743333752986,-0.0031530098730536693
Logistic Regression,returns,0.2,13,905849292858956395,0.8072289156626506,0.8057228915662651,0.001506024096385561,0.7105380405236933,0.7078239259014008,0.0027141146222925405,0.43859649122807015,0.43508771929824563,0.003508771929824517,0.5656108597285068,0.5610859728506787,0.004524886877828038,0.49407114624505927,0.4901185770750988,0.0039525691699604515,0.7868561641875846,0.7866558756085298,0.00020028857905485253,0.5115454699383656,0.5120847317326885,-0.0005392617943229538
Random Forest,returns,0.2,13,905849292858956395,0.8463855421686747,0.8441265060240963,0.0022590361445783413,0.6851340911599162,0.6801575330987095,0.004976558061206671,0.547486033519553,0.5393258426966292,0.008160190822923852,0.4434389140271493,0.4343891402714932,0.009049773755656076,0.49,0.48120300751879697,0.008796992481203025,0.7699256479744285,0.7686912163239279,0.0012344316505006336,0.4641844234644762,0.4634525856661623,0.0007318377983138724
Logistic Regression,returns,0.2,14,4238428520627791919,0.8072289156626506,0.8064759036144579,0.0007530120481927804,0.7105380405236933,0.7082755970847793,0.002262443438914019,0.43859649122807015,0.43661971830985913,0.0019767729182110227,0.5656108597285068,0.5610859728506787,0.004524886877828038,0.49407114624505927,0.4910891089108911,0.002982037334168186,0.7868561641875846,0.7873793670063397,-0.0005232028187550641,0.5115454699383656,0.5117172721047005,-0.0001718021663349445
Random Forest,returns,0.2,14,4238428520627791919,0.8463855421686747,0.8456325301204819,0.0007530120481927804,0.6851340911599162,0.6883039644876087,-0.003169873327692474,0.547486033519553,0.5434782608695652,0.004007772649987862,0.4434389140271493,0.45248868778280543,-0.009049773755656132,0.49,0.49382716049382713,-0.003827160493827142,0.7699256479744285,0.7711805172350367,-0.001254869260608138,0.4641844234644762,0.4671969717998642,-0.003012548335387999
Logistic Regression,returns,0.2,15,11963671203920690586,0.8072289156626506,0.8079819277108434,-0.0007530120481927804,0.7105380405236933,0.7091789394515363,0.0013591010721569763,0.43859649122807015,0.4397163120567376,-0.0011198208286674616,0.5656108597285068,0.5610859728506787,0.004524886877828038,0.49407114624505927,0.49304174950298213,0.0010293967420771377,0.7868561641875846,0.7867376260489602,0.00011853813862439111,0.5115454699383656,0.5114304885987531,0.00011498133961251877
Random Forest,returns,0.2,15,11963671203920690586,0.8463855421686747,0.8441265060240963,0.0022590361445783413,0.6851340911599162,0.6874006221208516,-0.002266530960935431,0.547486033519553,0.5376344086021505,0.009851624917402546,0.4434389140271493,0.45248868778280543,-0.009049773755656132,0.49,0.4914004914004914,-0.0014004914004914215,0.7699256479744285,0.7717568578400715,-0.001831209865643002,0.4641844234644762,0.46666498593681077,-0.00248056247233458
Logistic Regression,returns,0.2,16,4298663402148391726,0.8072289156626506,0.8087349397590361,-0.0015060240963854499,0.7105380405236933,0.7114413828904503,-0.0009033423667570428,0.43859649122807015,0.4416961130742049,-0.00309962184613477,0.5656108597285068,0.5656108597285068,0.0,0.49407114624505927,0.49603174603174605,-0.0019605997866867786,0.7868561641875846,0.7868316390554554,2.452513212924945e-05,0.5115454699383656,0.5118445498075913,-0.0002990798692257268
Random Forest,returns,0.2,16,4298663402148391726,0.8463855421686747,0.8471385542168675,-0.0007530120481927804,0.6851340911599162,0.6873965345988302,-0.002262443438914019,0.547486033519553,0.55,-0.002513966480446994,0.4434389140271493,0.4479638009049774,-0.004524886877828094,0.49,0.4937655860349127,-0.003765586034912727,0.7699256479744285,0.7717037200537918,-0.0017780720793633131,0.4641844234644762,0.466488675059088,-0.0023042515946117836
Logistic Regression,returns,0.2,17,9815467335898716121,0.8072289156626506,0.8079819277108434,-0.0007530120481927804,0.7105380405236933,0.7109897117070718,-0.0004516711833785214,0.43859649122807015,0.44014084507042256,-0.0015443538423524084,0.5656108597285068,0.5656108597285068,0.0,0.49407114624505927,0.49504950495049505,-0.0009783587054357779,0.7868561641875846,0.786455587029475,0.00040057715810959404,0.5115454699383656,0.5119658907751959,-0.0004204208368303597
Random Forest,returns,0.2,17,9815467335898716121,0.8463855421686747,0.8418674698795181,0.004518072289156572,0.6851340911599162,0.6896671530817873,-0.004533061921871084,0.547486033519553,0.5284974093264249,0.01898862419312819,0.4434389140271493,0.46153846153846156,-0.018099547511312264,0.49,0.4927536231884058,-0.0027536231884058293,0.7699256479744285,0.7733428163844233,-0.003417168409994731,0.4641844234644762,0.4684137350450559,-0.004229311580579709
Logistic Regression,returns,0.2,18,10118148169808342681,0.8072289156626506,0.8049698795180723,0.0022590361445783413,0.7105380405236933,0.7091830269735578,0.0013550135501354532,0.43859649122807015,0.4340277777777778,0.004568713450292361,0.5656108597285068,0.5656108597285068,0.0,0.49407114624505927,0.4911591355599214,0.0029120106851378558,0.7868561641875846,0.7874897301009209,-0.0006335659133362981,0.5115454699383656,0.5128707449777182,-0.001325275039352647
Random Forest,returns,0.2,18,10118148169808342681,0.8463855421686747,0.8448795180722891,0.001506024096385561,0.6851340911599162,0.6860415210486946,-0.0009074298887784549,0.547486033519553,0.5409836065573771,0.006502426962175956,0.4434389140271493,0.4479638009049774,-0.004524886877828094,0.49,0.4900990099009901,-9.90099009900991e-05,0.7699256479744285,0.7712827052855747,-0.0013570573111462148,0.4641844234644762,0.4682034090028532,-0.004018985538376985
Logistic Regression,returns,0.2,19,433929310689118643,0.8072289156626506,0.8072289156626506,0.0,0.7105380405236933,0.7087272682681578,0.0018107722555354977,0.43859649122807015,0.4381625441696113,0.00043394705845883896,0.5656108597285068,0.5610859728506787,0.004524886877828038,0.49407114624505927,0.49206349206349204,0.002007654181567231,0.7868561641875846,0.786774413747154,8.175044043068347e-05,0.5115454699383656,0.5124185581203886,-0.0008730881820230296
Random Forest,returns,0.2,19,433929310689118643,0.8463855421686747,0.8441265060240963,0.0022590361445783413,0.6851340911599162,0.6855898498653161,-0.00045575870539993346,0.547486033519553,0.5380434782608695,0.009442555258683538,0.4434389140271493,0.4479638009049774,-0.004524886877828094,0.49,0.4888888888888889,0.0011111111111111183,0.7699256479744285,0.7695332458603621,0.0003924021140664369,0.4641844234644762,0.4660001093443326,-0.0018156858798564213
Logistic Regression,returns,0.2,20,3416810269127196488,0.8072289156626506,0.8064759036144579,0.0007530120481927804,0.7105380405236933,0.7082755970847793,0.002262443438914019,0.43859649122807015,0.43661971830985913,0.0019767729182110227,0.5656108597285068,0.5610859728506787,0.004524886877828038,0.49407114624505927,0.4910891089108911,0.002982037334168186,0.7868561641875846,0.787281266477823,-0.0004251022902383994,0.5115454699383656,0.5118677914892618,-0.0003223215508961763
Random Forest,returns,0.2,20,3416810269127196488,0.8463855421686747,0.8456325301204819,0.0007530120481927804,0.6851340911599162,0.6828716477210022,0.002262443438914019,0.547486033519553,0.5449438202247191,0.0025422132948339504,0.4434389140271493,0.43891402714932126,0.004524886877828038,0.49,0.48621553884711777,0.0037844611528822236,0.7699256479744285,0.7686626036697772,0.0012630443046512951,0.4641844234644762,0.462540822145498,0.0016436013189781717
Logistic Regression,returns,0.2,21,14551557484449220717,0.8072289156626506,0.8087349397590361,-0.0015060240963854499,0.7105380405236933,0.7114413828904503,-0.0009033423667570428,0.43859649122807015,0.4416961130742049,-0.00309962184613477,0.5656108597285068,0.5656108597285068,0.0,0.49407114624505927,0.49603174603174605,-0.0019605997866867786,0.7868561641875846,0.7872076910814357,-0.00035152689385109515,0.5115454699383656,0.5115933592591232,-4.788932075761032e-05
Random Forest,returns,0.2,21,14551557484449220717,0.8463855421686747,0.8456325301204819,0.0007530120481927804,0.6851340911599162,0.6864931922320732,-0.0013591010721569763,0.547486033519553,0.5439560439560439,0.0035299895635091394,0.4434389140271493,0.4479638009049774,-0.004524886877828094,0.49,0.4913151364764268,-0.0013151364764267814,0.7699256479744285,0.7730199021447228,-0.003094254170294297,0.4641844234644762,0.46738467480876134,-0.0032002513442851432
Logistic Regression,returns,0.2,22,13068259703292216872,0.8072289156626506,0.8072289156626506,0.0,0.7105380405236933,0.7105380405236933,0.0,0.43859649122807015,0.43859649122807015,0.0,0.5656108597285068,0.5656108597285068,0.0,0.49407114624505927,0.49407114624505927,0.0,0.7868561641875846,0.7870973279868545,-0.0002411637992698612,0.5115454699383656,0.5119601180617035,-0.0004146481233379129
Random Forest,returns,0.2,22,13068259703292216872,0.8463855421686747,0.8426204819277109,0.003765060240963791,0.6851340911599162,0.6846865074985592,0.00044758366135699834,0.547486033519553,0.532258064516129,0.015227969003424047,0.4434389140271493,0.4479638009049774,-0.004524886877828094,0.49,0.4864864864864865,0.0035135135135134776,0.7699256479744285,0.7686176409275406,0.001308007046887938,0.4641844234644762,0.4644646388918065,-0.00028021542733031035
Logistic Regression,returns,0.2,23,4033494308402997023,0.8072289156626506,0.8057228915662651,0.001506024096385561,0.7105380405236933,0.7078239259014008,0.0027141146222925405,0.43859649122807015,0.43508771929824563,0.003508771929824517,0.5656108597285068,0.5610859728506787,0.004524886877828038,0.49407114624505927,0.4901185770750988,0.0039525691699604515,0.7868561641875846,0.7869133894958859,-5.7225308301211975e-05,0.5115454699383656,0.5123680266475893,-0.0008225567092237096
Random Forest,returns,0.2,23,4033494308402997023,0.8463855421686747,0.8471385542168675,-0.0007530120481927804,0.6851340911599162,0.6910180791099012,-0.0058839879499850145,0.547486033519553,0.5489130434782609,-0.0014270099587078144,0.4434389140271493,0.45701357466063347,-0.01357466063348417,0.49,0.49876543209876545,-0.008765432098765458,0.7699256479744285,0.7700237485029452,-9.810052851666473e-05,0.4641844234644762,0.46301662400940446,0.0011677994550717274
Logistic Regression,returns,0.2,24,5675126539677022726,0.8072289156626506,0.8072289156626506,0.0,0.7105380405236933,0.7105380405236933,0.0,0.43859649122807015,0.43859649122807015,0.0,0.5656108597285068,0.5656108597285068,0.0,0.49407114624505927,0.49407114624505927,0.0,0.7868561641875846,0.7870482777225962,-0.00019211353501158435,0.5115454699383656,0.51221624460165,-0.000670774663284468
Random Forest,returns,0.2,24,5675126539677022726,0.8463855421686747,0.8463855421686747,0.0,0.6851340911599162,0.6923771801820582,-0.007243089022141991,0.547486033519553,0.5454545454545454,0.002031488065007636,0.4434389140271493,0.46153846153846156,-0.018099547511312264,0.49,0.5,-0.010000000000000009,0.7699256479744285,0.7723454610111712,-0.0024198130367426574,0.4641844234644762,0.4653451122868564,-0.0011606888223801848
Logistic Regression,returns,0.2,25,4846042702128458660,0.8072289156626506,0.8064759036144579,0.0007530120481927804,0.7105380405236933,0.7100863693403148,0.0004516711833785214,0.43859649122807015,0.4370629370629371,0.0015335541651330664,0.5656108597285068,0.5656108597285068,0.0,0.49407114624505927,0.4930966469428008,0.000974499302258458,0.7868561641875846,0.7859691719089137,0.0008869922786709505,0.5115454699383656,0.5102934699673554,0.0012519999710102203
Random Forest,returns,0.2,25,4846042702128458660,0.8463855421686747,0.8516566265060241,-0.005271084337349463,0.6851340911599162,0.6973496507212433,-0.012215559561327138,0.547486033519553,0.5659340659340659,-0.01844803241451287,0.4434389140271493,0.4660633484162896,-0.022624434389140302,0.49,0.511166253101737,-0.02116625310173703,0.7699256479744285,0.7735798926616717,-0.00365424468724318,0.4641844234644762,0.46757498420367355,-0.003390560739197357
Logistic Regression,returns,0.2,26,15211912475472181156,0.8072289156626506,0.8064759036144579,0.0007530120481927804,0.7105380405236933,0.7100863693403148,0.0004516711833785214,0.43859649122807015,0.4370629370629371,0.0015335541651330664,0.5656108597285068,0.5656108597285068,0.0,0.49407114624505927,0.4930966469428008,0.000974499302258458,0.7868561641875846,0.7871831659493066,-0.0003270017617219567,0.5115454699383656,0.5122908833652057,-0.0007454134268400914
Random Forest,returns,0.2,26,15211912475472181156,0.8463855421686747,0.8471385542168675,-0.0007530120481927804,0.6851340911599162,0.6910180791099012,-0.0058839879499850145,0.547486033519553,0.5489130434782609,-0.0014270099587078144,0.4434389140271493,0.45701357466063347,-0.01357466063348417,0.49,0.49876543209876545,-0.008765432098765458,0.7699256479744285,0.7714339436003712,-0.0015082956259426794,0.4641844234644762,0.4638723592416419,0.00031206422283430735
Logistic Regression,returns,0.2,27,10867353985465512582,0.8072289156626506,0.8072289156626506,0.0,0.7105380405236933,0.7105380405236933,0.0,0.43859649122807015,0.43859649122807015,0.0,0.5656108597285068,0.5656108597285068,0.0,0.49407114624505927,0.49407114624505927,0.0,0.7868561641875846,0.7868847768417353,-2.86126541506615e-05,0.5115454699383656,0.5113458984018793,0.00019957153648630932
Random Forest,returns,0.2,27,10867353985465512582,0.8463855421686747,0.8471385542168675,-0.0007530120481927804,0.6851340911599162,0.6910180791099012,-0.0058839879499850145,0.547486033519553,0.5489130434782609,-0.0014270099587078144,0.4434389140271493,0.45701357466063347,-0.01357466063348417,0.49,0.49876543209876545,-0.008765432098765458,0.7699256479744285,0.7698316349679333,9.401300649525268e-05,0.4641844234644762,0.46920940791729876,-0.005024984452822567
Logistic Regression,returns,0.2,28,8576376636854931310,0.8072289156626506,0.8079819277108434,-0.0007530120481927804,0.7105380405236933,0.7091789394515363,0.0013591010721569763,0.43859649122807015,0.4397163120567376,-0.0011198208286674616,0.5656108597285068,0.5610859728506787,0.004524886877828038,0.49407114624505927,0.49304174950298213,0.0010293967420771377,0.7868561641875846,0.7875019926669855,-0.0006458284794008673,0.5115454699383656,0.5117634154628209,-0.00021794552445530968
Random Forest,returns,0.2,28,8576376636854931310,0.8463855421686747,0.848644578313253,-0.0022590361445783413,0.6851340911599162,0.6901106492211226,-0.004976558061206449,0.547486033519553,0.5555555555555556,-0.00806952203600253,0.4434389140271493,0.45248868778280543,-0.009049773755656132,0.49,0.49875311720698257,-0.008753117206982575,0.7699256479744285,0.7692103316206615,0.0007153163537669815,0.4641844234644762,0.46819926343357265,-0.004014839969096462
Logistic Regression,returns,0.2,29,7131025660067911814,0.8072289156626506,0.8079819277108434,-0.0007530120481927804,0.7105380405236933,0.7109897117070718,-0.0004516711833785214,0.43859649122807015,0.44014084507042256,-0.0015443538423524084,0.5656108597285068,0.5656108597285068,0.0,0.49407114624505927,0.49504950495049505,-0.0009783587054357779,0.7868561641875846,0.7867335385269387,0.00012262566064591418,0.5115454699383656,0.5110465758772048,0.0004988940611607706
Random Forest,returns,0.2,29,7131025660067911814,0.8463855421686747,0.8433734939759037,0.0030120481927710108,0.6851340911599162,0.6851381786819376,-4.087522021412049e-06,0.547486033519553,0.5351351351351351,0.012350898384417941,0.4434389140271493,0.4479638009049774,-0.004524886877828094,0.49,0.4876847290640394,0.002315270935960567,0.7699256479744285,0.7692062440986401,0.0007194038757883936,0.4641844234644762,0.4653594005259846,-0.001174977061508431
Logistic Regression,returns,0.5,0,2017948699081230510,0.8072289156626506,0.8064759036144579,0.0007530120481927804,0.7105380405236933,0.7082755970847793,0.002262443438914019,0.43859649122807015,0.43661971830985913,0.0019767729182110227,0.5656108597285068,0.5610859728506787,0.004524886877828038,0.49407114624505927,0.4910891089108911,0.002982037334168186,0.7868561641875846,0.7876900186799757,-0.0008338544923910396,0.5115454699383656,0.5135005409316946,-0.0019550709933290333
Random Forest,returns,0.5,0,2017948699081230510,0.8463855421686747,0.8448795180722891,0.001506024096385561,0.6851340911599162,0.6896630655597656,-0.00452897439984945,0.547486033519553,0.5401069518716578,0.007379081647895247,0.4434389140271493,0.45701357466063347,-0.01357466063348417,0.49,0.4950980392156863,-0.005098039215686301,0.7699256479744285,0.7728237010876896,-0.0028980531132610787,0.4641844234644762,0.4653443372821382,-0.001159913817662006
Logistic Regression,returns,0.5,1,8232941643315864462,0.8072289156626506,0.8087349397590361,-0.0015060240963854499,0.7105380405236933,0.7132521551459858,-0.0027141146222925405,0.43859649122807015,0.4421052631578947,-0.0035087719298245723,0.5656108597285068,0.5701357466063348,-0.004524886877828038,0.49407114624505927,0.4980237154150198,-0.003952569169960507,0.7868561641875846,0.7867907638352402,6.540035234448016e-05,0.5115454699383656,0.5130086824516769,-0.0014632125133112739
Random Forest,returns,0.5,1,8232941643315864462,0.8463855421686747,0.848644578313253,-0.0022590361445783413,0.6851340911599162,0.6955429659877292,-0.010408874827813053,0.547486033519553,0.553763440860215,-0.006277407340661956,0.4434389140271493,0.4660633484162896,-0.022624434389140302,0.49,0.5061425061425061,-0.01614250614250612,0.7699256479744285,0.7753702273070997,-0.005444579332671173,0.4641844234644762,0.4642269181921694,-4.249472769318752e-05
Logistic Regression,returns,0.5,2,10312106210739599016,0.8072289156626506,0.8125,-0.005271084337349352,0.7105380405236933,0.7155105110628783,-0.0049724705391850366,0.43859649122807015,0.45,-0.01140350877192986,0.5656108597285068,0.5701357466063348,-0.004524886877828038,0.49407114624505927,0.5029940119760479,-0.008922865730988605,0.7868561641875846,0.7845957645096813,0.0022603996779033686,0.5115454699383656,0.5104164568801833,0.0011290130581822488
Random Forest,returns,0.5,2,10312106210739599016,0.8463855421686747,0.8463855421686747,0.0,0.6851340911599162,0.6923771801820582,-0.007243089022141991,0.547486033519553,0.5454545454545454,0.002031488065007636,0.4434389140271493,0.46153846153846156,-0.018099547511312264,0.49,0.5,-0.010000000000000009,0.7699256479744285,0.7751535886399588,-0.0052279406655302285,0.4641844234644762,0.46502673574827547,-0.0008423122837992736
Logistic Regression,returns,0.5,3,4089056035409633433,0.8072289156626506,0.8072289156626506,0.0,0.7105380405236933,0.7087272682681578,0.0018107722555354977,0.43859649122807015,0.4381625441696113,0.00043394705845883896,0.5656108597285068,0.5610859728506787,0.004524886877828038,0.49407114624505927,0.49206349206349204,0.002007654181567231,0.7868561641875846,0.7867171884388527,0.00013897574873189544,0.5115454699383656,0.5128603787576421,-0.001314908819276539
Random Forest,returns,0.5,3,4089056035409633433,0.8463855421686747,0.8456325301204819,0.0007530120481927804,0.6851340911599162,0.6901147367431442,-0.004980645583227972,0.547486033519553,0.543010752688172,0.0044752808313810455,0.4434389140271493,0.45701357466063347,-0.01357466063348417,0.49,0.4963144963144963,-0.006314496314496321,0.7699256479744285,0.7647794577493285,0.005146190225099989,0.4641844234644762,0.4607906330625877,0.0033937904018884746
Logistic Regression,returns,0.5,4,12060110470423616735,0.8072289156626506,0.8087349397590361,-0.0015060240963854499,0.7105380405236933,0.7096306106349148,0.0009074298887784549,0.43859649122807015,0.4412811387900356,-0.0026846475619654586,0.5656108597285068,0.5610859728506787,0.004524886877828038,0.49407114624505927,0.4940239043824701,4.7241862589142425e-05,0.7868561641875846,0.7862307733182913,0.000625390869293363,0.5115454699383656,0.5121815926062435,-0.0006361226678779364
Random Forest,returns,0.5,4,12060110470423616735,0.8463855421686747,0.8411144578313253,0.005271084337349352,0.6851340911599162,0.6892154818984088,-0.004081390738492563,0.547486033519553,0.5257731958762887,0.02171283764326437,0.4434389140271493,0.46153846153846156,-0.018099547511312264,0.49,0.491566265060241,-0.00156626506024099,0.7699256479744285,0.7740540452161685,-0.004128397241739967,0.4641844234644762,0.4702629300315456,-0.0060785065670694305
Logistic Regression,returns,0.5,5,13128118414604442993,0.8072289156626506,0.8087349397590361,-0.0015060240963854499,0.7105380405236933,0.7150629274015213,-0.004524886877828038,0.43859649122807015,0.4425087108013937,-0.00391221957332355,0.5656108597285068,0.5746606334841629,-0.009049773755656076,0.49407114624505927,0.5,-0.005928853754940733,0.7868561641875846,0.7849922541457692,0.0018639100418154086,0.5115454699383656,0.5113219441233808,0.00022352581498474855
Random Forest,returns,0.5,5,13128118414604442993,0.8463855421686747,0.8463855421686747,0.0,0.6851340911599162,0.6905664079265227,-0.005432316766606493,0.547486033519553,0.5459459459459459,0.0015400875736071296,0.4434389140271493,0.45701357466063347,-0.01357466063348417,0.49,0.4975369458128079,-0.007536945812807894,0.7699256479744285,0.7793882614542587,-0.009462613479830129,0.4641844234644762,0.4685876076411437,-0.004403184176667518
Logistic Regression,returns,0.5,6,11776020962377867259,0.8072289156626506,0.8064759036144579,0.0007530120481927804,0.7105380405236933,0.7100863693403148,0.0004516711833785214,0.43859649122807015,0.4370629370629371,0.0015335541651330664,0.5656108597285068,0.5656108597285068,0.0,0.49407114624505927,0.4930966469428008,0.000974499302258458,0.7868561641875846,0.7855072819204815,0.0013488822671031686,0.5115454699383656,0.5112083800972813,0.0003370898410842704
Random Forest,returns,0.5,6,11776020962377867259,0.8463855421686747,0.8478915662650602,-0.001506024096385561,0.6851340911599162,0.6914697502932797,-0.006335659133363536,0.547486033519553,0.5519125683060109,-0.004426534786457825,0.4434389140271493,0.45701357466063347,-0.01357466063348417,0.49,0.5,-0.010000000000000009,0.7699256479744285,0.771495256430694,-0.0015696084562655255,0.4641844234644762,0.4744019425116158,-0.010217519047139634
Logistic Regression,returns,0.5,7,11806673177111457052,0.8072289156626506,0.8019578313253012,0.005271084337349463,0.7105380405236933,0.7019440254734373,0.008594015050256032,0.43859649122807015,0.42657342657342656,0.01202306465464359,0.5656108597285068,0.5520361990950227,0.013574660633484115,0.49407114624505927,0.4812623274161736,0.012808818828885682,0.7868561641875846,0.7860345722612582,0.0008215919263264704,0.5115454699383656,0.5083074039850191,0.003238065953346525
Random Forest,returns,0.5,7,11806673177111457052,0.8463855421686747,0.8524096385542169,-0.006024096385542244,0.6851340911599162,0.6959905496490862,-0.010856458489170051,0.547486033519553,0.5698324022346368,-0.022346368715083775,0.4434389140271493,0.46153846153846156,-0.018099547511312264,0.49,0.51,-0.020000000000000018,0.7699256479744285,0.7771523869084844,-0.0072267389340558985,0.4641844234644762,0.47171563628819896,-0.007531212823722766
Logistic Regression,returns,0.5,8,3223975652649876747,0.8072289156626506,0.8034638554216867,0.0037650602409639022,0.7105380405236933,0.7082796846068008,0.002258355916892496,0.43859649122807015,0.43103448275862066,0.007562008469449488,0.5656108597285068,0.5656108597285068,0.0,0.49407114624505927,0.4892367906066536,0.004834355638405674,0.7868561641875846,0.7862021606641405,0.0006540035234441355,0.5115454699383656,0.5113833931586798,0.0001620767796858269
Random Forest,returns,0.5,8,3223975652649876747,0.8463855421686747,0.8448795180722891,0.001506024096385561,0.6851340911599162,0.6914738378153013,-0.006339746655385059,0.547486033519553,0.5396825396825397,0.007803493837013398,0.4434389140271493,0.46153846153846156,-0.018099547511312264,0.49,0.4975609756097561,-0.007560975609756104,0.7699256479744285,0.7698438975339978,8.175044043068347e-05,0.4641844234644762,0.46466775821547074,-0.00048333475099454626
Logistic Regression,returns,0.5,9,15533123254936722878,0.8072289156626506,0.8079819277108434,-0.0007530120481927804,0.7105380405236933,0.7109897117070718,-0.0004516711833785214,0.43859649122807015,0.44014084507042256,-0.0015443538423524084,0.5656108597285068,0.5656108597285068,0.0,0.49407114624505927,0.49504950495049505,-0.0009783587054357779,0.7868561641875846,0.7865373374699057,0.0003188267176789106,0.5115454699383656,0.5102387991283116,0.0013066708100539781
Random Forest,returns,0.5,9,15533123254936722878,0.8463855421686747,0.8509036144578314,-0.004518072289156683,0.6851340911599162,0.6950872072823293,-0.00995311612241312,0.547486033519553,0.56353591160221,-0.0160498780826569,0.4434389140271493,0.46153846153846156,-0.018099547511312264,0.49,0.5074626865671642,-0.01746268656716421,0.7699256479744285,0.7786688575784702,-0.008743209604041624,0.4641844234644762,0.4731886898879935,-0.009004266423517315
Logistic Regression,returns,0.5,10,11844935966357126015,0.8072289156626506,0.8079819277108434,-0.0007530120481927804,0.7105380405236933,0.7109897117070718,-0.0004516711833785214,0.43859649122807015,0.44014084507042256,-0.0015443538423524084,0.5656108597285068,0.5656108597285068,0.0,0.49407114624505927,0.49504950495049505,-0.0009783587054357779,0.7868561641875846,0.7850004291898122,0.0018557349977724735,0.5115454699383656,0.5099558313043067,0.0015896386340589208
Random Forest,returns,0.5,10,11844935966357126015,0.8463855421686747,0.8433734939759037,0.0030120481927710108,0.6851340911599162,0.6851381786819376,-4.087522021412049e-06,0.547486033519553,0.5351351351351351,0.012350898384417941,0.4434389140271493,0.4479638009049774,-0.004524886877828094,0.49,0.4876847290640394,0.002315270935960567,0.7699256479744285,0.7679554623600535,0.0019701856143750085,0.4641844234644762,0.46196155756160884,0.0022228659028673547
Logistic Regression,returns,0.5,11,15477312445097760816,0.8072289156626506,0.8064759036144579,0.0007530120481927804,0.7105380405236933,0.7064648248292438,0.004073215694449517,0.43859649122807015,0.43617021276595747,0.0024262784621126854,0.5656108597285068,0.5565610859728507,0.009049773755656076,0.49407114624505927,0.48906560636182905,0.0050055398832302145,0.7868561641875846,0.7856217325370841,0.0012344316505005226,0.5115454699383656,0.5132940900745045,-0.0017486201361389675
Random Forest,returns,0.5,11,15477312445097760816,0.8463855421686747,0.8396084337349398,0.006777108433734913,0.6851340911599162,0.6828798227650451,0.002254268394871084,0.547486033519553,0.5210526315789473,0.026433401940605727,0.4434389140271493,0.4479638009049774,-0.004524886877828094,0.49,0.48175182481751827,0.00824817518248172,0.7699256479744285,0.7680862630647424,0.0018393849096861592,0.4641844234644762,0.46213928795017384,0.002045135514302354
Logistic Regression,returns,0.5,12,11832646016175052758,0.8072289156626506,0.8109939759036144,-0.003765060240963791,0.7105380405236933,0.7127963964405859,-0.002258355916892607,0.43859649122807015,0.44642857142857145,-0.007832080200501301,0.5656108597285068,0.5656108597285068,0.0,0.49407114624505927,0.499001996007984,-0.004930849762924738,0.7868561641875846,0.7867090133948097,0.00014715079277494159,0.5115454699383656,0.5115020709172917,4.33990210738644e-05
Random Forest,returns,0.5,12,11832646016175052758,0.8463855421686747,0.8501506024096386,-0.0037650602409639022,0.6851340911599162,0.7000678528655573,-0.014933761705641091,0.547486033519553,0.5585106382978723,-0.011024604778319236,0.4434389140271493,0.4751131221719457,-0.03167420814479638,0.49,0.5134474327628362,-0.02344743276283623,0.7699256479744285,0.7762817447178997,-0.006356096743471151,0.4641844234644762,0.46688791889207737,-0.002703495427601177
Logistic Regression,returns,0.5,13,2750281062581883375,0.8072289156626506,0.8057228915662651,0.001506024096385561,0.7105380405236933,0.7060131536458653,0.004524886877828038,0.43859649122807015,0.43462897526501765,0.003967515963052504,0.5656108597285068,0.5565610859728507,0.009049773755656076,0.49407114624505927,0.4880952380952381,0.005975908149821185,0.7868561641875846,0.7862593859724418,0.0005967782151428125,0.5115454699383656,0.5128655538079729,-0.001320083869607358
Random Forest,returns,0.5,13,2750281062581883375,0.8463855421686747,0.8456325301204819,0.0007530120481927804,0.6851340911599162,0.6901147367431442,-0.004980645583227972,0.547486033519553,0.543010752688172,0.0044752808313810455,0.4434389140271493,0.45701357466063347,-0.01357466063348417,0.49,0.4963144963144963,-0.006314496314496321,0.7699256479744285,0.7627152591284585,0.007210388845970028,0.4641844234644762,0.46537836033306923,-0.0011939368685930374
Logistic Regression,returns,0.5,14,7731538117858409072,0.8072289156626506,0.8072289156626506,0.0,0.7105380405236933,0.7123488127792288,-0.0018107722555354977,0.43859649122807015,0.43902439024390244,-0.0004278990158322893,0.5656108597285068,0.5701357466063348,-0.004524886877828038,0.49407114624505927,0.49606299212598426,-0.0019918458809249917,0.7868561641875846,0.7876532309817819,-0.0007970667941972209,0.5115454699383656,0.511764578020895,-0.00021910808252945113
Random Forest,returns,0.5,14,7731538117858409072,0.8463855421686747,0.8426204819277109,0.003765060240963791,0.6851340911599162,0.6864972797540947,-0.0013631885941784994,0.547486033519553,0.5319148936170213,0.015571139902531783,0.4434389140271493,0.45248868778280543,-0.009049773755656132,0.49,0.4889975550122249,0.0010024449877750752,0.7699256479744285,0.7721002096898797,-0.002174561715451162,0.4641844234644762,0.46962609281020207,-0.005441669345725875
Logistic Regression,returns,0.5,15,2726988454352273333,0.8072289156626506,0.8057228915662651,0.001506024096385561,0.7105380405236933,0.7060131536458653,0.004524886877828038,0.43859649122807015,0.43462897526501765,0.003967515963052504,0.5656108597285068,0.5565610859728507,0.009049773755656076,0.49407114624505927,0.4880952380952381,0.005975908149821185,0.7868561641875846,0.7865455125139487,0.00031065167363597546,0.5115454699383656,0.5116725015079863,-0.00012703156962068363
Random Forest,returns,0.5,15,2726988454352273333,0.8463855421686747,0.8471385542168675,-0.0007530120481927804,0.6851340911599162,0.6982611681320433,-0.013127076972127116,0.547486033519553,0.546875,0.0006110335195530503,0.4434389140271493,0.4751131221719457,-0.03167420814479638,0.49,0.5084745762711864,-0.018474576271186427,0.7699256479744285,0.7702403871700859,-0.0003147391956573875,0.4641844234644762,0.47014380514260745,-0.005959381678131259
Logistic Regression,returns,0.5,16,8439624284394939267,0.8072289156626506,0.8079819277108434,-0.0007530120481927804,0.7105380405236933,0.7091789394515363,0.0013591010721569763,0.43859649122807015,0.4397163120567376,-0.0011198208286674616,0.5656108597285068,0.5610859728506787,0.004524886877828038,0.49407114624505927,0.49304174950298213,0.0010293967420771377,0.7868561641875846,0.7866395255204438,0.0002166386671408338,0.5115454699383656,0.5152922504056258,-0.00374678046726018
Random Forest,returns,0.5,16,8439624284394939267,0.8463855421686747,0.8448795180722891,0.001506024096385561,0.6851340911599162,0.6896630655597656,-0.00452897439984945,0.547486033519553,0.5401069518716578,0.007379081647895247,0.4434389140271493,0.45701357466063347,-0.01357466063348417,0.49,0.4950980392156863,-0.005098039215686301,0.7699256479744285,0.7762040817994907,-0.006278433825062213,0.4641844234644762,0.4716197796222347,-0.0074353561577585325
Logistic Regression,returns,0.5,17,2503259789926730985,0.8072289156626506,0.8079819277108434,-0.0007530120481927804,0.7105380405236933,0.7128004839626073,-0.002262443438914019,0.43859649122807015,0.4405594405594406,-0.0019629493313704227,0.5656108597285068,0.5701357466063348,-0.004524886877828038,0.49407114624505927,0.4970414201183432,-0.002970273873283913,0.7868561641875846,0.786087710047538,0.0007684541400466705,0.5115454699383656,0.5124885630538886,-0.000943093115522986
Random Forest,returns,0.5,17,2503259789926730985,0.8463855421686747,0.8448795180722891,0.001506024096385561,0.6851340911599162,0.6896630655597656,-0.00452897439984945,0.547486033519553,0.5401069518716578,0.007379081647895247,0.4434389140271493,0.45701357466063347,-0.01357466063348417,0.49,0.4950980392156863,-0.005098039215686301,0.7699256479744285,0.776518820995148,-0.006593173020719489,0.4641844234644762,0.4734807043311047,-0.009296280866628481
Logistic Regression,returns,0.5,18,17277167575651954225,0.8072289156626506,0.8094879518072289,-0.0022590361445782303,0.7105380405236933,0.7118930540738289,-0.0013550135501355642,0.43859649122807015,0.4432624113475177,-0.004665920119447553,0.5656108597285068,0.5656108597285068,0.0,0.49407114624505927,0.4970178926441352,-0.002946746399075939,0.7868561641875846,0.7878616946048796,-0.0010055304172950086,0.5115454699383656,0.5135081485048175,-0.0019626785664519364
Random Forest,returns,0.5,18,17277167575651954225,0.8463855421686747,0.8433734939759037,0.0030120481927710108,0.6851340911599162,0.6923812677040797,-0.007247176544163514,0.547486033519553,0.533678756476684,0.013807277042869104,0.4434389140271493,0.4660633484162896,-0.022624434389140302,0.49,0.4975845410628019,-0.0075845410628019305,0.7699256479744285,0.7721901351743533,-0.0022644871999247806,0.4641844234644762,0.47048756906295297,-0.006303145598476778
Logistic Regression,returns,0.5,19,6257325096945299913,0.8072289156626506,0.8049698795180723,0.0022590361445783413,0.7105380405236933,0.7091830269735578,0.0013550135501354532,0.43859649122807015,0.4340277777777778,0.004568713450292361,0.5656108597285068,0.5656108597285068,0.0,0.49407114624505927,0.4911591355599214,0.0029120106851378558,0.7868561641875846,0.7863411364128724,0.00051502777471224,0.5115454699383656,0.5126595859243664,-0.0011141159860008631
Random Forest,returns,0.5,19,6257325096945299913,0.8463855421686747,0.8418674698795181,0.004518072289156572,0.6851340911599162,0.6842348363151807,0.0008992548447355198,0.547486033519553,0.5294117647058824,0.01807426881367069,0.4434389140271493,0.4479638009049774,-0.004524886877828094,0.49,0.4852941176470588,0.004705882352941171,0.7699256479744285,0.7669090567225431,0.00301659125188547,0.4641844234644762,0.4646560584184106,-0.00047163495393443
Logistic Regression,returns,0.5,20,9081184048072868285,0.8072289156626506,0.8094879518072289,-0.0022590361445782303,0.7105380405236933,0.7100822818182932,0.0004557587054000445,0.43859649122807015,0.44285714285714284,-0.004260651629072687,0.5656108597285068,0.5610859728506787,0.004524886877828038,0.49407114624505927,0.49500998003992014,-0.0009388337948608716,0.7868561641875846,0.7878494320388151,-0.0009932678512304394,0.5115454699383656,0.5136941092466369,-0.0021486393082713606
Random Forest,returns,0.5,20,9081184048072868285,0.8463855421686747,0.8456325301204819,0.0007530120481927804,0.6851340911599162,0.6828716477210022,0.002262443438914019,0.547486033519553,0.5449438202247191,0.0025422132948339504,0.4434389140271493,0.43891402714932126,0.004524886877828038,0.49,0.48621553884711777,0.0037844611528822236,0.7699256479744285,0.7680903505867639,0.0018352973876646361,0.4641844234644762,0.46164977230945775,0.0025346511550184414
Logistic Regression,returns,0.5,21,11634164275556617558,0.8072289156626506,0.8072289156626506,0.0,0.7105380405236933,0.7123488127792288,-0.0018107722555354977,0.43859649122807015,0.43902439024390244,-0.0004278990158322893,0.5656108597285068,0.5701357466063348,-0.004524886877828038,0.49407114624505927,0.49606299212598426,-0.0019918458809249917,0.7868561641875846,0.787506080189007,-0.0006499160014223904,0.5115454699383656,0.5109621562314772,0.0005833137068883554
Random Forest,returns,0.5,21,11634164275556617558,0.8463855421686747,0.8426204819277109,0.003765060240963791,0.6851340911599162,0.6864972797540947,-0.0013631885941784994,0.547486033519553,0.5319148936170213,0.015571139902531783,0.4434389140271493,0.45248868778280543,-0.009049773755656132,0.49,0.4889975550122249,0.0010024449877750752,0.7699256479744285,0.7729708518804644,-0.0030452039060359093,0.4641844234644762,0.475373642708667,-0.011189219244190807
Logistic Regression,returns,0.5,22,12426265630978420777,0.8072289156626506,0.8094879518072289,-0.0022590361445782303,0.7105380405236933,0.7118930540738289,-0.0013550135501355642,0.43859649122807015,0.4432624113475177,-0.004665920119447553,0.5656108597285068,0.5656108597285068,0.0,0.49407114624505927,0.4970178926441352,-0.002946746399075939,0.7868561641875846,0.7873303167420815,-0.0004741525544968983,0.5115454699383656,0.512100790519749,-0.0005553205813834117
Random Forest,returns,0.5,22,12426265630978420777,0.8463855421686747,0.8441265060240963,0.0022590361445783413,0.6851340911599162,0.6874006221208516,-0.002266530960935431,0.547486033519553,0.5376344086021505,0.009851624917402546,0.4434389140271493,0.45248868778280543,-0.009049773755656132,0.49,0.4914004914004914,-0.0014004914004914215,0.7699256479744285,0.7656092247196982,0.004316423254730362,0.4641844234644762,0.46443366545484543,-0.0002492419903692422
Logistic Regression,returns,0.5,23,2827439679370489467,0.8072289156626506,0.8079819277108434,-0.0007530120481927804,0.7105380405236933,0.7091789394515363,0.0013591010721569763,0.43859649122807015,0.4397163120567376,-0.0011198208286674616,0.5656108597285068,0.5610859728506787,0.004524886877828038,0.49407114624505927,0.49304174950298213,0.0010293967420771377,0.7868561641875846,0.7869869648922733,-0.00013080070468862726,0.5115454699383656,0.5137884628125711,-0.002242992874205485
Random Forest,returns,0.5,23,2827439679370489467,0.8463855421686747,0.8471385542168675,-0.0007530120481927804,0.6851340911599162,0.6910180791099012,-0.0058839879499850145,0.547486033519553,0.5489130434782609,-0.0014270099587078144,0.4434389140271493,0.45701357466063347,-0.01357466063348417,0.49,0.49876543209876545,-0.008765432098765458,0.7699256479744285,0.7645791691702739,0.00534647880415462,0.4641844234644762,0.459323080222957,0.0048613432415192115
Logistic Regression,returns,0.5,24,966754279388925194,0.8072289156626506,0.8079819277108434,-0.0007530120481927804,0.7105380405236933,0.7109897117070718,-0.0004516711833785214,0.43859649122807015,0.44014084507042256,-0.0015443538423524084,0.5656108597285068,0.5656108597285068,0.0,0.49407114624505927,0.49504950495049505,-0.0009783587054357779,0.7868561641875846,0.7876450559377388,-0.0007888917501541748,0.5115454699383656,0.5132852238502308,-0.001739753911865205
Random Forest,returns,0.5,24,966754279388925194,0.8463855421686747,0.8441265060240963,0.0022590361445783413,0.6851340911599162,0.6946437111429937,-0.009509619983077533,0.547486033519553,0.5360824742268041,0.011403559292748944,0.4434389140271493,0.47058823529411764,-0.02714932126696834,0.49,0.5012048192771085,-0.01120481927710848,0.7699256479744285,0.7708249028191639,-0.0008992548447354087,0.4641844234644762,0.46945372140852687,-0.005269297944050677
Logistic Regression,returns,0.5,25,13902696585612654659,0.8072289156626506,0.8057228915662651,0.001506024096385561,0.7105380405236933,0.7096346981569364,0.0009033423667569318,0.43859649122807015,0.4355400696864111,0.003056421541659027,0.5656108597285068,0.5656108597285068,0.0,0.49407114624505927,0.4921259842519685,0.0019451619930907493,0.7868561641875846,0.7845998520317028,0.0022563121558818455,0.5115454699383656,0.5106571012735348,0.0008883686648307743
Random Forest,returns,0.5,25,13902696585612654659,0.8463855421686747,0.8471385542168675,-0.0007530120481927804,0.6851340911599162,0.6928288513654368,-0.007694760205520623,0.547486033519553,0.5483870967741935,-0.0009010632546404551,0.4434389140271493,0.46153846153846156,-0.018099547511312264,0.49,0.5012285012285013,-0.011228501228501275,0.7699256479744285,0.7763021823280072,-0.006376534353578656,0.4641844234644762,0.46853543501770645,-0.004351011553230255
Logistic Regression,returns,0.5,26,4195300472283204408,0.8072289156626506,0.8079819277108434,-0.0007530120481927804,0.7105380405236933,0.7146112562181428,-0.004073215694449517,0.43859649122807015,0.4409722222222222,-0.002375730994152059,0.5656108597285068,0.5746606334841629,-0.009049773755656076,0.49407114624505927,0.49901768172888017,-0.004946535483820902,0.7868561641875846,0.7873303167420813,-0.00047415255449667626,0.5115454699383656,0.5141502285515539,-0.0026047586131883183
Random Forest,returns,0.5,26,4195300472283204408,0.8463855421686747,0.8456325301204819,0.0007530120481927804,0.6851340911599162,0.6937362812542153,-0.008602190094299078,0.547486033519553,0.5421052631578948,0.005380770361658294,0.4434389140271493,0.4660633484162896,-0.022624434389140302,0.49,0.5012165450121655,-0.011216545012165513,0.7699256479744285,0.7691490187903387,0.0007766291840898276,0.4641844234644762,0.4650861158148298,-0.000901692350353589
Logistic Regression,returns,0.5,27,16714832618892123482,0.8072289156626506,0.8109939759036144,-0.003765060240963791,0.7105380405236933,0.7127963964405859,-0.002258355916892607,0.43859649122807015,0.44642857142857145,-0.007832080200501301,0.5656108597285068,0.5656108597285068,0.0,0.49407114624505927,0.499001996007984,-0.004930849762924738,0.7868561641875846,0.7869093019738644,-5.3137786279799926e-05,0.5115454699383656,0.5122116929369236,-0.0006662229985580082
Random Forest,returns,0.5,27,16714832618892123482,0.8463855421686747,0.8433734939759037,0.0030120481927710108,0.6851340911599162,0.6869489509374732,-0.0018148597775570208,0.547486033519553,0.5347593582887701,0.012726675230782969,0.4434389140271493,0.45248868778280543,-0.009049773755656132,0.49,0.49019607843137253,-0.00019607843137253722,0.7699256479744285,0.7703548377866886,-0.0004291898122600335,0.4641844234644762,0.46835511004946656,-0.0041706865849903685
Logistic Regression,returns,0.5,28,2080265838442224645,0.8072289156626506,0.8079819277108434,-0.0007530120481927804,0.7105380405236933,0.7109897117070718,-0.0004516711833785214,0.43859649122807015,0.44014084507042256,-0.0015443538423524084,0.5656108597285068,0.5656108597285068,0.0,0.49407114624505927,0.49504950495049505,-0.0009783587054357779,0.7868561641875846,0.7882867968951183,-0.00143063270753363,0.5115454699383656,0.5115566124931546,-1.114255478906756e-05
Random Forest,returns,0.5,28,2080265838442224645,0.8463855421686747,0.8471385542168675,-0.0007530120481927804,0.6851340911599162,0.6964503958765078,-0.011316304716591619,0.547486033519553,0.5473684210526316,0.00011761246692143512,0.4434389140271493,0.47058823529411764,-0.02714932126696834,0.49,0.5060827250608273,-0.016082725060827308,0.7699256479744285,0.7654702489709664,0.004455399003462146,0.4641844234644762,0.46977693806588816,-0.005592514601411969
Logistic Regression,returns,0.5,29,12445417020954540652,0.8072289156626506,0.8072289156626506,0.0,0.7105380405236933,0.7105380405236933,0.0,0.43859649122807015,0.43859649122807015,0.0,0.5656108597285068,0.5656108597285068,0.0,0.49407114624505927,0.49407114624505927,0.0,0.7868561641875846,0.7865250749038409,0.00033108928374370183,0.5115454699383656,0.5107781402909557,0.0007673296474098867
Random Forest,returns,0.5,29,12445417020954540652,0.8463855421686747,0.8411144578313253,0.005271084337349352,0.6851340911599162,0.6819723928762667,0.003161698283649539,0.547486033519553,0.5268817204301075,0.020604313089445547,0.4434389140271493,0.4434389140271493,0.0,0.49,0.48157248157248156,0.008427518427518432,0.7699256479744285,0.7724966993259675,-0.002571051351539011,0.4641844234644762,0.47053183451991565,-0.006347411055439456
Logistic Regression,returns,1.0,0,9972765960847565550,0.8072289156626506,0.8072289156626506,0.0,0.7105380405236933,0.7087272682681578,0.0018107722555354977,0.43859649122807015,0.4381625441696113,0.00043394705845883896,0.5656108597285068,0.5610859728506787,0.004524886877828038,0.49407114624505927,0.49206349206349204,0.002007654181567231,0.7868561641875846,0.7878657821269013,-0.0010096179393166427,0.5115454699383656,0.5139888298567156,-0.0024433599183499854
Random Forest,returns,1.0,0,9972765960847565550,0.8463855421686747,0.8456325301204819,0.0007530120481927804,0.6851340911599162,0.6883039644876087,-0.003169873327692474,0.547486033519553,0.5434782608695652,0.004007772649987862,0.4434389140271493,0.45248868778280543,-0.009049773755656132,0.49,0.49382716049382713,-0.003827160493827142,0.7699256479744285,0.7636594767154309,0.006266171258997644,0.4641844234644762,0.46454324376017236,-0.0003588202956961717
Logistic Regression,returns,1.0,1,5406944789557800309,0.8072289156626506,0.8064759036144579,0.0007530120481927804,0.7105380405236933,0.7118971415958504,-0.0013591010721570873,0.43859649122807015,0.4375,0.001096491228070151,0.5656108597285068,0.5701357466063348,-0.004524886877828038,0.49407114624505927,0.4950884086444008,-0.001017262399341523,0.7868561641875846,0.7855849448388903,0.0012712193486943413,0.5115454699383656,0.5137739080601772,-0.0022284381218116156
Random Forest,returns,1.0,1,5406944789557800309,0.8463855421686747,0.8426204819277109,0.003765060240963791,0.6851340911599162,0.6919295965207013,-0.0067955053607851035,0.547486033519553,0.5309278350515464,0.016558198468006657,0.4434389140271493,0.4660633484162896,-0.022624434389140302,0.49,0.4963855421686747,-0.006385542168674707,0.7699256479744285,0.7773240628333885,-0.0073984148589599785,0.4641844234644762,0.4651087165650637,-0.0009242931005875032
Logistic Regression,returns,1.0,2,17786635494911600760,0.8072289156626506,0.8109939759036144,-0.003765060240963791,0.7105380405236933,0.7182287132071925,-0.007690672683499211,0.43859649122807015,0.44755244755244755,-0.008955956324377401,0.5656108597285068,0.579185520361991,-0.013574660633484226,0.49407114624505927,0.504930966469428,-0.010859820224368766,0.7868561641875846,0.7816977113964201,0.005158452791164558,0.5115454699383656,0.508801083220323,0.0027443867180425574
Random Forest,returns,1.0,2,17786635494911600760,0.8463855421686747,0.8411144578313253,0.005271084337349352,0.6851340911599162,0.6910262541539443,-0.005892162994028061,0.547486033519553,0.5255102040816326,0.021975829437920424,0.4434389140271493,0.4660633484162896,-0.022624434389140302,0.49,0.4940047961630695,-0.004004796163069535,0.7699256479744285,0.771356280681962,-0.001430632707533519,0.4641844234644762,0.46801270501263453,-0.003828281548158341
Logistic Regression,returns,1.0,3,8728358991917355185,0.8072289156626506,0.8125,-0.005271084337349352,0.7105380405236933,0.7100781942962717,0.00045984622742156755,0.43859649122807015,0.4489051094890511,-0.01030861826098095,0.5656108597285068,0.5565610859728507,0.009049773755656076,0.49407114624505927,0.49696969696969695,-0.002898550724637683,0.7868561641875846,0.7856871328894284,0.0011690312981562645,0.5115454699383656,0.5117681668790148,-0.0002226969406492474
Random Forest,returns,1.0,3,8728358991917355185,0.8463855421686747,0.8403614457831325,0.0060240963855421326,0.6851340911599162,0.6851422662039591,-8.17504404293512e-06,0.547486033519553,0.5235602094240838,0.023925824095469284,0.4434389140271493,0.45248868778280543,-0.009049773755656132,0.49,0.4854368932038835,0.0045631067961164895,0.7699256479744285,0.7608268239545141,0.009098824019914464,0.4641844234644762,0.4629044919046809,0.0012799315597952776
Logistic Regression,returns,1.0,4,7301178135299072776,0.8072289156626506,0.8109939759036144,-0.003765060240963791,0.7105380405236933,0.7146071686961213,-0.004069128172427994,0.43859649122807015,0.44680851063829785,-0.0082120194102277,0.5656108597285068,0.5701357466063348,-0.004524886877828038,0.49407114624505927,0.5009940357852882,-0.00692288954022896,0.7868561641875846,0.7850985297183288,0.0017576344692558088,0.5115454699383656,0.5119313835766427,-0.00038591363827711334
Random Forest,returns,1.0,4,7301178135299072776,0.8463855421686747,0.8403614457831325,0.0060240963855421326,0.6851340911599162,0.6978176719927078,-0.012683580832791641,0.547486033519553,0.5219512195121951,0.02553481400735791,0.4434389140271493,0.4841628959276018,-0.04072398190045251,0.49,0.5023474178403756,-0.01234741784037563,0.7699256479744285,0.7716424072234689,-0.001716759249040356,0.4641844234644762,0.4706987767497246,-0.006514353285248409
Logistic Regression,returns,1.0,5,15082326122390828590,0.8072289156626506,0.8079819277108434,-0.0007530120481927804,0.7105380405236933,0.7128004839626073,-0.002262443438914019,0.43859649122807015,0.4405594405594406,-0.0019629493313704227,0.5656108597285068,0.5701357466063348,-0.004524886877828038,0.49407114624505927,0.4970414201183432,-0.002970273873283913,0.7868561641875846,0.7826255788953062,0.004230585292278488,0.5115454699383656,0.51064501776807,0.0009004521702955515
Random Forest,returns,1.0,5,15082326122390828590,0.8463855421686747,0.8493975903614458,-0.003012048192771122,0.6851340911599162,0.6941838649155723,-0.009049773755656076,0.547486033519553,0.5573770491803278,-0.009891015660774771,0.4434389140271493,0.46153846153846156,-0.018099547511312264,0.49,0.504950495049505,-0.014950495049504964,0.7699256479744285,0.7802875162989942,-0.010361868324565648,0.4641844234644762,0.4725623495260028,-0.008377926061526597
Logistic Regression,returns,1.0,6,14572298807033919037,0.8072289156626506,0.8057228915662651,0.001506024096385561,0.7105380405236933,0.7096346981569364,0.0009033423667569318,0.43859649122807015,0.4355400696864111,0.003056421541659027,0.5656108597285068,0.5656108597285068,0.0,0.49407114624505927,0.4921259842519685,0.0019451619930907493,0.7868561641875846,0.7831160815378893,0.0037400826496953865,0.5115454699383656,0.5100737892075993,0.0014716807307663116
Random Forest,returns,1.0,6,14572298807033919037,0.8463855421686747,0.8463855421686747,0.0,0.6851340911599162,0.6923771801820582,-0.007243089022141991,0.547486033519553,0.5454545454545454,0.002031488065007636,0.4434389140271493,0.46153846153846156,-0.018099547511312264,0.49,0.5,-0.010000000000000009,0.7699256479744285,0.7674731347615135,0.002452513212915064,0.4641844234644762,0.4837264749487531,-0.0195420514842769
Logistic Regression,returns,1.0,7,13956649777325044412,0.8072289156626506,0.7996987951807228,0.0075301204819278045,0.7105380405236933,0.7023997841788372,0.008138256344856099,0.43859649122807015,0.422680412371134,0.015916078856936133,0.5656108597285068,0.5565610859728507,0.009049773755656076,0.49407114624505927,0.48046875,0.013602396245059267,0.7868561641875846,0.7849145912273602,0.001941572960224458,0.5115454699383656,0.5033611580388293,0.008184311899536278
Random Forest,returns,1.0,7,13956649777325044412,0.8463855421686747,0.8493975903614458,-0.003012048192771122,0.6851340911599162,0.6959946371711078,-0.010860546011191574,0.547486033519553,0.5567567567567567,-0.009270723237203682,0.4434389140271493,0.4660633484162896,-0.022624434389140302,0.49,0.5073891625615764,-0.01738916256157641,0.7699256479744285,0.776555608693342,-0.006629960718913419,0.4641844234644762,0.4737096098745015,-0.00952518641002531
Logistic Regression,returns,1.0,8,15762839388900407909,0.8072289156626506,0.8042168674698795,0.003012048192771122,0.7105380405236933,0.7123529003012503,-0.0018148597775570208,0.43859649122807015,0.4334470989761092,0.005149392251960927,0.5656108597285068,0.5746606334841629,-0.009049773755656076,0.49407114624505927,0.49416342412451364,-9.227787945437216e-05,0.7868561641875846,0.7850699170641783,0.0017862471234063593,0.5115454699383656,0.5097217123529799,0.0018237575853856658
Random Forest,returns,1.0,8,15762839388900407909,0.8463855421686747,0.8456325301204819,0.0007530120481927804,0.6851340911599162,0.6955470535097508,-0.010412962349834576,0.547486033519553,0.5416666666666666,0.005819366852886421,0.4434389140271493,0.47058823529411764,-0.02714932126696834,0.49,0.5036319612590799,-0.01363196125907995,0.7699256479744285,0.7698316349679334,9.401300649514166e-05,0.4641844234644762,0.4707396944463614,-0.006555270981885186
Logistic Regression,returns,1.0,9,7152787213792864570,0.8072289156626506,0.8064759036144579,0.0007530120481927804,0.7105380405236933,0.7118971415958504,-0.0013591010721570873,0.43859649122807015,0.4375,0.001096491228070151,0.5656108597285068,0.5701357466063348,-0.004524886877828038,0.49407114624505927,0.4950884086444008,-0.001017262399341523,0.7868561641875846,0.7855849448388904,0.0012712193486942303,0.5115454699383656,0.5077150123743539,0.00383045756401168
Random Forest,returns,1.0,9,7152787213792864570,0.8463855421686747,0.8441265060240963,0.0022590361445783413,0.6851340911599162,0.6910221666319227,-0.005888075472006538,0.547486033519553,0.5368421052631579,0.010643928256395152,0.4434389140271493,0.46153846153846156,-0.018099547511312264,0.49,0.49635036496350365,-0.006350364963503663,0.7699256479744285,0.777499826280314,-0.007574178305885471,0.4641844234644762,0.47601547825055757,-0.011831054786081374
Logistic Regression,returns,1.0,10,4180952268479145943,0.8072289156626506,0.8004518072289156,0.006777108433735024,0.7105380405236933,0.7028514553622158,0.007686585161477466,0.43859649122807015,0.4241379310344828,0.014458560193587378,0.5656108597285068,0.5565610859728507,0.009049773755656076,0.49407114624505927,0.48140900195694714,0.012662144288112132,0.7868561641875846,0.7821841265169815,0.004672037670603091,0.5115454699383656,0.5064029101643248,0.005142559774040767
Random Forest,returns,1.0,10,4180952268479145943,0.8463855421686747,0.8433734939759037,0.0030120481927710108,0.6851340911599162,0.6905704954485443,-0.005436404288628127,0.547486033519553,0.5340314136125655,0.013454619906987597,0.4434389140271493,0.46153846153846156,-0.018099547511312264,0.49,0.49514563106796117,-0.005145631067961176,0.7699256479744285,0.7674486096293843,0.0024770383450442024,0.4641844234644762,0.46441556634701375,-0.00023114288253756055
Logistic Regression,returns,1.0,11,190204327348647397,0.8072289156626506,0.8057228915662651,0.001506024096385561,0.7105380405236933,0.7078239259014008,0.0027141146222925405,0.43859649122807015,0.43508771929824563,0.003508771929824517,0.5656108597285068,0.5610859728506787,0.004524886877828038,0.49407114624505927,0.4901185770750988,0.0039525691699604515,0.7868561641875846,0.7835943216144078,0.003261842573176854,0.5115454699383656,0.5132373362823377,-0.0016918663439721149
Random Forest,returns,1.0,11,190204327348647397,0.8463855421686747,0.8403614457831325,0.0060240963855421326,0.6851340911599162,0.6923853552261012,-0.007251264066185037,0.547486033519553,0.5226130653266332,0.024872968192919842,0.4434389140271493,0.47058823529411764,-0.02714932126696834,0.49,0.49523809523809526,-0.005238095238095264,0.7699256479744285,0.7679309372279243,0.001994710746504258,0.4641844234644762,0.4616751170449629,0.002509306419513302
Logistic Regression,returns,1.0,12,161702672759969726,0.8072289156626506,0.8087349397590361,-0.0015060240963854499,0.7105380405236933,0.7060090661238438,0.00452897439984945,0.43859649122807015,0.4404332129963899,-0.0018367217683197268,0.5656108597285068,0.5520361990950227,0.013574660633484115,0.49407114624505927,0.4899598393574297,0.004111306887629562,0.7868561641875846,0.786492374727669,0.00036378945991566436,0.5115454699383656,0.5105434733977594,0.001001996540606176
Random Forest,returns,1.0,12,161702672759969726,0.8463855421686747,0.8418674698795181,0.004518072289156572,0.6851340911599162,0.6842348363151807,0.0008992548447355198,0.547486033519553,0.5294117647058824,0.01807426881367069,0.4434389140271493,0.4479638009049774,-0.004524886877828094,0.49,0.4852941176470588,0.004705882352941171,0.7699256479744285,0.7736534680580592,-0.0037278200836307063,0.4641844234644762,0.46436033050064024,-0.0001759070361640469
Logistic Regression,returns,1.0,13,18381214747026658657,0.8072289156626506,0.8049698795180723,0.0022590361445783413,0.7105380405236933,0.7073722547180223,0.003165785805670951,0.43859649122807015,0.43356643356643354,0.005030057661636611,0.5656108597285068,0.5610859728506787,0.004524886877828038,0.49407114624505927,0.4891518737672584,0.0049192724778008845,0.7868561641875846,0.7849881666237476,0.0018679975638370427,0.5115454699383656,0.5142297031104249,-0.002684233172059347
Random Forest,returns,1.0,13,18381214747026658657,0.8463855421686747,0.8426204819277109,0.003765060240963791,0.6851340911599162,0.6883080520096302,-0.003173960849713997,0.547486033519553,0.531578947368421,0.01590708615113201,0.4434389140271493,0.45701357466063347,-0.01357466063348417,0.49,0.49148418491484186,-0.0014841849148418684,0.7699256479744285,0.7656010496756552,0.004324598298773297,0.4641844234644762,0.46684449865696975,-0.0026600751924935606
Logistic Regression,returns,1.0,14,18438812248619312702,0.8072289156626506,0.8049698795180723,0.0022590361445783413,0.7105380405236933,0.7091830269735578,0.0013550135501354532,0.43859649122807015,0.4340277777777778,0.004568713450292361,0.5656108597285068,0.5656108597285068,0.0,0.49407114624505927,0.4911591355599214,0.0029120106851378558,0.7868561641875846,0.7877554190323202,-0.0008992548447355198,0.5115454699383656,0.511556010271317,-1.0540332951447517e-05
Random Forest,returns,1.0,14,18438812248619312702,0.8463855421686747,0.8426204819277109,0.003765060240963791,0.6851340911599162,0.6919295965207013,-0.0067955053607851035,0.547486033519553,0.5309278350515464,0.016558198468006657,0.4434389140271493,0.4660633484162896,-0.022624434389140302,0.49,0.4963855421686747,-0.006385542168674707,0.7699256479744285,0.771814083148373,-0.001888435173944436,0.4641844234644762,0.4704356811637508,-0.006251257699274593
Logistic Regression,returns,1.0,15,13279303520621755893,0.8072289156626506,0.8049698795180723,0.0022590361445783413,0.7105380405236933,0.7055614824624867,0.00497655806120656,0.43859649122807015,0.43309859154929575,0.005497899678774398,0.5656108597285068,0.5565610859728507,0.009049773755656076,0.49407114624505927,0.4871287128712871,0.00694243337377215,0.7868561641875846,0.7859896095190213,0.0008665546685633352,0.5115454699383656,0.5116444692336117,-9.899929524614937e-05
Random Forest,returns,1.0,15,13279303520621755893,0.8463855421686747,0.8433734939759037,0.0030120481927710108,0.6851340911599162,0.6978135844706863,-0.012679493310770118,0.547486033519553,0.5326633165829145,0.014822716936638503,0.4434389140271493,0.4796380090497738,-0.03619909502262447,0.49,0.5047619047619047,-0.014761904761904754,0.7699256479744285,0.7665411797406058,0.0033844682338227683,0.4641844234644762,0.47149645109367566,-0.007312027629199469
Logistic Regression,returns,1.0,16,7847362258814939239,0.8072289156626506,0.8147590361445783,-0.0075301204819276935,0.7105380405236933,0.7168655246130138,-0.00632748408932049,0.43859649122807015,0.4548736462093863,-0.016277154981316155,0.5656108597285068,0.5701357466063348,-0.004524886877828038,0.49407114624505927,0.5060240963855421,-0.011952950140482865,0.7868561641875846,0.7860059596071074,0.0008502045804772429,0.5115454699383656,0.5153544408959546,-0.0038089709575890307
Random Forest,returns,1.0,16,7847362258814939239,0.8463855421686747,0.8456325301204819,0.0007530120481927804,0.6851340911599162,0.6919255089986798,-0.00679141783876358,0.547486033519553,0.5425531914893617,0.004932842030191398,0.4434389140271493,0.46153846153846156,-0.018099547511312264,0.49,0.49877750611246946,-0.008777506112469469,0.7699256479744285,0.7819879254599484,-0.012062277485519912,0.4641844234644762,0.47218424857942604,-0.007999825114949843
Logistic Regression,returns,1.0,17,14713890614623100983,0.8072289156626506,0.8072289156626506,0.0,0.7105380405236933,0.7087272682681578,0.0018107722555354977,0.43859649122807015,0.4381625441696113,0.00043394705845883896,0.5656108597285068,0.5610859728506787,0.004524886877828038,0.49407114624505927,0.49206349206349204,0.002007654181567231,0.7868561641875846,0.7841216119551846,0.002734552232400045,0.5115454699383656,0.5098903548490674,0.0016551150892981648
Random Forest,returns,1.0,17,14713890614623100983,0.8463855421686747,0.8418674698795181,0.004518072289156572,0.6851340911599162,0.6842348363151807,0.0008992548447355198,0.547486033519553,0.5294117647058824,0.01807426881367069,0.4434389140271493,0.4479638009049774,-0.004524886877828094,0.49,0.4852941176470588,0.004705882352941171,0.7699256479744285,0.7728114385216249,-0.0028857905471963985,0.4641844234644762,0.473227479012977,-0.009043055548500822
Logistic Regression,returns,1.0,18,6972707451022242550,0.8072289156626506,0.8087349397590361,-0.0015060240963854499,0.7105380405236933,0.7132521551459858,-0.0027141146222925405,0.43859649122807015,0.4421052631578947,-0.0035087719298245723,0.5656108597285068,0.5701357466063348,-0.004524886877828038,0.49407114624505927,0.4980237154150198,-0.003952569169960507,0.7868561641875846,0.7885892735247111,-0.0017331093371264483,0.5115454699383656,0.5131692151240015,-0.0016237451856359053
Random Forest,returns,1.0,18,6972707451022242550,0.8463855421686747,0.8441265060240963,0.0022590361445783413,0.6851340911599162,0.6946437111429937,-0.009509619983077533,0.547486033519553,0.5360824742268041,0.011403559292748944,0.4434389140271493,0.47058823529411764,-0.02714932126696834,0.49,0.5012048192771085,-0.01120481927710848,0.7699256479744285,0.7691285811802312,0.000797066794197332,0.4641844234644762,0.4748663309011879,-0.010681907436711713
Logistic Regression,returns,1.0,19,8221884573739739646,0.8072289156626506,0.8079819277108434,-0.0007530120481927804,0.7105380405236933,0.7091789394515363,0.0013591010721569763,0.43859649122807015,0.4397163120567376,-0.0011198208286674616,0.5656108597285068,0.5610859728506787,0.004524886877828038,0.49407114624505927,0.49304174950298213,0.0010293967420771377,0.7868561641875846,0.7851394049385441,0.001716759249040578,0.5115454699383656,0.5131885639459911,-0.001643094007625523
Random Forest,returns,1.0,19,8221884573739739646,0.8463855421686747,0.8456325301204819,0.0007530120481927804,0.6851340911599162,0.6937362812542153,-0.008602190094299078,0.547486033519553,0.5421052631578948,0.005380770361658294,0.4434389140271493,0.4660633484162896,-0.022624434389140302,0.49,0.5012165450121655,-0.011216545012165513,0.7699256479744285,0.7633692626519025,0.006556385322526004,0.4641844234644762,0.4608655598212751,0.0033188636432011087
Logistic Regression,returns,1.0,20,16461300377468795769,0.8072289156626506,0.8094879518072289,-0.0022590361445782303,0.7105380405236933,0.7155145985848999,-0.00497655806120656,0.43859649122807015,0.44405594405594406,-0.005459452827873912,0.5656108597285068,0.5746606334841629,-0.009049773755656076,0.49407114624505927,0.5009861932938856,-0.006915047048826339,0.7868561641875846,0.7883889849456565,-0.0015328207580718178,0.5115454699383656,0.5142933562747817,-0.0027478863364160944
Random Forest,returns,1.0,20,16461300377468795769,0.8463855421686747,0.8463855421686747,0.0,0.6851340911599162,0.6869448634154517,-0.0018107722555354977,0.547486033519553,0.5469613259668509,0.000524707552702175,0.4434389140271493,0.4479638009049774,-0.004524886877828094,0.49,0.4925373134328358,-0.0025373134328358082,0.7699256479744285,0.7708657780393792,-0.0009401300649506394,0.4641844234644762,0.46331533607322994,0.0008690873912462482
Logistic Regression,returns,1.0,21,10696110193315047700,0.8072289156626506,0.8064759036144579,0.0007530120481927804,0.7105380405236933,0.7118971415958504,-0.0013591010721570873,0.43859649122807015,0.4375,0.001096491228070151,0.5656108597285068,0.5701357466063348,-0.004524886877828038,0.49407114624505927,0.4950884086444008,-0.001017262399341523,0.7868561641875846,0.7879393575232888,-0.001083193335704169,0.5115454699383656,0.5085617658408514,0.0029837040975141393
Random Forest,returns,1.0,21,10696110193315047700,0.8463855421686747,0.8403614457831325,0.0060240963855421326,0.6851340911599162,0.6960068997371723,-0.010872808577256143,0.547486033519553,0.5221674876847291,0.025318545834823958,0.4434389140271493,0.4796380090497738,-0.03619909502262447,0.49,0.5,-0.010000000000000009,0.7699256479744285,0.7767558972723967,-0.006830249297968161,0.4641844234644762,0.48129691130892716,-0.017112487844450963
Logistic Regression,returns,1.0,22,14655330119630713744,0.8072289156626506,0.8102409638554217,-0.0030120481927710108,0.7105380405236933,0.7159662697682784,-0.005428229244585081,0.43859649122807015,0.4456140350877193,-0.007017543859649145,0.5656108597285068,0.5746606334841629,-0.009049773755656076,0.49407114624505927,0.5019762845849802,-0.007905138339920958,0.7868561641875846,0.7869256520619504,-6.948787436578119e-05,0.5115454699383656,0.5098347079559606,0.0017107619824049403
Random Forest,returns,1.0,22,14655330119630713744,0.8463855421686747,0.8471385542168675,-0.0007530120481927804,0.6851340911599162,0.6946396236209722,-0.00950553246105601,0.547486033519553,0.5478723404255319,-0.0003863069059788504,0.4434389140271493,0.4660633484162896,-0.022624434389140302,0.49,0.5036674816625917,-0.013667481662591685,0.7699256479744285,0.7649061709319959,0.005019477042432663,0.4641844234644762,0.4685345194147972,-0.004350095950320987
Logistic Regression,returns,1.0,23,3744827428326499990,0.8072289156626506,0.8072289156626506,0.0,0.7105380405236933,0.7069164960126223,0.0036215445110709954,0.43859649122807015,0.4377224199288256,0.0008740712992445498,0.5656108597285068,0.5565610859728507,0.009049773755656076,0.49407114624505927,0.4900398406374502,0.004031305607609059,0.7868561641875846,0.7865618626020348,0.00029430158554988317,0.5115454699383656,0.5151496790116571,-0.003604209073291509
Random Forest,returns,1.0,23,3744827428326499990,0.8463855421686747,0.8456325301204819,0.0007530120481927804,0.6851340911599162,0.6937362812542153,-0.008602190094299078,0.547486033519553,0.5421052631578948,0.005380770361658294,0.4434389140271493,0.4660633484162896,-0.022624434389140302,0.49,0.5012165450121655,-0.011216545012165513,0.7699256479744285,0.764284867584724,0.005640780389704503,0.4641844234644762,0.45729864771593404,0.006885775748542156
Logistic Regression,returns,1.0,24,9316795231760454286,0.8072289156626506,0.8102409638554217,-0.0030120481927710108,0.7105380405236933,0.7177770420238139,-0.007239001500120579,0.43859649122807015,0.445993031358885,-0.007396540130814866,0.5656108597285068,0.579185520361991,-0.013574660633484226,0.49407114624505927,0.5039370078740157,-0.009865861628956474,0.7868561641875846,0.787902569825095,-0.0010464056375103503,0.5115454699383656,0.5129381904520944,-0.0013927205137288512
Random Forest,returns,1.0,24,9316795231760454286,0.8463855421686747,0.8471385542168675,-0.0007530120481927804,0.6851340911599162,0.6982611681320433,-0.013127076972127116,0.547486033519553,0.546875,0.0006110335195530503,0.4434389140271493,0.4751131221719457,-0.03167420814479638,0.49,0.5084745762711864,-0.018474576271186427,0.7699256479744285,0.7693370448033288,0.0005886031710997663,0.4641844234644762,0.4731416391814613,-0.0089572157169851
Logistic Regression,returns,1.0,25,18112707131752468982,0.8072289156626506,0.8049698795180723,0.0022590361445783413,0.7105380405236933,0.7146153437401644,-0.004077303216471151,0.43859649122807015,0.43537414965986393,0.0032223415682062218,0.5656108597285068,0.579185520361991,-0.013574660633484226,0.49407114624505927,0.4970873786407767,-0.003016232395717411,0.7868561641875846,0.78150968538343,0.00534647880415462,0.5115454699383656,0.5064081149801046,0.0051373549582609535
Random Forest,returns,1.0,25,18112707131752468982,0.8463855421686747,0.8448795180722891,0.001506024096385561,0.6851340911599162,0.6950953823263724,-0.009961291166456165,0.547486033519553,0.538860103626943,0.008625929892610018,0.4434389140271493,0.47058823529411764,-0.02714932126696834,0.49,0.5024154589371981,-0.012415458937198087,0.7699256479744285,0.7761182438370386,-0.006192595862610117,0.4641844234644762,0.4764215661501036,-0.012237142685627422
Logistic Regression,returns,1.0,26,7263570566435944901,0.8072289156626506,0.8102409638554217,-0.0030120481927710108,0.7105380405236933,0.7141554975127429,-0.0036174569890495833,0.43859649122807015,0.4452296819787986,-0.006633190750728435,0.5656108597285068,0.5701357466063348,-0.004524886877828038,0.49407114624505927,0.5,-0.005928853754940733,0.7868561641875846,0.7868766017976921,-2.0437610107504334e-05,0.5115454699383656,0.5146673342139155,-0.003121864275549946
Random Forest,returns,1.0,26,7263570566435944901,0.8463855421686747,0.8493975903614458,-0.003012048192771122,0.6851340911599162,0.6959946371711078,-0.010860546011191574,0.547486033519553,0.5567567567567567,-0.009270723237203682,0.4434389140271493,0.4660633484162896,-0.022624434389140302,0.49,0.5073891625615764,-0.01738916256157641,0.7699256479744285,0.7673995593651262,0.0025260886093023682,0.4641844234644762,0.4671332987990052,-0.002948875334529033
Logistic Regression,returns,1.0,27,8866870040751739025,0.8072289156626506,0.8147590361445783,-0.0075301204819276935,0.7105380405236933,0.7222978413796204,-0.011759800855927094,0.43859649122807015,0.4558303886925795,-0.017233897464509373,0.5656108597285068,0.583710407239819,-0.018099547511312264,0.49407114624505927,0.5119047619047619,-0.017833615659702595,0.7868561641875846,0.7864065367652169,0.0004496274223677599,0.5115454699383656,0.5115981161685853,-5.26462302197217e-05
Random Forest,returns,1.0,27,8866870040751739025,0.8463855421686747,0.8478915662650602,-0.001506024096385561,0.6851340911599162,0.6969020670598862,-0.011767975899970029,0.547486033519553,0.5502645502645502,-0.0027785167449971837,0.4434389140271493,0.47058823529411764,-0.02714932126696834,0.49,0.5073170731707317,-0.017317073170731723,0.7699256479744285,0.7706164391960661,-0.0006907912216376211,0.4641844234644762,0.4718396364668254,-0.007655213002349226
Logistic Regression,returns,1.0,28,16857388319778091829,0.8072289156626506,0.8079819277108434,-0.0007530120481927804,0.7105380405236933,0.7128004839626073,-0.002262443438914019,0.43859649122807015,0.4405594405594406,-0.0019629493313704227,0.5656108597285068,0.5701357466063348,-0.004524886877828038,0.49407114624505927,0.4970414201183432,-0.002970273873283913,0.7868561641875846,0.7889571505066485,-0.002100986319063858,0.5115454699383656,0.5112663862323629,0.00027908370600271404
Random Forest,returns,1.0,28,16857388319778091829,0.8463855421686747,0.8463855421686747,0.0,0.6851340911599162,0.6941879524375938,-0.0090538612776776,0.547486033519553,0.544973544973545,0.0025124885460080515,0.4434389140271493,0.4660633484162896,-0.022624434389140302,0.49,0.5024390243902439,-0.012439024390243913,0.7699256479744285,0.7724231239295801,-0.0024974759551515957,0.4641844234644762,0.4726488894049645,-0.00846446594048833
Logistic Regression,returns,1.0,29,5518391421703329700,0.8072289156626506,0.8072289156626506,0.0,0.7105380405236933,0.7087272682681578,0.0018107722555354977,0.43859649122807015,0.4381625441696113,0.00043394705845883896,0.5656108597285068,0.5610859728506787,0.004524886877828038,0.49407114624505927,0.49206349206349204,0.002007654181567231,0.7868561641875846,0.7857443581977299,0.0011118059898547195,0.5115454699383656,0.5075599170472727,0.003985552891092925
Random Forest,returns,1.0,29,5518391421703329700,0.8463855421686747,0.8381024096385542,0.008283132530120474,0.6851340911599162,0.6819764803982882,0.003157610761628016,0.547486033519553,0.515625,0.03186103351955305,0.4434389140271493,0.4479638009049774,-0.004524886877828094,0.49,0.4794188861985472,0.010581113801452768,0.7699256479744285,0.7672319709622436,0.002693677012184925,0.4641844234644762,0.4721533820051377,-0.007968958540661486
Logistic Regression,volatility,0.05,0,1094312403936822031,0.8072289156626506,0.8057228915662651,0.001506024096385561,0.7105380405236933,0.7078239259014008,0.0027141146222925405,0.43859649122807015,0.43508771929824563,0.003508771929824517,0.5656108597285068,0.5610859728506787,0.004524886877828038,0.49407114624505927,0.4901185770750988,0.0039525691699604515,0.7868561641875846,0.78823774663086,-0.0013815824432753532,0.5115454699383656,0.514168607349718,-0.0026231374113524497
Random Forest,volatility,0.05,0,1094312403936822031,0.8463855421686747,0.8411144578313253,0.005271084337349352,0.6851340911599162,0.6837831651318022,0.0013509260281140412,0.547486033519553,0.526595744680851,0.02089028883870203,0.4434389140271493,0.4479638009049774,-0.004524886877828094,0.49,0.4841075794621027,0.005892420537897292,0.7699256479744285,0.7691980690545971,0.0007275789198314397,0.4641844234644762,0.4640383444225528,0.00014607904192337484
Logistic Regression,volatility,0.05,1,15648647955113211863,0.8072289156626506,0.8079819277108434,-0.0007530120481927804,0.7105380405236933,0.7128004839626073,-0.002262443438914019,0.43859649122807015,0.4405594405594406,-0.0019629493313704227,0.5656108597285068,0.5701357466063348,-0.004524886877828038,0.49407114624505927,0.4970414201183432,-0.002970273873283913,0.7868561641875846,0.7869256520619505,-6.948787436589221e-05,0.5115454699383656,0.5134488178078901,-0.0019033478695245076
Random Forest,volatility,0.05,1,15648647955113211863,0.8463855421686747,0.8441265060240963,0.0022590361445783413,0.6851340911599162,0.6855898498653161,-0.00045575870539993346,0.547486033519553,0.5380434782608695,0.009442555258683538,0.4434389140271493,0.4479638009049774,-0.004524886877828094,0.49,0.4888888888888889,0.0011111111111111183,0.7699256479744285,0.7733509914284663,-0.003425343454037777,0.4641844234644762,0.47257332208728875,-0.008388898622812557
Logistic Regression,volatility,0.05,2,3320300407880186150,0.8072289156626506,0.8087349397590361,-0.0015060240963854499,0.7105380405236933,0.7114413828904503,-0.0009033423667570428,0.43859649122807015,0.4416961130742049,-0.00309962184613477,0.5656108597285068,0.5656108597285068,0.0,0.49407114624505927,0.49603174603174605,-0.0019605997866867786,0.7868561641875846,0.7856462576692133,0.0012099065183713842,0.5115454699383656,0.5105796434217816,0.0009658265165839452
Random Forest,volatility,0.05,2,3320300407880186150,0.8463855421686747,0.8463855421686747,0.0,0.6851340911599162,0.6905664079265227,-0.005432316766606493,0.547486033519553,0.5459459459459459,0.0015400875736071296,0.4434389140271493,0.45701357466063347,-0.01357466063348417,0.49,0.4975369458128079,-0.007536945812807894,0.7699256479744285,0.7657359379023654,0.004189710072063146,0.4641844234644762,0.4656276395077604,-0.0014432160432842345
Logistic Regression,volatility,0.05,3,36060898796820472,0.8072289156626506,0.8079819277108434,-0.0007530120481927804,0.7105380405236933,0.7073681671960008,0.003169873327692474,0.43859649122807015,0.4392857142857143,-0.0006892230576441283,0.5656108597285068,0.5565610859728507,0.009049773755656076,0.49407114624505927,0.49101796407185627,0.003053182173202995,0.7868561641875846,0.7873344042641031,-0.0004782400765184214,0.5115454699383656,0.5132429266334916,-0.0016974566951259984
Random Forest,volatility,0.05,3,36060898796820472,0.8463855421686747,0.8448795180722891,0.001506024096385561,0.6851340911599162,0.6878522933042301,-0.0027182021443139526,0.547486033519553,0.5405405405405406,0.00694549297901248,0.4434389140271493,0.45248868778280543,-0.009049773755656132,0.49,0.49261083743842365,-0.0026108374384236632,0.7699256479744285,0.7726356750746994,-0.0027100271002709064,0.4641844234644762,0.46804388159739735,-0.0038594581329211564
Logistic Regression,volatility,0.05,4,180263514859400240,0.8072289156626506,0.8072289156626506,0.0,0.7105380405236933,0.7087272682681578,0.0018107722555354977,0.43859649122807015,0.4381625441696113,0.00043394705845883896,0.5656108597285068,0.5610859728506787,0.004524886877828038,0.49407114624505927,0.49206349206349204,0.002007654181567231,0.7868561641875846,0.7859732594309352,0.0008829047566494275,0.5115454699383656,0.511742264596488,-0.00019679465812239005
Random Forest,volatility,0.05,4,180263514859400240,0.8463855421686747,0.8463855421686747,0.0,0.6851340911599162,0.6833233189043806,0.0018107722555356087,0.547486033519553,0.5480225988700564,-0.0005365653505033929,0.4434389140271493,0.43891402714932126,0.004524886877828038,0.49,0.48743718592964824,0.002562814070351749,0.7699256479744285,0.7703998005289254,-0.0004741525544968983,0.4641844234644762,0.4622147793282124,0.0019696441362637707
Logistic Regression,volatility,0.05,5,17701737512398023798,0.8072289156626506,0.8087349397590361,-0.0015060240963854499,0.7105380405236933,0.7132521551459858,-0.0027141146222925405,0.43859649122807015,0.4421052631578947,-0.0035087719298245723,0.5656108597285068,0.5701357466063348,-0.004524886877828038,0.49407114624505927,0.4980237154150198,-0.003952569169960507,0.7868561641875846,0.786439236941389,0.00041692724619568633,0.5115454699383656,0.5122710856123397,-0.0007256156739741115
Random Forest,volatility,0.05,5,17701737512398023798,0.8463855421686747,0.8426204819277109,0.003765060240963791,0.6851340911599162,0.6864972797540947,-0.0013631885941784994,0.547486033519553,0.5319148936170213,0.015571139902531783,0.4434389140271493,0.45248868778280543,-0.009049773755656132,0.49,0.4889975550122249,0.0010024449877750752,0.7699256479744285,0.7700646237231603,-0.00013897574873178442,0.4641844234644762,0.4631324827060026,0.0010519407584735907
Logistic Regression,volatility,0.05,6,15664114422279948405,0.8072289156626506,0.8042168674698795,0.003012048192771122,0.7105380405236933,0.7069205835346438,0.0036174569890494723,0.43859649122807015,0.43205574912891986,0.006540742099150287,0.5656108597285068,0.5610859728506787,0.004524886877828038,0.49407114624505927,0.4881889763779528,0.00588216986710649,0.7868561641875846,0.7855481571406965,0.00130800704688816,0.5115454699383656,0.5111807785372884,0.00036469140107719955
Random Forest,volatility,0.05,6,15664114422279948405,0.8463855421686747,0.8433734939759037,0.0030120481927710108,0.6851340911599162,0.6833274064264021,0.0018066847335140857,0.547486033519553,0.5355191256830601,0.011966907836492902,0.4434389140271493,0.4434389140271493,0.0,0.49,0.48514851485148514,0.004851485148514856,0.7699256479744285,0.7739232445114798,-0.003997596537051229,0.4641844234644762,0.4669038361875644,-0.0027194127230882326
Logistic Regression,volatility,0.05,7,15453156580811732498,0.8072289156626506,0.8064759036144579,0.0007530120481927804,0.7105380405236933,0.7082755970847793,0.002262443438914019,0.43859649122807015,0.43661971830985913,0.0019767729182110227,0.5656108597285068,0.5610859728506787,0.004524886877828038,0.49407114624505927,0.4910891089108911,0.002982037334168186,0.7868561641875846,0.7865986503002285,0.00025751388735617553,0.5115454699383656,0.5092202304815238,0.002325239456841821
Random Forest,volatility,0.05,7,15453156580811732498,0.8463855421686747,0.8411144578313253,0.005271084337349352,0.6851340911599162,0.6819723928762667,0.003161698283649539,0.547486033519553,0.5268817204301075,0.020604313089445547,0.4434389140271493,0.4434389140271493,0.0,0.49,0.48157248157248156,0.008427518427518432,0.7699256479744285,0.7693084321491782,0.0006172158252503168,0.4641844234644762,0.45834007543937083,0.0058443480251053614
Logistic Regression,volatility,0.05,8,5888676514445484118,0.8072289156626506,0.8049698795180723,0.0022590361445783413,0.7105380405236933,0.7073722547180223,0.003165785805670951,0.43859649122807015,0.43356643356643354,0.005030057661636611,0.5656108597285068,0.5610859728506787,0.004524886877828038,0.49407114624505927,0.4891518737672584,0.0049192724778008845,0.7868561641875846,0.7863860991551093,0.00047006503247537523,0.5115454699383656,0.5119636411457762,-0.0004181712074106114
Random Forest,volatility,0.05,8,5888676514445484118,0.8463855421686747,0.8403614457831325,0.0060240963855421326,0.6851340911599162,0.6833314939484236,0.0018025972114925626,0.547486033519553,0.5238095238095238,0.023676509710029214,0.4434389140271493,0.4479638009049774,-0.004524886877828094,0.49,0.48292682926829267,0.007073170731707323,0.7699256479744285,0.768629903493605,0.0012957444808234797,0.4641844234644762,0.46012845588375445,0.004055967580721742
Logistic Regression,volatility,0.05,9,5294607677484420145,0.8072289156626506,0.8049698795180723,0.0022590361445783413,0.7105380405236933,0.7091830269735578,0.0013550135501354532,0.43859649122807015,0.4340277777777778,0.004568713450292361,0.5656108597285068,0.5656108597285068,0.0,0.49407114624505927,0.4911591355599214,0.0029120106851378558,0.7868561641875846,0.7860754474814734,0.0007807167061112397,0.5115454699383656,0.5095310639818718,0.0020144059564938255
Random Forest,volatility,0.05,9,5294607677484420145,0.8463855421686747,0.8456325301204819,0.0007530120481927804,0.6851340911599162,0.6864931922320732,-0.0013591010721569763,0.547486033519553,0.5439560439560439,0.0035299895635091394,0.4434389140271493,0.4479638009049774,-0.004524886877828094,0.49,0.4913151364764268,-0.0013151364764267814,0.7699256479744285,0.7701300240755047,-0.00020437610107615356,0.4641844234644762,0.4585097815469678,0.005674641917508383
Logistic Regression,volatility,0.05,10,8062220066331399926,0.8072289156626506,0.8079819277108434,-0.0007530120481927804,0.7105380405236933,0.7073681671960008,0.003169873327692474,0.43859649122807015,0.4392857142857143,-0.0006892230576441283,0.5656108597285068,0.5565610859728507,0.009049773755656076,0.49407114624505927,0.49101796407185627,0.003053182173202995,0.7868561641875846,0.7852579430771683,0.001598221110416298,0.5115454699383656,0.5091733202666053,0.0023721496717602486
Random Forest,volatility,0.05,10,8062220066331399926,0.8463855421686747,0.8448795180722891,0.001506024096385561,0.6851340911599162,0.6824199765376235,0.0027141146222926515,0.547486033519553,0.5418994413407822,0.005586592178770888,0.4434389140271493,0.43891402714932126,0.004524886877828038,0.49,0.485,0.0050000000000000044,0.7699256479744285,0.7639415157349161,0.005984132239512441,0.4641844234644762,0.46376621736907797,0.0004182060953982214
Logistic Regression,volatility,0.05,11,15511086302362011714,0.8072289156626506,0.8102409638554217,-0.0030120481927710108,0.7105380405236933,0.7123447252572073,-0.0018066847335139746,0.43859649122807015,0.44483985765124556,-0.006243366423175412,0.5656108597285068,0.5656108597285068,0.0,0.49407114624505927,0.49800796812749004,-0.003936821882430774,0.7868561641875846,0.7864882872056473,0.00036787698193729845,0.5115454699383656,0.5137110303312833,-0.002165560392917709
Random Forest,volatility,0.05,11,15511086302362011714,0.8463855421686747,0.838855421686747,0.0075301204819276935,0.6851340911599162,0.6788066070705956,0.006327484089320601,0.547486033519553,0.5187165775401069,0.028769455979446135,0.4434389140271493,0.43891402714932126,0.004524886877828038,0.49,0.47549019607843135,0.014509803921568643,0.7699256479744285,0.7689323801231979,0.0009932678512306614,0.4641844234644762,0.46087870560357946,0.0033057178608967286
Logistic Regression,volatility,0.05,12,12095867322703486383,0.8072289156626506,0.8102409638554217,-0.0030120481927710108,0.7105380405236933,0.7105339530016719,4.087522021412049e-06,0.43859649122807015,0.4444444444444444,-0.005847953216374269,0.5656108597285068,0.5610859728506787,0.004524886877828038,0.49407114624505927,0.496,-0.0019288537549407292,0.7868561641875846,0.7865577750800132,0.00029838910757140624,0.5115454699383656,0.5111960722580948,0.0003493976802707577
Random Forest,volatility,0.05,12,12095867322703486383,0.8463855421686747,0.8403614457831325,0.0060240963855421326,0.6851340911599162,0.6797099494373526,0.005424141722563558,0.547486033519553,0.5243243243243243,0.023161709195228752,0.4434389140271493,0.43891402714932126,0.004524886877828038,0.49,0.47783251231527096,0.012167487684729028,0.7699256479744285,0.7699133854083638,1.2262566064680236e-05,0.4641844234644762,0.46376080807804926,0.0004236153864269343
Logistic Regression,volatility,0.05,13,16594484933634125531,0.8072289156626506,0.8049698795180723,0.0022590361445783413,0.7105380405236933,0.7055614824624867,0.00497655806120656,0.43859649122807015,0.43309859154929575,0.005497899678774398,0.5656108597285068,0.5565610859728507,0.009049773755656076,0.49407114624505927,0.4871287128712871,0.00694243337377215,0.7868561641875846,0.7859487342988062,0.0009074298887784549,0.5115454699383656,0.512289086771263,-0.0007436168328973647
Random Forest,volatility,0.05,13,16594484933634125531,0.8463855421686747,0.8501506024096386,-0.0037650602409639022,0.6851340911599162,0.6928247638434152,-0.007690672683498989,0.547486033519553,0.5611111111111111,-0.013625077591558066,0.4434389140271493,0.45701357466063347,-0.01357466063348417,0.49,0.5037406483790524,-0.013740648379052423,0.7699256479744285,0.7697989347917612,0.00012671318266732623,0.4641844234644762,0.4725139041575848,-0.008329480693108626
Logistic Regression,volatility,0.05,14,2388432675274707120,0.8072289156626506,0.8049698795180723,0.0022590361445783413,0.7105380405236933,0.7055614824624867,0.00497655806120656,0.43859649122807015,0.43309859154929575,0.005497899678774398,0.5656108597285068,0.5565610859728507,0.009049773755656076,0.49407114624505927,0.4871287128712871,0.00694243337377215,0.7868561641875846,0.786447411985432,0.0004087522021526402,0.5115454699383656,0.5103181427869246,0.0012273271514410267
Random Forest,volatility,0.05,14,2388432675274707120,0.8463855421686747,0.838855421686747,0.0075301204819276935,0.6851340911599162,0.6806173793261311,0.004516711833785103,0.547486033519553,0.5185185185185185,0.02896751500103456,0.4434389140271493,0.4434389140271493,0.0,0.49,0.47804878048780486,0.011951219512195133,0.7699256479744285,0.7671502205218131,0.0027754274526153866,0.4641844234644762,0.46109421576144655,0.003090207703029646
Logistic Regression,volatility,0.05,15,1260229631294507546,0.8072289156626506,0.8064759036144579,0.0007530120481927804,0.7105380405236933,0.7082755970847793,0.002262443438914019,0.43859649122807015,0.43661971830985913,0.0019767729182110227,0.5656108597285068,0.5610859728506787,0.004524886877828038,0.49407114624505927,0.4910891089108911,0.002982037334168186,0.7868561641875846,0.7863820116330877,0.0004741525544968983,0.5115454699383656,0.5104001634159414,0.001145306522424172
Random Forest,volatility,0.05,15,1260229631294507546,0.8463855421686747,0.8456325301204819,0.0007530120481927804,0.6851340911599162,0.6883039644876087,-0.003169873327692474,0.547486033519553,0.5434782608695652,0.004007772649987862,0.4434389140271493,0.45248868778280543,-0.009049773755656132,0.49,0.49382716049382713,-0.003827160493827142,0.7699256479744285,0.7711355544927998,-0.0012099065183712732,0.4641844234644762,0.46292216217057447,0.001262261293901723
Logistic Regression,volatility,0.05,16,16348343687514240882,0.8072289156626506,0.8079819277108434,-0.0007530120481927804,0.7105380405236933,0.7091789394515363,0.0013591010721569763,0.43859649122807015,0.4397163120567376,-0.0011198208286674616,0.5656108597285068,0.5610859728506787,0.004524886877828038,0.49407114624505927,0.49304174950298213,0.0010293967420771377,0.7868561641875846,0.7866763132186374,0.00017985096894723718,0.5115454699383656,0.5146556653343135,-0.0031101953959479234
Random Forest,volatility,0.05,16,16348343687514240882,0.8463855421686747,0.8426204819277109,0.003765060240963791,0.6851340911599162,0.6864972797540947,-0.0013631885941784994,0.547486033519553,0.5319148936170213,0.015571139902531783,0.4434389140271493,0.45248868778280543,-0.009049773755656132,0.49,0.4889975550122249,0.0010024449877750752,0.7699256479744285,0.7688955924250043,0.001030055549424258,0.4641844234644762,0.46533406046556586,-0.001149637001089665
Logistic Regression,volatility,0.05,17,6880548776846478492,0.8072289156626506,0.8102409638554217,-0.0030120481927710108,0.7105380405236933,0.7123447252572073,-0.0018066847335139746,0.43859649122807015,0.44483985765124556,-0.006243366423175412,0.5656108597285068,0.5656108597285068,0.0,0.49407114624505927,0.49800796812749004,-0.003936821882430774,0.7868561641875846,0.7857361831536865,0.0011199810338980987,0.5115454699383656,0.5100104733131474,0.0015349966252181657
Random Forest,volatility,0.05,17,6880548776846478492,0.8463855421686747,0.8441265060240963,0.0022590361445783413,0.6851340911599162,0.6855898498653161,-0.00045575870539993346,0.547486033519553,0.5380434782608695,0.009442555258683538,0.4434389140271493,0.4479638009049774,-0.004524886877828094,0.49,0.4888888888888889,0.0011111111111111183,0.7699256479744285,0.7705265137115928,-0.0006008657371642245,0.4641844234644762,0.4629437233416093,0.0012407001228668668
Logistic Regression,volatility,0.05,18,18010280430586355145,0.8072289156626506,0.8079819277108434,-0.0007530120481927804,0.7105380405236933,0.7091789394515363,0.0013591010721569763,0.43859649122807015,0.4397163120567376,-0.0011198208286674616,0.5656108597285068,0.5610859728506787,0.004524886877828038,0.49407114624505927,0.49304174950298213,0.0010293967420771377,0.7868561641875846,0.7875755680633728,-0.0007194038757881716,0.5115454699383656,0.5125106647803345,-0.000965194841968886
Random Forest,volatility,0.05,18,18010280430586355145,0.8463855421686747,0.8418674698795181,0.004518072289156572,0.6851340911599162,0.6824240640596451,0.0027100271002711285,0.547486033519553,0.5297297297297298,0.01775630378982329,0.4434389140271493,0.4434389140271493,0.0,0.49,0.4827586206896552,0.007241379310344798,0.7699256479744285,0.7718713084566743,-0.001945660482245759,0.4641844234644762,0.46610850411382104,-0.0019240806493448503
Logistic Regression,volatility,0.05,19,2561355801370010082,0.8072289156626506,0.8064759036144579,0.0007530120481927804,0.7105380405236933,0.7100863693403148,0.0004516711833785214,0.43859649122807015,0.4370629370629371,0.0015335541651330664,0.5656108597285068,0.5656108597285068,0.0,0.49407114624505927,0.4930966469428008,0.000974499302258458,0.7868561641875846,0.7869052144518428,-4.905026425816583e-05,0.5115454699383656,0.5122513434356883,-0.0007058734973227621
Random Forest,volatility,0.05,19,2561355801370010082,0.8463855421686747,0.8463855421686747,0.0,0.6851340911599162,0.6887556356709872,-0.0036215445110709954,0.547486033519553,0.546448087431694,0.0010379460878590097,0.4434389140271493,0.45248868778280543,-0.009049773755656132,0.49,0.49504950495049505,-0.005049504950495054,0.7699256479744285,0.7738374065490278,-0.0039117585745992445,0.4641844234644762,0.4653726590041607,-0.0011882355396845012
Logistic Regression,volatility,0.05,20,7768168700258864352,0.8072289156626506,0.8079819277108434,-0.0007530120481927804,0.7105380405236933,0.7109897117070718,-0.0004516711833785214,0.43859649122807015,0.44014084507042256,-0.0015443538423524084,0.5656108597285068,0.5656108597285068,0.0,0.49407114624505927,0.49504950495049505,-0.0009783587054357779,0.7868561641875846,0.7868643392316276,-8.17504404293512e-06,0.5115454699383656,0.5133542301059723,-0.0018087601676066711
Random Forest,volatility,0.05,20,7768168700258864352,0.8463855421686747,0.8463855421686747,0.0,0.6851340911599162,0.6905664079265227,-0.005432316766606493,0.547486033519553,0.5459459459459459,0.0015400875736071296,0.4434389140271493,0.45701357466063347,-0.01357466063348417,0.49,0.4975369458128079,-0.007536945812807894,0.7699256479744285,0.7717732079281577,-0.0018475599537292053,0.4641844234644762,0.4656828904066078,-0.0014984669421316266
Logistic Regression,volatility,0.05,21,16934627770921383542,0.8072289156626506,0.8064759036144579,0.0007530120481927804,0.7105380405236933,0.7082755970847793,0.002262443438914019,0.43859649122807015,0.43661971830985913,0.0019767729182110227,0.5656108597285068,0.5610859728506787,0.004524886877828038,0.49407114624505927,0.4910891089108911,0.002982037334168186,0.7868561641875846,0.7865046372937334,0.00035152689385120617,0.5115454699383656,0.5111410202359039,0.00040444970246167333
Random Forest,volatility,0.05,21,16934627770921383542,0.8463855421686747,0.8426204819277109,0.003765060240963791,0.6851340911599162,0.6810649629874881,0.004069128172428105,0.547486033519553,0.532967032967033,0.01451900055252009,0.4434389140271493,0.43891402714932126,0.004524886877828038,0.49,0.4813895781637717,0.008610421836228288,0.7699256479744285,0.76786553687558,0.002060111098848516,0.4641844234644762,0.46178214719127014,0.00240227627320605
Logistic Regression,volatility,0.05,22,16339391270622253991,0.8072289156626506,0.8064759036144579,0.0007530120481927804,0.7105380405236933,0.7082755970847793,0.002262443438914019,0.43859649122807015,0.43661971830985913,0.0019767729182110227,0.5656108597285068,0.5610859728506787,0.004524886877828038,0.49407114624505927,0.4910891089108911,0.002982037334168186,0.7868561641875846,0.7866313504764006,0.00022481371118399096,0.5115454699383656,0.5112158870119415,0.0003295829264240435
Random Forest,volatility,0.05,22,16339391270622253991,0.8463855421686747,0.8418674698795181,0.004518072289156572,0.6851340911599162,0.6824240640596451,0.0027100271002711285,0.547486033519553,0.5297297297297298,0.01775630378982329,0.4434389140271493,0.4434389140271493,0.0,0.49,0.4827586206896552,0.007241379310344798,0.7699256479744285,0.7722800606588267,-0.002354412684398177,0.4641844234644762,0.46250535540657967,0.0016790680578965267
Logistic Regression,volatility,0.05,23,63503423900299183,0.8072289156626506,0.8079819277108434,-0.0007530120481927804,0.7105380405236933,0.7128004839626073,-0.002262443438914019,0.43859649122807015,0.4405594405594406,-0.0019629493313704227,0.5656108597285068,0.5701357466063348,-0.004524886877828038,0.49407114624505927,0.4970414201183432,-0.002970273873283913,0.7868561641875846,0.7876573185038034,-0.000801154316218744,0.5115454699383656,0.5126817338024355,-0.001136263864069953
Random Forest,volatility,0.05,23,63503423900299183,0.8463855421686747,0.8441265060240963,0.0022590361445783413,0.6851340911599162,0.6837790776097806,0.0013550135501355642,0.547486033519553,0.5384615384615384,0.009024495058014614,0.4434389140271493,0.4434389140271493,0.0,0.49,0.48635235732009924,0.0036476426799007533,0.7699256479744285,0.7715606567830383,-0.0016350088086097836,0.4641844234644762,0.46933423291740395,-0.005149809452927756
Logistic Regression,volatility,0.05,24,10365665882488810721,0.8072289156626506,0.8072289156626506,0.0,0.7105380405236933,0.7105380405236933,0.0,0.43859649122807015,0.43859649122807015,0.0,0.5656108597285068,0.5656108597285068,0.0,0.49407114624505927,0.49407114624505927,0.0,0.7868561641875846,0.7867376260489605,0.00011853813862416906,0.5115454699383656,0.5126155591674776,-0.0010700892291120034
Random Forest,volatility,0.05,24,10365665882488810721,0.8463855421686747,0.8426204819277109,0.003765060240963791,0.6851340911599162,0.6864972797540947,-0.0013631885941784994,0.547486033519553,0.5319148936170213,0.015571139902531783,0.4434389140271493,0.45248868778280543,-0.009049773755656132,0.49,0.4889975550122249,0.0010024449877750752,0.7699256479744285,0.7693533948914151,0.000572253083013452,0.4641844234644762,0.46436926847126775,-0.00018484500679155635
Logistic Regression,volatility,0.05,25,16633785358242783402,0.8072289156626506,0.8087349397590361,-0.0015060240963854499,0.7105380405236933,0.7150629274015213,-0.004524886877828038,0.43859649122807015,0.4425087108013937,-0.00391221957332355,0.5656108597285068,0.5746606334841629,-0.009049773755656076,0.49407114624505927,0.5,-0.005928853754940733,0.7868561641875846,0.7851434924605658,0.001712671727018833,0.5115454699383656,0.5115811383155724,-3.566837720681004e-05
Random Forest,volatility,0.05,25,16633785358242783402,0.8463855421686747,0.8524096385542169,-0.006024096385542244,0.6851340911599162,0.6978013219046217,-0.012667230744705549,0.547486033519553,0.569060773480663,-0.021574739961109923,0.4434389140271493,0.4660633484162896,-0.022624434389140302,0.49,0.5124378109452736,-0.02243781094527364,0.7699256479744285,0.7680576504105916,0.0018679975638369317,0.4641844234644762,0.4664534775143673,-0.002269054049891084
Logistic Regression,volatility,0.05,26,13953912131372595732,0.8072289156626506,0.8079819277108434,-0.0007530120481927804,0.7105380405236933,0.7128004839626073,-0.002262443438914019,0.43859649122807015,0.4405594405594406,-0.0019629493313704227,0.5656108597285068,0.5701357466063348,-0.004524886877828038,0.49407114624505927,0.4970414201183432,-0.002970273873283913,0.7868561641875846,0.7875633054973084,-0.0007071413097237134,0.5115454699383656,0.5128593774288404,-0.001313907490474775
Random Forest,volatility,0.05,26,13953912131372595732,0.8463855421686747,0.8471385542168675,-0.0007530120481927804,0.6851340911599162,0.6910180791099012,-0.0058839879499850145,0.547486033519553,0.5489130434782609,-0.0014270099587078144,0.4434389140271493,0.45701357466063347,-0.01357466063348417,0.49,0.49876543209876545,-0.008765432098765458,0.7699256479744285,0.7739191569894581,-0.003993509015029595,0.4641844234644762,0.46568439231074693,-0.0014999688462707383
Logistic Regression,volatility,0.05,27,15495669488518108625,0.8072289156626506,0.8079819277108434,-0.0007530120481927804,0.7105380405236933,0.7128004839626073,-0.002262443438914019,0.43859649122807015,0.4405594405594406,-0.0019629493313704227,0.5656108597285068,0.5701357466063348,-0.004524886877828038,0.49407114624505927,0.4970414201183432,-0.002970273873283913,0.7868561641875846,0.7860141346511504,0.0008420295364341968,0.5115454699383656,0.5098234291419537,0.0017220407964119167
Random Forest,volatility,0.05,27,15495669488518108625,0.8463855421686747,0.8418674698795181,0.004518072289156572,0.6851340911599162,0.6842348363151807,0.0008992548447355198,0.547486033519553,0.5294117647058824,0.01807426881367069,0.4434389140271493,0.4479638009049774,-0.004524886877828094,0.49,0.4852941176470588,0.004705882352941171,0.7699256479744285,0.7735839801836932,-0.003658332209264703,0.4641844234644762,0.46693750083969754,-0.0027530773752213467
Logistic Regression,volatility,0.05,28,15425644889636930063,0.8072289156626506,0.8064759036144579,0.0007530120481927804,0.7105380405236933,0.7118971415958504,-0.0013591010721570873,0.43859649122807015,0.4375,0.001096491228070151,0.5656108597285068,0.5701357466063348,-0.004524886877828038,0.49407114624505927,0.4950884086444008,-0.001017262399341523,0.7868561641875846,0.7877881192084922,-0.0009319550209075933,0.5115454699383656,0.5102143507796265,0.0013311191587390692
Random Forest,volatility,0.05,28,15425644889636930063,0.8463855421686747,0.848644578313253,-0.0022590361445783413,0.6851340911599162,0.6919214214766582,-0.006787330316742057,0.547486033519553,0.554945054945055,-0.007459021425501922,0.4434389140271493,0.45701357466063347,-0.01357466063348417,0.49,0.5012406947890818,-0.011240694789081851,0.7699256479744285,0.7739641197316951,-0.004038471757266571,0.4641844234644762,0.46933589532268694,-0.005151471858210743
Logistic Regression,volatility,0.05,29,9118648064483593970,0.8072289156626506,0.8109939759036144,-0.003765060240963791,0.7105380405236933,0.7127963964405859,-0.002258355916892607,0.43859649122807015,0.44642857142857145,-0.007832080200501301,0.5656108597285068,0.5656108597285068,0.0,0.49407114624505927,0.499001996007984,-0.004930849762924738,0.7868561641875846,0.786999227458338,-0.0001430632707533075,0.5115454699383656,0.5104359496992007,0.001109520239164885
Random Forest,volatility,0.05,29,9118648064483593970,0.8463855421686747,0.8426204819277109,0.003765060240963791,0.6851340911599162,0.6810649629874881,0.004069128172428105,0.547486033519553,0.532967032967033,0.01451900055252009,0.4434389140271493,0.43891402714932126,0.004524886877828038,0.49,0.4813895781637717,0.008610421836228288,0.7699256479744285,0.7699787857607083,-5.3137786279799926e-05,0.4641844234644762,0.4628252441361471,0.0013591793283290743
Logistic Regression,volatility,0.1,0,6314629937938296803,0.8072289156626506,0.8057228915662651,0.001506024096385561,0.7105380405236933,0.7060131536458653,0.004524886877828038,0.43859649122807015,0.43462897526501765,0.003967515963052504,0.5656108597285068,0.5565610859728507,0.009049773755656076,0.49407114624505927,0.4880952380952381,0.005975908149821185,0.7868561641875846,0.789132913953574,-0.00227674976598935,0.5115454699383656,0.5133551447661739,-0.0018096748278083608
Random Forest,volatility,0.1,0,6314629937938296803,0.8463855421686747,0.8426204819277109,0.003765060240963791,0.6851340911599162,0.6919295965207013,-0.0067955053607851035,0.547486033519553,0.5309278350515464,0.016558198468006657,0.4434389140271493,0.4660633484162896,-0.022624434389140302,0.49,0.4963855421686747,-0.006385542168674707,0.7699256479744285,0.7713603682039838,-0.0014347202295552641,0.4641844234644762,0.46317730789494793,0.0010071155695282608
Logistic Regression,volatility,0.1,1,9942552786023035863,0.8072289156626506,0.8132530120481928,-0.0060240963855421326,0.7105380405236933,0.719583726757328,-0.009045686233634664,0.43859649122807015,0.45229681978798586,-0.013700328559915709,0.5656108597285068,0.579185520361991,-0.013574660633484226,0.49407114624505927,0.5079365079365079,-0.013865361691448641,0.7868561641875846,0.7863901866771308,0.00046597751045385216,0.5115454699383656,0.5154261696848077,-0.003880699746442118
Random Forest,volatility,0.1,1,9942552786023035863,0.8463855421686747,0.8471385542168675,-0.0007530120481927804,0.6851340911599162,0.6873965345988302,-0.002262443438914019,0.547486033519553,0.55,-0.002513966480446994,0.4434389140271493,0.4479638009049774,-0.004524886877828094,0.49,0.4937655860349127,-0.003765586034912727,0.7699256479744285,0.7724558241057523,-0.0025301761313237803,0.4641844234644762,0.4774695561731421,-0.013285132708665881
Logistic Regression,volatility,0.1,2,13071605498775442638,0.8072289156626506,0.8109939759036144,-0.003765060240963791,0.7105380405236933,0.7164179409516569,-0.0058799004279636025,0.43859649122807015,0.4471830985915493,-0.00858660736347916,0.5656108597285068,0.5746606334841629,-0.009049773755656076,0.49407114624505927,0.502970297029703,-0.008899150784643706,0.7868561641875846,0.7843341631003038,0.002522001087280845,0.5115454699383656,0.5091055683263239,0.0024399016120416617
Random Forest,volatility,0.1,2,13071605498775442638,0.8463855421686747,0.8448795180722891,0.001506024096385561,0.6851340911599162,0.6878522933042301,-0.0027182021443139526,0.547486033519553,0.5405405405405406,0.00694549297901248,0.4434389140271493,0.45248868778280543,-0.009049773755656132,0.49,0.49261083743842365,-0.0026108374384236632,0.7699256479744285,0.7662182655009053,0.003707382473523202,0.4641844234644762,0.465424505375056,-0.0012400819105797822
Logistic Regression,volatility,0.1,3,4259665489857690367,0.8072289156626506,0.8064759036144579,0.0007530120481927804,0.7105380405236933,0.7028432803181728,0.007694760205520512,0.43859649122807015,0.4352517985611511,0.003344692666919058,0.5656108597285068,0.5475113122171946,0.018099547511312153,0.49407114624505927,0.4849699398797595,0.009101206365299763,0.7868561641875846,0.7870932404648331,-0.00023707627724844915,0.5115454699383656,0.513175550577346,-0.0016300806389804023
Random Forest,volatility,0.1,3,4259665489857690367,0.8463855421686747,0.8433734939759037,0.0030120481927710108,0.6851340911599162,0.6833274064264021,0.0018066847335140857,0.547486033519553,0.5355191256830601,0.011966907836492902,0.4434389140271493,0.4434389140271493,0.0,0.49,0.48514851485148514,0.004851485148514856,0.7699256479744285,0.7680780880206992,0.0018475599537293164,0.4641844234644762,0.46364610014615937,0.0005383233183168246
Logistic Regression,volatility,0.1,4,1665798703226673639,0.8072289156626506,0.8072289156626506,0.0,0.7105380405236933,0.7087272682681578,0.0018107722555354977,0.43859649122807015,0.4381625441696113,0.00043394705845883896,0.5656108597285068,0.5610859728506787,0.004524886877828038,0.49407114624505927,0.49206349206349204,0.002007654181567231,0.7868561641875846,0.7850331293659845,0.001823034821600178,0.5115454699383656,0.5121882943380681,-0.0006428243997025351
Random Forest,volatility,0.1,4,1665798703226673639,0.8463855421686747,0.8448795180722891,0.001506024096385561,0.6851340911599162,0.6787984320265525,0.006335659133363647,0.547486033519553,0.5428571428571428,0.004628890662410234,0.4434389140271493,0.4298642533936652,0.013574660633484115,0.49,0.4797979797979798,0.010202020202020212,0.7699256479744285,0.7713276680278116,-0.0014020200533830796,0.4641844234644762,0.46005815406553807,0.0041262693989381205
Logistic Regression,volatility,0.1,5,7302415069008549096,0.8072289156626506,0.8064759036144579,0.0007530120481927804,0.7105380405236933,0.7137079138513859,-0.003169873327692585,0.43859649122807015,0.4379310344827586,0.0006654567453115434,0.5656108597285068,0.5746606334841629,-0.009049773755656076,0.49407114624505927,0.49706457925636005,-0.0029934330113007834,0.7868561641875846,0.7854459690901585,0.0014101950974261257,0.5115454699383656,0.513842494693447,-0.0022970247550814227
Random Forest,volatility,0.1,5,7302415069008549096,0.8463855421686747,0.8441265060240963,0.0022590361445783413,0.6851340911599162,0.6855898498653161,-0.00045575870539993346,0.547486033519553,0.5380434782608695,0.009442555258683538,0.4434389140271493,0.4479638009049774,-0.004524886877828094,0.49,0.4888888888888889,0.0011111111111111183,0.7699256479744285,0.7714462061664357,-0.0015205581920071376,0.4641844234644762,0.46353395221806376,0.0006504712464124318
Logistic Regression,volatility,0.1,6,4783989110244491071,0.8072289156626506,0.8042168674698795,0.003012048192771122,0.7105380405236933,0.7123529003012503,-0.0018148597775570208,0.43859649122807015,0.4334470989761092,0.005149392251960927,0.5656108597285068,0.5746606334841629,-0.009049773755656076,0.49407114624505927,0.49416342412451364,-9.227787945437216e-05,0.7868561641875846,0.7837332973631395,0.0031228668244451807,0.5115454699383656,0.5109817807565522,0.000563689181813376
Random Forest,volatility,0.1,6,4783989110244491071,0.8463855421686747,0.8403614457831325,0.0060240963855421326,0.6851340911599162,0.6760884049262815,0.009045686233634664,0.547486033519553,0.5248618784530387,0.022624155066514384,0.4434389140271493,0.4298642533936652,0.013574660633484115,0.49,0.472636815920398,0.017363184079601968,0.7699256479744285,0.7773608505315822,-0.007435202557153686,0.4641844234644762,0.46500589835793416,-0.000821474893457963
Logistic Regression,volatility,0.1,7,17336207282711700596,0.8072289156626506,0.8034638554216867,0.0037650602409639022,0.7105380405236933,0.7028473678401943,0.007690672683498989,0.43859649122807015,0.4295774647887324,0.009019026439337774,0.5656108597285068,0.5520361990950227,0.013574660633484115,0.49407114624505927,0.48316831683168315,0.010902829413376114,0.7868561641875846,0.7857729708518805,0.001083193335704169,0.5115454699383656,0.5058630405807791,0.005682429357586449
Random Forest,volatility,0.1,7,17336207282711700596,0.8463855421686747,0.8381024096385542,0.008283132530120474,0.6851340911599162,0.6747333913761461,0.010400699783770118,0.547486033519553,0.5163043478260869,0.031181685693466132,0.4434389140271493,0.4298642533936652,0.013574660633484115,0.49,0.4691358024691358,0.020864197530864215,0.7699256479744285,0.7640069160872605,0.005918731887168072,0.4641844234644762,0.45017932230204727,0.014005101162428923
Logistic Regression,volatility,0.1,8,7217298730105147978,0.8072289156626506,0.7996987951807228,0.0075301204819278045,0.7105380405236933,0.7042105564343728,0.00632748408932049,0.43859649122807015,0.4232081911262799,0.015388300101790264,0.5656108597285068,0.5610859728506787,0.004524886877828038,0.49407114624505927,0.48249027237354086,0.011580873871518405,0.7868561641875846,0.7852211553789746,0.0016350088086100056,0.5115454699383656,0.5105519597523417,0.0009935101860238937
Random Forest,volatility,0.1,8,7217298730105147978,0.8463855421686747,0.8411144578313253,0.005271084337349352,0.6851340911599162,0.680161620620731,0.004972470539185148,0.547486033519553,0.5271739130434783,0.02031212047607478,0.4434389140271493,0.43891402714932126,0.004524886877828038,0.49,0.47901234567901235,0.010987654320987639,0.7699256479744285,0.7666311052250794,0.0032945427493491497,0.4641844234644762,0.460610942887943,0.0035734805765331723
Logistic Regression,volatility,0.1,9,4880091829281642331,0.8072289156626506,0.8079819277108434,-0.0007530120481927804,0.7105380405236933,0.7146112562181428,-0.004073215694449517,0.43859649122807015,0.4409722222222222,-0.002375730994152059,0.5656108597285068,0.5746606334841629,-0.009049773755656076,0.49407114624505927,0.49901768172888017,-0.004946535483820902,0.7868561641875846,0.7848532783970373,0.002002885790547304,0.5115454699383656,0.5071776679067387,0.0043678020316268995
Random Forest,volatility,0.1,9,4880091829281642331,0.8463855421686747,0.8448795180722891,0.001506024096385561,0.6851340911599162,0.6824199765376235,0.0027141146222926515,0.547486033519553,0.5418994413407822,0.005586592178770888,0.4434389140271493,0.43891402714932126,0.004524886877828038,0.49,0.485,0.0050000000000000044,0.7699256479744285,0.7713031428956822,-0.001377494921253719,0.4641844234644762,0.45716101679114446,0.0070234066733317335
Logistic Regression,volatility,0.1,10,7468223652495644020,0.8072289156626506,0.8064759036144579,0.0007530120481927804,0.7105380405236933,0.7100863693403148,0.0004516711833785214,0.43859649122807015,0.4370629370629371,0.0015335541651330664,0.5656108597285068,0.5656108597285068,0.0,0.49407114624505927,0.4930966469428008,0.000974499302258458,0.7868561641875846,0.7833490702931162,0.0035070938944684604,0.5115454699383656,0.5085032286286834,0.0030422413096822254
Random Forest,volatility,0.1,10,7468223652495644020,0.8463855421686747,0.8396084337349398,0.006777108433734913,0.6851340911599162,0.675636733742903,0.009497357417013186,0.547486033519553,0.521978021978022,0.02550801154153104,0.4434389140271493,0.4298642533936652,0.013574660633484115,0.49,0.47146401985111663,0.018535980148883358,0.7699256479744285,0.7621961438317248,0.00772950414270368,0.4641844234644762,0.4600137114949085,0.0041707119695676975
Logistic Regression,volatility,0.1,11,14840856727302542818,0.8072289156626506,0.8117469879518072,-0.004518072289156572,0.7105380405236933,0.7150588398794999,-0.004520799355806626,0.43859649122807015,0.4483985765124555,-0.009802085284385365,0.5656108597285068,0.5701357466063348,-0.004524886877828038,0.49407114624505927,0.50199203187251,-0.007920885627450691,0.7868561641875846,0.7858874214684832,0.000968742719101412,0.5115454699383656,0.5162241010185261,-0.0046786310801605335
Random Forest,volatility,0.1,11,14840856727302542818,0.8463855421686747,0.8448795180722891,0.001506024096385561,0.6851340911599162,0.6860415210486946,-0.0009074298887784549,0.547486033519553,0.5409836065573771,0.006502426962175956,0.4434389140271493,0.4479638009049774,-0.004524886877828094,0.49,0.4900990099009901,-9.90099009900991e-05,0.7699256479744285,0.7683151642979477,0.0016104836764808672,0.4641844234644762,0.45849269019451294,0.005691733269963251
Logistic Regression,volatility,0.1,12,11448468890516851289,0.8072289156626506,0.8064759036144579,0.0007530120481927804,0.7105380405236933,0.7082755970847793,0.002262443438914019,0.43859649122807015,0.43661971830985913,0.0019767729182110227,0.5656108597285068,0.5610859728506787,0.004524886877828038,0.49407114624505927,0.4910891089108911,0.002982037334168186,0.7868561641875846,0.7856585202352778,0.001197643952306815,0.5115454699383656,0.5104499748354565,0.001095495102909072
Random Forest,volatility,0.1,12,11448468890516851289,0.8463855421686747,0.8471385542168675,-0.0007530120481927804,0.6851340911599162,0.6873965345988302,-0.002262443438914019,0.547486033519553,0.55,-0.002513966480446994,0.4434389140271493,0.4479638009049774,-0.004524886877828094,0.49,0.4937655860349127,-0.003765586034912727,0.7699256479744285,0.7729340641822708,-0.0030084162078423127,0.4641844234644762,0.4671019442930117,-0.0029175208285355247
Logistic Regression,volatility,0.1,13,336852328365047850,0.8072289156626506,0.802710843373494,0.004518072289156683,0.7105380405236933,0.7060172411678868,0.004520799355806515,0.43859649122807015,0.4290657439446367,0.00953074728343345,0.5656108597285068,0.5610859728506787,0.004524886877828038,0.49407114624505927,0.48627450980392156,0.007796636441137705,0.7868561641875846,0.7846529898179827,0.0022031743696019346,0.5115454699383656,0.5118948469597968,-0.00034937702143122973
Random Forest,volatility,0.1,13,336852328365047850,0.8463855421686747,0.8524096385542169,-0.006024096385542244,0.6851340911599162,0.6941797773935507,-0.009045686233634553,0.547486033519553,0.5706214689265536,-0.023135435407000582,0.4434389140271493,0.45701357466063347,-0.01357466063348417,0.49,0.507537688442211,-0.01753768844221104,0.7699256479744285,0.7694024451556732,0.0005232028187552862,0.4641844234644762,0.4758624602203975,-0.011678036755921328
Logistic Regression,volatility,0.1,14,8193235314941073849,0.8072289156626506,0.8079819277108434,-0.0007530120481927804,0.7105380405236933,0.7055573949404652,0.004980645583228083,0.43859649122807015,0.43884892086330934,-0.00025242963523919304,0.5656108597285068,0.5520361990950227,0.013574660633484115,0.49407114624505927,0.48897795591182364,0.005093190333235631,0.7868561641875846,0.7852129803349315,0.0016431838526531628,0.5115454699383656,0.5105429108603871,0.0010025590779785265
Random Forest,volatility,0.1,14,8193235314941073849,0.8463855421686747,0.8411144578313253,0.005271084337349352,0.6851340911599162,0.6747293038541246,0.01040478730579164,0.547486033519553,0.5280898876404494,0.019396145879103655,0.4434389140271493,0.4253393665158371,0.01809954751131221,0.49,0.47117794486215536,0.01882205513784463,0.7699256479744285,0.7674526971514058,0.0024729508230226793,0.4641844234644762,0.46275534058082535,0.0014290828836508451
Logistic Regression,volatility,0.1,15,6114495480057029465,0.8072289156626506,0.8072289156626506,0.0,0.7105380405236933,0.7069164960126223,0.0036215445110709954,0.43859649122807015,0.4377224199288256,0.0008740712992445498,0.5656108597285068,0.5565610859728507,0.009049773755656076,0.49407114624505927,0.4900398406374502,0.004031305607609059,0.7868561641875846,0.7854132689139863,0.0014428952735983103,0.5115454699383656,0.508964034608926,0.002581435329439552
Random Forest,volatility,0.1,15,6114495480057029465,0.8463855421686747,0.8418674698795181,0.004518072289156572,0.6851340911599162,0.6878563808262517,-0.0027222896663354756,0.547486033519553,0.5287958115183246,0.018690222001228496,0.4434389140271493,0.45701357466063347,-0.01357466063348417,0.49,0.49029126213592233,-0.0002912621359223433,0.7699256479744285,0.7720307218155138,-0.00210507384108527,0.4641844234644762,0.467034968374502,-0.0028505449100257874
Logistic Regression,volatility,0.1,16,2674896726878974849,0.8072289156626506,0.8094879518072289,-0.0022590361445782303,0.7105380405236933,0.7118930540738289,-0.0013550135501355642,0.43859649122807015,0.4432624113475177,-0.004665920119447553,0.5656108597285068,0.5656108597285068,0.0,0.49407114624505927,0.4970178926441352,-0.002946746399075939,0.7868561641875846,0.7858588088143325,0.0009973553732521845,0.5115454699383656,0.5155527326877913,-0.004007262749425755
Random Forest,volatility,0.1,16,2674896726878974849,0.8463855421686747,0.8448795180722891,0.001506024096385561,0.6851340911599162,0.6860415210486946,-0.0009074298887784549,0.547486033519553,0.5409836065573771,0.006502426962175956,0.4434389140271493,0.4479638009049774,-0.004524886877828094,0.49,0.4900990099009901,-9.90099009900991e-05,0.7699256479744285,0.7688874173809611,0.0010382305934674152,0.4641844234644762,0.46408955309970057,9.487036477562327e-05
Logistic Regression,volatility,0.1,17,14052709059517544626,0.8072289156626506,0.8102409638554217,-0.0030120481927710108,0.7105380405236933,0.7105339530016719,4.087522021412049e-06,0.43859649122807015,0.4444444444444444,-0.005847953216374269,0.5656108597285068,0.5610859728506787,0.004524886877828038,0.49407114624505927,0.496,-0.0019288537549407292,0.7868561641875846,0.7842728502699808,0.0025833139176038022,0.5115454699383656,0.5083177914440543,0.00322767849431127
Random Forest,volatility,0.1,17,14052709059517544626,0.8463855421686747,0.8418674698795181,0.004518072289156572,0.6851340911599162,0.6842348363151807,0.0008992548447355198,0.547486033519553,0.5294117647058824,0.01807426881367069,0.4434389140271493,0.4479638009049774,-0.004524886877828094,0.49,0.4852941176470588,0.004705882352941171,0.7699256479744285,0.7706941021144752,-0.0007684541400466705,0.4641844234644762,0.4598077334665239,0.0043766899979522655
Logistic Regression,volatility,0.1,18,1193579165175380090,0.8072289156626506,0.8042168674698795,0.003012048192771122,0.7105380405236933,0.7032990390235727,0.007239001500120579,0.43859649122807015,0.43109540636042404,0.007501084867646113,0.5656108597285068,0.5520361990950227,0.013574660633484115,0.49407114624505927,0.48412698412698413,0.00994416211807514,0.7868561641875846,0.7880333705297837,-0.0011772063421990886,0.5115454699383656,0.5134273136734512,-0.0018818437350855977
Random Forest,volatility,0.1,18,1193579165175380090,0.8463855421686747,0.8448795180722891,0.001506024096385561,0.6851340911599162,0.6860415210486946,-0.0009074298887784549,0.547486033519553,0.5409836065573771,0.006502426962175956,0.4434389140271493,0.4479638009049774,-0.004524886877828094,0.49,0.4900990099009901,-9.90099009900991e-05,0.7699256479744285,0.7749042497966458,-0.004978601822217321,0.4641844234644762,0.4672492345001674,-0.0030648110356912284
Logistic Regression,volatility,0.1,19,3002979679491991056,0.8072289156626506,0.8064759036144579,0.0007530120481927804,0.7105380405236933,0.7100863693403148,0.0004516711833785214,0.43859649122807015,0.4370629370629371,0.0015335541651330664,0.5656108597285068,0.5656108597285068,0.0,0.49407114624505927,0.4930966469428008,0.000974499302258458,0.7868561641875846,0.7868970394077999,-4.087522021523071e-05,0.5115454699383656,0.5107895706019698,0.0007558993363957489
Random Forest,volatility,0.1,19,3002979679491991056,0.8463855421686747,0.8463855421686747,0.0,0.6851340911599162,0.6851340911599162,0.0,0.547486033519553,0.547486033519553,0.0,0.4434389140271493,0.4434389140271493,0.0,0.49,0.49,0.0,0.7699256479744285,0.7764207204666316,-0.006495072492203047,0.4641844234644762,0.46503192351673295,-0.0008475000522567555
Logistic Regression,volatility,0.1,20,3687862318648821017,0.8072289156626506,0.8094879518072289,-0.0022590361445782303,0.7105380405236933,0.7100822818182932,0.0004557587054000445,0.43859649122807015,0.44285714285714284,-0.004260651629072687,0.5656108597285068,0.5610859728506787,0.004524886877828038,0.49407114624505927,0.49500998003992014,-0.0009388337948608716,0.7868561641875846,0.7863615740229799,0.0004945901646047357,0.5115454699383656,0.5138331869118923,-0.002287716973526699
Random Forest,volatility,0.1,20,3687862318648821017,0.8463855421686747,0.848644578313253,-0.0022590361445783413,0.6851340911599162,0.6882998769655871,-0.003165785805670951,0.547486033519553,0.5561797752808989,-0.008693741761345852,0.4434389140271493,0.4479638009049774,-0.004524886877828094,0.49,0.49624060150375937,-0.00624060150375938,0.7699256479744285,0.7708494279512931,-0.0009237799768645472,0.4641844234644762,0.46428553128157907,-0.00010110781710287453
Logistic Regression,volatility,0.1,21,2362625356849632307,0.8072289156626506,0.8079819277108434,-0.0007530120481927804,0.7105380405236933,0.7128004839626073,-0.002262443438914019,0.43859649122807015,0.4405594405594406,-0.0019629493313704227,0.5656108597285068,0.5701357466063348,-0.004524886877828038,0.49407114624505927,0.4970414201183432,-0.002970273873283913,0.7868561641875846,0.7858588088143325,0.0009973553732521845,0.5115454699383656,0.5096612169478801,0.0018842529904854466
Random Forest,volatility,0.1,21,2362625356849632307,0.8463855421686747,0.8456325301204819,0.0007530120481927804,0.6851340911599162,0.6864931922320732,-0.0013591010721569763,0.547486033519553,0.5439560439560439,0.0035299895635091394,0.4434389140271493,0.4479638009049774,-0.004524886877828094,0.49,0.4913151364764268,-0.0013151364764267814,0.7699256479744285,0.7668559189362633,0.0030697290381652698,0.4641844234644762,0.4577886711659759,0.006395752298500312
Logistic Regression,volatility,0.1,22,16117397455530272450,0.8072289156626506,0.8072289156626506,0.0,0.7105380405236933,0.7087272682681578,0.0018107722555354977,0.43859649122807015,0.4381625441696113,0.00043394705845883896,0.5656108597285068,0.5610859728506787,0.004524886877828038,0.49407114624505927,0.49206349206349204,0.002007654181567231,0.7868561641875846,0.7861694604879683,0.00068670369961632,0.5115454699383656,0.5105076491675546,0.0010378207708109377
Random Forest,volatility,0.1,22,16117397455530272450,0.8463855421686747,0.8396084337349398,0.006777108433734913,0.6851340911599162,0.675636733742903,0.009497357417013186,0.547486033519553,0.521978021978022,0.02550801154153104,0.4434389140271493,0.4298642533936652,0.013574660633484115,0.49,0.47146401985111663,0.018535980148883358,0.7699256479744285,0.7714298560783497,-0.0015042081039211563,0.4641844234644762,0.46388229248037605,0.00030213098410014627
Logistic Regression,volatility,0.1,23,1717072326907993060,0.8072289156626506,0.8109939759036144,-0.003765060240963791,0.7105380405236933,0.7127963964405859,-0.002258355916892607,0.43859649122807015,0.44642857142857145,-0.007832080200501301,0.5656108597285068,0.5656108597285068,0.0,0.49407114624505927,0.499001996007984,-0.004930849762924738,0.7868561641875846,0.7876327933716742,-0.0007766291840896056,0.5115454699383656,0.5134528716333906,-0.0019074016950250128
Random Forest,volatility,0.1,23,1717072326907993060,0.8463855421686747,0.8418674698795181,0.004518072289156572,0.6851340911599162,0.6824240640596451,0.0027100271002711285,0.547486033519553,0.5297297297297298,0.01775630378982329,0.4434389140271493,0.4434389140271493,0.0,0.49,0.4827586206896552,0.007241379310344798,0.7699256479744285,0.7687729667643586,0.0011526812100699502,0.4641844234644762,0.46290250056607907,0.0012819228983971254
Logistic Regression,volatility,0.1,24,16193084555867154184,0.8072289156626506,0.8087349397590361,-0.0015060240963854499,0.7105380405236933,0.7096306106349148,0.0009074298887784549,0.43859649122807015,0.4412811387900356,-0.0026846475619654586,0.5656108597285068,0.5610859728506787,0.004524886877828038,0.49407114624505927,0.4940239043824701,4.7241862589142425e-05,0.7868561641875846,0.7863166112807433,0.0005395529068413785,0.5115454699383656,0.512827950769641,-0.0012824808312754676
Random Forest,volatility,0.1,24,16193084555867154184,0.8463855421686747,0.8418674698795181,0.004518072289156572,0.6851340911599162,0.6824240640596451,0.0027100271002711285,0.547486033519553,0.5297297297297298,0.01775630378982329,0.4434389140271493,0.4434389140271493,0.0,0.49,0.4827586206896552,0.007241379310344798,0.7699256479744285,0.7676488982084391,0.002276749765989461,0.4641844234644762,0.4656333605731389,-0.001448937108662729
Logistic Regression,volatility,0.1,25,6894739430850786870,0.8072289156626506,0.8079819277108434,-0.0007530120481927804,0.7105380405236933,0.718232800729214,-0.007694760205520734,0.43859649122807015,0.4417808219178082,-0.0031843306897380574,0.5656108597285068,0.583710407239819,-0.018099547511312264,0.49407114624505927,0.5029239766081871,-0.00885283036312784,0.7868561641875846,0.7829525806570283,0.0039035835305563094,0.5115454699383656,0.5084771964475839,0.003068273490781648
Random Forest,volatility,0.1,25,6894739430850786870,0.8463855421686747,0.8524096385542169,-0.006024096385542244,0.6851340911599162,0.6923690051380151,-0.007234913978098945,0.547486033519553,0.5714285714285714,-0.023942537909018347,0.4434389140271493,0.45248868778280543,-0.009049773755656132,0.49,0.5050505050505051,-0.015050505050505092,0.7699256479744285,0.768940555167241,0.0009850928071875042,0.4641844234644762,0.4656854870886984,-0.0015010636242221986
Logistic Regression,volatility,0.1,26,2254021330298396551,0.8072289156626506,0.8094879518072289,-0.0022590361445782303,0.7105380405236933,0.7155145985848999,-0.00497655806120656,0.43859649122807015,0.44405594405594406,-0.005459452827873912,0.5656108597285068,0.5746606334841629,-0.009049773755656076,0.49407114624505927,0.5009861932938856,-0.006915047048826339,0.7868561641875846,0.7875387803651792,-0.0006826161775945749,0.5115454699383656,0.5153257614169973,-0.003780291478631681
Random Forest,volatility,0.1,26,2254021330298396551,0.8463855421686747,0.8463855421686747,0.0,0.6851340911599162,0.6851340911599162,0.0,0.547486033519553,0.547486033519553,0.0,0.4434389140271493,0.4434389140271493,0.0,0.49,0.49,0.0,0.7699256479744285,0.7749614751049472,-0.005035827130518644,0.4641844234644762,0.4662730380600207,-0.0020886145955444912
Logistic Regression,volatility,0.1,27,5312299173983339898,0.8072289156626506,0.8132530120481928,-0.0060240963855421326,0.7105380405236933,0.7213944990128635,-0.010856458489170162,0.43859649122807015,0.45263157894736844,-0.01403508771929829,0.5656108597285068,0.583710407239819,-0.018099547511312264,0.49407114624505927,0.5098814229249012,-0.015810276679841972,0.7868561641875846,0.7848042281327791,0.002051936054805581,0.5115454699383656,0.5087586009275411,0.0027868690108244776
Random Forest,volatility,0.1,27,5312299173983339898,0.8463855421686747,0.8418674698795181,0.004518072289156572,0.6851340911599162,0.6860456085707162,-0.0009115174107999779,0.547486033519553,0.5291005291005291,0.01838550441902398,0.4434389140271493,0.45248868778280543,-0.009049773755656132,0.49,0.4878048780487805,0.002195121951219514,0.7699256479744285,0.7764125454225885,-0.006486897448160001,0.4641844234644762,0.4665370328331191,-0.0023526093686428995
Logistic Regression,volatility,0.1,28,5524185045465696956,0.8072289156626506,0.8064759036144579,0.0007530120481927804,0.7105380405236933,0.7118971415958504,-0.0013591010721570873,0.43859649122807015,0.4375,0.001096491228070151,0.5656108597285068,0.5701357466063348,-0.004524886877828038,0.49407114624505927,0.4950884086444008,-0.001017262399341523,0.7868561641875846,0.7882254840647953,-0.001369319877210673,0.5115454699383656,0.5095749763273473,0.001970493611018309
Random Forest,volatility,0.1,28,5524185045465696956,0.8463855421686747,0.8456325301204819,0.0007530120481927804,0.6851340911599162,0.6919255089986798,-0.00679141783876358,0.547486033519553,0.5425531914893617,0.004932842030191398,0.4434389140271493,0.46153846153846156,-0.018099547511312264,0.49,0.49877750611246946,-0.008777506112469469,0.7699256479744285,0.7724231239295802,-0.0024974759551517067,0.4641844234644762,0.4654596984093338,-0.0012752749448576295
Logistic Regression,volatility,0.1,29,13602335657575346994,0.8072289156626506,0.8079819277108434,-0.0007530120481927804,0.7105380405236933,0.7109897117070718,-0.0004516711833785214,0.43859649122807015,0.44014084507042256,-0.0015443538423524084,0.5656108597285068,0.5656108597285068,0.0,0.49407114624505927,0.49504950495049505,-0.0009783587054357779,0.7868561641875846,0.7863779241110661,0.0004782400765185324,0.5115454699383656,0.5083316591373028,0.0032138108010627553
Random Forest,volatility,0.1,29,13602335657575346994,0.8463855421686747,0.8433734939759037,0.0030120481927710108,0.6851340911599162,0.6869489509374732,-0.0018148597775570208,0.547486033519553,0.5347593582887701,0.012726675230782969,0.4434389140271493,0.45248868778280543,-0.009049773755656132,0.49,0.49019607843137253,-0.00019607843137253722,0.7699256479744285,0.7688465421607459,0.001079105813682646,0.4641844234644762,0.4610272019626059,0.003157221501870311
Logistic Regression,volatility,0.2,0,1832326128363976067,0.8072289156626506,0.7981927710843374,0.009036144578313254,0.7105380405236933,0.6996856695565448,0.010852370967148528,0.43859649122807015,0.41924398625429554,0.01935250497377461,0.5656108597285068,0.5520361990950227,0.013574660633484115,0.49407114624505927,0.4765625,0.017508646245059267,0.7868561641875846,0.7884829979521514,-0.0016268337645667375,0.5115454699383656,0.5107427116221744,0.0008027583161911434
Random Forest,volatility,0.2,0,1832326128363976067,0.8463855421686747,0.8381024096385542,0.008283132530120474,0.6851340911599162,0.6783549358872171,0.006779155272699122,0.547486033519553,0.5159574468085106,0.03152858671104242,0.4434389140271493,0.43891402714932126,0.004524886877828038,0.49,0.4743276283618582,0.01567237163814178,0.7699256479744285,0.7781129545835428,-0.008187306609114264,0.4641844234644762,0.4562726930242136,0.00791173044026261
Logistic Regression,volatility,0.2,1,4363466229825124840,0.8072289156626506,0.8094879518072289,-0.0022590361445782303,0.7105380405236933,0.7155145985848999,-0.00497655806120656,0.43859649122807015,0.44405594405594406,-0.005459452827873912,0.5656108597285068,0.5746606334841629,-0.009049773755656076,0.49407114624505927,0.5009861932938856,-0.006915047048826339,0.7868561641875846,0.7840275989486893,0.0028285652388952975,0.5115454699383656,0.5153590050249548,-0.003813535086589215
Random Forest,volatility,0.2,1,4363466229825124840,0.8463855421686747,0.8441265060240963,0.0022590361445783413,0.6851340911599162,0.6837790776097806,0.0013550135501355642,0.547486033519553,0.5384615384615384,0.009024495058014614,0.4434389140271493,0.4434389140271493,0.0,0.49,0.48635235732009924,0.0036476426799007533,0.7699256479744285,0.7750963633316574,-0.0051707153572289055,0.4641844234644762,0.4773500059102588,-0.013165582445782587
Logistic Regression,volatility,0.2,2,8347758124428005648,0.8072289156626506,0.8072289156626506,0.0,0.7105380405236933,0.7141595850347644,-0.0036215445110711064,0.43859649122807015,0.43944636678200694,-0.0008498755539367853,0.5656108597285068,0.5746606334841629,-0.009049773755656076,0.49407114624505927,0.4980392156862745,-0.0039680694412152495,0.7868561641875846,0.7802139409026065,0.006642223284978099,0.5115454699383656,0.5023575640310178,0.009187905907347749
Random Forest,volatility,0.2,2,8347758124428005648,0.8463855421686747,0.8411144578313253,0.005271084337349352,0.6851340911599162,0.67654007610966,0.008594015050256143,0.547486033519553,0.5277777777777778,0.01970825574177526,0.4434389140271493,0.4298642533936652,0.013574660633484115,0.49,0.47381546134663344,0.016184538653366554,0.7699256479744285,0.763357000085838,0.006568647888590573,0.4641844234644762,0.455370733514997,0.008813689949479175
Logistic Regression,volatility,0.2,3,1283831163800010787,0.8072289156626506,0.8049698795180723,0.0022590361445783413,0.7105380405236933,0.7019399379514157,0.008598102572277555,0.43859649122807015,0.43214285714285716,0.006453634085212989,0.5656108597285068,0.5475113122171946,0.018099547511312153,0.49407114624505927,0.48303393213572854,0.011037214109330729,0.7868561641875846,0.7849922541457692,0.0018639100418154086,0.5115454699383656,0.5099623510326042,0.0015831189057613493
Random Forest,volatility,0.2,3,1283831163800010787,0.8463855421686747,0.8448795180722891,0.001506024096385561,0.6851340911599162,0.6806092042820882,0.004524886877828038,0.547486033519553,0.5423728813559322,0.005113152163620849,0.4434389140271493,0.4343891402714932,0.009049773755656076,0.49,0.4824120603015075,0.007587939698492474,0.7699256479744285,0.7647917203153931,0.00513392765903542,0.4641844234644762,0.47118559158057527,-0.007001168116099077
Logistic Regression,volatility,0.2,4,15764555807430099060,0.8072289156626506,0.8012048192771084,0.006024096385542244,0.7105380405236933,0.7087354433122008,0.0018025972114924516,0.43859649122807015,0.4271186440677966,0.011477847160273558,0.5656108597285068,0.5701357466063348,-0.004524886877828038,0.49407114624505927,0.4883720930232558,0.005699053221803474,0.7868561641875846,0.7811867711437295,0.005669393043855164,0.5115454699383656,0.5092507178085307,0.002294752129834876
Random Forest,volatility,0.2,4,15764555807430099060,0.8463855421686747,0.8418674698795181,0.004518072289156572,0.6851340911599162,0.6733702027819675,0.011763888377948728,0.547486033519553,0.5314285714285715,0.016057462090981578,0.4434389140271493,0.42081447963800905,0.022624434389140247,0.49,0.4696969696969697,0.020303030303030267,0.7699256479744285,0.7709679660899174,-0.0010423181154888272,0.4641844234644762,0.45890935838808367,0.005275065076392527
Logistic Regression,volatility,0.2,5,6553207192533682199,0.8072289156626506,0.8034638554216867,0.0037650602409639022,0.7105380405236933,0.7119012291178719,-0.0013631885941786104,0.43859649122807015,0.43197278911564624,0.006623702112423913,0.5656108597285068,0.5746606334841629,-0.009049773755656076,0.49407114624505927,0.49320388349514566,0.000867262749913611,0.7868561641875846,0.7830179810093728,0.003838183178211829,0.5115454699383656,0.5110415070171374,0.0005039629212282293
Random Forest,volatility,0.2,5,6553207192533682199,0.8463855421686747,0.8418674698795181,0.004518072289156572,0.6851340911599162,0.6824240640596451,0.0027100271002711285,0.547486033519553,0.5297297297297298,0.01775630378982329,0.4434389140271493,0.4434389140271493,0.0,0.49,0.4827586206896552,0.007241379310344798,0.7699256479744285,0.7712704427195102,-0.0013447947450816455,0.4641844234644762,0.46084048830194685,0.0033439351625293434
Logistic Regression,volatility,0.2,6,1189963029641373861,0.8072289156626506,0.7951807228915663,0.012048192771084376,0.7105380405236933,0.7033113015896373,0.0072267389340560095,0.43859649122807015,0.4152823920265781,0.023314099201492078,0.5656108597285068,0.5656108597285068,0.0,0.49407114624505927,0.4789272030651341,0.015143943179925179,0.7868561641875846,0.7787546955409222,0.00810146864666239,0.5115454699383656,0.5054941152933496,0.006051354645015938
Random Forest,volatility,0.2,6,1189963029641373861,0.8463855421686747,0.8411144578313253,0.005271084337349352,0.6851340911599162,0.6819723928762667,0.003161698283649539,0.547486033519553,0.5268817204301075,0.020604313089445547,0.4434389140271493,0.4434389140271493,0.0,0.49,0.48157248157248156,0.008427518427518432,0.7699256479744285,0.7777123774254333,-0.007786729451004781,0.4641844234644762,0.4642536057980824,-6.918233360619919e-05
Logistic Regression,volatility,0.2,7,12357151045808070860,0.8072289156626506,0.7996987951807228,0.0075301204819278045,0.7105380405236933,0.7005890119233018,0.009949028600391485,0.43859649122807015,0.42214532871972316,0.016451162508346995,0.5656108597285068,0.5520361990950227,0.013574660633484115,0.49407114624505927,0.47843137254901963,0.01563977369603964,0.7868561641875846,0.7833408952490731,0.0035152689385115066,0.5115454699383656,0.4951297760363213,0.01641569390204428
Random Forest,volatility,0.2,7,12357151045808070860,0.8463855421686747,0.8350903614457831,0.011295180722891596,0.6851340911599162,0.6747374788981675,0.010396612261748706,0.547486033519553,0.5052631578947369,0.04222287562481619,0.4434389140271493,0.4343891402714932,0.009049773755656076,0.49,0.46715328467153283,0.02284671532846716,0.7699256479744285,0.7674813098055565,0.002444338168872018,0.4641844234644762,0.4456504152279024,0.018534008236573807
Logistic Regression,volatility,0.2,8,2619727653774998803,0.8072289156626506,0.7996987951807228,0.0075301204819278045,0.7105380405236933,0.7114536454565149,-0.000915604932821612,0.43859649122807015,0.42524916943521596,0.013347321792854194,0.5656108597285068,0.579185520361991,-0.013574660633484226,0.49407114624505927,0.4904214559386973,0.0036496903063619746,0.7868561641875846,0.7817671992707861,0.005088964916798555,0.5115454699383656,0.5061334231868654,0.005412046751500199
Random Forest,volatility,0.2,8,2619727653774998803,0.8463855421686747,0.8411144578313253,0.005271084337349352,0.6851340911599162,0.6819723928762667,0.003161698283649539,0.547486033519553,0.5268817204301075,0.020604313089445547,0.4434389140271493,0.4434389140271493,0.0,0.49,0.48157248157248156,0.008427518427518432,0.7699256479744285,0.764096841571734,0.005828806402694564,0.4641844234644762,0.4589970443092554,0.005187379155220773
Logistic Regression,volatility,0.2,9,7124902308195736438,0.8072289156626506,0.8012048192771084,0.006024096385542244,0.7105380405236933,0.7141677600788074,-0.0036297195551141526,0.43859649122807015,0.42857142857142855,0.010025062656641603,0.5656108597285068,0.583710407239819,-0.018099547511312264,0.49407114624505927,0.4942528735632184,-0.00018172731815913057,0.7868561641875846,0.7807616688534911,0.006094495334093564,0.5115454699383656,0.5005317206040134,0.011013749334352174
Random Forest,volatility,0.2,9,7124902308195736438,0.8463855421686747,0.8471385542168675,-0.0007530120481927804,0.6851340911599162,0.6837749900877591,0.0013591010721570873,0.547486033519553,0.5511363636363636,-0.003650330116810596,0.4434389140271493,0.43891402714932126,0.004524886877828038,0.49,0.48866498740554154,0.0013350125944584512,0.7699256479744285,0.7711805172350366,-0.001254869260608027,0.4641844234644762,0.45852114779915354,0.0056632756653226535
Logistic Regression,volatility,0.2,10,7046246774869157520,0.8072289156626506,0.7951807228915663,0.012048192771084376,0.7105380405236933,0.7033113015896373,0.0072267389340560095,0.43859649122807015,0.4152823920265781,0.023314099201492078,0.5656108597285068,0.5656108597285068,0.0,0.49407114624505927,0.4789272030651341,0.015143943179925179,0.7868561641875846,0.7777614276896917,0.009094736497892941,0.5115454699383656,0.5016126914709417,0.009932778467423908
Random Forest,volatility,0.2,10,7046246774869157520,0.8463855421686747,0.8381024096385542,0.008283132530120474,0.6851340911599162,0.6729226191206105,0.012211472039305726,0.547486033519553,0.5164835164835165,0.031002517036036514,0.4434389140271493,0.4253393665158371,0.01809954751131221,0.49,0.4665012406947891,0.023498759305210892,0.7699256479744285,0.7609657997032458,0.00895984827118268,0.4641844234644762,0.45519126559299583,0.008993157871480362
Logistic Regression,volatility,0.2,11,11438477934998380246,0.8072289156626506,0.8072289156626506,0.0,0.7105380405236933,0.7141595850347644,-0.0036215445110711064,0.43859649122807015,0.43944636678200694,-0.0008498755539367853,0.5656108597285068,0.5746606334841629,-0.009049773755656076,0.49407114624505927,0.4980392156862745,-0.0039680694412152495,0.7868561641875846,0.7831773943682121,0.0036787698193725404,0.5115454699383656,0.5183619384807554,-0.00681646854238982
Random Forest,volatility,0.2,11,11438477934998380246,0.8463855421686747,0.8403614457831325,0.0060240963855421326,0.6851340911599162,0.6797099494373526,0.005424141722563558,0.547486033519553,0.5243243243243243,0.023161709195228752,0.4434389140271493,0.43891402714932126,0.004524886877828038,0.49,0.47783251231527096,0.012167487684729028,0.7699256479744285,0.7731547903714331,-0.0032291423970045585,0.4641844234644762,0.45799746879538183,0.006186954669094358
Logistic Regression,volatility,0.2,12,16065433493111773469,0.8072289156626506,0.8012048192771084,0.006024096385542244,0.7105380405236933,0.6996815820345232,0.010856458489170051,0.43859649122807015,0.4245614035087719,0.014035087719298234,0.5656108597285068,0.5475113122171946,0.018099547511312153,0.49407114624505927,0.4782608695652174,0.01581027667984186,0.7868561641875846,0.7826664541155215,0.004189710072063146,0.5115454699383656,0.5015344681242951,0.010011001814070442
Random Forest,volatility,0.2,12,16065433493111773469,0.8463855421686747,0.8426204819277109,0.003765060240963791,0.6851340911599162,0.6810649629874881,0.004069128172428105,0.547486033519553,0.532967032967033,0.01451900055252009,0.4434389140271493,0.43891402714932126,0.004524886877828038,0.49,0.4813895781637717,0.008610421836228288,0.7699256479744285,0.7766659717879228,-0.00674032381349432,0.4641844234644762,0.4644694283201757,-0.00028500485569948886
Logistic Regression,volatility,0.2,13,10203596023906365093,0.8072289156626506,0.8004518072289156,0.006777108433735024,0.7105380405236933,0.7100945443843578,0.00044349613933547527,0.43859649122807015,0.4261744966442953,0.012421994583774854,0.5656108597285068,0.5746606334841629,-0.009049773755656076,0.49407114624505927,0.48940269749518306,0.004668448749876208,0.7868561641875846,0.7808270692058353,0.006029094981749306,0.5115454699383656,0.5067522862128278,0.004793183725537831
Random Forest,volatility,0.2,13,10203596023906365093,0.8463855421686747,0.848644578313253,-0.0022590361445783413,0.6851340911599162,0.6901106492211226,-0.004976558061206449,0.547486033519553,0.5555555555555556,-0.00806952203600253,0.4434389140271493,0.45248868778280543,-0.009049773755656132,0.49,0.49875311720698257,-0.008753117206982575,0.7699256479744285,0.763778014854055,0.006147633120373475,0.4641844234644762,0.4689033728034145,-0.004718949338938294
Logistic Regression,volatility,0.2,14,2392350970680205801,0.8072289156626506,0.8072289156626506,0.0,0.7105380405236933,0.7105380405236933,0.0,0.43859649122807015,0.43859649122807015,0.0,0.5656108597285068,0.5656108597285068,0.0,0.49407114624505927,0.49407114624505927,0.0,0.7868561641875846,0.7818898249314319,0.004966339256152752,0.5115454699383656,0.5071196007246461,0.004425869213719458
Random Forest,volatility,0.2,14,2392350970680205801,0.8463855421686747,0.8396084337349398,0.006777108433734913,0.6851340911599162,0.6683936447207609,0.016740446439155288,0.547486033519553,0.5229885057471264,0.02449752777242664,0.4434389140271493,0.4117647058823529,0.03167420814479638,0.49,0.4607594936708861,0.029240506329113902,0.7699256479744285,0.7635491136208495,0.006376534353578989,0.4641844234644762,0.4513931154077314,0.012791308056744777
Logistic Regression,volatility,0.2,15,4453250339823656277,0.8072289156626506,0.8042168674698795,0.003012048192771122,0.7105380405236933,0.7087313557901793,0.0018066847335139746,0.43859649122807015,0.43252595155709345,0.0060705396709767045,0.5656108597285068,0.5656108597285068,0.0,0.49407114624505927,0.49019607843137253,0.003875067813686739,0.7868561641875846,0.7825111282787036,0.004345035908881023,0.5115454699383656,0.5040917229845531,0.007453746953812512
Random Forest,volatility,0.2,15,4453250339823656277,0.8463855421686747,0.8456325301204819,0.0007530120481927804,0.6851340911599162,0.6883039644876087,-0.003169873327692474,0.547486033519553,0.5434782608695652,0.004007772649987862,0.4434389140271493,0.45248868778280543,-0.009049773755656132,0.49,0.49382716049382713,-0.003827160493827142,0.7699256479744285,0.7697703221376105,0.00015532583681798773,0.4641844234644762,0.4659836810840844,-0.0017992576196081966
Logistic Regression,volatility,0.2,16,7132872558572126522,0.8072289156626506,0.8079819277108434,-0.0007530120481927804,0.7105380405236933,0.7146112562181428,-0.004073215694449517,0.43859649122807015,0.4409722222222222,-0.002375730994152059,0.5656108597285068,0.5746606334841629,-0.009049773755656076,0.49407114624505927,0.49901768172888017,-0.004946535483820902,0.7868561641875846,0.7834103831234391,0.0034457810641455033,0.5115454699383656,0.5145124450949385,-0.0029669751565729596
Random Forest,volatility,0.2,16,7132872558572126522,0.8463855421686747,0.8396084337349398,0.006777108433734913,0.6851340911599162,0.6792582782539741,0.005875812905942079,0.547486033519553,0.521505376344086,0.025980657175467048,0.4434389140271493,0.43891402714932126,0.004524886877828038,0.49,0.47665847665847666,0.013341523341523331,0.7699256479744285,0.7572952049279165,0.012630443046512063,0.4641844234644762,0.4540918533546283,0.010092570109847876
Logistic Regression,volatility,0.2,17,11050407235625220376,0.8072289156626506,0.8079819277108434,-0.0007530120481927804,0.7105380405236933,0.7109897117070718,-0.0004516711833785214,0.43859649122807015,0.44014084507042256,-0.0015443538423524084,0.5656108597285068,0.5656108597285068,0.0,0.49407114624505927,0.49504950495049505,-0.0009783587054357779,0.7868561641875846,0.7805654677964576,0.006290696391127004,0.5115454699383656,0.5029724727057034,0.008572997232662138
Random Forest,volatility,0.2,17,11050407235625220376,0.8463855421686747,0.8418674698795181,0.004518072289156572,0.6851340911599162,0.6769917472930386,0.008142343866877622,0.547486033519553,0.5307262569832403,0.016759776536312776,0.4434389140271493,0.4298642533936652,0.013574660633484115,0.49,0.475,0.015000000000000013,0.7699256479744285,0.7636063389291509,0.006319309045277666,0.4641844234644762,0.4494729285692265,0.0147114948952497
Logistic Regression,volatility,0.2,18,9235844339287953021,0.8072289156626506,0.8034638554216867,0.0037650602409639022,0.7105380405236933,0.7028473678401943,0.007690672683498989,0.43859649122807015,0.4295774647887324,0.009019026439337774,0.5656108597285068,0.5520361990950227,0.013574660633484115,0.49407114624505927,0.48316831683168315,0.010902829413376114,0.7868561641875846,0.7869583522381227,-0.00010218805053807678,0.5115454699383656,0.5093127315681824,0.0022327383701832293
Random Forest,volatility,0.2,18,9235844339287953021,0.8463855421686747,0.8373493975903614,0.009036144578313254,0.6851340911599162,0.676092492448303,0.009041598711613141,0.547486033519553,0.5133689839572193,0.034117049562333746,0.4434389140271493,0.4343891402714932,0.009049773755656076,0.49,0.47058823529411764,0.01941176470588235,0.7699256479744285,0.7781006920174782,-0.008175044043049695,0.4641844234644762,0.4667208602957313,-0.0025364368312550956
Logistic Regression,volatility,0.2,19,10111630789120000363,0.8072289156626506,0.8012048192771084,0.006024096385542244,0.7105380405236933,0.7087354433122008,0.0018025972114924516,0.43859649122807015,0.4271186440677966,0.011477847160273558,0.5656108597285068,0.5701357466063348,-0.004524886877828038,0.49407114624505927,0.4883720930232558,0.005699053221803474,0.7868561641875846,0.784718390170327,0.0021377740172576765,0.5115454699383656,0.5083746204441999,0.003170849494165684
Random Forest,volatility,0.2,19,10111630789120000363,0.8463855421686747,0.8433734939759037,0.0030120481927710108,0.6851340911599162,0.6851381786819376,-4.087522021412049e-06,0.547486033519553,0.5351351351351351,0.012350898384417941,0.4434389140271493,0.4479638009049774,-0.004524886877828094,0.49,0.4876847290640394,0.002315270935960567,0.7699256479744285,0.7754887654457239,-0.005563117471295342,0.4641844234644762,0.46263476008249765,0.0015496633819785388
Logistic Regression,volatility,0.2,20,7875218259540020488,0.8072289156626506,0.8057228915662651,0.001506024096385561,0.7105380405236933,0.7096346981569364,0.0009033423667569318,0.43859649122807015,0.4355400696864111,0.003056421541659027,0.5656108597285068,0.5656108597285068,0.0,0.49407114624505927,0.4921259842519685,0.0019451619930907493,0.7868561641875846,0.7838027852375056,0.0030533789500790665,0.5115454699383656,0.5099931419894094,0.0015523279489562114
Random Forest,volatility,0.2,20,7875218259540020488,0.8463855421686747,0.8411144578313253,0.005271084337349352,0.6851340911599162,0.6819723928762667,0.003161698283649539,0.547486033519553,0.5268817204301075,0.020604313089445547,0.4434389140271493,0.4434389140271493,0.0,0.49,0.48157248157248156,0.008427518427518432,0.7699256479744285,0.7728931889620556,-0.002967540987627082,0.4641844234644762,0.46365472912740346,0.0005296943370727281
Logistic Regression,volatility,0.2,21,15612361142454960782,0.8072289156626506,0.8072289156626506,0.0,0.7105380405236933,0.7214026740569065,-0.010864633533213208,0.43859649122807015,0.44107744107744107,-0.002480949849370917,0.5656108597285068,0.5927601809954751,-0.02714932126696834,0.49407114624505927,0.5057915057915058,-0.011720359546446513,0.7868561641875846,0.7836147592245153,0.0032414049630693498,0.5115454699383656,0.5052062611732553,0.0063392087651102935
Random Forest,volatility,0.2,21,15612361142454960782,0.8463855421686747,0.8396084337349398,0.006777108433734913,0.6851340911599162,0.6792582782539741,0.005875812905942079,0.547486033519553,0.521505376344086,0.025980657175467048,0.4434389140271493,0.43891402714932126,0.004524886877828038,0.49,0.47665847665847666,0.013341523341523331,0.7699256479744285,0.7663041034633574,0.0036215445110711064,0.4641844234644762,0.45062484973532363,0.013559573729152563
Logistic Regression,volatility,0.2,22,12114961862827390533,0.8072289156626506,0.8004518072289156,0.006777108433735024,0.7105380405236933,0.7028514553622158,0.007686585161477466,0.43859649122807015,0.4241379310344828,0.014458560193587378,0.5656108597285068,0.5565610859728507,0.009049773755656076,0.49407114624505927,0.48140900195694714,0.012662144288112132,0.7868561641875846,0.7833695079032239,0.003486656284360734,0.5115454699383656,0.5043576216338285,0.007187848304537114
Random Forest,volatility,0.2,22,12114961862827390533,0.8463855421686747,0.8396084337349398,0.006777108433734913,0.6851340911599162,0.6792582782539741,0.005875812905942079,0.547486033519553,0.521505376344086,0.025980657175467048,0.4434389140271493,0.43891402714932126,0.004524886877828038,0.49,0.47665847665847666,0.013341523341523331,0.7699256479744285,0.771090591750563,-0.0011649437761345194,0.4641844234644762,0.46815955052808284,-0.003975127063606643
Logistic Regression,volatility,0.2,23,835629032404272980,0.8072289156626506,0.8102409638554217,-0.0030120481927710108,0.7105380405236933,0.7087231807461363,0.0018148597775570208,0.43859649122807015,0.44404332129963897,-0.00544683007156882,0.5656108597285068,0.5565610859728507,0.009049773755656076,0.49407114624505927,0.4939759036144578,9.524263060145532e-05,0.7868561641875846,0.7867825887911971,7.35753963875263e-05,0.5115454699383656,0.5129364351229349,-0.0013909651845692705
Random Forest,volatility,0.2,23,835629032404272980,0.8463855421686747,0.8441265060240963,0.0022590361445783413,0.6851340911599162,0.6874006221208516,-0.002266530960935431,0.547486033519553,0.5376344086021505,0.009851624917402546,0.4434389140271493,0.45248868778280543,-0.009049773755656132,0.49,0.4914004914004914,-0.0014004914004914215,0.7699256479744285,0.7667659934517898,0.0031596545226387773,0.4641844234644762,0.46337023404882205,0.0008141894156541429
Logistic Regression,volatility,0.2,24,12451878736576197077,0.8072289156626506,0.802710843373494,0.004518072289156683,0.7105380405236933,0.7114495579344933,-0.0009115174107999779,0.43859649122807015,0.43050847457627117,0.00808801665179898,0.5656108597285068,0.5746606334841629,-0.009049773755656076,0.49407114624505927,0.49224806201550386,0.001823084229555405,0.7868561641875846,0.7844527012389279,0.002403462948656787,0.5115454699383656,0.5120837466428844,-0.0005382767045187808
Random Forest,volatility,0.2,24,12451878736576197077,0.8463855421686747,0.8365963855421686,0.009789156626506035,0.6851340911599162,0.6774515935204601,0.007682497639456054,0.547486033519553,0.5105263157894737,0.03695971773007933,0.4434389140271493,0.43891402714932126,0.004524886877828038,0.49,0.4720194647201946,0.017980535279805365,0.7699256479744285,0.7670725576034041,0.002853090371024436,0.4641844234644762,0.45564058259510903,0.008543840869367159
Logistic Regression,volatility,0.2,25,16601803532896462661,0.8072289156626506,0.8004518072289156,0.006777108433735024,0.7105380405236933,0.7119053166398934,-0.0013672761162001335,0.43859649122807015,0.4266666666666667,0.011929824561403457,0.5656108597285068,0.579185520361991,-0.013574660633484226,0.49407114624505927,0.491362763915547,0.00270838232951226,0.7868561641875846,0.7775488765445724,0.009307287643012252,0.5115454699383656,0.5011331472327525,0.010412322705613097
Random Forest,volatility,0.2,25,16601803532896462661,0.8463855421686747,0.848644578313253,-0.0022590361445783413,0.6851340911599162,0.6937321937321937,-0.008598102572277555,0.547486033519553,0.5543478260869565,-0.006861792567403491,0.4434389140271493,0.46153846153846156,-0.018099547511312264,0.49,0.5037037037037037,-0.013703703703703662,0.7699256479744285,0.7654947741030955,0.004430873871333008,0.4641844234644762,0.4562045809086917,0.007979842555784489
Logistic Regression,volatility,0.2,26,14086553230983123560,0.8072289156626506,0.8087349397590361,-0.0015060240963854499,0.7105380405236933,0.7168736996570569,-0.006335659133363647,0.43859649122807015,0.4429065743944637,-0.00431008316639353,0.5656108597285068,0.579185520361991,-0.013574660633484226,0.49407114624505927,0.5019607843137255,-0.007889638068666216,0.7868561641875846,0.7868275515334339,2.861265415077252e-05,0.5115454699383656,0.5143528478187601,-0.002807377880394535
Random Forest,volatility,0.2,26,14086553230983123560,0.8463855421686747,0.8463855421686747,0.0,0.6851340911599162,0.6905664079265227,-0.005432316766606493,0.547486033519553,0.5459459459459459,0.0015400875736071296,0.4434389140271493,0.45701357466063347,-0.01357466063348417,0.49,0.4975369458128079,-0.007536945812807894,0.7699256479744285,0.7730485147988735,-0.0031228668244449587,0.4641844234644762,0.47015943361478996,-0.005975010150313764
Logistic Regression,volatility,0.2,27,943302162096406230,0.8072289156626506,0.8057228915662651,0.001506024096385561,0.7105380405236933,0.7132562426680074,-0.0027182021443140636,0.43859649122807015,0.436426116838488,0.0021703743895821748,0.5656108597285068,0.5746606334841629,-0.009049773755656076,0.49407114624505927,0.49609375,-0.0020226037549407327,0.7868561641875846,0.7810600579610623,0.0057961062265223795,0.5115454699383656,0.5032445146805042,0.008300955257861342
Random Forest,volatility,0.2,27,943302162096406230,0.8463855421686747,0.8358433734939759,0.010542168674698815,0.6851340911599162,0.671567605570475,0.01356648558944118,0.547486033519553,0.5081081081081081,0.039377925411444914,0.4434389140271493,0.4253393665158371,0.01809954751131221,0.49,0.4630541871921182,0.026945812807881775,0.7699256479744285,0.7690386556957576,0.0008869922786709505,0.4641844234644762,0.4622012498834037,0.0019831735810724727
Logistic Regression,volatility,0.2,28,913029991052397751,0.8072289156626506,0.8034638554216867,0.0037650602409639022,0.7105380405236933,0.7155227736289429,-0.004984733105249606,0.43859649122807015,0.43288590604026844,0.005710585187801709,0.5656108597285068,0.583710407239819,-0.018099547511312264,0.49407114624505927,0.49710982658959535,-0.003038680344536082,0.7868561641875846,0.7876818436359325,-0.0008256794483478824,0.5115454699383656,0.5047944676849566,0.006751002253408966
Random Forest,volatility,0.2,28,913029991052397751,0.8463855421686747,0.8396084337349398,0.006777108433734913,0.6851340911599162,0.6828798227650451,0.002254268394871084,0.547486033519553,0.5210526315789473,0.026433401940605727,0.4434389140271493,0.4479638009049774,-0.004524886877828094,0.49,0.48175182481751827,0.00824817518248172,0.7699256479744285,0.7674159094532123,0.002509738521216276,0.4641844234644762,0.46251693216052536,0.00166749130395083
Logistic Regression,volatility,0.2,29,17599796135414062034,0.8072289156626506,0.8079819277108434,-0.0007530120481927804,0.7105380405236933,0.7146112562181428,-0.004073215694449517,0.43859649122807015,0.4409722222222222,-0.002375730994152059,0.5656108597285068,0.5746606334841629,-0.009049773755656076,0.49407114624505927,0.49901768172888017,-0.004946535483820902,0.7868561641875846,0.783246882242578,0.0036092819450066482,0.5115454699383656,0.5041404549528947,0.007405014985470859
Random Forest,volatility,0.2,29,17599796135414062034,0.8463855421686747,0.8433734939759037,0.0030120481927710108,0.6851340911599162,0.6869489509374732,-0.0018148597775570208,0.547486033519553,0.5347593582887701,0.012726675230782969,0.4434389140271493,0.45248868778280543,-0.009049773755656132,0.49,0.49019607843137253,-0.00019607843137253722,0.7699256479744285,0.7710006662660895,-0.0010750182916610118,0.4641844234644762,0.4639939492227327,0.00019047424174351013
Logistic Regression,volatility,0.5,0,4403315607470722618,0.8072289156626506,0.7808734939759037,0.026355421686746983,0.7105380405236933,0.7001618658720524,0.010376174651640868,0.43859649122807015,0.39263803680981596,0.04595845441825419,0.5656108597285068,0.579185520361991,-0.013574660633484226,0.49407114624505927,0.4680073126142596,0.02606383363079967,0.7868561641875846,0.7785094442196308,0.008346719967953886,0.5115454699383656,0.48955982606657167,0.021985643871793914
Random Forest,volatility,0.5,0,4403315607470722618,0.8463855421686747,0.8268072289156626,0.01957831325301207,0.6851340911599162,0.6643367791143975,0.020797312045518712,0.547486033519553,0.47692307692307695,0.0705629565964761,0.4434389140271493,0.42081447963800905,0.022624434389140247,0.49,0.44711538461538464,0.042884615384615354,0.7699256479744285,0.7681598384611297,0.001765809513298855,0.4641844234644762,0.44413607072702105,0.020048352737455144
Logistic Regression,volatility,0.5,1,4422343840185264462,0.8072289156626506,0.795933734939759,0.011295180722891596,0.7105380405236933,0.7091952895396224,0.001342750984070884,0.43859649122807015,0.41830065359477125,0.020295837633298897,0.5656108597285068,0.579185520361991,-0.013574660633484226,0.49407114624505927,0.4857685009487666,0.008302645296292654,0.7868561641875846,0.7687934043744661,0.018062759813118556,0.5115454699383656,0.49626076954184617,0.015284700396519413
Random Forest,volatility,0.5,1,4422343840185264462,0.8463855421686747,0.8426204819277109,0.003765060240963791,0.6851340911599162,0.6810649629874881,0.004069128172428105,0.547486033519553,0.532967032967033,0.01451900055252009,0.4434389140271493,0.43891402714932126,0.004524886877828038,0.49,0.4813895781637717,0.008610421836228288,0.7699256479744285,0.7652127350836103,0.0047129128908182105,0.4641844234644762,0.47131515798863266,-0.007130734524156468
Logistic Regression,volatility,0.5,2,13341635351257434827,0.8072289156626506,0.786144578313253,0.02108433734939763,0.7105380405236933,0.7087558809223085,0.0017821596013848362,0.43859649122807015,0.40307692307692305,0.035519568151147096,0.5656108597285068,0.5927601809954751,-0.02714932126696834,0.49407114624505927,0.47985347985347987,0.014217666391579398,0.7868561641875846,0.7629523354057071,0.02390382878187758,0.5115454699383656,0.4771442189975165,0.03440125094084906
Random Forest,volatility,0.5,2,13341635351257434827,0.8463855421686747,0.8275602409638554,0.01882530120481929,0.6851340911599162,0.6593561335311694,0.025777957628746795,0.547486033519553,0.4787234042553192,0.06876262926423388,0.4434389140271493,0.4072398190045249,0.03619909502262442,0.49,0.4400977995110024,0.04990220048899757,0.7699256479744285,0.7508042199577352,0.019121428016693365,0.4641844234644762,0.4381024416291872,0.02608198183528898
Logistic Regression,volatility,0.5,3,7528400031715895064,0.8072289156626506,0.7793674698795181,0.027861445783132543,0.7105380405236933,0.6938262067386888,0.016711833785004515,0.43859649122807015,0.38819875776397517,0.050397733464094985,0.5656108597285068,0.5656108597285068,0.0,0.49407114624505927,0.4604051565377532,0.033665989707306054,0.7868561641875846,0.7692512068408769,0.01760495734670775,0.5115454699383656,0.4928767661744947,0.018668703763870864
Random Forest,volatility,0.5,3,7528400031715895064,0.8463855421686747,0.8396084337349398,0.006777108433734913,0.6851340911599162,0.6865013672761162,-0.0013672761162000224,0.547486033519553,0.520618556701031,0.026867476818522085,0.4434389140271493,0.45701357466063347,-0.01357466063348417,0.49,0.4867469879518072,0.0032530120481927827,0.7699256479744285,0.7523656533699575,0.017559994604470996,0.4641844234644762,0.4631809791757534,0.001003444288722788
Logistic Regression,volatility,0.5,4,6257492369385252303,0.8072289156626506,0.7801204819277109,0.027108433734939763,0.7105380405236933,0.6960886501776028,0.014449390346090496,0.43859649122807015,0.39009287925696595,0.0485036119711042,0.5656108597285068,0.5701357466063348,-0.004524886877828038,0.49407114624505927,0.4632352941176471,0.03083585212741219,0.7868561641875846,0.76271934665048,0.024136817537104616,0.5115454699383656,0.4832877493354837,0.028257720602881897
Random Forest,volatility,0.5,4,6257492369385252303,0.8463855421686747,0.8328313253012049,0.013554216867469826,0.6851340911599162,0.6643286040703544,0.02080548708956176,0.547486033519553,0.4972677595628415,0.05021827395671152,0.4434389140271493,0.4117647058823529,0.03167420814479638,0.49,0.4504950495049505,0.039504950495049485,0.7699256479744285,0.7525046291186893,0.017421018855739212,0.4641844234644762,0.4417490920235753,0.022435331440900874
Logistic Regression,volatility,0.5,5,11543468997747208516,0.8072289156626506,0.7688253012048193,0.03840361445783136,0.7105380405236933,0.7001782159601384,0.010359824563554887,0.43859649122807015,0.37714285714285717,0.06145363408521298,0.5656108597285068,0.5972850678733032,-0.03167420814479638,0.49407114624505927,0.46234676007005254,0.031724386175006725,0.7868561641875846,0.7693166071932214,0.01753955699436327,0.5115454699383656,0.4881374282113393,0.023408041727026263
Random Forest,volatility,0.5,5,11543468997747208516,0.8463855421686747,0.8268072289156626,0.01957831325301207,0.6851340911599162,0.6697690958810041,0.015364995278912108,0.547486033519553,0.47761194029850745,0.0698740932210456,0.4434389140271493,0.4343891402714932,0.009049773755656076,0.49,0.4549763033175355,0.03502369668246447,0.7699256479744285,0.7629605104497501,0.006965137524678422,0.4641844234644762,0.44098067089407234,0.023203752570403857
Logistic Regression,volatility,0.5,6,8688835574202550876,0.8072289156626506,0.7725903614457831,0.03463855421686757,0.7105380405236933,0.6879503938327467,0.022587646690946594,0.43859649122807015,0.3768996960486322,0.061696795179437935,0.5656108597285068,0.5610859728506787,0.004524886877828038,0.49407114624505927,0.4509090909090909,0.04316205533596834,0.7868561641875846,0.7568987152918286,0.029957448895756023,0.5115454699383656,0.4807039670819291,0.030841502856436498
Random Forest,volatility,0.5,6,8688835574202550876,0.8463855421686747,0.829066265060241,0.017319277108433728,0.6851340911599162,0.6729348816866751,0.012199209473241046,0.547486033519553,0.485,0.062486033519553064,0.4434389140271493,0.43891402714932126,0.004524886877828038,0.49,0.46080760095011875,0.029192399049881246,0.7699256479744285,0.7527784930941315,0.017147154880297055,0.4641844234644762,0.4340862378740957,0.030098185590380466
Logistic Regression,volatility,0.5,7,3170869069211318034,0.8072289156626506,0.7823795180722891,0.024849397590361533,0.7105380405236933,0.6992544359832739,0.011283604540419434,0.43859649122807015,0.3944099378881988,0.04418655333987137,0.5656108597285068,0.5746606334841629,-0.009049773755656076,0.49407114624505927,0.4677716390423573,0.026299507202701966,0.7868561641875846,0.7658544760409897,0.021001688146594977,0.5115454699383656,0.4575646585246894,0.053980811413676166
Random Forest,volatility,0.5,7,3170869069211318034,0.8463855421686747,0.8237951807228916,0.02259036144578308,0.6851340911599162,0.6552870053587414,0.02984708580117479,0.547486033519553,0.46596858638743455,0.0815174471321185,0.4434389140271493,0.40271493212669685,0.040723981900452455,0.49,0.4320388349514563,0.057961165048543706,0.7699256479744285,0.7547282410983989,0.015197406876029662,0.4641844234644762,0.41882901138233913,0.04535541208213706
Logistic Regression,volatility,0.5,8,6977630382254435162,0.8072289156626506,0.7823795180722891,0.024849397590361533,0.7105380405236933,0.702875980494345,0.007662060029348328,0.43859649122807015,0.39570552147239263,0.04289096975567752,0.5656108597285068,0.583710407239819,-0.018099547511312264,0.49407114624505927,0.4716636197440585,0.022407526501000752,0.7868561641875846,0.7638025399861841,0.023053624201400558,0.5115454699383656,0.47686044033303426,0.03468502960533132
Random Forest,volatility,0.5,8,6977630382254435162,0.8463855421686747,0.8283132530120482,0.01807228915662651,0.6851340911599162,0.6634293492256189,0.021704741934297278,0.547486033519553,0.4816753926701571,0.06581064084939597,0.4434389140271493,0.416289592760181,0.027149321266968285,0.49,0.44660194174757284,0.04339805825242715,0.7699256479744285,0.7547241535763775,0.015201494398051074,0.4641844234644762,0.4435814400208288,0.020602983443647416
Logistic Regression,volatility,0.5,9,7332907130870977976,0.8072289156626506,0.7793674698795181,0.027861445783132543,0.7105380405236933,0.7065016125274375,0.004036427996255809,0.43859649122807015,0.39285714285714285,0.0457393483709273,0.5656108597285068,0.5972850678733032,-0.03167420814479638,0.49407114624505927,0.473967684021544,0.020103462223515278,0.7868561641875846,0.760483472104706,0.026372692082878624,0.5115454699383656,0.4691482544435716,0.04239721549479397
Random Forest,volatility,0.5,9,7332907130870977976,0.8463855421686747,0.838855421686747,0.0075301204819276935,0.6851340911599162,0.6788066070705956,0.006327484089320601,0.547486033519553,0.5187165775401069,0.028769455979446135,0.4434389140271493,0.43891402714932126,0.004524886877828038,0.49,0.47549019607843135,0.014509803921568643,0.7699256479744285,0.7496801514018158,0.020245496572612764,0.4641844234644762,0.44317535038978007,0.021009073074696127
Logistic Regression,volatility,0.5,10,5976437048622811297,0.8072289156626506,0.7695783132530121,0.03765060240963858,0.7105380405236933,0.6843329368436972,0.026205103679996067,0.43859649122807015,0.3716012084592145,0.06699528276885564,0.5656108597285068,0.5565610859728507,0.009049773755656076,0.49407114624505927,0.44565217391304346,0.04841897233201581,0.7868561641875846,0.7547118910103128,0.032144273177271865,0.5115454699383656,0.47245785881123464,0.03908761112713094
Random Forest,volatility,0.5,10,5976437048622811297,0.8463855421686747,0.8313253012048193,0.015060240963855387,0.6851340911599162,0.6634252617035974,0.0217088294563188,0.547486033519553,0.4918918918918919,0.05559414162766113,0.4434389140271493,0.4117647058823529,0.03167420814479638,0.49,0.4482758620689655,0.041724137931034466,0.7699256479744285,0.7518342755071594,0.018091372467269107,0.4641844234644762,0.4341444745845615,0.03003994887991468
Logistic Regression,volatility,0.5,11,3881740164535705519,0.8072289156626506,0.7929216867469879,0.014307228915662717,0.7105380405236933,0.7037670602950373,0.006770980228655965,0.43859649122807015,0.4117647058823529,0.02683178534571723,0.5656108597285068,0.5701357466063348,-0.004524886877828038,0.49407114624505927,0.4781783681214421,0.01589277812361717,0.7868561641875846,0.7679718124481394,0.01888435173944525,0.5115454699383656,0.506987878371238,0.004557591567127539
Random Forest,volatility,0.5,11,3881740164535705519,0.8463855421686747,0.8381024096385542,0.008283132530120474,0.6851340911599162,0.6783549358872171,0.006779155272699122,0.547486033519553,0.5159574468085106,0.03152858671104242,0.4434389140271493,0.43891402714932126,0.004524886877828038,0.49,0.4743276283618582,0.01567237163814178,0.7699256479744285,0.7538044611215343,0.01612118685289421,0.4641844234644762,0.44871384249007007,0.015470580974406123
Logistic Regression,volatility,0.5,12,2476729791392468836,0.8072289156626506,0.7816265060240963,0.025602409638554313,0.7105380405236933,0.6915596757777532,0.018978364745940057,0.43859649122807015,0.3904761904761905,0.048120300751879674,0.5656108597285068,0.5565610859728507,0.009049773755656076,0.49407114624505927,0.458955223880597,0.03511592236446226,0.7868561641875846,0.7659771017016355,0.020879062485949174,0.5115454699383656,0.4756699644476672,0.0358755054906984
Random Forest,volatility,0.5,12,2476729791392468836,0.8463855421686747,0.8298192771084337,0.016566265060240948,0.6851340911599162,0.664332691592376,0.020801399567540235,0.547486033519553,0.48677248677248675,0.060713546747066305,0.4434389140271493,0.416289592760181,0.027149321266968285,0.49,0.44878048780487806,0.04121951219512193,0.7699256479744285,0.7538739489959001,0.016051698978528428,0.4641844234644762,0.4379273278281289,0.026257095636347316
Logistic Regression,volatility,0.5,13,13460445315680057204,0.8072289156626506,0.7748493975903614,0.032379518072289226,0.7105380405236933,0.7037915854271665,0.006746455096526827,0.43859649122807015,0.38596491228070173,0.05263157894736842,0.5656108597285068,0.5972850678733032,-0.03167420814479638,0.49407114624505927,0.4689165186500888,0.025154627594970447,0.7868561641875846,0.7627683969147383,0.02408776727284634,0.5115454699383656,0.4788914087579216,0.032654061180444005
Random Forest,volatility,0.5,13,13460445315680057204,0.8463855421686747,0.8313253012048193,0.015060240963855387,0.6851340911599162,0.668857578470204,0.016276512689712197,0.547486033519553,0.49214659685863876,0.05533943666091429,0.4434389140271493,0.4253393665158371,0.01809954751131221,0.49,0.4563106796116505,0.033689320388349486,0.7699256479744285,0.7457029924748719,0.0242226554995566,0.4641844234644762,0.43894194119010244,0.025242482274373756
Logistic Regression,volatility,0.5,14,8517692844498215517,0.8072289156626506,0.7838855421686747,0.023343373493975972,0.7105380405236933,0.6911039170723532,0.019434123451340102,0.43859649122807015,0.3935483870967742,0.04504810413129595,0.5656108597285068,0.5520361990950227,0.013574660633484115,0.49407114624505927,0.4595103578154426,0.034560788429616685,0.7868561641875846,0.7625681083356837,0.02428805585190097,0.5115454699383656,0.48105443062379694,0.030491039314568646
Random Forest,volatility,0.5,14,8517692844498215517,0.8463855421686747,0.8268072289156626,0.01957831325301207,0.6851340911599162,0.6607152346033265,0.024418856556589708,0.547486033519553,0.47643979057591623,0.07104624294363682,0.4434389140271493,0.4117647058823529,0.03167420814479638,0.49,0.441747572815534,0.048252427184465985,0.7699256479744285,0.7469742118235662,0.02295143615086237,0.4641844234644762,0.4332914100050425,0.030893013459433682
Logistic Regression,volatility,0.5,15,4851162413466542229,0.8072289156626506,0.7853915662650602,0.02183734939759041,0.7105380405236933,0.7028718929723234,0.007666147551369851,0.43859649122807015,0.4,0.03859649122807013,0.5656108597285068,0.579185520361991,-0.013574660633484226,0.49407114624505927,0.4731977818853974,0.02087336435966186,0.7868561641875846,0.7645505565161231,0.022305607671461503,0.5115454699383656,0.4760646594110519,0.035480810527313666
Random Forest,volatility,0.5,15,4851162413466542229,0.8463855421686747,0.8441265060240963,0.0022590361445783413,0.6851340911599162,0.6819683053542451,0.003165785805671062,0.547486033519553,0.5388888888888889,0.008597144630664189,0.4434389140271493,0.43891402714932126,0.004524886877828038,0.49,0.4837905236907731,0.006209476309226913,0.7699256479744285,0.7545770027836024,0.015348645190826127,0.4641844234644762,0.4545230793120961,0.00966134415238007
Logistic Regression,volatility,0.5,16,2142340269903797229,0.8072289156626506,0.7853915662650602,0.02183734939759041,0.7105380405236933,0.7028718929723234,0.007666147551369851,0.43859649122807015,0.4,0.03859649122807013,0.5656108597285068,0.579185520361991,-0.013574660633484226,0.49407114624505927,0.4731977818853974,0.02087336435966186,0.7868561641875846,0.7694433203758886,0.017412843811696055,0.5115454699383656,0.4977748208668691,0.013770649071496499
Random Forest,volatility,0.5,16,2142340269903797229,0.8463855421686747,0.8411144578313253,0.005271084337349352,0.6851340911599162,0.6819723928762667,0.003161698283649539,0.547486033519553,0.5268817204301075,0.020604313089445547,0.4434389140271493,0.4434389140271493,0.0,0.49,0.48157248157248156,0.008427518427518432,0.7699256479744285,0.7490179728343287,0.020907675140099835,0.4641844234644762,0.4522461397072984,0.011938283757177814
Logistic Regression,volatility,0.5,17,8826159982270230241,0.8072289156626506,0.7786144578313253,0.028614457831325324,0.7105380405236933,0.6915637632997748,0.018974277223918534,0.43859649122807015,0.3862928348909657,0.05230365633710443,0.5656108597285068,0.5610859728506787,0.004524886877828038,0.49407114624505927,0.4575645756457565,0.03650657059930279,0.7868561641875846,0.7600828949465965,0.026773269240988107,0.5115454699383656,0.4737049213263181,0.0378405486120475
Random Forest,volatility,0.5,17,8826159982270230241,0.8463855421686747,0.8253012048192772,0.02108433734939752,0.6851340911599162,0.6616226644921049,0.023511426667811253,0.547486033519553,0.4717948717948718,0.07569116172468127,0.4434389140271493,0.416289592760181,0.027149321266968285,0.49,0.4423076923076923,0.0476923076923077,0.7699256479744285,0.7438309073890135,0.026094740585415055,0.4641844234644762,0.4289363265894323,0.03524809687504388
Logistic Regression,volatility,0.5,18,15919156669377997337,0.8072289156626506,0.7929216867469879,0.014307228915662717,0.7105380405236933,0.716442466083786,-0.005904425560092741,0.43859649122807015,0.415625,0.02297149122807013,0.5656108597285068,0.6018099547511312,-0.03619909502262442,0.49407114624505927,0.49168207024029575,0.002389076004763513,0.7868561641875846,0.7749205998847318,0.011935564302852808,0.5115454699383656,0.4791690695787192,0.032376400359646396
Random Forest,volatility,0.5,18,15919156669377997337,0.8463855421686747,0.838855421686747,0.0075301204819276935,0.6851340911599162,0.6715635180484535,0.013570573111462703,0.547486033519553,0.5195530726256983,0.027932960893854775,0.4434389140271493,0.42081447963800905,0.022624434389140247,0.49,0.465,0.024999999999999967,0.7699256479744285,0.7658790011731189,0.004046646801309617,0.4641844234644762,0.44732258539890735,0.016861838065568846
Logistic Regression,volatility,0.5,19,10437832983670547531,0.8072289156626506,0.7868975903614458,0.02033132530120485,0.7105380405236933,0.7037752353390805,0.006762805184612808,0.43859649122807015,0.4025157232704403,0.03608076795762988,0.5656108597285068,0.579185520361991,-0.013574660633484226,0.49407114624505927,0.4749536178107607,0.019117528434298592,0.7868561641875846,0.7697212718733522,0.017134892314232486,0.5115454699383656,0.48254882469735777,0.028996645241007812
Random Forest,volatility,0.5,19,10437832983670547531,0.8463855421686747,0.8358433734939759,0.010542168674698815,0.6851340911599162,0.6751891500815461,0.009944941078370073,0.547486033519553,0.5079365079365079,0.03954952558304514,0.4434389140271493,0.4343891402714932,0.009049773755656076,0.49,0.4682926829268293,0.021707317073170695,0.7699256479744285,0.7572543297077013,0.012671318266727183,0.4641844234644762,0.44008456035717236,0.02409986310730383
Logistic Regression,volatility,0.5,20,5774096906831193523,0.8072289156626506,0.7846385542168675,0.02259036144578319,0.7105380405236933,0.706041766300016,0.004496274223677266,0.43859649122807015,0.4,0.03859649122807013,0.5656108597285068,0.5882352941176471,-0.022624434389140302,0.49407114624505927,0.47619047619047616,0.017880670054583103,0.7868561641875846,0.7693574824134365,0.01749868177414815,0.5115454699383656,0.48613664983883365,0.025408820099531937
Random Forest,volatility,0.5,20,5774096906831193523,0.8463855421686747,0.8268072289156626,0.01957831325301207,0.6851340911599162,0.6643367791143975,0.020797312045518712,0.547486033519553,0.47692307692307695,0.0705629565964761,0.4434389140271493,0.42081447963800905,0.022624434389140247,0.49,0.44711538461538464,0.042884615384615354,0.7699256479744285,0.7514541359591574,0.018471512015271085,0.4641844234644762,0.428959453274831,0.03522497018964521
Logistic Regression,volatility,0.5,21,16555585316113729478,0.8072289156626506,0.7914156626506024,0.01581325301204828,0.7105380405236933,0.715539123717029,-0.005001083193335698,0.43859649122807015,0.41304347826086957,0.025553012967200583,0.5656108597285068,0.6018099547511312,-0.03619909502262442,0.49407114624505927,0.48987108655616945,0.004200059688889812,0.7868561641875846,0.7666474553131655,0.020208708874419168,0.5115454699383656,0.47828616065682933,0.03325930928153625
Random Forest,volatility,0.5,21,16555585316113729478,0.8463855421686747,0.8305722891566265,0.015813253012048167,0.6851340911599162,0.6756489963089676,0.009485094850948617,0.547486033519553,0.49,0.05748603351955306,0.4434389140271493,0.4434389140271493,0.0,0.49,0.4655581947743468,0.0244418052256532,0.7699256479744285,0.7502646670508937,0.019660980923534854,0.4641844234644762,0.4309245952327246,0.03325982823175161
Logistic Regression,volatility,0.5,22,14885722785592510943,0.8072289156626506,0.7801204819277109,0.027108433734939763,0.7105380405236933,0.6942778779220673,0.016260162601625994,0.43859649122807015,0.3894080996884735,0.04918839153959664,0.5656108597285068,0.5656108597285068,0.0,0.49407114624505927,0.4612546125461255,0.03281653369893378,0.7868561641875846,0.7684050897824212,0.01845107440516347,0.5115454699383656,0.4824521142285426,0.029093355709822966
Random Forest,volatility,0.5,22,14885722785592510943,0.8463855421686747,0.8260542168674698,0.02033132530120485,0.6851340911599162,0.6675066524420901,0.017627438717826127,0.547486033519553,0.475,0.07248603351955307,0.4434389140271493,0.4298642533936652,0.013574660633484115,0.49,0.4513064133016627,0.03869358669833728,0.7699256479744285,0.7636267765392586,0.006298871435169939,0.4641844234644762,0.45062415728093114,0.013560266183545056
Logistic Regression,volatility,0.5,23,16863351403811384435,0.8072289156626506,0.7853915662650602,0.02183734939759041,0.7105380405236933,0.7010611207167878,0.00947691980690546,0.43859649122807015,0.39937106918238996,0.03922542204568019,0.5656108597285068,0.5746606334841629,-0.009049773755656076,0.49407114624505927,0.4712430426716141,0.02282810357344517,0.7868561641875846,0.7733387288624016,0.013517435325183014,0.5115454699383656,0.49163026772196583,0.019915202216399752
Random Forest,volatility,0.5,23,16863351403811384435,0.8463855421686747,0.8313253012048193,0.015060240963855387,0.6851340911599162,0.6670468062146685,0.018087284945247695,0.547486033519553,0.49206349206349204,0.055422541456061014,0.4434389140271493,0.42081447963800905,0.022624434389140247,0.49,0.45365853658536587,0.03634146341463412,0.7699256479744285,0.7530850572457458,0.016840590728682714,0.4641844234644762,0.44489950958421315,0.019284913880263044
Logistic Regression,volatility,0.5,24,14244855175337187898,0.8072289156626506,0.7914156626506024,0.01581325301204828,0.7105380405236933,0.715539123717029,-0.005001083193335698,0.43859649122807015,0.41304347826086957,0.025553012967200583,0.5656108597285068,0.6018099547511312,-0.03619909502262442,0.49407114624505927,0.48987108655616945,0.004200059688889812,0.7868561641875846,0.7701341115975261,0.016722052590058545,0.5115454699383656,0.5018163522153891,0.009729117722976466
Random Forest,volatility,0.5,24,14244855175337187898,0.8463855421686747,0.8298192771084337,0.016566265060240948,0.6851340911599162,0.6697650083589826,0.015369082800933631,0.547486033519553,0.48717948717948717,0.06030654634006588,0.4434389140271493,0.4298642533936652,0.013574660633484115,0.49,0.4567307692307692,0.03326923076923077,0.7699256479744285,0.7490261478783717,0.02089950009605679,0.4641844234644762,0.4423063299914139,0.0218780934730623
Logistic Regression,volatility,0.5,25,8395900268630616224,0.8072289156626506,0.776355421686747,0.030873493975903665,0.7105380405236933,0.6956410665162458,0.014896974007447494,0.43859649122807015,0.38484848484848483,0.05374800637958532,0.5656108597285068,0.5746606334841629,-0.009049773755656076,0.49407114624505927,0.46098003629764067,0.033091109947418595,0.7868561641875846,0.7548099915388294,0.0320461726487552,0.5115454699383656,0.46955463718349555,0.04199083275487003
Random Forest,volatility,0.5,25,8395900268630616224,0.8463855421686747,0.829066265060241,0.017319277108433728,0.6851340911599162,0.6711241094311395,0.014009981728776655,0.547486033519553,0.48484848484848486,0.06263754867106819,0.4434389140271493,0.4343891402714932,0.009049773755656076,0.49,0.45823389021479716,0.031766109785202834,0.7699256479744285,0.7438309073890135,0.026094740585415055,0.4641844234644762,0.42459406028261193,0.03959036318186426
Logistic Regression,volatility,0.5,26,8316696656370185863,0.8072289156626506,0.7944277108433735,0.012801204819277157,0.7105380405236933,0.7119134916839365,-0.0013754511602431796,0.43859649122807015,0.4166666666666667,0.021929824561403466,0.5656108597285068,0.5882352941176471,-0.022624434389140302,0.49407114624505927,0.4878048780487805,0.00626626819627879,0.7868561641875846,0.7744178346760844,0.012438329511500257,0.5115454699383656,0.4982919958671427,0.013253474071222904
Random Forest,volatility,0.5,26,8316696656370185863,0.8463855421686747,0.8350903614457831,0.011295180722891596,0.6851340911599162,0.6819805679203097,0.0031535232396064927,0.547486033519553,0.5050505050505051,0.04243552846904797,0.4434389140271493,0.45248868778280543,-0.009049773755656132,0.49,0.477326968973747,0.012673031026253001,0.7699256479744285,0.7627765719587815,0.007149076015647071,0.4641844234644762,0.4562143013809458,0.007970122083530373
Logistic Regression,volatility,0.5,27,14653694107116375180,0.8072289156626506,0.7725903614457831,0.03463855421686757,0.7105380405236933,0.6843288493216757,0.02620919120201759,0.43859649122807015,0.37538461538461537,0.06321187584345478,0.5656108597285068,0.5520361990950227,0.013574660633484115,0.49407114624505927,0.4468864468864469,0.04718469935861236,0.7868561641875846,0.7624127824988658,0.024443381688718846,0.5115454699383656,0.4738339647363759,0.03771150520198968
Random Forest,volatility,0.5,27,14653694107116375180,0.8463855421686747,0.8335843373493976,0.012801204819277046,0.6851340911599162,0.6828879978090882,0.002246093350828038,0.547486033519553,0.5,0.04748603351955305,0.4434389140271493,0.45701357466063347,-0.01357466063348417,0.49,0.47754137115839246,0.012458628841607533,0.7699256479744285,0.7474892395982783,0.02243640837615024,0.4641844234644762,0.4406713412300233,0.02351308223445292
Logistic Regression,volatility,0.5,28,10671459558135366723,0.8072289156626506,0.7884036144578314,0.01882530120481929,0.7105380405236933,0.7083001222169085,0.0022379183067847697,0.43859649122807015,0.40625,0.03234649122807015,0.5656108597285068,0.5882352941176471,-0.022624434389140302,0.49407114624505927,0.4805914972273567,0.013479649017702544,0.7868561641875846,0.7762040817994907,0.010652082388093898,0.5115454699383656,0.48049378313827684,0.03105168680008874
Random Forest,volatility,0.5,28,10671459558135366723,0.8463855421686747,0.8305722891566265,0.015813253012048167,0.6851340911599162,0.6774597685645032,0.007674322595413008,0.547486033519553,0.4900990099009901,0.05738702361856296,0.4434389140271493,0.4479638009049774,-0.004524886877828094,0.49,0.46808510638297873,0.021914893617021258,0.7699256479744285,0.7537104481150393,0.01621519985938924,0.4641844234644762,0.4493225467239314,0.014861876740544788
Logistic Regression,volatility,0.5,29,10658513878034308261,0.8072289156626506,0.7846385542168675,0.02259036144578319,0.7105380405236933,0.706041766300016,0.004496274223677266,0.43859649122807015,0.4,0.03859649122807013,0.5656108597285068,0.5882352941176471,-0.022624434389140302,0.49407114624505927,0.47619047619047616,0.017880670054583103,0.7868561641875846,0.7650410591587062,0.0218151050288784,0.5115454699383656,0.4793614483392646,0.032184021599101
Random Forest,volatility,0.5,29,10658513878034308261,0.8463855421686747,0.8358433734939759,0.010542168674698815,0.6851340911599162,0.6733783778260105,0.011755713333905682,0.547486033519553,0.5080213903743316,0.03946464314522147,0.4434389140271493,0.4298642533936652,0.013574660633484115,0.49,0.46568627450980393,0.02431372549019606,0.7699256479744285,0.758505111446288,0.011420536528140568,0.4641844234644762,0.43978301041403917,0.024401413050437026
Logistic Regression,volatility,1.0,0,4854157783626385725,0.8072289156626506,0.7266566265060241,0.08057228915662651,0.7105380405236933,0.6785061742020135,0.03203186632167976,0.43859649122807015,0.32682926829268294,0.11176722293538721,0.5656108597285068,0.6063348416289592,-0.040723981900452455,0.49407114624505927,0.4247226624405705,0.06934848380448877,0.7868561641875846,0.7443500226857471,0.04250614150183751,0.5115454699383656,0.42707027097472866,0.08447519896363692
Random Forest,volatility,1.0,0,4854157783626385725,0.8463855421686747,0.8019578313253012,0.04442771084337349,0.6851340911599162,0.6602962635961201,0.024837827563796044,0.547486033519553,0.4125,0.13498603351955307,0.4434389140271493,0.4479638009049774,-0.004524886877828094,0.49,0.42950108459869846,0.060498915401301534,0.7699256479744285,0.7431523787334403,0.026773269240988218,0.4641844234644762,0.39867004908968123,0.06551437437479496
Logistic Regression,volatility,1.0,1,8967267680321980318,0.8072289156626506,0.7311746987951807,0.07605421686746994,0.7105380405236933,0.68302697355782,0.027511066965873243,0.43859649122807015,0.33251231527093594,0.10608417595713421,0.5656108597285068,0.6108597285067874,-0.045248868778280604,0.49407114624505927,0.430622009569378,0.06344913667568125,0.7868561641875846,0.7348301838976157,0.052025980289968965,0.5115454699383656,0.4514572092732029,0.06008826066516271
Random Forest,volatility,1.0,1,8967267680321980318,0.8463855421686747,0.8207831325301205,0.025602409638554202,0.6851340911599162,0.6661557264139761,0.018978364745940057,0.547486033519553,0.45933014354066987,0.08815588997888318,0.4434389140271493,0.4343891402714932,0.009049773755656076,0.49,0.44651162790697674,0.04348837209302325,0.7699256479744285,0.7410513924143767,0.028874255560051854,0.4641844234644762,0.44057126652680373,0.023613156937672464
Logistic Regression,volatility,1.0,2,14203212081370588847,0.8072289156626506,0.7394578313253012,0.06777108433734946,0.7105380405236933,0.682563039808377,0.027975000715316334,0.43859649122807015,0.3393316195372751,0.09926487169079506,0.5656108597285068,0.5972850678733032,-0.03167420814479638,0.49407114624505927,0.43278688524590164,0.061284260999157625,0.7868561641875846,0.7219585770518339,0.06489758713575078,0.5115454699383656,0.4081322536525358,0.10341321628582978
Random Forest,volatility,1.0,2,14203212081370588847,0.8463855421686747,0.8004518072289156,0.04593373493975905,0.6851340911599162,0.6449067431850789,0.04022734797483729,0.547486033519553,0.4026548672566372,0.14483116626291587,0.4434389140271493,0.4117647058823529,0.03167420814479638,0.49,0.407158836689038,0.08284116331096197,0.7699256479744285,0.7134074809828036,0.05651816699162493,0.4641844234644762,0.3766875028082039,0.08749692065627229
Logistic Regression,volatility,1.0,3,6552707848720460481,0.8072289156626506,0.7228915662650602,0.08433734939759041,0.7105380405236933,0.6726262737740499,0.03791176674964336,0.43859649122807015,0.32116788321167883,0.11742860801639132,0.5656108597285068,0.5972850678733032,-0.03167420814479638,0.49407114624505927,0.4177215189873418,0.07634962725771749,0.7868561641875846,0.7284863497202092,0.058369814467375436,0.5115454699383656,0.439864376074759,0.0716810938636066
Random Forest,volatility,1.0,3,6552707848720460481,0.8463855421686747,0.7989457831325302,0.0474397590361445,0.6851340911599162,0.6621111233736772,0.023022967786239024,0.547486033519553,0.40725806451612906,0.140227969003424,0.4434389140271493,0.45701357466063347,-0.01357466063348417,0.49,0.43070362473347545,0.05929637526652454,0.7699256479744285,0.7142045477770013,0.055721100197427265,0.4641844234644762,0.41504761706812965,0.049136806396346544
Logistic Regression,volatility,1.0,4,17405478884880473001,0.8072289156626506,0.7093373493975904,0.09789156626506024,0.7105380405236933,0.6427669254068107,0.06777111511688261,0.43859649122807015,0.2962962962962963,0.14230019493177387,0.5656108597285068,0.5429864253393665,0.022624434389140302,0.49407114624505927,0.38338658146964855,0.11068456477541072,0.7868561641875846,0.7167551615184327,0.07010100266915198,0.5115454699383656,0.4080228002501207,0.10352266968824486
Random Forest,volatility,1.0,4,17405478884880473001,0.8463855421686747,0.7966867469879518,0.04969879518072284,0.6851340911599162,0.648080704034793,0.03705338712512318,0.547486033519553,0.39662447257383965,0.1508615609457134,0.4434389140271493,0.4253393665158371,0.01809954751131221,0.49,0.4104803493449782,0.07951965065502181,0.7699256479744285,0.7045539082841809,0.06537173969024768,0.4641844234644762,0.37764101039552045,0.08654341306895574
Logistic Regression,volatility,1.0,5,18100036563576365615,0.8072289156626506,0.7183734939759037,0.08885542168674698,0.7105380405236933,0.6789701079514566,0.03156793257223667,0.43859649122807015,0.32084309133489464,0.11775339989317551,0.5656108597285068,0.6199095022624435,-0.05429864253393668,0.49407114624505927,0.4228395061728395,0.07123164007221977,0.7868561641875846,0.7319116931742471,0.05494447101333755,0.5115454699383656,0.4223705017011804,0.08917496823718518
Random Forest,volatility,1.0,5,18100036563576365615,0.8463855421686747,0.7921686746987951,0.054216867469879526,0.6851340911599162,0.6544245382121996,0.0307095529477166,0.547486033519553,0.391304347826087,0.15618168569346608,0.4434389140271493,0.4479638009049774,-0.004524886877828094,0.49,0.4177215189873418,0.07227848101265821,0.7699256479744285,0.7294428298732458,0.040482818101182705,0.4641844234644762,0.3885568500224397,0.07562757344203647
Logistic Regression,volatility,1.0,6,13660294037897085965,0.8072289156626506,0.7003012048192772,0.10692771084337349,0.7105380405236933,0.6536438215060885,0.05689421901760483,0.43859649122807015,0.296551724137931,0.14204476709013913,0.5656108597285068,0.583710407239819,-0.018099547511312264,0.49407114624505927,0.3932926829268293,0.10077846331822998,0.7868561641875846,0.7123447252572073,0.07451143893037737,0.5115454699383656,0.41945486301184937,0.09209060692651622
Random Forest,volatility,1.0,6,13660294037897085965,0.8463855421686747,0.7989457831325302,0.0474397590361445,0.6851340911599162,0.6566788066070706,0.028455284552845628,0.547486033519553,0.4049586776859504,0.14252735583360265,0.4434389140271493,0.4434389140271493,0.0,0.49,0.42332613390928725,0.06667386609071274,0.7699256479744285,0.7190891365927234,0.050836511381705085,0.4641844234644762,0.39588269355498684,0.06830172990948935
Logistic Regression,volatility,1.0,7,9436824295888146075,0.8072289156626506,0.7289156626506024,0.07831325301204828,0.7105380405236933,0.6617534651967938,0.048784575326899504,0.43859649122807015,0.32041343669250644,0.11818305453556371,0.5656108597285068,0.5610859728506787,0.004524886877828038,0.49407114624505927,0.40789473684210525,0.08617640940295401,0.7868561641875846,0.7219463144857693,0.06490984970181535,0.5115454699383656,0.392913664918784,0.1186318050195816
Random Forest,volatility,1.0,7,9436824295888146075,0.8463855421686747,0.7966867469879518,0.04969879518072284,0.6851340911599162,0.6372160705015798,0.04791802065833639,0.547486033519553,0.39111111111111113,0.15637492240844192,0.4434389140271493,0.39819004524886875,0.04524886877828055,0.49,0.39461883408071746,0.09538116591928253,0.7699256479744285,0.728314673795305,0.04161097417912352,0.4641844234644762,0.3756179110252446,0.08856651243923158
Logistic Regression,volatility,1.0,8,13818712247872105062,0.8072289156626506,0.7198795180722891,0.08734939759036153,0.7105380405236933,0.6690088167850003,0.041529223738692944,0.43859649122807015,0.3171912832929782,0.12140520793509196,0.5656108597285068,0.5927601809954751,-0.02714932126696834,0.49407114624505927,0.41324921135646686,0.0808219348885924,0.7868561641875846,0.7187171720887647,0.0681389920988199,0.5115454699383656,0.39734579460741104,0.11419967533095454
Random Forest,volatility,1.0,8,13818712247872105062,0.8463855421686747,0.7914156626506024,0.05496987951807231,0.6851340911599162,0.6358651444734659,0.04926894668645032,0.547486033519553,0.3803418803418803,0.16714415317767273,0.4434389140271493,0.40271493212669685,0.040723981900452455,0.49,0.3912087912087912,0.09879120879120878,0.7699256479744285,0.7133706932846101,0.056554954689818415,0.4641844234644762,0.3924290528151977,0.0717553706492785
Logistic Regression,volatility,1.0,9,1116883848123058559,0.8072289156626506,0.7289156626506024,0.07831325301204828,0.7105380405236933,0.6889150490298266,0.021622991493866706,0.43859649122807015,0.3333333333333333,0.10526315789473684,0.5656108597285068,0.6289592760180995,-0.06334841628959276,0.49407114624505927,0.43573667711598746,0.05833446912907181,0.7868561641875846,0.719661389675737,0.06719477451184763,0.5115454699383656,0.38874182808139923,0.12280364185696635
Random Forest,volatility,1.0,9,1116883848123058559,0.8463855421686747,0.7966867469879518,0.04969879518072284,0.6851340911599162,0.6462699317792575,0.03886415938065868,0.547486033519553,0.39574468085106385,0.1517413526684892,0.4434389140271493,0.42081447963800905,0.022624434389140247,0.49,0.40789473684210525,0.08210526315789474,0.7699256479744285,0.7081672777512088,0.06175837022321973,0.4641844234644762,0.3639108028380424,0.1002736206264338
Logistic Regression,volatility,1.0,10,8542367776892194115,0.8072289156626506,0.7206325301204819,0.08659638554216875,0.7105380405236933,0.6585958544351658,0.05194218608852752,0.43859649122807015,0.3125,0.12609649122807015,0.5656108597285068,0.5656108597285068,0.0,0.49407114624505927,0.4025764895330113,0.09149465671204798,0.7868561641875846,0.7125409263142405,0.07431523787334415,0.5115454699383656,0.4057883850197044,0.1057570849186612
Random Forest,volatility,1.0,10,8542367776892194115,0.8463855421686747,0.7966867469879518,0.04969879518072284,0.6851340911599162,0.6462699317792575,0.03886415938065868,0.547486033519553,0.39574468085106385,0.1517413526684892,0.4434389140271493,0.42081447963800905,0.022624434389140247,0.49,0.40789473684210525,0.08210526315789474,0.7699256479744285,0.7124591758738101,0.05746647210061839,0.4641844234644762,0.38317412326986555,0.08101030019461064
Logistic Regression,volatility,1.0,11,2396962020791836947,0.8072289156626506,0.7153614457831325,0.0918674698795181,0.7105380405236933,0.6554341561515162,0.05510388437217706,0.43859649122807015,0.3071253071253071,0.13147118410276304,0.5656108597285068,0.5656108597285068,0.0,0.49407114624505927,0.3980891719745223,0.09598197427053695,0.7868561641875846,0.7311146263800496,0.05574153780753499,0.5115454699383656,0.4513472592860886,0.060198210652276984
Random Forest,volatility,1.0,11,2396962020791836947,0.8463855421686747,0.8057228915662651,0.04066265060240959,0.6851340911599162,0.6643653917685481,0.02076869939136805,0.547486033519553,0.4219409282700422,0.12554510524951085,0.4434389140271493,0.45248868778280543,-0.009049773755656132,0.49,0.4366812227074236,0.05331877729257639,0.7699256479744285,0.7188520603154749,0.051073587658953645,0.4641844234644762,0.40920646142315015,0.054977962041326045
Logistic Regression,volatility,1.0,12,439995130435491727,0.8072289156626506,0.7221385542168675,0.08509036144578319,0.7105380405236933,0.6413914742465675,0.06914656627712579,0.43859649122807015,0.30423280423280424,0.1343636869952659,0.5656108597285068,0.5203619909502263,0.04524886877828049,0.49407114624505927,0.38397328881469117,0.1100978574303681,0.7868561641875846,0.719763577726275,0.06709258646130967,0.5115454699383656,0.41363568782613264,0.09790978211223295
Random Forest,volatility,1.0,12,439995130435491727,0.8463855421686747,0.8004518072289156,0.04593373493975905,0.6851340911599162,0.6503390599516855,0.03479503120823069,0.547486033519553,0.4051724137931034,0.14231361972644962,0.4434389140271493,0.4253393665158371,0.01809954751131221,0.49,0.41501103752759383,0.07498896247240616,0.7699256479744285,0.7109590552919103,0.05896659268251825,0.4641844234644762,0.3905518188498321,0.0736326046146441
Logistic Regression,volatility,1.0,13,7214917191039938676,0.8072289156626506,0.7281626506024096,0.07906626506024106,0.7105380405236933,0.677598744313235,0.032939296210458324,0.43859649122807015,0.3275862068965517,0.11101028433151844,0.5656108597285068,0.6018099547511312,-0.03619909502262442,0.49407114624505927,0.42424242424242425,0.06982872200263501,0.7868561641875846,0.7181857942259664,0.06867036996161824,0.5115454699383656,0.40284212300722233,0.10870334693114325
Random Forest,volatility,1.0,13,7214917191039938676,0.8463855421686747,0.7936746987951807,0.052710843373493965,0.6851340911599162,0.64989556381235,0.03523852734756616,0.547486033519553,0.39183673469387753,0.15564929882567552,0.4434389140271493,0.4343891402714932,0.009049773755656076,0.49,0.41201716738197425,0.07798283261802574,0.7699256479744285,0.7166529734678946,0.053272674506533946,0.4641844234644762,0.3853929566459406,0.0787914668185356
Logistic Regression,volatility,1.0,14,8480624498746152935,0.8072289156626506,0.7228915662650602,0.08433734939759041,0.7105380405236933,0.6581400957297657,0.052397944793927564,0.43859649122807015,0.3139240506329114,0.12467244059515875,0.5656108597285068,0.5610859728506787,0.004524886877828038,0.49407114624505927,0.4025974025974026,0.09147374364765665,0.7868561641875846,0.7175072655703932,0.0693488986171914,0.5115454699383656,0.4192533602462817,0.0922921096920839
Random Forest,volatility,1.0,14,8480624498746152935,0.8463855421686747,0.7944277108433735,0.051957831325301185,0.6851340911599162,0.6394826014625155,0.04565148969740074,0.547486033519553,0.3879310344827586,0.15955499903679443,0.4434389140271493,0.4072398190045249,0.03619909502262442,0.49,0.3973509933774834,0.09264900662251657,0.7699256479744285,0.7100761505352611,0.059849497439167454,0.4641844234644762,0.3875539128470063,0.0766305106174699
Logistic Regression,volatility,1.0,15,7363329077839343174,0.8072289156626506,0.7153614457831325,0.0918674698795181,0.7105380405236933,0.6590557006625872,0.05148233986110606,0.43859649122807015,0.30900243309002434,0.1295940581380458,0.5656108597285068,0.5746606334841629,-0.009049773755656076,0.49407114624505927,0.40189873417721517,0.0921724120678441,0.7868561641875846,0.724116788679199,0.0627393755083856,0.5115454699383656,0.4080380421329291,0.10350742780543648
Random Forest,volatility,1.0,15,7363329077839343174,0.8463855421686747,0.8019578313253012,0.04442771084337349,0.6851340911599162,0.6621070358516556,0.023027055308260547,0.547486033519553,0.4132231404958678,0.13426289302368527,0.4434389140271493,0.45248868778280543,-0.009049773755656132,0.49,0.4319654427645788,0.05803455723542117,0.7699256479744285,0.7127902651575535,0.057135382816875024,0.4641844234644762,0.3877794886250137,0.07640493483946248
Logistic Regression,volatility,1.0,16,15487640897469881784,0.8072289156626506,0.7266566265060241,0.08057228915662651,0.7105380405236933,0.6766954019464779,0.03384263857721537,0.43859649122807015,0.32598039215686275,0.1126160990712074,0.5656108597285068,0.6018099547511312,-0.03619909502262442,0.49407114624505927,0.42289348171701113,0.07117766452804813,0.7868561641875846,0.7303339096739383,0.05652225451364634,0.5115454699383656,0.43375047909977854,0.07779499083858704
Random Forest,volatility,1.0,16,15487640897469881784,0.8463855421686747,0.8102409638554217,0.03614457831325302,0.6851340911599162,0.6652646466132837,0.01986944454663253,0.547486033519553,0.43231441048034935,0.1151716230392037,0.4434389140271493,0.4479638009049774,-0.004524886877828094,0.49,0.44,0.04999999999999999,0.7699256479744285,0.7127739150694674,0.05715173290496112,0.4641844234644762,0.4078760618789136,0.05630836158556257
Logistic Regression,volatility,1.0,17,17941783349566939788,0.8072289156626506,0.7228915662650602,0.08433734939759041,0.7105380405236933,0.6671939570074434,0.043344083516249854,0.43859649122807015,0.31851851851851853,0.12007797270955162,0.5656108597285068,0.583710407239819,-0.018099547511312264,0.49407114624505927,0.41214057507987223,0.08193057116518704,0.7868561641875846,0.716219696133613,0.07063646805397161,0.5115454699383656,0.4063319934523192,0.1052134764860464
Random Forest,volatility,1.0,17,17941783349566939788,0.8463855421686747,0.7989457831325302,0.0474397590361445,0.6851340911599162,0.6530572620959996,0.03207682906391662,0.547486033519553,0.40336134453781514,0.14412468898173791,0.4434389140271493,0.4343891402714932,0.009049773755656076,0.49,0.41830065359477125,0.07169934640522874,0.7699256479744285,0.7034829775145413,0.06644267045988728,0.4641844234644762,0.38114622109178675,0.08303820237268944
Logistic Regression,volatility,1.0,18,5706035360306931389,0.8072289156626506,0.7379518072289156,0.06927710843373502,0.7105380405236933,0.6834704696971554,0.02706757082653788,0.43859649122807015,0.3384223918575064,0.10017409937056376,0.5656108597285068,0.6018099547511312,-0.03619909502262442,0.49407114624505927,0.43322475570032576,0.06084639054473351,0.7868561641875846,0.7336979402976533,0.0531582238899313,0.5115454699383656,0.40812852716655246,0.10341694277181313
Random Forest,volatility,1.0,18,5706035360306931389,0.8463855421686747,0.7996987951807228,0.04668674698795183,0.6851340911599162,0.6444550720017004,0.04067901915821581,0.547486033519553,0.4008810572687225,0.14660497625083058,0.4434389140271493,0.4117647058823529,0.03167420814479638,0.49,0.40625,0.08374999999999999,0.7699256479744285,0.7252245071470322,0.04470114082739629,0.4641844234644762,0.3818602816414183,0.08232414182305792
Logistic Regression,volatility,1.0,19,12770311793218292227,0.8072289156626506,0.7304216867469879,0.07680722891566272,0.7105380405236933,0.684386074629977,0.026151965893716267,0.43859649122807015,0.33251833740831294,0.10607815381975721,0.5656108597285068,0.6153846153846154,-0.04977375565610864,0.49407114624505927,0.43174603174603177,0.0623251144990275,0.7868561641875846,0.737854950193544,0.04900121399404067,0.5115454699383656,0.40942323314986634,0.10212223678849924
Random Forest,volatility,1.0,19,12770311793218292227,0.8463855421686747,0.8072289156626506,0.03915662650602403,0.6851340911599162,0.658025645113163,0.02710844604675322,0.547486033519553,0.42290748898678415,0.1245785445327689,0.4434389140271493,0.4343891402714932,0.009049773755656076,0.49,0.42857142857142855,0.061428571428571443,0.7699256479744285,0.7342824559467315,0.03564319202769706,0.4641844234644762,0.3912517920579041,0.07293263140657208
Logistic Regression,volatility,1.0,20,7941203621619382517,0.8072289156626506,0.7183734939759037,0.08885542168674698,0.7105380405236933,0.6699162466737789,0.04062179384991438,0.43859649122807015,0.31654676258992803,0.12204972863814212,0.5656108597285068,0.5972850678733032,-0.03167420814479638,0.49407114624505927,0.41379310344827586,0.08027804279678341,0.7868561641875846,0.7344377817835495,0.05241838240403518,0.5115454699383656,0.4150818550622325,0.09646361487613309
Random Forest,volatility,1.0,20,7941203621619382517,0.8463855421686747,0.7921686746987951,0.054216867469879526,0.6851340911599162,0.641749132423451,0.043384958736465196,0.547486033519553,0.38493723849372385,0.1625487950258292,0.4434389140271493,0.416289592760181,0.027149321266968285,0.49,0.4,0.08999999999999997,0.7699256479744285,0.7244315278748565,0.04549412009957199,0.4641844234644762,0.3777753270901486,0.08640909637432759
Logistic Regression,volatility,1.0,21,12607795041740911217,0.8072289156626506,0.7274096385542169,0.07981927710843373,0.7105380405236933,0.675336300874321,0.03520173964937234,0.43859649122807015,0.32592592592592595,0.1126705653021442,0.5656108597285068,0.5972850678733032,-0.03167420814479638,0.49407114624505927,0.4217252396166134,0.07234590662844587,0.7868561641875846,0.7235894983384222,0.0632666658491624,0.5115454699383656,0.4069284594628846,0.104617010475481
Random Forest,volatility,1.0,21,12607795041740911217,0.8463855421686747,0.8012048192771084,0.04518072289156627,0.6851340911599162,0.6562230479016706,0.02891104325824556,0.547486033519553,0.4092827004219409,0.13820333309761212,0.4434389140271493,0.43891402714932126,0.004524886877828038,0.49,0.42358078602620086,0.06641921397379913,0.7699256479744285,0.7166366233798085,0.05328902459462004,0.4641844234644762,0.391375054889307,0.07280936857516918
Logistic Regression,volatility,1.0,22,15120405000876156010,0.8072289156626506,0.7183734939759037,0.08885542168674698,0.7105380405236933,0.6644839299071723,0.04605411061652098,0.43859649122807015,0.31386861313868614,0.12472787808938401,0.5656108597285068,0.583710407239819,-0.018099547511312264,0.49407114624505927,0.40822784810126583,0.08584329814379343,0.7868561641875846,0.7286294129909625,0.05822675119662213,0.5115454699383656,0.41835446021218736,0.09319100972617822
Random Forest,volatility,1.0,22,15120405000876156010,0.8463855421686747,0.795933734939759,0.050451807228915624,0.6851340911599162,0.6440074883403435,0.0411266028195727,0.547486033519553,0.39316239316239315,0.1543236403571599,0.4434389140271493,0.416289592760181,0.027149321266968285,0.49,0.4043956043956044,0.08560439560439559,0.7699256479744285,0.7217664635168223,0.04815918445760625,0.4641844234644762,0.3978450856959732,0.06633933776850298
Logistic Regression,volatility,1.0,23,6066819359391067772,0.8072289156626506,0.7228915662650602,0.08433734939759041,0.7105380405236933,0.6708155015185144,0.03972253900517886,0.43859649122807015,0.3202933985330073,0.11830309269506284,0.5656108597285068,0.5927601809954751,-0.02714932126696834,0.49407114624505927,0.4158730158730159,0.07819813037204337,0.7868561641875846,0.7332564879193287,0.0535996762682559,0.5115454699383656,0.4185805356133574,0.09296493432500819
Random Forest,volatility,1.0,23,6066819359391067772,0.8463855421686747,0.7989457831325302,0.0474397590361445,0.6851340911599162,0.6603003511181417,0.02483374004177452,0.547486033519553,0.4065040650406504,0.14098196847890265,0.4434389140271493,0.45248868778280543,-0.009049773755656132,0.49,0.4282655246252677,0.06173447537473231,0.7699256479744285,0.7223755042980294,0.04755014367639909,0.4641844234644762,0.4084352792764377,0.0557491441880385
Logistic Regression,volatility,1.0,24,14016122580361473637,0.8072289156626506,0.7198795180722891,0.08734939759036153,0.7105380405236933,0.6798734503182136,0.030664590205479736,0.43859649122807015,0.32235294117647056,0.11624355005159959,0.5656108597285068,0.6199095022624435,-0.05429864253393668,0.49407114624505927,0.4241486068111455,0.06992253943391374,0.7868561641875846,0.7336652401214812,0.053190924066103484,0.5115454699383656,0.45043456884490585,0.061110901093459735
Random Forest,volatility,1.0,24,14016122580361473637,0.8463855421686747,0.8034638554216867,0.04292168674698793,0.6851340911599162,0.6684426949850193,0.0166913961748969,0.547486033519553,0.4186991869918699,0.12878684652768313,0.4434389140271493,0.4660633484162896,-0.022624434389140302,0.49,0.4411134903640257,0.048886509635974296,0.7699256479744285,0.728539487506489,0.041386160467939526,0.4641844234644762,0.4164994032943427,0.047685020170133485
Logistic Regression,volatility,1.0,25,11044317918735494112,0.8072289156626506,0.7003012048192772,0.10692771084337349,0.7105380405236933,0.6536438215060885,0.05689421901760483,0.43859649122807015,0.296551724137931,0.14204476709013913,0.5656108597285068,0.583710407239819,-0.018099547511312264,0.49407114624505927,0.3932926829268293,0.10077846331822998,0.7868561641875846,0.7054286379967872,0.0814275261907974,0.5115454699383656,0.397862045970555,0.11368342396781056
Random Forest,volatility,1.0,25,11044317918735494112,0.8463855421686747,0.776355421686747,0.0700301204819277,0.6851340911599162,0.6141563150171472,0.07097777614276901,0.547486033519553,0.3416666666666667,0.20581936685288638,0.4434389140271493,0.37104072398190047,0.07239819004524883,0.49,0.3557483731019523,0.1342516268980477,0.7699256479744285,0.6974784076649213,0.07244724030950722,0.4641844234644762,0.36262461176320365,0.10155981170127254
Logistic Regression,volatility,1.0,26,2413487406513084029,0.8072289156626506,0.7387048192771084,0.06852409638554224,0.7105380405236933,0.687543685391605,0.02299435513208825,0.43859649122807015,0.3409090909090909,0.09768740031897927,0.5656108597285068,0.6108597285067874,-0.045248868778280604,0.49407114624505927,0.4376012965964344,0.05646984964862489,0.7868561641875846,0.7447955625860935,0.042060601601491165,0.5115454699383656,0.4461197301889216,0.06542573974944399
Random Forest,volatility,1.0,26,2413487406513084029,0.8463855421686747,0.8192771084337349,0.027108433734939763,0.6851340911599162,0.6851708788581099,-3.678769819370764e-05,0.547486033519553,0.4592274678111588,0.08825856570839424,0.4434389140271493,0.4841628959276018,-0.04072398190045251,0.49,0.4713656387665198,0.018634361233480168,0.7699256479744285,0.7351694482254023,0.03475619974902622,0.4641844234644762,0.4127039108416606,0.05148051262281561
Logistic Regression,volatility,1.0,27,11500332848024707978,0.8072289156626506,0.7123493975903614,0.09487951807228923,0.7105380405236933,0.6554382436735378,0.055099796850155536,0.43859649122807015,0.3050847457627119,0.13351174546535827,0.5656108597285068,0.5701357466063348,-0.004524886877828038,0.49407114624505927,0.39747634069400634,0.09659480555105293,0.7868561641875846,0.7266142646343507,0.06024189955323389,0.5115454699383656,0.4088344768832243,0.10271099305514131
Random Forest,volatility,1.0,27,11500332848024707978,0.8463855421686747,0.8012048192771084,0.04518072289156627,0.6851340911599162,0.6634661369238126,0.02166795423610357,0.547486033519553,0.4122448979591837,0.13524113556036937,0.4434389140271493,0.45701357466063347,-0.01357466063348417,0.49,0.4334763948497854,0.056523605150214595,0.7699256479744285,0.7297412189808172,0.0401844289936113,0.4641844234644762,0.3910266718738355,0.0731577515906407
Logistic Regression,volatility,1.0,28,5527913150177473539,0.8072289156626506,0.7289156626506024,0.07831325301204828,0.7105380405236933,0.6689965542189359,0.0415414863047574,0.43859649122807015,0.3240506329113924,0.11454585831667774,0.5656108597285068,0.579185520361991,-0.013574660633484226,0.49407114624505927,0.4155844155844156,0.07848673066064366,0.7868561641875846,0.7412148932952376,0.04564127089234704,0.5115454699383656,0.4141893473980339,0.09735612254033166
Random Forest,volatility,1.0,28,5527913150177473539,0.8463855421686747,0.8034638554216867,0.04292168674698793,0.6851340911599162,0.6593888337073416,0.02574525745257461,0.547486033519553,0.4152542372881356,0.13223179623141745,0.4434389140271493,0.4434389140271493,0.0,0.49,0.4288840262582057,0.06111597374179428,0.7699256479744285,0.7194733636627467,0.050452284311681805,0.4641844234644762,0.40230957637879794,0.06187484708567825
Logistic Regression,volatility,1.0,29,4461908195788981643,0.8072289156626506,0.7341867469879518,0.07304216867469882,0.7105380405236933,0.6920767473134761,0.018461293210217167,0.43859649122807015,0.33902439024390246,0.09957210098416769,0.5656108597285068,0.6289592760180995,-0.06334841628959276,0.49407114624505927,0.4405705229793978,0.05350062326566146,0.7868561641875846,0.7282124857447669,0.058643678442817704,0.5115454699383656,0.4118057993918488,0.09973967054651678
Random Forest,volatility,1.0,29,4461908195788981643,0.8463855421686747,0.8012048192771084,0.04518072289156627,0.6851340911599162,0.650790731135064,0.034343360024852165,0.547486033519553,0.4069264069264069,0.14055962659314614,0.4434389140271493,0.4253393665158371,0.01809954751131221,0.49,0.415929203539823,0.074070796460177,0.7699256479744285,0.7319893560926559,0.03793629188177261,0.4641844234644762,0.3884230286276692,0.075761394836807
Logistic Regression,momentum,0.05,0,17610361218353875734,0.8072289156626506,0.8087349397590361,-0.0015060240963854499,0.7105380405236933,0.7114413828904503,-0.0009033423667570428,0.43859649122807015,0.4416961130742049,-0.00309962184613477,0.5656108597285068,0.5656108597285068,0.0,0.49407114624505927,0.49603174603174605,-0.0019605997866867786,0.7868561641875846,0.7864596745514967,0.00039648963608795995,0.5115454699383656,0.5111668956288045,0.00037857430956111937
Random Forest,momentum,0.05,0,17610361218353875734,0.8463855421686747,0.8448795180722891,0.001506024096385561,0.6851340911599162,0.6842307487931591,0.0009033423667570428,0.547486033519553,0.5414364640883977,0.0060495694311553105,0.4434389140271493,0.4434389140271493,0.0,0.49,0.48756218905472637,0.002437810945273622,0.7699256479744285,0.7684582275687011,0.0014674204057274487,0.4641844234644762,0.4640714277128767,0.00011299575159950948
Logistic Regression,momentum,0.05,1,13050127159344236452,0.8072289156626506,0.8072289156626506,0.0,0.7105380405236933,0.7087272682681578,0.0018107722555354977,0.43859649122807015,0.4381625441696113,0.00043394705845883896,0.5656108597285068,0.5610859728506787,0.004524886877828038,0.49407114624505927,0.49206349206349204,0.002007654181567231,0.7868561641875846,0.7864678495955397,0.0003883145920449138,0.5115454699383656,0.5110171959004046,0.000528274037960963
Random Forest,momentum,0.05,1,13050127159344236452,0.8463855421686747,0.8433734939759037,0.0030120481927710108,0.6851340911599162,0.6815166341708666,0.0036174569890495833,0.547486033519553,0.5359116022099447,0.011574431309608335,0.4434389140271493,0.43891402714932126,0.004524886877828038,0.49,0.48258706467661694,0.007412935323383052,0.7699256479744285,0.768715741456057,0.0012099065183714952,0.4641844234644762,0.46224233683557414,0.001942086628902051
Logistic Regression,momentum,0.05,2,14839790289065081978,0.8072289156626506,0.8057228915662651,0.001506024096385561,0.7105380405236933,0.7078239259014008,0.0027141146222925405,0.43859649122807015,0.43508771929824563,0.003508771929824517,0.5656108597285068,0.5610859728506787,0.004524886877828038,0.49407114624505927,0.4901185770750988,0.0039525691699604515,0.7868561641875846,0.787007402502381,-0.00015123831479635363,0.5115454699383656,0.5118921423612964,-0.0003466724229308493
Random Forest,momentum,0.05,2,14839790289065081978,0.8463855421686747,0.8418674698795181,0.004518072289156572,0.6851340911599162,0.6842348363151807,0.0008992548447355198,0.547486033519553,0.5294117647058824,0.01807426881367069,0.4434389140271493,0.4479638009049774,-0.004524886877828094,0.49,0.4852941176470588,0.004705882352941171,0.7699256479744285,0.7695577709924912,0.00036787698193729845,0.4641844234644762,0.4652105027778815,-0.0010260793134053148
Logistic Regression,momentum,0.05,3,8202557577411033689,0.8072289156626506,0.8064759036144579,0.0007530120481927804,0.7105380405236933,0.7100863693403148,0.0004516711833785214,0.43859649122807015,0.4370629370629371,0.0015335541651330664,0.5656108597285068,0.5656108597285068,0.0,0.49407114624505927,0.4930966469428008,0.000974499302258458,0.7868561641875846,0.7868071139233263,4.905026425838788e-05,0.5115454699383656,0.5114478609261957,9.760901216993023e-05
Random Forest,momentum,0.05,3,8202557577411033689,0.8463855421686747,0.8433734939759037,0.0030120481927710108,0.6851340911599162,0.6815166341708666,0.0036174569890495833,0.547486033519553,0.5359116022099447,0.011574431309608335,0.4434389140271493,0.43891402714932126,0.004524886877828038,0.49,0.48258706467661694,0.007412935323383052,0.7699256479744285,0.7693125196711998,0.0006131283032286827,0.4641844234644762,0.4624095068215201,0.0017749166429560925
Logistic Regression,momentum,0.05,4,309351202888606458,0.8072289156626506,0.8064759036144579,0.0007530120481927804,0.7105380405236933,0.7082755970847793,0.002262443438914019,0.43859649122807015,0.43661971830985913,0.0019767729182110227,0.5656108597285068,0.5610859728506787,0.004524886877828038,0.49407114624505927,0.4910891089108911,0.002982037334168186,0.7868561641875846,0.786835726577477,2.0437610107615356e-05,0.5115454699383656,0.5112137307509724,0.0003317391873931541
Random Forest,momentum,0.05,4,309351202888606458,0.8463855421686747,0.8441265060240963,0.0022590361445783413,0.6851340911599162,0.6855898498653161,-0.00045575870539993346,0.547486033519553,0.5380434782608695,0.009442555258683538,0.4434389140271493,0.4479638009049774,-0.004524886877828094,0.49,0.4888888888888889,0.0011111111111111183,0.7699256479744285,0.7703180500884949,-0.00039240211406632586,0.4641844234644762,0.46321903841307954,0.00096538505139665
Logistic Regression,momentum,0.05,5,955051547989202156,0.8072289156626506,0.8064759036144579,0.0007530120481927804,0.7105380405236933,0.7100863693403148,0.0004516711833785214,0.43859649122807015,0.4370629370629371,0.0015335541651330664,0.5656108597285068,0.5656108597285068,0.0,0.49407114624505927,0.4930966469428008,0.000974499302258458,0.7868561641875846,0.7868316390554555,2.4525132129138427e-05,0.5115454699383656,0.5109545252176539,0.0005909447207116392
Random Forest,momentum,0.05,5,955051547989202156,0.8463855421686747,0.8448795180722891,0.001506024096385561,0.6851340911599162,0.6860415210486946,-0.0009074298887784549,0.547486033519553,0.5409836065573771,0.006502426962175956,0.4434389140271493,0.4479638009049774,-0.004524886877828094,0.49,0.4900990099009901,-9.90099009900991e-05,0.7699256479744285,0.7686993913679709,0.0012262566064575875,0.4641844234644762,0.4616237913088631,0.002560632155613085
Logistic Regression,momentum,0.05,6,1954441726547798523,0.8072289156626506,0.8079819277108434,-0.0007530120481927804,0.7105380405236933,0.7091789394515363,0.0013591010721569763,0.43859649122807015,0.4397163120567376,-0.0011198208286674616,0.5656108597285068,0.5610859728506787,0.004524886877828038,0.49407114624505927,0.49304174950298213,0.0010293967420771377,0.7868561641875846,0.7867989388792832,5.722530830143402e-05,0.5115454699383656,0.5113786713453219,0.00016679859304369327
Random Forest,momentum,0.05,6,1954441726547798523,0.8463855421686747,0.8433734939759037,0.0030120481927710108,0.6851340911599162,0.6815166341708666,0.0036174569890495833,0.547486033519553,0.5359116022099447,0.011574431309608335,0.4434389140271493,0.43891402714932126,0.004524886877828038,0.49,0.48258706467661694,0.007412935323383052,0.7699256479744285,0.7683519519961414,0.0015736959782871596,0.4641844234644762,0.4634259077882941,0.0007585156761820699
Logistic Regression,momentum,0.05,7,11728466114948376880,0.8072289156626506,0.8072289156626506,0.0,0.7105380405236933,0.7087272682681578,0.0018107722555354977,0.43859649122807015,0.4381625441696113,0.00043394705845883896,0.5656108597285068,0.5610859728506787,0.004524886877828038,0.49407114624505927,0.49206349206349204,0.002007654181567231,0.7868561641875846,0.7861490228778608,0.0007071413097238244,0.5115454699383656,0.511366580077502,0.0001788898608635625
Random Forest,momentum,0.05,7,11728466114948376880,0.8463855421686747,0.8441265060240963,0.0022590361445783413,0.6851340911599162,0.6855898498653161,-0.00045575870539993346,0.547486033519553,0.5380434782608695,0.009442555258683538,0.4434389140271493,0.4479638009049774,-0.004524886877828094,0.49,0.4888888888888889,0.0011111111111111183,0.7699256479744285,0.7685931157954113,0.0013325321790171873,0.4641844234644762,0.46343744397756204,0.0007469794869141566
Logistic Regression,momentum,0.05,8,3851731593364482630,0.8072289156626506,0.8057228915662651,0.001506024096385561,0.7105380405236933,0.7096346981569364,0.0009033423667569318,0.43859649122807015,0.4355400696864111,0.003056421541659027,0.5656108597285068,0.5656108597285068,0.0,0.49407114624505927,0.4921259842519685,0.0019451619930907493,0.7868561641875846,0.786267561016485,0.0005886031710996553,0.5115454699383656,0.511518265270231,2.720466813455058e-05
Random Forest,momentum,0.05,8,3851731593364482630,0.8463855421686747,0.8433734939759037,0.0030120481927710108,0.6851340911599162,0.6851381786819376,-4.087522021412049e-06,0.547486033519553,0.5351351351351351,0.012350898384417941,0.4434389140271493,0.4479638009049774,-0.004524886877828094,0.49,0.4876847290640394,0.002315270935960567,0.7699256479744285,0.7670439449492534,0.0028817030251750975,0.4641844234644762,0.4630450209904279,0.0011394024740483122
Logistic Regression,momentum,0.05,9,15495443743110189657,0.8072289156626506,0.8072289156626506,0.0,0.7105380405236933,0.7087272682681578,0.0018107722555354977,0.43859649122807015,0.4381625441696113,0.00043394705845883896,0.5656108597285068,0.5610859728506787,0.004524886877828038,0.49407114624505927,0.49206349206349204,0.002007654181567231,0.7868561641875846,0.7865209873818195,0.0003351768057651139,0.5115454699383656,0.5113383464069158,0.00020712353144980433
Random Forest,momentum,0.05,9,15495443743110189657,0.8463855421686747,0.8426204819277109,0.003765060240963791,0.6851340911599162,0.6828757352430236,0.002258355916892607,0.547486033519553,0.532608695652174,0.014877337867379103,0.4434389140271493,0.4434389140271493,0.0,0.49,0.4839506172839506,0.0060493827160493785,0.7699256479744285,0.7690877059600159,0.0008379420144126737,0.4641844234644762,0.4643894888547448,-0.0002050653902685995
Logistic Regression,momentum,0.05,10,5010659613474601769,0.8072289156626506,0.8079819277108434,-0.0007530120481927804,0.7105380405236933,0.7109897117070718,-0.0004516711833785214,0.43859649122807015,0.44014084507042256,-0.0015443538423524084,0.5656108597285068,0.5656108597285068,0.0,0.49407114624505927,0.49504950495049505,-0.0009783587054357779,0.7868561641875846,0.7869501771940796,-9.401300649491962e-05,0.5115454699383656,0.5121346670764093,-0.0005891971380437289
Random Forest,momentum,0.05,10,5010659613474601769,0.8463855421686747,0.8426204819277109,0.003765060240963791,0.6851340911599162,0.6828757352430236,0.002258355916892607,0.547486033519553,0.532608695652174,0.014877337867379103,0.4434389140271493,0.4434389140271493,0.0,0.49,0.4839506172839506,0.0060493827160493785,0.7699256479744285,0.7694719330300392,0.00045371494438928295,0.4641844234644762,0.46354376642680556,0.0006406570376706333
Logistic Regression,momentum,0.05,11,14031674538644790647,0.8072289156626506,0.8064759036144579,0.0007530120481927804,0.7105380405236933,0.7082755970847793,0.002262443438914019,0.43859649122807015,0.43661971830985913,0.0019767729182110227,0.5656108597285068,0.5610859728506787,0.004524886877828038,0.49407114624505927,0.4910891089108911,0.002982037334168186,0.7868561641875846,0.7866722256966159,0.00018393849096876025,0.5115454699383656,0.5109005883024433,0.0006448816359222453
Random Forest,momentum,0.05,11,14031674538644790647,0.8463855421686747,0.8441265060240963,0.0022590361445783413,0.6851340911599162,0.6855898498653161,-0.00045575870539993346,0.547486033519553,0.5380434782608695,0.009442555258683538,0.4434389140271493,0.4479638009049774,-0.004524886877828094,0.49,0.4888888888888889,0.0011111111111111183,0.7699256479744285,0.7691776314444895,0.0007480165299390551,0.4641844234644762,0.4630832174270266,0.0011012060374495647
Logistic Regression,momentum,0.05,12,10208405592217989025,0.8072289156626506,0.8087349397590361,-0.0015060240963854499,0.7105380405236933,0.7114413828904503,-0.0009033423667570428,0.43859649122807015,0.4416961130742049,-0.00309962184613477,0.5656108597285068,0.5656108597285068,0.0,0.49407114624505927,0.49603174603174605,-0.0019605997866867786,0.7868561641875846,0.7864596745514966,0.000396489636088071,0.5115454699383656,0.5112154154836122,0.00033005445475342565
Random Forest,momentum,0.05,12,10208405592217989025,0.8463855421686747,0.8471385542168675,-0.0007530120481927804,0.6851340911599162,0.6855857623432946,-0.0004516711833784104,0.547486033519553,0.550561797752809,-0.003075764233255951,0.4434389140271493,0.4434389140271493,0.0,0.49,0.49122807017543857,-0.001228070175438578,0.7699256479744285,0.7681639259831512,0.0017617219912773319,0.4641844234644762,0.46452728960163125,-0.0003428661371550623
Logistic Regression,momentum,0.05,13,1862375327258437473,0.8072289156626506,0.8079819277108434,-0.0007530120481927804,0.7105380405236933,0.7109897117070718,-0.0004516711833785214,0.43859649122807015,0.44014084507042256,-0.0015443538423524084,0.5656108597285068,0.5656108597285068,0.0,0.49407114624505927,0.49504950495049505,-0.0009783587054357779,0.7868561641875846,0.7866150003883146,0.00024116379927008325,0.5115454699383656,0.5110479516040896,0.0004975183342760259
Random Forest,momentum,0.05,13,1862375327258437473,0.8463855421686747,0.8456325301204819,0.0007530120481927804,0.6851340911599162,0.6864931922320732,-0.0013591010721569763,0.547486033519553,0.5439560439560439,0.0035299895635091394,0.4434389140271493,0.4479638009049774,-0.004524886877828094,0.49,0.4913151364764268,-0.0013151364764267814,0.7699256479744285,0.7686135534055188,0.001312094568909683,0.4641844234644762,0.4634573262229282,0.0007270972415480137
Logistic Regression,momentum,0.05,14,16338053113437765609,0.8072289156626506,0.8049698795180723,0.0022590361445783413,0.7105380405236933,0.7091830269735578,0.0013550135501354532,0.43859649122807015,0.4340277777777778,0.004568713450292361,0.5656108597285068,0.5656108597285068,0.0,0.49407114624505927,0.4911591355599214,0.0029120106851378558,0.7868561641875846,0.7864474119854321,0.00040875220215252916,0.5115454699383656,0.5110467311787095,0.0004987387596561144
Random Forest,momentum,0.05,14,16338053113437765609,0.8463855421686747,0.8433734939759037,0.0030120481927710108,0.6851340911599162,0.6851381786819376,-4.087522021412049e-06,0.547486033519553,0.5351351351351351,0.012350898384417941,0.4434389140271493,0.4479638009049774,-0.004524886877828094,0.49,0.4876847290640394,0.002315270935960567,0.7699256479744285,0.7683396894300768,0.0015859585443517288,0.4641844234644762,0.4616723571619966,0.0025120663024795764
Logistic Regression,momentum,0.05,15,7804605191569714480,0.8072289156626506,0.8049698795180723,0.0022590361445783413,0.7105380405236933,0.7091830269735578,0.0013550135501354532,0.43859649122807015,0.4340277777777778,0.004568713450292361,0.5656108597285068,0.5656108597285068,0.0,0.49407114624505927,0.4911591355599214,0.0029120106851378558,0.7868561641875846,0.7869583522381227,-0.00010218805053807678,0.5115454699383656,0.5113513078845168,0.00019416205384881202
Random Forest,momentum,0.05,15,7804605191569714480,0.8463855421686747,0.8433734939759037,0.0030120481927710108,0.6851340911599162,0.6851381786819376,-4.087522021412049e-06,0.547486033519553,0.5351351351351351,0.012350898384417941,0.4434389140271493,0.4479638009049774,-0.004524886877828094,0.49,0.4876847290640394,0.002315270935960567,0.7699256479744285,0.7704325007050977,-0.0005068527306691939,0.4641844234644762,0.4655563436463505,-0.0013719201818743199
Logistic Regression,momentum,0.05,16,2781235738823151961,0.8072289156626506,0.8064759036144579,0.0007530120481927804,0.7105380405236933,0.7082755970847793,0.002262443438914019,0.43859649122807015,0.43661971830985913,0.0019767729182110227,0.5656108597285068,0.5610859728506787,0.004524886877828038,0.49407114624505927,0.4910891089108911,0.002982037334168186,0.7868561641875846,0.7867131009168313,0.0001430632707533075,0.5115454699383656,0.5109457968147096,0.0005996731236559416
Random Forest,momentum,0.05,16,2781235738823151961,0.8463855421686747,0.8441265060240963,0.0022590361445783413,0.6851340911599162,0.6819683053542451,0.003165785805671062,0.547486033519553,0.5388888888888889,0.008597144630664189,0.4434389140271493,0.43891402714932126,0.004524886877828038,0.49,0.4837905236907731,0.006209476309226913,0.7699256479744285,0.771409418468242,-0.00148377049381343,0.4641844234644762,0.4659491299748908,-0.0017647065104146042
Logistic Regression,momentum,0.05,17,5940189047150851445,0.8072289156626506,0.8079819277108434,-0.0007530120481927804,0.7105380405236933,0.7109897117070718,-0.0004516711833785214,0.43859649122807015,0.44014084507042256,-0.0015443538423524084,0.5656108597285068,0.5656108597285068,0.0,0.49407114624505927,0.49504950495049505,-0.0009783587054357779,0.7868561641875846,0.7871668158612204,-0.0003106516736357534,0.5115454699383656,0.511940507892656,-0.00039503795429041144
Random Forest,momentum,0.05,17,5940189047150851445,0.8463855421686747,0.8441265060240963,0.0022590361445783413,0.6851340911599162,0.6837790776097806,0.0013550135501355642,0.547486033519553,0.5384615384615384,0.009024495058014614,0.4434389140271493,0.4434389140271493,0.0,0.49,0.48635235732009924,0.0036476426799007533,0.7699256479744285,0.7691408437462957,0.0007848042281328738,0.4641844234644762,0.4644742035158155,-0.0002897800513392834
Logistic Regression,momentum,0.05,18,18276353447319974674,0.8072289156626506,0.8072289156626506,0.0,0.7105380405236933,0.7087272682681578,0.0018107722555354977,0.43859649122807015,0.4381625441696113,0.00043394705845883896,0.5656108597285068,0.5610859728506787,0.004524886877828038,0.49407114624505927,0.49206349206349204,0.002007654181567231,0.7868561641875846,0.7866844882626806,0.00017167592490408,0.5115454699383656,0.5112355878706527,0.0003098820677128744
Random Forest,momentum,0.05,18,18276353447319974674,0.8463855421686747,0.8403614457831325,0.0060240963855421326,0.6851340911599162,0.6815207216928881,0.0036133694670280603,0.547486033519553,0.5240641711229946,0.023421862396558413,0.4434389140271493,0.4434389140271493,0.0,0.49,0.4803921568627451,0.009607843137254879,0.7699256479744285,0.7694433203758885,0.00048232759854005547,0.4641844234644762,0.46313274537010984,0.0010516780943663484
Logistic Regression,momentum,0.05,19,1505670713971245991,0.8072289156626506,0.8072289156626506,0.0,0.7105380405236933,0.7105380405236933,0.0,0.43859649122807015,0.43859649122807015,0.0,0.5656108597285068,0.5656108597285068,0.0,0.49407114624505927,0.49407114624505927,0.0,0.7868561641875846,0.7869297395839719,-7.357539638730426e-05,0.5115454699383656,0.5110761981596296,0.00046927177873601345
Random Forest,momentum,0.05,19,1505670713971245991,0.8463855421686747,0.8441265060240963,0.0022590361445783413,0.6851340911599162,0.6837790776097806,0.0013550135501355642,0.547486033519553,0.5384615384615384,0.009024495058014614,0.4434389140271493,0.4434389140271493,0.0,0.49,0.48635235732009924,0.0036476426799007533,0.7699256479744285,0.7693206947152428,0.0006049532591857476,0.4641844234644762,0.4645039568781015,-0.00031953341362528365
Logistic Regression,momentum,0.05,20,12315064891872000742,0.8072289156626506,0.8072289156626506,0.0,0.7105380405236933,0.7105380405236933,0.0,0.43859649122807015,0.43859649122807015,0.0,0.5656108597285068,0.5656108597285068,0.0,0.49407114624505927,0.49407114624505927,0.0,0.7868561641875846,0.7867090133948097,0.00014715079277494159,0.5115454699383656,0.5110061083959304,0.0005393615424351683
Random Forest,momentum,0.05,20,12315064891872000742,0.8463855421686747,0.8448795180722891,0.001506024096385561,0.6851340911599162,0.6842307487931591,0.0009033423667570428,0.547486033519553,0.5414364640883977,0.0060495694311553105,0.4434389140271493,0.4434389140271493,0.0,0.49,0.48756218905472637,0.002437810945273622,0.7699256479744285,0.7693452198473719,0.0005804281270566092,0.4641844234644762,0.46259942132727316,0.0015850021372030287
Logistic Regression,momentum,0.05,21,991457957368454697,0.8072289156626506,0.8072289156626506,0.0,0.7105380405236933,0.7087272682681578,0.0018107722555354977,0.43859649122807015,0.4381625441696113,0.00043394705845883896,0.5656108597285068,0.5610859728506787,0.004524886877828038,0.49407114624505927,0.49206349206349204,0.002007654181567231,0.7868561641875846,0.7864964622496903,0.00035970193789436333,0.5115454699383656,0.5104770814573234,0.0010683884810421818
Random Forest,momentum,0.05,21,991457957368454697,0.8463855421686747,0.8456325301204819,0.0007530120481927804,0.6851340911599162,0.6864931922320732,-0.0013591010721569763,0.547486033519553,0.5439560439560439,0.0035299895635091394,0.4434389140271493,0.4479638009049774,-0.004524886877828094,0.49,0.4913151364764268,-0.0013151364764267814,0.7699256479744285,0.7695455084264267,0.00038013954800186767,0.4641844234644762,0.4645598956197782,-0.0003754721553019813
Logistic Regression,momentum,0.05,22,9202505995869258240,0.8072289156626506,0.8064759036144579,0.0007530120481927804,0.7105380405236933,0.7082755970847793,0.002262443438914019,0.43859649122807015,0.43661971830985913,0.0019767729182110227,0.5656108597285068,0.5610859728506787,0.004524886877828038,0.49407114624505927,0.4910891089108911,0.002982037334168186,0.7868561641875846,0.7867866763132185,6.948787436611426e-05,0.5115454699383656,0.5115913135205875,-4.584358222192719e-05
Random Forest,momentum,0.05,22,9202505995869258240,0.8463855421686747,0.8463855421686747,0.0,0.6851340911599162,0.6887556356709872,-0.0036215445110709954,0.547486033519553,0.546448087431694,0.0010379460878590097,0.4434389140271493,0.45248868778280543,-0.009049773755656132,0.49,0.49504950495049505,-0.005049504950495054,0.7699256479744285,0.7695822961246204,0.00034335184980816,0.4641844234644762,0.4626147073022282,0.0015697161622479916
Logistic Regression,momentum,0.05,23,9813653113729644228,0.8072289156626506,0.8094879518072289,-0.0022590361445782303,0.7105380405236933,0.7118930540738289,-0.0013550135501355642,0.43859649122807015,0.4432624113475177,-0.004665920119447553,0.5656108597285068,0.5656108597285068,0.0,0.49407114624505927,0.4970178926441352,-0.002946746399075939,0.7868561641875846,0.7865986503002285,0.00025751388735617553,0.5115454699383656,0.5120801714059824,-0.0005347014676168049
Random Forest,momentum,0.05,23,9813653113729644228,0.8463855421686747,0.8418674698795181,0.004518072289156572,0.6851340911599162,0.6824240640596451,0.0027100271002711285,0.547486033519553,0.5297297297297298,0.01775630378982329,0.4434389140271493,0.4434389140271493,0.0,0.49,0.4827586206896552,0.007241379310344798,0.7699256479744285,0.7701218490314617,-0.00019620105703321844,0.4641844234644762,0.46541985934718844,-0.0012354358827122436
Logistic Regression,momentum,0.05,24,10451841631548980202,0.8072289156626506,0.8079819277108434,-0.0007530120481927804,0.7105380405236933,0.7091789394515363,0.0013591010721569763,0.43859649122807015,0.4397163120567376,-0.0011198208286674616,0.5656108597285068,0.5610859728506787,0.004524886877828038,0.49407114624505927,0.49304174950298213,0.0010293967420771377,0.7868561641875846,0.7862920861486142,0.0005640780389704059,0.5115454699383656,0.5108096921113487,0.0007357778270168369
Random Forest,momentum,0.05,24,10451841631548980202,0.8463855421686747,0.8433734939759037,0.0030120481927710108,0.6851340911599162,0.6869489509374732,-0.0018148597775570208,0.547486033519553,0.5347593582887701,0.012726675230782969,0.4434389140271493,0.45248868778280543,-0.009049773755656132,0.49,0.49019607843137253,-0.00019607843137253722,0.7699256479744285,0.7711396420148213,-0.0012139940403927962,0.4641844234644762,0.4645109848967398,-0.0003265614322636168
Logistic Regression,momentum,0.05,25,10857746458531561485,0.8072289156626506,0.8064759036144579,0.0007530120481927804,0.7105380405236933,0.7082755970847793,0.002262443438914019,0.43859649122807015,0.43661971830985913,0.0019767729182110227,0.5656108597285068,0.5610859728506787,0.004524886877828038,0.49407114624505927,0.4910891089108911,0.002982037334168186,0.7868561641875846,0.7876000931955021,-0.000743929007917421,0.5115454699383656,0.5124977907031036,-0.0009523207647380572
Random Forest,momentum,0.05,25,10857746458531561485,0.8463855421686747,0.8456325301204819,0.0007530120481927804,0.6851340911599162,0.6846824199765376,0.00045167118337863243,0.547486033519553,0.5444444444444444,0.0030415890751086527,0.4434389140271493,0.4434389140271493,0.0,0.49,0.48877805486284287,0.001221945137157121,0.7699256479744285,0.7715851819151676,-0.001659533940739033,0.4641844234644762,0.46550447450825194,-0.0013200510437757496
Logistic Regression,momentum,0.05,26,11111265707376681236,0.8072289156626506,0.8087349397590361,-0.0015060240963854499,0.7105380405236933,0.7114413828904503,-0.0009033423667570428,0.43859649122807015,0.4416961130742049,-0.00309962184613477,0.5656108597285068,0.5656108597285068,0.0,0.49407114624505927,0.49603174603174605,-0.0019605997866867786,0.7868561641875846,0.7867417135709819,0.00011445061660275702,0.5115454699383656,0.5112097429171091,0.00033572702125650444
Random Forest,momentum,0.05,26,11111265707376681236,0.8463855421686747,0.8433734939759037,0.0030120481927710108,0.6851340911599162,0.6851381786819376,-4.087522021412049e-06,0.547486033519553,0.5351351351351351,0.012350898384417941,0.4434389140271493,0.4479638009049774,-0.004524886877828094,0.49,0.4876847290640394,0.002315270935960567,0.7699256479744285,0.7695414209044051,0.00038422707002339074,0.4641844234644762,0.46487742976986474,-0.0006930063053885438
Logistic Regression,momentum,0.05,27,17621902964703697264,0.8072289156626506,0.8049698795180723,0.0022590361445783413,0.7105380405236933,0.7073722547180223,0.003165785805670951,0.43859649122807015,0.43356643356643354,0.005030057661636611,0.5656108597285068,0.5610859728506787,0.004524886877828038,0.49407114624505927,0.4891518737672584,0.0049192724778008845,0.7868561641875846,0.7862348608403128,0.0006213033472718399,0.5115454699383656,0.5116152841590164,-6.98142206507768e-05
Random Forest,momentum,0.05,27,17621902964703697264,0.8463855421686747,0.8426204819277109,0.003765060240963791,0.6851340911599162,0.6828757352430236,0.002258355916892607,0.547486033519553,0.532608695652174,0.014877337867379103,0.4434389140271493,0.4434389140271493,0.0,0.49,0.4839506172839506,0.0060493827160493785,0.7699256479744285,0.7691694564004464,0.0007561915739821012,0.4641844234644762,0.4638312907924424,0.0003531326720337957
Logistic Regression,momentum,0.05,28,17665949780433452374,0.8072289156626506,0.8064759036144579,0.0007530120481927804,0.7105380405236933,0.7082755970847793,0.002262443438914019,0.43859649122807015,0.43661971830985913,0.0019767729182110227,0.5656108597285068,0.5610859728506787,0.004524886877828038,0.49407114624505927,0.4910891089108911,0.002982037334168186,0.7868561641875846,0.7857893209399666,0.0010668432476180767,0.5115454699383656,0.5106880181395708,0.0008574517987948171
Random Forest,momentum,0.05,28,17665949780433452374,0.8463855421686747,0.8418674698795181,0.004518072289156572,0.6851340911599162,0.6842348363151807,0.0008992548447355198,0.547486033519553,0.5294117647058824,0.01807426881367069,0.4434389140271493,0.4479638009049774,-0.004524886877828094,0.49,0.4852941176470588,0.004705882352941171,0.7699256479744285,0.7684541400466797,0.0014715079277488607,0.4641844234644762,0.4642476406535941,-6.321718911789231e-05
Logistic Regression,momentum,0.05,29,14167629508239305910,0.8072289156626506,0.8057228915662651,0.001506024096385561,0.7105380405236933,0.7078239259014008,0.0027141146222925405,0.43859649122807015,0.43508771929824563,0.003508771929824517,0.5656108597285068,0.5610859728506787,0.004524886877828038,0.49407114624505927,0.4901185770750988,0.0039525691699604515,0.7868561641875846,0.7863860991551093,0.00047006503247537523,0.5115454699383656,0.5113283551819763,0.00021711475638930278
Random Forest,momentum,0.05,29,14167629508239305910,0.8463855421686747,0.8463855421686747,0.0,0.6851340911599162,0.6869448634154517,-0.0018107722555354977,0.547486033519553,0.5469613259668509,0.000524707552702175,0.4434389140271493,0.4479638009049774,-0.004524886877828094,0.49,0.4925373134328358,-0.0025373134328358082,0.7699256479744285,0.7696231713448355,0.00030247662959304034,0.4641844234644762,0.46609826438203267,-0.0019138409175564752
Logistic Regression,momentum,0.1,0,13805549536201758318,0.8072289156626506,0.8079819277108434,-0.0007530120481927804,0.7105380405236933,0.7109897117070718,-0.0004516711833785214,0.43859649122807015,0.44014084507042256,-0.0015443538423524084,0.5656108597285068,0.5656108597285068,0.0,0.49407114624505927,0.49504950495049505,-0.0009783587054357779,0.7868561641875846,0.7861612854439254,0.0006948787436592552,0.5115454699383656,0.5111824500271068,0.0003630199112587551
Random Forest,momentum,0.1,0,13805549536201758318,0.8463855421686747,0.8441265060240963,0.0022590361445783413,0.6851340911599162,0.6874006221208516,-0.002266530960935431,0.547486033519553,0.5376344086021505,0.009851624917402546,0.4434389140271493,0.45248868778280543,-0.009049773755656132,0.49,0.4914004914004914,-0.0014004914004914215,0.7699256479744285,0.7694882831181253,0.00043736485630319066,0.4641844234644762,0.4655187410290767,-0.0013343175646005068
Logistic Regression,momentum,0.1,1,5253297236288529485,0.8072289156626506,0.8049698795180723,0.0022590361445783413,0.7105380405236933,0.7091830269735578,0.0013550135501354532,0.43859649122807015,0.4340277777777778,0.004568713450292361,0.5656108597285068,0.5656108597285068,0.0,0.49407114624505927,0.4911591355599214,0.0029120106851378558,0.7868561641875846,0.786095885091581,0.0007602790960036243,0.5115454699383656,0.5103933518927114,0.0011521180456541824
Random Forest,momentum,0.1,1,5253297236288529485,0.8463855421686747,0.8448795180722891,0.001506024096385561,0.6851340911599162,0.6860415210486946,-0.0009074298887784549,0.547486033519553,0.5409836065573771,0.006502426962175956,0.4434389140271493,0.4479638009049774,-0.004524886877828094,0.49,0.4900990099009901,-9.90099009900991e-05,0.7699256479744285,0.7690795309159728,0.0008461170584557198,0.4641844234644762,0.4638711493716776,0.00031327409279857665
Logistic Regression,momentum,0.1,2,5871854799968773732,0.8072289156626506,0.8049698795180723,0.0022590361445783413,0.7105380405236933,0.7073722547180223,0.003165785805670951,0.43859649122807015,0.43356643356643354,0.005030057661636611,0.5656108597285068,0.5610859728506787,0.004524886877828038,0.49407114624505927,0.4891518737672584,0.0049192724778008845,0.7868561641875846,0.7871259406410052,-0.0002697764534205227,0.5115454699383656,0.5120603398164547,-0.0005148698780891303
Random Forest,momentum,0.1,2,5871854799968773732,0.8463855421686747,0.8418674698795181,0.004518072289156572,0.6851340911599162,0.6824240640596451,0.0027100271002711285,0.547486033519553,0.5297297297297298,0.01775630378982329,0.4434389140271493,0.4434389140271493,0.0,0.49,0.4827586206896552,0.007241379310344798,0.7699256479744285,0.7709352659137451,-0.0010096179393165317,0.4641844234644762,0.4664340802530522,-0.0022496567885760266
Logistic Regression,momentum,0.1,3,16501645460132026507,0.8072289156626506,0.8064759036144579,0.0007530120481927804,0.7105380405236933,0.7100863693403148,0.0004516711833785214,0.43859649122807015,0.4370629370629371,0.0015335541651330664,0.5656108597285068,0.5656108597285068,0.0,0.49407114624505927,0.4930966469428008,0.000974499302258458,0.7868561641875846,0.7867253634828958,0.0001308007046888493,0.5115454699383656,0.511154415409743,0.0003910545286225364
Random Forest,momentum,0.1,3,16501645460132026507,0.8463855421686747,0.8441265060240963,0.0022590361445783413,0.6851340911599162,0.6855898498653161,-0.00045575870539993346,0.547486033519553,0.5380434782608695,0.009442555258683538,0.4434389140271493,0.4479638009049774,-0.004524886877828094,0.49,0.4888888888888889,0.0011111111111111183,0.7699256479744285,0.7700932363773109,-0.0001675884028823349,0.4641844234644762,0.4626908252640023,0.0014935982004739001
Logistic Regression,momentum,0.1,4,8061681573184889161,0.8072289156626506,0.8042168674698795,0.003012048192771122,0.7105380405236933,0.7069205835346438,0.0036174569890494723,0.43859649122807015,0.43205574912891986,0.006540742099150287,0.5656108597285068,0.5610859728506787,0.004524886877828038,0.49407114624505927,0.4881889763779528,0.00588216986710649,0.7868561641875846,0.7869011269298213,-4.496274223664276e-05,0.5115454699383656,0.5116493092584714,-0.0001038393201058252
Random Forest,momentum,0.1,4,8061681573184889161,0.8463855421686747,0.8433734939759037,0.0030120481927710108,0.6851340911599162,0.6869489509374732,-0.0018148597775570208,0.547486033519553,0.5347593582887701,0.012726675230782969,0.4434389140271493,0.45248868778280543,-0.009049773755656132,0.49,0.49019607843137253,-0.00019607843137253722,0.7699256479744285,0.7718386082805021,-0.0019129603060735745,0.4641844234644762,0.46476805979783337,-0.0005836363333571737
Logistic Regression,momentum,0.1,5,10059873626501333938,0.8072289156626506,0.8064759036144579,0.0007530120481927804,0.7105380405236933,0.7082755970847793,0.002262443438914019,0.43859649122807015,0.43661971830985913,0.0019767729182110227,0.5656108597285068,0.5610859728506787,0.004524886877828038,0.49407114624505927,0.4910891089108911,0.002982037334168186,0.7868561641875846,0.7868193764893908,3.678769819381866e-05,0.5115454699383656,0.5110199165234994,0.0005255534148661534
Random Forest,momentum,0.1,5,10059873626501333938,0.8463855421686747,0.8433734939759037,0.0030120481927710108,0.6851340911599162,0.6851381786819376,-4.087522021412049e-06,0.547486033519553,0.5351351351351351,0.012350898384417941,0.4434389140271493,0.4479638009049774,-0.004524886877828094,0.49,0.4876847290640394,0.002315270935960567,0.7699256479744285,0.7686462535816913,0.0012793943927372764,0.4641844234644762,0.4621840275484408,0.0020003959160354023
Logistic Regression,momentum,0.1,6,12361099870818672722,0.8072289156626506,0.8087349397590361,-0.0015060240963854499,0.7105380405236933,0.7096306106349148,0.0009074298887784549,0.43859649122807015,0.4412811387900356,-0.0026846475619654586,0.5656108597285068,0.5610859728506787,0.004524886877828038,0.49407114624505927,0.4940239043824701,4.7241862589142425e-05,0.7868561641875846,0.7867008383507665,0.00015532583681809875,0.5115454699383656,0.5119134143219114,-0.00036794438354581516
Random Forest,momentum,0.1,6,12361099870818672722,0.8463855421686747,0.8448795180722891,0.001506024096385561,0.6851340911599162,0.6878522933042301,-0.0027182021443139526,0.547486033519553,0.5405405405405406,0.00694549297901248,0.4434389140271493,0.45248868778280543,-0.009049773755656132,0.49,0.49261083743842365,-0.0026108374384236632,0.7699256479744285,0.768768879242337,0.0011567687320914732,0.4641844234644762,0.4642161060685206,-3.168260404440293e-05
Logistic Regression,momentum,0.1,7,13712970849288253852,0.8072289156626506,0.8064759036144579,0.0007530120481927804,0.7105380405236933,0.7100863693403148,0.0004516711833785214,0.43859649122807015,0.4370629370629371,0.0015335541651330664,0.5656108597285068,0.5656108597285068,0.0,0.49407114624505927,0.4930966469428008,0.000974499302258458,0.7868561641875846,0.7854786692663307,0.0013774949212539411,0.5115454699383656,0.5112393324140477,0.000306137524317851
Random Forest,momentum,0.1,7,13712970849288253852,0.8463855421686747,0.8463855421686747,0.0,0.6851340911599162,0.6941879524375938,-0.0090538612776776,0.547486033519553,0.544973544973545,0.0025124885460080515,0.4434389140271493,0.4660633484162896,-0.022624434389140302,0.49,0.5024390243902439,-0.012439024390243913,0.7699256479744285,0.7706900145924536,-0.0007643666180250364,0.4641844234644762,0.4686738915543085,-0.004489468089832305
Logistic Regression,momentum,0.1,8,3932882743582065750,0.8072289156626506,0.8072289156626506,0.0,0.7105380405236933,0.7123488127792288,-0.0018107722555354977,0.43859649122807015,0.43902439024390244,-0.0004278990158322893,0.5656108597285068,0.5701357466063348,-0.004524886877828038,0.49407114624505927,0.49606299212598426,-0.0019918458809249917,0.7868561641875846,0.7853356059955774,0.0015205581920072486,0.5115454699383656,0.5107803622682837,0.000765107670081866
Random Forest,momentum,0.1,8,3932882743582065750,0.8463855421686747,0.8411144578313253,0.005271084337349352,0.6851340911599162,0.6819723928762667,0.003161698283649539,0.547486033519553,0.5268817204301075,0.020604313089445547,0.4434389140271493,0.4434389140271493,0.0,0.49,0.48157248157248156,0.008427518427518432,0.7699256479744285,0.7669376693766936,0.0029879785977349194,0.4641844234644762,0.46104453100283016,0.003139892461646032
Logistic Regression,momentum,0.1,9,9972205875216889716,0.8072289156626506,0.8064759036144579,0.0007530120481927804,0.7105380405236933,0.7082755970847793,0.002262443438914019,0.43859649122807015,0.43661971830985913,0.0019767729182110227,0.5656108597285068,0.5610859728506787,0.004524886877828038,0.49407114624505927,0.4910891089108911,0.002982037334168186,0.7868561641875846,0.786112235179667,0.000743929007917643,0.5115454699383656,0.5127339270228641,-0.001188457084498551
Random Forest,momentum,0.1,9,9972205875216889716,0.8463855421686747,0.8441265060240963,0.0022590361445783413,0.6851340911599162,0.6874006221208516,-0.002266530960935431,0.547486033519553,0.5376344086021505,0.009851624917402546,0.4434389140271493,0.45248868778280543,-0.009049773755656132,0.49,0.4914004914004914,-0.0014004914004914215,0.7699256479744285,0.7709761411339603,-0.0010504931595317624,0.4641844234644762,0.46863552069701525,-0.0044510972325390585
Logistic Regression,momentum,0.1,10,9113441190203194902,0.8072289156626506,0.8072289156626506,0.0,0.7105380405236933,0.7123488127792288,-0.0018107722555354977,0.43859649122807015,0.43902439024390244,-0.0004278990158322893,0.5656108597285068,0.5701357466063348,-0.004524886877828038,0.49407114624505927,0.49606299212598426,-0.0019918458809249917,0.7868561641875846,0.7870728028547254,-0.00021663866714072277,0.5115454699383656,0.5130044485717135,-0.0014589786333478738
Random Forest,momentum,0.1,10,9113441190203194902,0.8463855421686747,0.8418674698795181,0.004518072289156572,0.6851340911599162,0.6824240640596451,0.0027100271002711285,0.547486033519553,0.5297297297297298,0.01775630378982329,0.4434389140271493,0.4434389140271493,0.0,0.49,0.4827586206896552,0.007241379310344798,0.7699256479744285,0.7701545492076339,-0.000228901233205403,0.4641844234644762,0.46437075783607756,-0.000186334371601371
Logistic Regression,momentum,0.1,11,4853746616311732882,0.8072289156626506,0.8064759036144579,0.0007530120481927804,0.7105380405236933,0.7118971415958504,-0.0013591010721570873,0.43859649122807015,0.4375,0.001096491228070151,0.5656108597285068,0.5701357466063348,-0.004524886877828038,0.49407114624505927,0.4950884086444008,-0.001017262399341523,0.7868561641875846,0.7865496000359703,0.00030656415161434136,0.5115454699383656,0.5103695863686826,0.0011758835696830117
Random Forest,momentum,0.1,11,4853746616311732882,0.8463855421686747,0.8448795180722891,0.001506024096385561,0.6851340911599162,0.6878522933042301,-0.0027182021443139526,0.547486033519553,0.5405405405405406,0.00694549297901248,0.4434389140271493,0.45248868778280543,-0.009049773755656132,0.49,0.49261083743842365,-0.0026108374384236632,0.7699256479744285,0.7705183386675497,-0.0005926906931211784,0.4641844234644762,0.4639630649930535,0.0002213584714226835
Logistic Regression,momentum,0.1,12,16179747155125582186,0.8072289156626506,0.8072289156626506,0.0,0.7105380405236933,0.7123488127792288,-0.0018107722555354977,0.43859649122807015,0.43902439024390244,-0.0004278990158322893,0.5656108597285068,0.5701357466063348,-0.004524886877828038,0.49407114624505927,0.49606299212598426,-0.0019918458809249917,0.7868561641875846,0.7858547212923109,0.0010014428952737076,0.5115454699383656,0.5106620874268009,0.0008833825115647231
Random Forest,momentum,0.1,12,16179747155125582186,0.8463855421686747,0.8441265060240963,0.0022590361445783413,0.6851340911599162,0.6837790776097806,0.0013550135501355642,0.547486033519553,0.5384615384615384,0.009024495058014614,0.4434389140271493,0.4434389140271493,0.0,0.49,0.48635235732009924,0.0036476426799007533,0.7699256479744285,0.768217063769431,0.001708584204997532,0.4641844234644762,0.4645121085053912,-0.0003276850409150156
Logistic Regression,momentum,0.1,13,8617618387258693729,0.8072289156626506,0.8079819277108434,-0.0007530120481927804,0.7105380405236933,0.7091789394515363,0.0013591010721569763,0.43859649122807015,0.4397163120567376,-0.0011198208286674616,0.5656108597285068,0.5610859728506787,0.004524886877828038,0.49407114624505927,0.49304174950298213,0.0010293967420771377,0.7868561641875846,0.7864310618973461,0.00042510229023851043,0.5115454699383656,0.5109016489543026,0.0006438209840630149
Random Forest,momentum,0.1,13,8617618387258693729,0.8463855421686747,0.8426204819277109,0.003765060240963791,0.6851340911599162,0.6828757352430236,0.002258355916892607,0.547486033519553,0.532608695652174,0.014877337867379103,0.4434389140271493,0.4434389140271493,0.0,0.49,0.4839506172839506,0.0060493827160493785,0.7699256479744285,0.7660915523182382,0.003834095656190306,0.4641844234644762,0.4634397921277903,0.000744631336685897
Logistic Regression,momentum,0.1,14,9541725740578284692,0.8072289156626506,0.8049698795180723,0.0022590361445783413,0.7105380405236933,0.7091830269735578,0.0013550135501354532,0.43859649122807015,0.4340277777777778,0.004568713450292361,0.5656108597285068,0.5656108597285068,0.0,0.49407114624505927,0.4911591355599214,0.0029120106851378558,0.7868561641875846,0.7860304847392365,0.0008256794483481045,0.5115454699383656,0.5109177283549898,0.0006277415833757516
Random Forest,momentum,0.1,14,9541725740578284692,0.8463855421686747,0.8456325301204819,0.0007530120481927804,0.6851340911599162,0.6901147367431442,-0.004980645583227972,0.547486033519553,0.543010752688172,0.0044752808313810455,0.4434389140271493,0.45701357466063347,-0.01357466063348417,0.49,0.4963144963144963,-0.006314496314496321,0.7699256479744285,0.7698765977101701,4.905026425838788e-05,0.4641844234644762,0.4620690629138986,0.002115360550577594
Logistic Regression,momentum,0.1,15,10028564458990147249,0.8072289156626506,0.8049698795180723,0.0022590361445783413,0.7105380405236933,0.7109937992290933,-0.0004557587054000445,0.43859649122807015,0.43448275862068964,0.004113732607380516,0.5656108597285068,0.5701357466063348,-0.004524886877828038,0.49407114624505927,0.4931506849315068,0.0009204613135524453,0.7868561641875846,0.787125940641005,-0.0002697764534204117,0.5115454699383656,0.5120159257940846,-0.0004704558557190319
Random Forest,momentum,0.1,15,10028564458990147249,0.8463855421686747,0.8403614457831325,0.0060240963855421326,0.6851340911599162,0.6851422662039591,-8.17504404293512e-06,0.547486033519553,0.5235602094240838,0.023925824095469284,0.4434389140271493,0.45248868778280543,-0.009049773755656132,0.49,0.4854368932038835,0.0045631067961164895,0.7699256479744285,0.7706573144162815,-0.0007316664418529628,0.4641844234644762,0.46487655715735604,-0.0006921336928798483
Logistic Regression,momentum,0.1,16,8230600937388707635,0.8072289156626506,0.8072289156626506,0.0,0.7105380405236933,0.7123488127792288,-0.0018107722555354977,0.43859649122807015,0.43902439024390244,-0.0004278990158322893,0.5656108597285068,0.5701357466063348,-0.004524886877828038,0.49407114624505927,0.49606299212598426,-0.0019918458809249917,0.7868561641875846,0.7866272629543791,0.00022890123320551403,0.5115454699383656,0.5094968876705878,0.002048582267777821
Random Forest,momentum,0.1,16,8230600937388707635,0.8463855421686747,0.8441265060240963,0.0022590361445783413,0.6851340911599162,0.6837790776097806,0.0013550135501355642,0.547486033519553,0.5384615384615384,0.009024495058014614,0.4434389140271493,0.4434389140271493,0.0,0.49,0.48635235732009924,0.0036476426799007533,0.7699256479744285,0.7715075189967586,-0.0015818710223300947,0.4641844234644762,0.46614721920150165,-0.001962795737025458
Logistic Regression,momentum,0.1,17,10669384035995101813,0.8072289156626506,0.8079819277108434,-0.0007530120481927804,0.7105380405236933,0.7091789394515363,0.0013591010721569763,0.43859649122807015,0.4397163120567376,-0.0011198208286674616,0.5656108597285068,0.5610859728506787,0.004524886877828038,0.49407114624505927,0.49304174950298213,0.0010293967420771377,0.7868561641875846,0.7874284172705981,-0.000572253083013452,0.5115454699383656,0.5125678156132174,-0.0010223456748518212
Random Forest,momentum,0.1,17,10669384035995101813,0.8463855421686747,0.8418674698795181,0.004518072289156572,0.6851340911599162,0.6842348363151807,0.0008992548447355198,0.547486033519553,0.5294117647058824,0.01807426881367069,0.4434389140271493,0.4479638009049774,-0.004524886877828094,0.49,0.4852941176470588,0.004705882352941171,0.7699256479744285,0.7683846521723138,0.001540995802114753,0.4641844234644762,0.46559786523351143,-0.0014134417690352397
Logistic Regression,momentum,0.1,18,8525389619611467553,0.8072289156626506,0.8049698795180723,0.0022590361445783413,0.7105380405236933,0.7055614824624867,0.00497655806120656,0.43859649122807015,0.43309859154929575,0.005497899678774398,0.5656108597285068,0.5565610859728507,0.009049773755656076,0.49407114624505927,0.4871287128712871,0.00694243337377215,0.7868561641875846,0.7863533989789371,0.0005027652086475598,0.5115454699383656,0.5109299824047296,0.0006154875336359389
Random Forest,momentum,0.1,18,8525389619611467553,0.8463855421686747,0.8411144578313253,0.005271084337349352,0.6851340911599162,0.6819723928762667,0.003161698283649539,0.547486033519553,0.5268817204301075,0.020604313089445547,0.4434389140271493,0.4434389140271493,0.0,0.49,0.48157248157248156,0.008427518427518432,0.7699256479744285,0.7702894374343443,-0.0003637894599157754,0.4641844234644762,0.463866487992115,0.0003179354723611971
Logistic Regression,momentum,0.1,19,7735026417462562404,0.8072289156626506,0.8064759036144579,0.0007530120481927804,0.7105380405236933,0.7100863693403148,0.0004516711833785214,0.43859649122807015,0.4370629370629371,0.0015335541651330664,0.5656108597285068,0.5656108597285068,0.0,0.49407114624505927,0.4930966469428008,0.000974499302258458,0.7868561641875846,0.7869542647161012,-9.810052851655371e-05,0.5115454699383656,0.5113286530201119,0.00021681691825370386
Random Forest,momentum,0.1,19,7735026417462562404,0.8463855421686747,0.8433734939759037,0.0030120481927710108,0.6851340911599162,0.6833274064264021,0.0018066847335140857,0.547486033519553,0.5355191256830601,0.011966907836492902,0.4434389140271493,0.4434389140271493,0.0,0.49,0.48514851485148514,0.004851485148514856,0.7699256479744285,0.7694719330300391,0.00045371494438939397,0.4641844234644762,0.46394964220438767,0.0002347812600885235
Logistic Regression,momentum,0.1,20,1141122020156255677,0.8072289156626506,0.8064759036144579,0.0007530120481927804,0.7105380405236933,0.7082755970847793,0.002262443438914019,0.43859649122807015,0.43661971830985913,0.0019767729182110227,0.5656108597285068,0.5610859728506787,0.004524886877828038,0.49407114624505927,0.4910891089108911,0.002982037334168186,0.7868561641875846,0.7864760246395828,0.00038013954800186767,0.5115454699383656,0.5110979176196027,0.0004475523187629227
Random Forest,momentum,0.1,20,1141122020156255677,0.8463855421686747,0.8426204819277109,0.003765060240963791,0.6851340911599162,0.6828757352430236,0.002258355916892607,0.547486033519553,0.532608695652174,0.014877337867379103,0.4434389140271493,0.4434389140271493,0.0,0.49,0.4839506172839506,0.0060493827160493785,0.7699256479744285,0.7697744096596322,0.00015123831479635363,0.4641844234644762,0.4626122370022273,0.0015721864622488813
Logistic Regression,momentum,0.1,21,7408723012011468071,0.8072289156626506,0.8072289156626506,0.0,0.7105380405236933,0.7087272682681578,0.0018107722555354977,0.43859649122807015,0.4381625441696113,0.00043394705845883896,0.5656108597285068,0.5610859728506787,0.004524886877828038,0.49407114624505927,0.49206349206349204,0.002007654181567231,0.7868561641875846,0.7863820116330876,0.0004741525544970093,0.5115454699383656,0.510894772503562,0.0006506974348036154
Random Forest,momentum,0.1,21,7408723012011468071,0.8463855421686747,0.8448795180722891,0.001506024096385561,0.6851340911599162,0.6860415210486946,-0.0009074298887784549,0.547486033519553,0.5409836065573771,0.006502426962175956,0.4434389140271493,0.4479638009049774,-0.004524886877828094,0.49,0.4900990099009901,-9.90099009900991e-05,0.7699256479744285,0.7721860476523318,-0.0022603996779032576,0.4641844234644762,0.46964002810650135,-0.005455604642025158
Logistic Regression,momentum,0.1,22,753628628026821059,0.8072289156626506,0.8057228915662651,0.001506024096385561,0.7105380405236933,0.7078239259014008,0.0027141146222925405,0.43859649122807015,0.43508771929824563,0.003508771929824517,0.5656108597285068,0.5610859728506787,0.004524886877828038,0.49407114624505927,0.4901185770750988,0.0039525691699604515,0.7868561641875846,0.7866681381745945,0.0001880260129901723,0.5115454699383656,0.5115497809001448,-4.310961779219191e-06
Random Forest,momentum,0.1,22,753628628026821059,0.8463855421686747,0.8441265060240963,0.0022590361445783413,0.6851340911599162,0.6874006221208516,-0.002266530960935431,0.547486033519553,0.5376344086021505,0.009851624917402546,0.4434389140271493,0.45248868778280543,-0.009049773755656132,0.49,0.4914004914004914,-0.0014004914004914215,0.7699256479744285,0.7695945586906849,0.0003310892837435908,0.4641844234644762,0.4623079757292528,0.0018764477352233855
Logistic Regression,momentum,0.1,23,9288608483562297466,0.8072289156626506,0.8109939759036144,-0.003765060240963791,0.7105380405236933,0.7146071686961213,-0.004069128172427994,0.43859649122807015,0.44680851063829785,-0.0082120194102277,0.5656108597285068,0.5701357466063348,-0.004524886877828038,0.49407114624505927,0.5009940357852882,-0.00692288954022896,0.7868561641875846,0.7861980731421191,0.0006580910454655475,0.5115454699383656,0.5113933571470539,0.00015211279131166489
Random Forest,momentum,0.1,23,9288608483562297466,0.8463855421686747,0.8426204819277109,0.003765060240963791,0.6851340911599162,0.6864972797540947,-0.0013631885941784994,0.547486033519553,0.5319148936170213,0.015571139902531783,0.4434389140271493,0.45248868778280543,-0.009049773755656132,0.49,0.4889975550122249,0.0010024449877750752,0.7699256479744285,0.7707962901650133,-0.0008706421905847472,0.4641844234644762,0.4657821589649098,-0.001597735500433628
Logistic Regression,momentum,0.1,24,12059799796563463753,0.8072289156626506,0.8072289156626506,0.0,0.7105380405236933,0.7087272682681578,0.0018107722555354977,0.43859649122807015,0.4381625441696113,0.00043394705845883896,0.5656108597285068,0.5610859728506787,0.004524886877828038,0.49407114624505927,0.49206349206349204,0.002007654181567231,0.7868561641875846,0.7855931198829333,0.0012630443046512951,0.5115454699383656,0.5102399191561093,0.0013055507822562484
Random Forest,momentum,0.1,24,12059799796563463753,0.8463855421686747,0.8433734939759037,0.0030120481927710108,0.6851340911599162,0.6905704954485443,-0.005436404288628127,0.547486033519553,0.5340314136125655,0.013454619906987597,0.4434389140271493,0.46153846153846156,-0.018099547511312264,0.49,0.49514563106796117,-0.005145631067961176,0.7699256479744285,0.772562099678312,-0.002636451703883491,0.4641844234644762,0.4642955569819242,-0.00011113351744801436
Logistic Regression,momentum,0.1,25,9539582223399191772,0.8072289156626506,0.8064759036144579,0.0007530120481927804,0.7105380405236933,0.7082755970847793,0.002262443438914019,0.43859649122807015,0.43661971830985913,0.0019767729182110227,0.5656108597285068,0.5610859728506787,0.004524886877828038,0.49407114624505927,0.4910891089108911,0.002982037334168186,0.7868561641875846,0.7883808099016133,-0.0015246457140286607,0.5115454699383656,0.5136743846861624,-0.0021289147477968617
Random Forest,momentum,0.1,25,9539582223399191772,0.8463855421686747,0.848644578313253,-0.0022590361445783413,0.6851340911599162,0.6919214214766582,-0.006787330316742057,0.547486033519553,0.554945054945055,-0.007459021425501922,0.4434389140271493,0.45701357466063347,-0.01357466063348417,0.49,0.5012406947890818,-0.011240694789081851,0.7699256479744285,0.7724885242819246,-0.002562876307496076,0.4641844234644762,0.46679734879286866,-0.002612925328392468
Logistic Regression,momentum,0.1,26,16125708702758706653,0.8072289156626506,0.8087349397590361,-0.0015060240963854499,0.7105380405236933,0.7132521551459858,-0.0027141146222925405,0.43859649122807015,0.4421052631578947,-0.0035087719298245723,0.5656108597285068,0.5701357466063348,-0.004524886877828038,0.49407114624505927,0.4980237154150198,-0.003952569169960507,0.7868561641875846,0.7866926633067235,0.0001635008808611449,0.5115454699383656,0.5109831334534802,0.0005623364848853507
Random Forest,momentum,0.1,26,16125708702758706653,0.8463855421686747,0.8396084337349398,0.006777108433734913,0.6851340911599162,0.6792582782539741,0.005875812905942079,0.547486033519553,0.521505376344086,0.025980657175467048,0.4434389140271493,0.43891402714932126,0.004524886877828038,0.49,0.47665847665847666,0.013341523341523331,0.7699256479744285,0.7699419980625145,-1.6350088085981263e-05,0.4641844234644762,0.46852880348101944,-0.004344380016543248
Logistic Regression,momentum,0.1,27,7530777741137261676,0.8072289156626506,0.8049698795180723,0.0022590361445783413,0.7105380405236933,0.7073722547180223,0.003165785805670951,0.43859649122807015,0.43356643356643354,0.005030057661636611,0.5656108597285068,0.5610859728506787,0.004524886877828038,0.49407114624505927,0.4891518737672584,0.0049192724778008845,0.7868561641875846,0.785441881568137,0.0014142826194476488,0.5115454699383656,0.510803914726071,0.0007415552122945757
Random Forest,momentum,0.1,27,7530777741137261676,0.8463855421686747,0.8403614457831325,0.0060240963855421326,0.6851340911599162,0.6815207216928881,0.0036133694670280603,0.547486033519553,0.5240641711229946,0.023421862396558413,0.4434389140271493,0.4434389140271493,0.0,0.49,0.4803921568627451,0.009607843137254879,0.7699256479744285,0.7681761885492158,0.0017494594252127627,0.4641844234644762,0.4642275748018284,-4.3151337352220764e-05
Logistic Regression,momentum,0.1,28,17584167721143569699,0.8072289156626506,0.8064759036144579,0.0007530120481927804,0.7105380405236933,0.7082755970847793,0.002262443438914019,0.43859649122807015,0.43661971830985913,0.0019767729182110227,0.5656108597285068,0.5610859728506787,0.004524886877828038,0.49407114624505927,0.4910891089108911,0.002982037334168186,0.7868561641875846,0.7849554664475755,0.0019006977400091163,0.5115454699383656,0.5107170877387324,0.0008283821996332152
Random Forest,momentum,0.1,28,17584167721143569699,0.8463855421686747,0.8441265060240963,0.0022590361445783413,0.6851340911599162,0.6892113943763872,-0.00407730321647104,0.547486033519553,0.5372340425531915,0.010251990966361535,0.4434389140271493,0.45701357466063347,-0.01357466063348417,0.49,0.4938875305623472,-0.0038875305623471967,0.7699256479744285,0.769525070816319,0.000400577158109483,0.4641844234644762,0.4664899517264819,-0.002305528262005696
Logistic Regression,momentum,0.1,29,7781396974594391997,0.8072289156626506,0.8079819277108434,-0.0007530120481927804,0.7105380405236933,0.7128004839626073,-0.002262443438914019,0.43859649122807015,0.4405594405594406,-0.0019629493313704227,0.5656108597285068,0.5701357466063348,-0.004524886877828038,0.49407114624505927,0.4970414201183432,-0.002970273873283913,0.7868561641875846,0.7858996840345477,0.0009564801530369538,0.5115454699383656,0.5111905229430365,0.00035494699532911955
Random Forest,momentum,0.1,29,7781396974594391997,0.8463855421686747,0.8456325301204819,0.0007530120481927804,0.6851340911599162,0.6864931922320732,-0.0013591010721569763,0.547486033519553,0.5439560439560439,0.0035299895635091394,0.4434389140271493,0.4479638009049774,-0.004524886877828094,0.49,0.4913151364764268,-0.0013151364764267814,0.7699256479744285,0.7702649123022149,-0.0003392643277864149,0.4641844234644762,0.46759559458322525,-0.0034111711187490568
Logistic Regression,momentum,0.2,0,15632057363475518580,0.8072289156626506,0.8057228915662651,0.001506024096385561,0.7105380405236933,0.7078239259014008,0.0027141146222925405,0.43859649122807015,0.43508771929824563,0.003508771929824517,0.5656108597285068,0.5610859728506787,0.004524886877828038,0.49407114624505927,0.4901185770750988,0.0039525691699604515,0.7868561641875846,0.7853396935175988,0.0015164706699858366,0.5115454699383656,0.5102712734575044,0.001274196480861134
Random Forest,momentum,0.2,0,15632057363475518580,0.8463855421686747,0.8433734939759037,0.0030120481927710108,0.6851340911599162,0.6887597231930087,-0.0036256320330925185,0.547486033519553,0.5343915343915344,0.013094499128018633,0.4434389140271493,0.45701357466063347,-0.01357466063348417,0.49,0.4926829268292683,-0.002682926829268295,0.7699256479744285,0.7712540926314241,-0.0013284446569955533,0.4641844234644762,0.4660600503703379,-0.0018756269058616826
Logistic Regression,momentum,0.2,1,13061362388242675159,0.8072289156626506,0.8072289156626506,0.0,0.7105380405236933,0.7105380405236933,0.0,0.43859649122807015,0.43859649122807015,0.0,0.5656108597285068,0.5656108597285068,0.0,0.49407114624505927,0.49407114624505927,0.0,0.7868561641875846,0.7849799915797047,0.0018761726078799779,0.5115454699383656,0.5096176982871342,0.0019277716512313692
Random Forest,momentum,0.2,1,13061362388242675159,0.8463855421686747,0.8471385542168675,-0.0007530120481927804,0.6851340911599162,0.6892073068543657,-0.004073215694449517,0.547486033519553,0.5494505494505495,-0.0019645159309964466,0.4434389140271493,0.45248868778280543,-0.009049773755656132,0.49,0.49627791563275436,-0.006277915632754372,0.7699256479744285,0.7698316349679333,9.401300649525268e-05,0.4641844234644762,0.46802085176328884,-0.003836428298812644
Logistic Regression,momentum,0.2,2,13657437763341649862,0.8072289156626506,0.8064759036144579,0.0007530120481927804,0.7105380405236933,0.7118971415958504,-0.0013591010721570873,0.43859649122807015,0.4375,0.001096491228070151,0.5656108597285068,0.5701357466063348,-0.004524886877828038,0.49407114624505927,0.4950884086444008,-0.001017262399341523,0.7868561641875846,0.7874079796604904,-0.0005518154729057256,0.5115454699383656,0.5137055746005463,-0.0021601046621807507
Random Forest,momentum,0.2,2,13657437763341649862,0.8463855421686747,0.8396084337349398,0.006777108433734913,0.6851340911599162,0.6810690505095096,0.004065040650406582,0.547486033519553,0.5212765957446809,0.02620943777487217,0.4434389140271493,0.4434389140271493,0.0,0.49,0.4792176039119804,0.010782396088019564,0.7699256479744285,0.7707840275989486,-0.000858379624520067,0.4641844234644762,0.46799689817371365,-0.0038124747092374567
Logistic Regression,momentum,0.2,3,16690087103425992552,0.8072289156626506,0.8102409638554217,-0.0030120481927710108,0.7105380405236933,0.7177770420238139,-0.007239001500120579,0.43859649122807015,0.445993031358885,-0.007396540130814866,0.5656108597285068,0.579185520361991,-0.013574660633484226,0.49407114624505927,0.5039370078740157,-0.009865861628956474,0.7868561641875846,0.7865986503002286,0.0002575138873560645,0.5115454699383656,0.5112883126540515,0.00025715728431408014
Random Forest,momentum,0.2,3,16690087103425992552,0.8463855421686747,0.8448795180722891,0.001506024096385561,0.6851340911599162,0.6914738378153013,-0.006339746655385059,0.547486033519553,0.5396825396825397,0.007803493837013398,0.4434389140271493,0.46153846153846156,-0.018099547511312264,0.49,0.4975609756097561,-0.007560975609756104,0.7699256479744285,0.7712009548451443,-0.0012753068707157533,0.4641844234644762,0.4631902171307738,0.0009942063337023965
Logistic Regression,momentum,0.2,4,798067345985610306,0.8072289156626506,0.8049698795180723,0.0022590361445783413,0.7105380405236933,0.7055614824624867,0.00497655806120656,0.43859649122807015,0.43309859154929575,0.005497899678774398,0.5656108597285068,0.5565610859728507,0.009049773755656076,0.49407114624505927,0.4871287128712871,0.00694243337377215,0.7868561641875846,0.7866436130424652,0.00021255114511942175,0.5115454699383656,0.5104913507464771,0.0010541191918884696
Random Forest,momentum,0.2,4,798067345985610306,0.8463855421686747,0.848644578313253,-0.0022590361445783413,0.6851340911599162,0.6973537382432649,-0.012219647083348661,0.547486033519553,0.5531914893617021,-0.005705455842149099,0.4434389140271493,0.47058823529411764,-0.02714932126696834,0.49,0.508557457212714,-0.018557457212713957,0.7699256479744285,0.7732365408118637,-0.003310892837435131,0.4641844234644762,0.46560467176818493,-0.0014202483037087377
Logistic Regression,momentum,0.2,5,11627865895333046997,0.8072289156626506,0.8087349397590361,-0.0015060240963854499,0.7105380405236933,0.7132521551459858,-0.0027141146222925405,0.43859649122807015,0.4421052631578947,-0.0035087719298245723,0.5656108597285068,0.5701357466063348,-0.004524886877828038,0.49407114624505927,0.4980237154150198,-0.003952569169960507,0.7868561641875846,0.7867621511810895,9.401300649514166e-05,0.5115454699383656,0.510847007309821,0.0006984626285445605
Random Forest,momentum,0.2,5,11627865895333046997,0.8463855421686747,0.8403614457831325,0.0060240963855421326,0.6851340911599162,0.6833314939484236,0.0018025972114925626,0.547486033519553,0.5238095238095238,0.023676509710029214,0.4434389140271493,0.4479638009049774,-0.004524886877828094,0.49,0.48292682926829267,0.007073170731707323,0.7699256479744285,0.7723372859671281,-0.002411637992699611,0.4641844234644762,0.4674592135015098,-0.003274790037033626
Logistic Regression,momentum,0.2,6,628316435939135661,0.8072289156626506,0.8079819277108434,-0.0007530120481927804,0.7105380405236933,0.7037466226849298,0.006791417838763469,0.43859649122807015,0.4384057971014493,0.0001906941266208717,0.5656108597285068,0.5475113122171946,0.018099547511312153,0.49407114624505927,0.4869215291750503,0.00714961707000894,0.7868561641875846,0.7862552984504204,0.0006008657371642245,0.5115454699383656,0.511846022445335,-0.00030055250696936486
Random Forest,momentum,0.2,6,628316435939135661,0.8463855421686747,0.8441265060240963,0.0022590361445783413,0.6851340911599162,0.6892113943763872,-0.00407730321647104,0.547486033519553,0.5372340425531915,0.010251990966361535,0.4434389140271493,0.45701357466063347,-0.01357466063348417,0.49,0.4938875305623472,-0.0038875305623471967,0.7699256479744285,0.768605378361476,0.0013202696129525071,0.4641844234644762,0.4672504191828961,-0.0030659957184199227
Logistic Regression,momentum,0.2,7,7729949782920732016,0.8072289156626506,0.8057228915662651,0.001506024096385561,0.7105380405236933,0.7096346981569364,0.0009033423667569318,0.43859649122807015,0.4355400696864111,0.003056421541659027,0.5656108597285068,0.5656108597285068,0.0,0.49407114624505927,0.4921259842519685,0.0019451619930907493,0.7868561641875846,0.7840439490367754,0.0028122151508092053,0.5115454699383656,0.5124562197095334,-0.0009107497711677848
Random Forest,momentum,0.2,7,7729949782920732016,0.8463855421686747,0.848644578313253,-0.0022590361445783413,0.6851340911599162,0.6955429659877292,-0.010408874827813053,0.547486033519553,0.553763440860215,-0.006277407340661956,0.4434389140271493,0.4660633484162896,-0.022624434389140302,0.49,0.5061425061425061,-0.01614250614250612,0.7699256479744285,0.7737025183223174,-0.003776870347888872,0.4641844234644762,0.4731138354370775,-0.008929411972601331
Logistic Regression,momentum,0.2,8,14173705534486106994,0.8072289156626506,0.8087349397590361,-0.0015060240963854499,0.7105380405236933,0.7096306106349148,0.0009074298887784549,0.43859649122807015,0.4412811387900356,-0.0026846475619654586,0.5656108597285068,0.5610859728506787,0.004524886877828038,0.49407114624505927,0.4940239043824701,4.7241862589142425e-05,0.7868561641875846,0.7835043961299343,0.0033517680576503617,0.5115454699383656,0.5095021597622407,0.002043310176124913
Random Forest,momentum,0.2,8,14173705534486106994,0.8463855421686747,0.8426204819277109,0.003765060240963791,0.6851340911599162,0.6828757352430236,0.002258355916892607,0.547486033519553,0.532608695652174,0.014877337867379103,0.4434389140271493,0.4434389140271493,0.0,0.49,0.4839506172839506,0.0060493827160493785,0.7699256479744285,0.7677837864351494,0.0021418615392790885,0.4641844234644762,0.46639463686468824,-0.0022102134002120466
Logistic Regression,momentum,0.2,9,17374376444658265105,0.8072289156626506,0.8079819277108434,-0.0007530120481927804,0.7105380405236933,0.7128004839626073,-0.002262443438914019,0.43859649122807015,0.4405594405594406,-0.0019629493313704227,0.5656108597285068,0.5701357466063348,-0.004524886877828038,0.49407114624505927,0.4970414201183432,-0.002970273873283913,0.7868561641875846,0.7854868443103739,0.001369319877210784,0.5115454699383656,0.5134027404023819,-0.0018572704640162918
Random Forest,momentum,0.2,9,17374376444658265105,0.8463855421686747,0.8433734939759037,0.0030120481927710108,0.6851340911599162,0.6815166341708666,0.0036174569890495833,0.547486033519553,0.5359116022099447,0.011574431309608335,0.4434389140271493,0.43891402714932126,0.004524886877828038,0.49,0.48258706467661694,0.007412935323383052,0.7699256479744285,0.7743074715815031,-0.00438182360707462,0.4641844234644762,0.4753996651412078,-0.011215241676731602
Logistic Regression,momentum,0.2,10,9633590730038859523,0.8072289156626506,0.8079819277108434,-0.0007530120481927804,0.7105380405236933,0.7128004839626073,-0.002262443438914019,0.43859649122807015,0.4405594405594406,-0.0019629493313704227,0.5656108597285068,0.5701357466063348,-0.004524886877828038,0.49407114624505927,0.4970414201183432,-0.002970273873283913,0.7868561641875846,0.787101415508876,-0.00024525132129138427,0.5115454699383656,0.5130689866316611,-0.0015235166932955346
Random Forest,momentum,0.2,10,9633590730038859523,0.8463855421686747,0.8441265060240963,0.0022590361445783413,0.6851340911599162,0.6874006221208516,-0.002266530960935431,0.547486033519553,0.5376344086021505,0.009851624917402546,0.4434389140271493,0.45248868778280543,-0.009049773755656132,0.49,0.4914004914004914,-0.0014004914004914215,0.7699256479744285,0.7683928272163566,0.0015328207580719289,0.4641844234644762,0.4663144215618724,-0.002129998097396224
Logistic Regression,momentum,0.2,11,15128948567495460865,0.8072289156626506,0.8079819277108434,-0.0007530120481927804,0.7105380405236933,0.7128004839626073,-0.002262443438914019,0.43859649122807015,0.4405594405594406,-0.0019629493313704227,0.5656108597285068,0.5701357466063348,-0.004524886877828038,0.49407114624505927,0.4970414201183432,-0.002970273873283913,0.7868561641875846,0.786104060135624,0.0007521040519606892,0.5115454699383656,0.5077228109022989,0.003822659036066711
Random Forest,momentum,0.2,11,15128948567495460865,0.8463855421686747,0.8396084337349398,0.006777108433734913,0.6851340911599162,0.6810690505095096,0.004065040650406582,0.547486033519553,0.5212765957446809,0.02620943777487217,0.4434389140271493,0.4434389140271493,0.0,0.49,0.4792176039119804,0.010782396088019564,0.7699256479744285,0.7709230033476806,-0.0009973553732520735,0.4641844234644762,0.46238398025450567,0.0018004432099705259
Logistic Regression,momentum,0.2,12,8913137119101769628,0.8072289156626506,0.8079819277108434,-0.0007530120481927804,0.7105380405236933,0.7164220284736784,-0.0058839879499851255,0.43859649122807015,0.4413793103448276,-0.002782819116757429,0.5656108597285068,0.579185520361991,-0.013574660633484226,0.49407114624505927,0.5009784735812133,-0.006907327336154012,0.7868561641875846,0.7844894889371217,0.0023666752504629684,0.5115454699383656,0.5090806593888121,0.0024648105495534978
Random Forest,momentum,0.2,12,8913137119101769628,0.8463855421686747,0.8441265060240963,0.0022590361445783413,0.6851340911599162,0.6910221666319227,-0.005888075472006538,0.547486033519553,0.5368421052631579,0.010643928256395152,0.4434389140271493,0.46153846153846156,-0.018099547511312264,0.49,0.49635036496350365,-0.006350364963503663,0.7699256479744285,0.7718713084566743,-0.001945660482245759,0.4641844234644762,0.4706039212279287,-0.00641949776345252
Logistic Regression,momentum,0.2,13,8998191203622692577,0.8072289156626506,0.8094879518072289,-0.0022590361445782303,0.7105380405236933,0.7082715095627579,0.002266530960935431,0.43859649122807015,0.44244604316546765,-0.0038495519373974996,0.5656108597285068,0.5565610859728507,0.009049773755656076,0.49407114624505927,0.49298597194388777,0.0010851743011714987,0.7868561641875846,0.7854582316562231,0.0013979325313615565,0.5115454699383656,0.5098625889935309,0.0016828809448347082
Random Forest,momentum,0.2,13,8998191203622692577,0.8463855421686747,0.8403614457831325,0.0060240963855421326,0.6851340911599162,0.6815207216928881,0.0036133694670280603,0.547486033519553,0.5240641711229946,0.023421862396558413,0.4434389140271493,0.4434389140271493,0.0,0.49,0.4803921568627451,0.009607843137254879,0.7699256479744285,0.7630953986764604,0.006830249297968161,0.4641844234644762,0.4617317462662515,0.002452677198224673
Logistic Regression,momentum,0.2,14,14704680879825696077,0.8072289156626506,0.8019578313253012,0.005271084337349463,0.7105380405236933,0.7055655699845083,0.0049724705391850366,0.43859649122807015,0.42758620689655175,0.011010284331518405,0.5656108597285068,0.5610859728506787,0.004524886877828038,0.49407114624505927,0.48532289628180036,0.008748249963258903,0.7868561641875846,0.7848532783970373,0.002002885790547304,0.5115454699383656,0.509818074444433,0.0017273954939326375
Random Forest,momentum,0.2,14,14704680879825696077,0.8463855421686747,0.8478915662650602,-0.001506024096385561,0.6851340911599162,0.6914697502932797,-0.006335659133363536,0.547486033519553,0.5519125683060109,-0.004426534786457825,0.4434389140271493,0.45701357466063347,-0.01357466063348417,0.49,0.5,-0.010000000000000009,0.7699256479744285,0.7709720536119389,-0.0010464056375103503,0.4641844234644762,0.4657952260627959,-0.0016108025983196939
Logistic Regression,momentum,0.2,15,11006198985611943454,0.8072289156626506,0.8072289156626506,0.0,0.7105380405236933,0.7159703572903,-0.005432316766606715,0.43859649122807015,0.43986254295532645,-0.001266051727256301,0.5656108597285068,0.579185520361991,-0.013574660633484226,0.49407114624505927,0.5,-0.005928853754940733,0.7868561641875846,0.7875265177991149,-0.0006703536115302278,0.5115454699383656,0.5126141143784435,-0.001068644440077926
Random Forest,momentum,0.2,15,11006198985611943454,0.8463855421686747,0.8433734939759037,0.0030120481927710108,0.6851340911599162,0.6851381786819376,-4.087522021412049e-06,0.547486033519553,0.5351351351351351,0.012350898384417941,0.4434389140271493,0.4479638009049774,-0.004524886877828094,0.49,0.4876847290640394,0.002315270935960567,0.7699256479744285,0.7704284131830761,-0.0005027652086475598,0.4641844234644762,0.4670884225995347,-0.0029039991350585104
Logistic Regression,momentum,0.2,16,10799514169085574255,0.8072289156626506,0.8072289156626506,0.0,0.7105380405236933,0.7141595850347644,-0.0036215445110711064,0.43859649122807015,0.43944636678200694,-0.0008498755539367853,0.5656108597285068,0.5746606334841629,-0.009049773755656076,0.49407114624505927,0.4980392156862745,-0.0039680694412152495,0.7868561641875846,0.786026397217215,0.0008297669703696275,0.5115454699383656,0.5067396994660175,0.004805770472348092
Random Forest,momentum,0.2,16,10799514169085574255,0.8463855421686747,0.8418674698795181,0.004518072289156572,0.6851340911599162,0.6860456085707162,-0.0009115174107999779,0.547486033519553,0.5291005291005291,0.01838550441902398,0.4434389140271493,0.45248868778280543,-0.009049773755656132,0.49,0.4878048780487805,0.002195121951219514,0.7699256479744285,0.7721369973880734,-0.0022113494136448697,0.4641844234644762,0.4677714975484579,-0.003587074083981734
Logistic Regression,momentum,0.2,17,867007355455219610,0.8072289156626506,0.8072289156626506,0.0,0.7105380405236933,0.7087272682681578,0.0018107722555354977,0.43859649122807015,0.4381625441696113,0.00043394705845883896,0.5656108597285068,0.5610859728506787,0.004524886877828038,0.49407114624505927,0.49206349206349204,0.002007654181567231,0.7868561641875846,0.7875714805413514,-0.0007153163537667595,0.5115454699383656,0.5138668817223293,-0.0023214117839637227
Random Forest,momentum,0.2,17,867007355455219610,0.8463855421686747,0.8448795180722891,0.001506024096385561,0.6851340911599162,0.6878522933042301,-0.0027182021443139526,0.547486033519553,0.5405405405405406,0.00694549297901248,0.4434389140271493,0.45248868778280543,-0.009049773755656132,0.49,0.49261083743842365,-0.0026108374384236632,0.7699256479744285,0.7666351927471009,0.0032904552273276266,0.4641844234644762,0.468946380518988,-0.004761957054511823
Logistic Regression,momentum,0.2,18,13469559254667010985,0.8072289156626506,0.8079819277108434,-0.0007530120481927804,0.7105380405236933,0.7091789394515363,0.0013591010721569763,0.43859649122807015,0.4397163120567376,-0.0011198208286674616,0.5656108597285068,0.5610859728506787,0.004524886877828038,0.49407114624505927,0.49304174950298213,0.0010293967420771377,0.7868561641875846,0.7853887437818571,0.0014674204057275597,0.5115454699383656,0.5098073649524715,0.0017381049858941067
Random Forest,momentum,0.2,18,13469559254667010985,0.8463855421686747,0.8456325301204819,0.0007530120481927804,0.6851340911599162,0.6937362812542153,-0.008602190094299078,0.547486033519553,0.5421052631578948,0.005380770361658294,0.4434389140271493,0.4660633484162896,-0.022624434389140302,0.49,0.5012165450121655,-0.011216545012165513,0.7699256479744285,0.7728564012638618,-0.0029307532894332633,0.4641844234644762,0.46625778977642024,-0.002073366311944047
Logistic Regression,momentum,0.2,19,8382412398282810314,0.8072289156626506,0.8057228915662651,0.001506024096385561,0.7105380405236933,0.7096346981569364,0.0009033423667569318,0.43859649122807015,0.4355400696864111,0.003056421541659027,0.5656108597285068,0.5656108597285068,0.0,0.49407114624505927,0.4921259842519685,0.0019451619930907493,0.7868561641875846,0.7866722256966159,0.00018393849096876025,0.5115454699383656,0.5099124876134938,0.0016329823248717457
Random Forest,momentum,0.2,19,8382412398282810314,0.8463855421686747,0.8433734939759037,0.0030120481927710108,0.6851340911599162,0.6887597231930087,-0.0036256320330925185,0.547486033519553,0.5343915343915344,0.013094499128018633,0.4434389140271493,0.45701357466063347,-0.01357466063348417,0.49,0.4926829268292683,-0.002682926829268295,0.7699256479744285,0.7708739530834221,-0.0009483051089935746,0.4641844234644762,0.46867569173049883,-0.004491268266022641
Logistic Regression,momentum,0.2,20,104091777992100708,0.8072289156626506,0.8057228915662651,0.001506024096385561,0.7105380405236933,0.7060131536458653,0.004524886877828038,0.43859649122807015,0.43462897526501765,0.003967515963052504,0.5656108597285068,0.5565610859728507,0.009049773755656076,0.49407114624505927,0.4880952380952381,0.005975908149821185,0.7868561641875846,0.7859446467767846,0.000911517410800089,0.5115454699383656,0.5101578019731826,0.0013876679651829704
Random Forest,momentum,0.2,20,104091777992100708,0.8463855421686747,0.8448795180722891,0.001506024096385561,0.6851340911599162,0.6806092042820882,0.004524886877828038,0.547486033519553,0.5423728813559322,0.005113152163620849,0.4434389140271493,0.4343891402714932,0.009049773755656076,0.49,0.4824120603015075,0.007587939698492474,0.7699256479744285,0.7699869608047514,-6.131283032284607e-05,0.4641844234644762,0.4662339034277498,-0.0020494799632735927
Logistic Regression,momentum,0.2,21,6367291947421692033,0.8072289156626506,0.8079819277108434,-0.0007530120481927804,0.7105380405236933,0.7091789394515363,0.0013591010721569763,0.43859649122807015,0.4397163120567376,-0.0011198208286674616,0.5656108597285068,0.5610859728506787,0.004524886877828038,0.49407114624505927,0.49304174950298213,0.0010293967420771377,0.7868561641875846,0.7857034829775145,0.0011526812100701722,0.5115454699383656,0.5114134981099899,0.00013197182837565435
Random Forest,momentum,0.2,21,6367291947421692033,0.8463855421686747,0.8456325301204819,0.0007530120481927804,0.6851340911599162,0.6901147367431442,-0.004980645583227972,0.547486033519553,0.543010752688172,0.0044752808313810455,0.4434389140271493,0.45701357466063347,-0.01357466063348417,0.49,0.4963144963144963,-0.006314496314496321,0.7699256479744285,0.7726275000306564,-0.0027018520562278603,0.4641844234644762,0.47060983248142385,-0.0064254090169476585
Logistic Regression,momentum,0.2,22,2217048891018002556,0.8072289156626506,0.802710843373494,0.004518072289156683,0.7105380405236933,0.7023956966568158,0.00814234386687751,0.43859649122807015,0.4280701754385965,0.010526315789473661,0.5656108597285068,0.5520361990950227,0.013574660633484115,0.49407114624505927,0.48221343873517786,0.01185770750988141,0.7868561641875846,0.7860509223493441,0.0008052418382404891,0.5115454699383656,0.512551721707432,-0.0010062517690664352
Random Forest,momentum,0.2,22,2217048891018002556,0.8463855421686747,0.8426204819277109,0.003765060240963791,0.6851340911599162,0.6846865074985592,0.00044758366135699834,0.547486033519553,0.532258064516129,0.015227969003424047,0.4434389140271493,0.4479638009049774,-0.004524886877828094,0.49,0.4864864864864865,0.0035135135135134776,0.7699256479744285,0.7726315875526779,-0.0027059395782493834,0.4641844234644762,0.4661700263596742,-0.001985602895198002
Logistic Regression,momentum,0.2,23,10423341390314309833,0.8072289156626506,0.8125,-0.005271084337349352,0.7105380405236933,0.7136997388073428,-0.003161698283649539,0.43859649122807015,0.44964028776978415,-0.011043796541714002,0.5656108597285068,0.5656108597285068,0.0,0.49407114624505927,0.501002004008016,-0.00693085776295671,0.7868561641875846,0.7851966302468454,0.001659533940739255,0.5115454699383656,0.5108229014418094,0.0007225684965561641
Random Forest,momentum,0.2,23,10423341390314309833,0.8463855421686747,0.8418674698795181,0.004518072289156572,0.6851340911599162,0.6842348363151807,0.0008992548447355198,0.547486033519553,0.5294117647058824,0.01807426881367069,0.4434389140271493,0.4479638009049774,-0.004524886877828094,0.49,0.4852941176470588,0.004705882352941171,0.7699256479744285,0.771666932355598,-0.0017412843811694945,0.4641844234644762,0.46930281279675845,-0.005118389332282258
Logistic Regression,momentum,0.2,24,5871910636076031620,0.8072289156626506,0.8049698795180723,0.0022590361445783413,0.7105380405236933,0.7073722547180223,0.003165785805670951,0.43859649122807015,0.43356643356643354,0.005030057661636611,0.5656108597285068,0.5610859728506787,0.004524886877828038,0.49407114624505927,0.4891518737672584,0.0049192724778008845,0.7868561641875846,0.7841665746974212,0.002689589490163402,0.5115454699383656,0.5071130774932541,0.00443239244511151
Random Forest,momentum,0.2,24,5871910636076031620,0.8463855421686747,0.8426204819277109,0.003765060240963791,0.6851340911599162,0.6864972797540947,-0.0013631885941784994,0.547486033519553,0.5319148936170213,0.015571139902531783,0.4434389140271493,0.45248868778280543,-0.009049773755656132,0.49,0.4889975550122249,0.0010024449877750752,0.7699256479744285,0.7735308423974133,-0.003605194422984792,0.4641844234644762,0.4654066055073478,-0.0012221820428716113
Logistic Regression,momentum,0.2,25,5063641273303981558,0.8072289156626506,0.8064759036144579,0.0007530120481927804,0.7105380405236933,0.7064648248292438,0.004073215694449517,0.43859649122807015,0.43617021276595747,0.0024262784621126854,0.5656108597285068,0.5565610859728507,0.009049773755656076,0.49407114624505927,0.48906560636182905,0.0050055398832302145,0.7868561641875846,0.7897664798669103,-0.002910315679325648,0.5115454699383656,0.5150260090749538,-0.00348053913658819
Random Forest,momentum,0.2,25,5063641273303981558,0.8463855421686747,0.8471385542168675,-0.0007530120481927804,0.6851340911599162,0.6964503958765078,-0.011316304716591619,0.547486033519553,0.5473684210526316,0.00011761246692143512,0.4434389140271493,0.47058823529411764,-0.02714932126696834,0.49,0.5060827250608273,-0.016082725060827308,0.7699256479744285,0.7749533000609042,-0.005027652086475709,0.4641844234644762,0.4684240697945333,-0.004239646330057134
Logistic Regression,momentum,0.2,26,9006148691973680724,0.8072289156626506,0.8094879518072289,-0.0022590361445782303,0.7105380405236933,0.7137038263293644,-0.003165785805671062,0.43859649122807015,0.44366197183098594,-0.005065480602915784,0.5656108597285068,0.5701357466063348,-0.004524886877828038,0.49407114624505927,0.499009900990099,-0.004938754745039742,0.7868561641875846,0.7863901866771307,0.0004659775104539632,0.5115454699383656,0.5100049479022608,0.0015405220361047745
Random Forest,momentum,0.2,26,9006148691973680724,0.8463855421686747,0.8411144578313253,0.005271084337349352,0.6851340911599162,0.67654007610966,0.008594015050256143,0.547486033519553,0.5277777777777778,0.01970825574177526,0.4434389140271493,0.4298642533936652,0.013574660633484115,0.49,0.47381546134663344,0.016184538653366554,0.7699256479744285,0.767485397327578,0.0024402506468504948,0.4641844234644762,0.4726339379448581,-0.008449514480381892
Logistic Regression,momentum,0.2,27,16221571298859175048,0.8072289156626506,0.802710843373494,0.004518072289156683,0.7105380405236933,0.7023956966568158,0.00814234386687751,0.43859649122807015,0.4280701754385965,0.010526315789473661,0.5656108597285068,0.5520361990950227,0.013574660633484115,0.49407114624505927,0.48221343873517786,0.01185770750988141,0.7868561641875846,0.7837455599292041,0.0031106042583805005,0.5115454699383656,0.5107505243702193,0.0007949455681462991
Random Forest,momentum,0.2,27,16221571298859175048,0.8463855421686747,0.8426204819277109,0.003765060240963791,0.6851340911599162,0.6828757352430236,0.002258355916892607,0.547486033519553,0.532608695652174,0.014877337867379103,0.4434389140271493,0.4434389140271493,0.0,0.49,0.4839506172839506,0.0060493827160493785,0.7699256479744285,0.7687934043744661,0.0011322435999624458,0.4641844234644762,0.4658749809824805,-0.0016905575180042876
Logistic Regression,momentum,0.2,28,8613712187521785718,0.8072289156626506,0.8034638554216867,0.0037650602409639022,0.7105380405236933,0.7046581400957298,0.0058799004279634914,0.43859649122807015,0.43006993006993005,0.0085265611581401,0.5656108597285068,0.5565610859728507,0.009049773755656076,0.49407114624505927,0.48520710059171596,0.008864045653343311,0.7868561641875846,0.7831978319783198,0.003658332209264814,0.5115454699383656,0.5107223862460579,0.0008230836923076579
Random Forest,momentum,0.2,28,8613712187521785718,0.8463855421686747,0.8433734939759037,0.0030120481927710108,0.6851340911599162,0.6869489509374732,-0.0018148597775570208,0.547486033519553,0.5347593582887701,0.012726675230782969,0.4434389140271493,0.45248868778280543,-0.009049773755656132,0.49,0.49019607843137253,-0.00019607843137253722,0.7699256479744285,0.7702362996480644,-0.00031065167363586443,0.4641844234644762,0.4762499784021131,-0.012065554937636891
Logistic Regression,momentum,0.2,29,10510527581074962562,0.8072289156626506,0.8064759036144579,0.0007530120481927804,0.7105380405236933,0.7118971415958504,-0.0013591010721570873,0.43859649122807015,0.4375,0.001096491228070151,0.5656108597285068,0.5701357466063348,-0.004524886877828038,0.49407114624505927,0.4950884086444008,-0.001017262399341523,0.7868561641875846,0.7847020400822409,0.0021541241053437687,0.5115454699383656,0.5110403845189587,0.0005050854194068588
Random Forest,momentum,0.2,29,10510527581074962562,0.8463855421686747,0.8448795180722891,0.001506024096385561,0.6851340911599162,0.6878522933042301,-0.0027182021443139526,0.547486033519553,0.5405405405405406,0.00694549297901248,0.4434389140271493,0.45248868778280543,-0.009049773755656132,0.49,0.49261083743842365,-0.0026108374384236632,0.7699256479744285,0.7696272588668571,0.00029838910757140624,0.4641844234644762,0.47354497808712115,-0.009360554622644957
Logistic Regression,momentum,0.5,0,1556358791647807117,0.8072289156626506,0.8102409638554217,-0.0030120481927710108,0.7105380405236933,0.7195878142793495,-0.009049773755656187,0.43859649122807015,0.4463667820069204,-0.007770290778850275,0.5656108597285068,0.583710407239819,-0.018099547511312264,0.49407114624505927,0.5058823529411764,-0.011811206696117182,0.7868561641875846,0.7808270692058352,0.006029094981749417,0.5115454699383656,0.504728324305988,0.006817145632377564
Random Forest,momentum,0.5,0,1556358791647807117,0.8463855421686747,0.8426204819277109,0.003765060240963791,0.6851340911599162,0.6792541907319526,0.0058799004279636025,0.547486033519553,0.5333333333333333,0.014152700186219724,0.4434389140271493,0.4343891402714932,0.009049773755656076,0.49,0.47880299251870323,0.011197007481296761,0.7699256479744285,0.7648612081897591,0.005064439784669417,0.4641844234644762,0.4695822539766679,-0.005397830512191726
Logistic Regression,momentum,0.5,1,14382436954735648879,0.8072289156626506,0.8064759036144579,0.0007530120481927804,0.7105380405236933,0.7137079138513859,-0.003169873327692585,0.43859649122807015,0.4379310344827586,0.0006654567453115434,0.5656108597285068,0.5746606334841629,-0.009049773755656076,0.49407114624505927,0.49706457925636005,-0.0029934330113007834,0.7868561641875846,0.7794986245488398,0.007357539638744859,0.5115454699383656,0.5021610150838781,0.009384454854487467
Random Forest,momentum,0.5,1,14382436954735648879,0.8463855421686747,0.8441265060240963,0.0022590361445783413,0.6851340911599162,0.6910221666319227,-0.005888075472006538,0.547486033519553,0.5368421052631579,0.010643928256395152,0.4434389140271493,0.46153846153846156,-0.018099547511312264,0.49,0.49635036496350365,-0.006350364963503663,0.7699256479744285,0.7714421186444141,-0.0015164706699856145,0.4641844234644762,0.4680681188450413,-0.0038836953805650998
Logistic Regression,momentum,0.5,2,12978106376506206017,0.8072289156626506,0.802710843373494,0.004518072289156683,0.7105380405236933,0.7023956966568158,0.00814234386687751,0.43859649122807015,0.4280701754385965,0.010526315789473661,0.5656108597285068,0.5520361990950227,0.013574660633484115,0.49407114624505927,0.48221343873517786,0.01185770750988141,0.7868561641875846,0.7863329613688295,0.0005232028187551752,0.5115454699383656,0.5121382184101941,-0.0005927484718285525
Random Forest,momentum,0.5,2,12978106376506206017,0.8463855421686747,0.8381024096385542,0.008283132530120474,0.6851340911599162,0.6783549358872171,0.006779155272699122,0.547486033519553,0.5159574468085106,0.03152858671104242,0.4434389140271493,0.43891402714932126,0.004524886877828038,0.49,0.4743276283618582,0.01567237163814178,0.7699256479744285,0.7702526497361504,-0.0003270017617218457,0.4641844234644762,0.46914597731924446,-0.004961553854768264
Logistic Regression,momentum,0.5,3,11947439343388985518,0.8072289156626506,0.8049698795180723,0.0022590361445783413,0.7105380405236933,0.7073722547180223,0.003165785805670951,0.43859649122807015,0.43356643356643354,0.005030057661636611,0.5656108597285068,0.5610859728506787,0.004524886877828038,0.49407114624505927,0.4891518737672584,0.0049192724778008845,0.7868561641875846,0.7843709507984974,0.0024852133890872485,0.5115454699383656,0.5054365813015927,0.006108888636772836
Random Forest,momentum,0.5,3,11947439343388985518,0.8463855421686747,0.8433734939759037,0.0030120481927710108,0.6851340911599162,0.6941920399596153,-0.009057948799699123,0.547486033519553,0.5333333333333333,0.014152700186219724,0.4434389140271493,0.47058823529411764,-0.02714932126696834,0.49,0.5,-0.010000000000000009,0.7699256479744285,0.7649347835861466,0.00499086438828189,0.4641844234644762,0.4526082853596992,0.011576138104776978
Logistic Regression,momentum,0.5,4,6651084071992309048,0.8072289156626506,0.802710843373494,0.004518072289156683,0.7105380405236933,0.7114495579344933,-0.0009115174107999779,0.43859649122807015,0.43050847457627117,0.00808801665179898,0.5656108597285068,0.5746606334841629,-0.009049773755656076,0.49407114624505927,0.49224806201550386,0.001823084229555405,0.7868561641875846,0.784187012307529,0.0026691518800556757,0.5115454699383656,0.5061005800993049,0.005444889839060663
Random Forest,momentum,0.5,4,6651084071992309048,0.8463855421686747,0.8433734939759037,0.0030120481927710108,0.6851340911599162,0.6941920399596153,-0.009057948799699123,0.547486033519553,0.5333333333333333,0.014152700186219724,0.4434389140271493,0.47058823529411764,-0.02714932126696834,0.49,0.5,-0.010000000000000009,0.7699256479744285,0.7799686895813152,-0.010043041606886627,0.4641844234644762,0.4752180514450245,-0.0110336279805483
Logistic Regression,momentum,0.5,5,9444573522802778019,0.8072289156626506,0.8132530120481928,-0.0060240963855421326,0.7105380405236933,0.719583726757328,-0.009045686233634664,0.43859649122807015,0.45229681978798586,-0.013700328559915709,0.5656108597285068,0.579185520361991,-0.013574660633484226,0.49407114624505927,0.5079365079365079,-0.013865361691448641,0.7868561641875846,0.7845589768114876,0.0022971873760970762,0.5115454699383656,0.5075824431250819,0.003963026813283643
Random Forest,momentum,0.5,5,9444573522802778019,0.8463855421686747,0.8448795180722891,0.001506024096385561,0.6851340911599162,0.6842307487931591,0.0009033423667570428,0.547486033519553,0.5414364640883977,0.0060495694311553105,0.4434389140271493,0.4434389140271493,0.0,0.49,0.48756218905472637,0.002437810945273622,0.7699256479744285,0.7732365408118637,-0.003310892837435131,0.4641844234644762,0.47116678593459127,-0.006982362470115078
Logistic Regression,momentum,0.5,6,10749765757724554925,0.8072289156626506,0.8057228915662651,0.001506024096385561,0.7105380405236933,0.7096346981569364,0.0009033423667569318,0.43859649122807015,0.4355400696864111,0.003056421541659027,0.5656108597285068,0.5656108597285068,0.0,0.49407114624505927,0.4921259842519685,0.0019451619930907493,0.7868561641875846,0.782997543399265,0.0038586207883196666,0.5115454699383656,0.5064463365203755,0.005099133417990065
Random Forest,momentum,0.5,6,10749765757724554925,0.8463855421686747,0.8478915662650602,-0.001506024096385561,0.6851340911599162,0.7005236115709573,-0.015389520411041135,0.547486033519553,0.5492227979274611,-0.0017367644079080424,0.4434389140271493,0.4796380090497738,-0.03619909502262447,0.49,0.5120772946859904,-0.0220772946859904,0.7699256479744285,0.7666638054012516,0.003261842573176965,0.4641844234644762,0.47351043052761926,-0.009326007063143071
Logistic Regression,momentum,0.5,7,17550173943787274685,0.8072289156626506,0.8117469879518072,-0.004518072289156572,0.7105380405236933,0.7150588398794999,-0.004520799355806626,0.43859649122807015,0.4483985765124555,-0.009802085284385365,0.5656108597285068,0.5701357466063348,-0.004524886877828038,0.49407114624505927,0.50199203187251,-0.007920885627450691,0.7868561641875846,0.7777287275135194,0.009127436674065237,0.5115454699383656,0.5118085750913203,-0.00026310515295469017
Random Forest,momentum,0.5,7,17550173943787274685,0.8463855421686747,0.8463855421686747,0.0,0.6851340911599162,0.6905664079265227,-0.005432316766606493,0.547486033519553,0.5459459459459459,0.0015400875736071296,0.4434389140271493,0.45701357466063347,-0.01357466063348417,0.49,0.4975369458128079,-0.007536945812807894,0.7699256479744285,0.7775039138023355,-0.007578265827906994,0.4641844234644762,0.4904990838884957,-0.02631466042401953
Logistic Regression,momentum,0.5,8,17388422035813255183,0.8072289156626506,0.802710843373494,0.004518072289156683,0.7105380405236933,0.7060172411678868,0.004520799355806515,0.43859649122807015,0.4290657439446367,0.00953074728343345,0.5656108597285068,0.5610859728506787,0.004524886877828038,0.49407114624505927,0.48627450980392156,0.007796636441137705,0.7868561641875846,0.7769520983294297,0.009904065858154953,0.5115454699383656,0.5025880418495051,0.008957428088860464
Random Forest,momentum,0.5,8,17388422035813255183,0.8463855421686747,0.8396084337349398,0.006777108433734913,0.6851340911599162,0.6846905950205807,0.00044349613933547527,0.547486033519553,0.5208333333333334,0.02665270018621968,0.4434389140271493,0.45248868778280543,-0.009049773755656132,0.49,0.48426150121065376,0.005738498789346236,0.7699256479744285,0.7656051371976768,0.004320510776751774,0.4641844234644762,0.47325363724274583,-0.009069213778269636
Logistic Regression,momentum,0.5,9,2420864713632755947,0.8072289156626506,0.8072289156626506,0.0,0.7105380405236933,0.7159703572903,-0.005432316766606715,0.43859649122807015,0.43986254295532645,-0.001266051727256301,0.5656108597285068,0.579185520361991,-0.013574660633484226,0.49407114624505927,0.5,-0.005928853754940733,0.7868561641875846,0.7813298344144829,0.005526329773101746,0.5115454699383656,0.5073683405198445,0.004177129418521108
Random Forest,momentum,0.5,9,2420864713632755947,0.8463855421686747,0.8343373493975904,0.012048192771084265,0.6851340911599162,0.6760965799703246,0.009037511189591618,0.547486033519553,0.5025906735751295,0.04489535994442351,0.4434389140271493,0.43891402714932126,0.004524886877828038,0.49,0.46859903381642515,0.021400966183574843,0.7699256479744285,0.7698071098358041,0.00011853813862439111,0.4641844234644762,0.48070675716331623,-0.01652233369884004
Logistic Regression,momentum,0.5,10,17208426673677672040,0.8072289156626506,0.8034638554216867,0.0037650602409639022,0.7105380405236933,0.7100904568623363,0.00044758366135699834,0.43859649122807015,0.4315068493150685,0.007089641913001654,0.5656108597285068,0.5701357466063348,-0.004524886877828038,0.49407114624505927,0.49122807017543857,0.002843076069620698,0.7868561641875846,0.7858097585500742,0.0010464056375104613,0.5115454699383656,0.5089549778012784,0.0025904921370871747
Random Forest,momentum,0.5,10,17208426673677672040,0.8463855421686747,0.8373493975903614,0.009036144578313254,0.6851340911599162,0.676092492448303,0.009041598711613141,0.547486033519553,0.5133689839572193,0.034117049562333746,0.4434389140271493,0.4343891402714932,0.009049773755656076,0.49,0.47058823529411764,0.01941176470588235,0.7699256479744285,0.7676488982084391,0.002276749765989461,0.4641844234644762,0.46998331260869,-0.005798889144213781
Logistic Regression,momentum,0.5,11,8851361126113254310,0.8072289156626506,0.8012048192771084,0.006024096385542244,0.7105380405236933,0.7069246710566652,0.0036133694670280603,0.43859649122807015,0.42662116040955633,0.011975330818513819,0.5656108597285068,0.5656108597285068,0.0,0.49407114624505927,0.48638132295719844,0.007689823287860831,0.7868561641875846,0.7822045641270893,0.0046516000604953645,0.5115454699383656,0.49932360607183884,0.012221863866526739
Random Forest,momentum,0.5,11,8851361126113254310,0.8463855421686747,0.838855421686747,0.0075301204819276935,0.6851340911599162,0.6824281515816667,0.0027059395782494944,0.547486033519553,0.518324607329843,0.02916142618971007,0.4434389140271493,0.4479638009049774,-0.004524886877828094,0.49,0.48058252427184467,0.009417475728155322,0.7699256479744285,0.7704325007050975,-0.0005068527306689719,0.4641844234644762,0.4561052112215614,0.008079212242914802
Logistic Regression,momentum,0.5,12,7898887444836846401,0.8072289156626506,0.8042168674698795,0.003012048192771122,0.7105380405236933,0.7195959893233925,-0.009057948799699234,0.43859649122807015,0.43521594684385384,0.0033805443842163108,0.5656108597285068,0.5927601809954751,-0.02714932126696834,0.49407114624505927,0.5019157088122606,-0.007844562567201285,0.7868561641875846,0.7790857848246658,0.0077703793629188,0.5115454699383656,0.5033141793933321,0.008231290545033465
Random Forest,momentum,0.5,12,7898887444836846401,0.8463855421686747,0.8478915662650602,-0.001506024096385561,0.6851340911599162,0.6914697502932797,-0.006335659133363536,0.547486033519553,0.5519125683060109,-0.004426534786457825,0.4434389140271493,0.45701357466063347,-0.01357466063348417,0.49,0.5,-0.010000000000000009,0.7699256479744285,0.7692716444509844,0.0006540035234441355,0.4641844234644762,0.47466540448694305,-0.010480981022466862
Logistic Regression,momentum,0.5,13,5338463786506400371,0.8072289156626506,0.8094879518072289,-0.0022590361445782303,0.7105380405236933,0.7100822818182932,0.0004557587054000445,0.43859649122807015,0.44285714285714284,-0.004260651629072687,0.5656108597285068,0.5610859728506787,0.004524886877828038,0.49407114624505927,0.49500998003992014,-0.0009388337948608716,0.7868561641875846,0.7807494062874263,0.006106757900158355,0.5115454699383656,0.5040739323500685,0.007471537588297106
Random Forest,momentum,0.5,13,5338463786506400371,0.8463855421686747,0.8396084337349398,0.006777108433734913,0.6851340911599162,0.6810690505095096,0.004065040650406582,0.547486033519553,0.5212765957446809,0.02620943777487217,0.4434389140271493,0.4434389140271493,0.0,0.49,0.4792176039119804,0.010782396088019564,0.7699256479744285,0.7563550748629658,0.013570573111462703,0.4641844234644762,0.4634148405174418,0.0007695829470343862
Logistic Regression,momentum,0.5,14,11474159004898516685,0.8072289156626506,0.7989457831325302,0.008283132530120474,0.7105380405236933,0.7055696575065298,0.0049683830171635135,0.43859649122807015,0.4222972972972973,0.016299193930772837,0.5656108597285068,0.5656108597285068,0.0,0.49407114624505927,0.4835589941972921,0.010512152047767176,0.7868561641875846,0.7802548161228219,0.006601348064762758,0.5115454699383656,0.5053269789527652,0.0062184909856003445
Random Forest,momentum,0.5,14,11474159004898516685,0.8463855421686747,0.8426204819277109,0.003765060240963791,0.6851340911599162,0.6901188242651657,-0.004984733105249495,0.547486033519553,0.53125,0.01623603351955305,0.4434389140271493,0.46153846153846156,-0.018099547511312264,0.49,0.4939467312348668,-0.003946731234866829,0.7699256479744285,0.7755051155338099,-0.005579467559381324,0.4641844234644762,0.4718952906527197,-0.0077108671882434865
Logistic Regression,momentum,0.5,15,7582287283674835323,0.8072289156626506,0.7996987951807228,0.0075301204819278045,0.7105380405236933,0.7078321009454438,0.0027059395782494944,0.43859649122807015,0.42424242424242425,0.014354066985645897,0.5656108597285068,0.5701357466063348,-0.004524886877828038,0.49407114624505927,0.4864864864864865,0.007584659758572754,0.7868561641875846,0.7858751589024187,0.0009810052851659812,0.5115454699383656,0.511754181728623,-0.00020871179025738762
Random Forest,momentum,0.5,15,7582287283674835323,0.8463855421686747,0.8448795180722891,0.001506024096385561,0.6851340911599162,0.6932846100708367,-0.008150518910920557,0.547486033519553,0.5392670157068062,0.00821901781274681,0.4434389140271493,0.4660633484162896,-0.022624434389140302,0.49,0.5,-0.010000000000000009,0.7699256479744285,0.770996578744068,-0.0010709307696394887,0.4641844234644762,0.4781247618702735,-0.013940338405797281
Logistic Regression,momentum,0.5,16,388118738976400196,0.8072289156626506,0.802710843373494,0.004518072289156683,0.7105380405236933,0.7078280134234223,0.0027100271002710175,0.43859649122807015,0.42955326460481097,0.009043226623259182,0.5656108597285068,0.5656108597285068,0.0,0.49407114624505927,0.48828125,0.005789896245059267,0.7868561641875846,0.7820942010325082,0.004761963155076487,0.5115454699383656,0.49576841371730984,0.01577705622105574
Random Forest,momentum,0.5,16,388118738976400196,0.8463855421686747,0.8426204819277109,0.003765060240963791,0.6851340911599162,0.6901188242651657,-0.004984733105249495,0.547486033519553,0.53125,0.01623603351955305,0.4434389140271493,0.46153846153846156,-0.018099547511312264,0.49,0.4939467312348668,-0.003946731234866829,0.7699256479744285,0.7665534423066703,0.003372205667758199,0.4641844234644762,0.4652183785925522,-0.001033955128076025
Logistic Regression,momentum,0.5,17,11652607759850105799,0.8072289156626506,0.8049698795180723,0.0022590361445783413,0.7105380405236933,0.7128045714846288,-0.002266530960935542,0.43859649122807015,0.4349315068493151,0.003664984378755065,0.5656108597285068,0.5746606334841629,-0.009049773755656076,0.49407114624505927,0.4951267056530214,-0.0010555594079621478,0.7868561641875846,0.7867785012691757,7.766291840893835e-05,0.5115454699383656,0.5110598970042726,0.00048557293409301483
Random Forest,momentum,0.5,17,11652607759850105799,0.8463855421686747,0.8539156626506024,-0.0075301204819276935,0.6851340911599162,0.6987046642713788,-0.013570573111462592,0.547486033519553,0.5754189944134078,-0.027932960893854775,0.4434389140271493,0.4660633484162896,-0.022624434389140302,0.49,0.515,-0.025000000000000022,0.7699256479744285,0.7621511810894881,0.007774466884940434,0.4641844234644762,0.472354263745858,-0.00816984028138179
Logistic Regression,momentum,0.5,18,1606366271008141200,0.8072289156626506,0.8049698795180723,0.0022590361445783413,0.7105380405236933,0.7109937992290933,-0.0004557587054000445,0.43859649122807015,0.43448275862068964,0.004113732607380516,0.5656108597285068,0.5701357466063348,-0.004524886877828038,0.49407114624505927,0.4931506849315068,0.0009204613135524453,0.7868561641875846,0.7816527486541834,0.005203415533401201,0.5115454699383656,0.5058171168547749,0.005728353083590654
Random Forest,momentum,0.5,18,1606366271008141200,0.8463855421686747,0.8471385542168675,-0.0007530120481927804,0.6851340911599162,0.6946396236209722,-0.00950553246105601,0.547486033519553,0.5478723404255319,-0.0003863069059788504,0.4434389140271493,0.4660633484162896,-0.022624434389140302,0.49,0.5036674816625917,-0.013667481662591685,0.7699256479744285,0.7690590933058652,0.0008665546685633352,0.4641844234644762,0.4661287600614402,-0.0019443365969640247
Logistic Regression,momentum,0.5,19,12481697631141069946,0.8072289156626506,0.8034638554216867,0.0037650602409639022,0.7105380405236933,0.7100904568623363,0.00044758366135699834,0.43859649122807015,0.4315068493150685,0.007089641913001654,0.5656108597285068,0.5701357466063348,-0.004524886877828038,0.49407114624505927,0.49122807017543857,0.002843076069620698,0.7868561641875846,0.7842074499176364,0.0026487142699482824,0.5115454699383656,0.5082418417946603,0.0033036281437053283
Random Forest,momentum,0.5,19,12481697631141069946,0.8463855421686747,0.8433734939759037,0.0030120481927710108,0.6851340911599162,0.6851381786819376,-4.087522021412049e-06,0.547486033519553,0.5351351351351351,0.012350898384417941,0.4434389140271493,0.4479638009049774,-0.004524886877828094,0.49,0.4876847290640394,0.002315270935960567,0.7699256479744285,0.7741562332667068,-0.004230585292278266,0.4641844234644762,0.4800668155765716,-0.01588239211209541
Logistic Regression,momentum,0.5,20,2792478158739519507,0.8072289156626506,0.7996987951807228,0.0075301204819278045,0.7105380405236933,0.7042105564343728,0.00632748408932049,0.43859649122807015,0.4232081911262799,0.015388300101790264,0.5656108597285068,0.5610859728506787,0.004524886877828038,0.49407114624505927,0.48249027237354086,0.011580873871518405,0.7868561641875846,0.7816854488303557,0.0051707153572289055,0.5115454699383656,0.5042583343578169,0.00728713558054872
Random Forest,momentum,0.5,20,2792478158739519507,0.8463855421686747,0.8418674698795181,0.004518072289156572,0.6851340911599162,0.6788025195485741,0.006331571611342124,0.547486033519553,0.5303867403314917,0.01709929318806136,0.4434389140271493,0.4343891402714932,0.009049773755656076,0.49,0.47761194029850745,0.012388059701492538,0.7699256479744285,0.7656664500279995,0.004259197946429039,0.4641844234644762,0.4638132809544275,0.00037114251004871646
Logistic Regression,momentum,0.5,21,16970114986865511024,0.8072289156626506,0.8057228915662651,0.001506024096385561,0.7105380405236933,0.7096346981569364,0.0009033423667569318,0.43859649122807015,0.4355400696864111,0.003056421541659027,0.5656108597285068,0.5656108597285068,0.0,0.49407114624505927,0.4921259842519685,0.0019451619930907493,0.7868561641875846,0.7822781395234767,0.004578024664107949,0.5115454699383656,0.5072824486539594,0.004263021284406143
Random Forest,momentum,0.5,21,16970114986865511024,0.8463855421686747,0.8463855421686747,0.0,0.6851340911599162,0.6923771801820582,-0.007243089022141991,0.547486033519553,0.5454545454545454,0.002031488065007636,0.4434389140271493,0.46153846153846156,-0.018099547511312264,0.49,0.5,-0.010000000000000009,0.7699256479744285,0.7681394008510221,0.0017862471234064703,0.4641844234644762,0.4793904590910912,-0.015206035626614989
Logistic Regression,momentum,0.5,22,11036572761464207546,0.8072289156626506,0.7974397590361446,0.009789156626506035,0.7105380405236933,0.7064770873953083,0.004060953128384948,0.43859649122807015,0.42,0.018596491228070167,0.5656108597285068,0.5701357466063348,-0.004524886877828038,0.49407114624505927,0.4836852207293666,0.010385925515692673,0.7868561641875846,0.7831855694122553,0.0036705947753293833,0.5115454699383656,0.509586487348941,0.0019589825894246182
Random Forest,momentum,0.5,22,11036572761464207546,0.8463855421686747,0.8433734939759037,0.0030120481927710108,0.6851340911599162,0.6815166341708666,0.0036174569890495833,0.547486033519553,0.5359116022099447,0.011574431309608335,0.4434389140271493,0.43891402714932126,0.004524886877828038,0.49,0.48258706467661694,0.007412935323383052,0.7699256479744285,0.772132909866052,-0.0022072618916234577,0.4641844234644762,0.4641406926122011,4.373085227510343e-05
Logistic Regression,momentum,0.5,23,9110375606312545417,0.8072289156626506,0.8109939759036144,-0.003765060240963791,0.7105380405236933,0.7146071686961213,-0.004069128172427994,0.43859649122807015,0.44680851063829785,-0.0082120194102277,0.5656108597285068,0.5701357466063348,-0.004524886877828038,0.49407114624505927,0.5009940357852882,-0.00692288954022896,0.7868561641875846,0.781011007696804,0.005845156490780656,0.5115454699383656,0.5049700917355558,0.006575378202809734
Random Forest,momentum,0.5,23,9110375606312545417,0.8463855421686747,0.8478915662650602,-0.001506024096385561,0.6851340911599162,0.6950912948043508,-0.009957203644434642,0.547486033519553,0.5508021390374331,-0.003316105517880086,0.4434389140271493,0.4660633484162896,-0.022624434389140302,0.49,0.5049019607843137,-0.014901960784313717,0.7699256479744285,0.7672605836163942,0.0026650643580343747,0.4641844234644762,0.47059082126536556,-0.006406397800889363
Logistic Regression,momentum,0.5,24,15710426761273327952,0.8072289156626506,0.7981927710843374,0.009036144578313254,0.7105380405236933,0.6996856695565448,0.010852370967148528,0.43859649122807015,0.41924398625429554,0.01935250497377461,0.5656108597285068,0.5520361990950227,0.013574660633484115,0.49407114624505927,0.4765625,0.017508646245059267,0.7868561641875846,0.7783949936030281,0.008461170584556532,0.5115454699383656,0.4999668454175052,0.011578624520860392
Random Forest,momentum,0.5,24,15710426761273327952,0.8463855421686747,0.8456325301204819,0.0007530120481927804,0.6851340911599162,0.6901147367431442,-0.004980645583227972,0.547486033519553,0.543010752688172,0.0044752808313810455,0.4434389140271493,0.45701357466063347,-0.01357466063348417,0.49,0.4963144963144963,-0.006314496314496321,0.7699256479744285,0.7717691204061363,-0.0018434724317077933,0.4641844234644762,0.4724247694957049,-0.008240346031228696
Logistic Regression,momentum,0.5,25,11088746840608252075,0.8072289156626506,0.8012048192771084,0.006024096385542244,0.7105380405236933,0.7069246710566652,0.0036133694670280603,0.43859649122807015,0.42662116040955633,0.011975330818513819,0.5656108597285068,0.5656108597285068,0.0,0.49407114624505927,0.48638132295719844,0.007689823287860831,0.7868561641875846,0.7915118517701015,-0.0046556875825168875,0.5115454699383656,0.5144580900206536,-0.0029126200822879866
Random Forest,momentum,0.5,25,11088746840608252075,0.8463855421686747,0.8411144578313253,0.005271084337349352,0.6851340911599162,0.6910262541539443,-0.005892162994028061,0.547486033519553,0.5255102040816326,0.021975829437920424,0.4434389140271493,0.4660633484162896,-0.022624434389140302,0.49,0.4940047961630695,-0.004004796163069535,0.7699256479744285,0.7704733759253128,-0.0005477279508843136,0.4641844234644762,0.46830637171597767,-0.004121948251501473
Logistic Regression,momentum,0.5,26,3673688552167292896,0.8072289156626506,0.8034638554216867,0.0037650602409639022,0.7105380405236933,0.7082796846068008,0.002258355916892496,0.43859649122807015,0.43103448275862066,0.007562008469449488,0.5656108597285068,0.5656108597285068,0.0,0.49407114624505927,0.4892367906066536,0.004834355638405674,0.7868561641875846,0.783504396129934,0.0033517680576505837,0.5115454699383656,0.502090925295006,0.009454544643359597
Random Forest,momentum,0.5,26,3673688552167292896,0.8463855421686747,0.8350903614457831,0.011295180722891596,0.6851340911599162,0.6674943898760255,0.017639701283890696,0.547486033519553,0.5054945054945055,0.041991528025047575,0.4434389140271493,0.416289592760181,0.027149321266968285,0.49,0.456575682382134,0.03342431761786602,0.7699256479744285,0.7616770285349912,0.008248619439437332,0.4641844234644762,0.4808145303168666,-0.016630106852390414
Logistic Regression,momentum,0.5,27,9657931575595888218,0.8072289156626506,0.8042168674698795,0.003012048192771122,0.7105380405236933,0.7014882667680372,0.009049773755656076,0.43859649122807015,0.4306049822064057,0.007991509021664456,0.5656108597285068,0.5475113122171946,0.018099547511312153,0.49407114624505927,0.4820717131474104,0.011999433097648893,0.7868561641875846,0.7772136997388073,0.009642464448777366,0.5115454699383656,0.5050869707407059,0.006458499197659728
Random Forest,momentum,0.5,27,9657931575595888218,0.8463855421686747,0.8471385542168675,-0.0007530120481927804,0.6851340911599162,0.6892073068543657,-0.004073215694449517,0.547486033519553,0.5494505494505495,-0.0019645159309964466,0.4434389140271493,0.45248868778280543,-0.009049773755656132,0.49,0.49627791563275436,-0.006277915632754372,0.7699256479744285,0.7662060029348409,0.00371964503958766,0.4641844234644762,0.4758002005961689,-0.011615777131692706
Logistic Regression,momentum,0.5,28,16008979445541850388,0.8072289156626506,0.7981927710843374,0.009036144578313254,0.7105380405236933,0.6996856695565448,0.010852370967148528,0.43859649122807015,0.41924398625429554,0.01935250497377461,0.5656108597285068,0.5520361990950227,0.013574660633484115,0.49407114624505927,0.4765625,0.017508646245059267,0.7868561641875846,0.775770804465209,0.011085359722375676,0.5115454699383656,0.5036895983514796,0.007855871586885943
Random Forest,momentum,0.5,28,16008979445541850388,0.8463855421686747,0.8418674698795181,0.004518072289156572,0.6851340911599162,0.6824240640596451,0.0027100271002711285,0.547486033519553,0.5297297297297298,0.01775630378982329,0.4434389140271493,0.4434389140271493,0.0,0.49,0.4827586206896552,0.007241379310344798,0.7699256479744285,0.7756767914587139,-0.005751143484285404,0.4641844234644762,0.48735327757717595,-0.023168854112699755
Logistic Regression,momentum,0.5,29,610020294339246582,0.8072289156626506,0.8049698795180723,0.0022590361445783413,0.7105380405236933,0.7182368882512354,-0.007698847727542146,0.43859649122807015,0.436241610738255,0.0023548804898151365,0.5656108597285068,0.5882352941176471,-0.022624434389140302,0.49407114624505927,0.5009633911368016,-0.006892244891742283,0.7868561641875846,0.7793024234918066,0.007553740695778077,0.5115454699383656,0.5075197974383855,0.004025672499980093
Random Forest,momentum,0.5,29,610020294339246582,0.8463855421686747,0.8403614457831325,0.0060240963855421326,0.6851340911599162,0.6869530384594947,-0.0018189472995785438,0.547486033519553,0.5233160621761658,0.024169971343387275,0.4434389140271493,0.45701357466063347,-0.01357466063348417,0.49,0.48792270531400966,0.0020772946859903274,0.7699256479744285,0.7637739273320336,0.006151720642394887,0.4641844234644762,0.4788551033769365,-0.014670679912460294
Logistic Regression,momentum,1.0,0,3915743596867098879,0.8072289156626506,0.7899096385542169,0.017319277108433728,0.7105380405236933,0.6983388310504524,0.012199209473240935,0.43859649122807015,0.40522875816993464,0.03336773305813551,0.5656108597285068,0.5610859728506787,0.004524886877828038,0.49407114624505927,0.47058823529411764,0.023482910950941627,0.7868561641875846,0.7681802760712374,0.01867588811634724,0.5115454699383656,0.49023842945268875,0.02130704048567683
Random Forest,momentum,1.0,0,3915743596867098879,0.8463855421686747,0.8463855421686747,0.0,0.6851340911599162,0.6869448634154517,-0.0018107722555354977,0.547486033519553,0.5469613259668509,0.000524707552702175,0.4434389140271493,0.4479638009049774,-0.004524886877828094,0.49,0.4925373134328358,-0.0025373134328358082,0.7699256479744285,0.7584519736600082,0.011473674314420368,0.4641844234644762,0.4659045136087588,-0.0017200901442825933
Logistic Regression,momentum,1.0,1,16052478789702192056,0.8072289156626506,0.7914156626506024,0.01581325301204828,0.7105380405236933,0.7064852624393514,0.0040527780843419015,0.43859649122807015,0.41025641025641024,0.02834008097165991,0.5656108597285068,0.579185520361991,-0.013574660633484226,0.49407114624505927,0.4803001876172608,0.01377095862779848,0.7868561641875846,0.7668191312380697,0.020037032949514977,0.5115454699383656,0.4857465753607727,0.02579889457759288
Random Forest,momentum,1.0,1,16052478789702192056,0.8463855421686747,0.8441265060240963,0.0022590361445783413,0.6851340911599162,0.6946437111429937,-0.009509619983077533,0.547486033519553,0.5360824742268041,0.011403559292748944,0.4434389140271493,0.47058823529411764,-0.02714932126696834,0.49,0.5012048192771085,-0.01120481927710848,0.7699256479744285,0.7662509656770775,0.0036746822973510174,0.4641844234644762,0.4712938242713453,-0.007109400806869115
Logistic Regression,momentum,1.0,2,9586234060785977527,0.8072289156626506,0.7936746987951807,0.013554216867469937,0.7105380405236933,0.7024079592228802,0.008130081300813052,0.43859649122807015,0.41254125412541254,0.026055237102657614,0.5656108597285068,0.5656108597285068,0.0,0.49407114624505927,0.4770992366412214,0.016971909603837876,0.7868561641875846,0.7785503194398461,0.008305844747738544,0.5115454699383656,0.5053528929984623,0.0061925769399032715
Random Forest,momentum,1.0,2,9586234060785977527,0.8463855421686747,0.8328313253012049,0.013554216867469826,0.6851340911599162,0.677004009859103,0.008130081300813163,0.547486033519553,0.49746192893401014,0.050024104585542906,0.4434389140271493,0.4434389140271493,0.0,0.49,0.4688995215311005,0.02110047846889951,0.7699256479744285,0.7656378373738488,0.0042878106005797,0.4641844234644762,0.46481033198819205,-0.0006259085237158568
Logistic Regression,momentum,1.0,3,1196006946497899614,0.8072289156626506,0.8004518072289156,0.006777108433735024,0.7105380405236933,0.7155268611509644,-0.004988820627271129,0.43859649122807015,0.4276315789473684,0.010964912280701733,0.5656108597285068,0.5882352941176471,-0.022624434389140302,0.49407114624505927,0.49523809523809526,-0.0011669489930359878,0.7868561641875846,0.7766782343539875,0.01017792983359711,0.5115454699383656,0.4939737248012292,0.017571745137136385
Random Forest,momentum,1.0,3,1196006946497899614,0.8463855421686747,0.8441265060240963,0.0022590361445783413,0.6851340911599162,0.6928329388874583,-0.007698847727542146,0.547486033519553,0.5364583333333334,0.01102770018621968,0.4434389140271493,0.4660633484162896,-0.022624434389140302,0.49,0.49878934624697335,-0.008789346246973362,0.7699256479744285,0.7586890499372565,0.01123659803717203,0.4641844234644762,0.44075731222094916,0.023427111243527032
Logistic Regression,momentum,1.0,4,5804221190861920829,0.8072289156626506,0.7921686746987951,0.015060240963855498,0.7105380405236933,0.7051261613671944,0.005411879156498878,0.43859649122807015,0.4110032362459547,0.027593254982115456,0.5656108597285068,0.5746606334841629,-0.009049773755656076,0.49407114624505927,0.47924528301886793,0.014825863226191338,0.7868561641875846,0.776183644189383,0.010672519998201624,0.5115454699383656,0.4921047199193022,0.01944075001906337
Random Forest,momentum,1.0,4,5804221190861920829,0.8463855421686747,0.8411144578313253,0.005271084337349352,0.6851340911599162,0.6928370264094798,-0.007702935249563558,0.547486033519553,0.5252525252525253,0.022233508267027746,0.4434389140271493,0.47058823529411764,-0.02714932126696834,0.49,0.4964200477326969,-0.0064200477326968874,0.7699256479744285,0.7834389957775898,-0.013513347803161269,0.4641844234644762,0.4779939352782062,-0.013809511813730024
Logistic Regression,momentum,1.0,5,14161278720481669703,0.8072289156626506,0.8049698795180723,0.0022590361445783413,0.7105380405236933,0.7109937992290933,-0.0004557587054000445,0.43859649122807015,0.43448275862068964,0.004113732607380516,0.5656108597285068,0.5701357466063348,-0.004524886877828038,0.49407114624505927,0.4931506849315068,0.0009204613135524453,0.7868561641875846,0.7753784023511429,0.01147776183644178,0.5115454699383656,0.4970832628909537,0.014462207047411857
Random Forest,momentum,1.0,5,14161278720481669703,0.8463855421686747,0.848644578313253,-0.0022590361445783413,0.6851340911599162,0.6864891047100516,-0.0013550135501354532,0.547486033519553,0.5568181818181818,-0.009332148298628717,0.4434389140271493,0.4434389140271493,0.0,0.49,0.49370277078085645,-0.003702770780856457,0.7699256479744285,0.7609085743949445,0.009017073579484003,0.4641844234644762,0.46716263869011904,-0.002978215225642844
Logistic Regression,momentum,1.0,6,13119275349180073454,0.8072289156626506,0.7974397590361446,0.009789156626506035,0.7105380405236933,0.7064770873953083,0.004060953128384948,0.43859649122807015,0.42,0.018596491228070167,0.5656108597285068,0.5701357466063348,-0.004524886877828038,0.49407114624505927,0.4836852207293666,0.010385925515692673,0.7868561641875846,0.7723699861433003,0.014486178044284315,0.5115454699383656,0.4957221036876598,0.015823366250705795
Random Forest,momentum,1.0,6,13119275349180073454,0.8463855421686747,0.8493975903614458,-0.003012048192771122,0.6851340911599162,0.7086700429598565,-0.02353595179994028,0.547486033519553,0.5527638190954773,-0.0052777855759242875,0.4434389140271493,0.497737556561086,-0.05429864253393668,0.49,0.5238095238095238,-0.033809523809523845,0.7699256479744285,0.7577203072181552,0.01220534075627333,0.4641844234644762,0.47595392089212496,-0.011769497427648767
Logistic Regression,momentum,1.0,7,12118480149416990110,0.8072289156626506,0.8094879518072289,-0.0022590361445782303,0.7105380405236933,0.7245684598625775,-0.01403041933888416,0.43859649122807015,0.44594594594594594,-0.007349454717875792,0.5656108597285068,0.5972850678733032,-0.03167420814479638,0.49407114624505927,0.5106382978723404,-0.016567151627281118,0.7868561641875846,0.7650369716366846,0.021819192550900035,0.5115454699383656,0.5037983304454602,0.007747139492905397
Random Forest,momentum,1.0,7,12118480149416990110,0.8463855421686747,0.8403614457831325,0.0060240963855421326,0.6851340911599162,0.6887638107150302,-0.0036297195551140415,0.547486033519553,0.5230769230769231,0.024409110442629944,0.4434389140271493,0.46153846153846156,-0.018099547511312264,0.49,0.49038461538461536,-0.00038461538461537215,0.7699256479744285,0.7692103316206615,0.0007153163537669815,0.4641844234644762,0.4868493149709735,-0.02266489150649731
Logistic Regression,momentum,1.0,8,3595701251254237462,0.8072289156626506,0.8019578313253012,0.005271084337349463,0.7105380405236933,0.7128086590066505,-0.0022706184829571763,0.43859649122807015,0.42953020134228187,0.009066289885788281,0.5656108597285068,0.579185520361991,-0.013574660633484226,0.49407114624505927,0.4932562620423892,0.0008148842026700631,0.7868561641875846,0.7616075406606253,0.025248623526959335,0.5115454699383656,0.48440052881641366,0.027144941121951927
Random Forest,momentum,1.0,8,3595701251254237462,0.8463855421686747,0.8396084337349398,0.006777108433734913,0.6851340911599162,0.6792582782539741,0.005875812905942079,0.547486033519553,0.521505376344086,0.025980657175467048,0.4434389140271493,0.43891402714932126,0.004524886877828038,0.49,0.47665847665847666,0.013341523341523331,0.7699256479744285,0.7612887139429463,0.008636934031482246,0.4641844234644762,0.4736927920760053,-0.009508368611529094
Logistic Regression,momentum,1.0,9,6737693414647832547,0.8072289156626506,0.7996987951807228,0.0075301204819278045,0.7105380405236933,0.7168859622231214,-0.006347921699428105,0.43859649122807015,0.42671009771986973,0.011886393508200421,0.5656108597285068,0.5927601809954751,-0.02714932126696834,0.49407114624505927,0.4962121212121212,-0.0021409749670619482,0.7868561641875846,0.7702730873462581,0.01658307684132654,0.5115454699383656,0.49115423353855625,0.02039123639980933
Random Forest,momentum,1.0,9,6737693414647832547,0.8463855421686747,0.8358433734939759,0.010542168674698815,0.6851340911599162,0.6824322391036882,0.0027018520562279713,0.547486033519553,0.5076142131979695,0.03987182032158354,0.4434389140271493,0.45248868778280543,-0.009049773755656132,0.49,0.4784688995215311,0.011531100478468892,0.7699256479744285,0.7632343744251923,0.006691273549236265,0.4641844234644762,0.4820142342040633,-0.017829810739587115
Logistic Regression,momentum,1.0,10,14834311594352435698,0.8072289156626506,0.8019578313253012,0.005271084337349463,0.7105380405236933,0.7200517480287925,-0.009513707505099167,0.43859649122807015,0.43137254901960786,0.007223942208462286,0.5656108597285068,0.5972850678733032,-0.03167420814479638,0.49407114624505927,0.5009487666034156,-0.006877620358356318,0.7868561641875846,0.7790081219062568,0.00784804228132785,0.5115454699383656,0.5011331215344625,0.010412348403903038
Random Forest,momentum,1.0,10,14834311594352435698,0.8463855421686747,0.8343373493975904,0.012048192771084265,0.6851340911599162,0.6724750354592535,0.012659055700662725,0.547486033519553,0.5026455026455027,0.04484053087405038,0.4434389140271493,0.4298642533936652,0.013574660633484115,0.49,0.4634146341463415,0.026585365853658505,0.7699256479744285,0.7555253078925963,0.01440034008183222,0.4641844234644762,0.46090644343257187,0.003277980031904326
Logistic Regression,momentum,1.0,11,8551772726182691407,0.8072289156626506,0.7868975903614458,0.02033132530120485,0.7105380405236933,0.7037752353390805,0.006762805184612808,0.43859649122807015,0.4025157232704403,0.03608076795762988,0.5656108597285068,0.579185520361991,-0.013574660633484226,0.49407114624505927,0.4749536178107607,0.019117528434298592,0.7868561641875846,0.7730566898429166,0.013799474344667995,0.5115454699383656,0.4808723164076328,0.0306731535307328
Random Forest,momentum,1.0,11,8551772726182691407,0.8463855421686747,0.8350903614457831,0.011295180722891596,0.6851340911599162,0.6819805679203097,0.0031535232396064927,0.547486033519553,0.5050505050505051,0.04243552846904797,0.4434389140271493,0.45248868778280543,-0.009049773755656132,0.49,0.477326968973747,0.012673031026253001,0.7699256479744285,0.7619427174663904,0.00798293050803811,0.4641844234644762,0.4583188641132872,0.005865559351188987
Logistic Regression,momentum,1.0,12,18098880528409338516,0.8072289156626506,0.7868975903614458,0.02033132530120485,0.7105380405236933,0.6965321463169383,0.01400589420675502,0.43859649122807015,0.4,0.03859649122807013,0.5656108597285068,0.5610859728506787,0.004524886877828038,0.49407114624505927,0.4670433145009416,0.02702783174411766,0.7868561641875846,0.7677388236929127,0.019117340494671953,0.5115454699383656,0.48677028578399095,0.02477518415437463
Random Forest,momentum,1.0,12,18098880528409338516,0.8463855421686747,0.8456325301204819,0.0007530120481927804,0.6851340911599162,0.6937362812542153,-0.008602190094299078,0.547486033519553,0.5421052631578948,0.005380770361658294,0.4434389140271493,0.4660633484162896,-0.022624434389140302,0.49,0.5012165450121655,-0.011216545012165513,0.7699256479744285,0.7616034531386038,0.008322194835824748,0.4641844234644762,0.4731833128389027,-0.0089988893744265
Logistic Regression,momentum,1.0,13,7175408645680957243,0.8072289156626506,0.7996987951807228,0.0075301204819278045,0.7105380405236933,0.7078321009454438,0.0027059395782494944,0.43859649122807015,0.42424242424242425,0.014354066985645897,0.5656108597285068,0.5701357466063348,-0.004524886877828038,0.49407114624505927,0.4864864864864865,0.007584659758572754,0.7868561641875846,0.7686339910156265,0.018222173171958178,0.5115454699383656,0.488030031632931,0.023515438305434566
Random Forest,momentum,1.0,13,7175408645680957243,0.8463855421686747,0.8365963855421686,0.009789156626506035,0.6851340911599162,0.6774515935204601,0.007682497639456054,0.547486033519553,0.5105263157894737,0.03695971773007933,0.4434389140271493,0.43891402714932126,0.004524886877828038,0.49,0.4720194647201946,0.017980535279805365,0.7699256479744285,0.7498027770624615,0.020122870911967072,0.4641844234644762,0.4689296985380954,-0.004745275073619215
Logistic Regression,momentum,1.0,14,5340721128559443146,0.8072289156626506,0.7884036144578314,0.01882530120481929,0.7105380405236933,0.6938139441726243,0.016724096351068973,0.43859649122807015,0.40131578947368424,0.037280701754385914,0.5656108597285068,0.5520361990950227,0.013574660633484115,0.49407114624505927,0.46476190476190476,0.029309241483154502,0.7868561641875846,0.7694678455080178,0.017388318679566805,0.5115454699383656,0.4885014570150369,0.023044012923328694
Random Forest,momentum,1.0,14,5340721128559443146,0.8463855421686747,0.8456325301204819,0.0007530120481927804,0.6851340911599162,0.7046009147874284,-0.019466823627512175,0.547486033519553,0.5396039603960396,0.007882073123513411,0.4434389140271493,0.49321266968325794,-0.04977375565610864,0.49,0.5153664302600472,-0.025366430260047257,0.7699256479744285,0.7604344218404476,0.009491226133980901,0.4641844234644762,0.4670227112645709,-0.0028382878000947076
Logistic Regression,momentum,1.0,15,406003263025713200,0.8072289156626506,0.786144578313253,0.02108433734939763,0.7105380405236933,0.7033235641557019,0.00721447636799144,0.43859649122807015,0.4012539184952978,0.03734257273277236,0.5656108597285068,0.579185520361991,-0.013574660633484226,0.49407114624505927,0.4740740740740741,0.019997072170985175,0.7868561641875846,0.7786279823582549,0.008228181829329717,0.5115454699383656,0.5044587917646605,0.007086678173705119
Random Forest,momentum,1.0,15,406003263025713200,0.8463855421686747,0.8426204819277109,0.003765060240963791,0.6851340911599162,0.6883080520096302,-0.003173960849713997,0.547486033519553,0.531578947368421,0.01590708615113201,0.4434389140271493,0.45701357466063347,-0.01357466063348417,0.49,0.49148418491484186,-0.0014841849148418684,0.7699256479744285,0.7694841955961038,0.00044145237832471373,0.4641844234644762,0.4818775138522525,-0.017693090387776333
Logistic Regression,momentum,1.0,16,4177931827287665144,0.8072289156626506,0.7884036144578314,0.01882530120481929,0.7105380405236933,0.6992462609392308,0.01129177958446248,0.43859649122807015,0.4032258064516129,0.03537068477645727,0.5656108597285068,0.5656108597285068,0.0,0.49407114624505927,0.4708097928436911,0.023261353401368146,0.7868561641875846,0.7718467833245451,0.01500938086303949,0.5115454699383656,0.47846584809774256,0.03307962184062302
Random Forest,momentum,1.0,16,4177931827287665144,0.8463855421686747,0.8403614457831325,0.0060240963855421326,0.6851340911599162,0.6833314939484236,0.0018025972114925626,0.547486033519553,0.5238095238095238,0.023676509710029214,0.4434389140271493,0.4479638009049774,-0.004524886877828094,0.49,0.48292682926829267,0.007073170731707323,0.7699256479744285,0.7604344218404477,0.00949122613398079,0.4641844234644762,0.45880286448363183,0.005381558980844359
Logistic Regression,momentum,1.0,17,4207898259758687702,0.8072289156626506,0.802710843373494,0.004518072289156683,0.7105380405236933,0.720503419212171,-0.009965378688477688,0.43859649122807015,0.43278688524590164,0.005809605982168509,0.5656108597285068,0.5972850678733032,-0.03167420814479638,0.49407114624505927,0.5019011406844106,-0.00782999443935134,0.7868561641875846,0.7802834287769724,0.006572735410612207,0.5115454699383656,0.5018680537905369,0.009677416147828688
Random Forest,momentum,1.0,17,4207898259758687702,0.8463855421686747,0.8478915662650602,-0.001506024096385561,0.6851340911599162,0.6914697502932797,-0.006335659133363536,0.547486033519553,0.5519125683060109,-0.004426534786457825,0.4434389140271493,0.45701357466063347,-0.01357466063348417,0.49,0.5,-0.010000000000000009,0.7699256479744285,0.7479960923289475,0.021929555645481047,0.4641844234644762,0.46425771829418927,-7.329482971307755e-05
Logistic Regression,momentum,1.0,18,3991125200158544122,0.8072289156626506,0.7906626506024096,0.01656626506024106,0.7105380405236933,0.6951689577227598,0.01536908280093352,0.43859649122807015,0.4053156146179402,0.03328087661012996,0.5656108597285068,0.5520361990950227,0.013574660633484115,0.49407114624505927,0.4674329501915709,0.026638196053488383,0.7868561641875846,0.7716342321794258,0.0152219320081588,0.5115454699383656,0.49327848493809967,0.018266985000265912
Random Forest,momentum,1.0,18,3991125200158544122,0.8463855421686747,0.8463855421686747,0.0,0.6851340911599162,0.6996202692042004,-0.014486178044284204,0.547486033519553,0.5435897435897435,0.0038962899298095044,0.4434389140271493,0.4796380090497738,-0.03619909502262447,0.49,0.5096153846153846,-0.01961538461538459,0.7699256479744285,0.761877317114046,0.00804833086038248,0.4641844234644762,0.4635056862996005,0.000678737164875709
Logistic Regression,momentum,1.0,19,1657189868810694678,0.8072289156626506,0.795933734939759,0.011295180722891596,0.7105380405236933,0.7128168340506935,-0.0022787935270002224,0.43859649122807015,0.41935483870967744,0.019241652518392716,0.5656108597285068,0.5882352941176471,-0.022624434389140302,0.49407114624505927,0.4896421845574388,0.00442896168762047,0.7868561641875846,0.7749246874067534,0.011931476780831285,0.5115454699383656,0.49343964997706063,0.018105819961304948
Random Forest,momentum,1.0,19,1657189868810694678,0.8463855421686747,0.8403614457831325,0.0060240963855421326,0.6851340911599162,0.6869530384594947,-0.0018189472995785438,0.547486033519553,0.5233160621761658,0.024169971343387275,0.4434389140271493,0.45701357466063347,-0.01357466063348417,0.49,0.48792270531400966,0.0020772946859903274,0.7699256479744285,0.7760610185287374,-0.006135370554308905,0.4641844234644762,0.4873231264239332,-0.023138702959457025
Logistic Regression,momentum,1.0,20,6966844778998328007,0.8072289156626506,0.786144578313253,0.02108433734939763,0.7105380405236933,0.6924589306224888,0.018079109901204538,0.43859649122807015,0.3973941368078176,0.04120235442025255,0.5656108597285068,0.5520361990950227,0.013574660633484115,0.49407114624505927,0.4621212121212121,0.03194993412384717,0.7868561641875846,0.7703180500884949,0.016538114099089785,0.5115454699383656,0.48818720434186846,0.02335826559649712
Random Forest,momentum,1.0,20,6966844778998328007,0.8463855421686747,0.8396084337349398,0.006777108433734913,0.6851340911599162,0.6828798227650451,0.002254268394871084,0.547486033519553,0.5210526315789473,0.026433401940605727,0.4434389140271493,0.4479638009049774,-0.004524886877828094,0.49,0.48175182481751827,0.00824817518248172,0.7699256479744285,0.7583661356975562,0.011559512276872352,0.4641844234644762,0.45974140128204327,0.004443022182432921
Logistic Regression,momentum,1.0,21,15701293075254126751,0.8072289156626506,0.7876506024096386,0.01957831325301207,0.7105380405236933,0.7024161342669233,0.008121906256770006,0.43859649122807015,0.4031746031746032,0.035421888053466966,0.5656108597285068,0.5746606334841629,-0.009049773755656076,0.49407114624505927,0.47388059701492535,0.020190549230133914,0.7868561641875846,0.7733755165605956,0.013480647626989084,0.5115454699383656,0.49143348349075217,0.020111986447613417
Random Forest,momentum,1.0,21,15701293075254126751,0.8463855421686747,0.8411144578313253,0.005271084337349352,0.6851340911599162,0.6837831651318022,0.0013509260281140412,0.547486033519553,0.526595744680851,0.02089028883870203,0.4434389140271493,0.4479638009049774,-0.004524886877828094,0.49,0.4841075794621027,0.005892420537897292,0.7699256479744285,0.760561135023115,0.009364512951313575,0.4641844234644762,0.4723978016587159,-0.008213378194239729
Logistic Regression,momentum,1.0,22,3021547176167484029,0.8072289156626506,0.7891566265060241,0.01807228915662651,0.7105380405236933,0.7069410211447514,0.003597019378941857,0.43859649122807015,0.4069400630914827,0.03165642813658748,0.5656108597285068,0.583710407239819,-0.018099547511312264,0.49407114624505927,0.4795539033457249,0.01451724289933437,0.7868561641875846,0.7741889334428789,0.01266723074470577,0.5115454699383656,0.5027628653350045,0.00878260460336111
Random Forest,momentum,1.0,22,3021547176167484029,0.8463855421686747,0.8471385542168675,-0.0007530120481927804,0.6851340911599162,0.6910180791099012,-0.0058839879499850145,0.547486033519553,0.5489130434782609,-0.0014270099587078144,0.4434389140271493,0.45701357466063347,-0.01357466063348417,0.49,0.49876543209876545,-0.008765432098765458,0.7699256479744285,0.7656623625059781,0.004263285468450451,0.4641844234644762,0.46520130049660896,-0.001016877032132768
Logistic Regression,momentum,1.0,23,3986522201772264871,0.8072289156626506,0.7951807228915663,0.012048192771084376,0.7105380405236933,0.7069328461007083,0.003605194422985014,0.43859649122807015,0.4163934426229508,0.022203048605119347,0.5656108597285068,0.5746606334841629,-0.009049773755656076,0.49407114624505927,0.4828897338403042,0.011181412404755064,0.7868561641875846,0.7706246142401092,0.016231549947475443,0.5115454699383656,0.4905409240045498,0.021004545933815788
Random Forest,momentum,1.0,23,3986522201772264871,0.8463855421686747,0.838855421686747,0.0075301204819276935,0.6851340911599162,0.6824281515816667,0.0027059395782494944,0.547486033519553,0.518324607329843,0.02916142618971007,0.4434389140271493,0.4479638009049774,-0.004524886877828094,0.49,0.48058252427184467,0.009417475728155322,0.7699256479744285,0.7574423557206914,0.012483292253737122,0.4641844234644762,0.4647577667437063,-0.0005733432792300874
Logistic Regression,momentum,1.0,24,263182631884658598,0.8072289156626506,0.7981927710843374,0.009036144578313254,0.7105380405236933,0.7033072140676158,0.007230826456077533,0.43859649122807015,0.42033898305084744,0.018257508177222714,0.5656108597285068,0.5610859728506787,0.004524886877828038,0.49407114624505927,0.4806201550387597,0.013450991206299556,0.7868561641875846,0.7661814778027116,0.02067468638487302,0.5115454699383656,0.4824094716043996,0.029135998333965962
Random Forest,momentum,1.0,24,263182631884658598,0.8463855421686747,0.8433734939759037,0.0030120481927710108,0.6851340911599162,0.6869489509374732,-0.0018148597775570208,0.547486033519553,0.5347593582887701,0.012726675230782969,0.4434389140271493,0.45248868778280543,-0.009049773755656132,0.49,0.49019607843137253,-0.00019607843137253722,0.7699256479744285,0.7640641413955618,0.005861506578866749,0.4641844234644762,0.469228164053946,-0.005043740589469825
Logistic Regression,momentum,1.0,25,4738351582553858108,0.8072289156626506,0.7921686746987951,0.015060240963855498,0.7105380405236933,0.7033153891116588,0.0072226514120344865,0.43859649122807015,0.41042345276872966,0.028173038459340494,0.5656108597285068,0.5701357466063348,-0.004524886877828038,0.49407114624505927,0.4772727272727273,0.016798418972331974,0.7868561641875846,0.7891247389095308,-0.0022685747219461927,0.5115454699383656,0.5043529395067132,0.007192530431652355
Random Forest,momentum,1.0,25,4738351582553858108,0.8463855421686747,0.8433734939759037,0.0030120481927710108,0.6851340911599162,0.6923812677040797,-0.007247176544163514,0.547486033519553,0.533678756476684,0.013807277042869104,0.4434389140271493,0.4660633484162896,-0.022624434389140302,0.49,0.4975845410628019,-0.0075845410628019305,0.7699256479744285,0.7774998262803142,-0.007574178305885693,0.4641844234644762,0.47138854792240337,-0.007204124457927175
Logistic Regression,momentum,1.0,26,16133145442122605628,0.8072289156626506,0.7936746987951807,0.013554216867469937,0.7105380405236933,0.6987864147118092,0.011751625811884048,0.43859649122807015,0.411371237458194,0.027225253769876168,0.5656108597285068,0.5565610859728507,0.009049773755656076,0.49407114624505927,0.47307692307692306,0.020994223168136206,0.7868561641875846,0.7746630859973759,0.012193078190208761,0.5115454699383656,0.4873449924041857,0.024200477534179865
Random Forest,momentum,1.0,26,16133145442122605628,0.8463855421686747,0.829066265060241,0.017319277108433728,0.6851340911599162,0.6656917926645329,0.01944229849538326,0.547486033519553,0.484375,0.06311103351955305,0.4434389140271493,0.42081447963800905,0.022624434389140247,0.49,0.45036319612590797,0.03963680387409202,0.7699256479744285,0.7564082126492456,0.013517435325182903,0.4641844234644762,0.4806474599199696,-0.016463036455493407
Logistic Regression,momentum,1.0,27,10786594025590038781,0.8072289156626506,0.7884036144578314,0.01882530120481929,0.7105380405236933,0.6920031719170887,0.018534868606604582,0.43859649122807015,0.40066225165562913,0.03793423957244102,0.5656108597285068,0.5475113122171946,0.018099547511312153,0.49407114624505927,0.4627151051625239,0.03135604108253537,0.7868561641875846,0.7633202123876444,0.02353595179994028,0.5115454699383656,0.4885813082707275,0.022964161667638094
Random Forest,momentum,1.0,27,10786594025590038781,0.8463855421686747,0.8456325301204819,0.0007530120481927804,0.6851340911599162,0.6883039644876087,-0.003169873327692474,0.547486033519553,0.5434782608695652,0.004007772649987862,0.4434389140271493,0.45248868778280543,-0.009049773755656132,0.49,0.49382716049382713,-0.003827160493827142,0.7699256479744285,0.7576017690795309,0.01232387889489761,0.4641844234644762,0.46908015130373465,-0.004895727839258457
Logistic Regression,momentum,1.0,28,14383486330564550933,0.8072289156626506,0.7823795180722891,0.024849397590361533,0.7105380405236933,0.6902005747055963,0.020337465818097034,0.43859649122807015,0.391025641025641,0.04757085020242913,0.5656108597285068,0.5520361990950227,0.013574660633484115,0.49407114624505927,0.45778611632270166,0.0362850299223576,0.7868561641875846,0.7612723638548603,0.025583800332724338,0.5115454699383656,0.4900648214735511,0.021480648464814456
Random Forest,momentum,1.0,28,14383486330564550933,0.8463855421686747,0.8358433734939759,0.010542168674698815,0.6851340911599162,0.6751891500815461,0.009944941078370073,0.547486033519553,0.5079365079365079,0.03954952558304514,0.4434389140271493,0.4343891402714932,0.009049773755656076,0.49,0.4682926829268293,0.021707317073170695,0.7699256479744285,0.766557529828692,0.003368118145736565,0.4641844234644762,0.47807836603170306,-0.013893942567226869
Logistic Regression,momentum,1.0,29,11525576473812220481,0.8072289156626506,0.7951807228915663,0.012048192771084376,0.7105380405236933,0.7087436183562439,0.0017944221674494054,0.43859649122807015,0.4169381107491857,0.021658380478884465,0.5656108597285068,0.579185520361991,-0.013574660633484226,0.49407114624505927,0.48484848484848486,0.009222661396574405,0.7868561641875846,0.7675753228120515,0.019280841375533098,0.5115454699383656,0.49552064579694144,0.016024824141424143
Random Forest,momentum,1.0,29,11525576473812220481,0.8463855421686747,0.8373493975903614,0.009036144578313254,0.6851340911599162,0.6833355814704452,0.0017985096894710395,0.547486033519553,0.5128205128205128,0.034665520699040275,0.4434389140271493,0.45248868778280543,-0.009049773755656132,0.49,0.4807692307692308,0.009230769230769209,0.7699256479744285,0.7608309114765357,0.00909473649789283,0.4641844234644762,0.4771144390257786,-0.01293001556130241
Logistic Regression,volume_and_range,0.05,0,11456933441812125456,0.8072289156626506,0.8064759036144579,0.0007530120481927804,0.7105380405236933,0.7100863693403148,0.0004516711833785214,0.43859649122807015,0.4370629370629371,0.0015335541651330664,0.5656108597285068,0.5656108597285068,0.0,0.49407114624505927,0.4930966469428008,0.000974499302258458,0.7868561641875846,0.7861244977457316,0.0007316664418530738,0.5115454699383656,0.5112746405693659,0.0002708293689996921
Random Forest,volume_and_range,0.05,0,11456933441812125456,0.8463855421686747,0.8463855421686747,0.0,0.6851340911599162,0.6869448634154517,-0.0018107722555354977,0.547486033519553,0.5469613259668509,0.000524707552702175,0.4434389140271493,0.4479638009049774,-0.004524886877828094,0.49,0.4925373134328358,-0.0025373134328358082,0.7699256479744285,0.7689814303874563,0.0009442175869722735,0.4641844234644762,0.4619891202423771,0.0021953032220990987
Logistic Regression,volume_and_range,0.05,1,8978211802653030882,0.8072289156626506,0.8079819277108434,-0.0007530120481927804,0.7105380405236933,0.7109897117070718,-0.0004516711833785214,0.43859649122807015,0.44014084507042256,-0.0015443538423524084,0.5656108597285068,0.5656108597285068,0.0,0.49407114624505927,0.49504950495049505,-0.0009783587054357779,0.7868561641875846,0.7872894415218661,-0.00043327733428144555,0.5115454699383656,0.5121928721119428,-0.0006474021735771718
Random Forest,volume_and_range,0.05,1,8978211802653030882,0.8463855421686747,0.8433734939759037,0.0030120481927710108,0.6851340911599162,0.6815166341708666,0.0036174569890495833,0.547486033519553,0.5359116022099447,0.011574431309608335,0.4434389140271493,0.43891402714932126,0.004524886877828038,0.49,0.48258706467661694,0.007412935323383052,0.7699256479744285,0.7716587573115551,-0.0017331093371265593,0.4641844234644762,0.46470469983765617,-0.0005202763731799731
Logistic Regression,volume_and_range,0.05,2,447754904570692307,0.8072289156626506,0.8057228915662651,0.001506024096385561,0.7105380405236933,0.7078239259014008,0.0027141146222925405,0.43859649122807015,0.43508771929824563,0.003508771929824517,0.5656108597285068,0.5610859728506787,0.004524886877828038,0.49407114624505927,0.4901185770750988,0.0039525691699604515,0.7868561641875846,0.7860386597832797,0.0008175044043049473,0.5115454699383656,0.511291501860733,0.00025396807763256035
Random Forest,volume_and_range,0.05,2,447754904570692307,0.8463855421686747,0.8441265060240963,0.0022590361445783413,0.6851340911599162,0.6819683053542451,0.003165785805671062,0.547486033519553,0.5388888888888889,0.008597144630664189,0.4434389140271493,0.43891402714932126,0.004524886877828038,0.49,0.4837905236907731,0.006209476309226913,0.7699256479744285,0.7687770542863799,0.0011485936880486491,0.4641844234644762,0.46374567385434917,0.0004387496101270205
Logistic Regression,volume_and_range,0.05,3,17657488178208249388,0.8072289156626506,0.8064759036144579,0.0007530120481927804,0.7105380405236933,0.7082755970847793,0.002262443438914019,0.43859649122807015,0.43661971830985913,0.0019767729182110227,0.5656108597285068,0.5610859728506787,0.004524886877828038,0.49407114624505927,0.4910891089108911,0.002982037334168186,0.7868561641875846,0.787367104440275,-0.0005109402526903839,0.5115454699383656,0.5118831145888548,-0.00033764465048924386
Random Forest,volume_and_range,0.05,3,17657488178208249388,0.8463855421686747,0.8441265060240963,0.0022590361445783413,0.6851340911599162,0.6874006221208516,-0.002266530960935431,0.547486033519553,0.5376344086021505,0.009851624917402546,0.4434389140271493,0.45248868778280543,-0.009049773755656132,0.49,0.4914004914004914,-0.0014004914004914215,0.7699256479744285,0.7713808058140914,-0.0014551578396628795,0.4641844234644762,0.4654538907434254,-0.0012694672789492212
Logistic Regression,volume_and_range,0.05,4,5034405460649882363,0.8072289156626506,0.8072289156626506,0.0,0.7105380405236933,0.7105380405236933,0.0,0.43859649122807015,0.43859649122807015,0.0,0.5656108597285068,0.5656108597285068,0.0,0.49407114624505927,0.49407114624505927,0.0,0.7868561641875846,0.786733538526939,0.00012262566064569214,0.5115454699383656,0.5117964517513656,-0.0002509818129999841
Random Forest,volume_and_range,0.05,4,5034405460649882363,0.8463855421686747,0.8463855421686747,0.0,0.6851340911599162,0.6851340911599162,0.0,0.547486033519553,0.547486033519553,0.0,0.4434389140271493,0.4434389140271493,0.0,0.49,0.49,0.0,0.7699256479744285,0.7693779200235441,0.0005477279508844246,0.4641844234644762,0.46366770722963047,0.0005167162348457266
Logistic Regression,volume_and_range,0.05,5,15450569267519987023,0.8072289156626506,0.8072289156626506,0.0,0.7105380405236933,0.7105380405236933,0.0,0.43859649122807015,0.43859649122807015,0.0,0.5656108597285068,0.5656108597285068,0.0,0.49407114624505927,0.49407114624505927,0.0,0.7868561641875846,0.7867866763132185,6.948787436611426e-05,0.5115454699383656,0.5118095328134064,-0.0002640628750407714
Random Forest,volume_and_range,0.05,5,15450569267519987023,0.8463855421686747,0.8441265060240963,0.0022590361445783413,0.6851340911599162,0.6837790776097806,0.0013550135501355642,0.547486033519553,0.5384615384615384,0.009024495058014614,0.4434389140271493,0.4434389140271493,0.0,0.49,0.48635235732009924,0.0036476426799007533,0.7699256479744285,0.7730812149750457,-0.0031555670006171432,0.4641844234644762,0.4633132647875396,0.0008711586769366009
Logistic Regression,volume_and_range,0.05,6,4238347539996662610,0.8072289156626506,0.8049698795180723,0.0022590361445783413,0.7105380405236933,0.7073722547180223,0.003165785805670951,0.43859649122807015,0.43356643356643354,0.005030057661636611,0.5656108597285068,0.5610859728506787,0.004524886877828038,0.49407114624505927,0.4891518737672584,0.0049192724778008845,0.7868561641875846,0.7872036035594141,-0.00034743937182946105,0.5115454699383656,0.5107722321299296,0.000773237808435967
Random Forest,volume_and_range,0.05,6,4238347539996662610,0.8463855421686747,0.8448795180722891,0.001506024096385561,0.6851340911599162,0.6842307487931591,0.0009033423667570428,0.547486033519553,0.5414364640883977,0.0060495694311553105,0.4434389140271493,0.4434389140271493,0.0,0.49,0.48756218905472637,0.002437810945273622,0.7699256479744285,0.7714666437765434,-0.001540995802114864,0.4641844234644762,0.46392196135338487,0.00026246211109132167
Logistic Regression,volume_and_range,0.05,7,8176996917485667298,0.8072289156626506,0.8057228915662651,0.001506024096385561,0.7105380405236933,0.7078239259014008,0.0027141146222925405,0.43859649122807015,0.43508771929824563,0.003508771929824517,0.5656108597285068,0.5610859728506787,0.004524886877828038,0.49407114624505927,0.4901185770750988,0.0039525691699604515,0.7868561641875846,0.7866558756085299,0.0002002885790547415,0.5115454699383656,0.5111784812999494,0.0003669886384162213
Random Forest,volume_and_range,0.05,7,8176996917485667298,0.8463855421686747,0.8463855421686747,0.0,0.6851340911599162,0.6851340911599162,0.0,0.547486033519553,0.547486033519553,0.0,0.4434389140271493,0.4434389140271493,0.0,0.49,0.49,0.0,0.7699256479744285,0.7707758525549055,-0.0008502045804770209,0.4641844234644762,0.4637192230223071,0.0004652004421690781
Logistic Regression,volume_and_range,0.05,8,12419117795687214260,0.8072289156626506,0.8057228915662651,0.001506024096385561,0.7105380405236933,0.7078239259014008,0.0027141146222925405,0.43859649122807015,0.43508771929824563,0.003508771929824517,0.5656108597285068,0.5610859728506787,0.004524886877828038,0.49407114624505927,0.4901185770750988,0.0039525691699604515,0.7868561641875846,0.7873957170944258,-0.0005395529068411564,0.5115454699383656,0.512253032640165,-0.0007075627017993913
Random Forest,volume_and_range,0.05,8,12419117795687214260,0.8463855421686747,0.8448795180722891,0.001506024096385561,0.6851340911599162,0.6860415210486946,-0.0009074298887784549,0.547486033519553,0.5409836065573771,0.006502426962175956,0.4434389140271493,0.4479638009049774,-0.004524886877828094,0.49,0.4900990099009901,-9.90099009900991e-05,0.7699256479744285,0.7722064852624393,-0.002280837288010762,0.4641844234644762,0.4649465041185694,-0.0007620806540932223
Logistic Regression,volume_and_range,0.05,9,15717661663848335915,0.8072289156626506,0.8064759036144579,0.0007530120481927804,0.7105380405236933,0.7100863693403148,0.0004516711833785214,0.43859649122807015,0.4370629370629371,0.0015335541651330664,0.5656108597285068,0.5656108597285068,0.0,0.49407114624505927,0.4930966469428008,0.000974499302258458,0.7868561641875846,0.78612041022371,0.0007357539638745969,0.5115454699383656,0.5114175406562169,0.0001279292821486644
Random Forest,volume_and_range,0.05,9,15717661663848335915,0.8463855421686747,0.8463855421686747,0.0,0.6851340911599162,0.6869448634154517,-0.0018107722555354977,0.547486033519553,0.5469613259668509,0.000524707552702175,0.4434389140271493,0.4479638009049774,-0.004524886877828094,0.49,0.4925373134328358,-0.0025373134328358082,0.7699256479744285,0.7680699129766563,0.0018557349977722515,0.4641844234644762,0.4623644427167104,0.0018199807477657926
Logistic Regression,volume_and_range,0.05,10,14445661977236477137,0.8072289156626506,0.8072289156626506,0.0,0.7105380405236933,0.7105380405236933,0.0,0.43859649122807015,0.43859649122807015,0.0,0.5656108597285068,0.5656108597285068,0.0,0.49407114624505927,0.49407114624505927,0.0,0.7868561641875846,0.7869706148041874,-0.00011445061660275702,0.5115454699383656,0.511570864788048,-2.539484968244743e-05
Random Forest,volume_and_range,0.05,10,14445661977236477137,0.8463855421686747,0.8456325301204819,0.0007530120481927804,0.6851340911599162,0.6864931922320732,-0.0013591010721569763,0.547486033519553,0.5439560439560439,0.0035299895635091394,0.4434389140271493,0.4479638009049774,-0.004524886877828094,0.49,0.4913151364764268,-0.0013151364764267814,0.7699256479744285,0.7704692884032913,-0.0005436404288627905,0.4641844234644762,0.4648883328728353,-0.0007039094083591269
Logistic Regression,volume_and_range,0.05,11,12977974486658855113,0.8072289156626506,0.8094879518072289,-0.0022590361445782303,0.7105380405236933,0.7137038263293644,-0.003165785805671062,0.43859649122807015,0.44366197183098594,-0.005065480602915784,0.5656108597285068,0.5701357466063348,-0.004524886877828038,0.49407114624505927,0.499009900990099,-0.004938754745039742,0.7868561641875846,0.7871831659493065,-0.0003270017617218457,0.5115454699383656,0.511842768747532,-0.00029729880916640194
Random Forest,volume_and_range,0.05,11,12977974486658855113,0.8463855421686747,0.8426204819277109,0.003765060240963791,0.6851340911599162,0.6810649629874881,0.004069128172428105,0.547486033519553,0.532967032967033,0.01451900055252009,0.4434389140271493,0.43891402714932126,0.004524886877828038,0.49,0.4813895781637717,0.008610421836228288,0.7699256479744285,0.7710497165303478,-0.0011240685559192887,0.4641844234644762,0.4636424680724009,0.0005419553920752995
Logistic Regression,volume_and_range,0.05,12,16295362152828634968,0.8072289156626506,0.802710843373494,0.004518072289156683,0.7105380405236933,0.7060172411678868,0.004520799355806515,0.43859649122807015,0.4290657439446367,0.00953074728343345,0.5656108597285068,0.5610859728506787,0.004524886877828038,0.49407114624505927,0.48627450980392156,0.007796636441137705,0.7868561641875846,0.7876205308056097,-0.0007643666180250364,0.5115454699383656,0.5115448024143213,6.675240442621799e-07
Random Forest,volume_and_range,0.05,12,16295362152828634968,0.8463855421686747,0.8471385542168675,-0.0007530120481927804,0.6851340911599162,0.6873965345988302,-0.002262443438914019,0.547486033519553,0.55,-0.002513966480446994,0.4434389140271493,0.4479638009049774,-0.004524886877828094,0.49,0.4937655860349127,-0.003765586034912727,0.7699256479744285,0.771074241662477,-0.001148593688048427,0.4641844234644762,0.465367149812638,-0.0011827263481618
Logistic Regression,volume_and_range,0.05,13,8076355138167093832,0.8072289156626506,0.8094879518072289,-0.0022590361445782303,0.7105380405236933,0.7118930540738289,-0.0013550135501355642,0.43859649122807015,0.4432624113475177,-0.004665920119447553,0.5656108597285068,0.5656108597285068,0.0,0.49407114624505927,0.4970178926441352,-0.002946746399075939,0.7868561641875846,0.787497905144964,-0.0006417409573793442,0.5115454699383656,0.5133486186178857,-0.001803148679520139
Random Forest,volume_and_range,0.05,13,8076355138167093832,0.8463855421686747,0.8433734939759037,0.0030120481927710108,0.6851340911599162,0.6833274064264021,0.0018066847335140857,0.547486033519553,0.5355191256830601,0.011966907836492902,0.4434389140271493,0.4434389140271493,0.0,0.49,0.48514851485148514,0.004851485148514856,0.7699256479744285,0.7701177615094401,-0.00019211353501158435,0.4641844234644762,0.4643147181718411,-0.00013029470736491966
Logistic Regression,volume_and_range,0.05,14,5585565217818414673,0.8072289156626506,0.8072289156626506,0.0,0.7105380405236933,0.7105380405236933,0.0,0.43859649122807015,0.43859649122807015,0.0,0.5656108597285068,0.5656108597285068,0.0,0.49407114624505927,0.49407114624505927,0.0,0.7868561641875846,0.7861653729659468,0.0006907912216378431,0.5115454699383656,0.5108869969281314,0.0006584730102341396
Random Forest,volume_and_range,0.05,14,5585565217818414673,0.8463855421686747,0.8448795180722891,0.001506024096385561,0.6851340911599162,0.6860415210486946,-0.0009074298887784549,0.547486033519553,0.5409836065573771,0.006502426962175956,0.4434389140271493,0.4479638009049774,-0.004524886877828094,0.49,0.4900990099009901,-9.90099009900991e-05,0.7699256479744285,0.7670357699052103,0.0028898780692182546,0.4641844234644762,0.4620055329866619,0.002178890477814277
Logistic Regression,volume_and_range,0.05,15,13661893741702440742,0.8072289156626506,0.8079819277108434,-0.0007530120481927804,0.7105380405236933,0.7109897117070718,-0.0004516711833785214,0.43859649122807015,0.44014084507042256,-0.0015443538423524084,0.5656108597285068,0.5656108597285068,0.0,0.49407114624505927,0.49504950495049505,-0.0009783587054357779,0.7868561641875846,0.7869869648922734,-0.00013080070468873828,0.5115454699383656,0.5116425859297702,-9.711599140460603e-05
Random Forest,volume_and_range,0.05,15,13661893741702440742,0.8463855421686747,0.8441265060240963,0.0022590361445783413,0.6851340911599162,0.6837790776097806,0.0013550135501355642,0.547486033519553,0.5384615384615384,0.009024495058014614,0.4434389140271493,0.4434389140271493,0.0,0.49,0.48635235732009924,0.0036476426799007533,0.7699256479744285,0.7705796514978724,-0.0006540035234439134,0.4641844234644762,0.4631465405567611,0.0010378829077151153
Logistic Regression,volume_and_range,0.05,16,14533875678085602537,0.8072289156626506,0.8057228915662651,0.001506024096385561,0.7105380405236933,0.7078239259014008,0.0027141146222925405,0.43859649122807015,0.43508771929824563,0.003508771929824517,0.5656108597285068,0.5610859728506787,0.004524886877828038,0.49407114624505927,0.4901185770750988,0.0039525691699604515,0.7868561641875846,0.7879843202655255,-0.0011281560779408117,0.5115454699383656,0.5145285880751285,-0.0029831181367628856
Random Forest,volume_and_range,0.05,16,14533875678085602537,0.8463855421686747,0.8441265060240963,0.0022590361445783413,0.6851340911599162,0.6819683053542451,0.003165785805671062,0.547486033519553,0.5388888888888889,0.008597144630664189,0.4434389140271493,0.43891402714932126,0.004524886877828038,0.49,0.4837905236907731,0.006209476309226913,0.7699256479744285,0.770256737258172,-0.0003310892837434798,0.4641844234644762,0.46311965864018434,0.0010647648242918528
Logistic Regression,volume_and_range,0.05,17,17310839246462175019,0.8072289156626506,0.8079819277108434,-0.0007530120481927804,0.7105380405236933,0.7091789394515363,0.0013591010721569763,0.43859649122807015,0.4397163120567376,-0.0011198208286674616,0.5656108597285068,0.5610859728506787,0.004524886877828038,0.49407114624505927,0.49304174950298213,0.0010293967420771377,0.7868561641875846,0.7863206988027648,0.0005354653848198554,0.5115454699383656,0.5119689204558987,-0.00042345051753311935
Random Forest,volume_and_range,0.05,17,17310839246462175019,0.8463855421686747,0.8448795180722891,0.001506024096385561,0.6851340911599162,0.6842307487931591,0.0009033423667570428,0.547486033519553,0.5414364640883977,0.0060495694311553105,0.4434389140271493,0.4434389140271493,0.0,0.49,0.48756218905472637,0.002437810945273622,0.7699256479744285,0.7705673889318079,-0.0006417409573793442,0.4641844234644762,0.46172302071377436,0.0024614027507018355
Logistic Regression,volume_and_range,0.05,18,16228878574470481557,0.8072289156626506,0.8042168674698795,0.003012048192771122,0.7105380405236933,0.7087313557901793,0.0018066847335139746,0.43859649122807015,0.43252595155709345,0.0060705396709767045,0.5656108597285068,0.5656108597285068,0.0,0.49407114624505927,0.49019607843137253,0.003875067813686739,0.7868561641875846,0.7861490228778608,0.0007071413097238244,0.5115454699383656,0.5113264572950945,0.00021901264327106595
Random Forest,volume_and_range,0.05,18,16228878574470481557,0.8463855421686747,0.8433734939759037,0.0030120481927710108,0.6851340911599162,0.6833274064264021,0.0018066847335140857,0.547486033519553,0.5355191256830601,0.011966907836492902,0.4434389140271493,0.4434389140271493,0.0,0.49,0.48514851485148514,0.004851485148514856,0.7699256479744285,0.7681516634170866,0.001773984557341901,0.4641844234644762,0.46261947510607454,0.0015649483584016521
Logistic Regression,volume_and_range,0.05,19,14046213427669313778,0.8072289156626506,0.8042168674698795,0.003012048192771122,0.7105380405236933,0.7069205835346438,0.0036174569890494723,0.43859649122807015,0.43205574912891986,0.006540742099150287,0.5656108597285068,0.5610859728506787,0.004524886877828038,0.49407114624505927,0.4881889763779528,0.00588216986710649,0.7868561641875846,0.7864433244634106,0.00041283972417405224,0.5115454699383656,0.5113263284422116,0.00021914149615398504
Random Forest,volume_and_range,0.05,19,14046213427669313778,0.8463855421686747,0.8441265060240963,0.0022590361445783413,0.6851340911599162,0.6837790776097806,0.0013550135501355642,0.547486033519553,0.5384615384615384,0.009024495058014614,0.4434389140271493,0.4434389140271493,0.0,0.49,0.48635235732009924,0.0036476426799007533,0.7699256479744285,0.7713726307700481,-0.0014469827956196113,0.4641844234644762,0.4636207380616223,0.0005636854028538973
Logistic Regression,volume_and_range,0.05,20,3678983079401452570,0.8072289156626506,0.8072289156626506,0.0,0.7105380405236933,0.7087272682681578,0.0018107722555354977,0.43859649122807015,0.4381625441696113,0.00043394705845883896,0.5656108597285068,0.5610859728506787,0.004524886877828038,0.49407114624505927,0.49206349206349204,0.002007654181567231,0.7868561641875846,0.7861490228778607,0.0007071413097239354,0.5115454699383656,0.5111682659276066,0.00037720401075902465
Random Forest,volume_and_range,0.05,20,3678983079401452570,0.8463855421686747,0.8418674698795181,0.004518072289156572,0.6851340911599162,0.6824240640596451,0.0027100271002711285,0.547486033519553,0.5297297297297298,0.01775630378982329,0.4434389140271493,0.4434389140271493,0.0,0.49,0.4827586206896552,0.007241379310344798,0.7699256479744285,0.770747239900755,-0.0008215919263264704,0.4641844234644762,0.4629961181416264,0.001188305322849803
Logistic Regression,volume_and_range,0.05,21,10119446141068546974,0.8072289156626506,0.8072289156626506,0.0,0.7105380405236933,0.7105380405236933,0.0,0.43859649122807015,0.43859649122807015,0.0,0.5656108597285068,0.5656108597285068,0.0,0.49407114624505927,0.49407114624505927,0.0,0.7868561641875846,0.786026397217215,0.0008297669703696275,0.5115454699383656,0.5111525001601009,0.0003929697782646402
Random Forest,volume_and_range,0.05,21,10119446141068546974,0.8463855421686747,0.8471385542168675,-0.0007530120481927804,0.6851340911599162,0.6855857623432946,-0.0004516711833784104,0.547486033519553,0.550561797752809,-0.003075764233255951,0.4434389140271493,0.4434389140271493,0.0,0.49,0.49122807017543857,-0.001228070175438578,0.7699256479744285,0.7694187952437593,0.0005068527306691939,0.4641844234644762,0.4640260013138888,0.0001584221505873673
Logistic Regression,volume_and_range,0.05,22,3010771252307402437,0.8072289156626506,0.8072289156626506,0.0,0.7105380405236933,0.7105380405236933,0.0,0.43859649122807015,0.43859649122807015,0.0,0.5656108597285068,0.5656108597285068,0.0,0.49407114624505927,0.49407114624505927,0.0,0.7868561641875846,0.7866967508287451,0.0001594133588395108,0.5115454699383656,0.511330880497546,0.0002145894408195348
Random Forest,volume_and_range,0.05,22,3010771252307402437,0.8463855421686747,0.8456325301204819,0.0007530120481927804,0.6851340911599162,0.6883039644876087,-0.003169873327692474,0.547486033519553,0.5434782608695652,0.004007772649987862,0.4434389140271493,0.45248868778280543,-0.009049773755656132,0.49,0.49382716049382713,-0.003827160493827142,0.7699256479744285,0.7692512068408768,0.0006744411335517508,0.4641844234644762,0.4631475601761503,0.0010368632883259177
Logistic Regression,volume_and_range,0.05,23,2356236747376620180,0.8072289156626506,0.8079819277108434,-0.0007530120481927804,0.7105380405236933,0.7109897117070718,-0.0004516711833785214,0.43859649122807015,0.44014084507042256,-0.0015443538423524084,0.5656108597285068,0.5656108597285068,0.0,0.49407114624505927,0.49504950495049505,-0.0009783587054357779,0.7868561641875846,0.786913389495886,-5.7225308301323e-05,0.5115454699383656,0.5123531518294663,-0.0008076818911006978
Random Forest,volume_and_range,0.05,23,2356236747376620180,0.8463855421686747,0.8426204819277109,0.003765060240963791,0.6851340911599162,0.6828757352430236,0.002258355916892607,0.547486033519553,0.532608695652174,0.014877337867379103,0.4434389140271493,0.4434389140271493,0.0,0.49,0.4839506172839506,0.0060493827160493785,0.7699256479744285,0.7718018205823083,-0.0018761726078797558,0.4641844234644762,0.46420667549022265,-2.2252025746460902e-05
Logistic Regression,volume_and_range,0.05,24,11249746710986935217,0.8072289156626506,0.8072289156626506,0.0,0.7105380405236933,0.7087272682681578,0.0018107722555354977,0.43859649122807015,0.4381625441696113,0.00043394705845883896,0.5656108597285068,0.5610859728506787,0.004524886877828038,0.49407114624505927,0.49206349206349204,0.002007654181567231,0.7868561641875846,0.7873384917861245,-0.0004823275985398334,0.5115454699383656,0.5117572775775839,-0.00021180763921835322
Random Forest,volume_and_range,0.05,24,11249746710986935217,0.8463855421686747,0.8448795180722891,0.001506024096385561,0.6851340911599162,0.6842307487931591,0.0009033423667570428,0.547486033519553,0.5414364640883977,0.0060495694311553105,0.4434389140271493,0.4434389140271493,0.0,0.49,0.48756218905472637,0.002437810945273622,0.7699256479744285,0.7729790269245075,-0.0030533789500789554,0.4641844234644762,0.4649986524016479,-0.0008142289371717015
Logistic Regression,volume_and_range,0.05,25,17984943923318325400,0.8072289156626506,0.8072289156626506,0.0,0.7105380405236933,0.7087272682681578,0.0018107722555354977,0.43859649122807015,0.4381625441696113,0.00043394705845883896,0.5656108597285068,0.5610859728506787,0.004524886877828038,0.49407114624505927,0.49206349206349204,0.002007654181567231,0.7868561641875846,0.7869420021500366,-8.58379624519845e-05,0.5115454699383656,0.5119606230426593,-0.00041515310429374175
Random Forest,volume_and_range,0.05,25,17984943923318325400,0.8463855421686747,0.8433734939759037,0.0030120481927710108,0.6851340911599162,0.6815166341708666,0.0036174569890495833,0.547486033519553,0.5359116022099447,0.011574431309608335,0.4434389140271493,0.43891402714932126,0.004524886877828038,0.49,0.48258706467661694,0.007412935323383052,0.7699256479744285,0.7708780406054438,-0.0009523926310153197,0.4641844234644762,0.46479907260430203,-0.0006146491398258402
Logistic Regression,volume_and_range,0.05,26,5297872563943983346,0.8072289156626506,0.8072289156626506,0.0,0.7105380405236933,0.7105380405236933,0.0,0.43859649122807015,0.43859649122807015,0.0,0.5656108597285068,0.5656108597285068,0.0,0.49407114624505927,0.49407114624505927,0.0,0.7868561641875846,0.7872853539998447,-0.0004291898122600335,0.5115454699383656,0.5110000516463946,0.0005454182919709671
Random Forest,volume_and_range,0.05,26,5297872563943983346,0.8463855421686747,0.8448795180722891,0.001506024096385561,0.6851340911599162,0.6842307487931591,0.0009033423667570428,0.547486033519553,0.5414364640883977,0.0060495694311553105,0.4434389140271493,0.4434389140271493,0.0,0.49,0.48756218905472637,0.002437810945273622,0.7699256479744285,0.7703221376105164,-0.00039648963608784893,0.4641844234644762,0.46362042315160773,0.0005640003128684623
Logistic Regression,volume_and_range,0.05,27,2248763818795285784,0.8072289156626506,0.8087349397590361,-0.0015060240963854499,0.7105380405236933,0.7096306106349148,0.0009074298887784549,0.43859649122807015,0.4412811387900356,-0.0026846475619654586,0.5656108597285068,0.5610859728506787,0.004524886877828038,0.49407114624505927,0.4940239043824701,4.7241862589142425e-05,0.7868561641875846,0.7870033149803595,-0.00014715079277483056,0.5115454699383656,0.5125782613892149,-0.0010327914508493352
Random Forest,volume_and_range,0.05,27,2248763818795285784,0.8463855421686747,0.8448795180722891,0.001506024096385561,0.6851340911599162,0.6824199765376235,0.0027141146222926515,0.547486033519553,0.5418994413407822,0.005586592178770888,0.4434389140271493,0.43891402714932126,0.004524886877828038,0.49,0.485,0.0050000000000000044,0.7699256479744285,0.7682865516437971,0.0016390963306314177,0.4641844234644762,0.46414100967633976,4.341378813643715e-05
Logistic Regression,volume_and_range,0.05,28,4581709823078814919,0.8072289156626506,0.8057228915662651,0.001506024096385561,0.7105380405236933,0.7078239259014008,0.0027141146222925405,0.43859649122807015,0.43508771929824563,0.003508771929824517,0.5656108597285068,0.5610859728506787,0.004524886877828038,0.49407114624505927,0.4901185770750988,0.0039525691699604515,0.7868561641875846,0.7867621511810894,9.401300649525268e-05,0.5115454699383656,0.5117177488022341,-0.00017227886386850244
Random Forest,volume_and_range,0.05,28,4581709823078814919,0.8463855421686747,0.8441265060240963,0.0022590361445783413,0.6851340911599162,0.6837790776097806,0.0013550135501355642,0.547486033519553,0.5384615384615384,0.009024495058014614,0.4434389140271493,0.4434389140271493,0.0,0.49,0.48635235732009924,0.0036476426799007533,0.7699256479744285,0.7686380785376481,0.0012875694367804336,0.4641844234644762,0.46117652116204555,0.003007902302430643
Logistic Regression,volume_and_range,0.05,29,5707924368579332473,0.8072289156626506,0.8064759036144579,0.0007530120481927804,0.7105380405236933,0.7100863693403148,0.0004516711833785214,0.43859649122807015,0.4370629370629371,0.0015335541651330664,0.5656108597285068,0.5656108597285068,0.0,0.49407114624505927,0.4930966469428008,0.000974499302258458,0.7868561641875846,0.7865986503002284,0.00025751388735628655,0.5115454699383656,0.510602727266588,0.0009427426717776299
Random Forest,volume_and_range,0.05,29,5707924368579332473,0.8463855421686747,0.8456325301204819,0.0007530120481927804,0.6851340911599162,0.6864931922320732,-0.0013591010721569763,0.547486033519553,0.5439560439560439,0.0035299895635091394,0.4434389140271493,0.4479638009049774,-0.004524886877828094,0.49,0.4913151364764268,-0.0013151364764267814,0.7699256479744285,0.7711028543166276,-0.0011772063421990886,0.4641844234644762,0.4621519222636856,0.0020325012007905707
Logistic Regression,volume_and_range,0.1,0,4846496528221700810,0.8072289156626506,0.8042168674698795,0.003012048192771122,0.7105380405236933,0.7087313557901793,0.0018066847335139746,0.43859649122807015,0.43252595155709345,0.0060705396709767045,0.5656108597285068,0.5656108597285068,0.0,0.49407114624505927,0.49019607843137253,0.003875067813686739,0.7868561641875846,0.7854337065240939,0.001422457663490695,0.5115454699383656,0.5106245899796773,0.000920879958688281
Random Forest,volume_and_range,0.1,0,4846496528221700810,0.8463855421686747,0.8463855421686747,0.0,0.6851340911599162,0.6869448634154517,-0.0018107722555354977,0.547486033519553,0.5469613259668509,0.000524707552702175,0.4434389140271493,0.4479638009049774,-0.004524886877828094,0.49,0.4925373134328358,-0.0025373134328358082,0.7699256479744285,0.7682579389896462,0.0016677089847823012,0.4641844234644762,0.4628808184442247,0.0013036050202515082
Logistic Regression,volume_and_range,0.1,1,4334313031705637306,0.8072289156626506,0.8072289156626506,0.0,0.7105380405236933,0.7087272682681578,0.0018107722555354977,0.43859649122807015,0.4381625441696113,0.00043394705845883896,0.5656108597285068,0.5610859728506787,0.004524886877828038,0.49407114624505927,0.49206349206349204,0.002007654181567231,0.7868561641875846,0.7876491434597603,-0.0007929792721756979,0.5115454699383656,0.5140665454722032,-0.0025210755338376245
Random Forest,volume_and_range,0.1,1,4334313031705637306,0.8463855421686747,0.8471385542168675,-0.0007530120481927804,0.6851340911599162,0.6892073068543657,-0.004073215694449517,0.547486033519553,0.5494505494505495,-0.0019645159309964466,0.4434389140271493,0.45248868778280543,-0.009049773755656132,0.49,0.49627791563275436,-0.006277915632754372,0.7699256479744285,0.7720552469476428,-0.0021295989732142973,0.4641844234644762,0.4640255544688792,0.00015886899559697243
Logistic Regression,volume_and_range,0.1,2,15337807797780978456,0.8072289156626506,0.8064759036144579,0.0007530120481927804,0.7105380405236933,0.7082755970847793,0.002262443438914019,0.43859649122807015,0.43661971830985913,0.0019767729182110227,0.5656108597285068,0.5610859728506787,0.004524886877828038,0.49407114624505927,0.4910891089108911,0.002982037334168186,0.7868561641875846,0.7850045167118339,0.0018516474757507284,0.5115454699383656,0.5110782852340019,0.00046718470436368786
Random Forest,volume_and_range,0.1,2,15337807797780978456,0.8463855421686747,0.8463855421686747,0.0,0.6851340911599162,0.6887556356709872,-0.0036215445110709954,0.547486033519553,0.546448087431694,0.0010379460878590097,0.4434389140271493,0.45248868778280543,-0.009049773755656132,0.49,0.49504950495049505,-0.005049504950495054,0.7699256479744285,0.7655683494994828,0.004357298474945703,0.4641844234644762,0.4608554922850748,0.0033289311794014176
Logistic Regression,volume_and_range,0.1,3,6540812825698039698,0.8072289156626506,0.8072289156626506,0.0,0.7105380405236933,0.7105380405236933,0.0,0.43859649122807015,0.43859649122807015,0.0,0.5656108597285068,0.5656108597285068,0.0,0.49407114624505927,0.49407114624505927,0.0,0.7868561641875846,0.7880987708821281,-0.0012426066945434577,0.5115454699383656,0.5140918519571397,-0.002546382018774107
Random Forest,volume_and_range,0.1,3,6540812825698039698,0.8463855421686747,0.8456325301204819,0.0007530120481927804,0.6851340911599162,0.6864931922320732,-0.0013591010721569763,0.547486033519553,0.5439560439560439,0.0035299895635091394,0.4434389140271493,0.4479638009049774,-0.004524886877828094,0.49,0.4913151364764268,-0.0013151364764267814,0.7699256479744285,0.7708903031715084,-0.0009646551970798889,0.4641844234644762,0.4677716347007044,-0.0035872112362281827
Logistic Regression,volume_and_range,0.1,4,14023453694449039445,0.8072289156626506,0.8109939759036144,-0.003765060240963791,0.7105380405236933,0.7164179409516569,-0.0058799004279636025,0.43859649122807015,0.4471830985915493,-0.00858660736347916,0.5656108597285068,0.5746606334841629,-0.009049773755656076,0.49407114624505927,0.502970297029703,-0.008899150784643706,0.7868561641875846,0.7866150003883146,0.00024116379927008325,0.5115454699383656,0.5113535401900797,0.0001919297482858573
Random Forest,volume_and_range,0.1,4,14023453694449039445,0.8463855421686747,0.8471385542168675,-0.0007530120481927804,0.6851340911599162,0.6855857623432946,-0.0004516711833784104,0.547486033519553,0.550561797752809,-0.003075764233255951,0.4434389140271493,0.4434389140271493,0.0,0.49,0.49122807017543857,-0.001228070175438578,0.7699256479744285,0.7699501731065576,-2.4525132129027405e-05,0.4641844234644762,0.46390653677330806,0.0002778866911681277
Logistic Regression,volume_and_range,0.1,5,17393985000083605935,0.8072289156626506,0.8057228915662651,0.001506024096385561,0.7105380405236933,0.7096346981569364,0.0009033423667569318,0.43859649122807015,0.4355400696864111,0.003056421541659027,0.5656108597285068,0.5656108597285068,0.0,0.49407114624505927,0.4921259842519685,0.0019451619930907493,0.7868561641875846,0.7869460896720581,-8.992548447350757e-05,0.5115454699383656,0.5138959552643035,-0.0023504853259379566
Random Forest,volume_and_range,0.1,5,17393985000083605935,0.8463855421686747,0.8441265060240963,0.0022590361445783413,0.6851340911599162,0.6874006221208516,-0.002266530960935431,0.547486033519553,0.5376344086021505,0.009851624917402546,0.4434389140271493,0.45248868778280543,-0.009049773755656132,0.49,0.4914004914004914,-0.0014004914004914215,0.7699256479744285,0.7722391854386115,-0.0023135374641829465,0.4641844234644762,0.46232971702136916,0.0018547064431070348
Logistic Regression,volume_and_range,0.1,6,13158507270776934160,0.8072289156626506,0.8057228915662651,0.001506024096385561,0.7105380405236933,0.7060131536458653,0.004524886877828038,0.43859649122807015,0.43462897526501765,0.003967515963052504,0.5656108597285068,0.5565610859728507,0.009049773755656076,0.49407114624505927,0.4880952380952381,0.005975908149821185,0.7868561641875846,0.7874529424027272,-0.0005967782151425904,0.5115454699383656,0.5112521348537935,0.00029333508457207724
Random Forest,volume_and_range,0.1,6,13158507270776934160,0.8463855421686747,0.8463855421686747,0.0,0.6851340911599162,0.6869448634154517,-0.0018107722555354977,0.547486033519553,0.5469613259668509,0.000524707552702175,0.4434389140271493,0.4479638009049774,-0.004524886877828094,0.49,0.4925373134328358,-0.0025373134328358082,0.7699256479744285,0.7710538040523693,-0.0011281560779408117,0.4641844234644762,0.4639862115508755,0.00019821191360069879
Logistic Regression,volume_and_range,0.1,7,1283552673474474017,0.8072289156626506,0.8064759036144579,0.0007530120481927804,0.7105380405236933,0.7082755970847793,0.002262443438914019,0.43859649122807015,0.43661971830985913,0.0019767729182110227,0.5656108597285068,0.5610859728506787,0.004524886877828038,0.49407114624505927,0.4910891089108911,0.002982037334168186,0.7868561641875846,0.7862798235825496,0.0005763406050350861,0.5115454699383656,0.5110564583606907,0.0004890115776748916
Random Forest,volume_and_range,0.1,7,1283552673474474017,0.8463855421686747,0.8463855421686747,0.0,0.6851340911599162,0.6851340911599162,0.0,0.547486033519553,0.547486033519553,0.0,0.4434389140271493,0.4434389140271493,0.0,0.49,0.49,0.0,0.7699256479744285,0.769937910540493,-1.2262566064458191e-05,0.4641844234644762,0.46491527135600297,-0.0007308478915267758
Logistic Regression,volume_and_range,0.1,8,11328083782648709070,0.8072289156626506,0.8072289156626506,0.0,0.7105380405236933,0.7087272682681578,0.0018107722555354977,0.43859649122807015,0.4381625441696113,0.00043394705845883896,0.5656108597285068,0.5610859728506787,0.004524886877828038,0.49407114624505927,0.49206349206349204,0.002007654181567231,0.7868561641875846,0.7882050464546876,-0.0013488822671029466,0.5115454699383656,0.5135384708968327,-0.001993000958467106
Random Forest,volume_and_range,0.1,8,11328083782648709070,0.8463855421686747,0.8448795180722891,0.001506024096385561,0.6851340911599162,0.6860415210486946,-0.0009074298887784549,0.547486033519553,0.5409836065573771,0.006502426962175956,0.4434389140271493,0.4479638009049774,-0.004524886877828094,0.49,0.4900990099009901,-9.90099009900991e-05,0.7699256479744285,0.773277416032079,-0.0033517680576504727,0.4641844234644762,0.4625298331407617,0.001654590323714511
Logistic Regression,volume_and_range,0.1,9,17688392640021689475,0.8072289156626506,0.8072289156626506,0.0,0.7105380405236933,0.7105380405236933,0.0,0.43859649122807015,0.43859649122807015,0.0,0.5656108597285068,0.5656108597285068,0.0,0.49407114624505927,0.49407114624505927,0.0,0.7868561641875846,0.7856871328894285,0.0011690312981561535,0.5115454699383656,0.5120748091657147,-0.0005293392273491015
Random Forest,volume_and_range,0.1,9,17688392640021689475,0.8463855421686747,0.8456325301204819,0.0007530120481927804,0.6851340911599162,0.6883039644876087,-0.003169873327692474,0.547486033519553,0.5434782608695652,0.004007772649987862,0.4434389140271493,0.45248868778280543,-0.009049773755656132,0.49,0.49382716049382713,-0.003827160493827142,0.7699256479744285,0.7664349041680462,0.003490743806382368,0.4641844234644762,0.4626690789913772,0.0015153444730989785
Logistic Regression,volume_and_range,0.1,10,4846435714482593159,0.8072289156626506,0.8057228915662651,0.001506024096385561,0.7105380405236933,0.7132562426680074,-0.0027182021443140636,0.43859649122807015,0.436426116838488,0.0021703743895821748,0.5656108597285068,0.5746606334841629,-0.009049773755656076,0.49407114624505927,0.49609375,-0.0020226037549407327,0.7868561641875846,0.7868030264013047,5.313778627991095e-05,0.5115454699383656,0.5118672655083651,-0.00032179556999956116
Random Forest,volume_and_range,0.1,10,4846435714482593159,0.8463855421686747,0.8471385542168675,-0.0007530120481927804,0.6851340911599162,0.6873965345988302,-0.002262443438914019,0.547486033519553,0.55,-0.002513966480446994,0.4434389140271493,0.4479638009049774,-0.004524886877828094,0.49,0.4937655860349127,-0.003765586034912727,0.7699256479744285,0.7714380311223925,-0.0015123831479639804,0.4641844234644762,0.4662020717590425,-0.002017648294566299
Logistic Regression,volume_and_range,0.1,11,1125500450550387329,0.8072289156626506,0.8094879518072289,-0.0022590361445782303,0.7105380405236933,0.7137038263293644,-0.003165785805671062,0.43859649122807015,0.44366197183098594,-0.005065480602915784,0.5656108597285068,0.5701357466063348,-0.004524886877828038,0.49407114624505927,0.499009900990099,-0.004938754745039742,0.7868561641875846,0.7875469554092221,-0.0006907912216375101,0.5115454699383656,0.5128603287400889,-0.0013148588017233287
Random Forest,volume_and_range,0.1,11,1125500450550387329,0.8463855421686747,0.8433734939759037,0.0030120481927710108,0.6851340911599162,0.6851381786819376,-4.087522021412049e-06,0.547486033519553,0.5351351351351351,0.012350898384417941,0.4434389140271493,0.4479638009049774,-0.004524886877828094,0.49,0.4876847290640394,0.002315270935960567,0.7699256479744285,0.7703221376105164,-0.00039648963608784893,0.4641844234644762,0.4640742140562208,0.00011020940825540171
Logistic Regression,volume_and_range,0.1,12,10156341740266398536,0.8072289156626506,0.802710843373494,0.004518072289156683,0.7105380405236933,0.7078280134234223,0.0027100271002710175,0.43859649122807015,0.42955326460481097,0.009043226623259182,0.5656108597285068,0.5656108597285068,0.0,0.49407114624505927,0.48828125,0.005789896245059267,0.7868561641875846,0.7881641712344725,-0.0013080070468878269,0.5115454699383656,0.5114712724244697,7.419751389592388e-05
Random Forest,volume_and_range,0.1,12,10156341740266398536,0.8463855421686747,0.8471385542168675,-0.0007530120481927804,0.6851340911599162,0.6855857623432946,-0.0004516711833784104,0.547486033519553,0.550561797752809,-0.003075764233255951,0.4434389140271493,0.4434389140271493,0.0,0.49,0.49122807017543857,-0.001228070175438578,0.7699256479744285,0.771409418468242,-0.00148377049381343,0.4641844234644762,0.46611130133767914,-0.001926877873202948
Logistic Regression,volume_and_range,0.1,13,1831301116703291969,0.8072289156626506,0.8102409638554217,-0.0030120481927710108,0.7105380405236933,0.7123447252572073,-0.0018066847335139746,0.43859649122807015,0.44483985765124556,-0.006243366423175412,0.5656108597285068,0.5656108597285068,0.0,0.49407114624505927,0.49800796812749004,-0.003936821882430774,0.7868561641875846,0.787927094957224,-0.0010709307696393777,0.5115454699383656,0.5147163138723725,-0.003170843934006906
Random Forest,volume_and_range,0.1,13,1831301116703291969,0.8463855421686747,0.8433734939759037,0.0030120481927710108,0.6851340911599162,0.6815166341708666,0.0036174569890495833,0.547486033519553,0.5359116022099447,0.011574431309608335,0.4434389140271493,0.43891402714932126,0.004524886877828038,0.49,0.48258706467661694,0.007412935323383052,0.7699256479744285,0.7690836184379943,0.0008420295364341968,0.4641844234644762,0.4610440391263467,0.003140384338129465
Logistic Regression,volume_and_range,0.1,14,14189118541840917333,0.8072289156626506,0.8072289156626506,0.0,0.7105380405236933,0.7087272682681578,0.0018107722555354977,0.43859649122807015,0.4381625441696113,0.00043394705845883896,0.5656108597285068,0.5610859728506787,0.004524886877828038,0.49407114624505927,0.49206349206349204,0.002007654181567231,0.7868561641875846,0.7855031943984598,0.0013529697891248027,0.5115454699383656,0.5107736284043026,0.0007718415340629559
Random Forest,volume_and_range,0.1,14,14189118541840917333,0.8463855421686747,0.8433734939759037,0.0030120481927710108,0.6851340911599162,0.6869489509374732,-0.0018148597775570208,0.547486033519553,0.5347593582887701,0.012726675230782969,0.4434389140271493,0.45248868778280543,-0.009049773755656132,0.49,0.49019607843137253,-0.00019607843137253722,0.7699256479744285,0.764812157925501,0.0051134900489275825,0.4641844234644762,0.4600926554725583,0.004091767991917905
Logistic Regression,volume_and_range,0.1,15,4698507599398692925,0.8072289156626506,0.8079819277108434,-0.0007530120481927804,0.7105380405236933,0.7128004839626073,-0.002262443438914019,0.43859649122807015,0.4405594405594406,-0.0019629493313704227,0.5656108597285068,0.5701357466063348,-0.004524886877828038,0.49407114624505927,0.4970414201183432,-0.002970273873283913,0.7868561641875846,0.7871545532951558,-0.0002983891075711842,0.5115454699383656,0.5122026676561505,-0.0006571977177849408
Random Forest,volume_and_range,0.1,15,4698507599398692925,0.8463855421686747,0.8448795180722891,0.001506024096385561,0.6851340911599162,0.6842307487931591,0.0009033423667570428,0.547486033519553,0.5414364640883977,0.0060495694311553105,0.4434389140271493,0.4434389140271493,0.0,0.49,0.48756218905472637,0.002437810945273622,0.7699256479744285,0.7730076395786581,-0.003081991604229617,0.4641844234644762,0.4652058874326929,-0.0010214639682167292
Logistic Regression,volume_and_range,0.1,16,10751889918389052111,0.8072289156626506,0.8042168674698795,0.003012048192771122,0.7105380405236933,0.7051098112791083,0.00542822924458497,0.43859649122807015,0.43157894736842106,0.007017543859649089,0.5656108597285068,0.5565610859728507,0.009049773755656076,0.49407114624505927,0.48616600790513836,0.007905138339920903,0.7868561641875846,0.7889203628084546,-0.002064198620869928,0.5115454699383656,0.5164438054870523,-0.004898335548686683
Random Forest,volume_and_range,0.1,16,10751889918389052111,0.8463855421686747,0.8463855421686747,0.0,0.6851340911599162,0.6869448634154517,-0.0018107722555354977,0.547486033519553,0.5469613259668509,0.000524707552702175,0.4434389140271493,0.4479638009049774,-0.004524886877828094,0.49,0.4925373134328358,-0.0025373134328358082,0.7699256479744285,0.7732733285100575,-0.0033476805356289496,0.4641844234644762,0.46586257650995677,-0.0016781530454805793
Logistic Regression,volume_and_range,0.1,17,2386359166133097719,0.8072289156626506,0.8079819277108434,-0.0007530120481927804,0.7105380405236933,0.7091789394515363,0.0013591010721569763,0.43859649122807015,0.4397163120567376,-0.0011198208286674616,0.5656108597285068,0.5610859728506787,0.004524886877828038,0.49407114624505927,0.49304174950298213,0.0010293967420771377,0.7868561641875846,0.7858915089905046,0.0009646551970799999,0.5115454699383656,0.5125957856323436,-0.0010503156939780656
Random Forest,volume_and_range,0.1,17,2386359166133097719,0.8463855421686747,0.8456325301204819,0.0007530120481927804,0.6851340911599162,0.6864931922320732,-0.0013591010721569763,0.547486033519553,0.5439560439560439,0.0035299895635091394,0.4434389140271493,0.4479638009049774,-0.004524886877828094,0.49,0.4913151364764268,-0.0013151364764267814,0.7699256479744285,0.769120406136188,0.0008052418382404891,0.4641844234644762,0.46058265685535477,0.003601766609121426
Logistic Regression,volume_and_range,0.1,18,18421970431807426325,0.8072289156626506,0.8042168674698795,0.003012048192771122,0.7105380405236933,0.7123529003012503,-0.0018148597775570208,0.43859649122807015,0.4334470989761092,0.005149392251960927,0.5656108597285068,0.5746606334841629,-0.009049773755656076,0.49407114624505927,0.49416342412451364,-9.227787945437216e-05,0.7868561641875846,0.7852824682092975,0.0015736959782871596,0.5115454699383656,0.5102717570349027,0.001273712903462898
Random Forest,volume_and_range,0.1,18,18421970431807426325,0.8463855421686747,0.8433734939759037,0.0030120481927710108,0.6851340911599162,0.6869489509374732,-0.0018148597775570208,0.547486033519553,0.5347593582887701,0.012726675230782969,0.4434389140271493,0.45248868778280543,-0.009049773755656132,0.49,0.49019607843137253,-0.00019607843137253722,0.7699256479744285,0.7675058349376858,0.0024198130367427684,0.4641844234644762,0.46210116598043843,0.0020832574840377593
Logistic Regression,volume_and_range,0.1,19,15864797425231087156,0.8072289156626506,0.8034638554216867,0.0037650602409639022,0.7105380405236933,0.7064689123512653,0.004069128172427994,0.43859649122807015,0.4305555555555556,0.00804093567251457,0.5656108597285068,0.5610859728506787,0.004524886877828038,0.49407114624505927,0.48722986247544203,0.006841283769617235,0.7868561641875846,0.7861612854439253,0.0006948787436593662,0.5115454699383656,0.5106423595123672,0.0009031104259983325
Random Forest,volume_and_range,0.1,19,15864797425231087156,0.8463855421686747,0.8448795180722891,0.001506024096385561,0.6851340911599162,0.6806092042820882,0.004524886877828038,0.547486033519553,0.5423728813559322,0.005113152163620849,0.4434389140271493,0.4343891402714932,0.009049773755656076,0.49,0.4824120603015075,0.007587939698492474,0.7699256479744285,0.7684623150907226,0.0014633328837059256,0.4641844234644762,0.46067844916698897,0.0035059742974872243
Logistic Regression,volume_and_range,0.1,20,10320342412311116559,0.8072289156626506,0.8049698795180723,0.0022590361445783413,0.7105380405236933,0.7073722547180223,0.003165785805670951,0.43859649122807015,0.43356643356643354,0.005030057661636611,0.5656108597285068,0.5610859728506787,0.004524886877828038,0.49407114624505927,0.4891518737672584,0.0049192724778008845,0.7868561641875846,0.785356043605685,0.0015001205818996333,0.5115454699383656,0.5107272033551972,0.0008182665831684144
Random Forest,volume_and_range,0.1,20,10320342412311116559,0.8463855421686747,0.8441265060240963,0.0022590361445783413,0.6851340911599162,0.6837790776097806,0.0013550135501355642,0.547486033519553,0.5384615384615384,0.009024495058014614,0.4434389140271493,0.4434389140271493,0.0,0.49,0.48635235732009924,0.0036476426799007533,0.7699256479744285,0.7689609927773485,0.0009646551970799999,0.4641844234644762,0.46117012130712476,0.003014302157351434
Logistic Regression,volume_and_range,0.1,21,7191802945836129712,0.8072289156626506,0.8057228915662651,0.001506024096385561,0.7105380405236933,0.7096346981569364,0.0009033423667569318,0.43859649122807015,0.4355400696864111,0.003056421541659027,0.5656108597285068,0.5656108597285068,0.0,0.49407114624505927,0.4921259842519685,0.0019451619930907493,0.7868561641875846,0.7853110808634484,0.001545083324136276,0.5115454699383656,0.5110576619311085,0.0004878080072571178
Random Forest,volume_and_range,0.1,21,7191802945836129712,0.8463855421686747,0.8448795180722891,0.001506024096385561,0.6851340911599162,0.6896630655597656,-0.00452897439984945,0.547486033519553,0.5401069518716578,0.007379081647895247,0.4434389140271493,0.45701357466063347,-0.01357466063348417,0.49,0.4950980392156863,-0.005098039215686301,0.7699256479744285,0.7678777994416445,0.002047848532784058,0.4641844234644762,0.4622715727796707,0.0019128506848055116
Logistic Regression,volume_and_range,0.1,22,12831725866655170563,0.8072289156626506,0.8087349397590361,-0.0015060240963854499,0.7105380405236933,0.7114413828904503,-0.0009033423667570428,0.43859649122807015,0.4416961130742049,-0.00309962184613477,0.5656108597285068,0.5656108597285068,0.0,0.49407114624505927,0.49603174603174605,-0.0019605997866867786,0.7868561641875846,0.7858588088143325,0.0009973553732521845,0.5115454699383656,0.5103368837002619,0.001208586238103715
Random Forest,volume_and_range,0.1,22,12831725866655170563,0.8463855421686747,0.8448795180722891,0.001506024096385561,0.6851340911599162,0.6878522933042301,-0.0027182021443139526,0.547486033519553,0.5405405405405406,0.00694549297901248,0.4434389140271493,0.45248868778280543,-0.009049773755656132,0.49,0.49261083743842365,-0.0026108374384236632,0.7699256479744285,0.7692266817087478,0.0006989662656807782,0.4641844234644762,0.46305018315501284,0.0011342403094633524
Logistic Regression,volume_and_range,0.1,23,1741707129678640195,0.8072289156626506,0.8087349397590361,-0.0015060240963854499,0.7105380405236933,0.7114413828904503,-0.0009033423667570428,0.43859649122807015,0.4416961130742049,-0.00309962184613477,0.5656108597285068,0.5656108597285068,0.0,0.49407114624505927,0.49603174603174605,-0.0019605997866867786,0.7868561641875846,0.7871995160373927,-0.000343351849808049,0.5115454699383656,0.512780731343146,-0.0012352614047803634
Random Forest,volume_and_range,0.1,23,1741707129678640195,0.8463855421686747,0.8433734939759037,0.0030120481927710108,0.6851340911599162,0.6851381786819376,-4.087522021412049e-06,0.547486033519553,0.5351351351351351,0.012350898384417941,0.4434389140271493,0.4479638009049774,-0.004524886877828094,0.49,0.4876847290640394,0.002315270935960567,0.7699256479744285,0.7723331984451066,-0.002407550470678088,0.4641844234644762,0.46455309556526775,-0.0003686721007915561
Logistic Regression,volume_and_range,0.1,24,3082393697150603317,0.8072289156626506,0.8117469879518072,-0.004518072289156572,0.7105380405236933,0.7114372953684288,-0.0008992548447355198,0.43859649122807015,0.44765342960288806,-0.009056938374817913,0.5656108597285068,0.5610859728506787,0.004524886877828038,0.49407114624505927,0.4979919678714859,-0.0039208216264266516,0.7868561641875846,0.787162728339199,-0.00030656415161434136,0.5115454699383656,0.5115212822930455,2.4187645320083995e-05
Random Forest,volume_and_range,0.1,24,3082393697150603317,0.8463855421686747,0.8426204819277109,0.003765060240963791,0.6851340911599162,0.6846865074985592,0.00044758366135699834,0.547486033519553,0.532258064516129,0.015227969003424047,0.4434389140271493,0.4479638009049774,-0.004524886877828094,0.49,0.4864864864864865,0.0035135135135134776,0.7699256479744285,0.7734368293909184,-0.0035111814164898725,0.4641844234644762,0.46662685687343125,-0.002442433408955058
Logistic Regression,volume_and_range,0.1,25,1902932861656368214,0.8072289156626506,0.8102409638554217,-0.0030120481927710108,0.7105380405236933,0.7123447252572073,-0.0018066847335139746,0.43859649122807015,0.44483985765124556,-0.006243366423175412,0.5656108597285068,0.5656108597285068,0.0,0.49407114624505927,0.49800796812749004,-0.003936821882430774,0.7868561641875846,0.7870401026785533,-0.00018393849096864923,0.5115454699383656,0.5127341003232737,-0.0011886303849081292
Random Forest,volume_and_range,0.1,25,1902932861656368214,0.8463855421686747,0.8426204819277109,0.003765060240963791,0.6851340911599162,0.6810649629874881,0.004069128172428105,0.547486033519553,0.532967032967033,0.01451900055252009,0.4434389140271493,0.43891402714932126,0.004524886877828038,0.49,0.4813895781637717,0.008610421836228288,0.7699256479744285,0.77065322689426,-0.0007275789198314397,0.4641844234644762,0.465435905622757,-0.0012514821582808033
Logistic Regression,volume_and_range,0.1,26,17672879290936677975,0.8072289156626506,0.8057228915662651,0.001506024096385561,0.7105380405236933,0.7078239259014008,0.0027141146222925405,0.43859649122807015,0.43508771929824563,0.003508771929824517,0.5656108597285068,0.5610859728506787,0.004524886877828038,0.49407114624505927,0.4901185770750988,0.0039525691699604515,0.7868561641875846,0.78727309143378,-0.00041692724619535326,0.5115454699383656,0.509143978503667,0.0024014914346985883
Random Forest,volume_and_range,0.1,26,17672879290936677975,0.8463855421686747,0.8433734939759037,0.0030120481927710108,0.6851340911599162,0.6833274064264021,0.0018066847335140857,0.547486033519553,0.5355191256830601,0.011966907836492902,0.4434389140271493,0.4434389140271493,0.0,0.49,0.48514851485148514,0.004851485148514856,0.7699256479744285,0.7698520725780411,7.357539638741528e-05,0.4641844234644762,0.46115044460692955,0.0030339788575466375
Logistic Regression,volume_and_range,0.1,27,4133520268544276706,0.8072289156626506,0.8094879518072289,-0.0022590361445782303,0.7105380405236933,0.7137038263293644,-0.003165785805671062,0.43859649122807015,0.44366197183098594,-0.005065480602915784,0.5656108597285068,0.5701357466063348,-0.004524886877828038,0.49407114624505927,0.499009900990099,-0.004938754745039742,0.7868561641875846,0.7865536875579918,0.0003024766295928183,0.5115454699383656,0.5116411720783143,-9.570213994869459e-05
Random Forest,volume_and_range,0.1,27,4133520268544276706,0.8463855421686747,0.8463855421686747,0.0,0.6851340911599162,0.6851340911599162,0.0,0.547486033519553,0.547486033519553,0.0,0.4434389140271493,0.4434389140271493,0.0,0.49,0.49,0.0,0.7699256479744285,0.7694474078979102,0.00047824007651831035,0.4641844234644762,0.4658679556565375,-0.001683532192061299
Logistic Regression,volume_and_range,0.1,28,4478710119460237103,0.8072289156626506,0.8072289156626506,0.0,0.7105380405236933,0.7123488127792288,-0.0018107722555354977,0.43859649122807015,0.43902439024390244,-0.0004278990158322893,0.5656108597285068,0.5701357466063348,-0.004524886877828038,0.49407114624505927,0.49606299212598426,-0.0019918458809249917,0.7868561641875846,0.7865945627782069,0.0002616014093776986,0.5115454699383656,0.511960198519552,-0.00041472858118640765
Random Forest,volume_and_range,0.1,28,4478710119460237103,0.8463855421686747,0.8463855421686747,0.0,0.6851340911599162,0.6887556356709872,-0.0036215445110709954,0.547486033519553,0.546448087431694,0.0010379460878590097,0.4434389140271493,0.45248868778280543,-0.009049773755656132,0.49,0.49504950495049505,-0.005049504950495054,0.7699256479744285,0.7699419980625146,-1.6350088086092285e-05,0.4641844234644762,0.46060259888998817,0.003581824574488024
Logistic Regression,volume_and_range,0.1,29,498066193289449029,0.8072289156626506,0.8079819277108434,-0.0007530120481927804,0.7105380405236933,0.7109897117070718,-0.0004516711833785214,0.43859649122807015,0.44014084507042256,-0.0015443538423524084,0.5656108597285068,0.5656108597285068,0.0,0.49407114624505927,0.49504950495049505,-0.0009783587054357779,0.7868561641875846,0.7861776355320115,0.0006785286555731629,0.5115454699383656,0.509872750831454,0.0016727191069115799
Random Forest,volume_and_range,0.1,29,498066193289449029,0.8463855421686747,0.8478915662650602,-0.001506024096385561,0.6851340911599162,0.6878482057822086,-0.0027141146222924295,0.547486033519553,0.553072625698324,-0.005586592178770999,0.4434389140271493,0.4479638009049774,-0.004524886877828094,0.49,0.495,-0.0050000000000000044,0.7699256479744285,0.7729504142703569,-0.003024766295928405,0.4641844234644762,0.46315375607443665,0.0010306673900395413
Logistic Regression,volume_and_range,0.2,0,16310306108694870437,0.8072289156626506,0.8064759036144579,0.0007530120481927804,0.7105380405236933,0.7118971415958504,-0.0013591010721570873,0.43859649122807015,0.4375,0.001096491228070151,0.5656108597285068,0.5701357466063348,-0.004524886877828038,0.49407114624505927,0.4950884086444008,-0.001017262399341523,0.7868561641875846,0.7842278875277441,0.002628276659840556,0.5115454699383656,0.5104342430768977,0.0011112268614679177
Random Forest,volume_and_range,0.2,0,16310306108694870437,0.8463855421686747,0.8448795180722891,0.001506024096385561,0.6851340911599162,0.6842307487931591,0.0009033423667570428,0.547486033519553,0.5414364640883977,0.0060495694311553105,0.4434389140271493,0.4434389140271493,0.0,0.49,0.48756218905472637,0.002437810945273622,0.7699256479744285,0.7634837132685053,0.006441934705923247,0.4641844234644762,0.4586753539471856,0.005509069517290577
Logistic Regression,volume_and_range,0.2,1,14510048157976082899,0.8072289156626506,0.8087349397590361,-0.0015060240963854499,0.7105380405236933,0.7168736996570569,-0.006335659133363647,0.43859649122807015,0.4429065743944637,-0.00431008316639353,0.5656108597285068,0.579185520361991,-0.013574660633484226,0.49407114624505927,0.5019607843137255,-0.007889638068666216,0.7868561641875846,0.7878657821269012,-0.0010096179393165317,0.5115454699383656,0.516835839155945,-0.005290369217579416
Random Forest,volume_and_range,0.2,1,14510048157976082899,0.8463855421686747,0.8463855421686747,0.0,0.6851340911599162,0.6887556356709872,-0.0036215445110709954,0.547486033519553,0.546448087431694,0.0010379460878590097,0.4434389140271493,0.45248868778280543,-0.009049773755656132,0.49,0.49504950495049505,-0.005049504950495054,0.7699256479744285,0.7721615225202025,-0.002235874545774008,0.4641844234644762,0.46745117271709286,-0.003266749252616663
Logistic Regression,volume_and_range,0.2,2,17832759686968692671,0.8072289156626506,0.8087349397590361,-0.0015060240963854499,0.7105380405236933,0.7096306106349148,0.0009074298887784549,0.43859649122807015,0.4412811387900356,-0.0026846475619654586,0.5656108597285068,0.5610859728506787,0.004524886877828038,0.49407114624505927,0.4940239043824701,4.7241862589142425e-05,0.7868561641875846,0.7830343310974588,0.003821833090125848,0.5115454699383656,0.5091017553456411,0.002443714592724522
Random Forest,volume_and_range,0.2,2,17832759686968692671,0.8463855421686747,0.8471385542168675,-0.0007530120481927804,0.6851340911599162,0.6910180791099012,-0.0058839879499850145,0.547486033519553,0.5489130434782609,-0.0014270099587078144,0.4434389140271493,0.45701357466063347,-0.01357466063348417,0.49,0.49876543209876545,-0.008765432098765458,0.7699256479744285,0.7607695986462126,0.009156049328215898,0.4641844234644762,0.461287166809603,0.0028972566548731704
Logistic Regression,volume_and_range,0.2,3,6327210995528492636,0.8072289156626506,0.8072289156626506,0.0,0.7105380405236933,0.7159703572903,-0.005432316766606715,0.43859649122807015,0.43986254295532645,-0.001266051727256301,0.5656108597285068,0.579185520361991,-0.013574660633484226,0.49407114624505927,0.5,-0.005928853754940733,0.7868561641875846,0.7890879512113372,-0.002231787023752596,0.5115454699383656,0.5149041207065151,-0.0033586507681495625
Random Forest,volume_and_range,0.2,3,6327210995528492636,0.8463855421686747,0.8456325301204819,0.0007530120481927804,0.6851340911599162,0.6883039644876087,-0.003169873327692474,0.547486033519553,0.5434782608695652,0.004007772649987862,0.4434389140271493,0.45248868778280543,-0.009049773755656132,0.49,0.49382716049382713,-0.003827160493827142,0.7699256479744285,0.7677592613030202,0.002166386671408338,0.4641844234644762,0.46284893651862213,0.0013354869458540586
Logistic Regression,volume_and_range,0.2,4,6412714591930986211,0.8072289156626506,0.8102409638554217,-0.0030120481927710108,0.7105380405236933,0.7159662697682784,-0.005428229244585081,0.43859649122807015,0.4456140350877193,-0.007017543859649145,0.5656108597285068,0.5746606334841629,-0.009049773755656076,0.49407114624505927,0.5019762845849802,-0.007905138339920958,0.7868561641875846,0.7858547212923108,0.0010014428952738186,0.5115454699383656,0.510993167448458,0.0005523024899075635
Random Forest,volume_and_range,0.2,4,6412714591930986211,0.8463855421686747,0.848644578313253,-0.0022590361445783413,0.6851340911599162,0.6901106492211226,-0.004976558061206449,0.547486033519553,0.5555555555555556,-0.00806952203600253,0.4434389140271493,0.45248868778280543,-0.009049773755656132,0.49,0.49875311720698257,-0.008753117206982575,0.7699256479744285,0.7661160774503671,0.0038095705240613897,0.4641844234644762,0.46439092702959595,-0.00020650356511975332
Logistic Regression,volume_and_range,0.2,5,10387779350491259896,0.8072289156626506,0.8057228915662651,0.001506024096385561,0.7105380405236933,0.7078239259014008,0.0027141146222925405,0.43859649122807015,0.43508771929824563,0.003508771929824517,0.5656108597285068,0.5610859728506787,0.004524886877828038,0.49407114624505927,0.4901185770750988,0.0039525691699604515,0.7868561641875846,0.7862103357081837,0.0006458284794009783,0.5115454699383656,0.5148892121662232,-0.0033437422278576046
Random Forest,volume_and_range,0.2,5,10387779350491259896,0.8463855421686747,0.8463855421686747,0.0,0.6851340911599162,0.6905664079265227,-0.005432316766606493,0.547486033519553,0.5459459459459459,0.0015400875736071296,0.4434389140271493,0.45701357466063347,-0.01357466063348417,0.49,0.4975369458128079,-0.007536945812807894,0.7699256479744285,0.7721083847339227,-0.002182736759494208,0.4641844234644762,0.46083832625626914,0.003346097208207055
Logistic Regression,volume_and_range,0.2,6,4176595217420774178,0.8072289156626506,0.8057228915662651,0.001506024096385561,0.7105380405236933,0.7042023813903298,0.006335659133363536,0.43859649122807015,0.43416370106761565,0.004432790160454503,0.5656108597285068,0.5520361990950227,0.013574660633484115,0.49407114624505927,0.4860557768924303,0.008015369352628976,0.7868561641875846,0.7872649163897372,-0.00040875220215252916,0.5115454699383656,0.50879223911368,0.002753230824685593
Random Forest,volume_and_range,0.2,6,4176595217420774178,0.8463855421686747,0.8463855421686747,0.0,0.6851340911599162,0.6887556356709872,-0.0036215445110709954,0.547486033519553,0.546448087431694,0.0010379460878590097,0.4434389140271493,0.45248868778280543,-0.009049773755656132,0.49,0.49504950495049505,-0.005049504950495054,0.7699256479744285,0.7691898940105539,0.0007357539638745969,0.4641844234644762,0.4616735745591287,0.0025108489053474736
Logistic Regression,volume_and_range,0.2,7,9614533699457691144,0.8072289156626506,0.8042168674698795,0.003012048192771122,0.7105380405236933,0.7014882667680372,0.009049773755656076,0.43859649122807015,0.4306049822064057,0.007991509021664456,0.5656108597285068,0.5475113122171946,0.018099547511312153,0.49407114624505927,0.4820717131474104,0.011999433097648893,0.7868561641875846,0.7851761926367378,0.0016799715508468704,0.5115454699383656,0.509300697641356,0.0022447722970095896
Random Forest,volume_and_range,0.2,7,9614533699457691144,0.8463855421686747,0.8456325301204819,0.0007530120481927804,0.6851340911599162,0.6883039644876087,-0.003169873327692474,0.547486033519553,0.5434782608695652,0.004007772649987862,0.4434389140271493,0.45248868778280543,-0.009049773755656132,0.49,0.49382716049382713,-0.003827160493827142,0.7699256479744285,0.7664962169983691,0.003429430976059411,0.4641844234644762,0.46283380301989013,0.0013506204445860592
Logistic Regression,volume_and_range,0.2,8,104818092219276257,0.8072289156626506,0.8102409638554217,-0.0030120481927710108,0.7105380405236933,0.7141554975127429,-0.0036174569890495833,0.43859649122807015,0.4452296819787986,-0.006633190750728435,0.5656108597285068,0.5701357466063348,-0.004524886877828038,0.49407114624505927,0.5,-0.005928853754940733,0.7868561641875846,0.7887732120156798,-0.0019170478280952086,0.5115454699383656,0.5144325263349784,-0.002887056396612797
Random Forest,volume_and_range,0.2,8,104818092219276257,0.8463855421686747,0.8411144578313253,0.005271084337349352,0.6851340911599162,0.6837831651318022,0.0013509260281140412,0.547486033519553,0.526595744680851,0.02089028883870203,0.4434389140271493,0.4479638009049774,-0.004524886877828094,0.49,0.4841075794621027,0.005892420537897292,0.7699256479744285,0.771160079624929,-0.0012344316505005226,0.4641844234644762,0.46203214688195643,0.002152276582519763
Logistic Regression,volume_and_range,0.2,9,2788430623273258496,0.8072289156626506,0.8072289156626506,0.0,0.7105380405236933,0.7123488127792288,-0.0018107722555354977,0.43859649122807015,0.43902439024390244,-0.0004278990158322893,0.5656108597285068,0.5701357466063348,-0.004524886877828038,0.49407114624505927,0.49606299212598426,-0.0019918458809249917,0.7868561641875846,0.7841870123075289,0.0026691518800557867,0.5115454699383656,0.5122669266367542,-0.0007214566983886339
Random Forest,volume_and_range,0.2,9,2788430623273258496,0.8463855421686747,0.8471385542168675,-0.0007530120481927804,0.6851340911599162,0.6873965345988302,-0.002262443438914019,0.547486033519553,0.55,-0.002513966480446994,0.4434389140271493,0.4479638009049774,-0.004524886877828094,0.49,0.4937655860349127,-0.003765586034912727,0.7699256479744285,0.7635654637089357,0.006360184265492785,0.4641844234644762,0.4608345772817338,0.0033498461827423665
Logistic Regression,volume_and_range,0.2,10,15669806583476561566,0.8072289156626506,0.8072289156626506,0.0,0.7105380405236933,0.7105380405236933,0.0,0.43859649122807015,0.43859649122807015,0.0,0.5656108597285068,0.5656108597285068,0.0,0.49407114624505927,0.49407114624505927,0.0,0.7868561641875846,0.7867785012691757,7.766291840893835e-05,0.5115454699383656,0.5103739004247781,0.0011715695135874338
Random Forest,volume_and_range,0.2,10,15669806583476561566,0.8463855421686747,0.8471385542168675,-0.0007530120481927804,0.6851340911599162,0.6892073068543657,-0.004073215694449517,0.547486033519553,0.5494505494505495,-0.0019645159309964466,0.4434389140271493,0.45248868778280543,-0.009049773755656132,0.49,0.49627791563275436,-0.006277915632754372,0.7699256479744285,0.7699052103643208,2.043761010772638e-05,0.4641844234644762,0.46627553023839274,-0.002091106773916551
Logistic Regression,volume_and_range,0.2,11,18318526577463571192,0.8072289156626506,0.8094879518072289,-0.0022590361445782303,0.7105380405236933,0.7137038263293644,-0.003165785805671062,0.43859649122807015,0.44366197183098594,-0.005065480602915784,0.5656108597285068,0.5701357466063348,-0.004524886877828038,0.49407114624505927,0.499009900990099,-0.004938754745039742,0.7868561641875846,0.7875633054973084,-0.0007071413097237134,0.5115454699383656,0.5133337396659892,-0.0017882697276235815
Random Forest,volume_and_range,0.2,11,18318526577463571192,0.8463855421686747,0.8411144578313253,0.005271084337349352,0.6851340911599162,0.6819723928762667,0.003161698283649539,0.547486033519553,0.5268817204301075,0.020604313089445547,0.4434389140271493,0.4434389140271493,0.0,0.49,0.48157248157248156,0.008427518427518432,0.7699256479744285,0.7716751073996412,-0.0017494594252126516,0.4641844234644762,0.46380012747090055,0.00038429599357564515
Logistic Regression,volume_and_range,0.2,12,3803309019643047180,0.8072289156626506,0.8057228915662651,0.001506024096385561,0.7105380405236933,0.7132562426680074,-0.0027182021443140636,0.43859649122807015,0.436426116838488,0.0021703743895821748,0.5656108597285068,0.5746606334841629,-0.009049773755656076,0.49407114624505927,0.49609375,-0.0020226037549407327,0.7868561641875846,0.7888345248460026,-0.0019783606584179436,0.5115454699383656,0.5101179544258903,0.0014275155124753303
Random Forest,volume_and_range,0.2,12,3803309019643047180,0.8463855421686747,0.848644578313253,-0.0022590361445783413,0.6851340911599162,0.6882998769655871,-0.003165785805670951,0.547486033519553,0.5561797752808989,-0.008693741761345852,0.4434389140271493,0.4479638009049774,-0.004524886877828094,0.49,0.49624060150375937,-0.00624060150375938,0.7699256479744285,0.7698561601000625,6.948787436600323e-05,0.4641844234644762,0.46334803422047943,0.0008363892439967602
Logistic Regression,volume_and_range,0.2,13,10958589841084114782,0.8072289156626506,0.8125,-0.005271084337349352,0.7105380405236933,0.7155105110628783,-0.0049724705391850366,0.43859649122807015,0.45,-0.01140350877192986,0.5656108597285068,0.5701357466063348,-0.004524886877828038,0.49407114624505927,0.5029940119760479,-0.008922865730988605,0.7868561641875846,0.788985763160799,-0.0021295989732144083,0.5115454699383656,0.5182406172751113,-0.006695147336745699
Random Forest,volume_and_range,0.2,13,10958589841084114782,0.8463855421686747,0.848644578313253,-0.0022590361445783413,0.6851340911599162,0.684678332454516,0.0004557587054001555,0.547486033519553,0.5574712643678161,-0.009985230848263082,0.4434389140271493,0.43891402714932126,0.004524886877828038,0.49,0.4911392405063291,-0.001139240506329131,0.7699256479744285,0.768785229330423,0.001140418644005492,0.4641844234644762,0.4619294265489154,0.002254996915560803
Logistic Regression,volume_and_range,0.2,14,1465940659720704230,0.8072289156626506,0.8117469879518072,-0.004518072289156572,0.7105380405236933,0.7114372953684288,-0.0008992548447355198,0.43859649122807015,0.44765342960288806,-0.009056938374817913,0.5656108597285068,0.5610859728506787,0.004524886877828038,0.49407114624505927,0.4979919678714859,-0.0039208216264266516,0.7868561641875846,0.7833695079032238,0.003486656284360845,0.5115454699383656,0.5113285894816996,0.0002168804566660132
Random Forest,volume_and_range,0.2,14,1465940659720704230,0.8463855421686747,0.8418674698795181,0.004518072289156572,0.6851340911599162,0.6824240640596451,0.0027100271002711285,0.547486033519553,0.5297297297297298,0.01775630378982329,0.4434389140271493,0.4434389140271493,0.0,0.49,0.4827586206896552,0.007241379310344798,0.7699256479744285,0.7642399048424874,0.0056857431319411456,0.4641844234644762,0.4570264293314296,0.007157994133046575
Logistic Regression,volume_and_range,0.2,15,13021426209374955101,0.8072289156626506,0.8072289156626506,0.0,0.7105380405236933,0.7141595850347644,-0.0036215445110711064,0.43859649122807015,0.43944636678200694,-0.0008498755539367853,0.5656108597285068,0.5746606334841629,-0.009049773755656076,0.49407114624505927,0.4980392156862745,-0.0039680694412152495,0.7868561641875846,0.7873303167420814,-0.0004741525544967873,0.5115454699383656,0.5123155541291158,-0.0007700841907501976
Random Forest,volume_and_range,0.2,15,13021426209374955101,0.8463855421686747,0.8471385542168675,-0.0007530120481927804,0.6851340911599162,0.6910180791099012,-0.0058839879499850145,0.547486033519553,0.5489130434782609,-0.0014270099587078144,0.4434389140271493,0.45701357466063347,-0.01357466063348417,0.49,0.49876543209876545,-0.008765432098765458,0.7699256479744285,0.7661283400164318,0.0037973079579967095,0.4641844234644762,0.4598332057873301,0.00435121767714608
Logistic Regression,volume_and_range,0.2,16,2471844213521706665,0.8072289156626506,0.8109939759036144,-0.003765060240963791,0.7105380405236933,0.7164179409516569,-0.0058799004279636025,0.43859649122807015,0.4471830985915493,-0.00858660736347916,0.5656108597285068,0.5746606334841629,-0.009049773755656076,0.49407114624505927,0.502970297029703,-0.008899150784643706,0.7868561641875846,0.7905758092271722,-0.003719645039587549,0.5115454699383656,0.5205243533097037,-0.00897888337133812
Random Forest,volume_and_range,0.2,16,2471844213521706665,0.8463855421686747,0.8463855421686747,0.0,0.6851340911599162,0.6869448634154517,-0.0018107722555354977,0.547486033519553,0.5469613259668509,0.000524707552702175,0.4434389140271493,0.4479638009049774,-0.004524886877828094,0.49,0.4925373134328358,-0.0025373134328358082,0.7699256479744285,0.7743197341475677,-0.004394086173139189,0.4641844234644762,0.4692188080141526,-0.005034384549676418
Logistic Regression,volume_and_range,0.2,17,8963965142999953465,0.8072289156626506,0.8094879518072289,-0.0022590361445782303,0.7105380405236933,0.7137038263293644,-0.003165785805671062,0.43859649122807015,0.44366197183098594,-0.005065480602915784,0.5656108597285068,0.5701357466063348,-0.004524886877828038,0.49407114624505927,0.499009900990099,-0.004938754745039742,0.7868561641875846,0.7846734274280903,0.0021827367594943192,0.5115454699383656,0.5138229186962325,-0.002277448757866951
Random Forest,volume_and_range,0.2,17,8963965142999953465,0.8463855421686747,0.8456325301204819,0.0007530120481927804,0.6851340911599162,0.6828716477210022,0.002262443438914019,0.547486033519553,0.5449438202247191,0.0025422132948339504,0.4434389140271493,0.43891402714932126,0.004524886877828038,0.49,0.48621553884711777,0.0037844611528822236,0.7699256479744285,0.7663613287716587,0.0035643192027697834,0.4641844234644762,0.4582501954726637,0.00593422799181248
Logistic Regression,volume_and_range,0.2,18,8903170053130066633,0.8072289156626506,0.7989457831325302,0.008283132530120474,0.7105380405236933,0.7073804297620654,0.0031576107616279048,0.43859649122807015,0.4228187919463087,0.015777699281761426,0.5656108597285068,0.5701357466063348,-0.004524886877828038,0.49407114624505927,0.48554913294797686,0.00852201329708241,0.7868561641875846,0.7834349082555682,0.003421255932016476,0.5115454699383656,0.5077996384634325,0.0037458314749331256
Random Forest,volume_and_range,0.2,18,8903170053130066633,0.8463855421686747,0.8411144578313253,0.005271084337349352,0.6851340911599162,0.680161620620731,0.004972470539185148,0.547486033519553,0.5271739130434783,0.02031212047607478,0.4434389140271493,0.43891402714932126,0.004524886877828038,0.49,0.47901234567901235,0.010987654320987639,0.7699256479744285,0.7649511336742327,0.004974514300195798,0.4641844234644762,0.45949084438779303,0.004693579076683163
Logistic Regression,volume_and_range,0.2,19,6717943848862592253,0.8072289156626506,0.8057228915662651,0.001506024096385561,0.7105380405236933,0.7132562426680074,-0.0027182021443140636,0.43859649122807015,0.436426116838488,0.0021703743895821748,0.5656108597285068,0.5746606334841629,-0.009049773755656076,0.49407114624505927,0.49609375,-0.0020226037549407327,0.7868561641875846,0.7851475799825872,0.001708584204997421,0.5115454699383656,0.509139664346623,0.002405805591742527
Random Forest,volume_and_range,0.2,19,6717943848862592253,0.8463855421686747,0.8463855421686747,0.0,0.6851340911599162,0.6815125466488451,0.0036215445110711064,0.547486033519553,0.5485714285714286,-0.0010853950518755484,0.4434389140271493,0.4343891402714932,0.009049773755656076,0.49,0.48484848484848486,0.005151515151515129,0.7699256479744285,0.767375034232997,0.0025506137414315067,0.4641844234644762,0.45902989483139583,0.0051545286330803575
Logistic Regression,volume_and_range,0.2,20,6542383559428982136,0.8072289156626506,0.8064759036144579,0.0007530120481927804,0.7105380405236933,0.7118971415958504,-0.0013591010721570873,0.43859649122807015,0.4375,0.001096491228070151,0.5656108597285068,0.5701357466063348,-0.004524886877828038,0.49407114624505927,0.4950884086444008,-0.001017262399341523,0.7868561641875846,0.7837332973631397,0.0031228668244449587,0.5115454699383656,0.5090374543385229,0.0025080155998427056
Random Forest,volume_and_range,0.2,20,6542383559428982136,0.8463855421686747,0.8448795180722891,0.001506024096385561,0.6851340911599162,0.6878522933042301,-0.0027182021443139526,0.547486033519553,0.5405405405405406,0.00694549297901248,0.4434389140271493,0.45248868778280543,-0.009049773755656132,0.49,0.49261083743842365,-0.0026108374384236632,0.7699256479744285,0.7668886191124354,0.003037028861993085,0.4641844234644762,0.45986718283668043,0.00431724062779576
Logistic Regression,volume_and_range,0.2,21,1612014617460322744,0.8072289156626506,0.8072289156626506,0.0,0.7105380405236933,0.7087272682681578,0.0018107722555354977,0.43859649122807015,0.4381625441696113,0.00043394705845883896,0.5656108597285068,0.5610859728506787,0.004524886877828038,0.49407114624505927,0.49206349206349204,0.002007654181567231,0.7868561641875846,0.7835697964822785,0.0032863677053061036,0.5115454699383656,0.5100443459313964,0.0015011240069692233
Random Forest,volume_and_range,0.2,21,1612014617460322744,0.8463855421686747,0.8448795180722891,0.001506024096385561,0.6851340911599162,0.6914738378153013,-0.006339746655385059,0.547486033519553,0.5396825396825397,0.007803493837013398,0.4434389140271493,0.46153846153846156,-0.018099547511312264,0.49,0.4975609756097561,-0.007560975609756104,0.7699256479744285,0.7659198763933341,0.004005771581094386,0.4641844234644762,0.4638407150274914,0.0003437084369847798
Logistic Regression,volume_and_range,0.2,22,12679810037702773937,0.8072289156626506,0.8117469879518072,-0.004518072289156572,0.7105380405236933,0.7132480676239643,-0.0027100271002710175,0.43859649122807015,0.44802867383512546,-0.009432182607055306,0.5656108597285068,0.5656108597285068,0.0,0.49407114624505927,0.5,-0.005928853754940733,0.7868561641875846,0.7847306527363916,0.0021255114511929962,0.5115454699383656,0.5071061516953826,0.004439318242982937
Random Forest,volume_and_range,0.2,22,12679810037702773937,0.8463855421686747,0.8456325301204819,0.0007530120481927804,0.6851340911599162,0.6883039644876087,-0.003169873327692474,0.547486033519553,0.5434782608695652,0.004007772649987862,0.4434389140271493,0.45248868778280543,-0.009049773755656132,0.49,0.49382716049382713,-0.003827160493827142,0.7699256479744285,0.7690550057838437,0.0008706421905848583,0.4641844234644762,0.4631440437602211,0.0010403797042550789
Logistic Regression,volume_and_range,0.2,23,5144288976206950099,0.8072289156626506,0.8117469879518072,-0.004518072289156572,0.7105380405236933,0.7168696121350353,-0.006331571611342013,0.43859649122807015,0.44876325088339225,-0.0101667596553221,0.5656108597285068,0.5746606334841629,-0.009049773755656076,0.49407114624505927,0.503968253968254,-0.009897107723194687,0.7868561641875846,0.7871055030308974,-0.0002493388433127963,0.5115454699383656,0.5140818039139614,-0.002536333975595828
Random Forest,volume_and_range,0.2,23,5144288976206950099,0.8463855421686747,0.8456325301204819,0.0007530120481927804,0.6851340911599162,0.6846824199765376,0.00045167118337863243,0.547486033519553,0.5444444444444444,0.0030415890751086527,0.4434389140271493,0.4434389140271493,0.0,0.49,0.48877805486284287,0.001221945137157121,0.7699256479744285,0.767890062007709,0.0020355859667194887,0.4641844234644762,0.46051109118936956,0.0036733322751066333
Logistic Regression,volume_and_range,0.2,24,16457896491464017170,0.8072289156626506,0.8094879518072289,-0.0022590361445782303,0.7105380405236933,0.7155145985848999,-0.00497655806120656,0.43859649122807015,0.44405594405594406,-0.005459452827873912,0.5656108597285068,0.5746606334841629,-0.009049773755656076,0.49407114624505927,0.5009861932938856,-0.006915047048826339,0.7868561641875846,0.7871586408171775,-0.0003024766295928183,0.5115454699383656,0.5078371939938131,0.003708275944552475
Random Forest,volume_and_range,0.2,24,16457896491464017170,0.8463855421686747,0.8441265060240963,0.0022590361445783413,0.6851340911599162,0.6892113943763872,-0.00407730321647104,0.547486033519553,0.5372340425531915,0.010251990966361535,0.4434389140271493,0.45701357466063347,-0.01357466063348417,0.49,0.4938875305623472,-0.0038875305623471967,0.7699256479744285,0.774618123255139,-0.004692475280710484,0.4641844234644762,0.46721615101918135,-0.0030317275547051548
Logistic Regression,volume_and_range,0.2,25,2609842830053598613,0.8072289156626506,0.8155120481927711,-0.008283132530120474,0.7105380405236933,0.722749512562999,-0.012211472039305726,0.43859649122807015,0.4574468085106383,-0.01885031728256814,0.5656108597285068,0.583710407239819,-0.018099547511312264,0.49407114624505927,0.5129224652087475,-0.018851318963688246,0.7868561641875846,0.7873384917861245,-0.0004823275985398334,0.5115454699383656,0.5141142563884786,-0.0025687864501130475
Random Forest,volume_and_range,0.2,25,2609842830053598613,0.8463855421686747,0.838855421686747,0.0075301204819276935,0.6851340911599162,0.6769958348150601,0.008138256344856099,0.547486033519553,0.518918918918919,0.028567114600634103,0.4434389140271493,0.4343891402714932,0.009049773755656076,0.49,0.4729064039408867,0.017093596059113314,0.7699256479744285,0.7698357224899549,8.992548447361859e-05,0.4641844234644762,0.46514429724780604,-0.0009598737833298454
Logistic Regression,volume_and_range,0.2,26,15942220974123915523,0.8072289156626506,0.8072289156626506,0.0,0.7105380405236933,0.7105380405236933,0.0,0.43859649122807015,0.43859649122807015,0.0,0.5656108597285068,0.5656108597285068,0.0,0.49407114624505927,0.49407114624505927,0.0,0.7868561641875846,0.7876981937240186,-0.0008420295364339747,0.5115454699383656,0.5087134849300045,0.0028319850083611264
Random Forest,volume_and_range,0.2,26,15942220974123915523,0.8463855421686747,0.8426204819277109,0.003765060240963791,0.6851340911599162,0.6828757352430236,0.002258355916892607,0.547486033519553,0.532608695652174,0.014877337867379103,0.4434389140271493,0.4434389140271493,0.0,0.49,0.4839506172839506,0.0060493827160493785,0.7699256479744285,0.7699419980625146,-1.6350088086092285e-05,0.4641844234644762,0.4602151122850816,0.003969311179394586
Logistic Regression,volume_and_range,0.2,27,8238701583364136005,0.8072289156626506,0.8072289156626506,0.0,0.7105380405236933,0.7105380405236933,0.0,0.43859649122807015,0.43859649122807015,0.0,0.5656108597285068,0.5656108597285068,0.0,0.49407114624505927,0.49407114624505927,0.0,0.7868561641875846,0.7862552984504205,0.0006008657371641135,0.5115454699383656,0.5140580191624008,-0.00251254922403521
Random Forest,volume_and_range,0.2,27,8238701583364136005,0.8463855421686747,0.8471385542168675,-0.0007530120481927804,0.6851340911599162,0.6928288513654368,-0.007694760205520623,0.547486033519553,0.5483870967741935,-0.0009010632546404551,0.4434389140271493,0.46153846153846156,-0.018099547511312264,0.49,0.5012285012285013,-0.011228501228501275,0.7699256479744285,0.7642235547544012,0.005702093220027349,0.4641844234644762,0.46457553356306336,-0.0003911100985871663
Logistic Regression,volume_and_range,0.2,28,18141483812858703806,0.8072289156626506,0.8102409638554217,-0.0030120481927710108,0.7105380405236933,0.7177770420238139,-0.007239001500120579,0.43859649122807015,0.445993031358885,-0.007396540130814866,0.5656108597285068,0.579185520361991,-0.013574660633484226,0.49407114624505927,0.5039370078740157,-0.009865861628956474,0.7868561641875846,0.7860223096951935,0.0008338544923911506,0.5115454699383656,0.5110320648219242,0.0005134051164413789
Random Forest,volume_and_range,0.2,28,18141483812858703806,0.8463855421686747,0.8478915662650602,-0.001506024096385561,0.6851340911599162,0.6896589780377442,-0.004524886877828038,0.547486033519553,0.5524861878453039,-0.00500015432575085,0.4434389140271493,0.45248868778280543,-0.009049773755656132,0.49,0.4975124378109453,-0.007512437810945294,0.7699256479744285,0.7682456764235817,0.0016799715508468704,0.4641844234644762,0.45974921322758044,0.004435210236895748
Logistic Regression,volume_and_range,0.2,29,15807843028766197087,0.8072289156626506,0.8079819277108434,-0.0007530120481927804,0.7105380405236933,0.7128004839626073,-0.002262443438914019,0.43859649122807015,0.4405594405594406,-0.0019629493313704227,0.5656108597285068,0.5701357466063348,-0.004524886877828038,0.49407114624505927,0.4970414201183432,-0.002970273873283913,0.7868561641875846,0.7855195444865458,0.0013366197010388214,0.5115454699383656,0.5072372756703316,0.004308194268033971
Random Forest,volume_and_range,0.2,29,15807843028766197087,0.8463855421686747,0.8456325301204819,0.0007530120481927804,0.6851340911599162,0.6864931922320732,-0.0013591010721569763,0.547486033519553,0.5439560439560439,0.0035299895635091394,0.4434389140271493,0.4479638009049774,-0.004524886877828094,0.49,0.4913151364764268,-0.0013151364764267814,0.7699256479744285,0.7714462061664357,-0.0015205581920071376,0.4641844234644762,0.45978467153620833,0.004399751928267859
Logistic Regression,volume_and_range,0.5,0,11301406183388621278,0.8072289156626506,0.8072289156626506,0.0,0.7105380405236933,0.719591901801371,-0.00905386127767771,0.43859649122807015,0.4406779661016949,-0.0020814748736247557,0.5656108597285068,0.5882352941176471,-0.022624434389140302,0.49407114624505927,0.5038759689922481,-0.009804822747188802,0.7868561641875846,0.7775325264564863,0.009323637731098344,0.5115454699383656,0.5024034949759869,0.009141974962378674
Random Forest,volume_and_range,0.5,0,11301406183388621278,0.8463855421686747,0.8433734939759037,0.0030120481927710108,0.6851340911599162,0.6833274064264021,0.0018066847335140857,0.547486033519553,0.5355191256830601,0.011966907836492902,0.4434389140271493,0.4434389140271493,0.0,0.49,0.48514851485148514,0.004851485148514856,0.7699256479744285,0.7566003261842573,0.013325321790171207,0.4641844234644762,0.45196377832412976,0.012220645140346431
Logistic Regression,volume_and_range,0.5,1,3768414751456976701,0.8072289156626506,0.8004518072289156,0.006777108433735024,0.7105380405236933,0.7173376334065,-0.006799592882806738,0.43859649122807015,0.42810457516339867,0.01049191606467148,0.5656108597285068,0.5927601809954751,-0.02714932126696834,0.49407114624505927,0.4971537001897533,-0.003082553944694033,0.7868561641875846,0.7867498886150249,0.00010627557255971087,0.5115454699383656,0.5146502658178665,-0.0031047958795009656
Random Forest,volume_and_range,0.5,1,3768414751456976701,0.8463855421686747,0.8418674698795181,0.004518072289156572,0.6851340911599162,0.6896671530817873,-0.004533061921871084,0.547486033519553,0.5284974093264249,0.01898862419312819,0.4434389140271493,0.46153846153846156,-0.018099547511312264,0.49,0.4927536231884058,-0.0027536231884058293,0.7699256479744285,0.7630054731919869,0.006920174782441668,0.4641844234644762,0.4614470018072044,0.00273742165727181
Logistic Regression,volume_and_range,0.5,2,13847430382792404271,0.8072289156626506,0.8057228915662651,0.001506024096385561,0.7105380405236933,0.7078239259014008,0.0027141146222925405,0.43859649122807015,0.43508771929824563,0.003508771929824517,0.5656108597285068,0.5610859728506787,0.004524886877828038,0.49407114624505927,0.4901185770750988,0.0039525691699604515,0.7868561641875846,0.7751127134197434,0.011743450767841224,0.5115454699383656,0.5039740976509306,0.007571372287434985
Random Forest,volume_and_range,0.5,2,13847430382792404271,0.8463855421686747,0.8433734939759037,0.0030120481927710108,0.6851340911599162,0.6923812677040797,-0.007247176544163514,0.547486033519553,0.533678756476684,0.013807277042869104,0.4434389140271493,0.4660633484162896,-0.022624434389140302,0.49,0.4975845410628019,-0.0075845410628019305,0.7699256479744285,0.7472521633210298,0.02267348465339869,0.4641844234644762,0.4514820609011531,0.012702362563323077
Logistic Regression,volume_and_range,0.5,3,11160996739141642979,0.8072289156626506,0.8072289156626506,0.0,0.7105380405236933,0.7214026740569065,-0.010864633533213208,0.43859649122807015,0.44107744107744107,-0.002480949849370917,0.5656108597285068,0.5927601809954751,-0.02714932126696834,0.49407114624505927,0.5057915057915058,-0.011720359546446513,0.7868561641875846,0.7887772995377014,-0.0019211353501167316,0.5115454699383656,0.5147181905046566,-0.003172720566291032
Random Forest,volume_and_range,0.5,3,11160996739141642979,0.8463855421686747,0.838855421686747,0.0075301204819276935,0.6851340911599162,0.6824281515816667,0.0027059395782494944,0.547486033519553,0.518324607329843,0.02916142618971007,0.4434389140271493,0.4479638009049774,-0.004524886877828094,0.49,0.48058252427184467,0.009417475728155322,0.7699256479744285,0.7620816932151222,0.007843954759306326,0.4641844234644762,0.45381573253468566,0.010368690929790536
Logistic Regression,volume_and_range,0.5,4,12609408025506674382,0.8072289156626506,0.8117469879518072,-0.004518072289156572,0.7105380405236933,0.725923473412713,-0.015385432889019723,0.43859649122807015,0.45051194539249145,-0.011915454164421302,0.5656108597285068,0.5972850678733032,-0.03167420814479638,0.49407114624505927,0.5136186770428015,-0.01954753079774224,0.7868561641875846,0.780855681859986,0.006000482327598644,0.5115454699383656,0.504294861284847,0.007250608653518564
Random Forest,volume_and_range,0.5,4,12609408025506674382,0.8463855421686747,0.8478915662650602,-0.001506024096385561,0.6851340911599162,0.6950912948043508,-0.009957203644434642,0.547486033519553,0.5508021390374331,-0.003316105517880086,0.4434389140271493,0.4660633484162896,-0.022624434389140302,0.49,0.5049019607843137,-0.014901960784313717,0.7699256479744285,0.7598785188455204,0.01004712912890815,0.4641844234644762,0.464808464787424,-0.0006240413229477992
Logistic Regression,volume_and_range,0.5,5,11134238102078583008,0.8072289156626506,0.8004518072289156,0.006777108433735024,0.7105380405236933,0.6992299108511447,0.011308129672548572,0.43859649122807015,0.4230769230769231,0.015519568151147078,0.5656108597285068,0.5475113122171946,0.018099547511312153,0.49407114624505927,0.47731755424063116,0.01675359200442811,0.7868561641875846,0.7814851602513009,0.005371003936283758,0.5115454699383656,0.5105881308150623,0.0009573391233033135
Random Forest,volume_and_range,0.5,5,11134238102078583008,0.8463855421686747,0.8381024096385542,0.008283132530120474,0.6851340911599162,0.6837872526538237,0.001346838506092518,0.547486033519553,0.5154639175257731,0.03202211599377991,0.4434389140271493,0.45248868778280543,-0.009049773755656132,0.49,0.4819277108433735,0.0080722891566265,0.7699256479744285,0.7667455558416821,0.0031800921327463927,0.4641844234644762,0.45929298353013137,0.004891439934344821
Logistic Regression,volume_and_range,0.5,6,4278860593215373321,0.8072289156626506,0.8049698795180723,0.0022590361445783413,0.7105380405236933,0.7109937992290933,-0.0004557587054000445,0.43859649122807015,0.43448275862068964,0.004113732607380516,0.5656108597285068,0.5701357466063348,-0.004524886877828038,0.49407114624505927,0.4931506849315068,0.0009204613135524453,0.7868561641875846,0.7837946101934623,0.0030615539941223346,0.5115454699383656,0.4988088023775674,0.012736667560798165
Random Forest,volume_and_range,0.5,6,4278860593215373321,0.8463855421686747,0.8373493975903614,0.009036144578313254,0.6851340911599162,0.676092492448303,0.009041598711613141,0.547486033519553,0.5133689839572193,0.034117049562333746,0.4434389140271493,0.4343891402714932,0.009049773755656076,0.49,0.47058823529411764,0.01941176470588235,0.7699256479744285,0.7624904454172747,0.007435202557153797,0.4641844234644762,0.45291381135880493,0.011270612105671263
Logistic Regression,volume_and_range,0.5,7,8640316592647196014,0.8072289156626506,0.7989457831325302,0.008283132530120474,0.7105380405236933,0.6947050239733166,0.01583301655037672,0.43859649122807015,0.41901408450704225,0.0195824067210279,0.5656108597285068,0.5384615384615384,0.02714932126696834,0.49407114624505927,0.47128712871287126,0.022784017532188006,0.7868561641875846,0.7799686895813152,0.006887474606269484,0.5115454699383656,0.5028740921733129,0.008671377765052668
Random Forest,volume_and_range,0.5,7,8640316592647196014,0.8463855421686747,0.8396084337349398,0.006777108433734913,0.6851340911599162,0.6774475059984386,0.007686585161477577,0.547486033519553,0.5217391304347826,0.025746903084770456,0.4434389140271493,0.4343891402714932,0.009049773755656076,0.49,0.4740740740740741,0.0159259259259259,0.7699256479744285,0.7657768131225807,0.004148834851847805,0.4641844234644762,0.46136187624389086,0.0028225472205853364
Logistic Regression,volume_and_range,0.5,8,12246826954961508052,0.8072289156626506,0.8057228915662651,0.001506024096385561,0.7105380405236933,0.7096346981569364,0.0009033423667569318,0.43859649122807015,0.4355400696864111,0.003056421541659027,0.5656108597285068,0.5656108597285068,0.0,0.49407114624505927,0.4921259842519685,0.0019451619930907493,0.7868561641875846,0.7883154095492689,-0.0014592453616842915,0.5115454699383656,0.5144875953899816,-0.0029421254516159845
Random Forest,volume_and_range,0.5,8,12246826954961508052,0.8463855421686747,0.8478915662650602,-0.001506024096385561,0.6851340911599162,0.6932805225488152,-0.008146431388899034,0.547486033519553,0.5513513513513514,-0.0038653178317983317,0.4434389140271493,0.46153846153846156,-0.018099547511312264,0.49,0.5024630541871922,-0.01246305418719218,0.7699256479744285,0.7626416837320712,0.0072839642423573325,0.4641844234644762,0.45790933643549336,0.006275087028982829
Logistic Regression,volume_and_range,0.5,9,15368539243846250340,0.8072289156626506,0.8140060240963856,-0.006777108433734913,0.7105380405236933,0.7236569424517775,-0.013118901928084181,0.43859649122807015,0.45454545454545453,-0.01594896331738438,0.5656108597285068,0.5882352941176471,-0.022624434389140302,0.49407114624505927,0.5128205128205128,-0.018749366575453508,0.7868561641875846,0.7781088670615214,0.008747297126063258,0.5115454699383656,0.507066851924699,0.004478618013666558
Random Forest,volume_and_range,0.5,9,15368539243846250340,0.8463855421686747,0.8426204819277109,0.003765060240963791,0.6851340911599162,0.6792541907319526,0.0058799004279636025,0.547486033519553,0.5333333333333333,0.014152700186219724,0.4434389140271493,0.4343891402714932,0.009049773755656076,0.49,0.47880299251870323,0.011197007481296761,0.7699256479744285,0.7559994604470932,0.01392618752733532,0.4641844234644762,0.4501799906056577,0.014004432858818472
Logistic Regression,volume_and_range,0.5,10,3863888464427206076,0.8072289156626506,0.8079819277108434,-0.0007530120481927804,0.7105380405236933,0.7091789394515363,0.0013591010721569763,0.43859649122807015,0.4397163120567376,-0.0011198208286674616,0.5656108597285068,0.5610859728506787,0.004524886877828038,0.49407114624505927,0.49304174950298213,0.0010293967420771377,0.7868561641875846,0.7838068727595269,0.0030492914280577654,0.5115454699383656,0.5056079583659004,0.005937511572465137
Random Forest,volume_and_range,0.5,10,3863888464427206076,0.8463855421686747,0.8403614457831325,0.0060240963855421326,0.6851340911599162,0.6797099494373526,0.005424141722563558,0.547486033519553,0.5243243243243243,0.023161709195228752,0.4434389140271493,0.43891402714932126,0.004524886877828038,0.49,0.47783251231527096,0.012167487684729028,0.7699256479744285,0.761145650672193,0.008779997302235554,0.4641844234644762,0.4542786130734568,0.009905810391019398
Logistic Regression,volume_and_range,0.5,11,12462006663403257967,0.8072289156626506,0.8064759036144579,0.0007530120481927804,0.7105380405236933,0.7100863693403148,0.0004516711833785214,0.43859649122807015,0.4370629370629371,0.0015335541651330664,0.5656108597285068,0.5656108597285068,0.0,0.49407114624505927,0.4930966469428008,0.000974499302258458,0.7868561641875846,0.7857443581977298,0.0011118059898548305,0.5115454699383656,0.5101468925387208,0.0013985773996447737
Random Forest,volume_and_range,0.5,11,12462006663403257967,0.8463855421686747,0.8381024096385542,0.008283132530120474,0.6851340911599162,0.6729226191206105,0.012211472039305726,0.547486033519553,0.5164835164835165,0.031002517036036514,0.4434389140271493,0.4253393665158371,0.01809954751131221,0.49,0.4665012406947891,0.023498759305210892,0.7699256479744285,0.7673709467109754,0.0025547012634531407,0.4641844234644762,0.45926883380602657,0.004915589658449626
Logistic Regression,volume_and_range,0.5,12,12096628441041417574,0.8072289156626506,0.7974397590361446,0.009789156626506035,0.7105380405236933,0.7046663151397727,0.005871725383920556,0.43859649122807015,0.41946308724832215,0.019133403979747998,0.5656108597285068,0.5656108597285068,0.0,0.49407114624505927,0.4816955684007707,0.012375577844288554,0.7868561641875846,0.787661406025825,-0.0008052418382403781,0.5115454699383656,0.5031993699513198,0.00834609998704583
Random Forest,volume_and_range,0.5,12,12096628441041417574,0.8463855421686747,0.8471385542168675,-0.0007530120481927804,0.6851340911599162,0.6892073068543657,-0.004073215694449517,0.547486033519553,0.5494505494505495,-0.0019645159309964466,0.4434389140271493,0.45248868778280543,-0.009049773755656132,0.49,0.49627791563275436,-0.006277915632754372,0.7699256479744285,0.7674976598936426,0.0024279880807859255,0.4641844234644762,0.4514514255454636,0.012732997919012612
Logistic Regression,volume_and_range,0.5,13,12324820817400325645,0.8072289156626506,0.8049698795180723,0.0022590361445783413,0.7105380405236933,0.7200476605067709,-0.009509619983077644,0.43859649122807015,0.43666666666666665,0.0019298245614035037,0.5656108597285068,0.5927601809954751,-0.02714932126696834,0.49407114624505927,0.5028790786948176,-0.00880793244975836,0.7868561641875846,0.7879311824792457,-0.0010750182916610118,0.5115454699383656,0.5165939932450714,-0.005048523306705799
Random Forest,volume_and_range,0.5,13,12324820817400325645,0.8463855421686747,0.8456325301204819,0.0007530120481927804,0.6851340911599162,0.6883039644876087,-0.003169873327692474,0.547486033519553,0.5434782608695652,0.004007772649987862,0.4434389140271493,0.45248868778280543,-0.009049773755656132,0.49,0.49382716049382713,-0.003827160493827142,0.7699256479744285,0.7640845790056693,0.005841068968759244,0.4641844234644762,0.4606236534454693,0.003560770019006898
Logistic Regression,volume_and_range,0.5,14,12840805091395501990,0.8072289156626506,0.8064759036144579,0.0007530120481927804,0.7105380405236933,0.7100863693403148,0.0004516711833785214,0.43859649122807015,0.4370629370629371,0.0015335541651330664,0.5656108597285068,0.5656108597285068,0.0,0.49407114624505927,0.4930966469428008,0.000974499302258458,0.7868561641875846,0.7765269960391912,0.010329168148393464,0.5115454699383656,0.5053761865656016,0.006169283372764012
Random Forest,volume_and_range,0.5,14,12840805091395501990,0.8463855421686747,0.8305722891566265,0.015813253012048167,0.6851340911599162,0.6720274517978966,0.013106639362019612,0.547486033519553,0.4897959183673469,0.05769011515220612,0.4434389140271493,0.4343891402714932,0.009049773755656076,0.49,0.460431654676259,0.029568345323740974,0.7699256479744285,0.7523983535461297,0.017527294428298812,0.4641844234644762,0.4469524946731241,0.017231928791352102
Logistic Regression,volume_and_range,0.5,15,4931991379687696016,0.8072289156626506,0.8072289156626506,0.0,0.7105380405236933,0.7159703572903,-0.005432316766606715,0.43859649122807015,0.43986254295532645,-0.001266051727256301,0.5656108597285068,0.579185520361991,-0.013574660633484226,0.49407114624505927,0.5,-0.005928853754940733,0.7868561641875846,0.7853069933414267,0.0015491708461579101,0.5115454699383656,0.5061811179330492,0.005364352005316375
Random Forest,volume_and_range,0.5,15,4931991379687696016,0.8463855421686747,0.8335843373493976,0.012801204819277046,0.6851340911599162,0.6792664532980172,0.005867637861899033,0.547486033519553,0.5,0.04748603351955305,0.4434389140271493,0.4479638009049774,-0.004524886877828094,0.49,0.47255369928400953,0.01744630071599046,0.7699256479744285,0.7540456249208043,0.015880023053624237,0.4641844234644762,0.4477933098512563,0.016391113613219876
Logistic Regression,volume_and_range,0.5,16,2897376457824694219,0.8072289156626506,0.8147590361445783,-0.0075301204819276935,0.7105380405236933,0.7186762968685494,-0.008138256344856099,0.43859649122807015,0.4551971326164875,-0.016600641388417325,0.5656108597285068,0.5746606334841629,-0.009049773755656076,0.49407114624505927,0.508,-0.01392885375494074,0.7868561641875846,0.7925337322754826,-0.005677568087897988,0.5115454699383656,0.5292302236120479,-0.017684753673682274
Random Forest,volume_and_range,0.5,16,2897376457824694219,0.8463855421686747,0.8433734939759037,0.0030120481927710108,0.6851340911599162,0.6869489509374732,-0.0018148597775570208,0.547486033519553,0.5347593582887701,0.012726675230782969,0.4434389140271493,0.45248868778280543,-0.009049773755656132,0.49,0.49019607843137253,-0.00019607843137253722,0.7699256479744285,0.7695414209044051,0.00038422707002339074,0.4641844234644762,0.46730385227649857,-0.0031194288120223734
Logistic Regression,volume_and_range,0.5,17,15573833474105155630,0.8072289156626506,0.8057228915662651,0.001506024096385561,0.7105380405236933,0.7114454704124719,-0.0009074298887785659,0.43859649122807015,0.4359861591695502,0.0026103320585199596,0.5656108597285068,0.5701357466063348,-0.004524886877828038,0.49407114624505927,0.49411764705882355,-4.6500813764283055e-05,0.7868561641875846,0.7789263714658263,0.00792979272175831,0.5115454699383656,0.509429853075283,0.0021156168630825922
Random Forest,volume_and_range,0.5,17,15573833474105155630,0.8463855421686747,0.8501506024096386,-0.0037650602409639022,0.6851340911599162,0.6964463083544863,-0.011312217194570096,0.547486033519553,0.5597826086956522,-0.012296575176099167,0.4434389140271493,0.4660633484162896,-0.022624434389140302,0.49,0.508641975308642,-0.018641975308641978,0.7699256479744285,0.7624945329392963,0.007431115035132274,0.4641844234644762,0.45551946019904854,0.00866496326542765
Logistic Regression,volume_and_range,0.5,18,5670983682011429797,0.8072289156626506,0.7921686746987951,0.015060240963855498,0.7105380405236933,0.6978830723450522,0.01265496817864109,0.43859649122807015,0.40863787375415284,0.029958617473917315,0.5656108597285068,0.5565610859728507,0.009049773755656076,0.49407114624505927,0.47126436781609193,0.022806778428967334,0.7868561641875846,0.7751372385518727,0.011718925635711974,0.5115454699383656,0.4943973633457162,0.01714810659264937
Random Forest,volume_and_range,0.5,18,5670983682011429797,0.8463855421686747,0.8298192771084337,0.016566265060240948,0.6851340911599162,0.667954236103447,0.01717985505646924,0.547486033519553,0.48704663212435234,0.06043940139520071,0.4434389140271493,0.4253393665158371,0.01809954751131221,0.49,0.45410628019323673,0.03589371980676326,0.7699256479744285,0.7522471152313333,0.017678532743095277,0.4641844234644762,0.44436247469614465,0.019821948768331543
Logistic Regression,volume_and_range,0.5,19,7417546482696740151,0.8072289156626506,0.8049698795180723,0.0022590361445783413,0.7105380405236933,0.7164261159956999,-0.005888075472006649,0.43859649122807015,0.4358108108108108,0.0027856804172593508,0.5656108597285068,0.583710407239819,-0.018099547511312264,0.49407114624505927,0.4990328820116054,-0.004961735766546127,0.7868561641875846,0.7798297138325833,0.007026450355001379,0.5115454699383656,0.4975159290601651,0.014029540878200464
Random Forest,volume_and_range,0.5,19,7417546482696740151,0.8463855421686747,0.838855421686747,0.0075301204819276935,0.6851340911599162,0.6769958348150601,0.008138256344856099,0.547486033519553,0.518918918918919,0.028567114600634103,0.4434389140271493,0.4343891402714932,0.009049773755656076,0.49,0.4729064039408867,0.017093596059113314,0.7699256479744285,0.7588770759502467,0.011048572024181857,0.4641844234644762,0.45188588308787536,0.01229854037660083
Logistic Regression,volume_and_range,0.5,20,3357234715136792148,0.8072289156626506,0.7989457831325302,0.008283132530120474,0.7105380405236933,0.7055696575065298,0.0049683830171635135,0.43859649122807015,0.4222972972972973,0.016299193930772837,0.5656108597285068,0.5656108597285068,0.0,0.49407114624505927,0.4835589941972921,0.010512152047767176,0.7868561641875846,0.7763512325922656,0.010504931595319067,0.5115454699383656,0.49498394794746464,0.01656152199090094
Random Forest,volume_and_range,0.5,20,3357234715136792148,0.8463855421686747,0.8418674698795181,0.004518072289156572,0.6851340911599162,0.6878563808262517,-0.0027222896663354756,0.547486033519553,0.5287958115183246,0.018690222001228496,0.4434389140271493,0.45701357466063347,-0.01357466063348417,0.49,0.49029126213592233,-0.0002912621359223433,0.7699256479744285,0.7595310794736907,0.010394568500737833,0.4641844234644762,0.4483110056886161,0.0158734177758601
Logistic Regression,volume_and_range,0.5,21,4687870157056980148,0.8072289156626506,0.795933734939759,0.011295180722891596,0.7105380405236933,0.6983306560064093,0.012207384517283981,0.43859649122807015,0.41496598639455784,0.02363050483351231,0.5656108597285068,0.5520361990950227,0.013574660633484115,0.49407114624505927,0.47378640776699027,0.020284738478068998,0.7868561641875846,0.7761345939251248,0.01072157026245979,0.5115454699383656,0.49911744367567995,0.012428026262685632
Random Forest,volume_and_range,0.5,21,4687870157056980148,0.8463855421686747,0.8411144578313253,0.005271084337349352,0.6851340911599162,0.6819723928762667,0.003161698283649539,0.547486033519553,0.5268817204301075,0.020604313089445547,0.4434389140271493,0.4434389140271493,0.0,0.49,0.48157248157248156,0.008427518427518432,0.7699256479744285,0.7534529342276832,0.016472713746745304,0.4641844234644762,0.4576548915539517,0.0065295319105244665
Logistic Regression,volume_and_range,0.5,22,13373698264129241119,0.8072289156626506,0.8064759036144579,0.0007530120481927804,0.7105380405236933,0.7028432803181728,0.007694760205520512,0.43859649122807015,0.4352517985611511,0.003344692666919058,0.5656108597285068,0.5475113122171946,0.018099547511312153,0.49407114624505927,0.4849699398797595,0.009101206365299763,0.7868561641875846,0.7785094442196308,0.008346719967953886,0.5115454699383656,0.49677454906650664,0.014770920871858939
Random Forest,volume_and_range,0.5,22,13373698264129241119,0.8463855421686747,0.8441265060240963,0.0022590361445783413,0.6851340911599162,0.6874006221208516,-0.002266530960935431,0.547486033519553,0.5376344086021505,0.009851624917402546,0.4434389140271493,0.45248868778280543,-0.009049773755656132,0.49,0.4914004914004914,-0.0014004914004914215,0.7699256479744285,0.7597109304426377,0.010214717531790818,0.4641844234644762,0.4443725502585571,0.019811873205919095
Logistic Regression,volume_and_range,0.5,23,865678389177600493,0.8072289156626506,0.8049698795180723,0.0022590361445783413,0.7105380405236933,0.7200476605067709,-0.009509619983077644,0.43859649122807015,0.43666666666666665,0.0019298245614035037,0.5656108597285068,0.5927601809954751,-0.02714932126696834,0.49407114624505927,0.5028790786948176,-0.00880793244975836,0.7868561641875846,0.7853274309515343,0.0015287332360502948,0.5115454699383656,0.509747648717443,0.0017978212209225353
Random Forest,volume_and_range,0.5,23,865678389177600493,0.8463855421686747,0.8418674698795181,0.004518072289156572,0.6851340911599162,0.6788025195485741,0.006331571611342124,0.547486033519553,0.5303867403314917,0.01709929318806136,0.4434389140271493,0.4343891402714932,0.009049773755656076,0.49,0.47761194029850745,0.012388059701492538,0.7699256479744285,0.7630054731919869,0.006920174782441668,0.4641844234644762,0.45253741223095556,0.011647011233520632
Logistic Regression,volume_and_range,0.5,24,6102318382797058419,0.8072289156626506,0.8057228915662651,0.001506024096385561,0.7105380405236933,0.7241208762012206,-0.013582835677527272,0.43859649122807015,0.4389438943894389,-0.0003474031613687756,0.5656108597285068,0.6018099547511312,-0.03619909502262442,0.49407114624505927,0.5076335877862596,-0.013562441541200287,0.7868561641875846,0.784452701238928,0.002403462948656676,0.5115454699383656,0.5029758270150114,0.00856964292335416
Random Forest,volume_and_range,0.5,24,6102318382797058419,0.8463855421686747,0.8411144578313253,0.005271084337349352,0.6851340911599162,0.6855939373873376,-0.00045984622742145653,0.547486033519553,0.5263157894736842,0.02117024404586887,0.4434389140271493,0.45248868778280543,-0.009049773755656132,0.49,0.48661800486618007,0.003381995133819926,0.7699256479744285,0.767943199793989,0.0019824481804395777,0.4641844234644762,0.45606910169420145,0.008115321770274742
Logistic Regression,volume_and_range,0.5,25,4691822379367942160,0.8072289156626506,0.8064759036144579,0.0007530120481927804,0.7105380405236933,0.7191402306179925,-0.008602190094299189,0.43859649122807015,0.4391891891891892,-0.0005926979611190486,0.5656108597285068,0.5882352941176471,-0.022624434389140302,0.49407114624505927,0.5029013539651838,-0.008830207720124494,0.7868561641875846,0.7859160341226338,0.0009401300649508615,0.5115454699383656,0.5120016370246565,-0.00045616708629092617
Random Forest,volume_and_range,0.5,25,4691822379367942160,0.8463855421686747,0.8403614457831325,0.0060240963855421326,0.6851340911599162,0.6869530384594947,-0.0018189472995785438,0.547486033519553,0.5233160621761658,0.024169971343387275,0.4434389140271493,0.45701357466063347,-0.01357466063348417,0.49,0.48792270531400966,0.0020772946859903274,0.7699256479744285,0.7667292057535959,0.003196442220832596,0.4641844234644762,0.46091008224897,0.0032743412155061824
Logistic Regression,volume_and_range,0.5,26,1752069688446674585,0.8072289156626506,0.8019578313253012,0.005271084337349463,0.7105380405236933,0.7073763422400439,0.003161698283649428,0.43859649122807015,0.4280821917808219,0.010514299447248243,0.5656108597285068,0.5656108597285068,0.0,0.49407114624505927,0.4873294346978557,0.006741711547203544,0.7868561641875846,0.7849963416677909,0.0018598225197937746,0.5115454699383656,0.4973537425832587,0.014191727355106876
Random Forest,volume_and_range,0.5,26,1752069688446674585,0.8463855421686747,0.8403614457831325,0.0060240963855421326,0.6851340911599162,0.6905745829705657,-0.005440491810649539,0.547486033519553,0.5228426395939086,0.024643393925644408,0.4434389140271493,0.4660633484162896,-0.022624434389140302,0.49,0.49282296650717705,-0.0028229665071770604,0.7699256479744285,0.7605366098909858,0.009389038083442713,0.4641844234644762,0.4526490445630659,0.011535378901410265
Logistic Regression,volume_and_range,0.5,27,16273973056538229524,0.8072289156626506,0.8072289156626506,0.0,0.7105380405236933,0.7159703572903,-0.005432316766606715,0.43859649122807015,0.43986254295532645,-0.001266051727256301,0.5656108597285068,0.579185520361991,-0.013574660633484226,0.49407114624505927,0.5,-0.005928853754940733,0.7868561641875846,0.7831692193241692,0.0036869448634154756,0.5115454699383656,0.5134320023864506,-0.0018865324480850099
Random Forest,volume_and_range,0.5,27,16273973056538229524,0.8463855421686747,0.8411144578313253,0.005271084337349352,0.6851340911599162,0.6874047096428731,-0.0022706184829569542,0.547486033519553,0.5260416666666666,0.02144436685288642,0.4434389140271493,0.45701357466063347,-0.01357466063348417,0.49,0.4891041162227603,0.0008958837772397032,0.7699256479744285,0.7580473089798772,0.011878338994551374,0.4641844234644762,0.4595473029742563,0.004637120490219915
Logistic Regression,volume_and_range,0.5,28,14772199086040879636,0.8072289156626506,0.8049698795180723,0.0022590361445783413,0.7105380405236933,0.7164261159956999,-0.005888075472006649,0.43859649122807015,0.4358108108108108,0.0027856804172593508,0.5656108597285068,0.583710407239819,-0.018099547511312264,0.49407114624505927,0.4990328820116054,-0.004961735766546127,0.7868561641875846,0.7824171152722085,0.004439048915376165,0.5115454699383656,0.5052382534503502,0.006307216488015355
Random Forest,volume_and_range,0.5,28,14772199086040879636,0.8463855421686747,0.8411144578313253,0.005271084337349352,0.6851340911599162,0.6874047096428731,-0.0022706184829569542,0.547486033519553,0.5260416666666666,0.02144436685288642,0.4434389140271493,0.45701357466063347,-0.01357466063348417,0.49,0.4891041162227603,0.0008958837772397032,0.7699256479744285,0.7609576246592028,0.008968023315225726,0.4641844234644762,0.44455730701683027,0.01962711644764592
Logistic Regression,volume_and_range,0.5,29,426783789816563086,0.8072289156626506,0.8034638554216867,0.0037650602409639022,0.7105380405236933,0.7137120013734074,-0.003173960849714108,0.43859649122807015,0.43243243243243246,0.006164058795637695,0.5656108597285068,0.579185520361991,-0.013574660633484226,0.49407114624505927,0.4951644100580271,-0.0010932638129678152,0.7868561641875846,0.7808802069921151,0.005975957195469506,0.5115454699383656,0.49308220467955327,0.01846326525881231
Random Forest,volume_and_range,0.5,29,426783789816563086,0.8463855421686747,0.8403614457831325,0.0060240963855421326,0.6851340911599162,0.6815207216928881,0.0036133694670280603,0.547486033519553,0.5240641711229946,0.023421862396558413,0.4434389140271493,0.4434389140271493,0.0,0.49,0.4803921568627451,0.009607843137254879,0.7699256479744285,0.771066066618434,-0.001140418644005492,0.4641844234644762,0.45425630180080556,0.00992812166367063
Logistic Regression,volume_and_range,1.0,0,18017250202607245763,0.8072289156626506,0.7929216867469879,0.014307228915662717,0.7105380405236933,0.7055778325505728,0.004960207973120467,0.43859649122807015,0.41233766233766234,0.026258828890407815,0.5656108597285068,0.5746606334841629,-0.009049773755656076,0.49407114624505927,0.48015122873345933,0.013919917511599933,0.7868561641875846,0.7635491136208497,0.023307050566734988,0.5115454699383656,0.4886744172735313,0.0228710526648343
Random Forest,volume_and_range,1.0,0,18017250202607245763,0.8463855421686747,0.8456325301204819,0.0007530120481927804,0.6851340911599162,0.6901147367431442,-0.004980645583227972,0.547486033519553,0.543010752688172,0.0044752808313810455,0.4434389140271493,0.45701357466063347,-0.01357466063348417,0.49,0.4963144963144963,-0.006314496314496321,0.7699256479744285,0.750640719076874,0.01928492889755451,0.4641844234644762,0.44588323797800866,0.01830118548646753
Logistic Regression,volume_and_range,1.0,1,2806456163513235651,0.8072289156626506,0.7944277108433735,0.012801204819277157,0.7105380405236933,0.7209673529616141,-0.010429312437920779,0.43859649122807015,0.4192546583850932,0.01934183284297697,0.5656108597285068,0.6108597285067874,-0.045248868778280604,0.49407114624505927,0.4972375690607735,-0.0031664228157142205,0.7868561641875846,0.7802507286008002,0.006605435586784392,0.5115454699383656,0.5023168759953867,0.009228593942978924
Random Forest,volume_and_range,1.0,1,2806456163513235651,0.8463855421686747,0.8365963855421686,0.009789156626506035,0.6851340911599162,0.6955593160758153,-0.010425224915899145,0.547486033519553,0.5095238095238095,0.03796222399574356,0.4434389140271493,0.4841628959276018,-0.04072398190045251,0.49,0.4965197215777262,-0.006519721577726234,0.7699256479744285,0.756637113882451,0.0132885340919775,0.4641844234644762,0.44917803623955993,0.015006387224916262
Logistic Regression,volume_and_range,1.0,2,15183248871248870592,0.8072289156626506,0.7899096385542169,0.017319277108433728,0.7105380405236933,0.7055819200725943,0.004956120451098944,0.43859649122807015,0.40764331210191085,0.030953179126159303,0.5656108597285068,0.579185520361991,-0.013574660633484226,0.49407114624505927,0.4785046728971963,0.015566473347862986,0.7868561641875846,0.7579696460614682,0.028886518126116423,0.5115454699383656,0.482251354038172,0.029294115900193596
Random Forest,volume_and_range,1.0,2,15183248871248870592,0.8463855421686747,0.8320783132530121,0.014307228915662606,0.6851340911599162,0.674741566420189,0.010392524739727182,0.547486033519553,0.49489795918367346,0.05258807433587959,0.4434389140271493,0.43891402714932126,0.004524886877828038,0.49,0.46522781774580335,0.02477218225419664,0.7699256479744285,0.736040090415987,0.03388555755844158,0.4641844234644762,0.43458318943055996,0.029601234033916235
Logistic Regression,volume_and_range,1.0,3,12555738855945563734,0.8072289156626506,0.786144578313253,0.02108433734939763,0.7105380405236933,0.706945108666773,0.003592931856920334,0.43859649122807015,0.4024767801857585,0.03611971104231165,0.5656108597285068,0.5882352941176471,-0.022624434389140302,0.49407114624505927,0.47794117647058826,0.01612996977447101,0.7868561641875846,0.7839744611624097,0.0028817030251749864,0.5115454699383656,0.5036992070379078,0.007846262900457757
Random Forest,volume_and_range,1.0,3,12555738855945563734,0.8463855421686747,0.8373493975903614,0.009036144578313254,0.6851340911599162,0.6833355814704452,0.0017985096894710395,0.547486033519553,0.5128205128205128,0.034665520699040275,0.4434389140271493,0.45248868778280543,-0.009049773755656132,0.49,0.4807692307692308,0.009230769230769209,0.7699256479744285,0.7619999427746917,0.007925705199736788,0.4641844234644762,0.44998996602576413,0.01419445743871206
Logistic Regression,volume_and_range,1.0,4,7981059757164210741,0.8072289156626506,0.7846385542168675,0.02259036144578319,0.7105380405236933,0.6987986772778738,0.011739363245819479,0.43859649122807015,0.39747634069400634,0.041120150534063815,0.5656108597285068,0.5701357466063348,-0.004524886877828038,0.49407114624505927,0.4684014869888476,0.025669659256211674,0.7868561641875846,0.7696885716971801,0.01716759249040456,0.5115454699383656,0.49072623594408915,0.02081923399427643
Random Forest,volume_and_range,1.0,4,7981059757164210741,0.8463855421686747,0.8396084337349398,0.006777108433734913,0.6851340911599162,0.6919336840427228,-0.0067995928828066265,0.547486033519553,0.52,0.027486033519553033,0.4434389140271493,0.47058823529411764,-0.02714932126696834,0.49,0.49406175771971494,-0.0040617577197149535,0.7699256479744285,0.7471826754466641,0.02274297252776447,0.4641844234644762,0.45372491007679455,0.01045951338768164
Logistic Regression,volume_and_range,1.0,5,15177040128175430490,0.8072289156626506,0.7876506024096386,0.01957831325301207,0.7105380405236933,0.7006053620113879,0.009932678512305393,0.43859649122807015,0.402555910543131,0.03604058068493915,0.5656108597285068,0.5701357466063348,-0.004524886877828038,0.49407114624505927,0.47191011235955055,0.02216103388550872,0.7868561641875846,0.7697989347917613,0.017057229395823326,0.5115454699383656,0.5002568632163099,0.011288606722055672
Random Forest,volume_and_range,1.0,5,15177040128175430490,0.8463855421686747,0.8313253012048193,0.015060240963855387,0.6851340911599162,0.6851545287700238,-2.0437610107615356e-05,0.547486033519553,0.49282296650717705,0.054663067012376,0.4434389140271493,0.4660633484162896,-0.022624434389140302,0.49,0.4790697674418605,0.010930232558139519,0.7699256479744285,0.7548059040168079,0.015119743957620613,0.4641844234644762,0.44481339909668055,0.019371024367795642
Logistic Regression,volume_and_range,1.0,6,4230635846255298106,0.8072289156626506,0.7981927710843374,0.009036144578313254,0.7105380405236933,0.7159826198563645,-0.005444579332671173,0.43859649122807015,0.42394822006472493,0.014648271163345217,0.5656108597285068,0.5927601809954751,-0.02714932126696834,0.49407114624505927,0.49433962264150944,-0.00026847639645016796,0.7868561641875846,0.7737515685865757,0.013104595601008961,0.5115454699383656,0.4776828799217233,0.03386259001664227
Random Forest,volume_and_range,1.0,6,4230635846255298106,0.8463855421686747,0.8358433734939759,0.010542168674698815,0.6851340911599162,0.6769999223370815,0.008134168822834686,0.547486033519553,0.5078534031413613,0.03963263037819176,0.4434389140271493,0.43891402714932126,0.004524886877828038,0.49,0.470873786407767,0.019126213592232988,0.7699256479744285,0.7520917893945154,0.017833858579913153,0.4641844234644762,0.43833235125789916,0.025852072206577037
Logistic Regression,volume_and_range,1.0,7,9552962708313504025,0.8072289156626506,0.7891566265060241,0.01807228915662651,0.7105380405236933,0.6906440708449317,0.01989396967876156,0.43859649122807015,0.4013377926421405,0.03725869858592967,0.5656108597285068,0.5429864253393665,0.022624434389140302,0.49407114624505927,0.46153846153846156,0.0325326847065977,0.7868561641875846,0.7680086001463333,0.01884756404125132,0.5115454699383656,0.4871482913248881,0.024397178613477455
Random Forest,volume_and_range,1.0,7,9552962708313504025,0.8463855421686747,0.8335843373493976,0.012801204819277046,0.6851340911599162,0.6774556810424817,0.007678410117434531,0.547486033519553,0.5,0.04748603351955305,0.4434389140271493,0.4434389140271493,0.0,0.49,0.47002398081534774,0.01997601918465225,0.7699256479744285,0.7575118435950573,0.01241380437937123,0.4641844234644762,0.44654310926611246,0.017641314198363733
Logistic Regression,volume_and_range,1.0,8,291237473655854158,0.8072289156626506,0.7989457831325302,0.008283132530120474,0.7105380405236933,0.7218666078063496,-0.011328567282656299,0.43859649122807015,0.4267515923566879,0.011844898871382237,0.5656108597285068,0.6063348416289592,-0.040723981900452455,0.49407114624505927,0.5009345794392523,-0.00686343319419308,0.7868561641875846,0.7814769852072578,0.005379178980326804,0.5115454699383656,0.5027801815872119,0.008765288351153644
Random Forest,volume_and_range,1.0,8,291237473655854158,0.8463855421686747,0.8381024096385542,0.008283132530120474,0.6851340911599162,0.6928411139315013,-0.007707022771585081,0.547486033519553,0.5147058823529411,0.032780151166611926,0.4434389140271493,0.4751131221719457,-0.03167420814479638,0.49,0.49411764705882355,-0.004117647058823559,0.7699256479744285,0.7618364418938307,0.008089206080597822,0.4641844234644762,0.4532860177297114,0.010898405734764804
Logistic Regression,volume_and_range,1.0,9,7577995048249706100,0.8072289156626506,0.7944277108433735,0.012801204819277157,0.7105380405236933,0.7155350361950075,-0.004996995671314175,0.43859649122807015,0.4177215189873418,0.020874972240728373,0.5656108597285068,0.5972850678733032,-0.03167420814479638,0.49407114624505927,0.49162011173184356,0.0024510345132157108,0.7868561641875846,0.763614513973194,0.02324165021439062,0.5115454699383656,0.4863111930932671,0.02523427684509849
Random Forest,volume_and_range,1.0,9,7577995048249706100,0.8463855421686747,0.8343373493975904,0.012048192771084265,0.6851340911599162,0.6742858077147891,0.010848283445127116,0.547486033519553,0.5026178010471204,0.044868232472432656,0.4434389140271493,0.4343891402714932,0.009049773755656076,0.49,0.46601941747572817,0.02398058252427182,0.7699256479744285,0.7402298004880502,0.029695847486378324,0.4641844234644762,0.432441471757307,0.031742951707169176
Logistic Regression,volume_and_range,1.0,10,5112580549256603057,0.8072289156626506,0.7914156626506024,0.01581325301204828,0.7105380405236933,0.6974314011616738,0.013106639362019501,0.43859649122807015,0.40728476821192056,0.031311723016149595,0.5656108597285068,0.5565610859728507,0.009049773755656076,0.49407114624505927,0.47036328871892924,0.023707857526130027,0.7868561641875846,0.7744832350284288,0.012372929159155888,0.5115454699383656,0.48735517552437296,0.02419029441399262
Random Forest,volume_and_range,1.0,10,5112580549256603057,0.8463855421686747,0.838855421686747,0.0075301204819276935,0.6851340911599162,0.6824281515816667,0.0027059395782494944,0.547486033519553,0.518324607329843,0.02916142618971007,0.4434389140271493,0.4479638009049774,-0.004524886877828094,0.49,0.48058252427184467,0.009417475728155322,0.7699256479744285,0.7537063605930177,0.016219287381410874,0.4641844234644762,0.442752187515666,0.02143223594881022
Logistic Regression,volume_and_range,1.0,11,15812714751189476287,0.8072289156626506,0.7899096385542169,0.017319277108433728,0.7105380405236933,0.70739269232813,0.0031453481955633356,0.43859649122807015,0.40822784810126583,0.030368643126804318,0.5656108597285068,0.583710407239819,-0.018099547511312264,0.49407114624505927,0.48044692737430167,0.013624218870757598,0.7868561641875846,0.7760242308305436,0.010831933357041024,0.5115454699383656,0.4935063861653709,0.01803908377299468
Random Forest,volume_and_range,1.0,11,15812714751189476287,0.8463855421686747,0.8313253012048193,0.015060240963855387,0.6851340911599162,0.672479122981275,0.012654968178641202,0.547486033519553,0.49230769230769234,0.055178341211860715,0.4434389140271493,0.4343891402714932,0.009049773755656076,0.49,0.46153846153846156,0.028461538461538427,0.7699256479744285,0.7567025142347954,0.01322313373963313,0.4641844234644762,0.4489017049722596,0.015282718492216574
Logistic Regression,volume_and_range,1.0,12,2759905011388306459,0.8072289156626506,0.7680722891566265,0.03915662650602414,0.7105380405236933,0.6942942280101534,0.0162438125135399,0.43859649122807015,0.3739130434782609,0.06468344774980928,0.5656108597285068,0.583710407239819,-0.018099547511312264,0.49407114624505927,0.4558303886925795,0.03824075755247974,0.7868561641875846,0.7780598167972629,0.008796347390321757,0.5115454699383656,0.47943994194972556,0.032105527988640026
Random Forest,volume_and_range,1.0,12,2759905011388306459,0.8463855421686747,0.8381024096385542,0.008283132530120474,0.6851340911599162,0.6783549358872171,0.006779155272699122,0.547486033519553,0.5159574468085106,0.03152858671104242,0.4434389140271493,0.43891402714932126,0.004524886877828038,0.49,0.4743276283618582,0.01567237163814178,0.7699256479744285,0.7596986678765731,0.010226980097855387,0.4641844234644762,0.4396088129419673,0.024575610522508895
Logistic Regression,volume_and_range,1.0,13,5838011409738586013,0.8072289156626506,0.7936746987951807,0.013554216867469937,0.7105380405236933,0.7168941372671644,-0.006356096743471151,0.43859649122807015,0.4169278996865204,0.021668591541549764,0.5656108597285068,0.6018099547511312,-0.03619909502262442,0.49407114624505927,0.4925925925925926,0.0014785536524666854,0.7868561641875846,0.7792288480954193,0.0076273160921653815,0.5115454699383656,0.5106278940365476,0.0009175759018179575
Random Forest,volume_and_range,1.0,13,5838011409738586013,0.8463855421686747,0.8365963855421686,0.009789156626506035,0.6851340911599162,0.6792623657759955,0.005871725383920667,0.547486033519553,0.5104166666666666,0.03706936685288642,0.4434389140271493,0.4434389140271493,0.0,0.49,0.4745762711864407,0.015423728813559301,0.7699256479744285,0.7554721701063165,0.014453477868112019,0.4641844234644762,0.4581560024879979,0.006028420976478266
Logistic Regression,volume_and_range,1.0,14,4846223297576178628,0.8072289156626506,0.7899096385542169,0.017319277108433728,0.7105380405236933,0.7001496033059877,0.010388437217705548,0.43859649122807015,0.40584415584415584,0.03275233538391431,0.5656108597285068,0.5656108597285068,0.0,0.49407114624505927,0.4725897920604915,0.021481354184567758,0.7868561641875846,0.7623105944483276,0.024545569739257034,0.5115454699383656,0.4852857775723662,0.0262596923659994
Random Forest,volume_and_range,1.0,14,4846223297576178628,0.8463855421686747,0.8275602409638554,0.01882530120481929,0.6851340911599162,0.6756530838309891,0.009481007328927094,0.547486033519553,0.48058252427184467,0.06690350924770838,0.4434389140271493,0.4479638009049774,-0.004524886877828094,0.49,0.4637002341920375,0.026299765807962505,0.7699256479744285,0.747105012528255,0.02282063544617352,0.4641844234644762,0.44342587187219595,0.02075855159228024
Logistic Regression,volume_and_range,1.0,15,10817528691912095692,0.8072289156626506,0.786144578313253,0.02108433734939763,0.7105380405236933,0.7015127919001664,0.009025248623526938,0.43859649122807015,0.40063091482649843,0.03796557640157172,0.5656108597285068,0.5746606334841629,-0.009049773755656076,0.49407114624505927,0.4721189591078067,0.021952187137252555,0.7868561641875846,0.7778677032622513,0.008988460925333341,0.5115454699383656,0.4966173142978086,0.014928155640556995
Random Forest,volume_and_range,1.0,15,10817528691912095692,0.8463855421686747,0.8260542168674698,0.02033132530120485,0.6851340911599162,0.6711281969531611,0.014005894206755132,0.547486033519553,0.47549019607843135,0.0719958374411217,0.4434389140271493,0.43891402714932126,0.004524886877828038,0.49,0.45647058823529413,0.03352941176470586,0.7699256479744285,0.7534529342276831,0.016472713746745415,0.4641844234644762,0.44164062063389187,0.022543802830584325
Logistic Regression,volume_and_range,1.0,16,9038332659066776957,0.8072289156626506,0.8064759036144579,0.0007530120481927804,0.7105380405236933,0.724572547384599,-0.014034506860905682,0.43859649122807015,0.44039735099337746,-0.0018008597653073055,0.5656108597285068,0.6018099547511312,-0.03619909502262442,0.49407114624505927,0.5086042065009561,-0.01453306025589679,0.7868561641875846,0.7911807624863579,-0.004324598298773297,0.5115454699383656,0.5319469135580649,-0.02040144361969931
Random Forest,volume_and_range,1.0,16,9038332659066776957,0.8463855421686747,0.8365963855421686,0.009789156626506035,0.6851340911599162,0.6792623657759955,0.005871725383920667,0.547486033519553,0.5104166666666666,0.03706936685288642,0.4434389140271493,0.4434389140271493,0.0,0.49,0.4745762711864407,0.015423728813559301,0.7699256479744285,0.76834786447412,0.0015777835003085716,0.4641844234644762,0.4703688313929889,-0.006184407928512714
Logistic Regression,volume_and_range,1.0,17,11127202608513394539,0.8072289156626506,0.7808734939759037,0.026355421686746983,0.7105380405236933,0.7055941826386589,0.004943857885034375,0.43859649122807015,0.39457831325301207,0.04401817797505808,0.5656108597285068,0.5927601809954751,-0.02714932126696834,0.49407114624505927,0.47377938517179025,0.02029176107326902,0.7868561641875846,0.7660098018778077,0.02084636230977699,0.5115454699383656,0.5008444338790454,0.010701036059320157
Random Forest,volume_and_range,1.0,17,11127202608513394539,0.8463855421686747,0.8448795180722891,0.001506024096385561,0.6851340911599162,0.6969061545819077,-0.011772063421991552,0.547486033519553,0.5384615384615384,0.009024495058014614,0.4434389140271493,0.4751131221719457,-0.03167420814479638,0.49,0.5048076923076923,-0.0148076923076923,0.7699256479744285,0.7533875338753387,0.016538114099089785,0.4641844234644762,0.4489397389049081,0.015244684559568067
Logistic Regression,volume_and_range,1.0,18,6880935617284427755,0.8072289156626506,0.7658132530120482,0.04141566265060248,0.7105380405236933,0.6730207196491271,0.03751732087456616,0.43859649122807015,0.3619631901840491,0.07663330104402105,0.5656108597285068,0.5339366515837104,0.03167420814479638,0.49407114624505927,0.43144424131627057,0.0626269049287887,0.7868561641875846,0.7558768347864474,0.030979329401137234,0.5115454699383656,0.46549114323221497,0.04605432670615062
Random Forest,volume_and_range,1.0,18,6880935617284427755,0.8463855421686747,0.8298192771084337,0.016566265060240948,0.6851340911599162,0.6788188696366602,0.006315221523256032,0.547486033519553,0.4878048780487805,0.05968115547077257,0.4434389140271493,0.45248868778280543,-0.009049773755656132,0.49,0.4694835680751174,0.020516431924882617,0.7699256479744285,0.7430583657269455,0.026867282247483026,0.4641844234644762,0.4393133530368568,0.02487107042761938
Logistic Regression,volume_and_range,1.0,19,9976731454334489538,0.8072289156626506,0.7929216867469879,0.014307228915662717,0.7105380405236933,0.712820921572715,-0.0022828810490217455,0.43859649122807015,0.41455696202531644,0.024039529202753707,0.5656108597285068,0.5927601809954751,-0.02714932126696834,0.49407114624505927,0.48789571694599626,0.006175429299063007,0.7868561641875846,0.7685318029650884,0.018324361222496255,0.5115454699383656,0.47617251690287393,0.03537295303549165
Random Forest,volume_and_range,1.0,19,9976731454334489538,0.8463855421686747,0.8381024096385542,0.008283132530120474,0.6851340911599162,0.6747333913761461,0.010400699783770118,0.547486033519553,0.5163043478260869,0.031181685693466132,0.4434389140271493,0.4298642533936652,0.013574660633484115,0.49,0.4691358024691358,0.020864197530864215,0.7699256479744285,0.7444440356922423,0.02548161228218626,0.4641844234644762,0.43690305577955196,0.02728136768492423
Logistic Regression,volume_and_range,1.0,20,8390408874177866630,0.8072289156626506,0.7846385542168675,0.02259036144578319,0.7105380405236933,0.6969879050223383,0.013550135501354976,0.43859649122807015,0.3968253968253968,0.04177109440267335,0.5656108597285068,0.5656108597285068,0.0,0.49407114624505927,0.4664179104477612,0.02765323579729806,0.7868561641875846,0.7626907339963294,0.024165430191255277,0.5115454699383656,0.46959761531502925,0.041947854623336334
Random Forest,volume_and_range,1.0,20,8390408874177866630,0.8463855421686747,0.8365963855421686,0.009789156626506035,0.6851340911599162,0.6883162270536732,-0.003182135893757043,0.547486033519553,0.5099009900990099,0.03758504342054314,0.4434389140271493,0.4660633484162896,-0.022624434389140302,0.49,0.48699763593380613,0.0030023640661938633,0.7699256479744285,0.7403360760606098,0.029589571913818724,0.4641844234644762,0.4337099032131716,0.030474520251304593
Logistic Regression,volume_and_range,1.0,21,17262252614624199536,0.8072289156626506,0.7740963855421686,0.03313253012048201,0.7105380405236933,0.6906645084550393,0.019873532068653943,0.43859649122807015,0.3799392097264438,0.05865728150162636,0.5656108597285068,0.5656108597285068,0.0,0.49407114624505927,0.45454545454545453,0.03952569169960474,0.7868561641875846,0.7628378847891044,0.024018279398480225,0.5115454699383656,0.477290300952996,0.034255168985369566
Random Forest,volume_and_range,1.0,21,17262252614624199536,0.8463855421686747,0.8313253012048193,0.015060240963855387,0.6851340911599162,0.6761006674923461,0.009033423667570095,0.547486033519553,0.49246231155778897,0.05502372196176408,0.4434389140271493,0.4434389140271493,0.0,0.49,0.4666666666666667,0.023333333333333317,0.7699256479744285,0.7413988317862064,0.02852681618822217,0.4641844234644762,0.4490295314559918,0.01515489200848441
Logistic Regression,volume_and_range,1.0,22,13040543806880249014,0.8072289156626506,0.7838855421686747,0.023343373493975972,0.7105380405236933,0.6965362338389598,0.014001806684733498,0.43859649122807015,0.39556962025316456,0.043026870974905596,0.5656108597285068,0.5656108597285068,0.0,0.49407114624505927,0.4655493482309125,0.028521798014146782,0.7868561641875846,0.7631362738966756,0.02371989029090904,0.5115454699383656,0.4703904738762279,0.04115499606213768
Random Forest,volume_and_range,1.0,22,13040543806880249014,0.8463855421686747,0.8298192771084337,0.016566265060240948,0.6851340911599162,0.6770080973811247,0.00812599377879153,0.547486033519553,0.4876847290640394,0.059801304455513626,0.4434389140271493,0.4479638009049774,-0.004524886877828094,0.49,0.4669811320754717,0.023018867924528286,0.7699256479744285,0.7536246101525872,0.016301037821841335,0.4641844234644762,0.43190987543697595,0.03227454802750024
Logistic Regression,volume_and_range,1.0,23,9529380634439868938,0.8072289156626506,0.7876506024096386,0.01957831325301207,0.7105380405236933,0.7096592232890655,0.0008788172346277934,0.43859649122807015,0.4055727554179567,0.033023735810113475,0.5656108597285068,0.5927601809954751,-0.02714932126696834,0.49407114624505927,0.48161764705882354,0.012453499186235728,0.7868561641875846,0.7768008600146334,0.010055304172951196,0.5115454699383656,0.49778015157842787,0.013765318359937717
Random Forest,volume_and_range,1.0,23,9529380634439868938,0.8463855421686747,0.8381024096385542,0.008283132530120474,0.6851340911599162,0.6819764803982882,0.003157610761628016,0.547486033519553,0.515625,0.03186103351955305,0.4434389140271493,0.4479638009049774,-0.004524886877828094,0.49,0.4794188861985472,0.010581113801452768,0.7699256479744285,0.7587340126794933,0.011191635294935276,0.4641844234644762,0.44766901433147377,0.016515409133002423
Logistic Regression,volume_and_range,1.0,24,10920246414793058067,0.8072289156626506,0.7906626506024096,0.01656626506024106,0.7105380405236933,0.7205197693002572,-0.009981728776563892,0.43859649122807015,0.4133738601823708,0.02522263104569933,0.5656108597285068,0.6153846153846154,-0.04977375565610864,0.49407114624505927,0.49454545454545457,-0.0004743083003952986,0.7868561641875846,0.7743279091916109,0.012528254995973764,0.5115454699383656,0.4864341012561272,0.0251113686822384
Random Forest,volume_and_range,1.0,24,10920246414793058067,0.8463855421686747,0.8381024096385542,0.008283132530120474,0.6851340911599162,0.6946518861870369,-0.00951779502712069,0.547486033519553,0.5145631067961165,0.03292292672343655,0.4434389140271493,0.4796380090497738,-0.03619909502262447,0.49,0.4964871194379391,-0.006487119437939115,0.7699256479744285,0.7623187694923707,0.007606878482057877,0.4641844234644762,0.4418970924842994,0.022287330980176767
Logistic Regression,volume_and_range,1.0,25,13185356027377663492,0.8072289156626506,0.7884036144578314,0.01882530120481929,0.7105380405236933,0.7155432112390505,-0.005005170715357221,0.43859649122807015,0.40853658536585363,0.03005990586221652,0.5656108597285068,0.6063348416289592,-0.040723981900452455,0.49407114624505927,0.48816029143898,0.00591085480607928,0.7868561641875846,0.778542144395803,0.00831401979178159,0.5115454699383656,0.502117553453503,0.00942791648486263
Random Forest,volume_and_range,1.0,25,13185356027377663492,0.8463855421686747,0.8403614457831325,0.0060240963855421326,0.6851340911599162,0.6978176719927078,-0.012683580832791641,0.547486033519553,0.5219512195121951,0.02553481400735791,0.4434389140271493,0.4841628959276018,-0.04072398190045251,0.49,0.5023474178403756,-0.01234741784037563,0.7699256479744285,0.760965799703246,0.008959848271182569,0.4641844234644762,0.449862644864516,0.0143217785999602
Logistic Regression,volume_and_range,1.0,26,13878313182875493182,0.8072289156626506,0.7936746987951807,0.013554216867469937,0.7105380405236933,0.7168941372671644,-0.006356096743471151,0.43859649122807015,0.4169278996865204,0.021668591541549764,0.5656108597285068,0.6018099547511312,-0.03619909502262442,0.49407114624505927,0.4925925925925926,0.0014785536524666854,0.7868561641875846,0.775341614652949,0.011514549534635599,0.5115454699383656,0.47941367096519094,0.03213179897317464
Random Forest,volume_and_range,1.0,26,13878313182875493182,0.8463855421686747,0.8305722891566265,0.015813253012048167,0.6851340911599162,0.6738382240534321,0.011295867106484114,0.547486033519553,0.4898989898989899,0.05758704362056316,0.4434389140271493,0.43891402714932126,0.004524886877828038,0.49,0.4630071599045346,0.026992840095465376,0.7699256479744285,0.7486051331101546,0.021320514864273887,0.4641844234644762,0.43885221263315877,0.025332210831317425
Logistic Regression,volume_and_range,1.0,27,6960775404731650247,0.8072289156626506,0.7914156626506024,0.01581325301204828,0.7105380405236933,0.7137283514614935,-0.0031903109378002004,0.43859649122807015,0.4125,0.026096491228070173,0.5656108597285068,0.5972850678733032,-0.03167420814479638,0.49407114624505927,0.4879852125693161,0.0060859336757431715,0.7868561641875846,0.7749205998847319,0.011935564302852697,0.5115454699383656,0.504037369020445,0.007508100917920535
Random Forest,volume_and_range,1.0,27,6960775404731650247,0.8463855421686747,0.8381024096385542,0.008283132530120474,0.6851340911599162,0.6855980249093592,-0.0004639337494429796,0.547486033519553,0.5153061224489796,0.0321799110705735,0.4434389140271493,0.45701357466063347,-0.01357466063348417,0.49,0.4844124700239808,0.00558752997601919,0.7699256479744285,0.7576426442997463,0.012283003674682269,0.4641844234644762,0.45300921455353427,0.011175208910941925
Logistic Regression,volume_and_range,1.0,28,1027153674207340392,0.8072289156626506,0.7801204819277109,0.027108433734939763,0.7105380405236933,0.6997101946886739,0.01082784583501939,0.43859649122807015,0.39143730886850153,0.04715918235956862,0.5656108597285068,0.579185520361991,-0.013574660633484226,0.49407114624505927,0.46715328467153283,0.026917861573526436,0.7868561641875846,0.7732038406356914,0.013652323551893275,0.5115454699383656,0.4892144447185056,0.022331025219859968
Random Forest,volume_and_range,1.0,28,1027153674207340392,0.8463855421686747,0.8313253012048193,0.015060240963855387,0.6851340911599162,0.6833437565144882,0.0017903346454279934,0.547486033519553,0.4927536231884058,0.05473241033114723,0.4434389140271493,0.46153846153846156,-0.018099547511312264,0.49,0.4766355140186916,0.013364485981308405,0.7699256479744285,0.7660425020539797,0.003883145920448805,0.4641844234644762,0.4412847391328709,0.022899684331605275
Logistic Regression,volume_and_range,1.0,29,14333353611751492247,0.8072289156626506,0.7891566265060241,0.01807228915662651,0.7105380405236933,0.6996979321226093,0.010840108401083959,0.43859649122807015,0.4045307443365696,0.03406574689150055,0.5656108597285068,0.5656108597285068,0.0,0.49407114624505927,0.4716981132075472,0.02237303303751209,0.7868561641875846,0.7699583481506007,0.016897816036983926,0.5115454699383656,0.4662406153026519,0.04530485463571371
Random Forest,volume_and_range,1.0,29,14333353611751492247,0.8463855421686747,0.8373493975903614,0.009036144578313254,0.6851340911599162,0.6833355814704452,0.0017985096894710395,0.547486033519553,0.5128205128205128,0.034665520699040275,0.4434389140271493,0.45248868778280543,-0.009049773755656132,0.49,0.4807692307692308,0.009230769230769209,0.7699256479744285,0.7645669066042093,0.005358741370219189,0.4641844234644762,0.44203922159423364,0.022145201870242548
Logistic Regression,all_predictors,0.05,0,371745788694989410,0.8072289156626506,0.8049698795180723,0.0022590361445783413,0.7105380405236933,0.7109937992290933,-0.0004557587054000445,0.43859649122807015,0.43448275862068964,0.004113732607380516,0.5656108597285068,0.5701357466063348,-0.004524886877828038,0.49407114624505927,0.4931506849315068,0.0009204613135524453,0.7868561641875846,0.7846448147739398,0.0022113494136448697,0.5115454699383656,0.5107991124430358,0.000746357495329808
Random Forest,all_predictors,0.05,0,371745788694989410,0.8463855421686747,0.848644578313253,-0.0022590361445783413,0.6851340911599162,0.6955429659877292,-0.010408874827813053,0.547486033519553,0.553763440860215,-0.006277407340661956,0.4434389140271493,0.4660633484162896,-0.022624434389140302,0.49,0.5061425061425061,-0.01614250614250612,0.7699256479744285,0.7676121105102454,0.0023135374641831685,0.4641844234644762,0.4604711087182441,0.0037133147462320992
Logistic Regression,all_predictors,0.05,1,4397310873356377771,0.8072289156626506,0.8072289156626506,0.0,0.7105380405236933,0.7087272682681578,0.0018107722555354977,0.43859649122807015,0.4381625441696113,0.00043394705845883896,0.5656108597285068,0.5610859728506787,0.004524886877828038,0.49407114624505927,0.49206349206349204,0.002007654181567231,0.7868561641875846,0.7854950193544168,0.0013611448331678488,0.5115454699383656,0.5117789396447446,-0.0002334697063790525
Random Forest,all_predictors,0.05,1,4397310873356377771,0.8463855421686747,0.8418674698795181,0.004518072289156572,0.6851340911599162,0.6842348363151807,0.0008992548447355198,0.547486033519553,0.5294117647058824,0.01807426881367069,0.4434389140271493,0.4479638009049774,-0.004524886877828094,0.49,0.4852941176470588,0.004705882352941171,0.7699256479744285,0.7705551263657433,-0.000629478391314775,0.4641844234644762,0.4599746579127631,0.004209765551713096
Logistic Regression,all_predictors,0.05,2,3522930282127738353,0.8072289156626506,0.8064759036144579,0.0007530120481927804,0.7105380405236933,0.7100863693403148,0.0004516711833785214,0.43859649122807015,0.4370629370629371,0.0015335541651330664,0.5656108597285068,0.5656108597285068,0.0,0.49407114624505927,0.4930966469428008,0.000974499302258458,0.7868561641875846,0.7869787898482303,-0.00012262566064569214,0.5115454699383656,0.5092625108297902,0.0022829591085753442
Random Forest,all_predictors,0.05,2,3522930282127738353,0.8463855421686747,0.8426204819277109,0.003765060240963791,0.6851340911599162,0.6864972797540947,-0.0013631885941784994,0.547486033519553,0.5319148936170213,0.015571139902531783,0.4434389140271493,0.45248868778280543,-0.009049773755656132,0.49,0.4889975550122249,0.0010024449877750752,0.7699256479744285,0.7700400985910312,-0.000114450616602646,0.4641844234644762,0.46279390787588076,0.0013905155885954312
Logistic Regression,all_predictors,0.05,3,8310107057727028572,0.8072289156626506,0.8064759036144579,0.0007530120481927804,0.7105380405236933,0.7118971415958504,-0.0013591010721570873,0.43859649122807015,0.4375,0.001096491228070151,0.5656108597285068,0.5701357466063348,-0.004524886877828038,0.49407114624505927,0.4950884086444008,-0.001017262399341523,0.7868561641875846,0.786758063659068,9.810052851666473e-05,0.5115454699383656,0.5124419836871512,-0.0008965137487856323
Random Forest,all_predictors,0.05,3,8310107057727028572,0.8463855421686747,0.8493975903614458,-0.003012048192771122,0.6851340911599162,0.6959946371711078,-0.010860546011191574,0.547486033519553,0.5567567567567567,-0.009270723237203682,0.4434389140271493,0.4660633484162896,-0.022624434389140302,0.49,0.5073891625615764,-0.01738916256157641,0.7699256479744285,0.7714012434241989,-0.0014755954497703838,0.4641844234644762,0.4635997654674092,0.000584657997066973
Logistic Regression,all_predictors,0.05,4,13952144473635435982,0.8072289156626506,0.8117469879518072,-0.004518072289156572,0.7105380405236933,0.7186803843905709,-0.008142343866877622,0.43859649122807015,0.44912280701754387,-0.010526315789473717,0.5656108597285068,0.579185520361991,-0.013574660633484226,0.49407114624505927,0.5059288537549407,-0.01185770750988141,0.7868561641875846,0.7862593859724418,0.0005967782151428125,0.5115454699383656,0.5122780642823209,-0.0007325943439553395
Random Forest,all_predictors,0.05,4,13952144473635435982,0.8463855421686747,0.8433734939759037,0.0030120481927710108,0.6851340911599162,0.6851381786819376,-4.087522021412049e-06,0.547486033519553,0.5351351351351351,0.012350898384417941,0.4434389140271493,0.4479638009049774,-0.004524886877828094,0.49,0.4876847290640394,0.002315270935960567,0.7699256479744285,0.7676570732524821,0.0022685747219464147,0.4641844234644762,0.4581891854458044,0.0059952380186718
Logistic Regression,all_predictors,0.05,5,5897986924322036936,0.8072289156626506,0.8094879518072289,-0.0022590361445782303,0.7105380405236933,0.7137038263293644,-0.003165785805671062,0.43859649122807015,0.44366197183098594,-0.005065480602915784,0.5656108597285068,0.5701357466063348,-0.004524886877828038,0.49407114624505927,0.499009900990099,-0.004938754745039742,0.7868561641875846,0.7859855219969998,0.0008706421905848583,0.5115454699383656,0.5093919235117264,0.00215354642663923
Random Forest,all_predictors,0.05,5,5897986924322036936,0.8463855421686747,0.8396084337349398,0.006777108433734913,0.6851340911599162,0.6792582782539741,0.005875812905942079,0.547486033519553,0.521505376344086,0.025980657175467048,0.4434389140271493,0.43891402714932126,0.004524886877828038,0.49,0.47665847665847666,0.013341523341523331,0.7699256479744285,0.7721696975642456,-0.0022440495898170543,0.4641844234644762,0.4624904444491715,0.001693979015304714
Logistic Regression,all_predictors,0.05,6,18052259704095415677,0.8072289156626506,0.8072289156626506,0.0,0.7105380405236933,0.7087272682681578,0.0018107722555354977,0.43859649122807015,0.4381625441696113,0.00043394705845883896,0.5656108597285068,0.5610859728506787,0.004524886877828038,0.49407114624505927,0.49206349206349204,0.002007654181567231,0.7868561641875846,0.7872485663016511,-0.0003924021140664369,0.5115454699383656,0.5127612426887295,-0.001215772750363886
Random Forest,all_predictors,0.05,6,18052259704095415677,0.8463855421686747,0.8441265060240963,0.0022590361445783413,0.6851340911599162,0.6819683053542451,0.003165785805671062,0.547486033519553,0.5388888888888889,0.008597144630664189,0.4434389140271493,0.43891402714932126,0.004524886877828038,0.49,0.4837905236907731,0.006209476309226913,0.7699256479744285,0.7684623150907225,0.0014633328837060366,0.4641844234644762,0.46729872039938564,-0.003114296934909444
Logistic Regression,all_predictors,0.05,7,4150937915552438831,0.8072289156626506,0.8094879518072289,-0.0022590361445782303,0.7105380405236933,0.7100822818182932,0.0004557587054000445,0.43859649122807015,0.44285714285714284,-0.004260651629072687,0.5656108597285068,0.5610859728506787,0.004524886877828038,0.49407114624505927,0.49500998003992014,-0.0009388337948608716,0.7868561641875846,0.7872117786034571,-0.0003556144158725072,0.5115454699383656,0.5148042980066644,-0.0032588280682988024
Random Forest,all_predictors,0.05,7,4150937915552438831,0.8463855421686747,0.8516566265060241,-0.005271084337349463,0.6851340911599162,0.6955388784657077,-0.01040478730579153,0.547486033519553,0.5666666666666667,-0.0191806331471136,0.4434389140271493,0.46153846153846156,-0.018099547511312264,0.49,0.5087281795511222,-0.01872817955112216,0.7699256479744285,0.7736861682342313,-0.00376052025980278,0.4641844234644762,0.4675706351429924,-0.0033862116785162155
Logistic Regression,all_predictors,0.05,8,15904111837395201750,0.8072289156626506,0.8094879518072289,-0.0022590361445782303,0.7105380405236933,0.7137038263293644,-0.003165785805671062,0.43859649122807015,0.44366197183098594,-0.005065480602915784,0.5656108597285068,0.5701357466063348,-0.004524886877828038,0.49407114624505927,0.499009900990099,-0.004938754745039742,0.7868561641875846,0.7866763132186374,0.00017985096894723718,0.5115454699383656,0.514915938764894,-0.003370468826528472
Random Forest,all_predictors,0.05,8,15904111837395201750,0.8463855421686747,0.8501506024096386,-0.0037650602409639022,0.6851340911599162,0.6982570806100218,-0.013122989450105593,0.547486033519553,0.5591397849462365,-0.011653751426683456,0.4434389140271493,0.47058823529411764,-0.02714932126696834,0.49,0.5110565110565111,-0.021056511056511074,0.7699256479744285,0.7701831618617845,-0.0002575138873559535,0.4641844234644762,0.46415509586553444,2.9327598941752964e-05
Logistic Regression,all_predictors,0.05,9,4934901790086338421,0.8072289156626506,0.8064759036144579,0.0007530120481927804,0.7105380405236933,0.7082755970847793,0.002262443438914019,0.43859649122807015,0.43661971830985913,0.0019767729182110227,0.5656108597285068,0.5610859728506787,0.004524886877828038,0.49407114624505927,0.4910891089108911,0.002982037334168186,0.7868561641875846,0.7885075230842805,-0.0016513588966958759,0.5115454699383656,0.5134387598831522,-0.001893289944786658
Random Forest,all_predictors,0.05,9,4934901790086338421,0.8463855421686747,0.8471385542168675,-0.0007530120481927804,0.6851340911599162,0.6892073068543657,-0.004073215694449517,0.547486033519553,0.5494505494505495,-0.0019645159309964466,0.4434389140271493,0.45248868778280543,-0.009049773755656132,0.49,0.49627791563275436,-0.006277915632754372,0.7699256479744285,0.7741357956565991,-0.00421014768217054,0.4641844234644762,0.4627871751206637,0.001397248343812496
Logistic Regression,all_predictors,0.05,10,17034736972900431450,0.8072289156626506,0.8064759036144579,0.0007530120481927804,0.7105380405236933,0.7082755970847793,0.002262443438914019,0.43859649122807015,0.43661971830985913,0.0019767729182110227,0.5656108597285068,0.5610859728506787,0.004524886877828038,0.49407114624505927,0.4910891089108911,0.002982037334168186,0.7868561641875846,0.7878453445167936,-0.0009891803292089163,0.5115454699383656,0.5135599747214438,-0.002014504783078186
Random Forest,all_predictors,0.05,10,17034736972900431450,0.8463855421686747,0.8403614457831325,0.0060240963855421326,0.6851340911599162,0.6760884049262815,0.009045686233634664,0.547486033519553,0.5248618784530387,0.022624155066514384,0.4434389140271493,0.4298642533936652,0.013574660633484115,0.49,0.472636815920398,0.017363184079601968,0.7699256479744285,0.7740785703482977,-0.004152922373869217,0.4641844234644762,0.46767868813410696,-0.0034942646696307644
Logistic Regression,all_predictors,0.05,11,4198410947473528436,0.8072289156626506,0.8049698795180723,0.0022590361445783413,0.7105380405236933,0.7073722547180223,0.003165785805670951,0.43859649122807015,0.43356643356643354,0.005030057661636611,0.5656108597285068,0.5610859728506787,0.004524886877828038,0.49407114624505927,0.4891518737672584,0.0049192724778008845,0.7868561641875846,0.7856094699710195,0.0012466942165650918,0.5115454699383656,0.5096735245366173,0.0018719454017482873
Random Forest,all_predictors,0.05,11,4198410947473528436,0.8463855421686747,0.8478915662650602,-0.001506024096385561,0.6851340911599162,0.6896589780377442,-0.004524886877828038,0.547486033519553,0.5524861878453039,-0.00500015432575085,0.4434389140271493,0.45248868778280543,-0.009049773755656132,0.49,0.4975124378109453,-0.007512437810945294,0.7699256479744285,0.7701913369058275,-0.00026568893139899963,0.4641844234644762,0.4609909187081479,0.0031935047563282914
Logistic Regression,all_predictors,0.05,12,5687922740234396388,0.8072289156626506,0.8087349397590361,-0.0015060240963854499,0.7105380405236933,0.7114413828904503,-0.0009033423667570428,0.43859649122807015,0.4416961130742049,-0.00309962184613477,0.5656108597285068,0.5656108597285068,0.0,0.49407114624505927,0.49603174603174605,-0.0019605997866867786,0.7868561641875846,0.7849064161833171,0.0019497480042675042,0.5115454699383656,0.5103169361391896,0.0012285337991759793
Random Forest,all_predictors,0.05,12,5687922740234396388,0.8463855421686747,0.8456325301204819,0.0007530120481927804,0.6851340911599162,0.6846824199765376,0.00045167118337863243,0.547486033519553,0.5444444444444444,0.0030415890751086527,0.4434389140271493,0.4434389140271493,0.0,0.49,0.48877805486284287,0.001221945137157121,0.7699256479744285,0.7706695769823461,-0.000743929007917532,0.4641844234644762,0.46137940131737304,0.0028050221471031533
Logistic Regression,all_predictors,0.05,13,6956571597178703792,0.8072289156626506,0.8057228915662651,0.001506024096385561,0.7105380405236933,0.7096346981569364,0.0009033423667569318,0.43859649122807015,0.4355400696864111,0.003056421541659027,0.5656108597285068,0.5656108597285068,0.0,0.49407114624505927,0.4921259842519685,0.0019451619930907493,0.7868561641875846,0.7870441902005748,-0.0001880260129901723,0.5115454699383656,0.5108765949378535,0.0006688750005120481
Random Forest,all_predictors,0.05,13,6956571597178703792,0.8463855421686747,0.8448795180722891,0.001506024096385561,0.6851340911599162,0.6932846100708367,-0.008150518910920557,0.547486033519553,0.5392670157068062,0.00821901781274681,0.4434389140271493,0.4660633484162896,-0.022624434389140302,0.49,0.5,-0.010000000000000009,0.7699256479744285,0.7710211038761972,-0.0010954559017686272,0.4641844234644762,0.45998575708490247,0.004198666379573723
Logistic Regression,all_predictors,0.05,14,18021748044172629743,0.8072289156626506,0.8057228915662651,0.001506024096385561,0.7105380405236933,0.7132562426680074,-0.0027182021443140636,0.43859649122807015,0.436426116838488,0.0021703743895821748,0.5656108597285068,0.5746606334841629,-0.009049773755656076,0.49407114624505927,0.49609375,-0.0020226037549407327,0.7868561641875846,0.7882418341528815,-0.0013856699652968762,0.5115454699383656,0.5131630936020231,-0.0016176236636574748
Random Forest,all_predictors,0.05,14,18021748044172629743,0.8463855421686747,0.8448795180722891,0.001506024096385561,0.6851340911599162,0.6878522933042301,-0.0027182021443139526,0.547486033519553,0.5405405405405406,0.00694549297901248,0.4434389140271493,0.45248868778280543,-0.009049773755656132,0.49,0.49261083743842365,-0.0026108374384236632,0.7699256479744285,0.7712908803296178,-0.001365232355189261,0.4641844234644762,0.45695439376041613,0.007230029704060059
Logistic Regression,all_predictors,0.05,15,15392841745166954166,0.8072289156626506,0.8079819277108434,-0.0007530120481927804,0.7105380405236933,0.7091789394515363,0.0013591010721569763,0.43859649122807015,0.4397163120567376,-0.0011198208286674616,0.5656108597285068,0.5610859728506787,0.004524886877828038,0.49407114624505927,0.49304174950298213,0.0010293967420771377,0.7868561641875846,0.785380568737814,0.0014755954497706059,0.5115454699383656,0.5074997840604994,0.004045685877866134
Random Forest,all_predictors,0.05,15,15392841745166954166,0.8463855421686747,0.848644578313253,-0.0022590361445783413,0.6851340911599162,0.6937321937321937,-0.008598102572277555,0.547486033519553,0.5543478260869565,-0.006861792567403491,0.4434389140271493,0.46153846153846156,-0.018099547511312264,0.49,0.5037037037037037,-0.013703703703703662,0.7699256479744285,0.7687607041982939,0.0011649437761346304,0.4641844234644762,0.4622173100250668,0.001967113439409418
Logistic Regression,all_predictors,0.05,16,3057588004360368928,0.8072289156626506,0.8072289156626506,0.0,0.7105380405236933,0.7087272682681578,0.0018107722555354977,0.43859649122807015,0.4381625441696113,0.00043394705845883896,0.5656108597285068,0.5610859728506787,0.004524886877828038,0.49407114624505927,0.49206349206349204,0.002007654181567231,0.7868561641875846,0.7876491434597603,-0.0007929792721756979,0.5115454699383656,0.5125741698427874,-0.0010286999044217815
Random Forest,all_predictors,0.05,16,3057588004360368928,0.8463855421686747,0.8411144578313253,0.005271084337349352,0.6851340911599162,0.6783508483651955,0.006783242794720645,0.547486033519553,0.5274725274725275,0.020013506047025564,0.4434389140271493,0.4343891402714932,0.009049773755656076,0.49,0.47642679900744417,0.013573200992555823,0.7699256479744285,0.7672646711384157,0.0026609768360128516,0.4641844234644762,0.4686239699265612,-0.004439546462084998
Logistic Regression,all_predictors,0.05,17,2671709783647178449,0.8072289156626506,0.8087349397590361,-0.0015060240963854499,0.7105380405236933,0.7096306106349148,0.0009074298887784549,0.43859649122807015,0.4412811387900356,-0.0026846475619654586,0.5656108597285068,0.5610859728506787,0.004524886877828038,0.49407114624505927,0.4940239043824701,4.7241862589142425e-05,0.7868561641875846,0.7858342836822033,0.001021880505381323,0.5115454699383656,0.5139710356152398,-0.0024255656768742417
Random Forest,all_predictors,0.05,17,2671709783647178449,0.8463855421686747,0.8433734939759037,0.0030120481927710108,0.6851340911599162,0.6815166341708666,0.0036174569890495833,0.547486033519553,0.5359116022099447,0.011574431309608335,0.4434389140271493,0.43891402714932126,0.004524886877828038,0.49,0.48258706467661694,0.007412935323383052,0.7699256479744285,0.7700973238993325,-0.000171675924903969,0.4641844234644762,0.46541085777949004,-0.0012264343150138468
Logistic Regression,all_predictors,0.05,18,16793724003929186997,0.8072289156626506,0.8087349397590361,-0.0015060240963854499,0.7105380405236933,0.7168736996570569,-0.006335659133363647,0.43859649122807015,0.4429065743944637,-0.00431008316639353,0.5656108597285068,0.579185520361991,-0.013574660633484226,0.49407114624505927,0.5019607843137255,-0.007889638068666216,0.7868561641875846,0.7882050464546878,-0.0013488822671031686,0.5115454699383656,0.512033528409286,-0.0004880584709203717
Random Forest,all_predictors,0.05,18,16793724003929186997,0.8463855421686747,0.8493975903614458,-0.003012048192771122,0.6851340911599162,0.6941838649155723,-0.009049773755656076,0.547486033519553,0.5573770491803278,-0.009891015660774771,0.4434389140271493,0.46153846153846156,-0.018099547511312264,0.49,0.504950495049505,-0.014950495049504964,0.7699256479744285,0.7723699861433003,-0.0024443381688717958,0.4641844234644762,0.463575364116981,0.0006090593474951667
Logistic Regression,all_predictors,0.05,19,10285972464734396436,0.8072289156626506,0.8072289156626506,0.0,0.7105380405236933,0.7105380405236933,0.0,0.43859649122807015,0.43859649122807015,0.0,0.5656108597285068,0.5656108597285068,0.0,0.49407114624505927,0.49407114624505927,0.0,0.7868561641875846,0.7878412569947721,-0.0009850928071875042,0.5115454699383656,0.511503193672788,4.2276265577623207e-05
Random Forest,all_predictors,0.05,19,10285972464734396436,0.8463855421686747,0.8463855421686747,0.0,0.6851340911599162,0.6923771801820582,-0.007243089022141991,0.547486033519553,0.5454545454545454,0.002031488065007636,0.4434389140271493,0.46153846153846156,-0.018099547511312264,0.49,0.5,-0.010000000000000009,0.7699256479744285,0.772406773841494,-0.0024811258670655034,0.4641844234644762,0.4612567302826914,0.0029276931817848184
Logistic Regression,all_predictors,0.05,20,10335892741394748717,0.8072289156626506,0.8102409638554217,-0.0030120481927710108,0.7105380405236933,0.7123447252572073,-0.0018066847335139746,0.43859649122807015,0.44483985765124556,-0.006243366423175412,0.5656108597285068,0.5656108597285068,0.0,0.49407114624505927,0.49800796812749004,-0.003936821882430774,0.7868561641875846,0.7881641712344725,-0.0013080070468878269,0.5115454699383656,0.5098040568860364,0.0017414130523292215
Random Forest,all_predictors,0.05,20,10335892741394748717,0.8463855421686747,0.848644578313253,-0.0022590361445783413,0.6851340911599162,0.6955429659877292,-0.010408874827813053,0.547486033519553,0.553763440860215,-0.006277407340661956,0.4434389140271493,0.4660633484162896,-0.022624434389140302,0.49,0.5061425061425061,-0.01614250614250612,0.7699256479744285,0.7716219696133614,-0.0016963216389328517,0.4641844234644762,0.46455078067593186,-0.00036635721145567013
Logistic Regression,all_predictors,0.05,21,15505583346909898530,0.8072289156626506,0.8057228915662651,0.001506024096385561,0.7105380405236933,0.7096346981569364,0.0009033423667569318,0.43859649122807015,0.4355400696864111,0.003056421541659027,0.5656108597285068,0.5656108597285068,0.0,0.49407114624505927,0.4921259842519685,0.0019451619930907493,0.7868561641875846,0.7879066573471165,-0.0010504931595318734,0.5115454699383656,0.5129545590634019,-0.0014090891250363446
Random Forest,all_predictors,0.05,21,15505583346909898530,0.8463855421686747,0.8441265060240963,0.0022590361445783413,0.6851340911599162,0.6819683053542451,0.003165785805671062,0.547486033519553,0.5388888888888889,0.008597144630664189,0.4434389140271493,0.43891402714932126,0.004524886877828038,0.49,0.4837905236907731,0.006209476309226913,0.7699256479744285,0.7701422866415693,-0.00021663866714072277,0.4641844234644762,0.46298918547109924,0.001195237993376952
Logistic Regression,all_predictors,0.05,22,18045783058895110036,0.8072289156626506,0.8072289156626506,0.0,0.7105380405236933,0.7087272682681578,0.0018107722555354977,0.43859649122807015,0.4381625441696113,0.00043394705845883896,0.5656108597285068,0.5610859728506787,0.004524886877828038,0.49407114624505927,0.49206349206349204,0.002007654181567231,0.7868561641875846,0.7857361831536867,0.0011199810338979876,0.5115454699383656,0.5066471519880986,0.004898317950266962
Random Forest,all_predictors,0.05,22,18045783058895110036,0.8463855421686747,0.8441265060240963,0.0022590361445783413,0.6851340911599162,0.6837790776097806,0.0013550135501355642,0.547486033519553,0.5384615384615384,0.009024495058014614,0.4434389140271493,0.4434389140271493,0.0,0.49,0.48635235732009924,0.0036476426799007533,0.7699256479744285,0.7709270908697021,-0.0010014428952735965,0.4641844234644762,0.464631150618952,-0.00044672715447580114
Logistic Regression,all_predictors,0.05,23,8026585588335778325,0.8072289156626506,0.8049698795180723,0.0022590361445783413,0.7105380405236933,0.7073722547180223,0.003165785805670951,0.43859649122807015,0.43356643356643354,0.005030057661636611,0.5656108597285068,0.5610859728506787,0.004524886877828038,0.49407114624505927,0.4891518737672584,0.0049192724778008845,0.7868561641875846,0.7889939382048421,-0.0021377740172574544,0.5115454699383656,0.5116030979922065,-5.762805384090797e-05
Random Forest,all_predictors,0.05,23,8026585588335778325,0.8463855421686747,0.8501506024096386,-0.0037650602409639022,0.6851340911599162,0.6873924470768087,-0.002258355916892496,0.547486033519553,0.5632183908045977,-0.01573235728504463,0.4434389140271493,0.4434389140271493,0.0,0.49,0.4962025316455696,-0.006202531645569609,0.7699256479744285,0.7726111499425703,-0.002685501968141768,0.4641844234644762,0.45966157358576215,0.004522849878714041
Logistic Regression,all_predictors,0.05,24,5245088160757526936,0.8072289156626506,0.8012048192771084,0.006024096385542244,0.7105380405236933,0.7087354433122008,0.0018025972114924516,0.43859649122807015,0.4271186440677966,0.011477847160273558,0.5656108597285068,0.5701357466063348,-0.004524886877828038,0.49407114624505927,0.4883720930232558,0.005699053221803474,0.7868561641875846,0.7864514995074535,0.0004046646801311171,0.5115454699383656,0.511081667521045,0.00046380241732058014
Random Forest,all_predictors,0.05,24,5245088160757526936,0.8463855421686747,0.8463855421686747,0.0,0.6851340911599162,0.6905664079265227,-0.005432316766606493,0.547486033519553,0.5459459459459459,0.0015400875736071296,0.4434389140271493,0.45701357466063347,-0.01357466063348417,0.49,0.4975369458128079,-0.007536945812807894,0.7699256479744285,0.7704938135354205,-0.0005681655609919289,0.4641844234644762,0.465797975730371,-0.0016135522658948243
Logistic Regression,all_predictors,0.05,25,1300686401635561975,0.8072289156626506,0.8087349397590361,-0.0015060240963854499,0.7105380405236933,0.7150629274015213,-0.004524886877828038,0.43859649122807015,0.4425087108013937,-0.00391221957332355,0.5656108597285068,0.5746606334841629,-0.009049773755656076,0.49407114624505927,0.5,-0.005928853754940733,0.7868561641875846,0.7864964622496903,0.00035970193789436333,0.5115454699383656,0.511461458500899,8.401143746661344e-05
Random Forest,all_predictors,0.05,25,1300686401635561975,0.8463855421686747,0.8448795180722891,0.001506024096385561,0.6851340911599162,0.6896630655597656,-0.00452897439984945,0.547486033519553,0.5401069518716578,0.007379081647895247,0.4434389140271493,0.45701357466063347,-0.01357466063348417,0.49,0.4950980392156863,-0.005098039215686301,0.7699256479744285,0.7691571938343819,0.0007684541400466705,0.4641844234644762,0.4580430843896257,0.006141339074850483
Logistic Regression,all_predictors,0.05,26,4487677597399300699,0.8072289156626506,0.8034638554216867,0.0037650602409639022,0.7105380405236933,0.7028473678401943,0.007690672683498989,0.43859649122807015,0.4295774647887324,0.009019026439337774,0.5656108597285068,0.5520361990950227,0.013574660633484115,0.49407114624505927,0.48316831683168315,0.010902829413376114,0.7868561641875846,0.7874161547045335,-0.0005599905169488828,0.5115454699383656,0.5105378396971308,0.001007630241234736
Random Forest,all_predictors,0.05,26,4487677597399300699,0.8463855421686747,0.8456325301204819,0.0007530120481927804,0.6851340911599162,0.6883039644876087,-0.003169873327692474,0.547486033519553,0.5434782608695652,0.004007772649987862,0.4434389140271493,0.45248868778280543,-0.009049773755656132,0.49,0.49382716049382713,-0.003827160493827142,0.7699256479744285,0.769198069054597,0.0007275789198315508,0.4641844234644762,0.458606006717234,0.0055784167472421875
Logistic Regression,all_predictors,0.05,27,5077952478100085479,0.8072289156626506,0.8087349397590361,-0.0015060240963854499,0.7105380405236933,0.7114413828904503,-0.0009033423667570428,0.43859649122807015,0.4416961130742049,-0.00309962184613477,0.5656108597285068,0.5656108597285068,0.0,0.49407114624505927,0.49603174603174605,-0.0019605997866867786,0.7868561641875846,0.7864964622496903,0.00035970193789436333,0.5115454699383656,0.5115694106263992,-2.394068803357463e-05
Random Forest,all_predictors,0.05,27,5077952478100085479,0.8463855421686747,0.8418674698795181,0.004518072289156572,0.6851340911599162,0.6842348363151807,0.0008992548447355198,0.547486033519553,0.5294117647058824,0.01807426881367069,0.4434389140271493,0.4479638009049774,-0.004524886877828094,0.49,0.4852941176470588,0.004705882352941171,0.7699256479744285,0.7690631808278867,0.0008624671465418121,0.4641844234644762,0.46027191706213566,0.003912506402340532
Logistic Regression,all_predictors,0.05,28,6349091189065847747,0.8072289156626506,0.8079819277108434,-0.0007530120481927804,0.7105380405236933,0.7091789394515363,0.0013591010721569763,0.43859649122807015,0.4397163120567376,-0.0011198208286674616,0.5656108597285068,0.5610859728506787,0.004524886877828038,0.49407114624505927,0.49304174950298213,0.0010293967420771377,0.7868561641875846,0.7867131009168312,0.00014306327075341851,0.5115454699383656,0.51352586247838,-0.001980392540014364
Random Forest,all_predictors,0.05,28,6349091189065847747,0.8463855421686747,0.8433734939759037,0.0030120481927710108,0.6851340911599162,0.6851381786819376,-4.087522021412049e-06,0.547486033519553,0.5351351351351351,0.012350898384417941,0.4434389140271493,0.4479638009049774,-0.004524886877828094,0.49,0.4876847290640394,0.002315270935960567,0.7699256479744285,0.7752108139482601,-0.0052851659738315515,0.4641844234644762,0.463826059186208,0.0003583642782681862
Logistic Regression,all_predictors,0.05,29,9879129312242617048,0.8072289156626506,0.8057228915662651,0.001506024096385561,0.7105380405236933,0.7078239259014008,0.0027141146222925405,0.43859649122807015,0.43508771929824563,0.003508771929824517,0.5656108597285068,0.5610859728506787,0.004524886877828038,0.49407114624505927,0.4901185770750988,0.0039525691699604515,0.7868561641875846,0.7864841996836258,0.0003719645039588215,0.5115454699383656,0.5114510280843354,9.444185403018057e-05
Random Forest,all_predictors,0.05,29,9879129312242617048,0.8463855421686747,0.838855421686747,0.0075301204819276935,0.6851340911599162,0.6751850625595246,0.009949028600391596,0.547486033519553,0.5191256830601093,0.02836035045944374,0.4434389140271493,0.4298642533936652,0.013574660633484115,0.49,0.47029702970297027,0.01970297029702972,0.7699256479744285,0.7676897734286544,0.002235874545774119,0.4641844234644762,0.4527530438717378,0.011431379592738378
Logistic Regression,all_predictors,0.1,0,11636627250093445475,0.8072289156626506,0.802710843373494,0.004518072289156683,0.7105380405236933,0.7060172411678868,0.004520799355806515,0.43859649122807015,0.4290657439446367,0.00953074728343345,0.5656108597285068,0.5610859728506787,0.004524886877828038,0.49407114624505927,0.48627450980392156,0.007796636441137705,0.7868561641875846,0.7820451507682499,0.004811013419334764,0.5115454699383656,0.5076456725084968,0.00389979742986879
Random Forest,all_predictors,0.1,0,11636627250093445475,0.8463855421686747,0.8524096385542169,-0.006024096385542244,0.6851340911599162,0.6996120941601573,-0.014478003000241157,0.547486033519553,0.5683060109289617,-0.020819977409408663,0.4434389140271493,0.47058823529411764,-0.02714932126696834,0.49,0.5148514851485149,-0.024851485148514874,0.7699256479744285,0.7704938135354205,-0.0005681655609919289,0.4641844234644762,0.4674270573561677,-0.003242633891691493
Logistic Regression,all_predictors,0.1,1,11797950867922093480,0.8072289156626506,0.8102409638554217,-0.0030120481927710108,0.7105380405236933,0.7141554975127429,-0.0036174569890495833,0.43859649122807015,0.4452296819787986,-0.006633190750728435,0.5656108597285068,0.5701357466063348,-0.004524886877828038,0.49407114624505927,0.5,-0.005928853754940733,0.7868561641875846,0.7831733068461906,0.0036828573413940635,0.5115454699383656,0.5113083435919346,0.00023712634643102692
Random Forest,all_predictors,0.1,1,11797950867922093480,0.8463855421686747,0.838855421686747,0.0075301204819276935,0.6851340911599162,0.6806173793261311,0.004516711833785103,0.547486033519553,0.5185185185185185,0.02896751500103456,0.4434389140271493,0.4434389140271493,0.0,0.49,0.47804878048780486,0.011951219512195133,0.7699256479744285,0.771908096154868,-0.0019824481804394667,0.4641844234644762,0.45619555710007564,0.007988866364400549
Logistic Regression,all_predictors,0.1,2,6735637075710842989,0.8072289156626506,0.8012048192771084,0.006024096385542244,0.7105380405236933,0.7051138988011298,0.005424141722563447,0.43859649122807015,0.4261168384879725,0.012479652740097658,0.5656108597285068,0.5610859728506787,0.004524886877828038,0.49407114624505927,0.484375,0.009696146245059267,0.7868561641875846,0.786034572261258,0.0008215919263266924,0.5115454699383656,0.5050379453336648,0.006507524604700832
Random Forest,all_predictors,0.1,2,6735637075710842989,0.8463855421686747,0.838855421686747,0.0075301204819276935,0.6851340911599162,0.6788066070705956,0.006327484089320601,0.547486033519553,0.5187165775401069,0.028769455979446135,0.4434389140271493,0.43891402714932126,0.004524886877828038,0.49,0.47549019607843135,0.014509803921568643,0.7699256479744285,0.7688915049029827,0.001034143071445781,0.4641844234644762,0.4578731915478397,0.006311231916636517
Logistic Regression,all_predictors,0.1,3,3526613714442381859,0.8072289156626506,0.8102409638554217,-0.0030120481927710108,0.7105380405236933,0.7177770420238139,-0.007239001500120579,0.43859649122807015,0.445993031358885,-0.007396540130814866,0.5656108597285068,0.579185520361991,-0.013574660633484226,0.49407114624505927,0.5039370078740157,-0.009865861628956474,0.7868561641875846,0.7852538555551467,0.001602308632437932,0.5115454699383656,0.5112998877517668,0.0002455821865987584
Random Forest,all_predictors,0.1,3,3526613714442381859,0.8463855421686747,0.8441265060240963,0.0022590361445783413,0.6851340911599162,0.6855898498653161,-0.00045575870539993346,0.547486033519553,0.5380434782608695,0.009442555258683538,0.4434389140271493,0.4479638009049774,-0.004524886877828094,0.49,0.4888888888888889,0.0011111111111111183,0.7699256479744285,0.7727133379931084,-0.002787690018679845,0.4641844234644762,0.45895626737984596,0.005228156084630231
Logistic Regression,all_predictors,0.1,4,16786217357514577372,0.8072289156626506,0.8094879518072289,-0.0022590361445782303,0.7105380405236933,0.7155145985848999,-0.00497655806120656,0.43859649122807015,0.44405594405594406,-0.005459452827873912,0.5656108597285068,0.5746606334841629,-0.009049773755656076,0.49407114624505927,0.5009861932938856,-0.006915047048826339,0.7868561641875846,0.7847797030006498,0.0020764611869348304,0.5115454699383656,0.5104243943838778,0.001121075554487816
Random Forest,all_predictors,0.1,4,16786217357514577372,0.8463855421686747,0.8418674698795181,0.004518072289156572,0.6851340911599162,0.6824240640596451,0.0027100271002711285,0.547486033519553,0.5297297297297298,0.01775630378982329,0.4434389140271493,0.4434389140271493,0.0,0.49,0.4827586206896552,0.007241379310344798,0.7699256479744285,0.7685931157954113,0.0013325321790171873,0.4641844234644762,0.45364357069551614,0.010540852768960052
Logistic Regression,all_predictors,0.1,5,6979508417528882660,0.8072289156626506,0.8079819277108434,-0.0007530120481927804,0.7105380405236933,0.7128004839626073,-0.002262443438914019,0.43859649122807015,0.4405594405594406,-0.0019629493313704227,0.5656108597285068,0.5701357466063348,-0.004524886877828038,0.49407114624505927,0.4970414201183432,-0.002970273873283913,0.7868561641875846,0.7835902340923863,0.003265930095198377,0.5115454699383656,0.5046953236721181,0.00685014626624747
Random Forest,all_predictors,0.1,5,6979508417528882660,0.8463855421686747,0.8411144578313253,0.005271084337349352,0.6851340911599162,0.6892154818984088,-0.004081390738492563,0.547486033519553,0.5257731958762887,0.02171283764326437,0.4434389140271493,0.46153846153846156,-0.018099547511312264,0.49,0.491566265060241,-0.00156626506024099,0.7699256479744285,0.7739232445114798,-0.003997596537051229,0.4641844234644762,0.4582249464831798,0.005959476981296397
Logistic Regression,all_predictors,0.1,6,13793476807948057803,0.8072289156626506,0.8094879518072289,-0.0022590361445782303,0.7105380405236933,0.7082715095627579,0.002266530960935431,0.43859649122807015,0.44244604316546765,-0.0038495519373974996,0.5656108597285068,0.5565610859728507,0.009049773755656076,0.49407114624505927,0.49298597194388777,0.0010851743011714987,0.7868561641875846,0.7874202422265549,-0.0005640780389702948,0.5115454699383656,0.5145001344377808,-0.0029546644994151716
Random Forest,all_predictors,0.1,6,13793476807948057803,0.8463855421686747,0.8433734939759037,0.0030120481927710108,0.6851340911599162,0.6833274064264021,0.0018066847335140857,0.547486033519553,0.5355191256830601,0.011966907836492902,0.4434389140271493,0.4434389140271493,0.0,0.49,0.48514851485148514,0.004851485148514856,0.7699256479744285,0.7762694821518352,-0.006343834177406693,0.4641844234644762,0.46753965688052057,-0.0033552334160443786
Logistic Regression,all_predictors,0.1,7,10868633749952320708,0.8072289156626506,0.8117469879518072,-0.004518072289156572,0.7105380405236933,0.7132480676239643,-0.0027100271002710175,0.43859649122807015,0.44802867383512546,-0.009432182607055306,0.5656108597285068,0.5656108597285068,0.0,0.49407114624505927,0.5,-0.005928853754940733,0.7868561641875846,0.7869951399363164,-0.00013897574873178442,0.5115454699383656,0.5157099019011753,-0.004164431962809689
Random Forest,all_predictors,0.1,7,10868633749952320708,0.8463855421686747,0.8478915662650602,-0.001506024096385561,0.6851340911599162,0.6950912948043508,-0.009957203644434642,0.547486033519553,0.5508021390374331,-0.003316105517880086,0.4434389140271493,0.4660633484162896,-0.022624434389140302,0.49,0.5049019607843137,-0.014901960784313717,0.7699256479744285,0.7768049475366549,-0.0068792995622263264,0.4641844234644762,0.46717463904494416,-0.0029902155804679698
Logistic Regression,all_predictors,0.1,8,16183081490396838377,0.8072289156626506,0.8079819277108434,-0.0007530120481927804,0.7105380405236933,0.7164220284736784,-0.0058839879499851255,0.43859649122807015,0.4413793103448276,-0.002782819116757429,0.5656108597285068,0.579185520361991,-0.013574660633484226,0.49407114624505927,0.5009784735812133,-0.006907327336154012,0.7868561641875846,0.7858138460720957,0.0010423181154889383,0.5115454699383656,0.5139699767410219,-0.0024245068026562677
Random Forest,all_predictors,0.1,8,16183081490396838377,0.8463855421686747,0.848644578313253,-0.0022590361445783413,0.6851340911599162,0.6937321937321937,-0.008598102572277555,0.547486033519553,0.5543478260869565,-0.006861792567403491,0.4434389140271493,0.46153846153846156,-0.018099547511312264,0.49,0.5037037037037037,-0.013703703703703662,0.7699256479744285,0.767726561126848,0.0021990868475805225,0.4641844234644762,0.45610774690053546,0.008076676563940732
Logistic Regression,all_predictors,0.1,9,16209582563065718922,0.8072289156626506,0.8057228915662651,0.001506024096385561,0.7105380405236933,0.7060131536458653,0.004524886877828038,0.43859649122807015,0.43462897526501765,0.003967515963052504,0.5656108597285068,0.5565610859728507,0.009049773755656076,0.49407114624505927,0.4880952380952381,0.005975908149821185,0.7868561641875846,0.7894721782813605,-0.002616014093775876,0.5115454699383656,0.5132660158802089,-0.0017205459418433433
Random Forest,all_predictors,0.1,9,16209582563065718922,0.8463855421686747,0.8456325301204819,0.0007530120481927804,0.6851340911599162,0.6864931922320732,-0.0013591010721569763,0.547486033519553,0.5439560439560439,0.0035299895635091394,0.4434389140271493,0.4479638009049774,-0.004524886877828094,0.49,0.4913151364764268,-0.0013151364764267814,0.7699256479744285,0.7729953770125937,-0.0030697290381651587,0.4641844234644762,0.45743826445236635,0.0067461590121098425
Logistic Regression,all_predictors,0.1,10,10464075459718648044,0.8072289156626506,0.8079819277108434,-0.0007530120481927804,0.7105380405236933,0.7109897117070718,-0.0004516711833785214,0.43859649122807015,0.44014084507042256,-0.0015443538423524084,0.5656108597285068,0.5656108597285068,0.0,0.49407114624505927,0.49504950495049505,-0.0009783587054357779,0.7868561641875846,0.788307234505226,-0.0014510703176413564,0.5115454699383656,0.5124855407045957,-0.00094007076623015
Random Forest,all_predictors,0.1,10,10464075459718648044,0.8463855421686747,0.8433734939759037,0.0030120481927710108,0.6851340911599162,0.6851381786819376,-4.087522021412049e-06,0.547486033519553,0.5351351351351351,0.012350898384417941,0.4434389140271493,0.4479638009049774,-0.004524886877828094,0.49,0.4876847290640394,0.002315270935960567,0.7699256479744285,0.7803079539091017,-0.010382305934673153,0.4641844234644762,0.4697397239536798,-0.005555300489203607
Logistic Regression,all_predictors,0.1,11,6001561719746519947,0.8072289156626506,0.8019578313253012,0.005271084337349463,0.7105380405236933,0.7073763422400439,0.003161698283649428,0.43859649122807015,0.4280821917808219,0.010514299447248243,0.5656108597285068,0.5656108597285068,0.0,0.49407114624505927,0.4873294346978557,0.006741711547203544,0.7868561641875846,0.7833204576389655,0.003535706548619122,0.5115454699383656,0.5066434730825224,0.004901996855843138
Random Forest,all_predictors,0.1,11,6001561719746519947,0.8463855421686747,0.8448795180722891,0.001506024096385561,0.6851340911599162,0.6842307487931591,0.0009033423667570428,0.547486033519553,0.5414364640883977,0.0060495694311553105,0.4434389140271493,0.4434389140271493,0.0,0.49,0.48756218905472637,0.002437810945273622,0.7699256479744285,0.7687566166762723,0.0011690312981562645,0.4641844234644762,0.4593470605551152,0.004837362909360987
Logistic Regression,all_predictors,0.1,12,6143158532091238459,0.8072289156626506,0.8057228915662651,0.001506024096385561,0.7105380405236933,0.7096346981569364,0.0009033423667569318,0.43859649122807015,0.4355400696864111,0.003056421541659027,0.5656108597285068,0.5656108597285068,0.0,0.49407114624505927,0.4921259842519685,0.0019451619930907493,0.7868561641875846,0.7822045641270893,0.0046516000604953645,0.5115454699383656,0.5055643663784559,0.005981103559909662
Random Forest,all_predictors,0.1,12,6143158532091238459,0.8463855421686747,0.848644578313253,-0.0022590361445783413,0.6851340911599162,0.6955429659877292,-0.010408874827813053,0.547486033519553,0.553763440860215,-0.006277407340661956,0.4434389140271493,0.4660633484162896,-0.022624434389140302,0.49,0.5061425061425061,-0.01614250614250612,0.7699256479744285,0.7668068686720051,0.0031187793024234356,0.4641844234644762,0.46382162135219385,0.0003628021122823455
Logistic Regression,all_predictors,0.1,13,14529799649698518733,0.8072289156626506,0.8019578313253012,0.005271084337349463,0.7105380405236933,0.7055655699845083,0.0049724705391850366,0.43859649122807015,0.42758620689655175,0.011010284331518405,0.5656108597285068,0.5610859728506787,0.004524886877828038,0.49407114624505927,0.48532289628180036,0.008748249963258903,0.7868561641875846,0.786991052414295,-0.00013488822671037237,0.5115454699383656,0.5100606116875577,0.0014848582508079078
Random Forest,all_predictors,0.1,13,14529799649698518733,0.8463855421686747,0.8448795180722891,0.001506024096385561,0.6851340911599162,0.6878522933042301,-0.0027182021443139526,0.547486033519553,0.5405405405405406,0.00694549297901248,0.4434389140271493,0.45248868778280543,-0.009049773755656132,0.49,0.49261083743842365,-0.0026108374384236632,0.7699256479744285,0.7722473604826545,-0.0023217125082259926,0.4641844234644762,0.4572470261701154,0.00693739729436077
Logistic Regression,all_predictors,0.1,14,17438802514826137112,0.8072289156626506,0.8072289156626506,0.0,0.7105380405236933,0.7141595850347644,-0.0036215445110711064,0.43859649122807015,0.43944636678200694,-0.0008498755539367853,0.5656108597285068,0.5746606334841629,-0.009049773755656076,0.49407114624505927,0.4980392156862745,-0.0039680694412152495,0.7868561641875846,0.7890225508589928,-0.002166386671408116,0.5115454699383656,0.5123300610121643,-0.0007845910737986905
Random Forest,all_predictors,0.1,14,17438802514826137112,0.8463855421686747,0.8463855421686747,0.0,0.6851340911599162,0.6869448634154517,-0.0018107722555354977,0.547486033519553,0.5469613259668509,0.000524707552702175,0.4434389140271493,0.4479638009049774,-0.004524886877828094,0.49,0.4925373134328358,-0.0025373134328358082,0.7699256479744285,0.7738660192031784,-0.003940371228749906,0.4641844234644762,0.4567466822519211,0.007437741212555082
Logistic Regression,all_predictors,0.1,15,6153735241144635941,0.8072289156626506,0.8072289156626506,0.0,0.7105380405236933,0.7105380405236933,0.0,0.43859649122807015,0.43859649122807015,0.0,0.5656108597285068,0.5656108597285068,0.0,0.49407114624505927,0.49407114624505927,0.0,0.7868561641875846,0.7836515469227091,0.003204617264875531,0.5115454699383656,0.5031516161465283,0.008393853791837325
Random Forest,all_predictors,0.1,15,6153735241144635941,0.8463855421686747,0.8426204819277109,0.003765060240963791,0.6851340911599162,0.6846865074985592,0.00044758366135699834,0.547486033519553,0.532258064516129,0.015227969003424047,0.4434389140271493,0.4479638009049774,-0.004524886877828094,0.49,0.4864864864864865,0.0035135135135134776,0.7699256479744285,0.7698398100119764,8.583796245209552e-05,0.4641844234644762,0.46477007249358954,-0.0005856490291133443
Logistic Regression,all_predictors,0.1,16,13036632237368670322,0.8072289156626506,0.8109939759036144,-0.003765060240963791,0.7105380405236933,0.7218502577182635,-0.011312217194570207,0.43859649122807015,0.4482758620689655,-0.009679370840895374,0.5656108597285068,0.5882352941176471,-0.022624434389140302,0.49407114624505927,0.5088062622309197,-0.01473511598586047,0.7868561641875846,0.7879107448691379,-0.0010545806815532854,0.5115454699383656,0.514134491251258,-0.0025890213128924033
Random Forest,all_predictors,0.1,16,13036632237368670322,0.8463855421686747,0.8441265060240963,0.0022590361445783413,0.6851340911599162,0.6837790776097806,0.0013550135501355642,0.547486033519553,0.5384615384615384,0.009024495058014614,0.4434389140271493,0.4434389140271493,0.0,0.49,0.48635235732009924,0.0036476426799007533,0.7699256479744285,0.7600461072484028,0.009879540726025704,0.4641844234644762,0.4648069075077021,-0.0006224840432259016
Logistic Regression,all_predictors,0.1,17,8148195970178208238,0.8072289156626506,0.8087349397590361,-0.0015060240963854499,0.7105380405236933,0.7150629274015213,-0.004524886877828038,0.43859649122807015,0.4425087108013937,-0.00391221957332355,0.5656108597285068,0.5746606334841629,-0.009049773755656076,0.49407114624505927,0.5,-0.005928853754940733,0.7868561641875846,0.7841175244331628,0.00273863975442179,0.5115454699383656,0.5123124204650297,-0.0007669505266640897
Random Forest,all_predictors,0.1,17,8148195970178208238,0.8463855421686747,0.8396084337349398,0.006777108433734913,0.6851340911599162,0.6738259614873675,0.011308129672548684,0.547486033519553,0.5222222222222223,0.025263811297330796,0.4434389140271493,0.4253393665158371,0.01809954751131221,0.49,0.4688279301745636,0.0211720698254364,0.7699256479744285,0.7706941021144751,-0.0007684541400465594,0.4641844234644762,0.466988409141133,-0.002803985676656795
Logistic Regression,all_predictors,0.1,18,2197944313421420816,0.8072289156626506,0.8087349397590361,-0.0015060240963854499,0.7105380405236933,0.7168736996570569,-0.006335659133363647,0.43859649122807015,0.4429065743944637,-0.00431008316639353,0.5656108597285068,0.579185520361991,-0.013574660633484226,0.49407114624505927,0.5019607843137255,-0.007889638068666216,0.7868561641875846,0.7889367128965408,-0.0020805487089561314,0.5115454699383656,0.5141527516139754,-0.0026072816756098627
Random Forest,all_predictors,0.1,18,2197944313421420816,0.8463855421686747,0.8501506024096386,-0.0037650602409639022,0.6851340911599162,0.6946355360989507,-0.009501444939034487,0.547486033519553,0.5604395604395604,-0.012953526920007397,0.4434389140271493,0.46153846153846156,-0.018099547511312264,0.49,0.5062034739454094,-0.01620347394540944,0.7699256479744285,0.7785789320939968,-0.008653284119568228,0.4641844234644762,0.46990565211133706,-0.005721228646860865
Logistic Regression,all_predictors,0.1,19,7947300636253224601,0.8072289156626506,0.8057228915662651,0.001506024096385561,0.7105380405236933,0.7096346981569364,0.0009033423667569318,0.43859649122807015,0.4355400696864111,0.003056421541659027,0.5656108597285068,0.5656108597285068,0.0,0.49407114624505927,0.4921259842519685,0.0019451619930907493,0.7868561641875846,0.7882377466308599,-0.0013815824432752422,0.5115454699383656,0.5100052134339853,0.0015402565043802774
Random Forest,all_predictors,0.1,19,7947300636253224601,0.8463855421686747,0.8463855421686747,0.0,0.6851340911599162,0.6905664079265227,-0.005432316766606493,0.547486033519553,0.5459459459459459,0.0015400875736071296,0.4434389140271493,0.45701357466063347,-0.01357466063348417,0.49,0.4975369458128079,-0.007536945812807894,0.7699256479744285,0.766308190985379,0.0036174569890495833,0.4641844234644762,0.45752978172655306,0.006654641737923128
Logistic Regression,all_predictors,0.1,20,16283505730690399031,0.8072289156626506,0.8117469879518072,-0.004518072289156572,0.7105380405236933,0.7114372953684288,-0.0008992548447355198,0.43859649122807015,0.44765342960288806,-0.009056938374817913,0.5656108597285068,0.5610859728506787,0.004524886877828038,0.49407114624505927,0.4979919678714859,-0.0039208216264266516,0.7868561641875846,0.7887650369716366,-0.0019088727840519404,0.5115454699383656,0.5069959255392633,0.004549544399102268
Random Forest,all_predictors,0.1,20,16283505730690399031,0.8463855421686747,0.8441265060240963,0.0022590361445783413,0.6851340911599162,0.6874006221208516,-0.002266530960935431,0.547486033519553,0.5376344086021505,0.009851624917402546,0.4434389140271493,0.45248868778280543,-0.009049773755656132,0.49,0.4914004914004914,-0.0014004914004914215,0.7699256479744285,0.7754519777475302,-0.005526329773101635,0.4641844234644762,0.47144232706586814,-0.007257903601391946
Logistic Regression,all_predictors,0.1,21,10613906449151290694,0.8072289156626506,0.8049698795180723,0.0022590361445783413,0.7105380405236933,0.7109937992290933,-0.0004557587054000445,0.43859649122807015,0.43448275862068964,0.004113732607380516,0.5656108597285068,0.5701357466063348,-0.004524886877828038,0.49407114624505927,0.4931506849315068,0.0009204613135524453,0.7868561641875846,0.7880783332720205,-0.0012221690844358424,0.5115454699383656,0.5125867303053102,-0.0010412603669446296
Random Forest,all_predictors,0.1,21,10613906449151290694,0.8463855421686747,0.8396084337349398,0.006777108433734913,0.6851340911599162,0.675636733742903,0.009497357417013186,0.547486033519553,0.521978021978022,0.02550801154153104,0.4434389140271493,0.4298642533936652,0.013574660633484115,0.49,0.47146401985111663,0.018535980148883358,0.7699256479744285,0.7695741210805773,0.00035152689385120617,0.4641844234644762,0.4683007416682352,-0.004116318203759017
Logistic Regression,all_predictors,0.1,22,7853032356782792585,0.8072289156626506,0.8072289156626506,0.0,0.7105380405236933,0.7105380405236933,0.0,0.43859649122807015,0.43859649122807015,0.0,0.5656108597285068,0.5656108597285068,0.0,0.49407114624505927,0.49407114624505927,0.0,0.7868561641875846,0.7839417609862374,0.002914403201347282,0.5115454699383656,0.5020568593001211,0.009488610638244466
Random Forest,all_predictors,0.1,22,7853032356782792585,0.8463855421686747,0.8426204819277109,0.003765060240963791,0.6851340911599162,0.6810649629874881,0.004069128172428105,0.547486033519553,0.532967032967033,0.01451900055252009,0.4434389140271493,0.43891402714932126,0.004524886877828038,0.49,0.4813895781637717,0.008610421836228288,0.7699256479744285,0.7752721267785829,-0.005346478804154398,0.4641844234644762,0.469790728382693,-0.005606304918216787
Logistic Regression,all_predictors,0.1,23,7208642841689545536,0.8072289156626506,0.7989457831325302,0.008283132530120474,0.7105380405236933,0.7019481129954588,0.008589927528234509,0.43859649122807015,0.4212328767123288,0.017363614515741366,0.5656108597285068,0.5565610859728507,0.009049773755656076,0.49407114624505927,0.47953216374269003,0.014538982502369235,0.7868561641875846,0.790363258082053,-0.0035070938944683494,0.5115454699383656,0.5126327704472221,-0.0010873005088565257
Random Forest,all_predictors,0.1,23,7208642841689545536,0.8463855421686747,0.8501506024096386,-0.0037650602409639022,0.6851340911599162,0.6910139915878797,-0.0058799004279634914,0.547486033519553,0.5617977528089888,-0.014311719289435754,0.4434389140271493,0.45248868778280543,-0.009049773755656132,0.49,0.5012531328320802,-0.011253132832080182,0.7699256479744285,0.7724272114516018,-0.00250156347717323,0.4641844234644762,0.4609913747569854,0.00319304870749082
Logistic Regression,all_predictors,0.1,24,7705255420227426788,0.8072289156626506,0.8042168674698795,0.003012048192771122,0.7105380405236933,0.7087313557901793,0.0018066847335139746,0.43859649122807015,0.43252595155709345,0.0060705396709767045,0.5656108597285068,0.5656108597285068,0.0,0.49407114624505927,0.49019607843137253,0.003875067813686739,0.7868561641875846,0.785715745543579,0.001140418644005603,0.5115454699383656,0.5097738011530331,0.0017716687853325253
Random Forest,all_predictors,0.1,24,7705255420227426788,0.8463855421686747,0.8418674698795181,0.004518072289156572,0.6851340911599162,0.6842348363151807,0.0008992548447355198,0.547486033519553,0.5294117647058824,0.01807426881367069,0.4434389140271493,0.4479638009049774,-0.004524886877828094,0.49,0.4852941176470588,0.004705882352941171,0.7699256479744285,0.7653925860525573,0.004533061921871195,0.4641844234644762,0.4649428518422422,-0.0007584283777660183
Logistic Regression,all_predictors,0.1,25,15914493060777350100,0.8072289156626506,0.802710843373494,0.004518072289156683,0.7105380405236933,0.7060172411678868,0.004520799355806515,0.43859649122807015,0.4290657439446367,0.00953074728343345,0.5656108597285068,0.5610859728506787,0.004524886877828038,0.49407114624505927,0.48627450980392156,0.007796636441137705,0.7868561641875846,0.7857934084619882,0.0010627557255964426,0.5115454699383656,0.5079422334271472,0.0036032365112184106
Random Forest,all_predictors,0.1,25,15914493060777350100,0.8463855421686747,0.8426204819277109,0.003765060240963791,0.6851340911599162,0.6792541907319526,0.0058799004279636025,0.547486033519553,0.5333333333333333,0.014152700186219724,0.4434389140271493,0.4343891402714932,0.009049773755656076,0.49,0.47880299251870323,0.011197007481296761,0.7699256479744285,0.7668354813261558,0.003090166648272774,0.4641844234644762,0.4565477488530046,0.0076366746114716055
Logistic Regression,all_predictors,0.1,26,8783573708115332544,0.8072289156626506,0.802710843373494,0.004518072289156683,0.7105380405236933,0.7096387856789579,0.0008992548447354087,0.43859649122807015,0.4300341296928328,0.008562361535237373,0.5656108597285068,0.5701357466063348,-0.004524886877828038,0.49407114624505927,0.490272373540856,0.003798772704203257,0.7868561641875846,0.7867989388792832,5.722530830143402e-05,0.5115454699383656,0.5087558364928704,0.00278963344549521
Random Forest,all_predictors,0.1,26,8783573708115332544,0.8463855421686747,0.8433734939759037,0.0030120481927710108,0.6851340911599162,0.6869489509374732,-0.0018148597775570208,0.547486033519553,0.5347593582887701,0.012726675230782969,0.4434389140271493,0.45248868778280543,-0.009049773755656132,0.49,0.49019607843137253,-0.00019607843137253722,0.7699256479744285,0.7701586367296553,-0.00023298875522681506,0.4641844234644762,0.4554975978749878,0.008686825589488412
Logistic Regression,all_predictors,0.1,27,5489393038948492041,0.8072289156626506,0.8079819277108434,-0.0007530120481927804,0.7105380405236933,0.7109897117070718,-0.0004516711833785214,0.43859649122807015,0.44014084507042256,-0.0015443538423524084,0.5656108597285068,0.5656108597285068,0.0,0.49407114624505927,0.49504950495049505,-0.0009783587054357779,0.7868561641875846,0.7854091813919648,0.0014469827956198333,0.5115454699383656,0.5108780081191124,0.0006674618192531456
Random Forest,all_predictors,0.1,27,5489393038948492041,0.8463855421686747,0.8411144578313253,0.005271084337349352,0.6851340911599162,0.6819723928762667,0.003161698283649539,0.547486033519553,0.5268817204301075,0.020604313089445547,0.4434389140271493,0.4434389140271493,0.0,0.49,0.48157248157248156,0.008427518427518432,0.7699256479744285,0.7686094658834974,0.001316182090931095,0.4641844234644762,0.4559868671901701,0.008197556274306073
Logistic Regression,all_predictors,0.1,28,6876276181774028827,0.8072289156626506,0.8072289156626506,0.0,0.7105380405236933,0.7141595850347644,-0.0036215445110711064,0.43859649122807015,0.43944636678200694,-0.0008498755539367853,0.5656108597285068,0.5746606334841629,-0.009049773755656076,0.49407114624505927,0.4980392156862745,-0.0039680694412152495,0.7868561641875846,0.7856585202352778,0.001197643952306815,0.5115454699383656,0.5142786308593925,-0.0027331609210269336
Random Forest,all_predictors,0.1,28,6876276181774028827,0.8463855421686747,0.8441265060240963,0.0022590361445783413,0.6851340911599162,0.6928329388874583,-0.007698847727542146,0.547486033519553,0.5364583333333334,0.01102770018621968,0.4434389140271493,0.4660633484162896,-0.022624434389140302,0.49,0.49878934624697335,-0.008789346246973362,0.7699256479744285,0.7742379837071374,-0.0043123357327088385,0.4641844234644762,0.46589802367902106,-0.0017136002145448637
Logistic Regression,all_predictors,0.1,29,5896172998949079720,0.8072289156626506,0.8042168674698795,0.003012048192771122,0.7105380405236933,0.7032990390235727,0.007239001500120579,0.43859649122807015,0.43109540636042404,0.007501084867646113,0.5656108597285068,0.5520361990950227,0.013574660633484115,0.49407114624505927,0.48412698412698413,0.00994416211807514,0.7868561641875846,0.7849759040576831,0.001880260129901501,0.5115454699383656,0.5091661063607498,0.0023793635776158117
Random Forest,all_predictors,0.1,29,5896172998949079720,0.8463855421686747,0.8358433734939759,0.010542168674698815,0.6851340911599162,0.671567605570475,0.01356648558944118,0.547486033519553,0.5081081081081081,0.039377925411444914,0.4434389140271493,0.4253393665158371,0.01809954751131221,0.49,0.4630541871921182,0.026945812807881775,0.7699256479744285,0.7639210781248084,0.006004569849620167,0.4641844234644762,0.4464482793576571,0.01773614410681912
Logistic Regression,all_predictors,0.2,0,2986439639401666119,0.8072289156626506,0.8034638554216867,0.0037650602409639022,0.7105380405236933,0.7064689123512653,0.004069128172427994,0.43859649122807015,0.4305555555555556,0.00804093567251457,0.5656108597285068,0.5610859728506787,0.004524886877828038,0.49407114624505927,0.48722986247544203,0.006841283769617235,0.7868561641875846,0.7752435141244323,0.011612650063152374,0.5115454699383656,0.502135338868294,0.009410131070071603
Random Forest,all_predictors,0.2,0,2986439639401666119,0.8463855421686747,0.8381024096385542,0.008283132530120474,0.6851340911599162,0.6801657081427526,0.0049683830171636245,0.547486033519553,0.5157894736842106,0.031696559835342475,0.4434389140271493,0.4434389140271493,0.0,0.49,0.4768856447688564,0.01311435523114357,0.7699256479744285,0.7737147808883821,-0.0037891329139535523,0.4641844234644762,0.4740017471960635,-0.009817323731587335
Logistic Regression,all_predictors,0.2,1,11865787698908629853,0.8072289156626506,0.8072289156626506,0.0,0.7105380405236933,0.7177811295458354,-0.007243089022142102,0.43859649122807015,0.4402730375426621,-0.0016765463145919646,0.5656108597285068,0.583710407239819,-0.018099547511312264,0.49407114624505927,0.5019455252918288,-0.00787437904676952,0.7868561641875846,0.7777900403438425,0.009066123843742169,0.5115454699383656,0.5059936635177138,0.005551806420651784
Random Forest,all_predictors,0.2,1,11865787698908629853,0.8463855421686747,0.8478915662650602,-0.001506024096385561,0.6851340911599162,0.6878482057822086,-0.0027141146222924295,0.547486033519553,0.553072625698324,-0.005586592178770999,0.4434389140271493,0.4479638009049774,-0.004524886877828094,0.49,0.495,-0.0050000000000000044,0.7699256479744285,0.7594820292094324,0.01044361876499611,0.4641844234644762,0.4482497750428453,0.015934648421630893
Logistic Regression,all_predictors,0.2,2,15253876127210766412,0.8072289156626506,0.7929216867469879,0.014307228915662717,0.7105380405236933,0.7037670602950373,0.006770980228655965,0.43859649122807015,0.4117647058823529,0.02683178534571723,0.5656108597285068,0.5701357466063348,-0.004524886877828038,0.49407114624505927,0.4781783681214421,0.01589277812361717,0.7868561641875846,0.7825152158007253,0.004340948386859389,0.5115454699383656,0.4958364460847745,0.015709023853591075
Random Forest,all_predictors,0.2,2,15253876127210766412,0.8463855421686747,0.8237951807228916,0.02259036144578308,0.6851340911599162,0.660719322125348,0.024414769034568184,0.547486033519553,0.467005076142132,0.08048095737742106,0.4434389140271493,0.416289592760181,0.027149321266968285,0.49,0.44019138755980863,0.04980861244019136,0.7699256479744285,0.7643747930691976,0.005550854905230884,0.4641844234644762,0.4502619368643913,0.013922486600084882
Logistic Regression,all_predictors,0.2,3,6039583234580174484,0.8072289156626506,0.8004518072289156,0.006777108433735024,0.7105380405236933,0.7028514553622158,0.007686585161477466,0.43859649122807015,0.4241379310344828,0.014458560193587378,0.5656108597285068,0.5565610859728507,0.009049773755656076,0.49407114624505927,0.48140900195694714,0.012662144288112132,0.7868561641875846,0.7804019669155968,0.006454197271987816,0.5115454699383656,0.5065638582477535,0.0049816116906120644
Random Forest,all_predictors,0.2,3,6039583234580174484,0.8463855421686747,0.8448795180722891,0.001506024096385561,0.6851340911599162,0.6878522933042301,-0.0027182021443139526,0.547486033519553,0.5405405405405406,0.00694549297901248,0.4434389140271493,0.45248868778280543,-0.009049773755656132,0.49,0.49261083743842365,-0.0026108374384236632,0.7699256479744285,0.7629850355818792,0.0069406123925492835,0.4641844234644762,0.4592953324264435,0.0048890910380327
Logistic Regression,all_predictors,0.2,4,15579352559459820180,0.8072289156626506,0.8012048192771084,0.006024096385542244,0.7105380405236933,0.7105462155677363,-8.175044043046142e-06,0.43859649122807015,0.4276094276094276,0.010987063618642545,0.5656108597285068,0.5746606334841629,-0.009049773755656076,0.49407114624505927,0.49034749034749037,0.0037236558975689005,0.7868561641875846,0.7804101419596398,0.006446022227944881,0.5115454699383656,0.5066587526824966,0.0048867172558689775
Random Forest,all_predictors,0.2,4,15579352559459820180,0.8463855421686747,0.8358433734939759,0.010542168674698815,0.6851340911599162,0.6751891500815461,0.009944941078370073,0.547486033519553,0.5079365079365079,0.03954952558304514,0.4434389140271493,0.4343891402714932,0.009049773755656076,0.49,0.4682926829268293,0.021707317073170695,0.7699256479744285,0.768225238813474,0.0017004091609544858,0.4641844234644762,0.4510065164785573,0.013177906985918919
Logistic Regression,all_predictors,0.2,5,15879150951454429245,0.8072289156626506,0.8012048192771084,0.006024096385542244,0.7105380405236933,0.7105462155677363,-8.175044043046142e-06,0.43859649122807015,0.4276094276094276,0.010987063618642545,0.5656108597285068,0.5746606334841629,-0.009049773755656076,0.49407114624505927,0.49034749034749037,0.0037236558975689005,0.7868561641875846,0.779118485000838,0.0077376791867466155,0.5115454699383656,0.4942749889623978,0.017270480975967784
Random Forest,all_predictors,0.2,5,15879150951454429245,0.8463855421686747,0.8358433734939759,0.010542168674698815,0.6851340911599162,0.6788106945926171,0.006323396567299078,0.547486033519553,0.5077720207253886,0.03971401279416442,0.4434389140271493,0.4434389140271493,0.0,0.49,0.47342995169082125,0.016570048309178742,0.7699256479744285,0.7744505348522566,-0.004524886877828038,0.4641844234644762,0.4477572855941095,0.016427137870366704
Logistic Regression,all_predictors,0.2,6,16929018099309174185,0.8072289156626506,0.8057228915662651,0.001506024096385561,0.7105380405236933,0.7078239259014008,0.0027141146222925405,0.43859649122807015,0.43508771929824563,0.003508771929824517,0.5656108597285068,0.5610859728506787,0.004524886877828038,0.49407114624505927,0.4901185770750988,0.0039525691699604515,0.7868561641875846,0.7848900660952312,0.0019660980923534854,0.5115454699383656,0.5124470521417279,-0.0009015822033623389
Random Forest,all_predictors,0.2,6,16929018099309174185,0.8463855421686747,0.8441265060240963,0.0022590361445783413,0.6851340911599162,0.6837790776097806,0.0013550135501355642,0.547486033519553,0.5384615384615384,0.009024495058014614,0.4434389140271493,0.4434389140271493,0.0,0.49,0.48635235732009924,0.0036476426799007533,0.7699256479744285,0.7723413734891497,-0.0024157255147211343,0.4641844234644762,0.4685545499197904,-0.004370126455314205
Logistic Regression,all_predictors,0.2,7,16608437204649026625,0.8072289156626506,0.8117469879518072,-0.004518072289156572,0.7105380405236933,0.7186803843905709,-0.008142343866877622,0.43859649122807015,0.44912280701754387,-0.010526315789473717,0.5656108597285068,0.579185520361991,-0.013574660633484226,0.49407114624505927,0.5059288537549407,-0.01185770750988141,0.7868561641875846,0.7838640980678284,0.0029920661197562204,0.5115454699383656,0.5165093130334397,-0.004963843095074139
Random Forest,all_predictors,0.2,7,16608437204649026625,0.8463855421686747,0.8433734939759037,0.0030120481927710108,0.6851340911599162,0.6905704954485443,-0.005436404288628127,0.547486033519553,0.5340314136125655,0.013454619906987597,0.4434389140271493,0.46153846153846156,-0.018099547511312264,0.49,0.49514563106796117,-0.005145631067961176,0.7699256479744285,0.7829362305689422,-0.013010582594513709,0.4641844234644762,0.48891172265472976,-0.02472729919025357
Logistic Regression,all_predictors,0.2,8,530140715916125646,0.8072289156626506,0.8049698795180723,0.0022590361445783413,0.7105380405236933,0.7200476605067709,-0.009509619983077644,0.43859649122807015,0.43666666666666665,0.0019298245614035037,0.5656108597285068,0.5927601809954751,-0.02714932126696834,0.49407114624505927,0.5028790786948176,-0.00880793244975836,0.7868561641875846,0.7822658769574121,0.004590287230172518,0.5115454699383656,0.5101404318030179,0.001405038135347647
Random Forest,all_predictors,0.2,8,530140715916125646,0.8463855421686747,0.8426204819277109,0.003765060240963791,0.6851340911599162,0.6792541907319526,0.0058799004279636025,0.547486033519553,0.5333333333333333,0.014152700186219724,0.4434389140271493,0.4343891402714932,0.009049773755656076,0.49,0.47880299251870323,0.011197007481296761,0.7699256479744285,0.7705387762776572,-0.0006131283032286827,0.4641844234644762,0.46538010681307035,-0.0011956833485941565
Logistic Regression,all_predictors,0.2,9,3892110799896808049,0.8072289156626506,0.7974397590361446,0.009789156626506035,0.7105380405236933,0.7064770873953083,0.004060953128384948,0.43859649122807015,0.42,0.018596491228070167,0.5656108597285068,0.5701357466063348,-0.004524886877828038,0.49407114624505927,0.4836852207293666,0.010385925515692673,0.7868561641875846,0.7888263498019596,-0.0019701856143750085,0.5115454699383656,0.5091703634775306,0.0023751064608349415
Random Forest,all_predictors,0.2,9,3892110799896808049,0.8463855421686747,0.8403614457831325,0.0060240963855421326,0.6851340911599162,0.677899177181817,0.007234913978099167,0.547486033519553,0.5245901639344263,0.022895869585126793,0.4434389140271493,0.4343891402714932,0.009049773755656076,0.49,0.4752475247524752,0.014752475247524766,0.7699256479744285,0.7660138893998292,0.0039117585745993555,0.4641844234644762,0.4500973439003983,0.014087079564077898
Logistic Regression,all_predictors,0.2,10,2790259206258077255,0.8072289156626506,0.8079819277108434,-0.0007530120481927804,0.7105380405236933,0.7164220284736784,-0.0058839879499851255,0.43859649122807015,0.4413793103448276,-0.002782819116757429,0.5656108597285068,0.579185520361991,-0.013574660633484226,0.49407114624505927,0.5009784735812133,-0.006907327336154012,0.7868561641875846,0.7876082682395452,-0.0007521040519605782,0.5115454699383656,0.5096057327847893,0.0019397371535763153
Random Forest,all_predictors,0.2,10,2790259206258077255,0.8463855421686747,0.8411144578313253,0.005271084337349352,0.6851340911599162,0.6783508483651955,0.006783242794720645,0.547486033519553,0.5274725274725275,0.020013506047025564,0.4434389140271493,0.4343891402714932,0.009049773755656076,0.49,0.47642679900744417,0.013573200992555823,0.7699256479744285,0.7832795824187502,-0.013353934444321647,0.4641844234644762,0.4715276937396201,-0.0073432702751439205
Logistic Regression,all_predictors,0.2,11,12032571625894179099,0.8072289156626506,0.7966867469879518,0.010542168674698815,0.7105380405236933,0.7096469607230009,0.0008910798006923626,0.43859649122807015,0.419672131147541,0.018924360080529168,0.5656108597285068,0.579185520361991,-0.013574660633484226,0.49407114624505927,0.4866920152091255,0.007379131035933795,0.7868561641875846,0.7771237742543338,0.009732389933250873,0.5115454699383656,0.4959222358542851,0.015623234084080506
Random Forest,all_predictors,0.2,11,12032571625894179099,0.8463855421686747,0.8433734939759037,0.0030120481927710108,0.6851340911599162,0.6905704954485443,-0.005436404288628127,0.547486033519553,0.5340314136125655,0.013454619906987597,0.4434389140271493,0.46153846153846156,-0.018099547511312264,0.49,0.49514563106796117,-0.005145631067961176,0.7699256479744285,0.7694760205520607,0.0004496274223678709,0.4641844234644762,0.45587326840741305,0.008311155057063147
Logistic Regression,all_predictors,0.2,12,6379848930510579892,0.8072289156626506,0.7981927710843374,0.009036144578313254,0.7105380405236933,0.7033072140676158,0.007230826456077533,0.43859649122807015,0.42033898305084744,0.018257508177222714,0.5656108597285068,0.5610859728506787,0.004524886877828038,0.49407114624505927,0.4806201550387597,0.013450991206299556,0.7868561641875846,0.7753661397850781,0.011490024402506571,0.5115454699383656,0.49705767761500863,0.014487792323356952
Random Forest,all_predictors,0.2,12,6379848930510579892,0.8463855421686747,0.8411144578313253,0.005271084337349352,0.6851340911599162,0.6855939373873376,-0.00045984622742145653,0.547486033519553,0.5263157894736842,0.02117024404586887,0.4434389140271493,0.45248868778280543,-0.009049773755656132,0.49,0.48661800486618007,0.003381995133819926,0.7699256479744285,0.7656868876381071,0.004238760336321423,0.4641844234644762,0.4622830093571705,0.00190141410730571
Logistic Regression,all_predictors,0.2,13,10490344033529567568,0.8072289156626506,0.802710843373494,0.004518072289156683,0.7105380405236933,0.7114495579344933,-0.0009115174107999779,0.43859649122807015,0.43050847457627117,0.00808801665179898,0.5656108597285068,0.5746606334841629,-0.009049773755656076,0.49407114624505927,0.49224806201550386,0.001823084229555405,0.7868561641875846,0.7844690513270139,0.002387112860570695,0.5115454699383656,0.5037717909176823,0.007773679020683266
Random Forest,all_predictors,0.2,13,10490344033529567568,0.8463855421686747,0.8373493975903614,0.009036144578313254,0.6851340911599162,0.676092492448303,0.009041598711613141,0.547486033519553,0.5133689839572193,0.034117049562333746,0.4434389140271493,0.4343891402714932,0.009049773755656076,0.49,0.47058823529411764,0.01941176470588235,0.7699256479744285,0.7680249502344195,0.0019006977400090053,0.4641844234644762,0.45713491667021783,0.0070495067942583645
Logistic Regression,all_predictors,0.2,14,8122073319425729616,0.8072289156626506,0.8042168674698795,0.003012048192771122,0.7105380405236933,0.7159744448123214,-0.005436404288628127,0.43859649122807015,0.43434343434343436,0.004253056884635786,0.5656108597285068,0.583710407239819,-0.018099547511312264,0.49407114624505927,0.4980694980694981,-0.003998351824438806,0.7868561641875846,0.788581098480668,-0.0017249342930834022,0.5115454699383656,0.5077588293429504,0.003786640595415225
Random Forest,all_predictors,0.2,14,8122073319425729616,0.8463855421686747,0.8418674698795181,0.004518072289156572,0.6851340911599162,0.6878563808262517,-0.0027222896663354756,0.547486033519553,0.5287958115183246,0.018690222001228496,0.4434389140271493,0.45701357466063347,-0.01357466063348417,0.49,0.49029126213592233,-0.0002912621359223433,0.7699256479744285,0.7821391637747448,-0.012213515800316266,0.4641844234644762,0.4569830144363336,0.007201409028142591
Logistic Regression,all_predictors,0.2,15,1065114953457450367,0.8072289156626506,0.802710843373494,0.004518072289156683,0.7105380405236933,0.7060172411678868,0.004520799355806515,0.43859649122807015,0.4290657439446367,0.00953074728343345,0.5656108597285068,0.5610859728506787,0.004524886877828038,0.49407114624505927,0.48627450980392156,0.007796636441137705,0.7868561641875846,0.7781783549358873,0.008677809251697366,0.5115454699383656,0.4949695844291723,0.016575885509193256
Random Forest,all_predictors,0.2,15,1065114953457450367,0.8463855421686747,0.8418674698795181,0.004518072289156572,0.6851340911599162,0.6824240640596451,0.0027100271002711285,0.547486033519553,0.5297297297297298,0.01775630378982329,0.4434389140271493,0.4434389140271493,0.0,0.49,0.4827586206896552,0.007241379310344798,0.7699256479744285,0.761644328358819,0.008281319615609517,0.4641844234644762,0.45074843440652035,0.013435989057955844
Logistic Regression,all_predictors,0.2,16,10354378251547172922,0.8072289156626506,0.8109939759036144,-0.003765060240963791,0.7105380405236933,0.723661029973799,-0.013122989450105704,0.43859649122807015,0.4486301369863014,-0.010033645758231236,0.5656108597285068,0.5927601809954751,-0.02714932126696834,0.49407114624505927,0.5107212475633528,-0.01665010131829353,0.7868561641875846,0.7870646278106823,-0.00020846362309767663,0.5115454699383656,0.514299092472886,-0.0027536225345203835
Random Forest,all_predictors,0.2,16,10354378251547172922,0.8463855421686747,0.8373493975903614,0.009036144578313254,0.6851340911599162,0.6779032647038385,0.007230826456077644,0.547486033519553,0.5132275132275133,0.034258520292039796,0.4434389140271493,0.43891402714932126,0.004524886877828038,0.49,0.47317073170731705,0.016829268292682942,0.7699256479744285,0.757524106161122,0.01240154181330655,0.4641844234644762,0.46248126599404105,0.001703157470435146
Logistic Regression,all_predictors,0.2,17,16758854784431919712,0.8072289156626506,0.8049698795180723,0.0022590361445783413,0.7105380405236933,0.7091830269735578,0.0013550135501354532,0.43859649122807015,0.4340277777777778,0.004568713450292361,0.5656108597285068,0.5656108597285068,0.0,0.49407114624505927,0.4911591355599214,0.0029120106851378558,0.7868561641875846,0.7785748445719751,0.008281319615609517,0.5115454699383656,0.5068198072861596,0.004725662652205975
Random Forest,all_predictors,0.2,17,16758854784431919712,0.8463855421686747,0.8493975903614458,-0.003012048192771122,0.6851340911599162,0.6905623204045012,-0.00542822924458497,0.547486033519553,0.5586592178770949,-0.011173184357541888,0.4434389140271493,0.45248868778280543,-0.009049773755656132,0.49,0.5,-0.010000000000000009,0.7699256479744285,0.7677633488250418,0.002162299149386704,0.4641844234644762,0.47902201874065203,-0.014837595276175841
Logistic Regression,all_predictors,0.2,18,2899541820024329619,0.8072289156626506,0.8034638554216867,0.0037650602409639022,0.7105380405236933,0.7155227736289429,-0.004984733105249606,0.43859649122807015,0.43288590604026844,0.005710585187801709,0.5656108597285068,0.583710407239819,-0.018099547511312264,0.49407114624505927,0.49710982658959535,-0.003038680344536082,0.7868561641875846,0.7877635940763631,-0.0009074298887784549,0.5115454699383656,0.5108986207297147,0.0006468492086508792
Random Forest,all_predictors,0.2,18,2899541820024329619,0.8463855421686747,0.8433734939759037,0.0030120481927710108,0.6851340911599162,0.6833274064264021,0.0018066847335140857,0.547486033519553,0.5355191256830601,0.011966907836492902,0.4434389140271493,0.4434389140271493,0.0,0.49,0.48514851485148514,0.004851485148514856,0.7699256479744285,0.7719285337649757,-0.002002885790547193,0.4641844234644762,0.4665552090173469,-0.00237078555287068
Logistic Regression,all_predictors,0.2,19,15320002664826546859,0.8072289156626506,0.8012048192771084,0.006024096385542244,0.7105380405236933,0.712356987823272,-0.0018189472995786549,0.43859649122807015,0.4280936454849498,0.010502845743120326,0.5656108597285068,0.579185520361991,-0.013574660633484226,0.49407114624505927,0.49230769230769234,0.0017634539373669322,0.7868561641875846,0.7866068253442715,0.0002493388433131294,0.5115454699383656,0.5042399622658086,0.007305507672556999
Random Forest,all_predictors,0.2,19,15320002664826546859,0.8463855421686747,0.8350903614457831,0.011295180722891596,0.6851340911599162,0.6801697956647742,0.00496429549514199,0.547486033519553,0.5051020408163265,0.04238399270322657,0.4434389140271493,0.4479638009049774,-0.004524886877828094,0.49,0.4748201438848921,0.015179856115107915,0.7699256479744285,0.7596455300902933,0.010280117884135187,0.4641844234644762,0.44616791717093013,0.018016506293546064
Logistic Regression,all_predictors,0.2,20,16762416876222514498,0.8072289156626506,0.8042168674698795,0.003012048192771122,0.7105380405236933,0.7105421280457148,-4.087522021523071e-06,0.43859649122807015,0.4329896907216495,0.0056068005064206505,0.5656108597285068,0.5701357466063348,-0.004524886877828038,0.49407114624505927,0.4921875,0.0018836462450592673,0.7868561641875846,0.7875796555853944,-0.0007234913978098056,0.5115454699383656,0.5023675841350407,0.009177885803324903
Random Forest,all_predictors,0.2,20,16762416876222514498,0.8463855421686747,0.8381024096385542,0.008283132530120474,0.6851340911599162,0.6783549358872171,0.006779155272699122,0.547486033519553,0.5159574468085106,0.03152858671104242,0.4434389140271493,0.43891402714932126,0.004524886877828038,0.49,0.4743276283618582,0.01567237163814178,0.7699256479744285,0.7789304589878477,-0.009004811013419212,0.4641844234644762,0.46676762751283085,-0.0025832040483546592
Logistic Regression,all_predictors,0.2,21,10748689029521725595,0.8072289156626506,0.8072289156626506,0.0,0.7105380405236933,0.7214026740569065,-0.010864633533213208,0.43859649122807015,0.44107744107744107,-0.002480949849370917,0.5656108597285068,0.5927601809954751,-0.02714932126696834,0.49407114624505927,0.5057915057915058,-0.011720359546446513,0.7868561641875846,0.787342579308146,-0.0004864151205613565,0.5115454699383656,0.5129776761552548,-0.0014322062168892202
Random Forest,all_predictors,0.2,21,10748689029521725595,0.8463855421686747,0.8411144578313253,0.005271084337349352,0.6851340911599162,0.680161620620731,0.004972470539185148,0.547486033519553,0.5271739130434783,0.02031212047607478,0.4434389140271493,0.43891402714932126,0.004524886877828038,0.49,0.47901234567901235,0.010987654320987639,0.7699256479744285,0.7652127350836102,0.0047129128908183215,0.4641844234644762,0.4645102158655044,-0.00032579240102820206
Logistic Regression,all_predictors,0.2,22,4084654094418620746,0.8072289156626506,0.8042168674698795,0.003012048192771122,0.7105380405236933,0.7177852170678569,-0.007247176544163625,0.43859649122807015,0.43478260869565216,0.0038138825324179892,0.5656108597285068,0.5882352941176471,-0.022624434389140302,0.49407114624505927,0.5,-0.005928853754940733,0.7868561641875846,0.7782396677662101,0.00861649642137452,0.5115454699383656,0.4876702489889552,0.02387522094941036
Random Forest,all_predictors,0.2,22,4084654094418620746,0.8463855421686747,0.8381024096385542,0.008283132530120474,0.6851340911599162,0.6819764803982882,0.003157610761628016,0.547486033519553,0.515625,0.03186103351955305,0.4434389140271493,0.4479638009049774,-0.004524886877828094,0.49,0.4794188861985472,0.010581113801452768,0.7699256479744285,0.7726683752508716,-0.002742727276443091,0.4641844234644762,0.4618293241501622,0.002355099314313991
Logistic Regression,all_predictors,0.2,23,11081027620661744783,0.8072289156626506,0.7929216867469879,0.014307228915662717,0.7105380405236933,0.7019562880395018,0.008581752484191463,0.43859649122807015,0.41118421052631576,0.027412280701754388,0.5656108597285068,0.5656108597285068,0.0,0.49407114624505927,0.47619047619047616,0.017880670054583103,0.7868561641875846,0.7906452971015382,-0.0037891329139535523,0.5115454699383656,0.5082162221512003,0.003329247787165257
Random Forest,all_predictors,0.2,23,11081027620661744783,0.8463855421686747,0.8358433734939759,0.010542168674698815,0.6851340911599162,0.6788106945926171,0.006323396567299078,0.547486033519553,0.5077720207253886,0.03971401279416442,0.4434389140271493,0.4434389140271493,0.0,0.49,0.47342995169082125,0.016570048309178742,0.7699256479744285,0.7690958810040589,0.0008297669703696275,0.4641844234644762,0.44762593706923537,0.016558486395240823
Logistic Regression,all_predictors,0.2,24,3611596349293284656,0.8072289156626506,0.8004518072289156,0.006777108433735024,0.7105380405236933,0.7100945443843578,0.00044349613933547527,0.43859649122807015,0.4261744966442953,0.012421994583774854,0.5656108597285068,0.5746606334841629,-0.009049773755656076,0.49407114624505927,0.48940269749518306,0.004668448749876208,0.7868561641875846,0.7820574133343143,0.004798750853270306,0.5115454699383656,0.5027836194966671,0.008761850441698527
Random Forest,all_predictors,0.2,24,3611596349293284656,0.8463855421686747,0.8418674698795181,0.004518072289156572,0.6851340911599162,0.6842348363151807,0.0008992548447355198,0.547486033519553,0.5294117647058824,0.01807426881367069,0.4434389140271493,0.4479638009049774,-0.004524886877828094,0.49,0.4852941176470588,0.004705882352941171,0.7699256479744285,0.7629564229277287,0.006969225046699834,0.4641844234644762,0.46931425523833764,-0.0051298317738614485
Logistic Regression,all_predictors,0.2,25,15668922710302238548,0.8072289156626506,0.8072289156626506,0.0,0.7105380405236933,0.7069164960126223,0.0036215445110709954,0.43859649122807015,0.4377224199288256,0.0008740712992445498,0.5656108597285068,0.5565610859728507,0.009049773755656076,0.49407114624505927,0.4900398406374502,0.004031305607609059,0.7868561641875846,0.7812072087538372,0.005648955433747438,0.5115454699383656,0.5018951334863424,0.009650336452023178
Random Forest,all_predictors,0.2,25,15668922710302238548,0.8463855421686747,0.8343373493975904,0.012048192771084265,0.6851340911599162,0.6760965799703246,0.009037511189591618,0.547486033519553,0.5025906735751295,0.04489535994442351,0.4434389140271493,0.43891402714932126,0.004524886877828038,0.49,0.46859903381642515,0.021400966183574843,0.7699256479744285,0.7662060029348408,0.003719645039587771,0.4641844234644762,0.45649427706338447,0.007690146401091724
Logistic Regression,all_predictors,0.2,26,6471808822368954713,0.8072289156626506,0.7989457831325302,0.008283132530120474,0.7105380405236933,0.7091912020176008,0.001346838506092518,0.43859649122807015,0.42333333333333334,0.015263157894736812,0.5656108597285068,0.5746606334841629,-0.009049773755656076,0.49407114624505927,0.4875239923224568,0.006547153922602467,0.7868561641875846,0.7836760720548381,0.0031800921327465037,0.5115454699383656,0.5028844693208121,0.008661000617553483
Random Forest,all_predictors,0.2,26,6471808822368954713,0.8463855421686747,0.838855421686747,0.0075301204819276935,0.6851340911599162,0.6806173793261311,0.004516711833785103,0.547486033519553,0.5185185185185185,0.02896751500103456,0.4434389140271493,0.4434389140271493,0.0,0.49,0.47804878048780486,0.011951219512195133,0.7699256479744285,0.7605284348469429,0.009397213127485649,0.4641844234644762,0.44787265520297526,0.016311768261500936
Logistic Regression,all_predictors,0.2,27,16222460449817442747,0.8072289156626506,0.8034638554216867,0.0037650602409639022,0.7105380405236933,0.7155227736289429,-0.004984733105249606,0.43859649122807015,0.43288590604026844,0.005710585187801709,0.5656108597285068,0.583710407239819,-0.018099547511312264,0.49407114624505927,0.49710982658959535,-0.003038680344536082,0.7868561641875846,0.7807657563755125,0.006090407812072152,0.5115454699383656,0.5056186805628348,0.0059267893755308165
Random Forest,all_predictors,0.2,27,16222460449817442747,0.8463855421686747,0.8305722891566265,0.015813253012048167,0.6851340911599162,0.6756489963089676,0.009485094850948617,0.547486033519553,0.49,0.05748603351955306,0.4434389140271493,0.4434389140271493,0.0,0.49,0.4655581947743468,0.0244418052256532,0.7699256479744285,0.7589138636484404,0.01101178432598815,0.4641844234644762,0.45510402950828194,0.009080393956194255
Logistic Regression,all_predictors,0.2,28,361247247207443732,0.8072289156626506,0.8019578313253012,0.005271084337349463,0.7105380405236933,0.7200517480287925,-0.009513707505099167,0.43859649122807015,0.43137254901960786,0.007223942208462286,0.5656108597285068,0.5972850678733032,-0.03167420814479638,0.49407114624505927,0.5009487666034156,-0.006877620358356318,0.7868561641875846,0.7823762400519934,0.0044799241355912844,0.5115454699383656,0.514428956514667,-0.0028834865763014417
Random Forest,all_predictors,0.2,28,361247247207443732,0.8463855421686747,0.8441265060240963,0.0022590361445783413,0.6851340911599162,0.6964544833985293,-0.011320392238613142,0.547486033519553,0.5357142857142857,0.011771747805267352,0.4434389140271493,0.4751131221719457,-0.03167420814479638,0.49,0.5035971223021583,-0.01359712230215826,0.7699256479744285,0.7709802286559818,-0.0010545806815532854,0.4641844234644762,0.4594577709894483,0.004726652475027904
Logistic Regression,all_predictors,0.2,29,18364061318167449451,0.8072289156626506,0.7974397590361446,0.009789156626506035,0.7105380405236933,0.7010447706287017,0.009493269894991552,0.43859649122807015,0.41836734693877553,0.02022914428929462,0.5656108597285068,0.5565610859728507,0.009049773755656076,0.49407114624505927,0.47766990291262135,0.01640124333243792,0.7868561641875846,0.7807207936332756,0.0061353705543090165,0.5115454699383656,0.5028626095519705,0.008682860386395097
Random Forest,all_predictors,0.2,29,18364061318167449451,0.8463855421686747,0.8350903614457831,0.011295180722891596,0.6851340911599162,0.6711159343870965,0.014018156772819701,0.547486033519553,0.5053763440860215,0.04210968943353155,0.4434389140271493,0.4253393665158371,0.01809954751131221,0.49,0.4619164619164619,0.028083538083538084,0.7699256479744285,0.7529787816731863,0.016946866301242203,0.4641844234644762,0.4440661672611607,0.020118256203315477
Logistic Regression,all_predictors,0.5,0,5827302233043088145,0.8072289156626506,0.7643072289156626,0.04292168674698804,0.7105380405236933,0.6739281495379057,0.036609890985787596,0.43859649122807015,0.3606060606060606,0.07799043062200955,0.5656108597285068,0.5384615384615384,0.02714932126696834,0.49407114624505927,0.4319419237749546,0.06212922247010466,0.7868561641875846,0.744247834635209,0.04260832955237559,0.5115454699383656,0.4696631368016104,0.04188233313675516
Random Forest,all_predictors,0.5,0,5827302233043088145,0.8463855421686747,0.8185240963855421,0.027861445783132543,0.6851340911599162,0.6557468515861629,0.029387239573753332,0.547486033519553,0.4504950495049505,0.09699098401460254,0.4434389140271493,0.4117647058823529,0.03167420814479638,0.49,0.4302600472813239,0.059739952718676104,0.7699256479744285,0.7265856519802001,0.04333999599422844,0.4641844234644762,0.42799927517909697,0.03618514828537922
Logistic Regression,all_predictors,0.5,1,15166650129473809308,0.8072289156626506,0.7808734939759037,0.026355421686746983,0.7105380405236933,0.7037834103831235,0.006754630140569762,0.43859649122807015,0.3939393939393939,0.04465709728867623,0.5656108597285068,0.5882352941176471,-0.022624434389140302,0.49407114624505927,0.47186932849364793,0.022201817751411335,0.7868561641875846,0.752688567609658,0.03416759657792667,0.5115454699383656,0.4761226771998666,0.035422792738498965
Random Forest,all_predictors,0.5,1,15166650129473809308,0.8463855421686747,0.8230421686746988,0.02334337349397586,0.6851340911599162,0.6711322844751826,0.014001806684733609,0.547486033519553,0.4666666666666667,0.08081936685288638,0.4434389140271493,0.4434389140271493,0.0,0.49,0.4547563805104408,0.035243619489559175,0.7699256479744285,0.7383413653141057,0.03158428266032287,0.4641844234644762,0.43772312346863484,0.026461299995841348
Logistic Regression,all_predictors,0.5,2,10312453451800325418,0.8072289156626506,0.7725903614457831,0.03463855421686757,0.7105380405236933,0.7006257996214955,0.009912240902197778,0.43859649122807015,0.3819241982507289,0.056672292977341276,0.5656108597285068,0.5927601809954751,-0.02714932126696834,0.49407114624505927,0.4645390070921986,0.02953213915286068,0.7868561641875846,0.7607287234259974,0.02612744076158724,0.5115454699383656,0.4586849425133785,0.05286052742498709
Random Forest,all_predictors,0.5,2,10312453451800325418,0.8463855421686747,0.8140060240963856,0.032379518072289115,0.6851340911599162,0.6620906857635696,0.02304340539634664,0.547486033519553,0.44036697247706424,0.1071190610424888,0.4434389140271493,0.4343891402714932,0.009049773755656076,0.49,0.43735763097949887,0.05264236902050112,0.7699256479744285,0.7386765421198707,0.031249105854557868,0.4641844234644762,0.4273042609593378,0.03688016250513837
Logistic Regression,all_predictors,0.5,3,3932730723951328380,0.8072289156626506,0.7703313253012049,0.0368975903614458,0.7105380405236933,0.675730746749398,0.034807293774295256,0.43859649122807015,0.36875,0.06984649122807013,0.5656108597285068,0.5339366515837104,0.03167420814479638,0.49407114624505927,0.43622920517560076,0.0578419410694585,0.7868561641875846,0.7541314628832563,0.03272470130432836,0.5115454699383656,0.4742949463205463,0.037250523617819276
Random Forest,all_predictors,0.5,3,3932730723951328380,0.8463855421686747,0.8170180722891566,0.029367469879518104,0.6851340911599162,0.6675189150081546,0.017615176151761558,0.547486033519553,0.44954128440366975,0.0979447491158833,0.4434389140271493,0.4434389140271493,0.0,0.49,0.44646924829157175,0.04353075170842824,0.7699256479744285,0.7198984659529853,0.050027182021443184,0.4641844234644762,0.4300652691231079,0.03411915434136831
Logistic Regression,all_predictors,0.5,4,15188184788972592428,0.8072289156626506,0.7673192771084337,0.03990963855421692,0.7105380405236933,0.6956533290823104,0.014884711441382925,0.43859649122807015,0.3735632183908046,0.06503327283726557,0.5656108597285068,0.5882352941176471,-0.022624434389140302,0.49407114624505927,0.45694200351493847,0.0371291427301208,0.7868561641875846,0.7596169174361427,0.02723924675144196,0.5115454699383656,0.4748888915825395,0.036656578355826086
Random Forest,all_predictors,0.5,4,15188184788972592428,0.8463855421686747,0.8207831325301205,0.025602409638554202,0.6851340911599162,0.6661557264139761,0.018978364745940057,0.547486033519553,0.45933014354066987,0.08815588997888318,0.4434389140271493,0.4343891402714932,0.009049773755656076,0.49,0.44651162790697674,0.04348837209302325,0.7699256479744285,0.7551656059547021,0.014760042019726471,0.4641844234644762,0.4354998870800492,0.028684536384426973
Logistic Regression,all_predictors,0.5,5,7452452607441923959,0.8072289156626506,0.7703313253012049,0.0368975903614458,0.7105380405236933,0.6884061525381469,0.02213188798554644,0.43859649122807015,0.37425149700598803,0.06434499422208212,0.5656108597285068,0.5656108597285068,0.0,0.49407114624505927,0.45045045045045046,0.04362069579460881,0.7868561641875846,0.7546464906579684,0.032209673529616234,0.5115454699383656,0.44908052732854187,0.062464942609823715
Random Forest,all_predictors,0.5,5,7452452607441923959,0.8463855421686747,0.8177710843373494,0.028614457831325324,0.6851340911599162,0.667970586191533,0.017163504968383148,0.547486033519553,0.45161290322580644,0.09587313029374661,0.4434389140271493,0.4434389140271493,0.0,0.49,0.4474885844748858,0.04251141552511417,0.7699256479744285,0.7492100863693403,0.02071556160508825,0.4641844234644762,0.4139050240463891,0.05027939941808707
Logistic Regression,all_predictors,0.5,6,6343589173472433628,0.8072289156626506,0.776355421686747,0.030873493975903665,0.7105380405236933,0.7046949277939235,0.005843112729769784,0.43859649122807015,0.38823529411764707,0.050361197110423084,0.5656108597285068,0.5972850678733032,-0.03167420814479638,0.49407114624505927,0.47058823529411764,0.023482910950941627,0.7868561641875846,0.7650124465045556,0.021843717683029062,0.5115454699383656,0.4936035452380792,0.017941924700286382
Random Forest,all_predictors,0.5,6,6343589173472433628,0.8463855421686747,0.8298192771084337,0.016566265060240948,0.6851340911599162,0.6751973251255892,0.009936766034327027,0.547486033519553,0.48756218905472637,0.05992384446482668,0.4434389140271493,0.4434389140271493,0.0,0.49,0.46445497630331756,0.025545023696682434,0.7699256479744285,0.7485806079780255,0.021345039996403026,0.4641844234644762,0.4573441567628128,0.006840266701663378
Logistic Regression,all_predictors,0.5,7,16341872999915321939,0.8072289156626506,0.7891566265060241,0.01807228915662651,0.7105380405236933,0.7033194766336803,0.007218563890012963,0.43859649122807015,0.4057507987220447,0.032845692506025426,0.5656108597285068,0.5746606334841629,-0.009049773755656076,0.49407114624505927,0.4756554307116105,0.018415715533448784,0.7868561641875846,0.7648571206677376,0.02199904351984705,0.5115454699383656,0.49258530156754754,0.018960168370818042
Random Forest,all_predictors,0.5,7,16341872999915321939,0.8463855421686747,0.8358433734939759,0.010542168674698815,0.6851340911599162,0.6842430113592237,0.0008910798006924736,0.547486033519553,0.507537688442211,0.03994834507734202,0.4434389140271493,0.45701357466063347,-0.01357466063348417,0.49,0.48095238095238096,0.009047619047619027,0.7699256479744285,0.7610475501436764,0.008878097830752107,0.4641844234644762,0.46103373591934727,0.0031506875451289273
Logistic Regression,all_predictors,0.5,8,16172986973930395949,0.8072289156626506,0.7808734939759037,0.026355421686746983,0.7105380405236933,0.70921572714973,0.0013223133739632686,0.43859649122807015,0.3958333333333333,0.042763157894736836,0.5656108597285068,0.6018099547511312,-0.03619909502262442,0.49407114624505927,0.47755834829443444,0.016512797950624825,0.7868561641875846,0.7602504833494791,0.02660568083810555,0.5115454699383656,0.4800533224178675,0.03149214752049806
Random Forest,all_predictors,0.5,8,16172986973930395949,0.8463855421686747,0.8320783132530121,0.014307228915662606,0.6851340911599162,0.6946600612310799,-0.009525970071163736,0.547486033519553,0.4954128440366973,0.052073189482855775,0.4434389140271493,0.48868778280542985,-0.04524886877828055,0.49,0.4920273348519362,-0.0020273348519362355,0.7699256479744285,0.7393468957314008,0.03057875224302775,0.4641844234644762,0.4458362298365446,0.018348193627931608
Logistic Regression,all_predictors,0.5,9,5284332868860986691,0.8072289156626506,0.7838855421686747,0.023343373493975972,0.7105380405236933,0.707400867372173,0.0031371731515202894,0.43859649122807015,0.39939024390243905,0.039206247325631105,0.5656108597285068,0.5927601809954751,-0.02714932126696834,0.49407114624505927,0.4772313296903461,0.016839816554713172,0.7868561641875846,0.7714625562545219,0.01539360793306277,0.5115454699383656,0.4784208917027298,0.033124578235635804
Random Forest,all_predictors,0.5,9,5284332868860986691,0.8463855421686747,0.8109939759036144,0.03539156626506024,0.6851340911599162,0.6512301397523779,0.033903951407538324,0.547486033519553,0.42924528301886794,0.11824075050068511,0.4434389140271493,0.4117647058823529,0.03167420814479638,0.49,0.42032332563510394,0.06967667436489605,0.7699256479744285,0.7292221036840836,0.04070354429034495,0.4641844234644762,0.4105232638591819,0.05366115960529427
Logistic Regression,all_predictors,0.5,10,4747469084506997021,0.8072289156626506,0.786144578313253,0.02108433734939763,0.7105380405236933,0.7105666531778441,-2.861265415077252e-05,0.43859649122807015,0.4036697247706422,0.03492676645742793,0.5656108597285068,0.5972850678733032,-0.03167420814479638,0.49407114624505927,0.48175182481751827,0.012319321427540997,0.7868561641875846,0.7735635425735856,0.013292621613999023,0.5115454699383656,0.48256955560083353,0.02897591433753205
Random Forest,all_predictors,0.5,10,4747469084506997021,0.8463855421686747,0.8245481927710844,0.0218373493975903,0.6851340911599162,0.670224854586404,0.014909236573512175,0.547486033519553,0.470873786407767,0.07661224711178605,0.4434389140271493,0.43891402714932126,0.004524886877828038,0.49,0.45433255269320844,0.035667447306791555,0.7699256479744285,0.7686258159715835,0.0012998320028450028,0.4641844234644762,0.4372636118781594,0.026920811586316817
Logistic Regression,all_predictors,0.5,11,3673571395597803948,0.8072289156626506,0.7695783132530121,0.03765060240963858,0.7105380405236933,0.6879544813547682,0.02258355916892507,0.43859649122807015,0.373134328358209,0.06546216286986117,0.5656108597285068,0.5656108597285068,0.0,0.49407114624505927,0.44964028776978415,0.044430858475275115,0.7868561641875846,0.7520141264761063,0.03484203771147831,0.5115454699383656,0.4501902439416625,0.06135522599670307
Random Forest,all_predictors,0.5,11,3673571395597803948,0.8463855421686747,0.8275602409638554,0.01882530120481929,0.6851340911599162,0.6756530838309891,0.009481007328927094,0.547486033519553,0.48058252427184467,0.06690350924770838,0.4434389140271493,0.4479638009049774,-0.004524886877828094,0.49,0.4637002341920375,0.026299765807962505,0.7699256479744285,0.7434589428850548,0.026466705089373765,0.4641844234644762,0.42442920818897495,0.03975521527550124
Logistic Regression,all_predictors,0.5,12,10886295600717041187,0.8072289156626506,0.7718373493975904,0.03539156626506024,0.7105380405236933,0.6965525839270459,0.013985456596647405,0.43859649122807015,0.37941176470588234,0.059184726522187814,0.5656108597285068,0.583710407239819,-0.018099547511312264,0.49407114624505927,0.45989304812834225,0.034178098116717015,0.7868561641875846,0.7438840451752934,0.042972119012291254,0.5115454699383656,0.45466305700479687,0.056882412933568716
Random Forest,all_predictors,0.5,12,10886295600717041187,0.8463855421686747,0.8192771084337349,0.027108433734939763,0.6851340911599162,0.6652523840472191,0.0198817071126971,0.547486033519553,0.4549763033175355,0.09250973020201753,0.4434389140271493,0.4343891402714932,0.009049773755656076,0.49,0.4444444444444444,0.04555555555555557,0.7699256479744285,0.7289073644884262,0.04101828348600234,0.4641844234644762,0.4247150722356017,0.039469351228874516
Logistic Regression,all_predictors,0.5,13,14842317674333234312,0.8072289156626506,0.7650602409638554,0.04216867469879526,0.7105380405236933,0.6888659987655683,0.021672041758124982,0.43859649122807015,0.3681159420289855,0.07048054919908464,0.5656108597285068,0.5746606334841629,-0.009049773755656076,0.49407114624505927,0.44876325088339225,0.04530789536166702,0.7868561641875846,0.7649266085421035,0.021929555645481158,0.5115454699383656,0.46635834119601527,0.04518712874235031
Random Forest,all_predictors,0.5,13,14842317674333234312,0.8463855421686747,0.8207831325301205,0.025602409638554202,0.6851340911599162,0.6770203599471892,0.00811373121272696,0.547486033519553,0.46153846153846156,0.08594757198109149,0.4434389140271493,0.46153846153846156,-0.018099547511312264,0.49,0.46153846153846156,0.028461538461538427,0.7699256479744285,0.7316296541547618,0.03829599381966675,0.4641844234644762,0.42977450369344666,0.03440991977102953
Logistic Regression,all_predictors,0.5,14,4814333226484381020,0.8072289156626506,0.7831325301204819,0.024096385542168752,0.7105380405236933,0.7033276516777234,0.007210388845969917,0.43859649122807015,0.39692307692307693,0.04167341430499322,0.5656108597285068,0.583710407239819,-0.018099547511312264,0.49407114624505927,0.4725274725274725,0.021543673717586753,0.7868561641875846,0.775684966502757,0.01117119768482766,0.5115454699383656,0.48232742565434844,0.02921804428401714
Random Forest,all_predictors,0.5,14,4814333226484381020,0.8463855421686747,0.8275602409638554,0.01882530120481929,0.6851340911599162,0.6738423115754536,0.011291779584462591,0.547486033519553,0.4803921568627451,0.06709387665680794,0.4434389140271493,0.4434389140271493,0.0,0.49,0.4611764705882353,0.028823529411764692,0.7699256479744285,0.7698398100119764,8.583796245209552e-05,0.4641844234644762,0.4506161777144968,0.01356824574997939
Logistic Regression,all_predictors,0.5,15,5958539107545368073,0.8072289156626506,0.7673192771084337,0.03990963855421692,0.7105380405236933,0.6884102400601684,0.022127800463524916,0.43859649122807015,0.37058823529411766,0.06800825593395249,0.5656108597285068,0.5701357466063348,-0.004524886877828038,0.49407114624505927,0.44919786096256686,0.0448732852824924,0.7868561641875846,0.74955752574117,0.03729863844641468,0.5115454699383656,0.45038006940073555,0.06116540053763003
Random Forest,all_predictors,0.5,15,5958539107545368073,0.8463855421686747,0.8102409638554217,0.03614457831325302,0.6851340911599162,0.6471569240579284,0.03797716710198784,0.547486033519553,0.4258373205741627,0.12164871294539037,0.4434389140271493,0.40271493212669685,0.040723981900452455,0.49,0.413953488372093,0.07604651162790699,0.7699256479744285,0.738562091503268,0.031363556471160514,0.4641844234644762,0.4148239230601693,0.049360500404306895
Logistic Regression,all_predictors,0.5,16,13684471763001903402,0.8072289156626506,0.7899096385542169,0.017319277108433728,0.7105380405236933,0.714635781350272,-0.004097740826578655,0.43859649122807015,0.4104938271604938,0.028102664067576333,0.5656108597285068,0.6018099547511312,-0.03619909502262442,0.49407114624505927,0.48807339449541287,0.005997751749646396,0.7868561641875846,0.7713154054617469,0.015540758725837711,0.5115454699383656,0.4858944235669718,0.02565104637139376
Random Forest,all_predictors,0.5,16,13684471763001903402,0.8463855421686747,0.8192771084337349,0.027108433734939763,0.6851340911599162,0.658009295025077,0.027124796134839202,0.547486033519553,0.45320197044334976,0.0942840630762033,0.4434389140271493,0.416289592760181,0.027149321266968285,0.49,0.4339622641509434,0.05603773584905658,0.7699256479744285,0.7426496135247929,0.027276034449635667,0.4641844234644762,0.4475393379061504,0.01664508555832578
Logistic Regression,all_predictors,0.5,17,15093711224321262006,0.8072289156626506,0.7688253012048193,0.03840361445783136,0.7105380405236933,0.6875028101713898,0.023035230352303482,0.43859649122807015,0.37202380952380953,0.06657268170426062,0.5656108597285068,0.5656108597285068,0.0,0.49407114624505927,0.4488330341113106,0.045238112133748676,0.7868561641875846,0.7552841440933263,0.0315720200942583,0.5115454699383656,0.48063389003986046,0.030911579898505126
Random Forest,all_predictors,0.5,17,15093711224321262006,0.8463855421686747,0.8373493975903614,0.009036144578313254,0.6851340911599162,0.6887678982370518,-0.0036338070771355646,0.547486033519553,0.5124378109452736,0.03504822257427942,0.4434389140271493,0.4660633484162896,-0.022624434389140302,0.49,0.4881516587677725,0.0018483412322274906,0.7699256479744285,0.7531259324659612,0.016799715508467372,0.4641844234644762,0.4753787662386203,-0.011194342774144106
Logistic Regression,all_predictors,0.5,18,12806237630467085224,0.8072289156626506,0.7808734939759037,0.026355421686746983,0.7105380405236933,0.7146480439163366,-0.0041100033926433355,0.43859649122807015,0.39766081871345027,0.04093567251461988,0.5656108597285068,0.6153846153846154,-0.04977375565610864,0.49407114624505927,0.48312611012433393,0.010945036120725338,0.7868561641875846,0.7716996325317702,0.015156531655814431,0.5115454699383656,0.4872733929620166,0.024272076976348977
Random Forest,all_predictors,0.5,18,12806237630467085224,0.8463855421686747,0.8268072289156626,0.01957831325301207,0.6851340911599162,0.6715798681365396,0.01355422302337661,0.547486033519553,0.47783251231527096,0.06965352120428209,0.4434389140271493,0.43891402714932126,0.004524886877828038,0.49,0.45754716981132076,0.03245283018867923,0.7699256479744285,0.7544380270348707,0.0154876209395578,0.4641844234644762,0.4394043355803471,0.02478008788412911
Logistic Regression,all_predictors,0.5,19,9265671063042982743,0.8072289156626506,0.776355421686747,0.030873493975903665,0.7105380405236933,0.7119380168160656,-0.001399976292372318,0.43859649122807015,0.39080459770114945,0.047791893526920703,0.5656108597285068,0.6153846153846154,-0.04977375565610864,0.49407114624505927,0.4780316344463972,0.016039511798662087,0.7868561641875846,0.7700155734589019,0.016840590728682714,0.5115454699383656,0.46799822243511974,0.043547247503245845
Random Forest,all_predictors,0.5,19,9265671063042982743,0.8463855421686747,0.8147590361445783,0.031626506024096335,0.6851340911599162,0.6643531292024836,0.02078096195743262,0.547486033519553,0.4429223744292237,0.10456365909032933,0.4434389140271493,0.43891402714932126,0.004524886877828038,0.49,0.4409090909090909,0.049090909090909074,0.7699256479744285,0.7456907299088074,0.02423491806562117,0.4641844234644762,0.4203264490120089,0.04385797445246731
Logistic Regression,all_predictors,0.5,20,4537862848355392222,0.8072289156626506,0.7771084337349398,0.030120481927710885,0.7105380405236933,0.7069573712328375,0.0035806692908557647,0.43859649122807015,0.39002932551319647,0.048567165714873684,0.5656108597285068,0.6018099547511312,-0.03619909502262442,0.49407114624505927,0.47330960854092524,0.020761537704134025,0.7868561641875846,0.7701790743397628,0.01667708984782179,0.5115454699383656,0.4676085651827785,0.04393690475558709
Random Forest,all_predictors,0.5,20,4537862848355392222,0.8463855421686747,0.8192771084337349,0.027108433734939763,0.6851340911599162,0.6688739285582901,0.016260162601626105,0.547486033519553,0.4558139534883721,0.09167208003118094,0.4434389140271493,0.4434389140271493,0.0,0.49,0.44954128440366975,0.04045871559633024,0.7699256479744285,0.746855673684942,0.02306997428948654,0.4641844234644762,0.4321446888322983,0.03203973463217791
Logistic Regression,all_predictors,0.5,21,9241455450138989103,0.8072289156626506,0.7756024096385542,0.031626506024096446,0.7105380405236933,0.6933786230773318,0.017159417446361513,0.43859649122807015,0.3829787234042553,0.055617767823814834,0.5656108597285068,0.5701357466063348,-0.004524886877828038,0.49407114624505927,0.4581818181818182,0.03588932806324108,0.7868561641875846,0.7706041766300017,0.016251987557582948,0.5115454699383656,0.486970841444414,0.02457462849395159
Random Forest,all_predictors,0.5,21,9241455450138989103,0.8463855421686747,0.8275602409638554,0.01882530120481929,0.6851340911599162,0.6738423115754536,0.011291779584462591,0.547486033519553,0.4803921568627451,0.06709387665680794,0.4434389140271493,0.4434389140271493,0.0,0.49,0.4611764705882353,0.028823529411764692,0.7699256479744285,0.738157426823137,0.03176822115129152,0.4641844234644762,0.4494370629967825,0.014747360467693704
Logistic Regression,all_predictors,0.5,22,12555397309090234947,0.8072289156626506,0.7838855421686747,0.023343373493975972,0.7105380405236933,0.7055900951166374,0.004947945407055898,0.43859649122807015,0.3987730061349693,0.03982348509310085,0.5656108597285068,0.5882352941176471,-0.022624434389140302,0.49407114624505927,0.4753199268738574,0.018751219371201888,0.7868561641875846,0.7497700768862892,0.03708608730129548,0.5115454699383656,0.43546372430727737,0.07608174563108822
Random Forest,all_predictors,0.5,22,12555397309090234947,0.8463855421686747,0.8230421686746988,0.02334337349397586,0.6851340911599162,0.6693215122196471,0.015812578940269106,0.547486033519553,0.46634615384615385,0.0811398796733992,0.4434389140271493,0.43891402714932126,0.004524886877828038,0.49,0.4522144522144522,0.03778554778554777,0.7699256479744285,0.7352389360997683,0.034686711874660214,0.4641844234644762,0.4204056309842318,0.04377879248024441
Logistic Regression,all_predictors,0.5,23,560441899718270232,0.8072289156626506,0.7808734939759037,0.026355421686746983,0.7105380405236933,0.7164588161718721,-0.005920775648178833,0.43859649122807015,0.39825581395348836,0.04034067727458179,0.5656108597285068,0.6199095022624435,-0.05429864253393668,0.49407114624505927,0.4849557522123894,0.009115394032669866,0.7868561641875846,0.7795967250773562,0.007259439110228416,0.5115454699383656,0.48647641069082836,0.025069059247537218
Random Forest,all_predictors,0.5,23,560441899718270232,0.8463855421686747,0.8260542168674698,0.02033132530120485,0.6851340911599162,0.6801820582308387,0.004952032929077532,0.547486033519553,0.4766355140186916,0.07085051950086146,0.4434389140271493,0.46153846153846156,-0.018099547511312264,0.49,0.4689655172413793,0.021034482758620687,0.7699256479744285,0.7470232620878245,0.022902385886603982,0.4641844234644762,0.42564131603860983,0.03854310742586636
Logistic Regression,all_predictors,0.5,24,11537113462976762890,0.8072289156626506,0.776355421686747,0.030873493975903665,0.7105380405236933,0.6811548884719616,0.029383152051731698,0.43859649122807015,0.37898089171974525,0.0596155995083249,0.5656108597285068,0.5384615384615384,0.02714932126696834,0.49407114624505927,0.44485981308411215,0.04921133316094711,0.7868561641875846,0.7592776531083562,0.027578511079228485,0.5115454699383656,0.47173941211324644,0.039806057825119145
Random Forest,all_predictors,0.5,24,11537113462976762890,0.8463855421686747,0.8253012048192772,0.02108433734939752,0.6851340911599162,0.6779196147919246,0.007214476367991551,0.547486033519553,0.47417840375586856,0.07330762976368449,0.4434389140271493,0.45701357466063347,-0.01357466063348417,0.49,0.46543778801843316,0.02456221198156683,0.7699256479744285,0.7437900321687982,0.026135615805630286,0.4641844234644762,0.4541657332710159,0.0100186901934603
Logistic Regression,all_predictors,0.5,25,2947270872994925370,0.8072289156626506,0.7831325301204819,0.024096385542168752,0.7105380405236933,0.70875996844433,0.0017780720793633131,0.43859649122807015,0.3987915407854985,0.03980495044257165,0.5656108597285068,0.5972850678733032,-0.03167420814479638,0.49407114624505927,0.4782608695652174,0.01581027667984186,0.7868561641875846,0.7577530073943274,0.029103156793257257,0.5115454699383656,0.4695896656054687,0.04195580433289686
Random Forest,all_predictors,0.5,25,2947270872994925370,0.8463855421686747,0.8170180722891566,0.029367469879518104,0.6851340911599162,0.6638973704970836,0.021236720662832553,0.547486033519553,0.4485981308411215,0.09888790267843156,0.4434389140271493,0.4343891402714932,0.009049773755656076,0.49,0.4413793103448276,0.04862068965517241,0.7699256479744285,0.7370864960534974,0.03283915192093112,0.4641844234644762,0.4329084122773551,0.03127601118712109
Logistic Regression,all_predictors,0.5,26,9086027487754252834,0.8072289156626506,0.7793674698795181,0.027861445783132543,0.7105380405236933,0.6992585235052955,0.0112795170183978,0.43859649122807015,0.3902439024390244,0.04835258878904575,0.5656108597285068,0.579185520361991,-0.013574660633484226,0.49407114624505927,0.4663023679417122,0.027768778303347064,0.7868561641875846,0.7619141048122398,0.024942059375344883,0.5115454699383656,0.46770936235873495,0.043836107579630634
Random Forest,all_predictors,0.5,26,9086027487754252834,0.8463855421686747,0.8253012048192772,0.02108433734939752,0.6851340911599162,0.6634334367476404,0.021700654412275755,0.547486033519553,0.4720812182741117,0.07540481524544135,0.4434389140271493,0.42081447963800905,0.022624434389140247,0.49,0.4449760765550239,0.04502392344497608,0.7699256479744285,0.7306976991338542,0.039227948840574345,0.4641844234644762,0.42497154231733913,0.03921288114713706
Logistic Regression,all_predictors,0.5,27,17708612429628294442,0.8072289156626506,0.7733433734939759,0.03388554216867479,0.7105380405236933,0.6974559262938029,0.013082114229890363,0.43859649122807015,0.3816568047337278,0.056939686494342334,0.5656108597285068,0.583710407239819,-0.018099547511312264,0.49407114624505927,0.46153846153846156,0.0325326847065977,0.7868561641875846,0.756395950083181,0.030460214104403693,0.5115454699383656,0.4677262244472892,0.04381924549107641
Random Forest,all_predictors,0.5,27,17708612429628294442,0.8463855421686747,0.8102409638554217,0.03614457831325302,0.6851340911599162,0.6471569240579284,0.03797716710198784,0.547486033519553,0.4258373205741627,0.12164871294539037,0.4434389140271493,0.40271493212669685,0.040723981900452455,0.49,0.413953488372093,0.07604651162790699,0.7699256479744285,0.7481555056877869,0.021770142286641647,0.4641844234644762,0.44136241220914657,0.02282201125532962
Logistic Regression,all_predictors,0.5,28,860933415299650574,0.8072289156626506,0.7786144578313253,0.028614457831325324,0.7105380405236933,0.7187253471328077,-0.008187306609114375,0.43859649122807015,0.396011396011396,0.04258509521667414,0.5656108597285068,0.6289592760180995,-0.06334841628959276,0.49407114624505927,0.486013986013986,0.00805716023107328,0.7868561641875846,0.7658708261290756,0.020985338058508995,0.5115454699383656,0.4970049125463609,0.01454055739200466
Random Forest,all_predictors,0.5,28,860933415299650574,0.8463855421686747,0.8215361445783133,0.02484939759036142,0.6851340911599162,0.6829043478971744,0.0022297432627418345,0.547486033519553,0.4646017699115044,0.08288426360804863,0.4434389140271493,0.4751131221719457,-0.03167420814479638,0.49,0.4697986577181208,0.020201342281879198,0.7699256479744285,0.7407530033068054,0.02917264466762315,0.4641844234644762,0.43625555728879767,0.027928866175678524
Logistic Regression,all_predictors,0.5,29,13209525103530330543,0.8072289156626506,0.7643072289156626,0.04292168674698804,0.7105380405236933,0.6811712385600477,0.029366801963645606,0.43859649122807015,0.363905325443787,0.07469116578428314,0.5656108597285068,0.5565610859728507,0.009049773755656076,0.49407114624505927,0.4400715563506261,0.05399958989443315,0.7868561641875846,0.7558359595662322,0.031020204621352465,0.5115454699383656,0.4645479465339804,0.04699752340438518
Random Forest,all_predictors,0.5,29,13209525103530330543,0.8463855421686747,0.8185240963855421,0.027861445783132543,0.6851340911599162,0.6648007128638406,0.02033337829607562,0.547486033519553,0.4528301886792453,0.09465584484030776,0.4434389140271493,0.4343891402714932,0.009049773755656076,0.49,0.44341801385681295,0.04658198614318704,0.7699256479744285,0.718353382628849,0.05157226534557957,0.4641844234644762,0.41920538312648853,0.044979040337987664
Logistic Regression,all_predictors,1.0,0,11276785007545039945,0.8072289156626506,0.6905120481927711,0.11671686746987953,0.7105380405236933,0.6314751458223481,0.0790628947013452,0.43859649122807015,0.27906976744186046,0.1595267237862097,0.5656108597285068,0.5429864253393665,0.022624434389140302,0.49407114624505927,0.3686635944700461,0.12540755177501317,0.7868561641875846,0.6857349568970803,0.10112120729050433,0.5115454699383656,0.39526885704635006,0.11627661289201552
Random Forest,all_predictors,1.0,0,11276785007545039945,0.8463855421686747,0.7635542168674698,0.08283132530120485,0.6851340911599162,0.6300179442216745,0.05511614693824174,0.547486033519553,0.33568904593639576,0.2117969875831573,0.4434389140271493,0.4298642533936652,0.013574660633484115,0.49,0.376984126984127,0.11301587301587301,0.7699256479744285,0.6750215616786635,0.09490408629576508,0.4641844234644762,0.3595791494707791,0.10460527399369707
Logistic Regression,all_predictors,1.0,1,16802098363789731692,0.8072289156626506,0.7025602409638554,0.10466867469879526,0.7105380405236933,0.6495665182896173,0.06097152223407598,0.43859649122807015,0.29577464788732394,0.1428218433407462,0.5656108597285068,0.5701357466063348,-0.004524886877828038,0.49407114624505927,0.3894899536321484,0.10458119261291088,0.7868561641875846,0.7054654256949809,0.0813907384926037,0.5115454699383656,0.39963627617945885,0.11190919375890673
Random Forest,all_predictors,1.0,1,16802098363789731692,0.8463855421686747,0.7718373493975904,0.07454819277108427,0.6851340911599162,0.6657694555829419,0.01936463557697432,0.547486033519553,0.3660130718954248,0.18147296162412824,0.4434389140271493,0.5067873303167421,-0.06334841628959276,0.49,0.4250474383301708,0.06495256166982921,0.7699256479744285,0.7047051465989773,0.06522050137545121,0.4641844234644762,0.37962281866648956,0.08456160479798663
Logistic Regression,all_predictors,1.0,2,16322910910987104725,0.8072289156626506,0.7063253012048193,0.10090361445783136,0.7105380405236933,0.6681218245063296,0.04241621601736367,0.43859649122807015,0.30751708428246016,0.13107940694561,0.5656108597285068,0.6108597285067874,-0.045248868778280604,0.49407114624505927,0.4090909090909091,0.08498023715415015,0.7868561641875846,0.7164118096686246,0.07044435451896003,0.5115454699383656,0.38518935977203955,0.12635611016632603
Random Forest,all_predictors,1.0,2,16322910910987104725,0.8463855421686747,0.7756024096385542,0.07078313253012047,0.6851340911599162,0.6625954947332279,0.022538596426688318,0.547486033519553,0.3694915254237288,0.17799450809582423,0.4434389140271493,0.49321266968325794,-0.04977375565610864,0.49,0.42248062015503873,0.06751937984496126,0.7699256479744285,0.7019501567564695,0.06797549121795898,0.4641844234644762,0.38146379349068416,0.08272062997379204
Logistic Regression,all_predictors,1.0,3,16560086841697139883,0.8072289156626506,0.7018072289156626,0.10542168674698804,0.7105380405236933,0.6364394413174901,0.07409859920620321,0.43859649122807015,0.288135593220339,0.15046089800773116,0.5656108597285068,0.5384615384615384,0.02714932126696834,0.49407114624505927,0.3753943217665615,0.11867682447849776,0.7868561641875846,0.6963911268071956,0.09046503738038902,0.5115454699383656,0.39621581215509627,0.11532965778326931
Random Forest,all_predictors,1.0,3,16560086841697139883,0.8463855421686747,0.7530120481927711,0.09337349397590355,0.6851340911599162,0.6363699534431242,0.048764137716792,0.547486033519553,0.3279742765273312,0.21951175699222186,0.4434389140271493,0.46153846153846156,-0.018099547511312264,0.49,0.38345864661654133,0.10654135338345866,0.7699256479744285,0.6748784984079101,0.09504714956651839,0.4641844234644762,0.3851561318336726,0.0790282916308036
Logistic Regression,all_predictors,1.0,4,2254984733629638608,0.8072289156626506,0.6905120481927711,0.11671686746987953,0.7105380405236933,0.658636729655381,0.05190131086831229,0.43859649122807015,0.29347826086956524,0.1451182303585049,0.5656108597285068,0.6108597285067874,-0.045248868778280604,0.49407114624505927,0.3964757709251101,0.09759537531994916,0.7868561641875846,0.7155002922578245,0.07135587192976012,0.5115454699383656,0.3972721556465263,0.11427331429183929
Random Forest,all_predictors,1.0,4,2254984733629638608,0.8463855421686747,0.7688253012048193,0.07756024096385539,0.6851340911599162,0.6603412263383569,0.02479286482155929,0.547486033519553,0.35947712418300654,0.18800890933654651,0.4434389140271493,0.497737556561086,-0.05429864253393668,0.49,0.4174573055028463,0.07254269449715367,0.7699256479744285,0.7133134679763087,0.05661217999811985,0.4641844234644762,0.36968658713058217,0.09449783633389403
Logistic Regression,all_predictors,1.0,5,13017185448473365845,0.8072289156626506,0.7093373493975904,0.09789156626506024,0.7105380405236933,0.6608746479621659,0.04966339256152741,0.43859649122807015,0.3058823529411765,0.13271413828689366,0.5656108597285068,0.5882352941176471,-0.022624434389140302,0.49407114624505927,0.4024767801857585,0.09159436605930077,0.7868561641875846,0.7059354907274562,0.08092067346012843,0.5115454699383656,0.3614853634633146,0.15006010647505097
Random Forest,all_predictors,1.0,5,13017185448473365845,0.8463855421686747,0.7628012048192772,0.08358433734939752,0.6851340911599162,0.6440524510825802,0.041081640077335946,0.547486033519553,0.3433333333333333,0.20415270018621973,0.4434389140271493,0.4660633484162896,-0.022624434389140302,0.49,0.39539347408829173,0.09460652591170826,0.7699256479744285,0.7014351289817574,0.06849051899267111,0.4641844234644762,0.3489996670031225,0.11518475646135368
Logistic Regression,all_predictors,1.0,6,2026405716977024088,0.8072289156626506,0.7033132530120482,0.10391566265060248,0.7105380405236933,0.6663151397728155,0.04422290075087776,0.43859649122807015,0.3047404063205418,0.13385608490752837,0.5656108597285068,0.6108597285067874,-0.045248868778280604,0.49407114624505927,0.4066265060240964,0.08744464022096288,0.7868561641875846,0.7170208504498319,0.06983531373775276,0.5115454699383656,0.42772256606389397,0.08382290387447161
Random Forest,all_predictors,1.0,6,2026405716977024088,0.8463855421686747,0.7628012048192772,0.08358433734939752,0.6851340911599162,0.6531063123602578,0.032027778799658346,0.547486033519553,0.34838709677419355,0.1990989367453595,0.4434389140271493,0.48868778280542985,-0.04524886877828055,0.49,0.4067796610169492,0.08322033898305081,0.7699256479744285,0.7127126022391445,0.057213045735284074,0.4641844234644762,0.40149367961287535,0.06269074385160084
Logistic Regression,all_predictors,1.0,7,9134899832449229195,0.8072289156626506,0.7161144578313253,0.09111445783132532,0.7105380405236933,0.6758043221457856,0.03473371837790773,0.43859649122807015,0.3177570093457944,0.12083948188227578,0.5656108597285068,0.6153846153846154,-0.04977375565610864,0.49407114624505927,0.41910631741140214,0.07496482883365713,0.7868561641875846,0.7171516511545205,0.06970451303306413,0.5115454699383656,0.42738364776921317,0.08416182216915241
Random Forest,all_predictors,1.0,7,9134899832449229195,0.8463855421686747,0.7793674698795181,0.06701807228915657,0.6851340911599162,0.6594215338835138,0.025712557276402426,0.547486033519553,0.3732394366197183,0.17424659689983474,0.4434389140271493,0.4796380090497738,-0.03619909502262447,0.49,0.4198019801980198,0.0701980198019802,0.7699256479744285,0.7075255367938296,0.06240011118059896,0.4641844234644762,0.39260451346130043,0.07157991000317576
Logistic Regression,all_predictors,1.0,8,9887533649519034961,0.8072289156626506,0.6897590361445783,0.1174698795180723,0.7105380405236933,0.6491311971943249,0.06140684332936841,0.43859649122807015,0.28824833702882485,0.1503481541992453,0.5656108597285068,0.5882352941176471,-0.022624434389140302,0.49407114624505927,0.3869047619047619,0.10716638434029735,0.7868561641875846,0.7138734584932576,0.07298270569432708,0.5115454699383656,0.40705768589609964,0.10448778404226594
Random Forest,all_predictors,1.0,8,9887533649519034961,0.8463855421686747,0.7695783132530121,0.0768072289156626,0.6851340911599162,0.6626036697772709,0.02253042138264527,0.547486033519553,0.36156351791530944,0.1859225156042436,0.4434389140271493,0.502262443438914,-0.05882352941176472,0.49,0.42045454545454547,0.06954545454545452,0.7699256479744285,0.7044639827997073,0.06546166517472118,0.4641844234644762,0.3888656263709853,0.07531879709349087
Logistic Regression,all_predictors,1.0,9,14745183069141129899,0.8072289156626506,0.7108433734939759,0.09638554216867479,0.7105380405236933,0.6708318516066005,0.039706188917092766,0.43859649122807015,0.3117782909930716,0.12681820023499857,0.5656108597285068,0.6108597285067874,-0.045248868778280604,0.49407114624505927,0.41284403669724773,0.08122710954781154,0.7868561641875846,0.7178587924642444,0.0689973717233402,0.5115454699383656,0.41458067253864395,0.09696479739972164
Random Forest,all_predictors,1.0,9,14745183069141129899,0.8463855421686747,0.7560240963855421,0.09036144578313254,0.6851340911599162,0.6291227768989606,0.056011314260955625,0.547486033519553,0.3265993265993266,0.22088670692022644,0.4434389140271493,0.43891402714932126,0.004524886877828038,0.49,0.3745173745173745,0.1154826254826255,0.7699256479744285,0.6737830425061414,0.09614260546828712,0.4641844234644762,0.3532005572006739,0.1109838662638023
Logistic Regression,all_predictors,1.0,10,4961235166273758481,0.8072289156626506,0.7146084337349398,0.09262048192771088,0.7105380405236933,0.673090207523493,0.03744783300020027,0.43859649122807015,0.31542056074766356,0.12317593048040659,0.5656108597285068,0.6108597285067874,-0.045248868778280604,0.49407114624505927,0.41602465331278893,0.07804649293227034,0.7868561641875846,0.7338287410023421,0.05302742318524256,0.5115454699383656,0.40850057375109144,0.10304489618727414
Random Forest,all_predictors,1.0,10,4961235166273758481,0.8463855421686747,0.7740963855421686,0.07228915662650603,0.6851340911599162,0.6598813801109353,0.025252711048980858,0.547486033519553,0.36610169491525424,0.1813843386042988,0.4434389140271493,0.48868778280542985,-0.04524886877828055,0.49,0.4186046511627907,0.07139534883720927,0.7699256479744285,0.7201273671861907,0.04979828078823778,0.4641844234644762,0.3686774321095242,0.095506991354952
Logistic Regression,all_predictors,1.0,11,11622868821429712291,0.8072289156626506,0.7033132530120482,0.10391566265060248,0.7105380405236933,0.6590720507506734,0.05146598977301986,0.43859649122807015,0.30114942528735633,0.13744706594071382,0.5656108597285068,0.5927601809954751,-0.02714932126696834,0.49407114624505927,0.39939024390243905,0.09468090234262022,0.7868561641875846,0.7004663862626559,0.08638977792492875,0.5115454699383656,0.3617392807431155,0.14980618919525007
Random Forest,all_predictors,1.0,11,11622868821429712291,0.8463855421686747,0.7507530120481928,0.0956325301204819,0.6851340911599162,0.6295826231263821,0.05555146803353406,0.547486033519553,0.32142857142857145,0.2260574620909816,0.4434389140271493,0.4479638009049774,-0.004524886877828094,0.49,0.3742911153119093,0.11570888468809071,0.7699256479744285,0.669744570748875,0.10018107722555358,0.4641844234644762,0.3378065623959591,0.12637786106851712
Logistic Regression,all_predictors,1.0,12,9032189956681874873,0.8072289156626506,0.6942771084337349,0.11295180722891573,0.7105380405236933,0.6427873630169183,0.06775067750677499,0.43859649122807015,0.28735632183908044,0.1512401693889897,0.5656108597285068,0.5656108597285068,0.0,0.49407114624505927,0.38109756097560976,0.1129735852694495,0.7868561641875846,0.6883019207265979,0.09855424346098673,0.5115454699383656,0.3667810231468349,0.14476444679153067
Random Forest,all_predictors,1.0,12,9032189956681874873,0.8463855421686747,0.7620481927710844,0.0843373493975903,0.6851340911599162,0.6454115521547372,0.03972253900517897,0.547486033519553,0.3432343234323432,0.20425171008720983,0.4434389140271493,0.47058823529411764,-0.02714932126696834,0.49,0.3969465648854962,0.09305343511450381,0.7699256479744285,0.6711343282361933,0.09879131973823518,0.4641844234644762,0.32982959797309136,0.13435482549138483
Logistic Regression,all_predictors,1.0,13,1159208439059800820,0.8072289156626506,0.6920180722891566,0.11521084337349408,0.7105380405236933,0.6504862107444604,0.060051829779232846,0.43859649122807015,0.29017857142857145,0.1484179197994987,0.5656108597285068,0.5882352941176471,-0.022624434389140302,0.49407114624505927,0.38863976083707025,0.10543138540798902,0.7868561641875846,0.7157986813653959,0.07105748282218871,0.5115454699383656,0.37357775273977994,0.13796771719858564
Random Forest,all_predictors,1.0,13,1159208439059800820,0.8463855421686747,0.75,0.09638554216867468,0.6851340911599162,0.6399955854762167,0.04513850568369948,0.547486033519553,0.32710280373831774,0.2203832297812353,0.4434389140271493,0.4751131221719457,-0.03167420814479638,0.49,0.3874538745387454,0.10254612546125458,0.7699256479744285,0.6889395741619558,0.08098607381247269,0.4641844234644762,0.3551731136580215,0.10901130980645468
Logistic Regression,all_predictors,1.0,14,16572369202056118413,0.8072289156626506,0.7033132530120482,0.10391566265060248,0.7105380405236933,0.6590720507506734,0.05146598977301986,0.43859649122807015,0.30114942528735633,0.13744706594071382,0.5656108597285068,0.5927601809954751,-0.02714932126696834,0.49407114624505927,0.39939024390243905,0.09468090234262022,0.7868561641875846,0.7331215996926183,0.053734564494966386,0.5115454699383656,0.40869259016241877,0.10285287977594681
Random Forest,all_predictors,1.0,14,16572369202056118413,0.8463855421686747,0.7733433734939759,0.07304216867469882,0.6851340911599162,0.6539973921609503,0.031136698998965873,0.547486033519553,0.3620689655172414,0.18541706800231167,0.4434389140271493,0.4751131221719457,-0.03167420814479638,0.49,0.410958904109589,0.07904109589041097,0.7699256479744285,0.7192321998634768,0.05069344811095178,0.4641844234644762,0.3806935534301343,0.08349087003434191
Logistic Regression,all_predictors,1.0,15,8329965194173846226,0.8072289156626506,0.6935240963855421,0.11370481927710852,0.7105380405236933,0.6568218698778239,0.05371617064586942,0.43859649122807015,0.2942477876106195,0.14434870361745067,0.5656108597285068,0.6018099547511312,-0.03619909502262442,0.49407114624505927,0.3952451708766716,0.09882597536838766,0.7868561641875846,0.687647917203154,0.09920824698443065,0.5115454699383656,0.3524197914045995,0.15912567853376608
Random Forest,all_predictors,1.0,15,8329965194173846226,0.8463855421686747,0.7552710843373494,0.09111445783132532,0.6851340911599162,0.6322926502266532,0.05284144093326304,0.547486033519553,0.32781456953642385,0.2196714639831292,0.4434389140271493,0.4479638009049774,-0.004524886877828094,0.49,0.37858508604206503,0.11141491395793496,0.7699256479744285,0.6832129558097993,0.08671269216462918,0.4641844234644762,0.32638961000331373,0.13779481346116246
Logistic Regression,all_predictors,1.0,16,2233253548610622086,0.8072289156626506,0.7259036144578314,0.08132530120481929,0.7105380405236933,0.6726221862520284,0.037915854271664884,0.43859649122807015,0.3234567901234568,0.11513970110461336,0.5656108597285068,0.5927601809954751,-0.02714932126696834,0.49407114624505927,0.4185303514376997,0.07554079480735959,0.7868561641875846,0.7265447767599847,0.060311387427599894,0.5115454699383656,0.4171378946079465,0.0944075753304191
Random Forest,all_predictors,1.0,16,2233253548610622086,0.8463855421686747,0.7710843373493976,0.07530120481927705,0.6851340911599162,0.6580746953774214,0.027059395782494833,0.547486033519553,0.3612040133779264,0.18628202014162665,0.4434389140271493,0.48868778280542985,-0.04524886877828055,0.49,0.4153846153846154,0.07461538461538458,0.7699256479744285,0.711813347394409,0.05811230058001948,0.4641844234644762,0.3934438368267211,0.07074058663775507
Logistic Regression,all_predictors,1.0,17,494507768318093685,0.8072289156626506,0.7115963855421686,0.095632530120482,0.7105380405236933,0.660418889256766,0.05011915126692734,0.43859649122807015,0.30714285714285716,0.131453634085213,0.5656108597285068,0.583710407239819,-0.018099547511312264,0.49407114624505927,0.40249609984399376,0.09157504640106551,0.7868561641875846,0.7115108707648162,0.07534529342276841,0.5115454699383656,0.40111739807414887,0.11042807186421671
Random Forest,all_predictors,1.0,17,494507768318093685,0.8463855421686747,0.7718373493975904,0.07454819277108427,0.6851340911599162,0.6567155943052643,0.02841849685465192,0.547486033519553,0.3614864864864865,0.18599954703306654,0.4434389140271493,0.4841628959276018,-0.04072398190045251,0.49,0.41392649903288203,0.07607350096711796,0.7699256479744285,0.7020400822409429,0.06788556573348559,0.4641844234644762,0.3883087081510289,0.07587571531344728
Logistic Regression,all_predictors,1.0,18,7773974378852932607,0.8072289156626506,0.7146084337349398,0.09262048192771088,0.7105380405236933,0.6911979300788482,0.01934011044484507,0.43859649122807015,0.3236607142857143,0.11493577694235585,0.5656108597285068,0.6561085972850679,-0.0904977375565611,0.49407114624505927,0.4334828101644245,0.06058833608063474,0.7868561641875846,0.7263608382690161,0.06049532591856854,0.5115454699383656,0.40777336702857436,0.10377210290979122
Random Forest,all_predictors,1.0,18,7773974378852932607,0.8463855421686747,0.7673192771084337,0.07906626506024095,0.6851340911599162,0.6449517059273158,0.040182385232600426,0.547486033519553,0.3493150684931507,0.19817096502640236,0.4434389140271493,0.46153846153846156,-0.018099547511312264,0.49,0.39766081871345027,0.09233918128654972,0.7699256479744285,0.7035402028228427,0.06638544515158584,0.4641844234644762,0.3703190554075582,0.09386536805691797
Logistic Regression,all_predictors,1.0,19,7519554101949873090,0.8072289156626506,0.7093373493975904,0.09789156626506024,0.7105380405236933,0.6735500537509146,0.0369879867727787,0.43859649122807015,0.3120728929384966,0.12652359828957355,0.5656108597285068,0.6199095022624435,-0.05429864253393668,0.49407114624505927,0.41515151515151516,0.07891963109354411,0.7868561641875846,0.7196573021537154,0.06719886203386927,0.5115454699383656,0.3733304189961182,0.1382150509422474
Random Forest,all_predictors,1.0,19,7519554101949873090,0.8463855421686747,0.7650602409638554,0.08132530120481929,0.6851340911599162,0.6562720981659289,0.028861992993987284,0.547486033519553,0.35275080906148865,0.1947352244580644,0.4434389140271493,0.49321266968325794,-0.04977375565610864,0.49,0.41132075471698115,0.07867924528301884,0.7699256479744285,0.7113637199720414,0.05856192800238713,0.4641844234644762,0.33770557031109383,0.12647885315338236
Logistic Regression,all_predictors,1.0,20,9459251138328390591,0.8072289156626506,0.7055722891566265,0.10165662650602414,0.7105380405236933,0.6694809255784866,0.041057114945206696,0.43859649122807015,0.3076923076923077,0.13090418353576244,0.5656108597285068,0.6153846153846154,-0.04977375565610864,0.49407114624505927,0.41025641025641024,0.08381473598864903,0.7868561641875846,0.7217787260828867,0.0650774381046979,0.5115454699383656,0.38745229113004104,0.12409317880832454
Random Forest,all_predictors,1.0,20,9459251138328390591,0.8463855421686747,0.7703313253012049,0.07605421686746983,0.6851340911599162,0.6702984299827915,0.014835661177124648,0.547486033519553,0.3662420382165605,0.18124399530299257,0.4434389140271493,0.5203619909502263,-0.07692307692307698,0.49,0.42990654205607476,0.06009345794392523,0.7699256479744285,0.715892694371891,0.05403295360253757,0.4641844234644762,0.3730503844484272,0.091134039016049
Logistic Regression,all_predictors,1.0,21,16480275303475652652,0.8072289156626506,0.7018072289156626,0.10542168674698804,0.7105380405236933,0.6672225696615941,0.04331547086209919,0.43859649122807015,0.3042505592841163,0.13434593194395383,0.5656108597285068,0.6153846153846154,-0.04977375565610864,0.49407114624505927,0.40718562874251496,0.08688551750254431,0.7868561641875846,0.7228128691543325,0.06404329503325212,0.5115454699383656,0.4154257551259032,0.0961197148124624
Random Forest,all_predictors,1.0,21,16480275303475652652,0.8463855421686747,0.7612951807228916,0.08509036144578308,0.6851340911599162,0.6648783757822496,0.020255715377666572,0.547486033519553,0.35276073619631904,0.19472529732323401,0.4434389140271493,0.5203619909502263,-0.07692307692307698,0.49,0.42047531992687387,0.06952468007312612,0.7699256479744285,0.7036546534394454,0.06627099453498309,0.4641844234644762,0.41069992082512746,0.05348450263934873
Logistic Regression,all_predictors,1.0,22,2047225045362595626,0.8072289156626506,0.6890060240963856,0.11822289156626509,0.7105380405236933,0.6468687537554109,0.06366928676828243,0.43859649122807015,0.2866666666666667,0.15192982456140347,0.5656108597285068,0.583710407239819,-0.018099547511312264,0.49407114624505927,0.38450074515648286,0.10957040108857641,0.7868561641875846,0.6955777099249123,0.09127845426267234,0.5115454699383656,0.337507793517937,0.17403767642042856
Random Forest,all_predictors,1.0,22,2047225045362595626,0.8463855421686747,0.7560240963855421,0.09036144578313254,0.6851340911599162,0.6273120046434251,0.05782208651649112,0.547486033519553,0.3254237288135593,0.22206230470599375,0.4434389140271493,0.4343891402714932,0.009049773755656076,0.49,0.37209302325581395,0.11790697674418604,0.7699256479744285,0.6968039665313697,0.07312168144305886,0.4641844234644762,0.33983242452296025,0.12435199894151594
Logistic Regression,all_predictors,1.0,23,16520841064699774037,0.8072289156626506,0.7161144578313253,0.09111445783132532,0.7105380405236933,0.6794258666568567,0.031112173866836623,0.43859649122807015,0.3194444444444444,0.11915204678362573,0.5656108597285068,0.6244343891402715,-0.05882352941176472,0.49407114624505927,0.4226646248085758,0.07140652143648346,0.7868561641875846,0.739363245819487,0.04749291836809766,0.5115454699383656,0.41829840385880884,0.09324706607955674
Random Forest,all_predictors,1.0,23,16520841064699774037,0.8463855421686747,0.7808734939759037,0.06551204819277101,0.6851340911599162,0.6766218265500905,0.008512264609825682,0.547486033519553,0.38333333333333336,0.1641527001862197,0.4434389140271493,0.5203619909502263,-0.07692307692307698,0.49,0.44145873320537427,0.048541266794625726,0.7699256479744285,0.7148258511242729,0.05509979685015565,0.4641844234644762,0.3756604242223062,0.08852399924216997
Logistic Regression,all_predictors,1.0,24,14524872184093568715,0.8072289156626506,0.6965361445783133,0.1106927710843374,0.7105380405236933,0.6332777430338405,0.07726029748985275,0.43859649122807015,0.2833333333333333,0.15526315789473683,0.5656108597285068,0.5384615384615384,0.02714932126696834,0.49407114624505927,0.3712948517940718,0.12277629445098748,0.7868561641875846,0.7071985350321075,0.07965762915547714,0.5115454699383656,0.4089991801181607,0.10254628982020486
Random Forest,all_predictors,1.0,24,14524872184093568715,0.8463855421686747,0.7748493975903614,0.07153614457831325,0.6851340911599162,0.6512791900166361,0.03385490114328005,0.547486033519553,0.3626760563380282,0.18480997718152486,0.4434389140271493,0.4660633484162896,-0.022624434389140302,0.49,0.4079207920792079,0.0820792079207921,0.7699256479744285,0.702685910720344,0.0672397372540845,0.4641844234644762,0.40213231752071765,0.06205210594375854
Logistic Regression,all_predictors,1.0,25,17938819357072999236,0.8072289156626506,0.7100903614457831,0.09713855421686757,0.7105380405236933,0.6685694081676865,0.041968632356006785,0.43859649122807015,0.3101851851851852,0.12841130604288498,0.5656108597285068,0.6063348416289592,-0.040723981900452455,0.49407114624505927,0.4104134762633997,0.08365766998165958,0.7868561641875846,0.7069042334465577,0.07995193074102691,0.5115454699383656,0.38939524091761835,0.12215022902074724
Random Forest,all_predictors,1.0,25,17938819357072999236,0.8463855421686747,0.7522590361445783,0.09412650602409633,0.6851340911599162,0.6304859654931391,0.054648125666777125,0.547486033519553,0.3235294117647059,0.22395662175484715,0.4434389140271493,0.4479638009049774,-0.004524886877828094,0.49,0.3757115749525617,0.1142884250474383,0.7699256479744285,0.7012798031449394,0.0686458448294891,0.4641844234644762,0.35498117896062337,0.10920324450385283
Logistic Regression,all_predictors,1.0,26,12484344041422984611,0.8072289156626506,0.7078313253012049,0.0993975903614458,0.7105380405236933,0.6563497610843378,0.05418827943935545,0.43859649122807015,0.30260047281323876,0.1359960184148314,0.5656108597285068,0.579185520361991,-0.013574660633484226,0.49407114624505927,0.39751552795031053,0.09655561829474874,0.7868561641875846,0.7008833135088515,0.08597285067873317,0.5115454699383656,0.3900016435987251,0.1215438263396405
Random Forest,all_predictors,1.0,26,12484344041422984611,0.8463855421686747,0.7673192771084337,0.07906626506024095,0.6851340911599162,0.6521947949494578,0.032939296210458435,0.547486033519553,0.35333333333333333,0.19415270018621972,0.4434389140271493,0.4796380090497738,-0.03619909502262447,0.49,0.4069097888675624,0.08309021113243759,0.7699256479744285,0.6855591934501547,0.08436645452427383,0.4641844234644762,0.366415247240311,0.0977691762241652
Logistic Regression,all_predictors,1.0,27,3343616523408037487,0.8072289156626506,0.6875,0.11972891566265065,0.7105380405236933,0.6532085004107959,0.05732954011289737,0.43859649122807015,0.2891304347826087,0.14946605644546146,0.5656108597285068,0.6018099547511312,-0.03619909502262442,0.49407114624505927,0.39060205580029367,0.1034690904447656,0.7868561641875846,0.7016803803030489,0.08517578388453573,0.5115454699383656,0.37759691997413697,0.1339485499642286
Random Forest,all_predictors,1.0,27,3343616523408037487,0.8463855421686747,0.7575301204819277,0.08885542168674698,0.6851340911599162,0.6372692082878596,0.04786488287205659,0.547486033519553,0.3333333333333333,0.21415270018621974,0.4434389140271493,0.45701357466063347,-0.01357466063348417,0.49,0.38549618320610685,0.10450381679389315,0.7699256479744285,0.6914207000290215,0.07850494794540708,0.4641844234644762,0.3605752674488014,0.10360915601567477
Logistic Regression,all_predictors,1.0,28,6733809854701949546,0.8072289156626506,0.7183734939759037,0.08885542168674698,0.7105380405236933,0.6934562859957408,0.017081754527952464,0.43859649122807015,0.327313769751693,0.11128272147637713,0.5656108597285068,0.6561085972850679,-0.0904977375565611,0.49407114624505927,0.4367469879518072,0.05732415829325205,0.7868561641875846,0.7300927458746683,0.056763418312916314,0.5115454699383656,0.43051967021044657,0.08102579972791901
Random Forest,all_predictors,1.0,28,6733809854701949546,0.8463855421686747,0.7703313253012049,0.07605421686746983,0.6851340911599162,0.6558122519385073,0.029321839221408852,0.547486033519553,0.35906040268456374,0.1884256308349893,0.4434389140271493,0.4841628959276018,-0.04072398190045251,0.49,0.4123314065510597,0.07766859344894028,0.7699256479744285,0.7156351804845349,0.054290467489893635,0.4641844234644762,0.38078781070881995,0.08339661275565624
Logistic Regression,all_predictors,1.0,29,138381273770180796,0.8072289156626506,0.677710843373494,0.12951807228915668,0.7105380405236933,0.6419044582602689,0.06863358226342442,0.43859649122807015,0.278372591006424,0.16022390022164618,0.5656108597285068,0.5882352941176471,-0.022624434389140302,0.49407114624505927,0.37790697674418605,0.11616416950087322,0.7868561641875846,0.7047051465989772,0.08215101758860743,0.5115454699383656,0.38697724827656516,0.12456822166180043
Random Forest,all_predictors,1.0,29,138381273770180796,0.8463855421686747,0.7432228915662651,0.10316265060240959,0.6851340911599162,0.6304982280592037,0.054635863100712445,0.547486033519553,0.3148148148148148,0.23267121870473823,0.4434389140271493,0.46153846153846156,-0.018099547511312264,0.49,0.3743119266055046,0.11568807339449538,0.7699256479744285,0.6866219491757511,0.08330369879867738,0.4641844234644762,0.37793432584764947,0.08625009761682673
